miRNA,disease,source,destination,score
hsa-mir-18b,Adenocarcinoma of Lung,hsa-mir-18b,Head and neck cancer,0.0599837079644203
hsa-mir-18b,Alzheimer Disease,hsa-mir-18b,Head and neck cancer,0.0599837079644203
hsa-mir-18b,Amyotrophic Lateral Sclerosis,hsa-mir-18b,Head and neck cancer,0.0599837079644203
hsa-mir-18b,Breast Neoplasms,hsa-mir-18b,Head and neck cancer,0.0599837079644203
hsa-mir-18b,Colorectal Neoplasms,hsa-mir-18b,Head and neck cancer,0.0599837079644203
hsa-mir-18b,Diabetic Nephropathies,hsa-mir-18b,Head and neck cancer,0.0599837079644203
hsa-mir-18b,Diabetic Retinopathy,hsa-mir-18b,Head and neck cancer,0.0599837079644203
hsa-mir-18b,Esophageal Squamous Cell Carcinoma,hsa-mir-18b,Head and neck cancer,0.0599837079644203
hsa-mir-18b,Gallbladder Neoplasms,hsa-mir-18b,Head and neck cancer,0.0599837079644203
hsa-mir-18b,Heart Failure,hsa-mir-18b,Head and neck cancer,0.0599837079644203
hsa-mir-18b,Liver Neoplasms,hsa-mir-18b,Head and neck cancer,0.0599837079644203
hsa-mir-18b,Melanoma,hsa-mir-18b,Head and neck cancer,0.0599837079644203
hsa-mir-18b,Mental Disorders,hsa-mir-18b,Head and neck cancer,0.0599837079644203
hsa-mir-18b,Nonsyndromic sensorineural hearing loss,hsa-mir-18b,Head and neck cancer,0.0599837079644203
hsa-mir-18b,Norrie disease,hsa-mir-18b,Head and neck cancer,0.0599837079644203
hsa-mir-18b,Obesity,hsa-mir-18b,Head and neck cancer,0.0599837079644203
hsa-mir-18b,Osteosarcoma,hsa-mir-18b,Head and neck cancer,0.0599837079644203
hsa-mir-18b,Ovarian Neoplasms,hsa-mir-18b,Head and neck cancer,0.0599837079644203
hsa-mir-18b,Polycystic Ovary Syndrome,hsa-mir-18b,Head and neck cancer,0.0599837079644203
hsa-mir-18b,Pre-Eclampsia,hsa-mir-18b,Head and neck cancer,0.0599837079644203
hsa-mir-18b,Primary Ovarian Insufficiency,hsa-mir-18b,Head and neck cancer,0.0599837079644203
hsa-mir-18b,Pulpitis,hsa-mir-18b,Head and neck cancer,0.0599837079644203
hsa-mir-18b,Retinoblastoma,hsa-mir-18b,Head and neck cancer,0.0599837079644203
hsa-mir-18b,Shock and Hemorrhagic,hsa-mir-18b,Head and neck cancer,0.0599837079644203
hsa-mir-18b,Squamous Cell Carcinoma of Head and Neck,hsa-mir-18b,Head and neck cancer,0.0599837079644203
hsa-mir-18b,Triple Negative Breast Neoplasms,hsa-mir-18b,Head and neck cancer,0.0599837079644203
hsa-mir-202,Adenocarcinoma of Lung,hsa-mir-202,gastric cancer (stomach cancer),0.0848965570330619
hsa-mir-202,Alzheimer Disease,hsa-mir-202,gastric cancer (stomach cancer),0.0848965570330619
hsa-mir-202,Anovulation,hsa-mir-202,gastric cancer (stomach cancer),0.0848965570330619
hsa-mir-202,Arrest of spermatogenesis,hsa-mir-202,gastric cancer (stomach cancer),0.0848965570330619
hsa-mir-202,Aspermia,hsa-mir-202,gastric cancer (stomach cancer),0.0848965570330619
hsa-mir-202,Atherosclerosis,hsa-mir-202,gastric cancer (stomach cancer),0.0848965570330619
hsa-mir-202,Azoospermia and Nonobstructive,hsa-mir-202,gastric cancer (stomach cancer),0.0848965570330619
hsa-mir-202,Breast Neoplasms,hsa-mir-202,gastric cancer (stomach cancer),0.0848965570330619
hsa-mir-202,Carcinoma and Embryonal,hsa-mir-202,gastric cancer (stomach cancer),0.0848965570330619
hsa-mir-202,Carcinoma and Endometrioid,hsa-mir-202,gastric cancer (stomach cancer),0.0848965570330619
hsa-mir-202,Carcinoma and Hepatocellular,hsa-mir-202,gastric cancer (stomach cancer),0.0848965570330619
hsa-mir-202,Carcinoma and Non-Small-Cell Lung,hsa-mir-202,gastric cancer (stomach cancer),0.0848965570330619
hsa-mir-202,Colorectal Neoplasms,hsa-mir-202,gastric cancer (stomach cancer),0.0848965570330619
hsa-mir-202,Coronary Disease,hsa-mir-202,gastric cancer (stomach cancer),0.0848965570330619
hsa-mir-202,Diabetic Retinopathy,hsa-mir-202,gastric cancer (stomach cancer),0.0848965570330619
hsa-mir-202,Encephalitis and Tick-Borne,hsa-mir-202,gastric cancer (stomach cancer),0.0848965570330619
hsa-mir-202,Endometrial Neoplasms,hsa-mir-202,gastric cancer (stomach cancer),0.0848965570330619
hsa-mir-202,Endometriosis,hsa-mir-202,gastric cancer (stomach cancer),0.0848965570330619
hsa-mir-202,Essential Hypertension,hsa-mir-202,gastric cancer (stomach cancer),0.0848965570330619
hsa-mir-202,Glioma,hsa-mir-202,gastric cancer (stomach cancer),0.0848965570330619
hsa-mir-202,Hoyeraal Hreidarsson syndrome,hsa-mir-202,gastric cancer (stomach cancer),0.0848965570330619
hsa-mir-202,Immunoglobulin G4-Related Disease,hsa-mir-202,gastric cancer (stomach cancer),0.0848965570330619
hsa-mir-202,Intervertebral Disc Degeneration,hsa-mir-202,gastric cancer (stomach cancer),0.0848965570330619
hsa-mir-202,Ischemic Stroke,hsa-mir-202,gastric cancer (stomach cancer),0.0848965570330619
hsa-mir-202,Leukemia and Myelogenous and Chronic and BCR-ABL Positive,hsa-mir-202,gastric cancer (stomach cancer),0.0848965570330619
hsa-mir-202,Li-Fraumeni Syndrome,hsa-mir-202,gastric cancer (stomach cancer),0.0848965570330619
hsa-mir-202,Liver Cirrhosis,hsa-mir-202,gastric cancer (stomach cancer),0.0848965570330619
hsa-mir-202,Migraine Disorders,hsa-mir-202,gastric cancer (stomach cancer),0.0848965570330619
hsa-mir-202,Moebius syndrome 1,hsa-mir-202,gastric cancer (stomach cancer),0.0848965570330619
hsa-mir-202,Mouth Neoplasms,hsa-mir-202,gastric cancer (stomach cancer),0.0848965570330619
hsa-mir-202,Myocardial Ischemia,hsa-mir-202,gastric cancer (stomach cancer),0.0848965570330619
hsa-mir-202,Myocardial Reperfusion Injury,hsa-mir-202,gastric cancer (stomach cancer),0.0848965570330619
hsa-mir-202,Nerve Degeneration,hsa-mir-202,gastric cancer (stomach cancer),0.0848965570330619
hsa-mir-202,Neuralgia,hsa-mir-202,gastric cancer (stomach cancer),0.0848965570330619
hsa-mir-202,Neurologic Manifestations,hsa-mir-202,gastric cancer (stomach cancer),0.0848965570330619
hsa-mir-202,Osteoarthritis,hsa-mir-202,gastric cancer (stomach cancer),0.0848965570330619
hsa-mir-202,Osteosarcoma,hsa-mir-202,gastric cancer (stomach cancer),0.0848965570330619
hsa-mir-202,Ovarian Neoplasms,hsa-mir-202,gastric cancer (stomach cancer),0.0848965570330619
hsa-mir-202,Pancreatic Carcinoma,hsa-mir-202,gastric cancer (stomach cancer),0.0848965570330619
hsa-mir-202,Pathologic Processes,hsa-mir-202,gastric cancer (stomach cancer),0.0848965570330619
hsa-mir-202,Pre-Eclampsia,hsa-mir-202,gastric cancer (stomach cancer),0.0848965570330619
hsa-mir-202,Prostatic Neoplasms,hsa-mir-202,gastric cancer (stomach cancer),0.0848965570330619
hsa-mir-202,Reperfusion Injury and Cerebral Ischemia,hsa-mir-202,gastric cancer (stomach cancer),0.0848965570330619
hsa-mir-202,Rhinitis and Allergic,hsa-mir-202,gastric cancer (stomach cancer),0.0848965570330619
hsa-mir-202,Roberts Syndrome,hsa-mir-202,gastric cancer (stomach cancer),0.0848965570330619
hsa-mir-202,Sjogren's Syndrome,hsa-mir-202,gastric cancer (stomach cancer),0.0848965570330619
hsa-mir-202,Thyroid Cancer and Papillary,hsa-mir-202,gastric cancer (stomach cancer),0.0848965570330619
hsa-mir-202,Thyroid Neoplasms,hsa-mir-202,gastric cancer (stomach cancer),0.0848965570330619
hsa-mir-202,Triple Negative Breast Neoplasms,hsa-mir-202,gastric cancer (stomach cancer),0.0848965570330619
hsa-mir-202,Urinary Bladder Neoplasms,hsa-mir-202,gastric cancer (stomach cancer),0.0848965570330619
hsa-mir-202,Uterine Cervical Neoplasms,hsa-mir-202,gastric cancer (stomach cancer),0.0848965570330619
hsa-mir-202,Varicose Veins,hsa-mir-202,gastric cancer (stomach cancer),0.0848965570330619
hsa-mir-202,congenital myopathy 1A,hsa-mir-202,gastric cancer (stomach cancer),0.0848965570330619
hsa-mir-202,psoriasis 1,hsa-mir-202,gastric cancer (stomach cancer),0.0848965570330619
hsa-mir-2114,Breast Neoplasms,hsa-mir-2114,skin cancer,0.1166221424937248
hsa-mir-2114,Breast Neoplasms,hsa-mir-2114,recurrent ovarian cancer,0.0906902328133583
hsa-mir-2114,Carcinoma and Squamous Cell,hsa-mir-2114,skin cancer,0.1166221424937248
hsa-mir-2114,Carcinoma and Squamous Cell,hsa-mir-2114,recurrent ovarian cancer,0.0906902328133583
hsa-mir-2114,Granuloma,hsa-mir-2114,skin cancer,0.1166221424937248
hsa-mir-2114,Granuloma,hsa-mir-2114,recurrent ovarian cancer,0.0906902328133583
hsa-mir-2114,Nasopharyngeal Carcinoma,hsa-mir-2114,skin cancer,0.1166221424937248
hsa-mir-2114,Nasopharyngeal Carcinoma,hsa-mir-2114,recurrent ovarian cancer,0.0906902328133583
hsa-mir-2114,Ovarian Neoplasms,hsa-mir-2114,skin cancer,0.1166221424937248
hsa-mir-2114,Ovarian Neoplasms,hsa-mir-2114,recurrent ovarian cancer,0.0906902328133583
hsa-mir-2114,Pfeiffer type acrocephalosyndactyly,hsa-mir-2114,skin cancer,0.1166221424937248
hsa-mir-2114,Pfeiffer type acrocephalosyndactyly,hsa-mir-2114,recurrent ovarian cancer,0.0906902328133583
hsa-mir-215,Acidosis,hsa-mir-215,recurrent ovarian cancer,0.0730331018567085
hsa-mir-215,Acquired Immunodeficiency Syndrome,hsa-mir-215,recurrent ovarian cancer,0.0730331018567085
hsa-mir-215,Acromegaly,hsa-mir-215,recurrent ovarian cancer,0.0730331018567085
hsa-mir-215,Adenocarcinoma,hsa-mir-215,recurrent ovarian cancer,0.0730331018567085
hsa-mir-215,Adenocarcinoma of Lung,hsa-mir-215,recurrent ovarian cancer,0.0730331018567085
hsa-mir-215,Asthma,hsa-mir-215,recurrent ovarian cancer,0.0730331018567085
hsa-mir-215,Atherosclerosis,hsa-mir-215,recurrent ovarian cancer,0.0730331018567085
hsa-mir-215,Breast Neoplasms,hsa-mir-215,recurrent ovarian cancer,0.0730331018567085
hsa-mir-215,COVID-19,hsa-mir-215,recurrent ovarian cancer,0.0730331018567085
hsa-mir-215,Cancer Pain,hsa-mir-215,recurrent ovarian cancer,0.0730331018567085
hsa-mir-215,Carcinoma and Hepatocellular,hsa-mir-215,recurrent ovarian cancer,0.0730331018567085
hsa-mir-215,Cardiomyopathies,hsa-mir-215,recurrent ovarian cancer,0.0730331018567085
hsa-mir-215,Celiac Disease,hsa-mir-215,recurrent ovarian cancer,0.0730331018567085
hsa-mir-215,Colitis,hsa-mir-215,recurrent ovarian cancer,0.0730331018567085
hsa-mir-215,Colonic Neoplasms,hsa-mir-215,recurrent ovarian cancer,0.0730331018567085
hsa-mir-215,Colorectal Neoplasms,hsa-mir-215,recurrent ovarian cancer,0.0730331018567085
hsa-mir-215,Community-Acquired Pneumonia,hsa-mir-215,recurrent ovarian cancer,0.0730331018567085
hsa-mir-215,Crohn Disease,hsa-mir-215,recurrent ovarian cancer,0.0730331018567085
hsa-mir-215,Diabetic Nephropathies,hsa-mir-215,recurrent ovarian cancer,0.0730331018567085
hsa-mir-215,Essential Hypertension,hsa-mir-215,recurrent ovarian cancer,0.0730331018567085
hsa-mir-215,Glioblastoma,hsa-mir-215,recurrent ovarian cancer,0.0730331018567085
hsa-mir-215,Heart Failure,hsa-mir-215,recurrent ovarian cancer,0.0730331018567085
hsa-mir-215,Hepatitis B,hsa-mir-215,recurrent ovarian cancer,0.0730331018567085
hsa-mir-215,Hepatitis B and Chronic,hsa-mir-215,recurrent ovarian cancer,0.0730331018567085
hsa-mir-215,Hepatitis C,hsa-mir-215,recurrent ovarian cancer,0.0730331018567085
hsa-mir-215,Hyperglycemia,hsa-mir-215,recurrent ovarian cancer,0.0730331018567085
hsa-mir-215,Inflammation,hsa-mir-215,recurrent ovarian cancer,0.0730331018567085
hsa-mir-215,Inflammatory Bowel Disease 11,hsa-mir-215,recurrent ovarian cancer,0.0730331018567085
hsa-mir-215,Leukemia and Myeloid and Acute,hsa-mir-215,recurrent ovarian cancer,0.0730331018567085
hsa-mir-215,Liver Cirrhosis,hsa-mir-215,recurrent ovarian cancer,0.0730331018567085
hsa-mir-215,Liver Neoplasms,hsa-mir-215,recurrent ovarian cancer,0.0730331018567085
hsa-mir-215,Lymphoma and Large B-Cell and Diffuse,hsa-mir-215,recurrent ovarian cancer,0.0730331018567085
hsa-mir-215,Melanoma,hsa-mir-215,recurrent ovarian cancer,0.0730331018567085
hsa-mir-215,Mesothelioma,hsa-mir-215,recurrent ovarian cancer,0.0730331018567085
hsa-mir-215,Multiple Myeloma,hsa-mir-215,recurrent ovarian cancer,0.0730331018567085
hsa-mir-215,Muscular Diseases,hsa-mir-215,recurrent ovarian cancer,0.0730331018567085
hsa-mir-215,Mycoses,hsa-mir-215,recurrent ovarian cancer,0.0730331018567085
hsa-mir-215,Myocarditis,hsa-mir-215,recurrent ovarian cancer,0.0730331018567085
hsa-mir-215,Nasopharyngeal Carcinoma,hsa-mir-215,recurrent ovarian cancer,0.0730331018567085
hsa-mir-215,Neurotoxicity Syndromes,hsa-mir-215,recurrent ovarian cancer,0.0730331018567085
hsa-mir-215,Obesity,hsa-mir-215,recurrent ovarian cancer,0.0730331018567085
hsa-mir-215,Osteoporosis,hsa-mir-215,recurrent ovarian cancer,0.0730331018567085
hsa-mir-215,Pancreatic Carcinoma,hsa-mir-215,recurrent ovarian cancer,0.0730331018567085
hsa-mir-215,Pancreatic Neoplasms,hsa-mir-215,recurrent ovarian cancer,0.0730331018567085
hsa-mir-215,Pancreatitis,hsa-mir-215,recurrent ovarian cancer,0.0730331018567085
hsa-mir-215,Pediatric Obesity,hsa-mir-215,recurrent ovarian cancer,0.0730331018567085
hsa-mir-215,Pre-Eclampsia,hsa-mir-215,recurrent ovarian cancer,0.0730331018567085
hsa-mir-215,Pregnancy and Ectopic,hsa-mir-215,recurrent ovarian cancer,0.0730331018567085
hsa-mir-215,Prostatic Neoplasms,hsa-mir-215,recurrent ovarian cancer,0.0730331018567085
hsa-mir-215,Pulmonary Fibrosis,hsa-mir-215,recurrent ovarian cancer,0.0730331018567085
hsa-mir-215,Retinoblastoma,hsa-mir-215,recurrent ovarian cancer,0.0730331018567085
hsa-mir-215,Sepsis,hsa-mir-215,recurrent ovarian cancer,0.0730331018567085
hsa-mir-215,Squamous Cell Carcinoma of Head and Neck,hsa-mir-215,recurrent ovarian cancer,0.0730331018567085
hsa-mir-215,Stomach Neoplasms,hsa-mir-215,recurrent ovarian cancer,0.0730331018567085
hsa-mir-215,Thyroid Cancer and Papillary,hsa-mir-215,recurrent ovarian cancer,0.0730331018567085
hsa-mir-215,Tuberculosis,hsa-mir-215,recurrent ovarian cancer,0.0730331018567085
hsa-mir-215,Uterine Cervical Neoplasms,hsa-mir-215,recurrent ovarian cancer,0.0730331018567085
hsa-mir-215,Wilms Tumor,hsa-mir-215,recurrent ovarian cancer,0.0730331018567085
hsa-mir-219,Alzheimer Disease,hsa-mir-219,pancreatic cancer,0.0287506822496652
hsa-mir-219,Alzheimer Disease,hsa-mir-219,kidney cancer,-0.1345660090446472
hsa-mir-219,Borderline Personality Disorder,hsa-mir-219,pancreatic cancer,0.0287506822496652
hsa-mir-219,Borderline Personality Disorder,hsa-mir-219,kidney cancer,-0.1345660090446472
hsa-mir-219,Breast Neoplasms,hsa-mir-219,pancreatic cancer,0.0287506822496652
hsa-mir-219,Breast Neoplasms,hsa-mir-219,kidney cancer,-0.1345660090446472
hsa-mir-219,Bronchopulmonary Dysplasia,hsa-mir-219,pancreatic cancer,0.0287506822496652
hsa-mir-219,Bronchopulmonary Dysplasia,hsa-mir-219,kidney cancer,-0.1345660090446472
hsa-mir-219,Carcinoma and Hepatocellular,hsa-mir-219,pancreatic cancer,0.0287506822496652
hsa-mir-219,Carcinoma and Hepatocellular,hsa-mir-219,kidney cancer,-0.1345660090446472
hsa-mir-219,Carcinoma and Non-Small-Cell Lung,hsa-mir-219,pancreatic cancer,0.0287506822496652
hsa-mir-219,Carcinoma and Non-Small-Cell Lung,hsa-mir-219,kidney cancer,-0.1345660090446472
hsa-mir-219,Cognition Disorders,hsa-mir-219,pancreatic cancer,0.0287506822496652
hsa-mir-219,Cognition Disorders,hsa-mir-219,kidney cancer,-0.1345660090446472
hsa-mir-219,Cranial Nerve Injuries,hsa-mir-219,pancreatic cancer,0.0287506822496652
hsa-mir-219,Cranial Nerve Injuries,hsa-mir-219,kidney cancer,-0.1345660090446472
hsa-mir-219,Depressive Disorder and Major,hsa-mir-219,pancreatic cancer,0.0287506822496652
hsa-mir-219,Depressive Disorder and Major,hsa-mir-219,kidney cancer,-0.1345660090446472
hsa-mir-219,Diabetes Mellitus and Type 2,hsa-mir-219,pancreatic cancer,0.0287506822496652
hsa-mir-219,Diabetes Mellitus and Type 2,hsa-mir-219,kidney cancer,-0.1345660090446472
hsa-mir-219,Endometrial Neoplasms,hsa-mir-219,pancreatic cancer,0.0287506822496652
hsa-mir-219,Endometrial Neoplasms,hsa-mir-219,kidney cancer,-0.1345660090446472
hsa-mir-219,Esophageal Squamous Cell Carcinoma,hsa-mir-219,pancreatic cancer,0.0287506822496652
hsa-mir-219,Esophageal Squamous Cell Carcinoma,hsa-mir-219,kidney cancer,-0.1345660090446472
hsa-mir-219,Fragile X Syndrome,hsa-mir-219,pancreatic cancer,0.0287506822496652
hsa-mir-219,Fragile X Syndrome,hsa-mir-219,kidney cancer,-0.1345660090446472
hsa-mir-219,Glioblastoma,hsa-mir-219,pancreatic cancer,0.0287506822496652
hsa-mir-219,Glioblastoma,hsa-mir-219,kidney cancer,-0.1345660090446472
hsa-mir-219,Heart Defects and Congenital,hsa-mir-219,pancreatic cancer,0.0287506822496652
hsa-mir-219,Heart Defects and Congenital,hsa-mir-219,kidney cancer,-0.1345660090446472
hsa-mir-219,Inflammation,hsa-mir-219,pancreatic cancer,0.0287506822496652
hsa-mir-219,Inflammation,hsa-mir-219,kidney cancer,-0.1345660090446472
hsa-mir-219,Inflammatory Bowel Diseases,hsa-mir-219,pancreatic cancer,0.0287506822496652
hsa-mir-219,Inflammatory Bowel Diseases,hsa-mir-219,kidney cancer,-0.1345660090446472
hsa-mir-219,Insulin Resistance,hsa-mir-219,pancreatic cancer,0.0287506822496652
hsa-mir-219,Insulin Resistance,hsa-mir-219,kidney cancer,-0.1345660090446472
hsa-mir-219,Leukodystrophy and Globoid Cell,hsa-mir-219,pancreatic cancer,0.0287506822496652
hsa-mir-219,Leukodystrophy and Globoid Cell,hsa-mir-219,kidney cancer,-0.1345660090446472
hsa-mir-219,Liver Cirrhosis,hsa-mir-219,pancreatic cancer,0.0287506822496652
hsa-mir-219,Liver Cirrhosis,hsa-mir-219,kidney cancer,-0.1345660090446472
hsa-mir-219,Lung Neoplasms,hsa-mir-219,pancreatic cancer,0.0287506822496652
hsa-mir-219,Lung Neoplasms,hsa-mir-219,kidney cancer,-0.1345660090446472
hsa-mir-219,Meningioma,hsa-mir-219,pancreatic cancer,0.0287506822496652
hsa-mir-219,Meningioma,hsa-mir-219,kidney cancer,-0.1345660090446472
hsa-mir-219,Multiple Organ Failure,hsa-mir-219,pancreatic cancer,0.0287506822496652
hsa-mir-219,Multiple Organ Failure,hsa-mir-219,kidney cancer,-0.1345660090446472
hsa-mir-219,Multiple Sclerosis,hsa-mir-219,pancreatic cancer,0.0287506822496652
hsa-mir-219,Multiple Sclerosis,hsa-mir-219,kidney cancer,-0.1345660090446472
hsa-mir-219,Ovarian Neoplasms,hsa-mir-219,pancreatic cancer,0.0287506822496652
hsa-mir-219,Ovarian Neoplasms,hsa-mir-219,kidney cancer,-0.1345660090446472
hsa-mir-219,Prostatic Neoplasms,hsa-mir-219,pancreatic cancer,0.0287506822496652
hsa-mir-219,Prostatic Neoplasms,hsa-mir-219,kidney cancer,-0.1345660090446472
hsa-mir-219,Spinal Cord Compression,hsa-mir-219,pancreatic cancer,0.0287506822496652
hsa-mir-219,Spinal Cord Compression,hsa-mir-219,kidney cancer,-0.1345660090446472
hsa-mir-219,Spinal Cord Injuries,hsa-mir-219,pancreatic cancer,0.0287506822496652
hsa-mir-219,Spinal Cord Injuries,hsa-mir-219,kidney cancer,-0.1345660090446472
hsa-mir-219,Thyroid Cancer and Papillary,hsa-mir-219,pancreatic cancer,0.0287506822496652
hsa-mir-219,Thyroid Cancer and Papillary,hsa-mir-219,kidney cancer,-0.1345660090446472
hsa-mir-219,gastric adenocarcinoma,hsa-mir-219,pancreatic cancer,0.0287506822496652
hsa-mir-219,gastric adenocarcinoma,hsa-mir-219,kidney cancer,-0.1345660090446472
hsa-mir-242,Breast Neoplasms,hsa-mir-242,pancreatic cancer,0.0501127168536186
hsa-mir-26a,Acute Coronary Syndrome,hsa-mir-26a,pancreatic cancer,0.0501146763563156
hsa-mir-26a,Acute Kidney Injury,hsa-mir-26a,pancreatic cancer,0.0501146763563156
hsa-mir-26a,Adenocarcinoma of Lung,hsa-mir-26a,pancreatic cancer,0.0501146763563156
hsa-mir-26a,Adenomyosis,hsa-mir-26a,pancreatic cancer,0.0501146763563156
hsa-mir-26a,Albuminuria,hsa-mir-26a,pancreatic cancer,0.0501146763563156
hsa-mir-26a,Alzheimer Disease,hsa-mir-26a,pancreatic cancer,0.0501146763563156
hsa-mir-26a,Anemia and Diamond-Blackfan,hsa-mir-26a,pancreatic cancer,0.0501146763563156
hsa-mir-26a,Angelman Syndrome,hsa-mir-26a,pancreatic cancer,0.0501146763563156
hsa-mir-26a,Aortic Aneurysm and Abdominal,hsa-mir-26a,pancreatic cancer,0.0501146763563156
hsa-mir-26a,Aortic Aneurysm and Thoracic,hsa-mir-26a,pancreatic cancer,0.0501146763563156
hsa-mir-26a,Aortic Valve Disease,hsa-mir-26a,pancreatic cancer,0.0501146763563156
hsa-mir-26a,Arthritis and Psoriatic,hsa-mir-26a,pancreatic cancer,0.0501146763563156
hsa-mir-26a,Arthritis and Rheumatoid,hsa-mir-26a,pancreatic cancer,0.0501146763563156
hsa-mir-26a,Asthma,hsa-mir-26a,pancreatic cancer,0.0501146763563156
hsa-mir-26a,Atherosclerosis,hsa-mir-26a,pancreatic cancer,0.0501146763563156
hsa-mir-26a,Atrial Fibrillation,hsa-mir-26a,pancreatic cancer,0.0501146763563156
hsa-mir-26a,Autoimmune Diseases,hsa-mir-26a,pancreatic cancer,0.0501146763563156
hsa-mir-26a,Biliary Tract Neoplasms,hsa-mir-26a,pancreatic cancer,0.0501146763563156
hsa-mir-26a,Bone Diseases,hsa-mir-26a,pancreatic cancer,0.0501146763563156
hsa-mir-26a,Brain Injuries,hsa-mir-26a,pancreatic cancer,0.0501146763563156
hsa-mir-26a,Brain Injuries and Traumatic,hsa-mir-26a,pancreatic cancer,0.0501146763563156
hsa-mir-26a,Brain Ischemia,hsa-mir-26a,pancreatic cancer,0.0501146763563156
hsa-mir-26a,Brain Neoplasms,hsa-mir-26a,pancreatic cancer,0.0501146763563156
hsa-mir-26a,Breast Neoplasms,hsa-mir-26a,pancreatic cancer,0.0501146763563156
hsa-mir-26a,COVID-19,hsa-mir-26a,pancreatic cancer,0.0501146763563156
hsa-mir-26a,Cancer Pain,hsa-mir-26a,pancreatic cancer,0.0501146763563156
hsa-mir-26a,Carcinoma and Hepatocellular,hsa-mir-26a,pancreatic cancer,0.0501146763563156
hsa-mir-26a,Carcinoma and Non-Small-Cell Lung,hsa-mir-26a,pancreatic cancer,0.0501146763563156
hsa-mir-26a,Carcinoma and Pancreatic Ductal,hsa-mir-26a,pancreatic cancer,0.0501146763563156
hsa-mir-26a,Carcinoma and Renal Cell,hsa-mir-26a,pancreatic cancer,0.0501146763563156
hsa-mir-26a,Carcinoma and Squamous Cell,hsa-mir-26a,pancreatic cancer,0.0501146763563156
hsa-mir-26a,Carcinosarcoma,hsa-mir-26a,pancreatic cancer,0.0501146763563156
hsa-mir-26a,Cardiomegaly,hsa-mir-26a,pancreatic cancer,0.0501146763563156
hsa-mir-26a,Cardiomyopathies,hsa-mir-26a,pancreatic cancer,0.0501146763563156
hsa-mir-26a,Cardiotoxicity,hsa-mir-26a,pancreatic cancer,0.0501146763563156
hsa-mir-26a,Cartilage Diseases,hsa-mir-26a,pancreatic cancer,0.0501146763563156
hsa-mir-26a,Cataract,hsa-mir-26a,pancreatic cancer,0.0501146763563156
hsa-mir-26a,Central Nervous System and Non-Infectious,hsa-mir-26a,pancreatic cancer,0.0501146763563156
hsa-mir-26a,Cerebral Hemorrhage,hsa-mir-26a,pancreatic cancer,0.0501146763563156
hsa-mir-26a,Cerebral Palsy,hsa-mir-26a,pancreatic cancer,0.0501146763563156
hsa-mir-26a,Cerebrovascular Disorders,hsa-mir-26a,pancreatic cancer,0.0501146763563156
hsa-mir-26a,Chemical and Drug Induced Liver Injury and Chronic,hsa-mir-26a,pancreatic cancer,0.0501146763563156
hsa-mir-26a,Cholangiocarcinoma,hsa-mir-26a,pancreatic cancer,0.0501146763563156
hsa-mir-26a,Chronic Periodontitis,hsa-mir-26a,pancreatic cancer,0.0501146763563156
hsa-mir-26a,Cicatrix and Hypertrophic,hsa-mir-26a,pancreatic cancer,0.0501146763563156
hsa-mir-26a,Cognition Disorders,hsa-mir-26a,pancreatic cancer,0.0501146763563156
hsa-mir-26a,Colitis,hsa-mir-26a,pancreatic cancer,0.0501146763563156
hsa-mir-26a,Colitis-Associated Neoplasms,hsa-mir-26a,pancreatic cancer,0.0501146763563156
hsa-mir-26a,Colonic Neoplasms,hsa-mir-26a,pancreatic cancer,0.0501146763563156
hsa-mir-26a,Colorectal Neoplasms,hsa-mir-26a,pancreatic cancer,0.0501146763563156
hsa-mir-26a,Constriction and Pathologic,hsa-mir-26a,pancreatic cancer,0.0501146763563156
hsa-mir-26a,Corneal dystrophy and epithelial basement membrane,hsa-mir-26a,pancreatic cancer,0.0501146763563156
hsa-mir-26a,Coronary Artery Disease,hsa-mir-26a,pancreatic cancer,0.0501146763563156
hsa-mir-26a,Coronary Disease,hsa-mir-26a,pancreatic cancer,0.0501146763563156
hsa-mir-26a,Depression,hsa-mir-26a,pancreatic cancer,0.0501146763563156
hsa-mir-26a,Depressive Disorder and Major,hsa-mir-26a,pancreatic cancer,0.0501146763563156
hsa-mir-26a,Dermatitis and Atopic,hsa-mir-26a,pancreatic cancer,0.0501146763563156
hsa-mir-26a,Diabetes Mellitus and Type 1,hsa-mir-26a,pancreatic cancer,0.0501146763563156
hsa-mir-26a,Diabetes Mellitus and Type 2,hsa-mir-26a,pancreatic cancer,0.0501146763563156
hsa-mir-26a,Diabetic  Retinopathy,hsa-mir-26a,pancreatic cancer,0.0501146763563156
hsa-mir-26a,Diabetic Cardiomyopathies,hsa-mir-26a,pancreatic cancer,0.0501146763563156
hsa-mir-26a,Diabetic Nephropathies,hsa-mir-26a,pancreatic cancer,0.0501146763563156
hsa-mir-26a,Diabetic Retinopathy,hsa-mir-26a,pancreatic cancer,0.0501146763563156
hsa-mir-26a,Disease Progression,hsa-mir-26a,pancreatic cancer,0.0501146763563156
hsa-mir-26a,Drug-Related Side Effects and Adverse Reactions,hsa-mir-26a,pancreatic cancer,0.0501146763563156
hsa-mir-26a,Endometrial Neoplasms,hsa-mir-26a,pancreatic cancer,0.0501146763563156
hsa-mir-26a,Endometritis,hsa-mir-26a,pancreatic cancer,0.0501146763563156
hsa-mir-26a,Esophageal Neoplasms,hsa-mir-26a,pancreatic cancer,0.0501146763563156
hsa-mir-26a,Esophageal Squamous Cell Carcinoma,hsa-mir-26a,pancreatic cancer,0.0501146763563156
hsa-mir-26a,Extramedullary Multiple Myeloma,hsa-mir-26a,pancreatic cancer,0.0501146763563156
hsa-mir-26a,Fanconi Anemia,hsa-mir-26a,pancreatic cancer,0.0501146763563156
hsa-mir-26a,Fatty Liver,hsa-mir-26a,pancreatic cancer,0.0501146763563156
hsa-mir-26a,Femoral Fractures,hsa-mir-26a,pancreatic cancer,0.0501146763563156
hsa-mir-26a,Femur Head Necrosis,hsa-mir-26a,pancreatic cancer,0.0501146763563156
hsa-mir-26a,Fibrosis and Renal,hsa-mir-26a,pancreatic cancer,0.0501146763563156
hsa-mir-26a,Fractures and Bone,hsa-mir-26a,pancreatic cancer,0.0501146763563156
hsa-mir-26a,Genital Diseases and Female,hsa-mir-26a,pancreatic cancer,0.0501146763563156
hsa-mir-26a,Glioblastoma,hsa-mir-26a,pancreatic cancer,0.0501146763563156
hsa-mir-26a,Glioma,hsa-mir-26a,pancreatic cancer,0.0501146763563156
hsa-mir-26a,Heart Injuries,hsa-mir-26a,pancreatic cancer,0.0501146763563156
hsa-mir-26a,Hematologic Neoplasms,hsa-mir-26a,pancreatic cancer,0.0501146763563156
hsa-mir-26a,Hemorrhage,hsa-mir-26a,pancreatic cancer,0.0501146763563156
hsa-mir-26a,Hemorrhagic Disorders,hsa-mir-26a,pancreatic cancer,0.0501146763563156
hsa-mir-26a,Human T-Cell Leukemia Virus Type 1 Infections,hsa-mir-26a,pancreatic cancer,0.0501146763563156
hsa-mir-26a,Hyperlipidemias,hsa-mir-26a,pancreatic cancer,0.0501146763563156
hsa-mir-26a,Hyperlipoproteinemia Type II,hsa-mir-26a,pancreatic cancer,0.0501146763563156
hsa-mir-26a,Hypertension,hsa-mir-26a,pancreatic cancer,0.0501146763563156
hsa-mir-26a,Hypertension and Pulmonary,hsa-mir-26a,pancreatic cancer,0.0501146763563156
hsa-mir-26a,Infertility,hsa-mir-26a,pancreatic cancer,0.0501146763563156
hsa-mir-26a,Infertility and Male,hsa-mir-26a,pancreatic cancer,0.0501146763563156
hsa-mir-26a,Inflammation,hsa-mir-26a,pancreatic cancer,0.0501146763563156
hsa-mir-26a,Influenza and Human,hsa-mir-26a,pancreatic cancer,0.0501146763563156
hsa-mir-26a,Intervertebral Disc Degeneration,hsa-mir-26a,pancreatic cancer,0.0501146763563156
hsa-mir-26a,Ischemia,hsa-mir-26a,pancreatic cancer,0.0501146763563156
hsa-mir-26a,Ischemic Stroke,hsa-mir-26a,pancreatic cancer,0.0501146763563156
hsa-mir-26a,Kidney Diseases,hsa-mir-26a,pancreatic cancer,0.0501146763563156
hsa-mir-26a,Laryngeal Neoplasms,hsa-mir-26a,pancreatic cancer,0.0501146763563156
hsa-mir-26a,Leukemia and Lymphocytic and Chronic and B-Cell,hsa-mir-26a,pancreatic cancer,0.0501146763563156
hsa-mir-26a,Leukemia and Myeloid and Acute,hsa-mir-26a,pancreatic cancer,0.0501146763563156
hsa-mir-26a,Lichen Planus and Oral,hsa-mir-26a,pancreatic cancer,0.0501146763563156
hsa-mir-26a,Liver Diseases,hsa-mir-26a,pancreatic cancer,0.0501146763563156
hsa-mir-26a,Liver Injury,hsa-mir-26a,pancreatic cancer,0.0501146763563156
hsa-mir-26a,Lupus Erythematosus and Systemic,hsa-mir-26a,pancreatic cancer,0.0501146763563156
hsa-mir-26a,Marfan Syndrome,hsa-mir-26a,pancreatic cancer,0.0501146763563156
hsa-mir-26a,Melanoma,hsa-mir-26a,pancreatic cancer,0.0501146763563156
hsa-mir-26a,Multiple Myeloma,hsa-mir-26a,pancreatic cancer,0.0501146763563156
hsa-mir-26a,Multiple Sclerosis and Chronic Progressive,hsa-mir-26a,pancreatic cancer,0.0501146763563156
hsa-mir-26a,Myocardial Infarction,hsa-mir-26a,pancreatic cancer,0.0501146763563156
hsa-mir-26a,Myocardial Infarction and Acute,hsa-mir-26a,pancreatic cancer,0.0501146763563156
hsa-mir-26a,Myocardial Ischemia,hsa-mir-26a,pancreatic cancer,0.0501146763563156
hsa-mir-26a,Myocardial Reperfusion Injury,hsa-mir-26a,pancreatic cancer,0.0501146763563156
hsa-mir-26a,Myocarditis,hsa-mir-26a,pancreatic cancer,0.0501146763563156
hsa-mir-26a,Nasopharyngeal Carcinoma,hsa-mir-26a,pancreatic cancer,0.0501146763563156
hsa-mir-26a,Neonatal Sepsis,hsa-mir-26a,pancreatic cancer,0.0501146763563156
hsa-mir-26a,Nerve Degeneration,hsa-mir-26a,pancreatic cancer,0.0501146763563156
hsa-mir-26a,Neural Tube Defects,hsa-mir-26a,pancreatic cancer,0.0501146763563156
hsa-mir-26a,Neuralgia,hsa-mir-26a,pancreatic cancer,0.0501146763563156
hsa-mir-26a,Non-alcoholic Fatty Liver Disease,hsa-mir-26a,pancreatic cancer,0.0501146763563156
hsa-mir-26a,Obesity,hsa-mir-26a,pancreatic cancer,0.0501146763563156
hsa-mir-26a,Obstructive   Kidney Disease,hsa-mir-26a,pancreatic cancer,0.0501146763563156
hsa-mir-26a,Ossification and Heterotopic,hsa-mir-26a,pancreatic cancer,0.0501146763563156
hsa-mir-26a,Osteoarthritis,hsa-mir-26a,pancreatic cancer,0.0501146763563156
hsa-mir-26a,Osteoarthritis and Knee,hsa-mir-26a,pancreatic cancer,0.0501146763563156
hsa-mir-26a,Osteoporosis,hsa-mir-26a,pancreatic cancer,0.0501146763563156
hsa-mir-26a,Osteoporosis and Diabetic,hsa-mir-26a,pancreatic cancer,0.0501146763563156
hsa-mir-26a,Osteoporotic Fractures,hsa-mir-26a,pancreatic cancer,0.0501146763563156
hsa-mir-26a,Osteosarcoma,hsa-mir-26a,pancreatic cancer,0.0501146763563156
hsa-mir-26a,Otitis Media,hsa-mir-26a,pancreatic cancer,0.0501146763563156
hsa-mir-26a,Ovarian Neoplasms,hsa-mir-26a,pancreatic cancer,0.0501146763563156
hsa-mir-26a,Pancreatic Carcinoma,hsa-mir-26a,pancreatic cancer,0.0501146763563156
hsa-mir-26a,Pancreatic Neoplasms,hsa-mir-26a,pancreatic cancer,0.0501146763563156
hsa-mir-26a,Pancreatitis,hsa-mir-26a,pancreatic cancer,0.0501146763563156
hsa-mir-26a,Parkinson Disease,hsa-mir-26a,pancreatic cancer,0.0501146763563156
hsa-mir-26a,Parvoviridae Infections,hsa-mir-26a,pancreatic cancer,0.0501146763563156
hsa-mir-26a,Penile Neoplasms,hsa-mir-26a,pancreatic cancer,0.0501146763563156
hsa-mir-26a,Peritoneal Fibrosis,hsa-mir-26a,pancreatic cancer,0.0501146763563156
hsa-mir-26a,Polycystic Ovary Syndrome,hsa-mir-26a,pancreatic cancer,0.0501146763563156
hsa-mir-26a,Pre-Eclampsia,hsa-mir-26a,pancreatic cancer,0.0501146763563156
hsa-mir-26a,Pregnancy Complications,hsa-mir-26a,pancreatic cancer,0.0501146763563156
hsa-mir-26a,Premature Birth,hsa-mir-26a,pancreatic cancer,0.0501146763563156
hsa-mir-26a,Preterm Premature Rupture of the Membranes,hsa-mir-26a,pancreatic cancer,0.0501146763563156
hsa-mir-26a,Progeria,hsa-mir-26a,pancreatic cancer,0.0501146763563156
hsa-mir-26a,Prostatic Neoplasms,hsa-mir-26a,pancreatic cancer,0.0501146763563156
hsa-mir-26a,Pseudarthrosis,hsa-mir-26a,pancreatic cancer,0.0501146763563156
hsa-mir-26a,Pulmonary Arterial Hypertension,hsa-mir-26a,pancreatic cancer,0.0501146763563156
hsa-mir-26a,Reperfusion Injury,hsa-mir-26a,pancreatic cancer,0.0501146763563156
hsa-mir-26a,Respiratory Distress Syndrome and Newborn,hsa-mir-26a,pancreatic cancer,0.0501146763563156
hsa-mir-26a,Respiratory Sounds,hsa-mir-26a,pancreatic cancer,0.0501146763563156
hsa-mir-26a,Retinitis,hsa-mir-26a,pancreatic cancer,0.0501146763563156
hsa-mir-26a,Rhabdomyosarcoma,hsa-mir-26a,pancreatic cancer,0.0501146763563156
hsa-mir-26a,Rhinitis and Allergic,hsa-mir-26a,pancreatic cancer,0.0501146763563156
hsa-mir-26a,Rift Valley Fever,hsa-mir-26a,pancreatic cancer,0.0501146763563156
hsa-mir-26a,Root Resorption,hsa-mir-26a,pancreatic cancer,0.0501146763563156
hsa-mir-26a,Schimke immunoosseous dysplasia,hsa-mir-26a,pancreatic cancer,0.0501146763563156
hsa-mir-26a,Seminoma,hsa-mir-26a,pancreatic cancer,0.0501146763563156
hsa-mir-26a,Sepsis,hsa-mir-26a,pancreatic cancer,0.0501146763563156
hsa-mir-26a,Sexual Dysfunctions and Psychological,hsa-mir-26a,pancreatic cancer,0.0501146763563156
hsa-mir-26a,Silicotuberculosis,hsa-mir-26a,pancreatic cancer,0.0501146763563156
hsa-mir-26a,Sleep Apnea and Obstructive,hsa-mir-26a,pancreatic cancer,0.0501146763563156
hsa-mir-26a,Spinal Cord Injuries,hsa-mir-26a,pancreatic cancer,0.0501146763563156
hsa-mir-26a,Squamous Cell Carcinoma of Head and Neck,hsa-mir-26a,pancreatic cancer,0.0501146763563156
hsa-mir-26a,Stomach Neoplasms,hsa-mir-26a,pancreatic cancer,0.0501146763563156
hsa-mir-26a,Teratoma,hsa-mir-26a,pancreatic cancer,0.0501146763563156
hsa-mir-26a,Thyroid Cancer and Papillary,hsa-mir-26a,pancreatic cancer,0.0501146763563156
hsa-mir-26a,Triple Negative Breast Neoplasms,hsa-mir-26a,pancreatic cancer,0.0501146763563156
hsa-mir-26a,Tuberculosis,hsa-mir-26a,pancreatic cancer,0.0501146763563156
hsa-mir-26a,Upper Tract Urothelial Carcinoma,hsa-mir-26a,pancreatic cancer,0.0501146763563156
hsa-mir-26a,Urinary Bladder Neoplasms,hsa-mir-26a,pancreatic cancer,0.0501146763563156
hsa-mir-26a,Uterine Cervical Neoplasms,hsa-mir-26a,pancreatic cancer,0.0501146763563156
hsa-mir-26a,Uveal melanoma,hsa-mir-26a,pancreatic cancer,0.0501146763563156
hsa-mir-26a,cataract 32 multiple types,hsa-mir-26a,pancreatic cancer,0.0501146763563156
hsa-mir-26a,gastric adenocarcinoma,hsa-mir-26a,pancreatic cancer,0.0501146763563156
hsa-mir-26a,gastric cardia adenocarcinoma,hsa-mir-26a,pancreatic cancer,0.0501146763563156
hsa-mir-26a,hereditary diffuse gastric cancer,hsa-mir-26a,pancreatic cancer,0.0501146763563156
hsa-mir-26a,high grade glioma,hsa-mir-26a,pancreatic cancer,0.0501146763563156
hsa-mir-26a,limb ischemia,hsa-mir-26a,pancreatic cancer,0.0501146763563156
hsa-mir-26a,osteogenesis imperfecta type 1,hsa-mir-26a,pancreatic cancer,0.0501146763563156
hsa-mir-26a,psoriasis 1,hsa-mir-26a,pancreatic cancer,0.0501146763563156
hsa-mir-26a,spondyloepimetaphyseal dysplasia and Strudwick type,hsa-mir-26a,pancreatic cancer,0.0501146763563156
hsa-mir-27,Carcinoma and Hepatocellular,hsa-mir-27,ovarian cancer (OC),0.0653429105877876
hsa-mir-27,Carcinoma and Hepatocellular,hsa-mir-27,pancreatic cancer,0.0285801906138658
hsa-mir-27,Cardiomyopathies,hsa-mir-27,ovarian cancer (OC),0.0653429105877876
hsa-mir-27,Cardiomyopathies,hsa-mir-27,pancreatic cancer,0.0285801906138658
hsa-mir-27,Carotid Stenosis,hsa-mir-27,ovarian cancer (OC),0.0653429105877876
hsa-mir-27,Carotid Stenosis,hsa-mir-27,pancreatic cancer,0.0285801906138658
hsa-mir-27,Colonic Neoplasms,hsa-mir-27,ovarian cancer (OC),0.0653429105877876
hsa-mir-27,Colonic Neoplasms,hsa-mir-27,pancreatic cancer,0.0285801906138658
hsa-mir-27,Diabetes Mellitus and Type 2,hsa-mir-27,ovarian cancer (OC),0.0653429105877876
hsa-mir-27,Diabetes Mellitus and Type 2,hsa-mir-27,pancreatic cancer,0.0285801906138658
hsa-mir-27,Gastroenteritis and Transmissible and of Swine,hsa-mir-27,ovarian cancer (OC),0.0653429105877876
hsa-mir-27,Gastroenteritis and Transmissible and of Swine,hsa-mir-27,pancreatic cancer,0.0285801906138658
hsa-mir-27,Heart Failure,hsa-mir-27,ovarian cancer (OC),0.0653429105877876
hsa-mir-27,Heart Failure,hsa-mir-27,pancreatic cancer,0.0285801906138658
hsa-mir-27,Hyperlipoproteinemia Type II,hsa-mir-27,ovarian cancer (OC),0.0653429105877876
hsa-mir-27,Hyperlipoproteinemia Type II,hsa-mir-27,pancreatic cancer,0.0285801906138658
hsa-mir-27,Hypertension,hsa-mir-27,ovarian cancer (OC),0.0653429105877876
hsa-mir-27,Hypertension,hsa-mir-27,pancreatic cancer,0.0285801906138658
hsa-mir-27,Liver Diseases,hsa-mir-27,ovarian cancer (OC),0.0653429105877876
hsa-mir-27,Liver Diseases,hsa-mir-27,pancreatic cancer,0.0285801906138658
hsa-mir-27,Lung Neoplasms,hsa-mir-27,ovarian cancer (OC),0.0653429105877876
hsa-mir-27,Lung Neoplasms,hsa-mir-27,pancreatic cancer,0.0285801906138658
hsa-mir-27,Metabolic Diseases,hsa-mir-27,ovarian cancer (OC),0.0653429105877876
hsa-mir-27,Metabolic Diseases,hsa-mir-27,pancreatic cancer,0.0285801906138658
hsa-mir-27,Mouth Neoplasms,hsa-mir-27,ovarian cancer (OC),0.0653429105877876
hsa-mir-27,Mouth Neoplasms,hsa-mir-27,pancreatic cancer,0.0285801906138658
hsa-mir-27,Multiple Myeloma,hsa-mir-27,ovarian cancer (OC),0.0653429105877876
hsa-mir-27,Multiple Myeloma,hsa-mir-27,pancreatic cancer,0.0285801906138658
hsa-mir-27,Myocardial Infarction and Acute,hsa-mir-27,ovarian cancer (OC),0.0653429105877876
hsa-mir-27,Myocardial Infarction and Acute,hsa-mir-27,pancreatic cancer,0.0285801906138658
hsa-mir-27,Myocardial Ischemia,hsa-mir-27,ovarian cancer (OC),0.0653429105877876
hsa-mir-27,Myocardial Ischemia,hsa-mir-27,pancreatic cancer,0.0285801906138658
hsa-mir-27,Myocarditis,hsa-mir-27,ovarian cancer (OC),0.0653429105877876
hsa-mir-27,Myocarditis,hsa-mir-27,pancreatic cancer,0.0285801906138658
hsa-mir-27,Nephrosis and Lipoid,hsa-mir-27,ovarian cancer (OC),0.0653429105877876
hsa-mir-27,Nephrosis and Lipoid,hsa-mir-27,pancreatic cancer,0.0285801906138658
hsa-mir-27,Obesity,hsa-mir-27,ovarian cancer (OC),0.0653429105877876
hsa-mir-27,Obesity,hsa-mir-27,pancreatic cancer,0.0285801906138658
hsa-mir-27,Osteoarthritis,hsa-mir-27,ovarian cancer (OC),0.0653429105877876
hsa-mir-27,Osteoarthritis,hsa-mir-27,pancreatic cancer,0.0285801906138658
hsa-mir-27,Osteosarcoma,hsa-mir-27,ovarian cancer (OC),0.0653429105877876
hsa-mir-27,Osteosarcoma,hsa-mir-27,pancreatic cancer,0.0285801906138658
hsa-mir-27,Ovarian Hyperstimulation Syndrome,hsa-mir-27,ovarian cancer (OC),0.0653429105877876
hsa-mir-27,Ovarian Hyperstimulation Syndrome,hsa-mir-27,pancreatic cancer,0.0285801906138658
hsa-mir-27,Scleroderma and Systemic,hsa-mir-27,ovarian cancer (OC),0.0653429105877876
hsa-mir-27,Scleroderma and Systemic,hsa-mir-27,pancreatic cancer,0.0285801906138658
hsa-mir-27,Sleep Apnea and Obstructive,hsa-mir-27,ovarian cancer (OC),0.0653429105877876
hsa-mir-27,Sleep Apnea and Obstructive,hsa-mir-27,pancreatic cancer,0.0285801906138658
hsa-mir-27,Squamous Cell Carcinoma of Head and Neck,hsa-mir-27,ovarian cancer (OC),0.0653429105877876
hsa-mir-27,Squamous Cell Carcinoma of Head and Neck,hsa-mir-27,pancreatic cancer,0.0285801906138658
hsa-mir-27,Stomach Neoplasms,hsa-mir-27,ovarian cancer (OC),0.0653429105877876
hsa-mir-27,Stomach Neoplasms,hsa-mir-27,pancreatic cancer,0.0285801906138658
hsa-mir-27,Tuberculosis,hsa-mir-27,ovarian cancer (OC),0.0653429105877876
hsa-mir-27,Tuberculosis,hsa-mir-27,pancreatic cancer,0.0285801906138658
hsa-mir-27,psoriasis 1,hsa-mir-27,ovarian cancer (OC),0.0653429105877876
hsa-mir-27,psoriasis 1,hsa-mir-27,pancreatic cancer,0.0285801906138658
hsa-mir-2909,Breast Neoplasms,hsa-mir-2909,skin cancer,0.1166222020983696
hsa-mir-2909,Carcinoma and Hepatocellular,hsa-mir-2909,skin cancer,0.1166222020983696
hsa-mir-2909,Melanoma,hsa-mir-2909,skin cancer,0.1166222020983696
hsa-mir-2909,Mitochondrial Diseases,hsa-mir-2909,skin cancer,0.1166222020983696
hsa-mir-2909,Urinary Bladder Neoplasms,hsa-mir-2909,skin cancer,0.1166222020983696
hsa-mir-296,Acquired Immunodeficiency Syndrome,hsa-mir-296,gastric cancer (stomach cancer),0.0669051706790924
hsa-mir-296,Acquired Immunodeficiency Syndrome,hsa-mir-296,ovarian cancer (OC),0.06547761708498
hsa-mir-296,Acquired Immunodeficiency Syndrome,hsa-mir-296,pancreatic cancer,0.0287280362099409
hsa-mir-296,Acute Kidney Injury,hsa-mir-296,gastric cancer (stomach cancer),0.0669051706790924
hsa-mir-296,Acute Kidney Injury,hsa-mir-296,ovarian cancer (OC),0.06547761708498
hsa-mir-296,Acute Kidney Injury,hsa-mir-296,pancreatic cancer,0.0287280362099409
hsa-mir-296,Adenocarcinoma of Lung,hsa-mir-296,gastric cancer (stomach cancer),0.0669051706790924
hsa-mir-296,Adenocarcinoma of Lung,hsa-mir-296,ovarian cancer (OC),0.06547761708498
hsa-mir-296,Adenocarcinoma of Lung,hsa-mir-296,pancreatic cancer,0.0287280362099409
hsa-mir-296,Arthritis and Rheumatoid,hsa-mir-296,gastric cancer (stomach cancer),0.0669051706790924
hsa-mir-296,Arthritis and Rheumatoid,hsa-mir-296,ovarian cancer (OC),0.06547761708498
hsa-mir-296,Arthritis and Rheumatoid,hsa-mir-296,pancreatic cancer,0.0287280362099409
hsa-mir-296,Asthma,hsa-mir-296,gastric cancer (stomach cancer),0.0669051706790924
hsa-mir-296,Asthma,hsa-mir-296,ovarian cancer (OC),0.06547761708498
hsa-mir-296,Asthma,hsa-mir-296,pancreatic cancer,0.0287280362099409
hsa-mir-296,Atherosclerosis,hsa-mir-296,gastric cancer (stomach cancer),0.0669051706790924
hsa-mir-296,Atherosclerosis,hsa-mir-296,ovarian cancer (OC),0.06547761708498
hsa-mir-296,Atherosclerosis,hsa-mir-296,pancreatic cancer,0.0287280362099409
hsa-mir-296,Bone Diseases,hsa-mir-296,gastric cancer (stomach cancer),0.0669051706790924
hsa-mir-296,Bone Diseases,hsa-mir-296,ovarian cancer (OC),0.06547761708498
hsa-mir-296,Bone Diseases,hsa-mir-296,pancreatic cancer,0.0287280362099409
hsa-mir-296,Breast Neoplasms,hsa-mir-296,gastric cancer (stomach cancer),0.0669051706790924
hsa-mir-296,Breast Neoplasms,hsa-mir-296,ovarian cancer (OC),0.06547761708498
hsa-mir-296,Breast Neoplasms,hsa-mir-296,pancreatic cancer,0.0287280362099409
hsa-mir-296,Carcinoma and Hepatocellular,hsa-mir-296,gastric cancer (stomach cancer),0.0669051706790924
hsa-mir-296,Carcinoma and Hepatocellular,hsa-mir-296,ovarian cancer (OC),0.06547761708498
hsa-mir-296,Carcinoma and Hepatocellular,hsa-mir-296,pancreatic cancer,0.0287280362099409
hsa-mir-296,Carcinoma and Non-Small-Cell Lung,hsa-mir-296,gastric cancer (stomach cancer),0.0669051706790924
hsa-mir-296,Carcinoma and Non-Small-Cell Lung,hsa-mir-296,ovarian cancer (OC),0.06547761708498
hsa-mir-296,Carcinoma and Non-Small-Cell Lung,hsa-mir-296,pancreatic cancer,0.0287280362099409
hsa-mir-296,Carcinoma and Renal Cell,hsa-mir-296,gastric cancer (stomach cancer),0.0669051706790924
hsa-mir-296,Carcinoma and Renal Cell,hsa-mir-296,ovarian cancer (OC),0.06547761708498
hsa-mir-296,Carcinoma and Renal Cell,hsa-mir-296,pancreatic cancer,0.0287280362099409
hsa-mir-296,Cartilage Diseases,hsa-mir-296,gastric cancer (stomach cancer),0.0669051706790924
hsa-mir-296,Cartilage Diseases,hsa-mir-296,ovarian cancer (OC),0.06547761708498
hsa-mir-296,Cartilage Diseases,hsa-mir-296,pancreatic cancer,0.0287280362099409
hsa-mir-296,Cholangiocarcinoma,hsa-mir-296,gastric cancer (stomach cancer),0.0669051706790924
hsa-mir-296,Cholangiocarcinoma,hsa-mir-296,ovarian cancer (OC),0.06547761708498
hsa-mir-296,Cholangiocarcinoma,hsa-mir-296,pancreatic cancer,0.0287280362099409
hsa-mir-296,Colorectal Neoplasms,hsa-mir-296,gastric cancer (stomach cancer),0.0669051706790924
hsa-mir-296,Colorectal Neoplasms,hsa-mir-296,ovarian cancer (OC),0.06547761708498
hsa-mir-296,Colorectal Neoplasms,hsa-mir-296,pancreatic cancer,0.0287280362099409
hsa-mir-296,Coronary Artery Disease,hsa-mir-296,gastric cancer (stomach cancer),0.0669051706790924
hsa-mir-296,Coronary Artery Disease,hsa-mir-296,ovarian cancer (OC),0.06547761708498
hsa-mir-296,Coronary Artery Disease,hsa-mir-296,pancreatic cancer,0.0287280362099409
hsa-mir-296,Coronary Disease,hsa-mir-296,gastric cancer (stomach cancer),0.0669051706790924
hsa-mir-296,Coronary Disease,hsa-mir-296,ovarian cancer (OC),0.06547761708498
hsa-mir-296,Coronary Disease,hsa-mir-296,pancreatic cancer,0.0287280362099409
hsa-mir-296,Diabetes Mellitus,hsa-mir-296,gastric cancer (stomach cancer),0.0669051706790924
hsa-mir-296,Diabetes Mellitus,hsa-mir-296,ovarian cancer (OC),0.06547761708498
hsa-mir-296,Diabetes Mellitus,hsa-mir-296,pancreatic cancer,0.0287280362099409
hsa-mir-296,Diabetes Mellitus and Type 2,hsa-mir-296,gastric cancer (stomach cancer),0.0669051706790924
hsa-mir-296,Diabetes Mellitus and Type 2,hsa-mir-296,ovarian cancer (OC),0.06547761708498
hsa-mir-296,Diabetes Mellitus and Type 2,hsa-mir-296,pancreatic cancer,0.0287280362099409
hsa-mir-296,Diabetes and Gestational,hsa-mir-296,gastric cancer (stomach cancer),0.0669051706790924
hsa-mir-296,Diabetes and Gestational,hsa-mir-296,ovarian cancer (OC),0.06547761708498
hsa-mir-296,Diabetes and Gestational,hsa-mir-296,pancreatic cancer,0.0287280362099409
hsa-mir-296,Diabetic Nephropathies,hsa-mir-296,gastric cancer (stomach cancer),0.0669051706790924
hsa-mir-296,Diabetic Nephropathies,hsa-mir-296,ovarian cancer (OC),0.06547761708498
hsa-mir-296,Diabetic Nephropathies,hsa-mir-296,pancreatic cancer,0.0287280362099409
hsa-mir-296,Diabetic Retinopathy,hsa-mir-296,gastric cancer (stomach cancer),0.0669051706790924
hsa-mir-296,Diabetic Retinopathy,hsa-mir-296,ovarian cancer (OC),0.06547761708498
hsa-mir-296,Diabetic Retinopathy,hsa-mir-296,pancreatic cancer,0.0287280362099409
hsa-mir-296,Enterovirus Infections,hsa-mir-296,gastric cancer (stomach cancer),0.0669051706790924
hsa-mir-296,Enterovirus Infections,hsa-mir-296,ovarian cancer (OC),0.06547761708498
hsa-mir-296,Enterovirus Infections,hsa-mir-296,pancreatic cancer,0.0287280362099409
hsa-mir-296,Esophageal Squamous Cell Carcinoma,hsa-mir-296,gastric cancer (stomach cancer),0.0669051706790924
hsa-mir-296,Esophageal Squamous Cell Carcinoma,hsa-mir-296,ovarian cancer (OC),0.06547761708498
hsa-mir-296,Esophageal Squamous Cell Carcinoma,hsa-mir-296,pancreatic cancer,0.0287280362099409
hsa-mir-296,Essential Hypertension,hsa-mir-296,gastric cancer (stomach cancer),0.0669051706790924
hsa-mir-296,Essential Hypertension,hsa-mir-296,ovarian cancer (OC),0.06547761708498
hsa-mir-296,Essential Hypertension,hsa-mir-296,pancreatic cancer,0.0287280362099409
hsa-mir-296,Femur Head Necrosis,hsa-mir-296,gastric cancer (stomach cancer),0.0669051706790924
hsa-mir-296,Femur Head Necrosis,hsa-mir-296,ovarian cancer (OC),0.06547761708498
hsa-mir-296,Femur Head Necrosis,hsa-mir-296,pancreatic cancer,0.0287280362099409
hsa-mir-296,Fluoride Poisoning,hsa-mir-296,gastric cancer (stomach cancer),0.0669051706790924
hsa-mir-296,Fluoride Poisoning,hsa-mir-296,ovarian cancer (OC),0.06547761708498
hsa-mir-296,Fluoride Poisoning,hsa-mir-296,pancreatic cancer,0.0287280362099409
hsa-mir-296,Fluorosis and Dental,hsa-mir-296,gastric cancer (stomach cancer),0.0669051706790924
hsa-mir-296,Fluorosis and Dental,hsa-mir-296,ovarian cancer (OC),0.06547761708498
hsa-mir-296,Fluorosis and Dental,hsa-mir-296,pancreatic cancer,0.0287280362099409
hsa-mir-296,Glioblastoma,hsa-mir-296,gastric cancer (stomach cancer),0.0669051706790924
hsa-mir-296,Glioblastoma,hsa-mir-296,ovarian cancer (OC),0.06547761708498
hsa-mir-296,Glioblastoma,hsa-mir-296,pancreatic cancer,0.0287280362099409
hsa-mir-296,Glioma,hsa-mir-296,gastric cancer (stomach cancer),0.0669051706790924
hsa-mir-296,Glioma,hsa-mir-296,ovarian cancer (OC),0.06547761708498
hsa-mir-296,Glioma,hsa-mir-296,pancreatic cancer,0.0287280362099409
hsa-mir-296,Hypertension and Pulmonary,hsa-mir-296,gastric cancer (stomach cancer),0.0669051706790924
hsa-mir-296,Hypertension and Pulmonary,hsa-mir-296,ovarian cancer (OC),0.06547761708498
hsa-mir-296,Hypertension and Pulmonary,hsa-mir-296,pancreatic cancer,0.0287280362099409
hsa-mir-296,Infertility and Male,hsa-mir-296,gastric cancer (stomach cancer),0.0669051706790924
hsa-mir-296,Infertility and Male,hsa-mir-296,ovarian cancer (OC),0.06547761708498
hsa-mir-296,Infertility and Male,hsa-mir-296,pancreatic cancer,0.0287280362099409
hsa-mir-296,Leukemia and Myeloid and Acute,hsa-mir-296,gastric cancer (stomach cancer),0.0669051706790924
hsa-mir-296,Leukemia and Myeloid and Acute,hsa-mir-296,ovarian cancer (OC),0.06547761708498
hsa-mir-296,Leukemia and Myeloid and Acute,hsa-mir-296,pancreatic cancer,0.0287280362099409
hsa-mir-296,Liver Neoplasms,hsa-mir-296,gastric cancer (stomach cancer),0.0669051706790924
hsa-mir-296,Liver Neoplasms,hsa-mir-296,ovarian cancer (OC),0.06547761708498
hsa-mir-296,Liver Neoplasms,hsa-mir-296,pancreatic cancer,0.0287280362099409
hsa-mir-296,Lung Neoplasms,hsa-mir-296,gastric cancer (stomach cancer),0.0669051706790924
hsa-mir-296,Lung Neoplasms,hsa-mir-296,ovarian cancer (OC),0.06547761708498
hsa-mir-296,Lung Neoplasms,hsa-mir-296,pancreatic cancer,0.0287280362099409
hsa-mir-296,Nasopharyngeal Carcinoma,hsa-mir-296,gastric cancer (stomach cancer),0.0669051706790924
hsa-mir-296,Nasopharyngeal Carcinoma,hsa-mir-296,ovarian cancer (OC),0.06547761708498
hsa-mir-296,Nasopharyngeal Carcinoma,hsa-mir-296,pancreatic cancer,0.0287280362099409
hsa-mir-296,Neuroblastoma,hsa-mir-296,gastric cancer (stomach cancer),0.0669051706790924
hsa-mir-296,Neuroblastoma,hsa-mir-296,ovarian cancer (OC),0.06547761708498
hsa-mir-296,Neuroblastoma,hsa-mir-296,pancreatic cancer,0.0287280362099409
hsa-mir-296,Norrie disease,hsa-mir-296,gastric cancer (stomach cancer),0.0669051706790924
hsa-mir-296,Norrie disease,hsa-mir-296,ovarian cancer (OC),0.06547761708498
hsa-mir-296,Norrie disease,hsa-mir-296,pancreatic cancer,0.0287280362099409
hsa-mir-296,Obesity,hsa-mir-296,gastric cancer (stomach cancer),0.0669051706790924
hsa-mir-296,Obesity,hsa-mir-296,ovarian cancer (OC),0.06547761708498
hsa-mir-296,Obesity,hsa-mir-296,pancreatic cancer,0.0287280362099409
hsa-mir-296,Osteoarthritis,hsa-mir-296,gastric cancer (stomach cancer),0.0669051706790924
hsa-mir-296,Osteoarthritis,hsa-mir-296,ovarian cancer (OC),0.06547761708498
hsa-mir-296,Osteoarthritis,hsa-mir-296,pancreatic cancer,0.0287280362099409
hsa-mir-296,Osteosarcoma,hsa-mir-296,gastric cancer (stomach cancer),0.0669051706790924
hsa-mir-296,Osteosarcoma,hsa-mir-296,ovarian cancer (OC),0.06547761708498
hsa-mir-296,Osteosarcoma,hsa-mir-296,pancreatic cancer,0.0287280362099409
hsa-mir-296,Pancreatic Carcinoma,hsa-mir-296,gastric cancer (stomach cancer),0.0669051706790924
hsa-mir-296,Pancreatic Carcinoma,hsa-mir-296,ovarian cancer (OC),0.06547761708498
hsa-mir-296,Pancreatic Carcinoma,hsa-mir-296,pancreatic cancer,0.0287280362099409
hsa-mir-296,Peritoneal Fibrosis,hsa-mir-296,gastric cancer (stomach cancer),0.0669051706790924
hsa-mir-296,Peritoneal Fibrosis,hsa-mir-296,ovarian cancer (OC),0.06547761708498
hsa-mir-296,Peritoneal Fibrosis,hsa-mir-296,pancreatic cancer,0.0287280362099409
hsa-mir-296,Polycystic Ovary Syndrome,hsa-mir-296,gastric cancer (stomach cancer),0.0669051706790924
hsa-mir-296,Polycystic Ovary Syndrome,hsa-mir-296,ovarian cancer (OC),0.06547761708498
hsa-mir-296,Polycystic Ovary Syndrome,hsa-mir-296,pancreatic cancer,0.0287280362099409
hsa-mir-296,Porcine Reproductive and Respiratory Syndrome,hsa-mir-296,gastric cancer (stomach cancer),0.0669051706790924
hsa-mir-296,Porcine Reproductive and Respiratory Syndrome,hsa-mir-296,ovarian cancer (OC),0.06547761708498
hsa-mir-296,Porcine Reproductive and Respiratory Syndrome,hsa-mir-296,pancreatic cancer,0.0287280362099409
hsa-mir-296,Pre-Eclampsia,hsa-mir-296,gastric cancer (stomach cancer),0.0669051706790924
hsa-mir-296,Pre-Eclampsia,hsa-mir-296,ovarian cancer (OC),0.06547761708498
hsa-mir-296,Pre-Eclampsia,hsa-mir-296,pancreatic cancer,0.0287280362099409
hsa-mir-296,Prostatic Neoplasms,hsa-mir-296,gastric cancer (stomach cancer),0.0669051706790924
hsa-mir-296,Prostatic Neoplasms,hsa-mir-296,ovarian cancer (OC),0.06547761708498
hsa-mir-296,Prostatic Neoplasms,hsa-mir-296,pancreatic cancer,0.0287280362099409
hsa-mir-296,Pulmonary Disease and Chronic Obstructive,hsa-mir-296,gastric cancer (stomach cancer),0.0669051706790924
hsa-mir-296,Pulmonary Disease and Chronic Obstructive,hsa-mir-296,ovarian cancer (OC),0.06547761708498
hsa-mir-296,Pulmonary Disease and Chronic Obstructive,hsa-mir-296,pancreatic cancer,0.0287280362099409
hsa-mir-296,Rectal Neoplasms,hsa-mir-296,gastric cancer (stomach cancer),0.0669051706790924
hsa-mir-296,Rectal Neoplasms,hsa-mir-296,ovarian cancer (OC),0.06547761708498
hsa-mir-296,Rectal Neoplasms,hsa-mir-296,pancreatic cancer,0.0287280362099409
hsa-mir-296,Renal Insufficiency,hsa-mir-296,gastric cancer (stomach cancer),0.0669051706790924
hsa-mir-296,Renal Insufficiency,hsa-mir-296,ovarian cancer (OC),0.06547761708498
hsa-mir-296,Renal Insufficiency,hsa-mir-296,pancreatic cancer,0.0287280362099409
hsa-mir-296,Sepsis,hsa-mir-296,gastric cancer (stomach cancer),0.0669051706790924
hsa-mir-296,Sepsis,hsa-mir-296,ovarian cancer (OC),0.06547761708498
hsa-mir-296,Sepsis,hsa-mir-296,pancreatic cancer,0.0287280362099409
hsa-mir-296,Squamous Cell Carcinoma of Head and Neck,hsa-mir-296,gastric cancer (stomach cancer),0.0669051706790924
hsa-mir-296,Squamous Cell Carcinoma of Head and Neck,hsa-mir-296,ovarian cancer (OC),0.06547761708498
hsa-mir-296,Squamous Cell Carcinoma of Head and Neck,hsa-mir-296,pancreatic cancer,0.0287280362099409
hsa-mir-296,Thyroid Cancer and Papillary,hsa-mir-296,gastric cancer (stomach cancer),0.0669051706790924
hsa-mir-296,Thyroid Cancer and Papillary,hsa-mir-296,ovarian cancer (OC),0.06547761708498
hsa-mir-296,Thyroid Cancer and Papillary,hsa-mir-296,pancreatic cancer,0.0287280362099409
hsa-mir-296,Thyroid Neoplasms,hsa-mir-296,gastric cancer (stomach cancer),0.0669051706790924
hsa-mir-296,Thyroid Neoplasms,hsa-mir-296,ovarian cancer (OC),0.06547761708498
hsa-mir-296,Thyroid Neoplasms,hsa-mir-296,pancreatic cancer,0.0287280362099409
hsa-mir-296,Triple Negative Breast Neoplasms,hsa-mir-296,gastric cancer (stomach cancer),0.0669051706790924
hsa-mir-296,Triple Negative Breast Neoplasms,hsa-mir-296,ovarian cancer (OC),0.06547761708498
hsa-mir-296,Triple Negative Breast Neoplasms,hsa-mir-296,pancreatic cancer,0.0287280362099409
hsa-mir-296,Tuberculosis and Pulmonary,hsa-mir-296,gastric cancer (stomach cancer),0.0669051706790924
hsa-mir-296,Tuberculosis and Pulmonary,hsa-mir-296,ovarian cancer (OC),0.06547761708498
hsa-mir-296,Tuberculosis and Pulmonary,hsa-mir-296,pancreatic cancer,0.0287280362099409
hsa-mir-296,Uterine Cervical Neoplasms,hsa-mir-296,gastric cancer (stomach cancer),0.0669051706790924
hsa-mir-296,Uterine Cervical Neoplasms,hsa-mir-296,ovarian cancer (OC),0.06547761708498
hsa-mir-296,Uterine Cervical Neoplasms,hsa-mir-296,pancreatic cancer,0.0287280362099409
hsa-mir-296,Venous Thrombosis,hsa-mir-296,gastric cancer (stomach cancer),0.0669051706790924
hsa-mir-296,Venous Thrombosis,hsa-mir-296,ovarian cancer (OC),0.06547761708498
hsa-mir-296,Venous Thrombosis,hsa-mir-296,pancreatic cancer,0.0287280362099409
hsa-mir-29b-2,Anemia and sideroblastic spinocerebellar ataxia,hsa-mir-29b-2,ovarian cancer (OC),0.0653747245669364
hsa-mir-29b-2,Anemia and sideroblastic spinocerebellar ataxia,hsa-mir-29b-2,pancreatic cancer,0.0286151003092527
hsa-mir-29b-2,Breast Neoplasms,hsa-mir-29b-2,ovarian cancer (OC),0.0653747245669364
hsa-mir-29b-2,Breast Neoplasms,hsa-mir-29b-2,pancreatic cancer,0.0286151003092527
hsa-mir-29b-2,COVID-19,hsa-mir-29b-2,ovarian cancer (OC),0.0653747245669364
hsa-mir-29b-2,COVID-19,hsa-mir-29b-2,pancreatic cancer,0.0286151003092527
hsa-mir-29b-2,Carcinoma and Hepatocellular,hsa-mir-29b-2,ovarian cancer (OC),0.0653747245669364
hsa-mir-29b-2,Carcinoma and Hepatocellular,hsa-mir-29b-2,pancreatic cancer,0.0286151003092527
hsa-mir-29b-2,Colorectal Neoplasms,hsa-mir-29b-2,ovarian cancer (OC),0.0653747245669364
hsa-mir-29b-2,Colorectal Neoplasms,hsa-mir-29b-2,pancreatic cancer,0.0286151003092527
hsa-mir-29b-2,Diabetic Nephropathies,hsa-mir-29b-2,ovarian cancer (OC),0.0653747245669364
hsa-mir-29b-2,Diabetic Nephropathies,hsa-mir-29b-2,pancreatic cancer,0.0286151003092527
hsa-mir-29b-2,Mastitis,hsa-mir-29b-2,ovarian cancer (OC),0.0653747245669364
hsa-mir-29b-2,Mastitis,hsa-mir-29b-2,pancreatic cancer,0.0286151003092527
hsa-mir-29b-2,Pica,hsa-mir-29b-2,ovarian cancer (OC),0.0653747245669364
hsa-mir-29b-2,Pica,hsa-mir-29b-2,pancreatic cancer,0.0286151003092527
hsa-mir-29b-2,Pulmonary Fibrosis,hsa-mir-29b-2,ovarian cancer (OC),0.0653747245669364
hsa-mir-29b-2,Pulmonary Fibrosis,hsa-mir-29b-2,pancreatic cancer,0.0286151003092527
hsa-mir-29b-2,Respiratory Distress Syndrome,hsa-mir-29b-2,ovarian cancer (OC),0.0653747245669364
hsa-mir-29b-2,Respiratory Distress Syndrome,hsa-mir-29b-2,pancreatic cancer,0.0286151003092527
hsa-mir-29b-2,Urinary Bladder Neoplasms,hsa-mir-29b-2,ovarian cancer (OC),0.0653747245669364
hsa-mir-29b-2,Urinary Bladder Neoplasms,hsa-mir-29b-2,pancreatic cancer,0.0286151003092527
hsa-mir-29c,AIDS-Related Complex,hsa-mir-29c,gastric cancer (stomach cancer),0.0848968029022216
hsa-mir-29c,AIDS-Related Complex,hsa-mir-29c,pancreatic cancer,0.0501145347952842
hsa-mir-29c,Acquired Immunodeficiency Syndrome,hsa-mir-29c,gastric cancer (stomach cancer),0.0848968029022216
hsa-mir-29c,Acquired Immunodeficiency Syndrome,hsa-mir-29c,pancreatic cancer,0.0501145347952842
hsa-mir-29c,Acromegaly,hsa-mir-29c,gastric cancer (stomach cancer),0.0848968029022216
hsa-mir-29c,Acromegaly,hsa-mir-29c,pancreatic cancer,0.0501145347952842
hsa-mir-29c,Adenocarcinoma of Lung,hsa-mir-29c,gastric cancer (stomach cancer),0.0848968029022216
hsa-mir-29c,Adenocarcinoma of Lung,hsa-mir-29c,pancreatic cancer,0.0501145347952842
hsa-mir-29c,Alopecia,hsa-mir-29c,gastric cancer (stomach cancer),0.0848968029022216
hsa-mir-29c,Alopecia,hsa-mir-29c,pancreatic cancer,0.0501145347952842
hsa-mir-29c,Alzheimer Disease,hsa-mir-29c,gastric cancer (stomach cancer),0.0848968029022216
hsa-mir-29c,Alzheimer Disease,hsa-mir-29c,pancreatic cancer,0.0501145347952842
hsa-mir-29c,Antisynthetase syndrome,hsa-mir-29c,gastric cancer (stomach cancer),0.0848968029022216
hsa-mir-29c,Antisynthetase syndrome,hsa-mir-29c,pancreatic cancer,0.0501145347952842
hsa-mir-29c,Aortic Valve Insufficiency,hsa-mir-29c,gastric cancer (stomach cancer),0.0848968029022216
hsa-mir-29c,Aortic Valve Insufficiency,hsa-mir-29c,pancreatic cancer,0.0501145347952842
hsa-mir-29c,Asthma,hsa-mir-29c,gastric cancer (stomach cancer),0.0848968029022216
hsa-mir-29c,Asthma,hsa-mir-29c,pancreatic cancer,0.0501145347952842
hsa-mir-29c,Atrophy,hsa-mir-29c,gastric cancer (stomach cancer),0.0848968029022216
hsa-mir-29c,Atrophy,hsa-mir-29c,pancreatic cancer,0.0501145347952842
hsa-mir-29c,Barrett Esophagus,hsa-mir-29c,gastric cancer (stomach cancer),0.0848968029022216
hsa-mir-29c,Barrett Esophagus,hsa-mir-29c,pancreatic cancer,0.0501145347952842
hsa-mir-29c,Biliary Atresia,hsa-mir-29c,gastric cancer (stomach cancer),0.0848968029022216
hsa-mir-29c,Biliary Atresia,hsa-mir-29c,pancreatic cancer,0.0501145347952842
hsa-mir-29c,Blind Loop Syndrome,hsa-mir-29c,gastric cancer (stomach cancer),0.0848968029022216
hsa-mir-29c,Blind Loop Syndrome,hsa-mir-29c,pancreatic cancer,0.0501145347952842
hsa-mir-29c,Brain Diseases,hsa-mir-29c,gastric cancer (stomach cancer),0.0848968029022216
hsa-mir-29c,Brain Diseases,hsa-mir-29c,pancreatic cancer,0.0501145347952842
hsa-mir-29c,Breast Neoplasms,hsa-mir-29c,gastric cancer (stomach cancer),0.0848968029022216
hsa-mir-29c,Breast Neoplasms,hsa-mir-29c,pancreatic cancer,0.0501145347952842
hsa-mir-29c,Cachexia,hsa-mir-29c,gastric cancer (stomach cancer),0.0848968029022216
hsa-mir-29c,Cachexia,hsa-mir-29c,pancreatic cancer,0.0501145347952842
hsa-mir-29c,Carcinoma and Ductal and Breast,hsa-mir-29c,gastric cancer (stomach cancer),0.0848968029022216
hsa-mir-29c,Carcinoma and Ductal and Breast,hsa-mir-29c,pancreatic cancer,0.0501145347952842
hsa-mir-29c,Carcinoma and Endometrioid,hsa-mir-29c,gastric cancer (stomach cancer),0.0848968029022216
hsa-mir-29c,Carcinoma and Endometrioid,hsa-mir-29c,pancreatic cancer,0.0501145347952842
hsa-mir-29c,Carcinoma and Hepatocellular,hsa-mir-29c,gastric cancer (stomach cancer),0.0848968029022216
hsa-mir-29c,Carcinoma and Hepatocellular,hsa-mir-29c,pancreatic cancer,0.0501145347952842
hsa-mir-29c,Carcinoma and Non-Small-Cell Lung,hsa-mir-29c,gastric cancer (stomach cancer),0.0848968029022216
hsa-mir-29c,Carcinoma and Non-Small-Cell Lung,hsa-mir-29c,pancreatic cancer,0.0501145347952842
hsa-mir-29c,Carcinoma and Pancreatic Ductal,hsa-mir-29c,gastric cancer (stomach cancer),0.0848968029022216
hsa-mir-29c,Carcinoma and Pancreatic Ductal,hsa-mir-29c,pancreatic cancer,0.0501145347952842
hsa-mir-29c,Carcinoma and Renal Cell,hsa-mir-29c,gastric cancer (stomach cancer),0.0848968029022216
hsa-mir-29c,Carcinoma and Renal Cell,hsa-mir-29c,pancreatic cancer,0.0501145347952842
hsa-mir-29c,Cardiomyopathies,hsa-mir-29c,gastric cancer (stomach cancer),0.0848968029022216
hsa-mir-29c,Cardiomyopathies,hsa-mir-29c,pancreatic cancer,0.0501145347952842
hsa-mir-29c,Cognition Disorders,hsa-mir-29c,gastric cancer (stomach cancer),0.0848968029022216
hsa-mir-29c,Cognition Disorders,hsa-mir-29c,pancreatic cancer,0.0501145347952842
hsa-mir-29c,Colonic Neoplasms,hsa-mir-29c,gastric cancer (stomach cancer),0.0848968029022216
hsa-mir-29c,Colonic Neoplasms,hsa-mir-29c,pancreatic cancer,0.0501145347952842
hsa-mir-29c,Colonic Polyps,hsa-mir-29c,gastric cancer (stomach cancer),0.0848968029022216
hsa-mir-29c,Colonic Polyps,hsa-mir-29c,pancreatic cancer,0.0501145347952842
hsa-mir-29c,Colorectal Neoplasms,hsa-mir-29c,gastric cancer (stomach cancer),0.0848968029022216
hsa-mir-29c,Colorectal Neoplasms,hsa-mir-29c,pancreatic cancer,0.0501145347952842
hsa-mir-29c,Corneal dystrophy and epithelial basement membrane,hsa-mir-29c,gastric cancer (stomach cancer),0.0848968029022216
hsa-mir-29c,Corneal dystrophy and epithelial basement membrane,hsa-mir-29c,pancreatic cancer,0.0501145347952842
hsa-mir-29c,Coronary Disease,hsa-mir-29c,gastric cancer (stomach cancer),0.0848968029022216
hsa-mir-29c,Coronary Disease,hsa-mir-29c,pancreatic cancer,0.0501145347952842
hsa-mir-29c,Cranial Nerve Injuries,hsa-mir-29c,gastric cancer (stomach cancer),0.0848968029022216
hsa-mir-29c,Cranial Nerve Injuries,hsa-mir-29c,pancreatic cancer,0.0501145347952842
hsa-mir-29c,Crohn Disease,hsa-mir-29c,gastric cancer (stomach cancer),0.0848968029022216
hsa-mir-29c,Crohn Disease,hsa-mir-29c,pancreatic cancer,0.0501145347952842
hsa-mir-29c,Depression and Post Stroke,hsa-mir-29c,gastric cancer (stomach cancer),0.0848968029022216
hsa-mir-29c,Depression and Post Stroke,hsa-mir-29c,pancreatic cancer,0.0501145347952842
hsa-mir-29c,Diabetes Mellitus,hsa-mir-29c,gastric cancer (stomach cancer),0.0848968029022216
hsa-mir-29c,Diabetes Mellitus,hsa-mir-29c,pancreatic cancer,0.0501145347952842
hsa-mir-29c,Diabetic Cardiomyopathies,hsa-mir-29c,gastric cancer (stomach cancer),0.0848968029022216
hsa-mir-29c,Diabetic Cardiomyopathies,hsa-mir-29c,pancreatic cancer,0.0501145347952842
hsa-mir-29c,Diabetic Nephropathies,hsa-mir-29c,gastric cancer (stomach cancer),0.0848968029022216
hsa-mir-29c,Diabetic Nephropathies,hsa-mir-29c,pancreatic cancer,0.0501145347952842
hsa-mir-29c,Diabetic Retinopathy,hsa-mir-29c,gastric cancer (stomach cancer),0.0848968029022216
hsa-mir-29c,Diabetic Retinopathy,hsa-mir-29c,pancreatic cancer,0.0501145347952842
hsa-mir-29c,Disease,hsa-mir-29c,gastric cancer (stomach cancer),0.0848968029022216
hsa-mir-29c,Disease,hsa-mir-29c,pancreatic cancer,0.0501145347952842
hsa-mir-29c,Endometrial Neoplasms,hsa-mir-29c,gastric cancer (stomach cancer),0.0848968029022216
hsa-mir-29c,Endometrial Neoplasms,hsa-mir-29c,pancreatic cancer,0.0501145347952842
hsa-mir-29c,Epilepsy,hsa-mir-29c,gastric cancer (stomach cancer),0.0848968029022216
hsa-mir-29c,Epilepsy,hsa-mir-29c,pancreatic cancer,0.0501145347952842
hsa-mir-29c,Epstein-Barr Virus Infections,hsa-mir-29c,gastric cancer (stomach cancer),0.0848968029022216
hsa-mir-29c,Epstein-Barr Virus Infections,hsa-mir-29c,pancreatic cancer,0.0501145347952842
hsa-mir-29c,Esophageal Neoplasms,hsa-mir-29c,gastric cancer (stomach cancer),0.0848968029022216
hsa-mir-29c,Esophageal Neoplasms,hsa-mir-29c,pancreatic cancer,0.0501145347952842
hsa-mir-29c,Esophageal Squamous Cell Carcinoma,hsa-mir-29c,gastric cancer (stomach cancer),0.0848968029022216
hsa-mir-29c,Esophageal Squamous Cell Carcinoma,hsa-mir-29c,pancreatic cancer,0.0501145347952842
hsa-mir-29c,Familial Mediterranean Fever,hsa-mir-29c,gastric cancer (stomach cancer),0.0848968029022216
hsa-mir-29c,Familial Mediterranean Fever,hsa-mir-29c,pancreatic cancer,0.0501145347952842
hsa-mir-29c,Fetal Growth Retardation,hsa-mir-29c,gastric cancer (stomach cancer),0.0848968029022216
hsa-mir-29c,Fetal Growth Retardation,hsa-mir-29c,pancreatic cancer,0.0501145347952842
hsa-mir-29c,Fibrosis,hsa-mir-29c,gastric cancer (stomach cancer),0.0848968029022216
hsa-mir-29c,Fibrosis,hsa-mir-29c,pancreatic cancer,0.0501145347952842
hsa-mir-29c,Fibrosis and Renal,hsa-mir-29c,gastric cancer (stomach cancer),0.0848968029022216
hsa-mir-29c,Fibrosis and Renal,hsa-mir-29c,pancreatic cancer,0.0501145347952842
hsa-mir-29c,Gallbladder Neoplasms,hsa-mir-29c,gastric cancer (stomach cancer),0.0848968029022216
hsa-mir-29c,Gallbladder Neoplasms,hsa-mir-29c,pancreatic cancer,0.0501145347952842
hsa-mir-29c,Gastritis,hsa-mir-29c,gastric cancer (stomach cancer),0.0848968029022216
hsa-mir-29c,Gastritis,hsa-mir-29c,pancreatic cancer,0.0501145347952842
hsa-mir-29c,Genital Diseases and Female,hsa-mir-29c,gastric cancer (stomach cancer),0.0848968029022216
hsa-mir-29c,Genital Diseases and Female,hsa-mir-29c,pancreatic cancer,0.0501145347952842
hsa-mir-29c,Glaucoma,hsa-mir-29c,gastric cancer (stomach cancer),0.0848968029022216
hsa-mir-29c,Glaucoma,hsa-mir-29c,pancreatic cancer,0.0501145347952842
hsa-mir-29c,Glioma,hsa-mir-29c,gastric cancer (stomach cancer),0.0848968029022216
hsa-mir-29c,Glioma,hsa-mir-29c,pancreatic cancer,0.0501145347952842
hsa-mir-29c,Head and Neck Neoplasms,hsa-mir-29c,gastric cancer (stomach cancer),0.0848968029022216
hsa-mir-29c,Head and Neck Neoplasms,hsa-mir-29c,pancreatic cancer,0.0501145347952842
hsa-mir-29c,Heart Diseases,hsa-mir-29c,gastric cancer (stomach cancer),0.0848968029022216
hsa-mir-29c,Heart Diseases,hsa-mir-29c,pancreatic cancer,0.0501145347952842
hsa-mir-29c,Heart Neoplasms,hsa-mir-29c,gastric cancer (stomach cancer),0.0848968029022216
hsa-mir-29c,Heart Neoplasms,hsa-mir-29c,pancreatic cancer,0.0501145347952842
hsa-mir-29c,Hepatitis B and Chronic,hsa-mir-29c,gastric cancer (stomach cancer),0.0848968029022216
hsa-mir-29c,Hepatitis B and Chronic,hsa-mir-29c,pancreatic cancer,0.0501145347952842
hsa-mir-29c,Hepatitis and Alcoholic,hsa-mir-29c,gastric cancer (stomach cancer),0.0848968029022216
hsa-mir-29c,Hepatitis and Alcoholic,hsa-mir-29c,pancreatic cancer,0.0501145347952842
hsa-mir-29c,Hepatoblastoma,hsa-mir-29c,gastric cancer (stomach cancer),0.0848968029022216
hsa-mir-29c,Hepatoblastoma,hsa-mir-29c,pancreatic cancer,0.0501145347952842
hsa-mir-29c,Idiopathic Pulmonary Fibrosis,hsa-mir-29c,gastric cancer (stomach cancer),0.0848968029022216
hsa-mir-29c,Idiopathic Pulmonary Fibrosis,hsa-mir-29c,pancreatic cancer,0.0501145347952842
hsa-mir-29c,Infertility and Female,hsa-mir-29c,gastric cancer (stomach cancer),0.0848968029022216
hsa-mir-29c,Infertility and Female,hsa-mir-29c,pancreatic cancer,0.0501145347952842
hsa-mir-29c,Inflammation,hsa-mir-29c,gastric cancer (stomach cancer),0.0848968029022216
hsa-mir-29c,Inflammation,hsa-mir-29c,pancreatic cancer,0.0501145347952842
hsa-mir-29c,Inflammatory Bowel Diseases,hsa-mir-29c,gastric cancer (stomach cancer),0.0848968029022216
hsa-mir-29c,Inflammatory Bowel Diseases,hsa-mir-29c,pancreatic cancer,0.0501145347952842
hsa-mir-29c,Influenza and Human,hsa-mir-29c,gastric cancer (stomach cancer),0.0848968029022216
hsa-mir-29c,Influenza and Human,hsa-mir-29c,pancreatic cancer,0.0501145347952842
hsa-mir-29c,Intracranial Aneurysm,hsa-mir-29c,gastric cancer (stomach cancer),0.0848968029022216
hsa-mir-29c,Intracranial Aneurysm,hsa-mir-29c,pancreatic cancer,0.0501145347952842
hsa-mir-29c,Kidney Diseases,hsa-mir-29c,gastric cancer (stomach cancer),0.0848968029022216
hsa-mir-29c,Kidney Diseases,hsa-mir-29c,pancreatic cancer,0.0501145347952842
hsa-mir-29c,Kidney Failure and Chronic,hsa-mir-29c,gastric cancer (stomach cancer),0.0848968029022216
hsa-mir-29c,Kidney Failure and Chronic,hsa-mir-29c,pancreatic cancer,0.0501145347952842
hsa-mir-29c,Leigh Disease,hsa-mir-29c,gastric cancer (stomach cancer),0.0848968029022216
hsa-mir-29c,Leigh Disease,hsa-mir-29c,pancreatic cancer,0.0501145347952842
hsa-mir-29c,Leiomyoma,hsa-mir-29c,gastric cancer (stomach cancer),0.0848968029022216
hsa-mir-29c,Leiomyoma,hsa-mir-29c,pancreatic cancer,0.0501145347952842
hsa-mir-29c,Leukemia,hsa-mir-29c,gastric cancer (stomach cancer),0.0848968029022216
hsa-mir-29c,Leukemia,hsa-mir-29c,pancreatic cancer,0.0501145347952842
hsa-mir-29c,Leukemia and Biphenotypic and Acute,hsa-mir-29c,gastric cancer (stomach cancer),0.0848968029022216
hsa-mir-29c,Leukemia and Biphenotypic and Acute,hsa-mir-29c,pancreatic cancer,0.0501145347952842
hsa-mir-29c,Leukemia and Lymphocytic and Chronic and B-Cell,hsa-mir-29c,gastric cancer (stomach cancer),0.0848968029022216
hsa-mir-29c,Leukemia and Lymphocytic and Chronic and B-Cell,hsa-mir-29c,pancreatic cancer,0.0501145347952842
hsa-mir-29c,Leukemia and Myeloid and Acute,hsa-mir-29c,gastric cancer (stomach cancer),0.0848968029022216
hsa-mir-29c,Leukemia and Myeloid and Acute,hsa-mir-29c,pancreatic cancer,0.0501145347952842
hsa-mir-29c,Lewy Body Disease,hsa-mir-29c,gastric cancer (stomach cancer),0.0848968029022216
hsa-mir-29c,Lewy Body Disease,hsa-mir-29c,pancreatic cancer,0.0501145347952842
hsa-mir-29c,Liver Cirrhosis,hsa-mir-29c,gastric cancer (stomach cancer),0.0848968029022216
hsa-mir-29c,Liver Cirrhosis,hsa-mir-29c,pancreatic cancer,0.0501145347952842
hsa-mir-29c,Liver Diseases,hsa-mir-29c,gastric cancer (stomach cancer),0.0848968029022216
hsa-mir-29c,Liver Diseases,hsa-mir-29c,pancreatic cancer,0.0501145347952842
hsa-mir-29c,Liver Diseases and Alcoholic,hsa-mir-29c,gastric cancer (stomach cancer),0.0848968029022216
hsa-mir-29c,Liver Diseases and Alcoholic,hsa-mir-29c,pancreatic cancer,0.0501145347952842
hsa-mir-29c,Lung Neoplasms,hsa-mir-29c,gastric cancer (stomach cancer),0.0848968029022216
hsa-mir-29c,Lung Neoplasms,hsa-mir-29c,pancreatic cancer,0.0501145347952842
hsa-mir-29c,Lupus Nephritis,hsa-mir-29c,gastric cancer (stomach cancer),0.0848968029022216
hsa-mir-29c,Lupus Nephritis,hsa-mir-29c,pancreatic cancer,0.0501145347952842
hsa-mir-29c,Lymphopenia,hsa-mir-29c,gastric cancer (stomach cancer),0.0848968029022216
hsa-mir-29c,Lymphopenia,hsa-mir-29c,pancreatic cancer,0.0501145347952842
hsa-mir-29c,Mastitis,hsa-mir-29c,gastric cancer (stomach cancer),0.0848968029022216
hsa-mir-29c,Mastitis,hsa-mir-29c,pancreatic cancer,0.0501145347952842
hsa-mir-29c,Medulloblastoma,hsa-mir-29c,gastric cancer (stomach cancer),0.0848968029022216
hsa-mir-29c,Medulloblastoma,hsa-mir-29c,pancreatic cancer,0.0501145347952842
hsa-mir-29c,Meier-Gorlin syndrome,hsa-mir-29c,gastric cancer (stomach cancer),0.0848968029022216
hsa-mir-29c,Meier-Gorlin syndrome,hsa-mir-29c,pancreatic cancer,0.0501145347952842
hsa-mir-29c,Melanoma,hsa-mir-29c,gastric cancer (stomach cancer),0.0848968029022216
hsa-mir-29c,Melanoma,hsa-mir-29c,pancreatic cancer,0.0501145347952842
hsa-mir-29c,Mesothelioma and Malignant,hsa-mir-29c,gastric cancer (stomach cancer),0.0848968029022216
hsa-mir-29c,Mesothelioma and Malignant,hsa-mir-29c,pancreatic cancer,0.0501145347952842
hsa-mir-29c,Metabolic Diseases,hsa-mir-29c,gastric cancer (stomach cancer),0.0848968029022216
hsa-mir-29c,Metabolic Diseases,hsa-mir-29c,pancreatic cancer,0.0501145347952842
hsa-mir-29c,Multiple Myeloma,hsa-mir-29c,gastric cancer (stomach cancer),0.0848968029022216
hsa-mir-29c,Multiple Myeloma,hsa-mir-29c,pancreatic cancer,0.0501145347952842
hsa-mir-29c,Multiple Sclerosis,hsa-mir-29c,gastric cancer (stomach cancer),0.0848968029022216
hsa-mir-29c,Multiple Sclerosis,hsa-mir-29c,pancreatic cancer,0.0501145347952842
hsa-mir-29c,Muscular Atrophy,hsa-mir-29c,gastric cancer (stomach cancer),0.0848968029022216
hsa-mir-29c,Muscular Atrophy,hsa-mir-29c,pancreatic cancer,0.0501145347952842
hsa-mir-29c,Muscular Dystrophies,hsa-mir-29c,gastric cancer (stomach cancer),0.0848968029022216
hsa-mir-29c,Muscular Dystrophies,hsa-mir-29c,pancreatic cancer,0.0501145347952842
hsa-mir-29c,Myocardial Reperfusion Injury,hsa-mir-29c,gastric cancer (stomach cancer),0.0848968029022216
hsa-mir-29c,Myocardial Reperfusion Injury,hsa-mir-29c,pancreatic cancer,0.0501145347952842
hsa-mir-29c,Nasopharyngeal Carcinoma,hsa-mir-29c,gastric cancer (stomach cancer),0.0848968029022216
hsa-mir-29c,Nasopharyngeal Carcinoma,hsa-mir-29c,pancreatic cancer,0.0501145347952842
hsa-mir-29c,Nasopharyngeal Neoplasms,hsa-mir-29c,gastric cancer (stomach cancer),0.0848968029022216
hsa-mir-29c,Nasopharyngeal Neoplasms,hsa-mir-29c,pancreatic cancer,0.0501145347952842
hsa-mir-29c,Neonatal Encephalopathy,hsa-mir-29c,gastric cancer (stomach cancer),0.0848968029022216
hsa-mir-29c,Neonatal Encephalopathy,hsa-mir-29c,pancreatic cancer,0.0501145347952842
hsa-mir-29c,Nephritis and Interstitial,hsa-mir-29c,gastric cancer (stomach cancer),0.0848968029022216
hsa-mir-29c,Nephritis and Interstitial,hsa-mir-29c,pancreatic cancer,0.0501145347952842
hsa-mir-29c,Nerve Degeneration,hsa-mir-29c,gastric cancer (stomach cancer),0.0848968029022216
hsa-mir-29c,Nerve Degeneration,hsa-mir-29c,pancreatic cancer,0.0501145347952842
hsa-mir-29c,Neurodegenerative Diseases,hsa-mir-29c,gastric cancer (stomach cancer),0.0848968029022216
hsa-mir-29c,Neurodegenerative Diseases,hsa-mir-29c,pancreatic cancer,0.0501145347952842
hsa-mir-29c,Oral Submucous Fibrosis,hsa-mir-29c,gastric cancer (stomach cancer),0.0848968029022216
hsa-mir-29c,Oral Submucous Fibrosis,hsa-mir-29c,pancreatic cancer,0.0501145347952842
hsa-mir-29c,Osteoarthritis,hsa-mir-29c,gastric cancer (stomach cancer),0.0848968029022216
hsa-mir-29c,Osteoarthritis,hsa-mir-29c,pancreatic cancer,0.0501145347952842
hsa-mir-29c,Osteoporosis and Diabetic,hsa-mir-29c,gastric cancer (stomach cancer),0.0848968029022216
hsa-mir-29c,Osteoporosis and Diabetic,hsa-mir-29c,pancreatic cancer,0.0501145347952842
hsa-mir-29c,Osteosarcoma,hsa-mir-29c,gastric cancer (stomach cancer),0.0848968029022216
hsa-mir-29c,Osteosarcoma,hsa-mir-29c,pancreatic cancer,0.0501145347952842
hsa-mir-29c,Ovarian Neoplasms,hsa-mir-29c,gastric cancer (stomach cancer),0.0848968029022216
hsa-mir-29c,Ovarian Neoplasms,hsa-mir-29c,pancreatic cancer,0.0501145347952842
hsa-mir-29c,Pain,hsa-mir-29c,gastric cancer (stomach cancer),0.0848968029022216
hsa-mir-29c,Pain,hsa-mir-29c,pancreatic cancer,0.0501145347952842
hsa-mir-29c,Pancreatic Beta-Cell Dysfunction,hsa-mir-29c,gastric cancer (stomach cancer),0.0848968029022216
hsa-mir-29c,Pancreatic Beta-Cell Dysfunction,hsa-mir-29c,pancreatic cancer,0.0501145347952842
hsa-mir-29c,Pancreatic Carcinoma,hsa-mir-29c,gastric cancer (stomach cancer),0.0848968029022216
hsa-mir-29c,Pancreatic Carcinoma,hsa-mir-29c,pancreatic cancer,0.0501145347952842
hsa-mir-29c,Parkinson Disease,hsa-mir-29c,gastric cancer (stomach cancer),0.0848968029022216
hsa-mir-29c,Parkinson Disease,hsa-mir-29c,pancreatic cancer,0.0501145347952842
hsa-mir-29c,Pericardial Effusion,hsa-mir-29c,gastric cancer (stomach cancer),0.0848968029022216
hsa-mir-29c,Pericardial Effusion,hsa-mir-29c,pancreatic cancer,0.0501145347952842
hsa-mir-29c,Pleural Effusion and Malignant,hsa-mir-29c,gastric cancer (stomach cancer),0.0848968029022216
hsa-mir-29c,Pleural Effusion and Malignant,hsa-mir-29c,pancreatic cancer,0.0501145347952842
hsa-mir-29c,Pneumonia,hsa-mir-29c,gastric cancer (stomach cancer),0.0848968029022216
hsa-mir-29c,Pneumonia,hsa-mir-29c,pancreatic cancer,0.0501145347952842
hsa-mir-29c,Pneumonia and Mycoplasma,hsa-mir-29c,gastric cancer (stomach cancer),0.0848968029022216
hsa-mir-29c,Pneumonia and Mycoplasma,hsa-mir-29c,pancreatic cancer,0.0501145347952842
hsa-mir-29c,Polycystic Ovary Syndrome,hsa-mir-29c,gastric cancer (stomach cancer),0.0848968029022216
hsa-mir-29c,Polycystic Ovary Syndrome,hsa-mir-29c,pancreatic cancer,0.0501145347952842
hsa-mir-29c,Precursor T-Cell Lymphoblastic Leukemia-Lymphoma,hsa-mir-29c,gastric cancer (stomach cancer),0.0848968029022216
hsa-mir-29c,Precursor T-Cell Lymphoblastic Leukemia-Lymphoma,hsa-mir-29c,pancreatic cancer,0.0501145347952842
hsa-mir-29c,Pulmonary Arterial Hypertension,hsa-mir-29c,gastric cancer (stomach cancer),0.0848968029022216
hsa-mir-29c,Pulmonary Arterial Hypertension,hsa-mir-29c,pancreatic cancer,0.0501145347952842
hsa-mir-29c,Pulmonary Disease and Chronic Obstructive,hsa-mir-29c,gastric cancer (stomach cancer),0.0848968029022216
hsa-mir-29c,Pulmonary Disease and Chronic Obstructive,hsa-mir-29c,pancreatic cancer,0.0501145347952842
hsa-mir-29c,Pulmonary Fibrosis,hsa-mir-29c,gastric cancer (stomach cancer),0.0848968029022216
hsa-mir-29c,Pulmonary Fibrosis,hsa-mir-29c,pancreatic cancer,0.0501145347952842
hsa-mir-29c,REM Sleep Behavior Disorder,hsa-mir-29c,gastric cancer (stomach cancer),0.0848968029022216
hsa-mir-29c,REM Sleep Behavior Disorder,hsa-mir-29c,pancreatic cancer,0.0501145347952842
hsa-mir-29c,Reperfusion Injury and Cerebral Ischemia,hsa-mir-29c,gastric cancer (stomach cancer),0.0848968029022216
hsa-mir-29c,Reperfusion Injury and Cerebral Ischemia,hsa-mir-29c,pancreatic cancer,0.0501145347952842
hsa-mir-29c,Respiratory Sounds,hsa-mir-29c,gastric cancer (stomach cancer),0.0848968029022216
hsa-mir-29c,Respiratory Sounds,hsa-mir-29c,pancreatic cancer,0.0501145347952842
hsa-mir-29c,Sarcoma,hsa-mir-29c,gastric cancer (stomach cancer),0.0848968029022216
hsa-mir-29c,Sarcoma,hsa-mir-29c,pancreatic cancer,0.0501145347952842
hsa-mir-29c,Schizophrenia,hsa-mir-29c,gastric cancer (stomach cancer),0.0848968029022216
hsa-mir-29c,Schizophrenia,hsa-mir-29c,pancreatic cancer,0.0501145347952842
hsa-mir-29c,Scleroderma and Systemic,hsa-mir-29c,gastric cancer (stomach cancer),0.0848968029022216
hsa-mir-29c,Scleroderma and Systemic,hsa-mir-29c,pancreatic cancer,0.0501145347952842
hsa-mir-29c,Sepsis,hsa-mir-29c,gastric cancer (stomach cancer),0.0848968029022216
hsa-mir-29c,Sepsis,hsa-mir-29c,pancreatic cancer,0.0501145347952842
hsa-mir-29c,Silicotuberculosis,hsa-mir-29c,gastric cancer (stomach cancer),0.0848968029022216
hsa-mir-29c,Silicotuberculosis,hsa-mir-29c,pancreatic cancer,0.0501145347952842
hsa-mir-29c,Sjogren's Syndrome,hsa-mir-29c,gastric cancer (stomach cancer),0.0848968029022216
hsa-mir-29c,Sjogren's Syndrome,hsa-mir-29c,pancreatic cancer,0.0501145347952842
hsa-mir-29c,Spondylarthropathies,hsa-mir-29c,gastric cancer (stomach cancer),0.0848968029022216
hsa-mir-29c,Spondylarthropathies,hsa-mir-29c,pancreatic cancer,0.0501145347952842
hsa-mir-29c,Squamous Cell Carcinoma of Head and Neck,hsa-mir-29c,gastric cancer (stomach cancer),0.0848968029022216
hsa-mir-29c,Squamous Cell Carcinoma of Head and Neck,hsa-mir-29c,pancreatic cancer,0.0501145347952842
hsa-mir-29c,Still's Disease and Adult-Onset,hsa-mir-29c,gastric cancer (stomach cancer),0.0848968029022216
hsa-mir-29c,Still's Disease and Adult-Onset,hsa-mir-29c,pancreatic cancer,0.0501145347952842
hsa-mir-29c,Stomach Neoplasms,hsa-mir-29c,gastric cancer (stomach cancer),0.0848968029022216
hsa-mir-29c,Stomach Neoplasms,hsa-mir-29c,pancreatic cancer,0.0501145347952842
hsa-mir-29c,Toxoplasmosis,hsa-mir-29c,gastric cancer (stomach cancer),0.0848968029022216
hsa-mir-29c,Toxoplasmosis,hsa-mir-29c,pancreatic cancer,0.0501145347952842
hsa-mir-29c,Toxoplasmosis and Cerebral,hsa-mir-29c,gastric cancer (stomach cancer),0.0848968029022216
hsa-mir-29c,Toxoplasmosis and Cerebral,hsa-mir-29c,pancreatic cancer,0.0501145347952842
hsa-mir-29c,Toxoplasmosis and Ocular,hsa-mir-29c,gastric cancer (stomach cancer),0.0848968029022216
hsa-mir-29c,Toxoplasmosis and Ocular,hsa-mir-29c,pancreatic cancer,0.0501145347952842
hsa-mir-29c,Triple Negative Breast Neoplasms,hsa-mir-29c,gastric cancer (stomach cancer),0.0848968029022216
hsa-mir-29c,Triple Negative Breast Neoplasms,hsa-mir-29c,pancreatic cancer,0.0501145347952842
hsa-mir-29c,Univentricular Heart,hsa-mir-29c,gastric cancer (stomach cancer),0.0848968029022216
hsa-mir-29c,Univentricular Heart,hsa-mir-29c,pancreatic cancer,0.0501145347952842
hsa-mir-29c,Urinary Bladder Neoplasms,hsa-mir-29c,gastric cancer (stomach cancer),0.0848968029022216
hsa-mir-29c,Urinary Bladder Neoplasms,hsa-mir-29c,pancreatic cancer,0.0501145347952842
hsa-mir-29c,Uterine Cervical Neoplasms,hsa-mir-29c,gastric cancer (stomach cancer),0.0848968029022216
hsa-mir-29c,Uterine Cervical Neoplasms,hsa-mir-29c,pancreatic cancer,0.0501145347952842
hsa-mir-29c,Uterine Diseases,hsa-mir-29c,gastric cancer (stomach cancer),0.0848968029022216
hsa-mir-29c,Uterine Diseases,hsa-mir-29c,pancreatic cancer,0.0501145347952842
hsa-mir-29c,Venous Thrombosis,hsa-mir-29c,gastric cancer (stomach cancer),0.0848968029022216
hsa-mir-29c,Venous Thrombosis,hsa-mir-29c,pancreatic cancer,0.0501145347952842
hsa-mir-29c,familial febrile seizures 1,hsa-mir-29c,gastric cancer (stomach cancer),0.0848968029022216
hsa-mir-29c,familial febrile seizures 1,hsa-mir-29c,pancreatic cancer,0.0501145347952842
hsa-mir-29c,gastric adenocarcinoma,hsa-mir-29c,gastric cancer (stomach cancer),0.0848968029022216
hsa-mir-29c,gastric adenocarcinoma,hsa-mir-29c,pancreatic cancer,0.0501145347952842
hsa-mir-29c,late onset Parkinson's disease,hsa-mir-29c,gastric cancer (stomach cancer),0.0848968029022216
hsa-mir-29c,late onset Parkinson's disease,hsa-mir-29c,pancreatic cancer,0.0501145347952842
hsa-mir-29c,lung squamous cell carcinoma,hsa-mir-29c,gastric cancer (stomach cancer),0.0848968029022216
hsa-mir-29c,lung squamous cell carcinoma,hsa-mir-29c,pancreatic cancer,0.0501145347952842
hsa-mir-29c,systemic primary carnitine deficiency disease,hsa-mir-29c,gastric cancer (stomach cancer),0.0848968029022216
hsa-mir-29c,systemic primary carnitine deficiency disease,hsa-mir-29c,pancreatic cancer,0.0501145347952842
hsa-mir-3,Acute Lung Injury,hsa-mir-3,pancreatic cancer,0.028749031946063
hsa-mir-3,Alzheimer Disease,hsa-mir-3,pancreatic cancer,0.028749031946063
hsa-mir-3,Angelman Syndrome,hsa-mir-3,pancreatic cancer,0.028749031946063
hsa-mir-3,Arthritis and Rheumatoid,hsa-mir-3,pancreatic cancer,0.028749031946063
hsa-mir-3,Ataxia Neuropathy Spectrum,hsa-mir-3,pancreatic cancer,0.028749031946063
hsa-mir-3,Ataxia Telangiectasia,hsa-mir-3,pancreatic cancer,0.028749031946063
hsa-mir-3,Atherosclerosis,hsa-mir-3,pancreatic cancer,0.028749031946063
hsa-mir-3,Cardiovascular Diseases,hsa-mir-3,pancreatic cancer,0.028749031946063
hsa-mir-3,Dehydration,hsa-mir-3,pancreatic cancer,0.028749031946063
hsa-mir-3,Diabetes Mellitus,hsa-mir-3,pancreatic cancer,0.028749031946063
hsa-mir-3,Diabetic Nephropathies,hsa-mir-3,pancreatic cancer,0.028749031946063
hsa-mir-3,Diabetic Neuropathies,hsa-mir-3,pancreatic cancer,0.028749031946063
hsa-mir-3,Edwardsiella tarda,hsa-mir-3,pancreatic cancer,0.028749031946063
hsa-mir-3,Endometrial Neoplasms,hsa-mir-3,pancreatic cancer,0.028749031946063
hsa-mir-3,Erectile Dysfunction,hsa-mir-3,pancreatic cancer,0.028749031946063
hsa-mir-3,Fatty Liver,hsa-mir-3,pancreatic cancer,0.028749031946063
hsa-mir-3,Fibrosis and Renal,hsa-mir-3,pancreatic cancer,0.028749031946063
hsa-mir-3,Fluoride Poisoning,hsa-mir-3,pancreatic cancer,0.028749031946063
hsa-mir-3,Gallbladder Neoplasms,hsa-mir-3,pancreatic cancer,0.028749031946063
hsa-mir-3,Hernias and Diaphragmatic and Congenital,hsa-mir-3,pancreatic cancer,0.028749031946063
hsa-mir-3,Incontinentia Pigmenti,hsa-mir-3,pancreatic cancer,0.028749031946063
hsa-mir-3,Inflammation,hsa-mir-3,pancreatic cancer,0.028749031946063
hsa-mir-3,Langer mesomelic dysplasia,hsa-mir-3,pancreatic cancer,0.028749031946063
hsa-mir-3,Lattice corneal dystrophy type 1,hsa-mir-3,pancreatic cancer,0.028749031946063
hsa-mir-3,Lipid Metabolism Disorders,hsa-mir-3,pancreatic cancer,0.028749031946063
hsa-mir-3,Macular Degeneration,hsa-mir-3,pancreatic cancer,0.028749031946063
hsa-mir-3,Myocardial Infarction,hsa-mir-3,pancreatic cancer,0.028749031946063
hsa-mir-3,Nervous System Diseases,hsa-mir-3,pancreatic cancer,0.028749031946063
hsa-mir-3,Niemann-Pick Diseases,hsa-mir-3,pancreatic cancer,0.028749031946063
hsa-mir-3,Non-alcoholic Fatty Liver Disease,hsa-mir-3,pancreatic cancer,0.028749031946063
hsa-mir-3,Obesity,hsa-mir-3,pancreatic cancer,0.028749031946063
hsa-mir-3,Plaque and Atherosclerotic,hsa-mir-3,pancreatic cancer,0.028749031946063
hsa-mir-3,Pneumonia,hsa-mir-3,pancreatic cancer,0.028749031946063
hsa-mir-3,Precursor Cell Lymphoblastic Leukemia-Lymphoma,hsa-mir-3,pancreatic cancer,0.028749031946063
hsa-mir-3,Pulmonary Fibrosis,hsa-mir-3,pancreatic cancer,0.028749031946063
hsa-mir-3,ST Elevation Myocardial Infarction,hsa-mir-3,pancreatic cancer,0.028749031946063
hsa-mir-3,Scholte syndrome,hsa-mir-3,pancreatic cancer,0.028749031946063
hsa-mir-3,Spastic Paraplegia and Hereditary,hsa-mir-3,pancreatic cancer,0.028749031946063
hsa-mir-3,Spinal Cord Injuries,hsa-mir-3,pancreatic cancer,0.028749031946063
hsa-mir-3,Vitamin B Deficiency,hsa-mir-3,pancreatic cancer,0.028749031946063
hsa-mir-3171,Breast Neoplasms,hsa-mir-3171,skin cancer,0.1045727431774139
hsa-mir-3171,Breast Neoplasms,hsa-mir-3171,Thyroid Cancer and Papillary,0.0676437765359878
hsa-mir-3171,Breast Neoplasms,hsa-mir-3171,pancreatic cancer,0.0287456605583429
hsa-mir-3171,Carcinoma and Hepatocellular,hsa-mir-3171,skin cancer,0.1045727431774139
hsa-mir-3171,Carcinoma and Hepatocellular,hsa-mir-3171,Thyroid Cancer and Papillary,0.0676437765359878
hsa-mir-3171,Carcinoma and Hepatocellular,hsa-mir-3171,pancreatic cancer,0.0287456605583429
hsa-mir-3171,Esophageal Squamous Cell Carcinoma,hsa-mir-3171,skin cancer,0.1045727431774139
hsa-mir-3171,Esophageal Squamous Cell Carcinoma,hsa-mir-3171,Thyroid Cancer and Papillary,0.0676437765359878
hsa-mir-3171,Esophageal Squamous Cell Carcinoma,hsa-mir-3171,pancreatic cancer,0.0287456605583429
hsa-mir-3171,Squamous Cell Carcinoma of Head and Neck,hsa-mir-3171,skin cancer,0.1045727431774139
hsa-mir-3171,Squamous Cell Carcinoma of Head and Neck,hsa-mir-3171,Thyroid Cancer and Papillary,0.0676437765359878
hsa-mir-3171,Squamous Cell Carcinoma of Head and Neck,hsa-mir-3171,pancreatic cancer,0.0287456605583429
hsa-mir-3174,Breast Neoplasms,hsa-mir-3174,brain cancer,0.0462822020053863
hsa-mir-3174,Carcinoma and Hepatocellular,hsa-mir-3174,brain cancer,0.0462822020053863
hsa-mir-3174,Rectal Neoplasms,hsa-mir-3174,brain cancer,0.0462822020053863
hsa-mir-3174,Stomach Neoplasms,hsa-mir-3174,brain cancer,0.0462822020053863
hsa-mir-32,Adenocarcinoma of Lung,hsa-mir-32,pancreatic cancer,0.0501150265336036
hsa-mir-32,Atherosclerosis,hsa-mir-32,pancreatic cancer,0.0501150265336036
hsa-mir-32,Atrial Premature Complexes,hsa-mir-32,pancreatic cancer,0.0501150265336036
hsa-mir-32,Bone Diseases,hsa-mir-32,pancreatic cancer,0.0501150265336036
hsa-mir-32,Brain Injuries and Traumatic,hsa-mir-32,pancreatic cancer,0.0501150265336036
hsa-mir-32,Breast Neoplasms,hsa-mir-32,pancreatic cancer,0.0501150265336036
hsa-mir-32,COVID-19,hsa-mir-32,pancreatic cancer,0.0501150265336036
hsa-mir-32,Carcinoma and Hepatocellular,hsa-mir-32,pancreatic cancer,0.0501150265336036
hsa-mir-32,Carcinoma and Non-Small-Cell Lung,hsa-mir-32,pancreatic cancer,0.0501150265336036
hsa-mir-32,Cardiomyopathies,hsa-mir-32,pancreatic cancer,0.0501150265336036
hsa-mir-32,Colonic Neoplasms,hsa-mir-32,pancreatic cancer,0.0501150265336036
hsa-mir-32,Colorectal Neoplasms,hsa-mir-32,pancreatic cancer,0.0501150265336036
hsa-mir-32,Congenital Pulmonary Airway Malformations,hsa-mir-32,pancreatic cancer,0.0501150265336036
hsa-mir-32,Coronary Artery Disease,hsa-mir-32,pancreatic cancer,0.0501150265336036
hsa-mir-32,Cranial Nerve Injuries,hsa-mir-32,pancreatic cancer,0.0501150265336036
hsa-mir-32,Diabetes Mellitus,hsa-mir-32,pancreatic cancer,0.0501150265336036
hsa-mir-32,Diabetes Mellitus and Type 2,hsa-mir-32,pancreatic cancer,0.0501150265336036
hsa-mir-32,Diabetic Nephropathies,hsa-mir-32,pancreatic cancer,0.0501150265336036
hsa-mir-32,Dyspepsia,hsa-mir-32,pancreatic cancer,0.0501150265336036
hsa-mir-32,Freeman-Sheldon syndrome,hsa-mir-32,pancreatic cancer,0.0501150265336036
hsa-mir-32,Glioblastoma,hsa-mir-32,pancreatic cancer,0.0501150265336036
hsa-mir-32,Glioma,hsa-mir-32,pancreatic cancer,0.0501150265336036
hsa-mir-32,Hepatitis B,hsa-mir-32,pancreatic cancer,0.0501150265336036
hsa-mir-32,Hyperalgesia,hsa-mir-32,pancreatic cancer,0.0501150265336036
hsa-mir-32,Infertility and Male,hsa-mir-32,pancreatic cancer,0.0501150265336036
hsa-mir-32,Inflammation,hsa-mir-32,pancreatic cancer,0.0501150265336036
hsa-mir-32,Leukemia and Myeloid and Acute,hsa-mir-32,pancreatic cancer,0.0501150265336036
hsa-mir-32,Multiple Myeloma,hsa-mir-32,pancreatic cancer,0.0501150265336036
hsa-mir-32,Myocardial Infarction,hsa-mir-32,pancreatic cancer,0.0501150265336036
hsa-mir-32,Nasopharyngeal Carcinoma,hsa-mir-32,pancreatic cancer,0.0501150265336036
hsa-mir-32,Neuralgia,hsa-mir-32,pancreatic cancer,0.0501150265336036
hsa-mir-32,Obesity and Maternal,hsa-mir-32,pancreatic cancer,0.0501150265336036
hsa-mir-32,Osteoporosis,hsa-mir-32,pancreatic cancer,0.0501150265336036
hsa-mir-32,Ovarian Neoplasms,hsa-mir-32,pancreatic cancer,0.0501150265336036
hsa-mir-32,Parkinson Disease,hsa-mir-32,pancreatic cancer,0.0501150265336036
hsa-mir-32,Pediatric Enteritis,hsa-mir-32,pancreatic cancer,0.0501150265336036
hsa-mir-32,Plaque and Atherosclerotic,hsa-mir-32,pancreatic cancer,0.0501150265336036
hsa-mir-32,Polycystic Ovary Syndrome,hsa-mir-32,pancreatic cancer,0.0501150265336036
hsa-mir-32,Prostatic Hyperplasia,hsa-mir-32,pancreatic cancer,0.0501150265336036
hsa-mir-32,Prostatic Neoplasms,hsa-mir-32,pancreatic cancer,0.0501150265336036
hsa-mir-32,Retinoblastoma,hsa-mir-32,pancreatic cancer,0.0501150265336036
hsa-mir-32,Spinal Cord Compression,hsa-mir-32,pancreatic cancer,0.0501150265336036
hsa-mir-32,Triple Negative Breast Neoplasms,hsa-mir-32,pancreatic cancer,0.0501150265336036
hsa-mir-32,Uterine Cervical Neoplasms,hsa-mir-32,pancreatic cancer,0.0501150265336036
hsa-mir-32,Vascular Calcification,hsa-mir-32,pancreatic cancer,0.0501150265336036
hsa-mir-32,gastric adenocarcinoma,hsa-mir-32,pancreatic cancer,0.0501150265336036
hsa-mir-32,gastric cardia adenocarcinoma,hsa-mir-32,pancreatic cancer,0.0501150265336036
hsa-mir-326,Acute Lung Injury,hsa-mir-326,recurrent ovarian cancer,0.0906901881098747
hsa-mir-326,Adenocarcinoma of Lung,hsa-mir-326,recurrent ovarian cancer,0.0906901881098747
hsa-mir-326,Alzheimer Disease,hsa-mir-326,recurrent ovarian cancer,0.0906901881098747
hsa-mir-326,Arthritis and Rheumatoid,hsa-mir-326,recurrent ovarian cancer,0.0906901881098747
hsa-mir-326,Asthma,hsa-mir-326,recurrent ovarian cancer,0.0906901881098747
hsa-mir-326,Atherosclerosis,hsa-mir-326,recurrent ovarian cancer,0.0906901881098747
hsa-mir-326,Behcet Syndrome,hsa-mir-326,recurrent ovarian cancer,0.0906901881098747
hsa-mir-326,Breast Neoplasms,hsa-mir-326,recurrent ovarian cancer,0.0906901881098747
hsa-mir-326,COVID-19,hsa-mir-326,recurrent ovarian cancer,0.0906901881098747
hsa-mir-326,Carcinoma and Endometrioid,hsa-mir-326,recurrent ovarian cancer,0.0906901881098747
hsa-mir-326,Carcinoma and Hepatocellular,hsa-mir-326,recurrent ovarian cancer,0.0906901881098747
hsa-mir-326,Carcinoma and Non-Small-Cell Lung,hsa-mir-326,recurrent ovarian cancer,0.0906901881098747
hsa-mir-326,Carcinoma and Squamous Cell and Cutaneous,hsa-mir-326,recurrent ovarian cancer,0.0906901881098747
hsa-mir-326,Cardiomegaly,hsa-mir-326,recurrent ovarian cancer,0.0906901881098747
hsa-mir-326,Cartilage Diseases,hsa-mir-326,recurrent ovarian cancer,0.0906901881098747
hsa-mir-326,Celiac Disease,hsa-mir-326,recurrent ovarian cancer,0.0906901881098747
hsa-mir-326,Cerebral Hemorrhage,hsa-mir-326,recurrent ovarian cancer,0.0906901881098747
hsa-mir-326,Cholangiocarcinoma,hsa-mir-326,recurrent ovarian cancer,0.0906901881098747
hsa-mir-326,Cognition Disorders,hsa-mir-326,recurrent ovarian cancer,0.0906901881098747
hsa-mir-326,Colorectal Neoplasms,hsa-mir-326,recurrent ovarian cancer,0.0906901881098747
hsa-mir-326,Community-Acquired Pneumonia,hsa-mir-326,recurrent ovarian cancer,0.0906901881098747
hsa-mir-326,Coronary Disease,hsa-mir-326,recurrent ovarian cancer,0.0906901881098747
hsa-mir-326,Encephalitis and Japanese,hsa-mir-326,recurrent ovarian cancer,0.0906901881098747
hsa-mir-326,Endometrial Neoplasms,hsa-mir-326,recurrent ovarian cancer,0.0906901881098747
hsa-mir-326,Esophageal Squamous Cell Carcinoma,hsa-mir-326,recurrent ovarian cancer,0.0906901881098747
hsa-mir-326,Glioblastoma,hsa-mir-326,recurrent ovarian cancer,0.0906901881098747
hsa-mir-326,Glioma,hsa-mir-326,recurrent ovarian cancer,0.0906901881098747
hsa-mir-326,Hypertension and Pulmonary,hsa-mir-326,recurrent ovarian cancer,0.0906901881098747
hsa-mir-326,Hypoxia-Ischemia and Brain and Newborn,hsa-mir-326,recurrent ovarian cancer,0.0906901881098747
hsa-mir-326,Kidney Diseases,hsa-mir-326,recurrent ovarian cancer,0.0906901881098747
hsa-mir-326,Kidney Failure and Chronic,hsa-mir-326,recurrent ovarian cancer,0.0906901881098747
hsa-mir-326,Leukemia,hsa-mir-326,recurrent ovarian cancer,0.0906901881098747
hsa-mir-326,Leukemia and Myelogenous and Chronic and BCR-ABL Positive,hsa-mir-326,recurrent ovarian cancer,0.0906901881098747
hsa-mir-326,Leukemia and Myeloid and Acute,hsa-mir-326,recurrent ovarian cancer,0.0906901881098747
hsa-mir-326,Lichen Sclerosus et Atrophicus,hsa-mir-326,recurrent ovarian cancer,0.0906901881098747
hsa-mir-326,Liver Neoplasms,hsa-mir-326,recurrent ovarian cancer,0.0906901881098747
hsa-mir-326,Lung Diseases,hsa-mir-326,recurrent ovarian cancer,0.0906901881098747
hsa-mir-326,Lung Neoplasms,hsa-mir-326,recurrent ovarian cancer,0.0906901881098747
hsa-mir-326,Lupus Erythematosus and Systemic,hsa-mir-326,recurrent ovarian cancer,0.0906901881098747
hsa-mir-326,Lymphoma and B-Cell,hsa-mir-326,recurrent ovarian cancer,0.0906901881098747
hsa-mir-326,Medulloblastoma,hsa-mir-326,recurrent ovarian cancer,0.0906901881098747
hsa-mir-326,Melanoma,hsa-mir-326,recurrent ovarian cancer,0.0906901881098747
hsa-mir-326,Multiple Sclerosis,hsa-mir-326,recurrent ovarian cancer,0.0906901881098747
hsa-mir-326,Multiple Sclerosis and Relapsing-Remitting,hsa-mir-326,recurrent ovarian cancer,0.0906901881098747
hsa-mir-326,Nasopharyngeal Carcinoma,hsa-mir-326,recurrent ovarian cancer,0.0906901881098747
hsa-mir-326,Neuroblastoma,hsa-mir-326,recurrent ovarian cancer,0.0906901881098747
hsa-mir-326,Obesity,hsa-mir-326,recurrent ovarian cancer,0.0906901881098747
hsa-mir-326,Osteoarthritis,hsa-mir-326,recurrent ovarian cancer,0.0906901881098747
hsa-mir-326,Osteosarcoma,hsa-mir-326,recurrent ovarian cancer,0.0906901881098747
hsa-mir-326,Ovarian Neoplasms,hsa-mir-326,recurrent ovarian cancer,0.0906901881098747
hsa-mir-326,Pancreatic Carcinoma,hsa-mir-326,recurrent ovarian cancer,0.0906901881098747
hsa-mir-326,Parkinson Disease,hsa-mir-326,recurrent ovarian cancer,0.0906901881098747
hsa-mir-326,Pneumonia and Mycoplasma,hsa-mir-326,recurrent ovarian cancer,0.0906901881098747
hsa-mir-326,Polycystic Ovary Syndrome,hsa-mir-326,recurrent ovarian cancer,0.0906901881098747
hsa-mir-326,Pre-Eclampsia,hsa-mir-326,recurrent ovarian cancer,0.0906901881098747
hsa-mir-326,Precursor Cell Lymphoblastic Leukemia-Lymphoma,hsa-mir-326,recurrent ovarian cancer,0.0906901881098747
hsa-mir-326,Prostatic Neoplasms,hsa-mir-326,recurrent ovarian cancer,0.0906901881098747
hsa-mir-326,Pulmonary Fibrosis,hsa-mir-326,recurrent ovarian cancer,0.0906901881098747
hsa-mir-326,Rectal Neoplasms,hsa-mir-326,recurrent ovarian cancer,0.0906901881098747
hsa-mir-326,Renal Insufficiency,hsa-mir-326,recurrent ovarian cancer,0.0906901881098747
hsa-mir-326,Sarcoma and Ewing,hsa-mir-326,recurrent ovarian cancer,0.0906901881098747
hsa-mir-326,Sepsis,hsa-mir-326,recurrent ovarian cancer,0.0906901881098747
hsa-mir-326,Silicotuberculosis,hsa-mir-326,recurrent ovarian cancer,0.0906901881098747
hsa-mir-326,Skin Diseases,hsa-mir-326,recurrent ovarian cancer,0.0906901881098747
hsa-mir-326,Squamous Cell Carcinoma of Head and Neck,hsa-mir-326,recurrent ovarian cancer,0.0906901881098747
hsa-mir-326,Stomach Neoplasms,hsa-mir-326,recurrent ovarian cancer,0.0906901881098747
hsa-mir-326,Thyroid Cancer and Papillary,hsa-mir-326,recurrent ovarian cancer,0.0906901881098747
hsa-mir-326,Thyroiditis and Autoimmune,hsa-mir-326,recurrent ovarian cancer,0.0906901881098747
hsa-mir-326,Triple Negative Breast Neoplasms,hsa-mir-326,recurrent ovarian cancer,0.0906901881098747
hsa-mir-326,Uremia,hsa-mir-326,recurrent ovarian cancer,0.0906901881098747
hsa-mir-326,Urinary Bladder Neoplasms,hsa-mir-326,recurrent ovarian cancer,0.0906901881098747
hsa-mir-326,Uterine Cervical Neoplasms,hsa-mir-326,recurrent ovarian cancer,0.0906901881098747
hsa-mir-326,familial febrile seizures 1,hsa-mir-326,recurrent ovarian cancer,0.0906901881098747
hsa-mir-326,hereditary diffuse gastric cancer,hsa-mir-326,recurrent ovarian cancer,0.0906901881098747
hsa-mir-326,late onset Parkinson's disease,hsa-mir-326,recurrent ovarian cancer,0.0906901881098747
hsa-mir-326,salivary gland adenoid cystic carcinoma,hsa-mir-326,recurrent ovarian cancer,0.0906901881098747
hsa-mir-337,Alveolar Bone Loss,hsa-mir-337,gastric cancer (stomach cancer),0.066922403872013
hsa-mir-337,Alveolar Bone Loss,hsa-mir-337,pancreatic cancer,0.0287469420582056
hsa-mir-337,Breast Neoplasms,hsa-mir-337,gastric cancer (stomach cancer),0.066922403872013
hsa-mir-337,Breast Neoplasms,hsa-mir-337,pancreatic cancer,0.0287469420582056
hsa-mir-337,Carcinoma and Non-Small-Cell Lung,hsa-mir-337,gastric cancer (stomach cancer),0.066922403872013
hsa-mir-337,Carcinoma and Non-Small-Cell Lung,hsa-mir-337,pancreatic cancer,0.0287469420582056
hsa-mir-337,Carcinoma and Ovarian Epithelial,hsa-mir-337,gastric cancer (stomach cancer),0.066922403872013
hsa-mir-337,Carcinoma and Ovarian Epithelial,hsa-mir-337,pancreatic cancer,0.0287469420582056
hsa-mir-337,Carcinoma and Renal Cell,hsa-mir-337,gastric cancer (stomach cancer),0.066922403872013
hsa-mir-337,Carcinoma and Renal Cell,hsa-mir-337,pancreatic cancer,0.0287469420582056
hsa-mir-337,Cardiomegaly,hsa-mir-337,gastric cancer (stomach cancer),0.066922403872013
hsa-mir-337,Cardiomegaly,hsa-mir-337,pancreatic cancer,0.0287469420582056
hsa-mir-337,Colonic Neoplasms,hsa-mir-337,gastric cancer (stomach cancer),0.066922403872013
hsa-mir-337,Colonic Neoplasms,hsa-mir-337,pancreatic cancer,0.0287469420582056
hsa-mir-337,Endometrial Neoplasms,hsa-mir-337,gastric cancer (stomach cancer),0.066922403872013
hsa-mir-337,Endometrial Neoplasms,hsa-mir-337,pancreatic cancer,0.0287469420582056
hsa-mir-337,Esophageal Squamous Cell Carcinoma,hsa-mir-337,gastric cancer (stomach cancer),0.066922403872013
hsa-mir-337,Esophageal Squamous Cell Carcinoma,hsa-mir-337,pancreatic cancer,0.0287469420582056
hsa-mir-337,Glioma,hsa-mir-337,gastric cancer (stomach cancer),0.066922403872013
hsa-mir-337,Glioma,hsa-mir-337,pancreatic cancer,0.0287469420582056
hsa-mir-337,Hyperlipidemias,hsa-mir-337,gastric cancer (stomach cancer),0.066922403872013
hsa-mir-337,Hyperlipidemias,hsa-mir-337,pancreatic cancer,0.0287469420582056
hsa-mir-337,Hypertension and Pulmonary,hsa-mir-337,gastric cancer (stomach cancer),0.066922403872013
hsa-mir-337,Hypertension and Pulmonary,hsa-mir-337,pancreatic cancer,0.0287469420582056
hsa-mir-337,Ischemic Stroke,hsa-mir-337,gastric cancer (stomach cancer),0.066922403872013
hsa-mir-337,Ischemic Stroke,hsa-mir-337,pancreatic cancer,0.0287469420582056
hsa-mir-337,Leukemia and Lymphocytic and Chronic and B-Cell,hsa-mir-337,gastric cancer (stomach cancer),0.066922403872013
hsa-mir-337,Leukemia and Lymphocytic and Chronic and B-Cell,hsa-mir-337,pancreatic cancer,0.0287469420582056
hsa-mir-337,Lymphoma and T-Cell and Cutaneous,hsa-mir-337,gastric cancer (stomach cancer),0.066922403872013
hsa-mir-337,Lymphoma and T-Cell and Cutaneous,hsa-mir-337,pancreatic cancer,0.0287469420582056
hsa-mir-337,Multiple Sclerosis,hsa-mir-337,gastric cancer (stomach cancer),0.066922403872013
hsa-mir-337,Multiple Sclerosis,hsa-mir-337,pancreatic cancer,0.0287469420582056
hsa-mir-337,Osteoarthritis,hsa-mir-337,gastric cancer (stomach cancer),0.066922403872013
hsa-mir-337,Osteoarthritis,hsa-mir-337,pancreatic cancer,0.0287469420582056
hsa-mir-337,Osteochondrodysplasias,hsa-mir-337,gastric cancer (stomach cancer),0.066922403872013
hsa-mir-337,Osteochondrodysplasias,hsa-mir-337,pancreatic cancer,0.0287469420582056
hsa-mir-337,Osteoporosis,hsa-mir-337,gastric cancer (stomach cancer),0.066922403872013
hsa-mir-337,Osteoporosis,hsa-mir-337,pancreatic cancer,0.0287469420582056
hsa-mir-337,Osteosarcoma,hsa-mir-337,gastric cancer (stomach cancer),0.066922403872013
hsa-mir-337,Osteosarcoma,hsa-mir-337,pancreatic cancer,0.0287469420582056
hsa-mir-337,Squamous Cell Carcinoma of Head and Neck,hsa-mir-337,gastric cancer (stomach cancer),0.066922403872013
hsa-mir-337,Squamous Cell Carcinoma of Head and Neck,hsa-mir-337,pancreatic cancer,0.0287469420582056
hsa-mir-337,Stomach Neoplasms,hsa-mir-337,gastric cancer (stomach cancer),0.066922403872013
hsa-mir-337,Stomach Neoplasms,hsa-mir-337,pancreatic cancer,0.0287469420582056
hsa-mir-337,Tendinopathy,hsa-mir-337,gastric cancer (stomach cancer),0.066922403872013
hsa-mir-337,Tendinopathy,hsa-mir-337,pancreatic cancer,0.0287469420582056
hsa-mir-337,Tuberculosis,hsa-mir-337,gastric cancer (stomach cancer),0.066922403872013
hsa-mir-337,Tuberculosis,hsa-mir-337,pancreatic cancer,0.0287469420582056
hsa-mir-337,Urinary Bladder Neoplasms,hsa-mir-337,gastric cancer (stomach cancer),0.066922403872013
hsa-mir-337,Urinary Bladder Neoplasms,hsa-mir-337,pancreatic cancer,0.0287469420582056
hsa-mir-337,Uterine Cervical Neoplasms,hsa-mir-337,gastric cancer (stomach cancer),0.066922403872013
hsa-mir-337,Uterine Cervical Neoplasms,hsa-mir-337,pancreatic cancer,0.0287469420582056
hsa-mir-33a,Abortion and Habitual,hsa-mir-33a,pancreatic cancer,0.0287431459873914
hsa-mir-33a,Adenocarcinoma of Lung,hsa-mir-33a,pancreatic cancer,0.0287431459873914
hsa-mir-33a,Asthma,hsa-mir-33a,pancreatic cancer,0.0287431459873914
hsa-mir-33a,Atherosclerosis,hsa-mir-33a,pancreatic cancer,0.0287431459873914
hsa-mir-33a,Atrial Fibrillation,hsa-mir-33a,pancreatic cancer,0.0287431459873914
hsa-mir-33a,Breast Neoplasms,hsa-mir-33a,pancreatic cancer,0.0287431459873914
hsa-mir-33a,Carcinoma and Hepatocellular,hsa-mir-33a,pancreatic cancer,0.0287431459873914
hsa-mir-33a,Carcinoma and Non-Small-Cell Lung,hsa-mir-33a,pancreatic cancer,0.0287431459873914
hsa-mir-33a,Carcinoma and Pancreatic Ductal,hsa-mir-33a,pancreatic cancer,0.0287431459873914
hsa-mir-33a,Carcinoma and Renal Cell,hsa-mir-33a,pancreatic cancer,0.0287431459873914
hsa-mir-33a,Carotid Artery Diseases,hsa-mir-33a,pancreatic cancer,0.0287431459873914
hsa-mir-33a,Carotid Stenosis,hsa-mir-33a,pancreatic cancer,0.0287431459873914
hsa-mir-33a,Cholestasis,hsa-mir-33a,pancreatic cancer,0.0287431459873914
hsa-mir-33a,Colorectal Neoplasms,hsa-mir-33a,pancreatic cancer,0.0287431459873914
hsa-mir-33a,Coronary Disease,hsa-mir-33a,pancreatic cancer,0.0287431459873914
hsa-mir-33a,Delayed Graft Function,hsa-mir-33a,pancreatic cancer,0.0287431459873914
hsa-mir-33a,Dengue,hsa-mir-33a,pancreatic cancer,0.0287431459873914
hsa-mir-33a,Diabetes Mellitus,hsa-mir-33a,pancreatic cancer,0.0287431459873914
hsa-mir-33a,Diabetes Mellitus and Type 2,hsa-mir-33a,pancreatic cancer,0.0287431459873914
hsa-mir-33a,Diabetes and Gestational,hsa-mir-33a,pancreatic cancer,0.0287431459873914
hsa-mir-33a,Diabetic Nephropathies,hsa-mir-33a,pancreatic cancer,0.0287431459873914
hsa-mir-33a,Dyslipidemias,hsa-mir-33a,pancreatic cancer,0.0287431459873914
hsa-mir-33a,Esophageal Neoplasms,hsa-mir-33a,pancreatic cancer,0.0287431459873914
hsa-mir-33a,Esophageal Squamous Cell Carcinoma,hsa-mir-33a,pancreatic cancer,0.0287431459873914
hsa-mir-33a,Fatty Liver,hsa-mir-33a,pancreatic cancer,0.0287431459873914
hsa-mir-33a,Fluoride Poisoning,hsa-mir-33a,pancreatic cancer,0.0287431459873914
hsa-mir-33a,Glioblastoma,hsa-mir-33a,pancreatic cancer,0.0287431459873914
hsa-mir-33a,Glioma,hsa-mir-33a,pancreatic cancer,0.0287431459873914
hsa-mir-33a,Glomerulonephritis and IGA,hsa-mir-33a,pancreatic cancer,0.0287431459873914
hsa-mir-33a,Glucose Metabolism Disorders,hsa-mir-33a,pancreatic cancer,0.0287431459873914
hsa-mir-33a,Hemangioma and Cavernous,hsa-mir-33a,pancreatic cancer,0.0287431459873914
hsa-mir-33a,Hemorrhagic Fever and Ebola,hsa-mir-33a,pancreatic cancer,0.0287431459873914
hsa-mir-33a,Hyperlipidemias,hsa-mir-33a,pancreatic cancer,0.0287431459873914
hsa-mir-33a,Hyperlipoproteinemia Type II,hsa-mir-33a,pancreatic cancer,0.0287431459873914
hsa-mir-33a,Hypertension,hsa-mir-33a,pancreatic cancer,0.0287431459873914
hsa-mir-33a,Hypertrophy,hsa-mir-33a,pancreatic cancer,0.0287431459873914
hsa-mir-33a,Inflammation,hsa-mir-33a,pancreatic cancer,0.0287431459873914
hsa-mir-33a,Insulin Resistance,hsa-mir-33a,pancreatic cancer,0.0287431459873914
hsa-mir-33a,Kidney Diseases,hsa-mir-33a,pancreatic cancer,0.0287431459873914
hsa-mir-33a,Leukemia and Myelogenous and Chronic and BCR-ABL Positive,hsa-mir-33a,pancreatic cancer,0.0287431459873914
hsa-mir-33a,Liver Diseases,hsa-mir-33a,pancreatic cancer,0.0287431459873914
hsa-mir-33a,Liver Neoplasms,hsa-mir-33a,pancreatic cancer,0.0287431459873914
hsa-mir-33a,Lung Neoplasms,hsa-mir-33a,pancreatic cancer,0.0287431459873914
hsa-mir-33a,Lymphoma and B-Cell,hsa-mir-33a,pancreatic cancer,0.0287431459873914
hsa-mir-33a,Melanoma,hsa-mir-33a,pancreatic cancer,0.0287431459873914
hsa-mir-33a,Mental Disorders,hsa-mir-33a,pancreatic cancer,0.0287431459873914
hsa-mir-33a,Metabolic Diseases,hsa-mir-33a,pancreatic cancer,0.0287431459873914
hsa-mir-33a,Multiple Myeloma,hsa-mir-33a,pancreatic cancer,0.0287431459873914
hsa-mir-33a,Myocardial Reperfusion Injury,hsa-mir-33a,pancreatic cancer,0.0287431459873914
hsa-mir-33a,Nephritis and Interstitial,hsa-mir-33a,pancreatic cancer,0.0287431459873914
hsa-mir-33a,Non-alcoholic Fatty Liver Disease,hsa-mir-33a,pancreatic cancer,0.0287431459873914
hsa-mir-33a,Osteoarthritis,hsa-mir-33a,pancreatic cancer,0.0287431459873914
hsa-mir-33a,Osteoporosis,hsa-mir-33a,pancreatic cancer,0.0287431459873914
hsa-mir-33a,Osteosarcoma,hsa-mir-33a,pancreatic cancer,0.0287431459873914
hsa-mir-33a,Ovarian Neoplasms,hsa-mir-33a,pancreatic cancer,0.0287431459873914
hsa-mir-33a,Pancreatic Carcinoma,hsa-mir-33a,pancreatic cancer,0.0287431459873914
hsa-mir-33a,Pediatric Obesity,hsa-mir-33a,pancreatic cancer,0.0287431459873914
hsa-mir-33a,Plaque and Atherosclerotic,hsa-mir-33a,pancreatic cancer,0.0287431459873914
hsa-mir-33a,Prostatic Neoplasms,hsa-mir-33a,pancreatic cancer,0.0287431459873914
hsa-mir-33a,Scleroderma and Systemic,hsa-mir-33a,pancreatic cancer,0.0287431459873914
hsa-mir-33a,Spastic Paraplegia and Hereditary,hsa-mir-33a,pancreatic cancer,0.0287431459873914
hsa-mir-33a,Squamous Cell Carcinoma of Head and Neck,hsa-mir-33a,pancreatic cancer,0.0287431459873914
hsa-mir-33a,Stomach Neoplasms,hsa-mir-33a,pancreatic cancer,0.0287431459873914
hsa-mir-33a,Thrombocytopenia,hsa-mir-33a,pancreatic cancer,0.0287431459873914
hsa-mir-33a,Triple Negative Breast Neoplasms,hsa-mir-33a,pancreatic cancer,0.0287431459873914
hsa-mir-33a,Tuberous Sclerosis,hsa-mir-33a,pancreatic cancer,0.0287431459873914
hsa-mir-33a,Uterine Cervical Neoplasms,hsa-mir-33a,pancreatic cancer,0.0287431459873914
hsa-mir-33a,Varicose Veins,hsa-mir-33a,pancreatic cancer,0.0287431459873914
hsa-mir-33a,Vascular Calcification,hsa-mir-33a,pancreatic cancer,0.0287431459873914
hsa-mir-340,Acute Liver Injury,hsa-mir-340,pancreatic cancer,0.0287014786154031
hsa-mir-340,Adenocarcinoma of Lung,hsa-mir-340,pancreatic cancer,0.0287014786154031
hsa-mir-340,Alzheimer Disease,hsa-mir-340,pancreatic cancer,0.0287014786154031
hsa-mir-340,Arthritis and Rheumatoid,hsa-mir-340,pancreatic cancer,0.0287014786154031
hsa-mir-340,Brain Injuries,hsa-mir-340,pancreatic cancer,0.0287014786154031
hsa-mir-340,Breast Neoplasms,hsa-mir-340,pancreatic cancer,0.0287014786154031
hsa-mir-340,Carcinoma and Endometrioid,hsa-mir-340,pancreatic cancer,0.0287014786154031
hsa-mir-340,Carcinoma and Hepatocellular,hsa-mir-340,pancreatic cancer,0.0287014786154031
hsa-mir-340,Carcinoma and Non-Small-Cell Lung,hsa-mir-340,pancreatic cancer,0.0287014786154031
hsa-mir-340,Carcinoma and Pancreatic Ductal,hsa-mir-340,pancreatic cancer,0.0287014786154031
hsa-mir-340,Carcinoma and Renal Cell,hsa-mir-340,pancreatic cancer,0.0287014786154031
hsa-mir-340,Cardiomegaly,hsa-mir-340,pancreatic cancer,0.0287014786154031
hsa-mir-340,Cardiomyopathies,hsa-mir-340,pancreatic cancer,0.0287014786154031
hsa-mir-340,Cerebral Hemorrhage,hsa-mir-340,pancreatic cancer,0.0287014786154031
hsa-mir-340,Cholangiocarcinoma,hsa-mir-340,pancreatic cancer,0.0287014786154031
hsa-mir-340,Cicatrix,hsa-mir-340,pancreatic cancer,0.0287014786154031
hsa-mir-340,Colonic Neoplasms,hsa-mir-340,pancreatic cancer,0.0287014786154031
hsa-mir-340,Colorectal Neoplasms,hsa-mir-340,pancreatic cancer,0.0287014786154031
hsa-mir-340,Corneal Neovascularization,hsa-mir-340,pancreatic cancer,0.0287014786154031
hsa-mir-340,Diabetes Mellitus,hsa-mir-340,pancreatic cancer,0.0287014786154031
hsa-mir-340,Diabetes Mellitus and Type 2,hsa-mir-340,pancreatic cancer,0.0287014786154031
hsa-mir-340,Diabetes and Gestational,hsa-mir-340,pancreatic cancer,0.0287014786154031
hsa-mir-340,Diabetic Nephropathies,hsa-mir-340,pancreatic cancer,0.0287014786154031
hsa-mir-340,Endometrial Neoplasms,hsa-mir-340,pancreatic cancer,0.0287014786154031
hsa-mir-340,Endometriosis,hsa-mir-340,pancreatic cancer,0.0287014786154031
hsa-mir-340,Esophageal Squamous Cell Carcinoma,hsa-mir-340,pancreatic cancer,0.0287014786154031
hsa-mir-340,Familial Mediterranean Fever,hsa-mir-340,pancreatic cancer,0.0287014786154031
hsa-mir-340,Gallbladder Neoplasms,hsa-mir-340,pancreatic cancer,0.0287014786154031
hsa-mir-340,Glioblastoma,hsa-mir-340,pancreatic cancer,0.0287014786154031
hsa-mir-340,Glioma,hsa-mir-340,pancreatic cancer,0.0287014786154031
hsa-mir-340,Glomerulonephritis and Membranous,hsa-mir-340,pancreatic cancer,0.0287014786154031
hsa-mir-340,Gynatresia,hsa-mir-340,pancreatic cancer,0.0287014786154031
hsa-mir-340,Hepatitis B,hsa-mir-340,pancreatic cancer,0.0287014786154031
hsa-mir-340,Hepatitis B and Chronic,hsa-mir-340,pancreatic cancer,0.0287014786154031
hsa-mir-340,Hyperlipidemias,hsa-mir-340,pancreatic cancer,0.0287014786154031
hsa-mir-340,Hypertension and Pulmonary,hsa-mir-340,pancreatic cancer,0.0287014786154031
hsa-mir-340,Incisional Pain,hsa-mir-340,pancreatic cancer,0.0287014786154031
hsa-mir-340,Inflammatory Bowel Diseases,hsa-mir-340,pancreatic cancer,0.0287014786154031
hsa-mir-340,Influenza and Human,hsa-mir-340,pancreatic cancer,0.0287014786154031
hsa-mir-340,Insulin Resistance,hsa-mir-340,pancreatic cancer,0.0287014786154031
hsa-mir-340,Ischemic Stroke,hsa-mir-340,pancreatic cancer,0.0287014786154031
hsa-mir-340,Laryngeal Neoplasms,hsa-mir-340,pancreatic cancer,0.0287014786154031
hsa-mir-340,Leishmaniasis,hsa-mir-340,pancreatic cancer,0.0287014786154031
hsa-mir-340,Leukemia and Myeloid and Acute,hsa-mir-340,pancreatic cancer,0.0287014786154031
hsa-mir-340,Liver Cirrhosis and Hepatitis Virus B-Related,hsa-mir-340,pancreatic cancer,0.0287014786154031
hsa-mir-340,Liver Neoplasms,hsa-mir-340,pancreatic cancer,0.0287014786154031
hsa-mir-340,Lung Neoplasms,hsa-mir-340,pancreatic cancer,0.0287014786154031
hsa-mir-340,Lymphoma and Large B-Cell and Diffuse,hsa-mir-340,pancreatic cancer,0.0287014786154031
hsa-mir-340,Melanoma,hsa-mir-340,pancreatic cancer,0.0287014786154031
hsa-mir-340,Mouth Neoplasms,hsa-mir-340,pancreatic cancer,0.0287014786154031
hsa-mir-340,Moyamoya Disease,hsa-mir-340,pancreatic cancer,0.0287014786154031
hsa-mir-340,Multiple Myeloma,hsa-mir-340,pancreatic cancer,0.0287014786154031
hsa-mir-340,Myocardial Infarction,hsa-mir-340,pancreatic cancer,0.0287014786154031
hsa-mir-340,Myocardial Reperfusion Injury,hsa-mir-340,pancreatic cancer,0.0287014786154031
hsa-mir-340,Nasopharyngeal Carcinoma,hsa-mir-340,pancreatic cancer,0.0287014786154031
hsa-mir-340,Neuralgia,hsa-mir-340,pancreatic cancer,0.0287014786154031
hsa-mir-340,Optic atrophy 1 and deafness,hsa-mir-340,pancreatic cancer,0.0287014786154031
hsa-mir-340,Osteoporosis and Postmenopausal,hsa-mir-340,pancreatic cancer,0.0287014786154031
hsa-mir-340,Osteosarcoma,hsa-mir-340,pancreatic cancer,0.0287014786154031
hsa-mir-340,Ovarian Neoplasms,hsa-mir-340,pancreatic cancer,0.0287014786154031
hsa-mir-340,Pancreatic Carcinoma,hsa-mir-340,pancreatic cancer,0.0287014786154031
hsa-mir-340,Pancreatitis,hsa-mir-340,pancreatic cancer,0.0287014786154031
hsa-mir-340,Pancreatitis and Chronic,hsa-mir-340,pancreatic cancer,0.0287014786154031
hsa-mir-340,Pre-Eclampsia,hsa-mir-340,pancreatic cancer,0.0287014786154031
hsa-mir-340,Pulmonary Arterial Hypertension,hsa-mir-340,pancreatic cancer,0.0287014786154031
hsa-mir-340,Pulmonary Fibrosis,hsa-mir-340,pancreatic cancer,0.0287014786154031
hsa-mir-340,Reperfusion Injury,hsa-mir-340,pancreatic cancer,0.0287014786154031
hsa-mir-340,Reperfusion Injury and Cerebral Ischemia,hsa-mir-340,pancreatic cancer,0.0287014786154031
hsa-mir-340,Retinoblastoma,hsa-mir-340,pancreatic cancer,0.0287014786154031
hsa-mir-340,Small Cell Lung Carcinoma,hsa-mir-340,pancreatic cancer,0.0287014786154031
hsa-mir-340,Social Isolation and Post Stroke,hsa-mir-340,pancreatic cancer,0.0287014786154031
hsa-mir-340,Spinal Cord Injuries,hsa-mir-340,pancreatic cancer,0.0287014786154031
hsa-mir-340,Squamous Cell Carcinoma of Head and Neck,hsa-mir-340,pancreatic cancer,0.0287014786154031
hsa-mir-340,Stomach Neoplasms,hsa-mir-340,pancreatic cancer,0.0287014786154031
hsa-mir-340,Stroke,hsa-mir-340,pancreatic cancer,0.0287014786154031
hsa-mir-340,Subarachnoid Hemorrhage,hsa-mir-340,pancreatic cancer,0.0287014786154031
hsa-mir-340,Urinary Bladder Neoplasms,hsa-mir-340,pancreatic cancer,0.0287014786154031
hsa-mir-340,Uterine Cervical Neoplasms,hsa-mir-340,pancreatic cancer,0.0287014786154031
hsa-mir-340,salivary gland adenoid cystic carcinoma,hsa-mir-340,pancreatic cancer,0.0287014786154031
hsa-mir-340,von Hippel-Lindau Disease,hsa-mir-340,pancreatic cancer,0.0287014786154031
hsa-mir-345,Actinic cheilitis,hsa-mir-345,recurrent ovarian cancer,0.0906912013888359
hsa-mir-345,Adenocarcinoma of Lung,hsa-mir-345,recurrent ovarian cancer,0.0906912013888359
hsa-mir-345,Amyotrophic Lateral Sclerosis,hsa-mir-345,recurrent ovarian cancer,0.0906912013888359
hsa-mir-345,Aneuploidy,hsa-mir-345,recurrent ovarian cancer,0.0906912013888359
hsa-mir-345,Breast Neoplasms,hsa-mir-345,recurrent ovarian cancer,0.0906912013888359
hsa-mir-345,Carcinoma and Hepatocellular,hsa-mir-345,recurrent ovarian cancer,0.0906912013888359
hsa-mir-345,Carcinoma and Non-Small-Cell Lung,hsa-mir-345,recurrent ovarian cancer,0.0906912013888359
hsa-mir-345,Carcinoma and Squamous Cell,hsa-mir-345,recurrent ovarian cancer,0.0906912013888359
hsa-mir-345,Carcinoma in Situ,hsa-mir-345,recurrent ovarian cancer,0.0906912013888359
hsa-mir-345,Cholangiocarcinoma,hsa-mir-345,recurrent ovarian cancer,0.0906912013888359
hsa-mir-345,Colonic Neoplasms,hsa-mir-345,recurrent ovarian cancer,0.0906912013888359
hsa-mir-345,Depression,hsa-mir-345,recurrent ovarian cancer,0.0906912013888359
hsa-mir-345,Diabetes and Gestational,hsa-mir-345,recurrent ovarian cancer,0.0906912013888359
hsa-mir-345,Glioblastoma,hsa-mir-345,recurrent ovarian cancer,0.0906912013888359
hsa-mir-345,Glioma,hsa-mir-345,recurrent ovarian cancer,0.0906912013888359
hsa-mir-345,Heart Failure,hsa-mir-345,recurrent ovarian cancer,0.0906912013888359
hsa-mir-345,Intervertebral Disc Degeneration,hsa-mir-345,recurrent ovarian cancer,0.0906912013888359
hsa-mir-345,Leukemia and Myeloid and Acute,hsa-mir-345,recurrent ovarian cancer,0.0906912013888359
hsa-mir-345,Lip Neoplasms,hsa-mir-345,recurrent ovarian cancer,0.0906912013888359
hsa-mir-345,Lip and Hamartomatous,hsa-mir-345,recurrent ovarian cancer,0.0906912013888359
hsa-mir-345,Liver Cirrhosis,hsa-mir-345,recurrent ovarian cancer,0.0906912013888359
hsa-mir-345,Liver Injury,hsa-mir-345,recurrent ovarian cancer,0.0906912013888359
hsa-mir-345,Lung Neoplasms,hsa-mir-345,recurrent ovarian cancer,0.0906912013888359
hsa-mir-345,Lymphoma and Large B-Cell and Diffuse,hsa-mir-345,recurrent ovarian cancer,0.0906912013888359
hsa-mir-345,Osteomyelitis,hsa-mir-345,recurrent ovarian cancer,0.0906912013888359
hsa-mir-345,Osteoporosis,hsa-mir-345,recurrent ovarian cancer,0.0906912013888359
hsa-mir-345,Pancreatic Carcinoma,hsa-mir-345,recurrent ovarian cancer,0.0906912013888359
hsa-mir-345,Polycystic liver disease,hsa-mir-345,recurrent ovarian cancer,0.0906912013888359
hsa-mir-345,Pre-Eclampsia,hsa-mir-345,recurrent ovarian cancer,0.0906912013888359
hsa-mir-345,Precursor B-Cell Lymphoblastic Leukemia-Lymphoma,hsa-mir-345,recurrent ovarian cancer,0.0906912013888359
hsa-mir-345,Squamous Cell Carcinoma of Head and Neck,hsa-mir-345,recurrent ovarian cancer,0.0906912013888359
hsa-mir-345,Stomach Neoplasms,hsa-mir-345,recurrent ovarian cancer,0.0906912013888359
hsa-mir-345,Thyroid Cancer and Papillary,hsa-mir-345,recurrent ovarian cancer,0.0906912013888359
hsa-mir-345,Triple Negative Breast Neoplasms,hsa-mir-345,recurrent ovarian cancer,0.0906912013888359
hsa-mir-34b,Acute Kidney Injury,hsa-mir-34b,pancreatic cancer,0.0501152276992797
hsa-mir-34b,Acute Lung Injury,hsa-mir-34b,pancreatic cancer,0.0501152276992797
hsa-mir-34b,Adenocarcinoma of Lung,hsa-mir-34b,pancreatic cancer,0.0501152276992797
hsa-mir-34b,Alcoholism,hsa-mir-34b,pancreatic cancer,0.0501152276992797
hsa-mir-34b,Alzheimer Disease,hsa-mir-34b,pancreatic cancer,0.0501152276992797
hsa-mir-34b,Asthenozoospermia,hsa-mir-34b,pancreatic cancer,0.0501152276992797
hsa-mir-34b,Asthma,hsa-mir-34b,pancreatic cancer,0.0501152276992797
hsa-mir-34b,Atherosclerosis,hsa-mir-34b,pancreatic cancer,0.0501152276992797
hsa-mir-34b,Azoospermia,hsa-mir-34b,pancreatic cancer,0.0501152276992797
hsa-mir-34b,Azoospermia and Nonobstructive,hsa-mir-34b,pancreatic cancer,0.0501152276992797
hsa-mir-34b,Breast Neoplasms,hsa-mir-34b,pancreatic cancer,0.0501152276992797
hsa-mir-34b,Carcinoma and Ductal and Breast,hsa-mir-34b,pancreatic cancer,0.0501152276992797
hsa-mir-34b,Carcinoma and Endometrioid,hsa-mir-34b,pancreatic cancer,0.0501152276992797
hsa-mir-34b,Carcinoma and Hepatocellular,hsa-mir-34b,pancreatic cancer,0.0501152276992797
hsa-mir-34b,Carcinoma and Non-Small-Cell Lung,hsa-mir-34b,pancreatic cancer,0.0501152276992797
hsa-mir-34b,Carcinoma and Renal Cell,hsa-mir-34b,pancreatic cancer,0.0501152276992797
hsa-mir-34b,Cardiomyopathies,hsa-mir-34b,pancreatic cancer,0.0501152276992797
hsa-mir-34b,Cicatrix,hsa-mir-34b,pancreatic cancer,0.0501152276992797
hsa-mir-34b,Cognition Disorders,hsa-mir-34b,pancreatic cancer,0.0501152276992797
hsa-mir-34b,Colitis-Associated Neoplasms,hsa-mir-34b,pancreatic cancer,0.0501152276992797
hsa-mir-34b,Colonic Neoplasms,hsa-mir-34b,pancreatic cancer,0.0501152276992797
hsa-mir-34b,Colorectal Neoplasms,hsa-mir-34b,pancreatic cancer,0.0501152276992797
hsa-mir-34b,Corneal Endothelium   Failure,hsa-mir-34b,pancreatic cancer,0.0501152276992797
hsa-mir-34b,Coronary Artery Disease,hsa-mir-34b,pancreatic cancer,0.0501152276992797
hsa-mir-34b,Dementia and Vascular,hsa-mir-34b,pancreatic cancer,0.0501152276992797
hsa-mir-34b,Depression,hsa-mir-34b,pancreatic cancer,0.0501152276992797
hsa-mir-34b,Depression and Post Stroke,hsa-mir-34b,pancreatic cancer,0.0501152276992797
hsa-mir-34b,Depressive Disorder and Major,hsa-mir-34b,pancreatic cancer,0.0501152276992797
hsa-mir-34b,Diabetes Mellitus,hsa-mir-34b,pancreatic cancer,0.0501152276992797
hsa-mir-34b,Diabetes and Gestational,hsa-mir-34b,pancreatic cancer,0.0501152276992797
hsa-mir-34b,Diabetic Cardiomyopathies,hsa-mir-34b,pancreatic cancer,0.0501152276992797
hsa-mir-34b,Elliptocytosis 2,hsa-mir-34b,pancreatic cancer,0.0501152276992797
hsa-mir-34b,Endometrial Neoplasms,hsa-mir-34b,pancreatic cancer,0.0501152276992797
hsa-mir-34b,Esophageal Neoplasms,hsa-mir-34b,pancreatic cancer,0.0501152276992797
hsa-mir-34b,Esophageal Squamous Cell Carcinoma,hsa-mir-34b,pancreatic cancer,0.0501152276992797
hsa-mir-34b,Glaucoma and Open-Angle,hsa-mir-34b,pancreatic cancer,0.0501152276992797
hsa-mir-34b,Hepatoblastoma,hsa-mir-34b,pancreatic cancer,0.0501152276992797
hsa-mir-34b,Hypoxia-Ischemia and Brain,hsa-mir-34b,pancreatic cancer,0.0501152276992797
hsa-mir-34b,Infertility,hsa-mir-34b,pancreatic cancer,0.0501152276992797
hsa-mir-34b,Infertility and Male,hsa-mir-34b,pancreatic cancer,0.0501152276992797
hsa-mir-34b,Inflammation,hsa-mir-34b,pancreatic cancer,0.0501152276992797
hsa-mir-34b,Ischemic Stroke,hsa-mir-34b,pancreatic cancer,0.0501152276992797
hsa-mir-34b,Leukemia and Myeloid and Acute,hsa-mir-34b,pancreatic cancer,0.0501152276992797
hsa-mir-34b,Liver Cirrhosis,hsa-mir-34b,pancreatic cancer,0.0501152276992797
hsa-mir-34b,Lung Neoplasms,hsa-mir-34b,pancreatic cancer,0.0501152276992797
hsa-mir-34b,Lymphoma and B-Cell,hsa-mir-34b,pancreatic cancer,0.0501152276992797
hsa-mir-34b,Lymphoma and Large B-Cell and Diffuse,hsa-mir-34b,pancreatic cancer,0.0501152276992797
hsa-mir-34b,Mental Disorders,hsa-mir-34b,pancreatic cancer,0.0501152276992797
hsa-mir-34b,Mesothelioma and Malignant,hsa-mir-34b,pancreatic cancer,0.0501152276992797
hsa-mir-34b,Myocardial Reperfusion Injury,hsa-mir-34b,pancreatic cancer,0.0501152276992797
hsa-mir-34b,Neuroblastoma,hsa-mir-34b,pancreatic cancer,0.0501152276992797
hsa-mir-34b,Neurodegenerative Diseases,hsa-mir-34b,pancreatic cancer,0.0501152276992797
hsa-mir-34b,Neurodevelopmental Disorders,hsa-mir-34b,pancreatic cancer,0.0501152276992797
hsa-mir-34b,Neurotoxicity Syndromes,hsa-mir-34b,pancreatic cancer,0.0501152276992797
hsa-mir-34b,Oligospermia,hsa-mir-34b,pancreatic cancer,0.0501152276992797
hsa-mir-34b,Osteoarthritis,hsa-mir-34b,pancreatic cancer,0.0501152276992797
hsa-mir-34b,Osteosarcoma,hsa-mir-34b,pancreatic cancer,0.0501152276992797
hsa-mir-34b,Ovarian Neoplasms,hsa-mir-34b,pancreatic cancer,0.0501152276992797
hsa-mir-34b,Parkinson Disease,hsa-mir-34b,pancreatic cancer,0.0501152276992797
hsa-mir-34b,Pituitary Neoplasms,hsa-mir-34b,pancreatic cancer,0.0501152276992797
hsa-mir-34b,Post-Concussion Syndrome,hsa-mir-34b,pancreatic cancer,0.0501152276992797
hsa-mir-34b,Prostatic Neoplasms,hsa-mir-34b,pancreatic cancer,0.0501152276992797
hsa-mir-34b,Prostatic Neoplasms and Castration-Resistant,hsa-mir-34b,pancreatic cancer,0.0501152276992797
hsa-mir-34b,Pulmonary Fibrosis,hsa-mir-34b,pancreatic cancer,0.0501152276992797
hsa-mir-34b,Reperfusion Injury and Cerebral Ischemia,hsa-mir-34b,pancreatic cancer,0.0501152276992797
hsa-mir-34b,Respiratory Syncytial Virus Infections,hsa-mir-34b,pancreatic cancer,0.0501152276992797
hsa-mir-34b,Retinoblastoma,hsa-mir-34b,pancreatic cancer,0.0501152276992797
hsa-mir-34b,Schizophrenia,hsa-mir-34b,pancreatic cancer,0.0501152276992797
hsa-mir-34b,Sepsis,hsa-mir-34b,pancreatic cancer,0.0501152276992797
hsa-mir-34b,Sialorrhea,hsa-mir-34b,pancreatic cancer,0.0501152276992797
hsa-mir-34b,Squamous Cell Carcinoma of Head and Neck,hsa-mir-34b,pancreatic cancer,0.0501152276992797
hsa-mir-34b,Stomach Diseases,hsa-mir-34b,pancreatic cancer,0.0501152276992797
hsa-mir-34b,Stomach Neoplasms,hsa-mir-34b,pancreatic cancer,0.0501152276992797
hsa-mir-34b,Testicular Diseases,hsa-mir-34b,pancreatic cancer,0.0501152276992797
hsa-mir-34b,Thyroid Cancer and Papillary,hsa-mir-34b,pancreatic cancer,0.0501152276992797
hsa-mir-34b,Thyroid Neoplasms,hsa-mir-34b,pancreatic cancer,0.0501152276992797
hsa-mir-34b,Trophoblast Dysfunction,hsa-mir-34b,pancreatic cancer,0.0501152276992797
hsa-mir-34b,Urinary Bladder Neoplasms,hsa-mir-34b,pancreatic cancer,0.0501152276992797
hsa-mir-34b,Uterine Cervical Neoplasms,hsa-mir-34b,pancreatic cancer,0.0501152276992797
hsa-mir-34b,Vascular Calcification,hsa-mir-34b,pancreatic cancer,0.0501152276992797
hsa-mir-34b,Wilms Tumor,hsa-mir-34b,pancreatic cancer,0.0501152276992797
hsa-mir-34b,high grade glioma,hsa-mir-34b,pancreatic cancer,0.0501152276992797
hsa-mir-34b,nonpapillary renal cell carcinoma,hsa-mir-34b,pancreatic cancer,0.0501152276992797
hsa-mir-34c,Acquired Immunodeficiency Syndrome,hsa-mir-34c,pancreatic cancer,0.0501152276992797
hsa-mir-34c,Acute Kidney Injury,hsa-mir-34c,pancreatic cancer,0.0501152276992797
hsa-mir-34c,Acute Lung Injury,hsa-mir-34c,pancreatic cancer,0.0501152276992797
hsa-mir-34c,Adenocarcinoma and Sinonasal Intestinal,hsa-mir-34c,pancreatic cancer,0.0501152276992797
hsa-mir-34c,Adenocarcinoma of Lung,hsa-mir-34c,pancreatic cancer,0.0501152276992797
hsa-mir-34c,Alcoholism,hsa-mir-34c,pancreatic cancer,0.0501152276992797
hsa-mir-34c,Alzheimer Disease,hsa-mir-34c,pancreatic cancer,0.0501152276992797
hsa-mir-34c,Aortic Valve Disease,hsa-mir-34c,pancreatic cancer,0.0501152276992797
hsa-mir-34c,Arthritis and Rheumatoid,hsa-mir-34c,pancreatic cancer,0.0501152276992797
hsa-mir-34c,Asthenozoospermia,hsa-mir-34c,pancreatic cancer,0.0501152276992797
hsa-mir-34c,Atherosclerosis,hsa-mir-34c,pancreatic cancer,0.0501152276992797
hsa-mir-34c,Azoospermia,hsa-mir-34c,pancreatic cancer,0.0501152276992797
hsa-mir-34c,Azoospermia and Nonobstructive,hsa-mir-34c,pancreatic cancer,0.0501152276992797
hsa-mir-34c,Breast Neoplasms,hsa-mir-34c,pancreatic cancer,0.0501152276992797
hsa-mir-34c,COVID-19,hsa-mir-34c,pancreatic cancer,0.0501152276992797
hsa-mir-34c,Carcinoma and Ductal and Breast,hsa-mir-34c,pancreatic cancer,0.0501152276992797
hsa-mir-34c,Carcinoma and Endometrioid,hsa-mir-34c,pancreatic cancer,0.0501152276992797
hsa-mir-34c,Carcinoma and Hepatocellular,hsa-mir-34c,pancreatic cancer,0.0501152276992797
hsa-mir-34c,Carcinoma and Non-Small-Cell Lung,hsa-mir-34c,pancreatic cancer,0.0501152276992797
hsa-mir-34c,Carcinoma and Renal Cell,hsa-mir-34c,pancreatic cancer,0.0501152276992797
hsa-mir-34c,Cardiovascular Diseases,hsa-mir-34c,pancreatic cancer,0.0501152276992797
hsa-mir-34c,Cervial Cancer,hsa-mir-34c,pancreatic cancer,0.0501152276992797
hsa-mir-34c,Cholangiocarcinoma,hsa-mir-34c,pancreatic cancer,0.0501152276992797
hsa-mir-34c,Cicatrix,hsa-mir-34c,pancreatic cancer,0.0501152276992797
hsa-mir-34c,Cognition Disorders,hsa-mir-34c,pancreatic cancer,0.0501152276992797
hsa-mir-34c,Colonic Neoplasms,hsa-mir-34c,pancreatic cancer,0.0501152276992797
hsa-mir-34c,Colorectal Neoplasms,hsa-mir-34c,pancreatic cancer,0.0501152276992797
hsa-mir-34c,Constipation,hsa-mir-34c,pancreatic cancer,0.0501152276992797
hsa-mir-34c,Corneal Diseases,hsa-mir-34c,pancreatic cancer,0.0501152276992797
hsa-mir-34c,Coronary Artery Disease,hsa-mir-34c,pancreatic cancer,0.0501152276992797
hsa-mir-34c,Crohn Disease,hsa-mir-34c,pancreatic cancer,0.0501152276992797
hsa-mir-34c,Depressive Disorder and Major,hsa-mir-34c,pancreatic cancer,0.0501152276992797
hsa-mir-34c,Diabetes Mellitus,hsa-mir-34c,pancreatic cancer,0.0501152276992797
hsa-mir-34c,Diabetes Mellitus and Type 2,hsa-mir-34c,pancreatic cancer,0.0501152276992797
hsa-mir-34c,Diabetic Foot,hsa-mir-34c,pancreatic cancer,0.0501152276992797
hsa-mir-34c,Diabetic Nephropathies,hsa-mir-34c,pancreatic cancer,0.0501152276992797
hsa-mir-34c,Diabetic Neuropathies,hsa-mir-34c,pancreatic cancer,0.0501152276992797
hsa-mir-34c,Dmd-Associated Dilated Cardiomyopathy,hsa-mir-34c,pancreatic cancer,0.0501152276992797
hsa-mir-34c,Edwardsiella tarda,hsa-mir-34c,pancreatic cancer,0.0501152276992797
hsa-mir-34c,Endometrial Neoplasms,hsa-mir-34c,pancreatic cancer,0.0501152276992797
hsa-mir-34c,Endometriosis,hsa-mir-34c,pancreatic cancer,0.0501152276992797
hsa-mir-34c,Esophageal Squamous Cell Carcinoma,hsa-mir-34c,pancreatic cancer,0.0501152276992797
hsa-mir-34c,Femur Head Necrosis,hsa-mir-34c,pancreatic cancer,0.0501152276992797
hsa-mir-34c,Friedreich Ataxia,hsa-mir-34c,pancreatic cancer,0.0501152276992797
hsa-mir-34c,Glioma,hsa-mir-34c,pancreatic cancer,0.0501152276992797
hsa-mir-34c,Hepatoblastoma,hsa-mir-34c,pancreatic cancer,0.0501152276992797
hsa-mir-34c,Hodgkin Disease,hsa-mir-34c,pancreatic cancer,0.0501152276992797
hsa-mir-34c,Hypertension and Pulmonary,hsa-mir-34c,pancreatic cancer,0.0501152276992797
hsa-mir-34c,Hypoxia-Ischemia and Brain,hsa-mir-34c,pancreatic cancer,0.0501152276992797
hsa-mir-34c,Infantile convulsions and paroxysmal choreoathetosis and familial,hsa-mir-34c,pancreatic cancer,0.0501152276992797
hsa-mir-34c,Infertility,hsa-mir-34c,pancreatic cancer,0.0501152276992797
hsa-mir-34c,Infertility and Male,hsa-mir-34c,pancreatic cancer,0.0501152276992797
hsa-mir-34c,Influenza and Human,hsa-mir-34c,pancreatic cancer,0.0501152276992797
hsa-mir-34c,Ischemic Stroke,hsa-mir-34c,pancreatic cancer,0.0501152276992797
hsa-mir-34c,Kidney Failure and Chronic,hsa-mir-34c,pancreatic cancer,0.0501152276992797
hsa-mir-34c,Laryngeal Neoplasms,hsa-mir-34c,pancreatic cancer,0.0501152276992797
hsa-mir-34c,Liver Cirrhosis,hsa-mir-34c,pancreatic cancer,0.0501152276992797
hsa-mir-34c,Lung Injury,hsa-mir-34c,pancreatic cancer,0.0501152276992797
hsa-mir-34c,Lung Neoplasms,hsa-mir-34c,pancreatic cancer,0.0501152276992797
hsa-mir-34c,Memory Disorders,hsa-mir-34c,pancreatic cancer,0.0501152276992797
hsa-mir-34c,Mental Disorders,hsa-mir-34c,pancreatic cancer,0.0501152276992797
hsa-mir-34c,Mesothelioma and Malignant,hsa-mir-34c,pancreatic cancer,0.0501152276992797
hsa-mir-34c,Myocardial Infarction,hsa-mir-34c,pancreatic cancer,0.0501152276992797
hsa-mir-34c,Nasopharyngeal Carcinoma,hsa-mir-34c,pancreatic cancer,0.0501152276992797
hsa-mir-34c,Nephritis and Interstitial,hsa-mir-34c,pancreatic cancer,0.0501152276992797
hsa-mir-34c,Neuralgia,hsa-mir-34c,pancreatic cancer,0.0501152276992797
hsa-mir-34c,Oligospermia,hsa-mir-34c,pancreatic cancer,0.0501152276992797
hsa-mir-34c,Osteoporosis,hsa-mir-34c,pancreatic cancer,0.0501152276992797
hsa-mir-34c,Osteosarcoma,hsa-mir-34c,pancreatic cancer,0.0501152276992797
hsa-mir-34c,Ovarian Neoplasms,hsa-mir-34c,pancreatic cancer,0.0501152276992797
hsa-mir-34c,Parkinson Disease,hsa-mir-34c,pancreatic cancer,0.0501152276992797
hsa-mir-34c,Pituitary Neoplasms,hsa-mir-34c,pancreatic cancer,0.0501152276992797
hsa-mir-34c,Polycythemia Vera,hsa-mir-34c,pancreatic cancer,0.0501152276992797
hsa-mir-34c,Premature Birth,hsa-mir-34c,pancreatic cancer,0.0501152276992797
hsa-mir-34c,Prostatic Neoplasms,hsa-mir-34c,pancreatic cancer,0.0501152276992797
hsa-mir-34c,Pulmonary Disease and Chronic Obstructive,hsa-mir-34c,pancreatic cancer,0.0501152276992797
hsa-mir-34c,Pulmonary Fibrosis,hsa-mir-34c,pancreatic cancer,0.0501152276992797
hsa-mir-34c,Respiratory Syncytial Virus Infections,hsa-mir-34c,pancreatic cancer,0.0501152276992797
hsa-mir-34c,Rift Valley Fever,hsa-mir-34c,pancreatic cancer,0.0501152276992797
hsa-mir-34c,Schizophrenia,hsa-mir-34c,pancreatic cancer,0.0501152276992797
hsa-mir-34c,Sialorrhea,hsa-mir-34c,pancreatic cancer,0.0501152276992797
hsa-mir-34c,Silicotuberculosis,hsa-mir-34c,pancreatic cancer,0.0501152276992797
hsa-mir-34c,Spinal Cord Injuries,hsa-mir-34c,pancreatic cancer,0.0501152276992797
hsa-mir-34c,Squamous Cell Carcinoma of Head and Neck,hsa-mir-34c,pancreatic cancer,0.0501152276992797
hsa-mir-34c,Stomach Diseases,hsa-mir-34c,pancreatic cancer,0.0501152276992797
hsa-mir-34c,Stomach Neoplasms,hsa-mir-34c,pancreatic cancer,0.0501152276992797
hsa-mir-34c,Stress Disorders and Post-Traumatic,hsa-mir-34c,pancreatic cancer,0.0501152276992797
hsa-mir-34c,Testicular Diseases,hsa-mir-34c,pancreatic cancer,0.0501152276992797
hsa-mir-34c,Thyroid Neoplasms,hsa-mir-34c,pancreatic cancer,0.0501152276992797
hsa-mir-34c,Thyroid Nodule,hsa-mir-34c,pancreatic cancer,0.0501152276992797
hsa-mir-34c,Triple Negative Breast Neoplasms,hsa-mir-34c,pancreatic cancer,0.0501152276992797
hsa-mir-34c,Urinary Bladder Neoplasms,hsa-mir-34c,pancreatic cancer,0.0501152276992797
hsa-mir-34c,Uterine Cervical Diseases,hsa-mir-34c,pancreatic cancer,0.0501152276992797
hsa-mir-34c,Uterine Cervical Neoplasms,hsa-mir-34c,pancreatic cancer,0.0501152276992797
hsa-mir-34c,Vertebral fusion posterior lumbosacral blepharoptosis,hsa-mir-34c,pancreatic cancer,0.0501152276992797
hsa-mir-34c,Wilms Tumor,hsa-mir-34c,pancreatic cancer,0.0501152276992797
hsa-mir-34c,Wounds and Injuries,hsa-mir-34c,pancreatic cancer,0.0501152276992797
hsa-mir-34c,esophagus adenocarcinoma,hsa-mir-34c,pancreatic cancer,0.0501152276992797
hsa-mir-34c,hypoglycemic encephalopathy,hsa-mir-34c,pancreatic cancer,0.0501152276992797
hsa-mir-34c,osteogenesis imperfecta type 1,hsa-mir-34c,pancreatic cancer,0.0501152276992797
hsa-mir-35,Addison Disease,hsa-mir-35,pancreatic cancer,0.0286015886813402
hsa-mir-35,Brain Injuries and Traumatic,hsa-mir-35,pancreatic cancer,0.0286015886813402
hsa-mir-35,Embryo Loss,hsa-mir-35,pancreatic cancer,0.0286015886813402
hsa-mir-35,Osteosarcoma,hsa-mir-35,pancreatic cancer,0.0286015886813402
hsa-mir-35,Sepsis,hsa-mir-35,pancreatic cancer,0.0286015886813402
hsa-mir-35,Triple Negative Breast Neoplasms,hsa-mir-35,pancreatic cancer,0.0286015886813402
hsa-mir-365a,Aortic Aneurysm and Abdominal,hsa-mir-365a,pancreatic cancer,0.0287402812391519
hsa-mir-365a,Atherosclerosis,hsa-mir-365a,pancreatic cancer,0.0287402812391519
hsa-mir-365a,Breast Neoplasms,hsa-mir-365a,pancreatic cancer,0.0287402812391519
hsa-mir-365a,Carcinoma and Hepatocellular,hsa-mir-365a,pancreatic cancer,0.0287402812391519
hsa-mir-365a,Carcinoma and Non-Small-Cell Lung,hsa-mir-365a,pancreatic cancer,0.0287402812391519
hsa-mir-365a,Carcinoma and Renal Cell,hsa-mir-365a,pancreatic cancer,0.0287402812391519
hsa-mir-365a,Cardiomyopathies,hsa-mir-365a,pancreatic cancer,0.0287402812391519
hsa-mir-365a,Cestode Infections,hsa-mir-365a,pancreatic cancer,0.0287402812391519
hsa-mir-365a,Colorectal Neoplasms,hsa-mir-365a,pancreatic cancer,0.0287402812391519
hsa-mir-365a,Diabetes Mellitus and Type 2,hsa-mir-365a,pancreatic cancer,0.0287402812391519
hsa-mir-365a,Esophageal Neoplasms,hsa-mir-365a,pancreatic cancer,0.0287402812391519
hsa-mir-365a,Hypertension,hsa-mir-365a,pancreatic cancer,0.0287402812391519
hsa-mir-365a,Inflammation,hsa-mir-365a,pancreatic cancer,0.0287402812391519
hsa-mir-365a,Leukemia and Myelogenous and Chronic and BCR-ABL Positive,hsa-mir-365a,pancreatic cancer,0.0287402812391519
hsa-mir-365a,Liver Neoplasms,hsa-mir-365a,pancreatic cancer,0.0287402812391519
hsa-mir-365a,Neoplasms and Second Primary,hsa-mir-365a,pancreatic cancer,0.0287402812391519
hsa-mir-365a,Netherton Syndrome,hsa-mir-365a,pancreatic cancer,0.0287402812391519
hsa-mir-365a,Neurodegenerative Diseases,hsa-mir-365a,pancreatic cancer,0.0287402812391519
hsa-mir-365a,Osteoarthritis,hsa-mir-365a,pancreatic cancer,0.0287402812391519
hsa-mir-365a,Osteoporosis,hsa-mir-365a,pancreatic cancer,0.0287402812391519
hsa-mir-365a,Osteosarcoma,hsa-mir-365a,pancreatic cancer,0.0287402812391519
hsa-mir-365a,Pancreatic Carcinoma,hsa-mir-365a,pancreatic cancer,0.0287402812391519
hsa-mir-365a,Pancreatitis,hsa-mir-365a,pancreatic cancer,0.0287402812391519
hsa-mir-365a,Prediabetic State,hsa-mir-365a,pancreatic cancer,0.0287402812391519
hsa-mir-365a,Prostatic Neoplasms,hsa-mir-365a,pancreatic cancer,0.0287402812391519
hsa-mir-365a,Sepsis,hsa-mir-365a,pancreatic cancer,0.0287402812391519
hsa-mir-365a,Sleep Apnea and Obstructive,hsa-mir-365a,pancreatic cancer,0.0287402812391519
hsa-mir-365a,Squamous Cell Carcinoma of Head and Neck,hsa-mir-365a,pancreatic cancer,0.0287402812391519
hsa-mir-365a,Stomach Neoplasms,hsa-mir-365a,pancreatic cancer,0.0287402812391519
hsa-mir-365a,Urinary Bladder Neoplasms,hsa-mir-365a,pancreatic cancer,0.0287402812391519
hsa-mir-365a,Uveal melanoma,hsa-mir-365a,pancreatic cancer,0.0287402812391519
hsa-mir-372,Adenocarcinoma of Lung,hsa-mir-372,ovarian cancer (OC),0.0835816040635109
hsa-mir-372,Aneuploidy,hsa-mir-372,ovarian cancer (OC),0.0835816040635109
hsa-mir-372,Brain Ischemia,hsa-mir-372,ovarian cancer (OC),0.0835816040635109
hsa-mir-372,Breast Neoplasms,hsa-mir-372,ovarian cancer (OC),0.0835816040635109
hsa-mir-372,Carcinoma and Hepatocellular,hsa-mir-372,ovarian cancer (OC),0.0835816040635109
hsa-mir-372,Cerebral Infarction,hsa-mir-372,ovarian cancer (OC),0.0835816040635109
hsa-mir-372,Cholestasis and Intrahepatic,hsa-mir-372,ovarian cancer (OC),0.0835816040635109
hsa-mir-372,Colonic Neoplasms,hsa-mir-372,ovarian cancer (OC),0.0835816040635109
hsa-mir-372,Colorectal Neoplasms,hsa-mir-372,ovarian cancer (OC),0.0835816040635109
hsa-mir-372,Diabetes and Gestational,hsa-mir-372,ovarian cancer (OC),0.0835816040635109
hsa-mir-372,Diabetic Cardiomyopathies,hsa-mir-372,ovarian cancer (OC),0.0835816040635109
hsa-mir-372,Endometrial Neoplasms,hsa-mir-372,ovarian cancer (OC),0.0835816040635109
hsa-mir-372,Epilepsy,hsa-mir-372,ovarian cancer (OC),0.0835816040635109
hsa-mir-372,Epstein-Barr Virus Infections,hsa-mir-372,ovarian cancer (OC),0.0835816040635109
hsa-mir-372,Esophageal Neoplasms,hsa-mir-372,ovarian cancer (OC),0.0835816040635109
hsa-mir-372,Essential Hypertension,hsa-mir-372,ovarian cancer (OC),0.0835816040635109
hsa-mir-372,Hepatitis B,hsa-mir-372,ovarian cancer (OC),0.0835816040635109
hsa-mir-372,Inflammatory Bowel Diseases,hsa-mir-372,ovarian cancer (OC),0.0835816040635109
hsa-mir-372,Keloid,hsa-mir-372,ovarian cancer (OC),0.0835816040635109
hsa-mir-372,Leukemia and Myeloid and Acute,hsa-mir-372,ovarian cancer (OC),0.0835816040635109
hsa-mir-372,Liver Neoplasms,hsa-mir-372,ovarian cancer (OC),0.0835816040635109
hsa-mir-372,Lung Neoplasms,hsa-mir-372,ovarian cancer (OC),0.0835816040635109
hsa-mir-372,Male Germ Cell Tumor,hsa-mir-372,ovarian cancer (OC),0.0835816040635109
hsa-mir-372,Mouth Neoplasms,hsa-mir-372,ovarian cancer (OC),0.0835816040635109
hsa-mir-372,Neoplasms and Germ Cell and Embryonal,hsa-mir-372,ovarian cancer (OC),0.0835816040635109
hsa-mir-372,Neoplasms and Germ Cell and Intracranial,hsa-mir-372,ovarian cancer (OC),0.0835816040635109
hsa-mir-372,Osteosarcoma,hsa-mir-372,ovarian cancer (OC),0.0835816040635109
hsa-mir-372,Pancreatitis and Acute Hemorrhagic,hsa-mir-372,ovarian cancer (OC),0.0835816040635109
hsa-mir-372,Pre-Eclampsia,hsa-mir-372,ovarian cancer (OC),0.0835816040635109
hsa-mir-372,Prostatic Neoplasms,hsa-mir-372,ovarian cancer (OC),0.0835816040635109
hsa-mir-372,Pulmonary Disease and Chronic Obstructive,hsa-mir-372,ovarian cancer (OC),0.0835816040635109
hsa-mir-372,Reperfusion Injury and Cerebral Ischemia,hsa-mir-372,ovarian cancer (OC),0.0835816040635109
hsa-mir-372,Sepsis,hsa-mir-372,ovarian cancer (OC),0.0835816040635109
hsa-mir-372,Stomach Neoplasms,hsa-mir-372,ovarian cancer (OC),0.0835816040635109
hsa-mir-372,Testicular Germ Cell Tumor,hsa-mir-372,ovarian cancer (OC),0.0835816040635109
hsa-mir-372,Thyroid Cancer and Papillary,hsa-mir-372,ovarian cancer (OC),0.0835816040635109
hsa-mir-372,Urinary Bladder Neoplasms,hsa-mir-372,ovarian cancer (OC),0.0835816040635109
hsa-mir-372,Uterine Cervical Neoplasms,hsa-mir-372,ovarian cancer (OC),0.0835816040635109
hsa-mir-372,pancreatic ductal adenocarcinoma,hsa-mir-372,ovarian cancer (OC),0.0835816040635109
hsa-mir-372,tongue squamous cell carcinoma,hsa-mir-372,ovarian cancer (OC),0.0835816040635109
hsa-mir-374a,Acute Lung Injury,hsa-mir-374a,pancreatic cancer,0.0501139685511589
hsa-mir-374a,Adenocarcinoma of Lung,hsa-mir-374a,pancreatic cancer,0.0501139685511589
hsa-mir-374a,Alzheimer Disease,hsa-mir-374a,pancreatic cancer,0.0501139685511589
hsa-mir-374a,Asthma,hsa-mir-374a,pancreatic cancer,0.0501139685511589
hsa-mir-374a,Breast Neoplasms,hsa-mir-374a,pancreatic cancer,0.0501139685511589
hsa-mir-374a,Carcinoma and Non-Small-Cell Lung,hsa-mir-374a,pancreatic cancer,0.0501139685511589
hsa-mir-374a,Colonic Neoplasms,hsa-mir-374a,pancreatic cancer,0.0501139685511589
hsa-mir-374a,Colorectal Neoplasms,hsa-mir-374a,pancreatic cancer,0.0501139685511589
hsa-mir-374a,Dengue,hsa-mir-374a,pancreatic cancer,0.0501139685511589
hsa-mir-374a,Diabetes Mellitus and Type 2,hsa-mir-374a,pancreatic cancer,0.0501139685511589
hsa-mir-374a,Diabetic Nephropathies,hsa-mir-374a,pancreatic cancer,0.0501139685511589
hsa-mir-374a,Diabetic Retinopathy,hsa-mir-374a,pancreatic cancer,0.0501139685511589
hsa-mir-374a,Esophageal Squamous Cell Carcinoma,hsa-mir-374a,pancreatic cancer,0.0501139685511589
hsa-mir-374a,Exfoliation Syndrome,hsa-mir-374a,pancreatic cancer,0.0501139685511589
hsa-mir-374a,Fibrosis,hsa-mir-374a,pancreatic cancer,0.0501139685511589
hsa-mir-374a,Fibrosis and Renal,hsa-mir-374a,pancreatic cancer,0.0501139685511589
hsa-mir-374a,Glioma,hsa-mir-374a,pancreatic cancer,0.0501139685511589
hsa-mir-374a,Hypertension and Pregnancy-Induced,hsa-mir-374a,pancreatic cancer,0.0501139685511589
hsa-mir-374a,Hypoxia-Ischemia and Brain,hsa-mir-374a,pancreatic cancer,0.0501139685511589
hsa-mir-374a,Hypoxia-Ischemia and Brain and Newborn,hsa-mir-374a,pancreatic cancer,0.0501139685511589
hsa-mir-374a,"Infant, Small For Gestational Age",hsa-mir-374a,pancreatic cancer,0.0501139685511589
hsa-mir-374a,Inflammation,hsa-mir-374a,pancreatic cancer,0.0501139685511589
hsa-mir-374a,Inflammatory Bowel Diseases,hsa-mir-374a,pancreatic cancer,0.0501139685511589
hsa-mir-374a,Liver Neoplasms,hsa-mir-374a,pancreatic cancer,0.0501139685511589
hsa-mir-374a,Lung Neoplasms,hsa-mir-374a,pancreatic cancer,0.0501139685511589
hsa-mir-374a,Metabolic Associated Fatty Liver  Disease ,hsa-mir-374a,pancreatic cancer,0.0501139685511589
hsa-mir-374a,Myocardial Reperfusion Injury,hsa-mir-374a,pancreatic cancer,0.0501139685511589
hsa-mir-374a,Neoplasm and Residual,hsa-mir-374a,pancreatic cancer,0.0501139685511589
hsa-mir-374a,Non-alcoholic Fatty Liver Disease,hsa-mir-374a,pancreatic cancer,0.0501139685511589
hsa-mir-374a,Osteoarthritis,hsa-mir-374a,pancreatic cancer,0.0501139685511589
hsa-mir-374a,Osteochondritis Dissecans,hsa-mir-374a,pancreatic cancer,0.0501139685511589
hsa-mir-374a,Osteoporosis,hsa-mir-374a,pancreatic cancer,0.0501139685511589
hsa-mir-374a,Osteosarcoma,hsa-mir-374a,pancreatic cancer,0.0501139685511589
hsa-mir-374a,Ovarian Neoplasms,hsa-mir-374a,pancreatic cancer,0.0501139685511589
hsa-mir-374a,Palatal Neoplasms,hsa-mir-374a,pancreatic cancer,0.0501139685511589
hsa-mir-374a,Pancreatic Carcinoma,hsa-mir-374a,pancreatic cancer,0.0501139685511589
hsa-mir-374a,Pancreatitis,hsa-mir-374a,pancreatic cancer,0.0501139685511589
hsa-mir-374a,Parkinson Disease,hsa-mir-374a,pancreatic cancer,0.0501139685511589
hsa-mir-374a,Pre-Eclampsia,hsa-mir-374a,pancreatic cancer,0.0501139685511589
hsa-mir-374a,Pregnancy Complications,hsa-mir-374a,pancreatic cancer,0.0501139685511589
hsa-mir-374a,Premature Birth,hsa-mir-374a,pancreatic cancer,0.0501139685511589
hsa-mir-374a,Pulmonary Disease and Chronic Obstructive,hsa-mir-374a,pancreatic cancer,0.0501139685511589
hsa-mir-374a,Seizures and Febrile,hsa-mir-374a,pancreatic cancer,0.0501139685511589
hsa-mir-374a,Sleep Apnea and Obstructive,hsa-mir-374a,pancreatic cancer,0.0501139685511589
hsa-mir-374a,Stomach Neoplasms,hsa-mir-374a,pancreatic cancer,0.0501139685511589
hsa-mir-374a,Stroke,hsa-mir-374a,pancreatic cancer,0.0501139685511589
hsa-mir-374a,Triple Negative Breast Neoplasms,hsa-mir-374a,pancreatic cancer,0.0501139685511589
hsa-mir-374a,Urinary Bladder Neoplasms,hsa-mir-374a,pancreatic cancer,0.0501139685511589
hsa-mir-374a,Venous Thrombosis,hsa-mir-374a,pancreatic cancer,0.0501139685511589
hsa-mir-374a,X-linked spermatogenic failure 1,hsa-mir-374a,pancreatic cancer,0.0501139685511589
hsa-mir-374a,acute myocardial infarction,hsa-mir-374a,pancreatic cancer,0.0501139685511589
hsa-mir-374b,Alzheimer Disease,hsa-mir-374b,pancreatic cancer,0.0287486221641302
hsa-mir-374b,Arteriosclerosis Obliterans,hsa-mir-374b,pancreatic cancer,0.0287486221641302
hsa-mir-374b,Aspermia,hsa-mir-374b,pancreatic cancer,0.0287486221641302
hsa-mir-374b,Asthenozoospermia,hsa-mir-374b,pancreatic cancer,0.0287486221641302
hsa-mir-374b,Breast Neoplasms,hsa-mir-374b,pancreatic cancer,0.0287486221641302
hsa-mir-374b,Carcinoma and Hepatocellular,hsa-mir-374b,pancreatic cancer,0.0287486221641302
hsa-mir-374b,Carcinoma and Non-Small-Cell Lung,hsa-mir-374b,pancreatic cancer,0.0287486221641302
hsa-mir-374b,Carcinoma and Ovarian Epithelial,hsa-mir-374b,pancreatic cancer,0.0287486221641302
hsa-mir-374b,Coronary Artery Disease,hsa-mir-374b,pancreatic cancer,0.0287486221641302
hsa-mir-374b,Cystadenocarcinoma and Serous and Ovarian,hsa-mir-374b,pancreatic cancer,0.0287486221641302
hsa-mir-374b,Depressive Disorder and Major,hsa-mir-374b,pancreatic cancer,0.0287486221641302
hsa-mir-374b,Diabetes Mellitus,hsa-mir-374b,pancreatic cancer,0.0287486221641302
hsa-mir-374b,Diabetic Nephropathies,hsa-mir-374b,pancreatic cancer,0.0287486221641302
hsa-mir-374b,Encephalitis and Japanese,hsa-mir-374b,pancreatic cancer,0.0287486221641302
hsa-mir-374b,Endometrial Hyperplasia,hsa-mir-374b,pancreatic cancer,0.0287486221641302
hsa-mir-374b,Glioblastoma,hsa-mir-374b,pancreatic cancer,0.0287486221641302
hsa-mir-374b,Glioma,hsa-mir-374b,pancreatic cancer,0.0287486221641302
hsa-mir-374b,Hemophilia A,hsa-mir-374b,pancreatic cancer,0.0287486221641302
hsa-mir-374b,Iris Diseases,hsa-mir-374b,pancreatic cancer,0.0287486221641302
hsa-mir-374b,Leukemia and Lymphocytic and Chronic and B-Cell,hsa-mir-374b,pancreatic cancer,0.0287486221641302
hsa-mir-374b,Lung Neoplasms,hsa-mir-374b,pancreatic cancer,0.0287486221641302
hsa-mir-374b,Lymphoma and B-Cell,hsa-mir-374b,pancreatic cancer,0.0287486221641302
hsa-mir-374b,Melanoma,hsa-mir-374b,pancreatic cancer,0.0287486221641302
hsa-mir-374b,Mouth Neoplasms,hsa-mir-374b,pancreatic cancer,0.0287486221641302
hsa-mir-374b,Neovascularization and Pathologic,hsa-mir-374b,pancreatic cancer,0.0287486221641302
hsa-mir-374b,Nephritis and Interstitial,hsa-mir-374b,pancreatic cancer,0.0287486221641302
hsa-mir-374b,Osteoporosis,hsa-mir-374b,pancreatic cancer,0.0287486221641302
hsa-mir-374b,Pancreatic Carcinoma,hsa-mir-374b,pancreatic cancer,0.0287486221641302
hsa-mir-374b,Parkinson Disease,hsa-mir-374b,pancreatic cancer,0.0287486221641302
hsa-mir-374b,Prostatic Neoplasms,hsa-mir-374b,pancreatic cancer,0.0287486221641302
hsa-mir-374b,Pulmonary Disease and Chronic Obstructive,hsa-mir-374b,pancreatic cancer,0.0287486221641302
hsa-mir-374b,Reperfusion Injury and Renal Ischemia,hsa-mir-374b,pancreatic cancer,0.0287486221641302
hsa-mir-374b,Stomatitis,hsa-mir-374b,pancreatic cancer,0.0287486221641302
hsa-mir-374b,Uterine Cervical Neoplasms,hsa-mir-374b,pancreatic cancer,0.0287486221641302
hsa-mir-374b,Venous Thrombosis,hsa-mir-374b,pancreatic cancer,0.0287486221641302
hsa-mir-375,Acquired Immunodeficiency Syndrome,hsa-mir-375,pancreatic cancer,0.0501139014959335
hsa-mir-375,Adenocarcinoma of Lung,hsa-mir-375,pancreatic cancer,0.0501139014959335
hsa-mir-375,Adrenocortical Carcinoma,hsa-mir-375,pancreatic cancer,0.0501139014959335
hsa-mir-375,Alcohol Withdrawal Delirium,hsa-mir-375,pancreatic cancer,0.0501139014959335
hsa-mir-375,Alzheimer Disease,hsa-mir-375,pancreatic cancer,0.0501139014959335
hsa-mir-375,Aortic Valve Insufficiency,hsa-mir-375,pancreatic cancer,0.0501139014959335
hsa-mir-375,Arthritis and Rheumatoid,hsa-mir-375,pancreatic cancer,0.0501139014959335
hsa-mir-375,Asthma,hsa-mir-375,pancreatic cancer,0.0501139014959335
hsa-mir-375,Atherosclerosis,hsa-mir-375,pancreatic cancer,0.0501139014959335
hsa-mir-375,Atrial Premature Complexes,hsa-mir-375,pancreatic cancer,0.0501139014959335
hsa-mir-375,Body Weight,hsa-mir-375,pancreatic cancer,0.0501139014959335
hsa-mir-375,Breast Neoplasms,hsa-mir-375,pancreatic cancer,0.0501139014959335
hsa-mir-375,Carcinoma and Brown-Pearce,hsa-mir-375,pancreatic cancer,0.0501139014959335
hsa-mir-375,Carcinoma and Hepatocellular,hsa-mir-375,pancreatic cancer,0.0501139014959335
hsa-mir-375,Carcinoma and Merkel Cell,hsa-mir-375,pancreatic cancer,0.0501139014959335
hsa-mir-375,Carcinoma and Non-Small-Cell Lung,hsa-mir-375,pancreatic cancer,0.0501139014959335
hsa-mir-375,Carcinoma and Pancreatic Ductal,hsa-mir-375,pancreatic cancer,0.0501139014959335
hsa-mir-375,Carcinoma and Renal Cell,hsa-mir-375,pancreatic cancer,0.0501139014959335
hsa-mir-375,Cardiomegaly,hsa-mir-375,pancreatic cancer,0.0501139014959335
hsa-mir-375,Cardiomyopathies,hsa-mir-375,pancreatic cancer,0.0501139014959335
hsa-mir-375,Cardiotoxicity,hsa-mir-375,pancreatic cancer,0.0501139014959335
hsa-mir-375,Cardiovascular Diseases,hsa-mir-375,pancreatic cancer,0.0501139014959335
hsa-mir-375,Carotid Stenosis,hsa-mir-375,pancreatic cancer,0.0501139014959335
hsa-mir-375,Cervical Intraepithelial Neoplasia,hsa-mir-375,pancreatic cancer,0.0501139014959335
hsa-mir-375,Cervical Rib Syndrome,hsa-mir-375,pancreatic cancer,0.0501139014959335
hsa-mir-375,Chronic Limb-Threatening Ischemia,hsa-mir-375,pancreatic cancer,0.0501139014959335
hsa-mir-375,"Colitis, Ulcerative",hsa-mir-375,pancreatic cancer,0.0501139014959335
hsa-mir-375,Colonic Neoplasms,hsa-mir-375,pancreatic cancer,0.0501139014959335
hsa-mir-375,Colorectal Neoplasms,hsa-mir-375,pancreatic cancer,0.0501139014959335
hsa-mir-375,Community-Acquired Pneumonia,hsa-mir-375,pancreatic cancer,0.0501139014959335
hsa-mir-375,Corneal dystrophy and epithelial basement membrane,hsa-mir-375,pancreatic cancer,0.0501139014959335
hsa-mir-375,Coronary Disease,hsa-mir-375,pancreatic cancer,0.0501139014959335
hsa-mir-375,Coxsackievirus Infections,hsa-mir-375,pancreatic cancer,0.0501139014959335
hsa-mir-375,Craniosynostosis radial aplasia syndrome,hsa-mir-375,pancreatic cancer,0.0501139014959335
hsa-mir-375,Crohn Disease,hsa-mir-375,pancreatic cancer,0.0501139014959335
hsa-mir-375,Cushing Syndrome,hsa-mir-375,pancreatic cancer,0.0501139014959335
hsa-mir-375,Dementia and Vascular,hsa-mir-375,pancreatic cancer,0.0501139014959335
hsa-mir-375,Dermatitis and Atopic,hsa-mir-375,pancreatic cancer,0.0501139014959335
hsa-mir-375,Diabetes Mellitus,hsa-mir-375,pancreatic cancer,0.0501139014959335
hsa-mir-375,Diabetes Mellitus and Type 1,hsa-mir-375,pancreatic cancer,0.0501139014959335
hsa-mir-375,Diabetes Mellitus and Type 2,hsa-mir-375,pancreatic cancer,0.0501139014959335
hsa-mir-375,Diabetic Retinopathy,hsa-mir-375,pancreatic cancer,0.0501139014959335
hsa-mir-375,Disease,hsa-mir-375,pancreatic cancer,0.0501139014959335
hsa-mir-375,Encephalocele,hsa-mir-375,pancreatic cancer,0.0501139014959335
hsa-mir-375,Endocrine System Diseases,hsa-mir-375,pancreatic cancer,0.0501139014959335
hsa-mir-375,Endometrial Neoplasms,hsa-mir-375,pancreatic cancer,0.0501139014959335
hsa-mir-375,Endometriosis,hsa-mir-375,pancreatic cancer,0.0501139014959335
hsa-mir-375,Enterovirus B and Human,hsa-mir-375,pancreatic cancer,0.0501139014959335
hsa-mir-375,Esophageal Neoplasms,hsa-mir-375,pancreatic cancer,0.0501139014959335
hsa-mir-375,Esophageal Squamous Cell Carcinoma,hsa-mir-375,pancreatic cancer,0.0501139014959335
hsa-mir-375,Exocrine Pancreatic Insufficiency,hsa-mir-375,pancreatic cancer,0.0501139014959335
hsa-mir-375,Fatty Liver,hsa-mir-375,pancreatic cancer,0.0501139014959335
hsa-mir-375,Fibrolamellar hepatocellular carcinoma,hsa-mir-375,pancreatic cancer,0.0501139014959335
hsa-mir-375,Fibrosis,hsa-mir-375,pancreatic cancer,0.0501139014959335
hsa-mir-375,Gastrointestinal Diseases,hsa-mir-375,pancreatic cancer,0.0501139014959335
hsa-mir-375,Glioblastoma,hsa-mir-375,pancreatic cancer,0.0501139014959335
hsa-mir-375,Glioma,hsa-mir-375,pancreatic cancer,0.0501139014959335
hsa-mir-375,Hay-Wells syndrome,hsa-mir-375,pancreatic cancer,0.0501139014959335
hsa-mir-375,Heart Diseases,hsa-mir-375,pancreatic cancer,0.0501139014959335
hsa-mir-375,Heart Failure,hsa-mir-375,pancreatic cancer,0.0501139014959335
hsa-mir-375,Heart Septal Defects and Ventricular,hsa-mir-375,pancreatic cancer,0.0501139014959335
hsa-mir-375,Hepatitis B,hsa-mir-375,pancreatic cancer,0.0501139014959335
hsa-mir-375,Hepatitis C,hsa-mir-375,pancreatic cancer,0.0501139014959335
hsa-mir-375,Hyperglycemia,hsa-mir-375,pancreatic cancer,0.0501139014959335
hsa-mir-375,Hyperlipidemias,hsa-mir-375,pancreatic cancer,0.0501139014959335
hsa-mir-375,Hyperparathyroidism and Primary,hsa-mir-375,pancreatic cancer,0.0501139014959335
hsa-mir-375,Hypopharyngeal Neoplasms,hsa-mir-375,pancreatic cancer,0.0501139014959335
hsa-mir-375,Hypoxia-Ischemia and Brain,hsa-mir-375,pancreatic cancer,0.0501139014959335
hsa-mir-375,Implantation Failure,hsa-mir-375,pancreatic cancer,0.0501139014959335
hsa-mir-375,Infertility,hsa-mir-375,pancreatic cancer,0.0501139014959335
hsa-mir-375,Inflammation,hsa-mir-375,pancreatic cancer,0.0501139014959335
hsa-mir-375,Inflammatory Bowel Diseases,hsa-mir-375,pancreatic cancer,0.0501139014959335
hsa-mir-375,Influenza and Human,hsa-mir-375,pancreatic cancer,0.0501139014959335
hsa-mir-375,Insulin Resistance,hsa-mir-375,pancreatic cancer,0.0501139014959335
hsa-mir-375,Insulinoma,hsa-mir-375,pancreatic cancer,0.0501139014959335
hsa-mir-375,Ischemic Stroke,hsa-mir-375,pancreatic cancer,0.0501139014959335
hsa-mir-375,Laryngeal Neoplasms,hsa-mir-375,pancreatic cancer,0.0501139014959335
hsa-mir-375,Leigh Disease,hsa-mir-375,pancreatic cancer,0.0501139014959335
hsa-mir-375,Leukoencephalopathy and Progressive Multifocal,hsa-mir-375,pancreatic cancer,0.0501139014959335
hsa-mir-375,Liver Neoplasms,hsa-mir-375,pancreatic cancer,0.0501139014959335
hsa-mir-375,Lung Diseases,hsa-mir-375,pancreatic cancer,0.0501139014959335
hsa-mir-375,Lung Neoplasms,hsa-mir-375,pancreatic cancer,0.0501139014959335
hsa-mir-375,Lymphoma and B-Cell,hsa-mir-375,pancreatic cancer,0.0501139014959335
hsa-mir-375,Melanoma,hsa-mir-375,pancreatic cancer,0.0501139014959335
hsa-mir-375,Migraine Disorders,hsa-mir-375,pancreatic cancer,0.0501139014959335
hsa-mir-375,Mouth Neoplasms,hsa-mir-375,pancreatic cancer,0.0501139014959335
hsa-mir-375,Myocardial Infarction,hsa-mir-375,pancreatic cancer,0.0501139014959335
hsa-mir-375,Myocarditis,hsa-mir-375,pancreatic cancer,0.0501139014959335
hsa-mir-375,Nasopharyngeal Carcinoma,hsa-mir-375,pancreatic cancer,0.0501139014959335
hsa-mir-375,Neoplasms and Germ Cell and Embryonal,hsa-mir-375,pancreatic cancer,0.0501139014959335
hsa-mir-375,Nerve Degeneration,hsa-mir-375,pancreatic cancer,0.0501139014959335
hsa-mir-375,Nervous System Diseases,hsa-mir-375,pancreatic cancer,0.0501139014959335
hsa-mir-375,Neuroblastoma,hsa-mir-375,pancreatic cancer,0.0501139014959335
hsa-mir-375,Neuroendocrine Tumors,hsa-mir-375,pancreatic cancer,0.0501139014959335
hsa-mir-375,Neuropathic Low Back Pain,hsa-mir-375,pancreatic cancer,0.0501139014959335
hsa-mir-375,Neurotoxicity Syndromes,hsa-mir-375,pancreatic cancer,0.0501139014959335
hsa-mir-375,Newcastle Disease,hsa-mir-375,pancreatic cancer,0.0501139014959335
hsa-mir-375,Nijmegen Breakage Syndrome,hsa-mir-375,pancreatic cancer,0.0501139014959335
hsa-mir-375,Non-alcoholic Fatty Liver Disease,hsa-mir-375,pancreatic cancer,0.0501139014959335
hsa-mir-375,Obesity,hsa-mir-375,pancreatic cancer,0.0501139014959335
hsa-mir-375,Oral Submucous Fibrosis,hsa-mir-375,pancreatic cancer,0.0501139014959335
hsa-mir-375,Osteoarthritis,hsa-mir-375,pancreatic cancer,0.0501139014959335
hsa-mir-375,Osteoarthritis and Knee,hsa-mir-375,pancreatic cancer,0.0501139014959335
hsa-mir-375,Osteochondrodysplasias,hsa-mir-375,pancreatic cancer,0.0501139014959335
hsa-mir-375,Osteoporosis,hsa-mir-375,pancreatic cancer,0.0501139014959335
hsa-mir-375,Osteosarcoma,hsa-mir-375,pancreatic cancer,0.0501139014959335
hsa-mir-375,Ovarian Neoplasms,hsa-mir-375,pancreatic cancer,0.0501139014959335
hsa-mir-375,Pancreatic Carcinoma,hsa-mir-375,pancreatic cancer,0.0501139014959335
hsa-mir-375,Pancreatic Diseases,hsa-mir-375,pancreatic cancer,0.0501139014959335
hsa-mir-375,Pancreatic Intraductal Neoplasms,hsa-mir-375,pancreatic cancer,0.0501139014959335
hsa-mir-375,Pancreatitis,hsa-mir-375,pancreatic cancer,0.0501139014959335
hsa-mir-375,Pancreatitis and Acute Necrotizing,hsa-mir-375,pancreatic cancer,0.0501139014959335
hsa-mir-375,Pancreatitis and Chronic,hsa-mir-375,pancreatic cancer,0.0501139014959335
hsa-mir-375,Papillomavirus Infections,hsa-mir-375,pancreatic cancer,0.0501139014959335
hsa-mir-375,Parkinson Disease,hsa-mir-375,pancreatic cancer,0.0501139014959335
hsa-mir-375,Pediatric Cystic Fibrosis,hsa-mir-375,pancreatic cancer,0.0501139014959335
hsa-mir-375,Pericardial Effusion,hsa-mir-375,pancreatic cancer,0.0501139014959335
hsa-mir-375,Pheochromocytoma,hsa-mir-375,pancreatic cancer,0.0501139014959335
hsa-mir-375,Plaque and Atherosclerotic,hsa-mir-375,pancreatic cancer,0.0501139014959335
hsa-mir-375,Pneumonia and Mycoplasma,hsa-mir-375,pancreatic cancer,0.0501139014959335
hsa-mir-375,Polycystic Ovary Syndrome,hsa-mir-375,pancreatic cancer,0.0501139014959335
hsa-mir-375,Pre-Eclampsia,hsa-mir-375,pancreatic cancer,0.0501139014959335
hsa-mir-375,Prediabetic State,hsa-mir-375,pancreatic cancer,0.0501139014959335
hsa-mir-375,Prostatic Hyperplasia,hsa-mir-375,pancreatic cancer,0.0501139014959335
hsa-mir-375,Prostatic Neoplasms,hsa-mir-375,pancreatic cancer,0.0501139014959335
hsa-mir-375,Prostatic Neoplasms and Castration-Resistant,hsa-mir-375,pancreatic cancer,0.0501139014959335
hsa-mir-375,Pulmonary Fibrosis,hsa-mir-375,pancreatic cancer,0.0501139014959335
hsa-mir-375,Rectal Neoplasms,hsa-mir-375,pancreatic cancer,0.0501139014959335
hsa-mir-375,Reperfusion Injury and Cerebral Ischemia,hsa-mir-375,pancreatic cancer,0.0501139014959335
hsa-mir-375,Respiratory Distress Syndrome and Newborn,hsa-mir-375,pancreatic cancer,0.0501139014959335
hsa-mir-375,Retinoblastoma,hsa-mir-375,pancreatic cancer,0.0501139014959335
hsa-mir-375,Rhinitis and Allergic,hsa-mir-375,pancreatic cancer,0.0501139014959335
hsa-mir-375,Sarcoma and Kaposi,hsa-mir-375,pancreatic cancer,0.0501139014959335
hsa-mir-375,Skin Neoplasms,hsa-mir-375,pancreatic cancer,0.0501139014959335
hsa-mir-375,Small Cell Lung Carcinoma,hsa-mir-375,pancreatic cancer,0.0501139014959335
hsa-mir-375,Spherocytosis and Type 1,hsa-mir-375,pancreatic cancer,0.0501139014959335
hsa-mir-375,Spinal Cord Injuries,hsa-mir-375,pancreatic cancer,0.0501139014959335
hsa-mir-375,Squamous Cell Carcinoma of Head and Neck,hsa-mir-375,pancreatic cancer,0.0501139014959335
hsa-mir-375,Squamous Intraepithelial Lesions,hsa-mir-375,pancreatic cancer,0.0501139014959335
hsa-mir-375,Stomach Neoplasms,hsa-mir-375,pancreatic cancer,0.0501139014959335
hsa-mir-375,Teratoma,hsa-mir-375,pancreatic cancer,0.0501139014959335
hsa-mir-375,Testicular Germ Cell Tumor,hsa-mir-375,pancreatic cancer,0.0501139014959335
hsa-mir-375,Thyroid Cancer and Papillary,hsa-mir-375,pancreatic cancer,0.0501139014959335
hsa-mir-375,Thyroid Neoplasms,hsa-mir-375,pancreatic cancer,0.0501139014959335
hsa-mir-375,Thyroid Nodule,hsa-mir-375,pancreatic cancer,0.0501139014959335
hsa-mir-375,Thyroid cancer and medullary,hsa-mir-375,pancreatic cancer,0.0501139014959335
hsa-mir-375,Triple Negative Breast Neoplasms,hsa-mir-375,pancreatic cancer,0.0501139014959335
hsa-mir-375,Tuberculosis and Gastrointestinal,hsa-mir-375,pancreatic cancer,0.0501139014959335
hsa-mir-375,Urinary Bladder Neoplasms,hsa-mir-375,pancreatic cancer,0.0501139014959335
hsa-mir-375,Uterine Cervical Diseases,hsa-mir-375,pancreatic cancer,0.0501139014959335
hsa-mir-375,Uterine Cervical Neoplasms,hsa-mir-375,pancreatic cancer,0.0501139014959335
hsa-mir-375,Wolfram Syndrome,hsa-mir-375,pancreatic cancer,0.0501139014959335
hsa-mir-375,familial temporal lobe epilepsy 3,hsa-mir-375,pancreatic cancer,0.0501139014959335
hsa-mir-375,hereditary diffuse gastric cancer,hsa-mir-375,pancreatic cancer,0.0501139014959335
hsa-mir-375,psoriasis 1,hsa-mir-375,pancreatic cancer,0.0501139014959335
hsa-mir-376c,Breast Neoplasms,hsa-mir-376c,pancreatic cancer,0.0287475530058145
hsa-mir-376c,Carcinoma and Hepatocellular,hsa-mir-376c,pancreatic cancer,0.0287475530058145
hsa-mir-376c,Carcinoma and Non-Small-Cell Lung,hsa-mir-376c,pancreatic cancer,0.0287475530058145
hsa-mir-376c,Coronary Artery Disease,hsa-mir-376c,pancreatic cancer,0.0287475530058145
hsa-mir-376c,Dyslipidemias,hsa-mir-376c,pancreatic cancer,0.0287475530058145
hsa-mir-376c,Esophageal Neoplasms,hsa-mir-376c,pancreatic cancer,0.0287475530058145
hsa-mir-376c,Hemoglobinuria and Paroxysmal,hsa-mir-376c,pancreatic cancer,0.0287475530058145
hsa-mir-376c,Hidradenitis Suppurativa,hsa-mir-376c,pancreatic cancer,0.0287475530058145
hsa-mir-376c,Holoprosencephaly 7,hsa-mir-376c,pancreatic cancer,0.0287475530058145
hsa-mir-376c,Hypoxia-Ischemia and Brain,hsa-mir-376c,pancreatic cancer,0.0287475530058145
hsa-mir-376c,Infectious pancreatic necrosis virus,hsa-mir-376c,pancreatic cancer,0.0287475530058145
hsa-mir-376c,Multiple Sclerosis,hsa-mir-376c,pancreatic cancer,0.0287475530058145
hsa-mir-376c,Neuroblastoma,hsa-mir-376c,pancreatic cancer,0.0287475530058145
hsa-mir-376c,Osteoarthritis,hsa-mir-376c,pancreatic cancer,0.0287475530058145
hsa-mir-376c,Osteosarcoma,hsa-mir-376c,pancreatic cancer,0.0287475530058145
hsa-mir-376c,Ovarian Neoplasms,hsa-mir-376c,pancreatic cancer,0.0287475530058145
hsa-mir-376c,Pre-Eclampsia,hsa-mir-376c,pancreatic cancer,0.0287475530058145
hsa-mir-376c,Prostatic Neoplasms,hsa-mir-376c,pancreatic cancer,0.0287475530058145
hsa-mir-376c,Reperfusion Injury and Renal Ischemia,hsa-mir-376c,pancreatic cancer,0.0287475530058145
hsa-mir-376c,Stomach Neoplasms,hsa-mir-376c,pancreatic cancer,0.0287475530058145
hsa-mir-376c,Thyroid Cancer and Papillary,hsa-mir-376c,pancreatic cancer,0.0287475530058145
hsa-mir-376c,Thyroid cancer and medullary,hsa-mir-376c,pancreatic cancer,0.0287475530058145
hsa-mir-376c,Urinary Bladder Neoplasms,hsa-mir-376c,pancreatic cancer,0.0287475530058145
hsa-mir-376c,hereditary sensory neuropathy type 4,hsa-mir-376c,pancreatic cancer,0.0287475530058145
hsa-mir-410,ACTH-Secreting Pituitary Adenoma,hsa-mir-410,pancreatic cancer,0.0287488345056772
hsa-mir-410,Abortion and Habitual,hsa-mir-410,pancreatic cancer,0.0287488345056772
hsa-mir-410,Arthritis and Rheumatoid,hsa-mir-410,pancreatic cancer,0.0287488345056772
hsa-mir-410,Asthma,hsa-mir-410,pancreatic cancer,0.0287488345056772
hsa-mir-410,Atherosclerosis,hsa-mir-410,pancreatic cancer,0.0287488345056772
hsa-mir-410,Brain Ischemia,hsa-mir-410,pancreatic cancer,0.0287488345056772
hsa-mir-410,Breast Neoplasms,hsa-mir-410,pancreatic cancer,0.0287488345056772
hsa-mir-410,Cancer-Associated Cachexia,hsa-mir-410,pancreatic cancer,0.0287488345056772
hsa-mir-410,Carcinoma and Non-Small-Cell Lung,hsa-mir-410,pancreatic cancer,0.0287488345056772
hsa-mir-410,Carcinoma and Renal Cell,hsa-mir-410,pancreatic cancer,0.0287488345056772
hsa-mir-410,Cardiomegaly,hsa-mir-410,pancreatic cancer,0.0287488345056772
hsa-mir-410,Cognition Disorders,hsa-mir-410,pancreatic cancer,0.0287488345056772
hsa-mir-410,Colorectal Neoplasms,hsa-mir-410,pancreatic cancer,0.0287488345056772
hsa-mir-410,Diabetic Cardiomyopathies,hsa-mir-410,pancreatic cancer,0.0287488345056772
hsa-mir-410,Fragile X Syndrome,hsa-mir-410,pancreatic cancer,0.0287488345056772
hsa-mir-410,Glioma,hsa-mir-410,pancreatic cancer,0.0287488345056772
hsa-mir-410,Hypertension and Pulmonary,hsa-mir-410,pancreatic cancer,0.0287488345056772
hsa-mir-410,Hypoxia-Ischemia and Brain,hsa-mir-410,pancreatic cancer,0.0287488345056772
hsa-mir-410,Immune System Diseases,hsa-mir-410,pancreatic cancer,0.0287488345056772
hsa-mir-410,Inflammation,hsa-mir-410,pancreatic cancer,0.0287488345056772
hsa-mir-410,Inflammatory Bowel Diseases,hsa-mir-410,pancreatic cancer,0.0287488345056772
hsa-mir-410,Intervertebral Disc Degeneration,hsa-mir-410,pancreatic cancer,0.0287488345056772
hsa-mir-410,Macular Degeneration,hsa-mir-410,pancreatic cancer,0.0287488345056772
hsa-mir-410,Melanoma,hsa-mir-410,pancreatic cancer,0.0287488345056772
hsa-mir-410,Neonatal Sepsis,hsa-mir-410,pancreatic cancer,0.0287488345056772
hsa-mir-410,Neurologic Manifestations,hsa-mir-410,pancreatic cancer,0.0287488345056772
hsa-mir-410,Osteoarthritis,hsa-mir-410,pancreatic cancer,0.0287488345056772
hsa-mir-410,Osteoporosis and Postmenopausal,hsa-mir-410,pancreatic cancer,0.0287488345056772
hsa-mir-410,Osteosarcoma,hsa-mir-410,pancreatic cancer,0.0287488345056772
hsa-mir-410,Parkinson Disease,hsa-mir-410,pancreatic cancer,0.0287488345056772
hsa-mir-410,Plaque and Amyloid,hsa-mir-410,pancreatic cancer,0.0287488345056772
hsa-mir-410,Pneumonia,hsa-mir-410,pancreatic cancer,0.0287488345056772
hsa-mir-410,Precursor Cell Lymphoblastic Leukemia-Lymphoma,hsa-mir-410,pancreatic cancer,0.0287488345056772
hsa-mir-410,Pulmonary Disease and Chronic Obstructive,hsa-mir-410,pancreatic cancer,0.0287488345056772
hsa-mir-410,Pulpitis,hsa-mir-410,pancreatic cancer,0.0287488345056772
hsa-mir-410,Reperfusion Injury and Cerebral Ischemia,hsa-mir-410,pancreatic cancer,0.0287488345056772
hsa-mir-410,Retinitis Pigmentosa,hsa-mir-410,pancreatic cancer,0.0287488345056772
hsa-mir-410,Rhabdomyosarcoma,hsa-mir-410,pancreatic cancer,0.0287488345056772
hsa-mir-410,Somatotroph   Adenomas,hsa-mir-410,pancreatic cancer,0.0287488345056772
hsa-mir-410,Squamous Cell Carcinoma of Head and Neck,hsa-mir-410,pancreatic cancer,0.0287488345056772
hsa-mir-410,Stomach Neoplasms,hsa-mir-410,pancreatic cancer,0.0287488345056772
hsa-mir-410,Subarachnoid Hemorrhage,hsa-mir-410,pancreatic cancer,0.0287488345056772
hsa-mir-410,Thyroid Neoplasms,hsa-mir-410,pancreatic cancer,0.0287488345056772
hsa-mir-410,Urinary Bladder Neoplasms,hsa-mir-410,pancreatic cancer,0.0287488345056772
hsa-mir-410,Vascular Remodeling,hsa-mir-410,pancreatic cancer,0.0287488345056772
hsa-mir-410,hereditary diffuse gastric cancer,hsa-mir-410,pancreatic cancer,0.0287488345056772
hsa-mir-431,Adrenocortical Carcinoma,hsa-mir-431,pancreatic cancer,0.0501140803098678
hsa-mir-431,Alzheimer Disease,hsa-mir-431,pancreatic cancer,0.0501140803098678
hsa-mir-431,Arthritis and Rheumatoid,hsa-mir-431,pancreatic cancer,0.0501140803098678
hsa-mir-431,Breast Neoplasms,hsa-mir-431,pancreatic cancer,0.0501140803098678
hsa-mir-431,Carcinoma and Hepatocellular,hsa-mir-431,pancreatic cancer,0.0501140803098678
hsa-mir-431,Carcinoma and Ovarian Epithelial,hsa-mir-431,pancreatic cancer,0.0501140803098678
hsa-mir-431,Carcinoma and Pancreatic Ductal,hsa-mir-431,pancreatic cancer,0.0501140803098678
hsa-mir-431,Cardiomyopathies,hsa-mir-431,pancreatic cancer,0.0501140803098678
hsa-mir-431,Cicatrix and Hypertrophic,hsa-mir-431,pancreatic cancer,0.0501140803098678
hsa-mir-431,Colonic Neoplasms,hsa-mir-431,pancreatic cancer,0.0501140803098678
hsa-mir-431,Colorectal Neoplasms,hsa-mir-431,pancreatic cancer,0.0501140803098678
hsa-mir-431,Diabetic Retinopathy,hsa-mir-431,pancreatic cancer,0.0501140803098678
hsa-mir-431,Enterocolitis and Necrotizing,hsa-mir-431,pancreatic cancer,0.0501140803098678
hsa-mir-431,Esophageal Neoplasms,hsa-mir-431,pancreatic cancer,0.0501140803098678
hsa-mir-431,Glioma,hsa-mir-431,pancreatic cancer,0.0501140803098678
hsa-mir-431,Hepatitis and Autoimmune,hsa-mir-431,pancreatic cancer,0.0501140803098678
hsa-mir-431,Hirschsprung Disease,hsa-mir-431,pancreatic cancer,0.0501140803098678
hsa-mir-431,Infertility,hsa-mir-431,pancreatic cancer,0.0501140803098678
hsa-mir-431,Intervertebral Disc Degeneration,hsa-mir-431,pancreatic cancer,0.0501140803098678
hsa-mir-431,Lissencephaly,hsa-mir-431,pancreatic cancer,0.0501140803098678
hsa-mir-431,Liver Neoplasms,hsa-mir-431,pancreatic cancer,0.0501140803098678
hsa-mir-431,Lung Carcinoid,hsa-mir-431,pancreatic cancer,0.0501140803098678
hsa-mir-431,Lung Neoplasms,hsa-mir-431,pancreatic cancer,0.0501140803098678
hsa-mir-431,Lymphoma and Large B-Cell and Diffuse,hsa-mir-431,pancreatic cancer,0.0501140803098678
hsa-mir-431,Melanoma,hsa-mir-431,pancreatic cancer,0.0501140803098678
hsa-mir-431,Multiple Sclerosis,hsa-mir-431,pancreatic cancer,0.0501140803098678
hsa-mir-431,Myocardial Infarction,hsa-mir-431,pancreatic cancer,0.0501140803098678
hsa-mir-431,Nasopharyngeal Carcinoma,hsa-mir-431,pancreatic cancer,0.0501140803098678
hsa-mir-431,Osteoarthritis,hsa-mir-431,pancreatic cancer,0.0501140803098678
hsa-mir-431,Osteosarcoma,hsa-mir-431,pancreatic cancer,0.0501140803098678
hsa-mir-431,Pancreatic Neuroendocrine Tumor,hsa-mir-431,pancreatic cancer,0.0501140803098678
hsa-mir-431,Precancerous Conditions,hsa-mir-431,pancreatic cancer,0.0501140803098678
hsa-mir-431,Premature Birth,hsa-mir-431,pancreatic cancer,0.0501140803098678
hsa-mir-431,Respiratory Distress Syndrome and Newborn,hsa-mir-431,pancreatic cancer,0.0501140803098678
hsa-mir-431,Sciatic Neuropathy,hsa-mir-431,pancreatic cancer,0.0501140803098678
hsa-mir-431,Squamous Cell Carcinoma of Head and Neck,hsa-mir-431,pancreatic cancer,0.0501140803098678
hsa-mir-431,Stomach Neoplasms,hsa-mir-431,pancreatic cancer,0.0501140803098678
hsa-mir-431,Thrombocythemia and Essential,hsa-mir-431,pancreatic cancer,0.0501140803098678
hsa-mir-431,Thyroid Cancer and Papillary,hsa-mir-431,pancreatic cancer,0.0501140803098678
hsa-mir-431,Thyroid Neoplasms,hsa-mir-431,pancreatic cancer,0.0501140803098678
hsa-mir-431,Tuberculosis,hsa-mir-431,pancreatic cancer,0.0501140803098678
hsa-mir-431,Uterine Cervical Neoplasms,hsa-mir-431,pancreatic cancer,0.0501140803098678
hsa-mir-431,psoriasis 1,hsa-mir-431,pancreatic cancer,0.0501140803098678
hsa-mir-431,spinal cord glioma,hsa-mir-431,pancreatic cancer,0.0501140803098678
hsa-mir-4472,Breast Neoplasms,hsa-mir-4472,pancreatic cancer,0.0501124039292335
hsa-mir-4472,Diabetic Nephropathies,hsa-mir-4472,pancreatic cancer,0.0501124039292335
hsa-mir-449,Arthritis and Rheumatoid,hsa-mir-449,pancreatic cancer,0.0285922195762395
hsa-mir-449,Chronic Rhinosinusitis With Nasal Polyps,hsa-mir-449,pancreatic cancer,0.0285922195762395
hsa-mir-449,Ciliary Motility Disorders,hsa-mir-449,pancreatic cancer,0.0285922195762395
hsa-mir-449,Darier Disease,hsa-mir-449,pancreatic cancer,0.0285922195762395
hsa-mir-449,Fatigue Syndrome and Chronic,hsa-mir-449,pancreatic cancer,0.0285922195762395
hsa-mir-449,Glioma,hsa-mir-449,pancreatic cancer,0.0285922195762395
hsa-mir-449,Intestinal-Type Sinonasal Adenocarcinoma,hsa-mir-449,pancreatic cancer,0.0285922195762395
hsa-mir-449,Mucocutaneous Lymph Node Syndrome,hsa-mir-449,pancreatic cancer,0.0285922195762395
hsa-mir-449,Nasal Polyps,hsa-mir-449,pancreatic cancer,0.0285922195762395
hsa-mir-449,Papilloma and Inverted,hsa-mir-449,pancreatic cancer,0.0285922195762395
hsa-mir-449,Pulmonary Disease and Chronic Obstructive,hsa-mir-449,pancreatic cancer,0.0285922195762395
hsa-mir-449,Stomach Neoplasms,hsa-mir-449,pancreatic cancer,0.0285922195762395
hsa-mir-449,ankylosing spondylitis 1,hsa-mir-449,pancreatic cancer,0.0285922195762395
hsa-mir-449,isolated cleft palate,hsa-mir-449,pancreatic cancer,0.0285922195762395
hsa-mir-486,Acute Kidney Injury,hsa-mir-486,recurrent ovarian cancer,0.0732116773724556
hsa-mir-486,Acute Lung Injury,hsa-mir-486,recurrent ovarian cancer,0.0732116773724556
hsa-mir-486,Adenocarcinoma of Lung,hsa-mir-486,recurrent ovarian cancer,0.0732116773724556
hsa-mir-486,Adrenocortical Carcinoma,hsa-mir-486,recurrent ovarian cancer,0.0732116773724556
hsa-mir-486,Amyotrophic Lateral Sclerosis,hsa-mir-486,recurrent ovarian cancer,0.0732116773724556
hsa-mir-486,Aortic Valve Insufficiency,hsa-mir-486,recurrent ovarian cancer,0.0732116773724556
hsa-mir-486,Arthritis and Gouty and Chronic,hsa-mir-486,recurrent ovarian cancer,0.0732116773724556
hsa-mir-486,Arthritis and Rheumatoid,hsa-mir-486,recurrent ovarian cancer,0.0732116773724556
hsa-mir-486,Ataxia with vitamin E deficiency,hsa-mir-486,recurrent ovarian cancer,0.0732116773724556
hsa-mir-486,Atherosclerosis,hsa-mir-486,recurrent ovarian cancer,0.0732116773724556
hsa-mir-486,Atrial Fibrillation,hsa-mir-486,recurrent ovarian cancer,0.0732116773724556
hsa-mir-486,Attention Deficit Disorder with Hyperactivity,hsa-mir-486,recurrent ovarian cancer,0.0732116773724556
hsa-mir-486,Bicuspid Aortic Valve Disease,hsa-mir-486,recurrent ovarian cancer,0.0732116773724556
hsa-mir-486,Blood Platelet Disorders,hsa-mir-486,recurrent ovarian cancer,0.0732116773724556
hsa-mir-486,Bradycardia,hsa-mir-486,recurrent ovarian cancer,0.0732116773724556
hsa-mir-486,Breast Neoplasms,hsa-mir-486,recurrent ovarian cancer,0.0732116773724556
hsa-mir-486,Burns,hsa-mir-486,recurrent ovarian cancer,0.0732116773724556
hsa-mir-486,COVID-19,hsa-mir-486,recurrent ovarian cancer,0.0732116773724556
hsa-mir-486,Cachexia,hsa-mir-486,recurrent ovarian cancer,0.0732116773724556
hsa-mir-486,Carcinoma and Endometrioid,hsa-mir-486,recurrent ovarian cancer,0.0732116773724556
hsa-mir-486,Carcinoma and Hepatocellular,hsa-mir-486,recurrent ovarian cancer,0.0732116773724556
hsa-mir-486,Carcinoma and Non-Small-Cell Lung,hsa-mir-486,recurrent ovarian cancer,0.0732116773724556
hsa-mir-486,Carcinoma and Ovarian Epithelial,hsa-mir-486,recurrent ovarian cancer,0.0732116773724556
hsa-mir-486,Carcinoma and Renal Cell,hsa-mir-486,recurrent ovarian cancer,0.0732116773724556
hsa-mir-486,Carcinoma and Squamous Cell,hsa-mir-486,recurrent ovarian cancer,0.0732116773724556
hsa-mir-486,Carcinoma and Squamous Cell and Cutaneous,hsa-mir-486,recurrent ovarian cancer,0.0732116773724556
hsa-mir-486,Cardiomegaly,hsa-mir-486,recurrent ovarian cancer,0.0732116773724556
hsa-mir-486,Cardiomyopathies,hsa-mir-486,recurrent ovarian cancer,0.0732116773724556
hsa-mir-486,Cerebral Palsy,hsa-mir-486,recurrent ovarian cancer,0.0732116773724556
hsa-mir-486,Cicatrix and Hypertrophic,hsa-mir-486,recurrent ovarian cancer,0.0732116773724556
hsa-mir-486,Colonic Neoplasms,hsa-mir-486,recurrent ovarian cancer,0.0732116773724556
hsa-mir-486,Colorectal Neoplasms,hsa-mir-486,recurrent ovarian cancer,0.0732116773724556
hsa-mir-486,Congenital amegakaryocytic thrombocytopenia,hsa-mir-486,recurrent ovarian cancer,0.0732116773724556
hsa-mir-486,Congenital central hypoventilation syndrome,hsa-mir-486,recurrent ovarian cancer,0.0732116773724556
hsa-mir-486,Coronary Disease,hsa-mir-486,recurrent ovarian cancer,0.0732116773724556
hsa-mir-486,Costello Syndrome,hsa-mir-486,recurrent ovarian cancer,0.0732116773724556
hsa-mir-486,Critical Illness,hsa-mir-486,recurrent ovarian cancer,0.0732116773724556
hsa-mir-486,Death,hsa-mir-486,recurrent ovarian cancer,0.0732116773724556
hsa-mir-486,Dehydration,hsa-mir-486,recurrent ovarian cancer,0.0732116773724556
hsa-mir-486,Diabetes Mellitus and Type 2,hsa-mir-486,recurrent ovarian cancer,0.0732116773724556
hsa-mir-486,Diabetic Nephropathies,hsa-mir-486,recurrent ovarian cancer,0.0732116773724556
hsa-mir-486,Diabetic Retinopathy,hsa-mir-486,recurrent ovarian cancer,0.0732116773724556
hsa-mir-486,Endometriosis,hsa-mir-486,recurrent ovarian cancer,0.0732116773724556
hsa-mir-486,Epilepsy and Temporal Lobe,hsa-mir-486,recurrent ovarian cancer,0.0732116773724556
hsa-mir-486,Esophageal Neoplasms,hsa-mir-486,recurrent ovarian cancer,0.0732116773724556
hsa-mir-486,Esophageal Squamous Cell Carcinoma,hsa-mir-486,recurrent ovarian cancer,0.0732116773724556
hsa-mir-486,Fatty Liver,hsa-mir-486,recurrent ovarian cancer,0.0732116773724556
hsa-mir-486,Fetal Macrosomia,hsa-mir-486,recurrent ovarian cancer,0.0732116773724556
hsa-mir-486,Fibrosis and Renal,hsa-mir-486,recurrent ovarian cancer,0.0732116773724556
hsa-mir-486,Fluorosis and Dental,hsa-mir-486,recurrent ovarian cancer,0.0732116773724556
hsa-mir-486,Gaucher Disease,hsa-mir-486,recurrent ovarian cancer,0.0732116773724556
hsa-mir-486,Glaucoma and Open-Angle,hsa-mir-486,recurrent ovarian cancer,0.0732116773724556
hsa-mir-486,Glioblastoma,hsa-mir-486,recurrent ovarian cancer,0.0732116773724556
hsa-mir-486,Heart Defects and Congenital,hsa-mir-486,recurrent ovarian cancer,0.0732116773724556
hsa-mir-486,Heart Diseases,hsa-mir-486,recurrent ovarian cancer,0.0732116773724556
hsa-mir-486,Heart Neoplasms,hsa-mir-486,recurrent ovarian cancer,0.0732116773724556
hsa-mir-486,Hemolysis,hsa-mir-486,recurrent ovarian cancer,0.0732116773724556
hsa-mir-486,Heroin Use Disorder,hsa-mir-486,recurrent ovarian cancer,0.0732116773724556
hsa-mir-486,Homozygous Familial Hypercholesterolemia,hsa-mir-486,recurrent ovarian cancer,0.0732116773724556
hsa-mir-486,Hyperlipoproteinemia Type II,hsa-mir-486,recurrent ovarian cancer,0.0732116773724556
hsa-mir-486,Hypertension and Pulmonary,hsa-mir-486,recurrent ovarian cancer,0.0732116773724556
hsa-mir-486,Hypoplastic Left Heart Syndrome,hsa-mir-486,recurrent ovarian cancer,0.0732116773724556
hsa-mir-486,Immunoglobulin G4-Related Disease,hsa-mir-486,recurrent ovarian cancer,0.0732116773724556
hsa-mir-486,Infertility,hsa-mir-486,recurrent ovarian cancer,0.0732116773724556
hsa-mir-486,Infertility and Male,hsa-mir-486,recurrent ovarian cancer,0.0732116773724556
hsa-mir-486,Inflammation,hsa-mir-486,recurrent ovarian cancer,0.0732116773724556
hsa-mir-486,Intervertebral Disc Degeneration,hsa-mir-486,recurrent ovarian cancer,0.0732116773724556
hsa-mir-486,Iris Diseases,hsa-mir-486,recurrent ovarian cancer,0.0732116773724556
hsa-mir-486,Kidney Diseases,hsa-mir-486,recurrent ovarian cancer,0.0732116773724556
hsa-mir-486,Leukemia,hsa-mir-486,recurrent ovarian cancer,0.0732116773724556
hsa-mir-486,Leukemia and Lymphocytic and Chronic and B-Cell,hsa-mir-486,recurrent ovarian cancer,0.0732116773724556
hsa-mir-486,Leukemia and Myelogenous and Chronic and BCR-ABL Positive,hsa-mir-486,recurrent ovarian cancer,0.0732116773724556
hsa-mir-486,Leukemia and Myeloid and Acute,hsa-mir-486,recurrent ovarian cancer,0.0732116773724556
hsa-mir-486,Leukopenia,hsa-mir-486,recurrent ovarian cancer,0.0732116773724556
hsa-mir-486,Liposarcoma and Myxoid,hsa-mir-486,recurrent ovarian cancer,0.0732116773724556
hsa-mir-486,Liver Cirrhosis,hsa-mir-486,recurrent ovarian cancer,0.0732116773724556
hsa-mir-486,Liver Neoplasms,hsa-mir-486,recurrent ovarian cancer,0.0732116773724556
hsa-mir-486,Lung Neoplasms,hsa-mir-486,recurrent ovarian cancer,0.0732116773724556
hsa-mir-486,Macular Degeneration,hsa-mir-486,recurrent ovarian cancer,0.0732116773724556
hsa-mir-486,Mesothelioma,hsa-mir-486,recurrent ovarian cancer,0.0732116773724556
hsa-mir-486,Mitochondrial Diseases,hsa-mir-486,recurrent ovarian cancer,0.0732116773724556
hsa-mir-486,Mouth Neoplasms,hsa-mir-486,recurrent ovarian cancer,0.0732116773724556
hsa-mir-486,Moyamoya Disease,hsa-mir-486,recurrent ovarian cancer,0.0732116773724556
hsa-mir-486,Multiple Endocrine Neoplasia Type 1,hsa-mir-486,recurrent ovarian cancer,0.0732116773724556
hsa-mir-486,Multiple Myeloma,hsa-mir-486,recurrent ovarian cancer,0.0732116773724556
hsa-mir-486,Muscular Atrophy,hsa-mir-486,recurrent ovarian cancer,0.0732116773724556
hsa-mir-486,Myocardial Infarction,hsa-mir-486,recurrent ovarian cancer,0.0732116773724556
hsa-mir-486,Myocardial Ischemia,hsa-mir-486,recurrent ovarian cancer,0.0732116773724556
hsa-mir-486,Myocardial Reperfusion Injury,hsa-mir-486,recurrent ovarian cancer,0.0732116773724556
hsa-mir-486,Nasopharyngeal Carcinoma,hsa-mir-486,recurrent ovarian cancer,0.0732116773724556
hsa-mir-486,Obesity,hsa-mir-486,recurrent ovarian cancer,0.0732116773724556
hsa-mir-486,Osteoporosis and Postmenopausal,hsa-mir-486,recurrent ovarian cancer,0.0732116773724556
hsa-mir-486,Osteosarcoma,hsa-mir-486,recurrent ovarian cancer,0.0732116773724556
hsa-mir-486,Ovarian Neoplasms,hsa-mir-486,recurrent ovarian cancer,0.0732116773724556
hsa-mir-486,Pancreatic Carcinoma,hsa-mir-486,recurrent ovarian cancer,0.0732116773724556
hsa-mir-486,Parkinson Disease,hsa-mir-486,recurrent ovarian cancer,0.0732116773724556
hsa-mir-486,Pituitary Neoplasms,hsa-mir-486,recurrent ovarian cancer,0.0732116773724556
hsa-mir-486,Plaque and Atherosclerotic,hsa-mir-486,recurrent ovarian cancer,0.0732116773724556
hsa-mir-486,Polycystic Ovary Syndrome,hsa-mir-486,recurrent ovarian cancer,0.0732116773724556
hsa-mir-486,Polymyositis,hsa-mir-486,recurrent ovarian cancer,0.0732116773724556
hsa-mir-486,Pre-Eclampsia,hsa-mir-486,recurrent ovarian cancer,0.0732116773724556
hsa-mir-486,Precursor Cell Lymphoblastic Leukemia-Lymphoma,hsa-mir-486,recurrent ovarian cancer,0.0732116773724556
hsa-mir-486,Premature Ovarian Aging,hsa-mir-486,recurrent ovarian cancer,0.0732116773724556
hsa-mir-486,Prostatic Neoplasms,hsa-mir-486,recurrent ovarian cancer,0.0732116773724556
hsa-mir-486,Psoriasis,hsa-mir-486,recurrent ovarian cancer,0.0732116773724556
hsa-mir-486,Pulmonary Arterial Hypertension,hsa-mir-486,recurrent ovarian cancer,0.0732116773724556
hsa-mir-486,Pulmonary Disease and Chronic Obstructive,hsa-mir-486,recurrent ovarian cancer,0.0732116773724556
hsa-mir-486,Pulmonary Fibrosis,hsa-mir-486,recurrent ovarian cancer,0.0732116773724556
hsa-mir-486,Reperfusion Injury and Cerebral Ischemia,hsa-mir-486,recurrent ovarian cancer,0.0732116773724556
hsa-mir-486,Rhabdomyosarcoma 1,hsa-mir-486,recurrent ovarian cancer,0.0732116773724556
hsa-mir-486,Sarcopenia,hsa-mir-486,recurrent ovarian cancer,0.0732116773724556
hsa-mir-486,Sepsis,hsa-mir-486,recurrent ovarian cancer,0.0732116773724556
hsa-mir-486,Sleep Apnea Syndromes,hsa-mir-486,recurrent ovarian cancer,0.0732116773724556
hsa-mir-486,Sleep Apnea and Obstructive,hsa-mir-486,recurrent ovarian cancer,0.0732116773724556
hsa-mir-486,Sneddon Syndrome,hsa-mir-486,recurrent ovarian cancer,0.0732116773724556
hsa-mir-486,Squamous Cell Carcinoma of Head and Neck,hsa-mir-486,recurrent ovarian cancer,0.0732116773724556
hsa-mir-486,Stomach Neoplasms,hsa-mir-486,recurrent ovarian cancer,0.0732116773724556
hsa-mir-486,Subarachnoid Hemorrhage,hsa-mir-486,recurrent ovarian cancer,0.0732116773724556
hsa-mir-486,Tachycardia and Sinus,hsa-mir-486,recurrent ovarian cancer,0.0732116773724556
hsa-mir-486,Thyroid Cancer and Papillary,hsa-mir-486,recurrent ovarian cancer,0.0732116773724556
hsa-mir-486,Thyroid Neoplasms,hsa-mir-486,recurrent ovarian cancer,0.0732116773724556
hsa-mir-486,Triple Negative Breast Neoplasms,hsa-mir-486,recurrent ovarian cancer,0.0732116773724556
hsa-mir-486,Tuberculosis,hsa-mir-486,recurrent ovarian cancer,0.0732116773724556
hsa-mir-486,Tuberous Sclerosis,hsa-mir-486,recurrent ovarian cancer,0.0732116773724556
hsa-mir-486,Urinary Bladder Neoplasms,hsa-mir-486,recurrent ovarian cancer,0.0732116773724556
hsa-mir-486,Uterine Cervical Neoplasms,hsa-mir-486,recurrent ovarian cancer,0.0732116773724556
hsa-mir-486,beta-Thalassemia,hsa-mir-486,recurrent ovarian cancer,0.0732116773724556
hsa-mir-486,sporatic amyotrophic lateral sclerosis,hsa-mir-486,recurrent ovarian cancer,0.0732116773724556
hsa-mir-489,Atherosclerosis,hsa-mir-489,pancreatic cancer,0.0501126125454902
hsa-mir-489,Breast Neoplasms,hsa-mir-489,pancreatic cancer,0.0501126125454902
hsa-mir-489,Carcinoma and Hepatocellular,hsa-mir-489,pancreatic cancer,0.0501126125454902
hsa-mir-489,Carcinoma and Non-Small-Cell Lung,hsa-mir-489,pancreatic cancer,0.0501126125454902
hsa-mir-489,Cardiomyopathies,hsa-mir-489,pancreatic cancer,0.0501126125454902
hsa-mir-489,Cardiomyopathy and Dilated,hsa-mir-489,pancreatic cancer,0.0501126125454902
hsa-mir-489,Colorectal Neoplasms,hsa-mir-489,pancreatic cancer,0.0501126125454902
hsa-mir-489,Congenital Hypothyroidism,hsa-mir-489,pancreatic cancer,0.0501126125454902
hsa-mir-489,Diabetic Retinopathy,hsa-mir-489,pancreatic cancer,0.0501126125454902
hsa-mir-489,Fibrosis,hsa-mir-489,pancreatic cancer,0.0501126125454902
hsa-mir-489,Glioblastoma,hsa-mir-489,pancreatic cancer,0.0501126125454902
hsa-mir-489,Glioma,hsa-mir-489,pancreatic cancer,0.0501126125454902
hsa-mir-489,Inflammation,hsa-mir-489,pancreatic cancer,0.0501126125454902
hsa-mir-489,Leukemia and Myeloid and Acute,hsa-mir-489,pancreatic cancer,0.0501126125454902
hsa-mir-489,Liver Neoplasms,hsa-mir-489,pancreatic cancer,0.0501126125454902
hsa-mir-489,Melanoma,hsa-mir-489,pancreatic cancer,0.0501126125454902
hsa-mir-489,Multiple Myeloma,hsa-mir-489,pancreatic cancer,0.0501126125454902
hsa-mir-489,Myocardial Infarction,hsa-mir-489,pancreatic cancer,0.0501126125454902
hsa-mir-489,Myocardial Injury,hsa-mir-489,pancreatic cancer,0.0501126125454902
hsa-mir-489,Myocardial Reperfusion Injury,hsa-mir-489,pancreatic cancer,0.0501126125454902
hsa-mir-489,Neuroblastoma,hsa-mir-489,pancreatic cancer,0.0501126125454902
hsa-mir-489,Neuropathic Allodynia,hsa-mir-489,pancreatic cancer,0.0501126125454902
hsa-mir-489,Ovarian Neoplasms,hsa-mir-489,pancreatic cancer,0.0501126125454902
hsa-mir-489,Pancreatic Carcinoma,hsa-mir-489,pancreatic cancer,0.0501126125454902
hsa-mir-489,Psoriasis,hsa-mir-489,pancreatic cancer,0.0501126125454902
hsa-mir-489,Renal Interstitial Fibrosis,hsa-mir-489,pancreatic cancer,0.0501126125454902
hsa-mir-489,Reperfusion Injury and Cerebral Ischemia,hsa-mir-489,pancreatic cancer,0.0501126125454902
hsa-mir-489,Retinoblastoma,hsa-mir-489,pancreatic cancer,0.0501126125454902
hsa-mir-489,Sepsis,hsa-mir-489,pancreatic cancer,0.0501126125454902
hsa-mir-489,Squamous Cell Carcinoma of Head and Neck,hsa-mir-489,pancreatic cancer,0.0501126125454902
hsa-mir-489,Stomach Neoplasms,hsa-mir-489,pancreatic cancer,0.0501126125454902
hsa-mir-489,Triple Negative Breast Neoplasms,hsa-mir-489,pancreatic cancer,0.0501126125454902
hsa-mir-492,Breast Neoplasms,hsa-mir-492,pancreatic cancer,0.0501136928796768
hsa-mir-492,Carcinoma and Non-Small-Cell Lung,hsa-mir-492,pancreatic cancer,0.0501136928796768
hsa-mir-492,Carcinoma and Pancreatic Ductal,hsa-mir-492,pancreatic cancer,0.0501136928796768
hsa-mir-492,Carcinoma and Renal Cell,hsa-mir-492,pancreatic cancer,0.0501136928796768
hsa-mir-492,Endometrial Neoplasms,hsa-mir-492,pancreatic cancer,0.0501136928796768
hsa-mir-492,Hirschsprung Disease,hsa-mir-492,pancreatic cancer,0.0501136928796768
hsa-mir-492,Melanoma,hsa-mir-492,pancreatic cancer,0.0501136928796768
hsa-mir-492,Multiple Myeloma,hsa-mir-492,pancreatic cancer,0.0501136928796768
hsa-mir-492,Osteoarthritis,hsa-mir-492,pancreatic cancer,0.0501136928796768
hsa-mir-492,Ovarian Neoplasms,hsa-mir-492,pancreatic cancer,0.0501136928796768
hsa-mir-492,Pancreatic Carcinoma,hsa-mir-492,pancreatic cancer,0.0501136928796768
hsa-mir-492,Pneumonia and Mycoplasma,hsa-mir-492,pancreatic cancer,0.0501136928796768
hsa-mir-492,Precancerous Conditions,hsa-mir-492,pancreatic cancer,0.0501136928796768
hsa-mir-492,Prostatic Neoplasms,hsa-mir-492,pancreatic cancer,0.0501136928796768
hsa-mir-492,Retinoblastoma,hsa-mir-492,pancreatic cancer,0.0501136928796768
hsa-mir-492,Stomach Neoplasms,hsa-mir-492,pancreatic cancer,0.0501136928796768
hsa-mir-492,Triple Negative Breast Neoplasms,hsa-mir-492,pancreatic cancer,0.0501136928796768
hsa-mir-492,late onset Parkinson's disease,hsa-mir-492,pancreatic cancer,0.0501136928796768
hsa-mir-494,Acute Kidney Injury,hsa-mir-494,pancreatic cancer,0.0501148551702499
hsa-mir-494,Acute Lung Injury,hsa-mir-494,pancreatic cancer,0.0501148551702499
hsa-mir-494,Aggressive Periodontitis,hsa-mir-494,pancreatic cancer,0.0501148551702499
hsa-mir-494,Arthritis,hsa-mir-494,pancreatic cancer,0.0501148551702499
hsa-mir-494,Atherosclerosis,hsa-mir-494,pancreatic cancer,0.0501148551702499
hsa-mir-494,Brain Ischemia,hsa-mir-494,pancreatic cancer,0.0501148551702499
hsa-mir-494,Breast Neoplasms,hsa-mir-494,pancreatic cancer,0.0501148551702499
hsa-mir-494,Carcinoma and Hepatocellular,hsa-mir-494,pancreatic cancer,0.0501148551702499
hsa-mir-494,Carcinoma and Non-Small-Cell Lung,hsa-mir-494,pancreatic cancer,0.0501148551702499
hsa-mir-494,Cardiomyopathies,hsa-mir-494,pancreatic cancer,0.0501148551702499
hsa-mir-494,Cardiovascular Diseases,hsa-mir-494,pancreatic cancer,0.0501148551702499
hsa-mir-494,Cerebral Hemorrhage,hsa-mir-494,pancreatic cancer,0.0501148551702499
hsa-mir-494,Cervical   Spondylomyelopathy,hsa-mir-494,pancreatic cancer,0.0501148551702499
hsa-mir-494,Cicatrix and Hypertrophic,hsa-mir-494,pancreatic cancer,0.0501148551702499
hsa-mir-494,Colitis,hsa-mir-494,pancreatic cancer,0.0501148551702499
hsa-mir-494,Colonic Diseases,hsa-mir-494,pancreatic cancer,0.0501148551702499
hsa-mir-494,Colorectal Neoplasms,hsa-mir-494,pancreatic cancer,0.0501148551702499
hsa-mir-494,Coronary Occlusion,hsa-mir-494,pancreatic cancer,0.0501148551702499
hsa-mir-494,Crohn Disease,hsa-mir-494,pancreatic cancer,0.0501148551702499
hsa-mir-494,Cystic Fibrosis,hsa-mir-494,pancreatic cancer,0.0501148551702499
hsa-mir-494,Depressive Disorder and Major,hsa-mir-494,pancreatic cancer,0.0501148551702499
hsa-mir-494,Diabetes Mellitus,hsa-mir-494,pancreatic cancer,0.0501148551702499
hsa-mir-494,Diabetes and Gestational,hsa-mir-494,pancreatic cancer,0.0501148551702499
hsa-mir-494,Diabetic Nephropathies,hsa-mir-494,pancreatic cancer,0.0501148551702499
hsa-mir-494,Dmd-Associated Dilated Cardiomyopathy,hsa-mir-494,pancreatic cancer,0.0501148551702499
hsa-mir-494,Dwarfism and Pituitary,hsa-mir-494,pancreatic cancer,0.0501148551702499
hsa-mir-494,Early-Stage Malignant Melanoma,hsa-mir-494,pancreatic cancer,0.0501148551702499
hsa-mir-494,Endometrial Neoplasms,hsa-mir-494,pancreatic cancer,0.0501148551702499
hsa-mir-494,Esophageal Neoplasms,hsa-mir-494,pancreatic cancer,0.0501148551702499
hsa-mir-494,Esophageal Squamous Cell Carcinoma,hsa-mir-494,pancreatic cancer,0.0501148551702499
hsa-mir-494,Fanconi Anemia,hsa-mir-494,pancreatic cancer,0.0501148551702499
hsa-mir-494,Glioma,hsa-mir-494,pancreatic cancer,0.0501148551702499
hsa-mir-494,Hand and Foot and Mouth Disease,hsa-mir-494,pancreatic cancer,0.0501148551702499
hsa-mir-494,Hemangioma,hsa-mir-494,pancreatic cancer,0.0501148551702499
hsa-mir-494,Hyperglycemia,hsa-mir-494,pancreatic cancer,0.0501148551702499
hsa-mir-494,Hypospadias,hsa-mir-494,pancreatic cancer,0.0501148551702499
hsa-mir-494,Intervertebral Disc Degeneration,hsa-mir-494,pancreatic cancer,0.0501148551702499
hsa-mir-494,Ischemic Stroke,hsa-mir-494,pancreatic cancer,0.0501148551702499
hsa-mir-494,Kidney Diseases,hsa-mir-494,pancreatic cancer,0.0501148551702499
hsa-mir-494,Liver Cirrhosis,hsa-mir-494,pancreatic cancer,0.0501148551702499
hsa-mir-494,Liver Diseases and Alcoholic,hsa-mir-494,pancreatic cancer,0.0501148551702499
hsa-mir-494,Lung Neoplasms,hsa-mir-494,pancreatic cancer,0.0501148551702499
hsa-mir-494,Lymphoma and B-Cell,hsa-mir-494,pancreatic cancer,0.0501148551702499
hsa-mir-494,Lymphoma and Large B-Cell and Diffuse,hsa-mir-494,pancreatic cancer,0.0501148551702499
hsa-mir-494,Macular Degeneration,hsa-mir-494,pancreatic cancer,0.0501148551702499
hsa-mir-494,Medulloblastoma,hsa-mir-494,pancreatic cancer,0.0501148551702499
hsa-mir-494,Melanoma,hsa-mir-494,pancreatic cancer,0.0501148551702499
hsa-mir-494,Mitochondrial Diseases,hsa-mir-494,pancreatic cancer,0.0501148551702499
hsa-mir-494,Mouth Neoplasms,hsa-mir-494,pancreatic cancer,0.0501148551702499
hsa-mir-494,Muscular Dystrophy and Duchenne,hsa-mir-494,pancreatic cancer,0.0501148551702499
hsa-mir-494,Myocardial Infarction,hsa-mir-494,pancreatic cancer,0.0501148551702499
hsa-mir-494,Myocardial Infarction and Acute,hsa-mir-494,pancreatic cancer,0.0501148551702499
hsa-mir-494,Myocardial Reperfusion Injury,hsa-mir-494,pancreatic cancer,0.0501148551702499
hsa-mir-494,Nasopharyngeal Carcinoma,hsa-mir-494,pancreatic cancer,0.0501148551702499
hsa-mir-494,Nerve Degeneration,hsa-mir-494,pancreatic cancer,0.0501148551702499
hsa-mir-494,Neuralgia,hsa-mir-494,pancreatic cancer,0.0501148551702499
hsa-mir-494,Neuroblastoma,hsa-mir-494,pancreatic cancer,0.0501148551702499
hsa-mir-494,Neurotoxicity Syndromes,hsa-mir-494,pancreatic cancer,0.0501148551702499
hsa-mir-494,Obesity,hsa-mir-494,pancreatic cancer,0.0501148551702499
hsa-mir-494,Osteoblastoma,hsa-mir-494,pancreatic cancer,0.0501148551702499
hsa-mir-494,Osteosarcoma,hsa-mir-494,pancreatic cancer,0.0501148551702499
hsa-mir-494,Pancreatic Carcinoma,hsa-mir-494,pancreatic cancer,0.0501148551702499
hsa-mir-494,Parkinson Disease,hsa-mir-494,pancreatic cancer,0.0501148551702499
hsa-mir-494,Pneumonia and Mycoplasma,hsa-mir-494,pancreatic cancer,0.0501148551702499
hsa-mir-494,Pre-Eclampsia,hsa-mir-494,pancreatic cancer,0.0501148551702499
hsa-mir-494,Precursor Cell Lymphoblastic Leukemia-Lymphoma,hsa-mir-494,pancreatic cancer,0.0501148551702499
hsa-mir-494,Premature Birth,hsa-mir-494,pancreatic cancer,0.0501148551702499
hsa-mir-494,Prostatic Hyperplasia,hsa-mir-494,pancreatic cancer,0.0501148551702499
hsa-mir-494,Prostatic Neoplasms,hsa-mir-494,pancreatic cancer,0.0501148551702499
hsa-mir-494,Pulmonary Disease and Chronic Obstructive,hsa-mir-494,pancreatic cancer,0.0501148551702499
hsa-mir-494,Pulmonary Fibrosis,hsa-mir-494,pancreatic cancer,0.0501148551702499
hsa-mir-494,Reperfusion Injury,hsa-mir-494,pancreatic cancer,0.0501148551702499
hsa-mir-494,Reperfusion Injury and Hepatic Ischemia,hsa-mir-494,pancreatic cancer,0.0501148551702499
hsa-mir-494,Retinoblastoma,hsa-mir-494,pancreatic cancer,0.0501148551702499
hsa-mir-494,Rift Valley Fever,hsa-mir-494,pancreatic cancer,0.0501148551702499
hsa-mir-494,Sarcoma and Synovial,hsa-mir-494,pancreatic cancer,0.0501148551702499
hsa-mir-494,Schizophrenia,hsa-mir-494,pancreatic cancer,0.0501148551702499
hsa-mir-494,Sepsis,hsa-mir-494,pancreatic cancer,0.0501148551702499
hsa-mir-494,Sepsis-Associated Encephalopathy,hsa-mir-494,pancreatic cancer,0.0501148551702499
hsa-mir-494,Shock and Septic,hsa-mir-494,pancreatic cancer,0.0501148551702499
hsa-mir-494,Small Cell Lung Carcinoma,hsa-mir-494,pancreatic cancer,0.0501148551702499
hsa-mir-494,Spinal Cord Injuries,hsa-mir-494,pancreatic cancer,0.0501148551702499
hsa-mir-494,Squamous Cell Carcinoma of Head and Neck,hsa-mir-494,pancreatic cancer,0.0501148551702499
hsa-mir-494,Stomach Neoplasms,hsa-mir-494,pancreatic cancer,0.0501148551702499
hsa-mir-494,Triple Negative Breast Neoplasms,hsa-mir-494,pancreatic cancer,0.0501148551702499
hsa-mir-494,Urinary Bladder Neoplasms,hsa-mir-494,pancreatic cancer,0.0501148551702499
hsa-mir-494,Uterine Cervical Neoplasms,hsa-mir-494,pancreatic cancer,0.0501148551702499
hsa-mir-494,pancreatic adenocarcinoma,hsa-mir-494,pancreatic cancer,0.0501148551702499
hsa-mir-495,Acute Kidney Injury,hsa-mir-495,pancreatic cancer,0.0287545602768659
hsa-mir-495,Acute Lung Injury,hsa-mir-495,pancreatic cancer,0.0287545602768659
hsa-mir-495,Adenocarcinoma of Lung,hsa-mir-495,pancreatic cancer,0.0287545602768659
hsa-mir-495,Arthritis and Rheumatoid,hsa-mir-495,pancreatic cancer,0.0287545602768659
hsa-mir-495,Asthma,hsa-mir-495,pancreatic cancer,0.0287545602768659
hsa-mir-495,Breast Neoplasms,hsa-mir-495,pancreatic cancer,0.0287545602768659
hsa-mir-495,Bronchopulmonary Dysplasia,hsa-mir-495,pancreatic cancer,0.0287545602768659
hsa-mir-495,Burns,hsa-mir-495,pancreatic cancer,0.0287545602768659
hsa-mir-495,Carcinoma and Hepatocellular,hsa-mir-495,pancreatic cancer,0.0287545602768659
hsa-mir-495,Carcinoma and Non-Small-Cell Lung,hsa-mir-495,pancreatic cancer,0.0287545602768659
hsa-mir-495,Carcinoma and Ovarian Epithelial,hsa-mir-495,pancreatic cancer,0.0287545602768659
hsa-mir-495,Carcinoma and Renal Cell,hsa-mir-495,pancreatic cancer,0.0287545602768659
hsa-mir-495,Cardiomegaly,hsa-mir-495,pancreatic cancer,0.0287545602768659
hsa-mir-495,Cardiotoxicity,hsa-mir-495,pancreatic cancer,0.0287545602768659
hsa-mir-495,Cataract and Age-Related,hsa-mir-495,pancreatic cancer,0.0287545602768659
hsa-mir-495,Cicatrix and Hypertrophic,hsa-mir-495,pancreatic cancer,0.0287545602768659
hsa-mir-495,Colonic Neoplasms,hsa-mir-495,pancreatic cancer,0.0287545602768659
hsa-mir-495,Colorectal Neoplasms,hsa-mir-495,pancreatic cancer,0.0287545602768659
hsa-mir-495,Colorectal Neoplasms and Hereditary Nonpolyposis,hsa-mir-495,pancreatic cancer,0.0287545602768659
hsa-mir-495,Coronary Disease,hsa-mir-495,pancreatic cancer,0.0287545602768659
hsa-mir-495,Coronary Occlusion,hsa-mir-495,pancreatic cancer,0.0287545602768659
hsa-mir-495,Cystitis and Interstitial,hsa-mir-495,pancreatic cancer,0.0287545602768659
hsa-mir-495,Dehydration,hsa-mir-495,pancreatic cancer,0.0287545602768659
hsa-mir-495,Depression,hsa-mir-495,pancreatic cancer,0.0287545602768659
hsa-mir-495,Diabetes Mellitus,hsa-mir-495,pancreatic cancer,0.0287545602768659
hsa-mir-495,Diabetes Mellitus and Type 2,hsa-mir-495,pancreatic cancer,0.0287545602768659
hsa-mir-495,Endothelial Dysfunction ,hsa-mir-495,pancreatic cancer,0.0287545602768659
hsa-mir-495,Esophageal Neoplasms,hsa-mir-495,pancreatic cancer,0.0287545602768659
hsa-mir-495,Esophageal Squamous Cell Carcinoma,hsa-mir-495,pancreatic cancer,0.0287545602768659
hsa-mir-495,Fibrosis,hsa-mir-495,pancreatic cancer,0.0287545602768659
hsa-mir-495,Folic Acid Deficiency,hsa-mir-495,pancreatic cancer,0.0287545602768659
hsa-mir-495,Frailty,hsa-mir-495,pancreatic cancer,0.0287545602768659
hsa-mir-495,Glioblastoma,hsa-mir-495,pancreatic cancer,0.0287545602768659
hsa-mir-495,Glioma,hsa-mir-495,pancreatic cancer,0.0287545602768659
hsa-mir-495,Huntington Disease,hsa-mir-495,pancreatic cancer,0.0287545602768659
hsa-mir-495,Inflammation,hsa-mir-495,pancreatic cancer,0.0287545602768659
hsa-mir-495,Inflammatory Bowel Diseases,hsa-mir-495,pancreatic cancer,0.0287545602768659
hsa-mir-495,Instent Restenosis,hsa-mir-495,pancreatic cancer,0.0287545602768659
hsa-mir-495,Intervertebral disc disease,hsa-mir-495,pancreatic cancer,0.0287545602768659
hsa-mir-495,Irritable Bowel Syndrome,hsa-mir-495,pancreatic cancer,0.0287545602768659
hsa-mir-495,Ischemic Stroke,hsa-mir-495,pancreatic cancer,0.0287545602768659
hsa-mir-495,Lactate Dehydrogenase Deficiency,hsa-mir-495,pancreatic cancer,0.0287545602768659
hsa-mir-495,Leukemia,hsa-mir-495,pancreatic cancer,0.0287545602768659
hsa-mir-495,Leukemia and Myeloid and Acute,hsa-mir-495,pancreatic cancer,0.0287545602768659
hsa-mir-495,Lung Neoplasms,hsa-mir-495,pancreatic cancer,0.0287545602768659
hsa-mir-495,Lymphoma and B-Cell,hsa-mir-495,pancreatic cancer,0.0287545602768659
hsa-mir-495,Lymphoma and Large B-Cell and Diffuse,hsa-mir-495,pancreatic cancer,0.0287545602768659
hsa-mir-495,Melanoma,hsa-mir-495,pancreatic cancer,0.0287545602768659
hsa-mir-495,Mitochondrial Diseases,hsa-mir-495,pancreatic cancer,0.0287545602768659
hsa-mir-495,Multicystic renal dysplasia and bilateral,hsa-mir-495,pancreatic cancer,0.0287545602768659
hsa-mir-495,Myocardial Infarction,hsa-mir-495,pancreatic cancer,0.0287545602768659
hsa-mir-495,Myocardial Reperfusion Injury,hsa-mir-495,pancreatic cancer,0.0287545602768659
hsa-mir-495,Nasopharyngeal Carcinoma,hsa-mir-495,pancreatic cancer,0.0287545602768659
hsa-mir-495,Obesity,hsa-mir-495,pancreatic cancer,0.0287545602768659
hsa-mir-495,Osteoarthritis,hsa-mir-495,pancreatic cancer,0.0287545602768659
hsa-mir-495,Osteosarcoma,hsa-mir-495,pancreatic cancer,0.0287545602768659
hsa-mir-495,Otitis Media with Effusion,hsa-mir-495,pancreatic cancer,0.0287545602768659
hsa-mir-495,Ovarian Neoplasms,hsa-mir-495,pancreatic cancer,0.0287545602768659
hsa-mir-495,Pancreatic Carcinoma,hsa-mir-495,pancreatic cancer,0.0287545602768659
hsa-mir-495,Periodontitis,hsa-mir-495,pancreatic cancer,0.0287545602768659
hsa-mir-495,Pre-Eclampsia,hsa-mir-495,pancreatic cancer,0.0287545602768659
hsa-mir-495,Prostatic Neoplasms,hsa-mir-495,pancreatic cancer,0.0287545602768659
hsa-mir-495,Pulmonary Disease and Chronic Obstructive,hsa-mir-495,pancreatic cancer,0.0287545602768659
hsa-mir-495,Pulmonary Fibrosis,hsa-mir-495,pancreatic cancer,0.0287545602768659
hsa-mir-495,Retinal Diseases,hsa-mir-495,pancreatic cancer,0.0287545602768659
hsa-mir-495,Retinoblastoma,hsa-mir-495,pancreatic cancer,0.0287545602768659
hsa-mir-495,Rhinitis and Allergic,hsa-mir-495,pancreatic cancer,0.0287545602768659
hsa-mir-495,Sarcoma and Ewing,hsa-mir-495,pancreatic cancer,0.0287545602768659
hsa-mir-495,Sarcopenia,hsa-mir-495,pancreatic cancer,0.0287545602768659
hsa-mir-495,Sepsis,hsa-mir-495,pancreatic cancer,0.0287545602768659
hsa-mir-495,Spinal Cord Injuries,hsa-mir-495,pancreatic cancer,0.0287545602768659
hsa-mir-495,Squamous Cell Carcinoma of Head and Neck,hsa-mir-495,pancreatic cancer,0.0287545602768659
hsa-mir-495,Stomach Neoplasms,hsa-mir-495,pancreatic cancer,0.0287545602768659
hsa-mir-495,Substance Abuse and Intravenous,hsa-mir-495,pancreatic cancer,0.0287545602768659
hsa-mir-495,Thyroid Cancer and Papillary,hsa-mir-495,pancreatic cancer,0.0287545602768659
hsa-mir-495,Triple Negative Breast Neoplasms,hsa-mir-495,pancreatic cancer,0.0287545602768659
hsa-mir-495,Urinary Bladder Neoplasms,hsa-mir-495,pancreatic cancer,0.0287545602768659
hsa-mir-495,Uterine Cervical Neoplasms,hsa-mir-495,pancreatic cancer,0.0287545602768659
hsa-mir-495,ankylosing spondylitis 1,hsa-mir-495,pancreatic cancer,0.0287545602768659
hsa-mir-495,gastric adenocarcinoma,hsa-mir-495,pancreatic cancer,0.0287545602768659
hsa-mir-495,hereditary lymphedema IA,hsa-mir-495,pancreatic cancer,0.0287545602768659
hsa-mir-495,pancreatic adenocarcinoma,hsa-mir-495,pancreatic cancer,0.0287545602768659
hsa-mir-495,salivary gland adenoid cystic carcinoma,hsa-mir-495,pancreatic cancer,0.0287545602768659
hsa-mir-509,Acquired Immunodeficiency Syndrome,hsa-mir-509,pancreatic cancer,0.0658788159489631
hsa-mir-509,Azoospermia and Nonobstructive,hsa-mir-509,pancreatic cancer,0.0658788159489631
hsa-mir-509,Breast Neoplasms,hsa-mir-509,pancreatic cancer,0.0658788159489631
hsa-mir-509,Carcinoma and Hepatocellular,hsa-mir-509,pancreatic cancer,0.0658788159489631
hsa-mir-509,Carcinoma and Non-Small-Cell Lung,hsa-mir-509,pancreatic cancer,0.0658788159489631
hsa-mir-509,Carcinoma and Ovarian Epithelial,hsa-mir-509,pancreatic cancer,0.0658788159489631
hsa-mir-509,Colonic Neoplasms,hsa-mir-509,pancreatic cancer,0.0658788159489631
hsa-mir-509,Colorectal Neoplasms,hsa-mir-509,pancreatic cancer,0.0658788159489631
hsa-mir-509,Hypertension,hsa-mir-509,pancreatic cancer,0.0658788159489631
hsa-mir-509,Infertility and Male,hsa-mir-509,pancreatic cancer,0.0658788159489631
hsa-mir-509,Lung Neoplasms,hsa-mir-509,pancreatic cancer,0.0658788159489631
hsa-mir-509,Melanoma,hsa-mir-509,pancreatic cancer,0.0658788159489631
hsa-mir-509,Multiple Sclerosis,hsa-mir-509,pancreatic cancer,0.0658788159489631
hsa-mir-509,Osteosarcoma,hsa-mir-509,pancreatic cancer,0.0658788159489631
hsa-mir-509,Ovarian Neoplasms,hsa-mir-509,pancreatic cancer,0.0658788159489631
hsa-mir-509,Prostatic Neoplasms,hsa-mir-509,pancreatic cancer,0.0658788159489631
hsa-mir-509,Pulmonary Arterial Hypertension,hsa-mir-509,pancreatic cancer,0.0658788159489631
hsa-mir-509,Respiratory Syncytial Virus Infections,hsa-mir-509,pancreatic cancer,0.0658788159489631
hsa-mir-509,Squamous Cell Carcinoma of Head and Neck,hsa-mir-509,pancreatic cancer,0.0658788159489631
hsa-mir-509,Testicular Germ Cell Tumor,hsa-mir-509,pancreatic cancer,0.0658788159489631
hsa-mir-509,Thyroid Cancer and Papillary,hsa-mir-509,pancreatic cancer,0.0658788159489631
hsa-mir-509,Uterine Cervical Neoplasms,hsa-mir-509,pancreatic cancer,0.0658788159489631
hsa-mir-532,Acquired Immunodeficiency Syndrome,hsa-mir-532,pancreatic cancer,0.028748420998454
hsa-mir-532,Acute Kidney Injury,hsa-mir-532,pancreatic cancer,0.028748420998454
hsa-mir-532,Adenocarcinoma of Lung,hsa-mir-532,pancreatic cancer,0.028748420998454
hsa-mir-532,Alzheimer Disease,hsa-mir-532,pancreatic cancer,0.028748420998454
hsa-mir-532,Angelman Syndrome,hsa-mir-532,pancreatic cancer,0.028748420998454
hsa-mir-532,Asthma,hsa-mir-532,pancreatic cancer,0.028748420998454
hsa-mir-532,Atherosclerosis,hsa-mir-532,pancreatic cancer,0.028748420998454
hsa-mir-532,Bone Diseases and Metabolic,hsa-mir-532,pancreatic cancer,0.028748420998454
hsa-mir-532,Brain Ischemia,hsa-mir-532,pancreatic cancer,0.028748420998454
hsa-mir-532,Breast Neoplasms,hsa-mir-532,pancreatic cancer,0.028748420998454
hsa-mir-532,Carcinoma and Hepatocellular,hsa-mir-532,pancreatic cancer,0.028748420998454
hsa-mir-532,Carcinoma and Non-Small-Cell Lung,hsa-mir-532,pancreatic cancer,0.028748420998454
hsa-mir-532,Carcinoma and Ovarian Epithelial,hsa-mir-532,pancreatic cancer,0.028748420998454
hsa-mir-532,Carcinoma and Renal Cell,hsa-mir-532,pancreatic cancer,0.028748420998454
hsa-mir-532,Cardiomegaly,hsa-mir-532,pancreatic cancer,0.028748420998454
hsa-mir-532,Carotid Artery Diseases,hsa-mir-532,pancreatic cancer,0.028748420998454
hsa-mir-532,Colon   Adenocarcinoma,hsa-mir-532,pancreatic cancer,0.028748420998454
hsa-mir-532,Colonic Neoplasms,hsa-mir-532,pancreatic cancer,0.028748420998454
hsa-mir-532,Colorectal Neoplasms,hsa-mir-532,pancreatic cancer,0.028748420998454
hsa-mir-532,Depression,hsa-mir-532,pancreatic cancer,0.028748420998454
hsa-mir-532,Depressive Disorder and Major,hsa-mir-532,pancreatic cancer,0.028748420998454
hsa-mir-532,Diabetes Mellitus,hsa-mir-532,pancreatic cancer,0.028748420998454
hsa-mir-532,Endometriosis,hsa-mir-532,pancreatic cancer,0.028748420998454
hsa-mir-532,Esophageal Squamous Cell Carcinoma,hsa-mir-532,pancreatic cancer,0.028748420998454
hsa-mir-532,Femur Head Necrosis,hsa-mir-532,pancreatic cancer,0.028748420998454
hsa-mir-532,Glioma,hsa-mir-532,pancreatic cancer,0.028748420998454
hsa-mir-532,Heart Failure,hsa-mir-532,pancreatic cancer,0.028748420998454
hsa-mir-532,Hypertension,hsa-mir-532,pancreatic cancer,0.028748420998454
hsa-mir-532,Infertility,hsa-mir-532,pancreatic cancer,0.028748420998454
hsa-mir-532,Inflammation,hsa-mir-532,pancreatic cancer,0.028748420998454
hsa-mir-532,Intervertebral Disc Degeneration,hsa-mir-532,pancreatic cancer,0.028748420998454
hsa-mir-532,Ischemic Stroke,hsa-mir-532,pancreatic cancer,0.028748420998454
hsa-mir-532,Leukemia and Myeloid and Acute,hsa-mir-532,pancreatic cancer,0.028748420998454
hsa-mir-532,Liver Cirrhosis,hsa-mir-532,pancreatic cancer,0.028748420998454
hsa-mir-532,Liver Cirrhosis and Alcoholic,hsa-mir-532,pancreatic cancer,0.028748420998454
hsa-mir-532,Liver Diseases,hsa-mir-532,pancreatic cancer,0.028748420998454
hsa-mir-532,Lung Neoplasms,hsa-mir-532,pancreatic cancer,0.028748420998454
hsa-mir-532,Lymphoma,hsa-mir-532,pancreatic cancer,0.028748420998454
hsa-mir-532,Lymphoma and Large B-Cell and Diffuse,hsa-mir-532,pancreatic cancer,0.028748420998454
hsa-mir-532,Mesothelioma and Malignant,hsa-mir-532,pancreatic cancer,0.028748420998454
hsa-mir-532,Multiple Myeloma,hsa-mir-532,pancreatic cancer,0.028748420998454
hsa-mir-532,Muscular Dystrophy and Duchenne,hsa-mir-532,pancreatic cancer,0.028748420998454
hsa-mir-532,Myocardial Infarction,hsa-mir-532,pancreatic cancer,0.028748420998454
hsa-mir-532,Myocardial Infarction and Acute,hsa-mir-532,pancreatic cancer,0.028748420998454
hsa-mir-532,Myocardial Reperfusion Injury,hsa-mir-532,pancreatic cancer,0.028748420998454
hsa-mir-532,Neurologic Manifestations,hsa-mir-532,pancreatic cancer,0.028748420998454
hsa-mir-532,Obesity,hsa-mir-532,pancreatic cancer,0.028748420998454
hsa-mir-532,Osteoporosis,hsa-mir-532,pancreatic cancer,0.028748420998454
hsa-mir-532,Osteoporotic Fractures,hsa-mir-532,pancreatic cancer,0.028748420998454
hsa-mir-532,Osteosarcoma,hsa-mir-532,pancreatic cancer,0.028748420998454
hsa-mir-532,Ovarian Neoplasms,hsa-mir-532,pancreatic cancer,0.028748420998454
hsa-mir-532,Pancreatic Carcinoma,hsa-mir-532,pancreatic cancer,0.028748420998454
hsa-mir-532,Plaque and Atherosclerotic,hsa-mir-532,pancreatic cancer,0.028748420998454
hsa-mir-532,Pre-Eclampsia,hsa-mir-532,pancreatic cancer,0.028748420998454
hsa-mir-532,Prostatic Diseases,hsa-mir-532,pancreatic cancer,0.028748420998454
hsa-mir-532,Prostatic Neoplasms,hsa-mir-532,pancreatic cancer,0.028748420998454
hsa-mir-532,Pulmonary Disease and Chronic Obstructive,hsa-mir-532,pancreatic cancer,0.028748420998454
hsa-mir-532,Reperfusion Injury and Cerebral Ischemia,hsa-mir-532,pancreatic cancer,0.028748420998454
hsa-mir-532,Sarcopenia,hsa-mir-532,pancreatic cancer,0.028748420998454
hsa-mir-532,Schistosomiasis,hsa-mir-532,pancreatic cancer,0.028748420998454
hsa-mir-532,Squamous Cell Carcinoma of Head and Neck,hsa-mir-532,pancreatic cancer,0.028748420998454
hsa-mir-532,Stomach Neoplasms,hsa-mir-532,pancreatic cancer,0.028748420998454
hsa-mir-532,Thyroid Cancer and Papillary,hsa-mir-532,pancreatic cancer,0.028748420998454
hsa-mir-532,Triple Negative Breast Neoplasms,hsa-mir-532,pancreatic cancer,0.028748420998454
hsa-mir-532,Urinary Bladder Neoplasms,hsa-mir-532,pancreatic cancer,0.028748420998454
hsa-mir-532,Uterine Cervical Neoplasms,hsa-mir-532,pancreatic cancer,0.028748420998454
hsa-mir-539,Adenocarcinoma of Lung,hsa-mir-539,pancreatic cancer,0.050114020705223
hsa-mir-539,Alzheimer Disease,hsa-mir-539,pancreatic cancer,0.050114020705223
hsa-mir-539,Carcinoma and Hepatocellular,hsa-mir-539,pancreatic cancer,0.050114020705223
hsa-mir-539,Carcinoma and Non-Small-Cell Lung,hsa-mir-539,pancreatic cancer,0.050114020705223
hsa-mir-539,Carcinoma and Ovarian Epithelial,hsa-mir-539,pancreatic cancer,0.050114020705223
hsa-mir-539,Carcinoma and Pancreatic Ductal,hsa-mir-539,pancreatic cancer,0.050114020705223
hsa-mir-539,Cardiomyopathies,hsa-mir-539,pancreatic cancer,0.050114020705223
hsa-mir-539,Cardiomyopathy and Right Ventricular Dilated,hsa-mir-539,pancreatic cancer,0.050114020705223
hsa-mir-539,Cerebrovascular Occlusive Diseases,hsa-mir-539,pancreatic cancer,0.050114020705223
hsa-mir-539,Choroidal Neovascularization,hsa-mir-539,pancreatic cancer,0.050114020705223
hsa-mir-539,Colonic Neoplasms,hsa-mir-539,pancreatic cancer,0.050114020705223
hsa-mir-539,Colorectal Neoplasms,hsa-mir-539,pancreatic cancer,0.050114020705223
hsa-mir-539,Diabetes Mellitus,hsa-mir-539,pancreatic cancer,0.050114020705223
hsa-mir-539,Glioma,hsa-mir-539,pancreatic cancer,0.050114020705223
hsa-mir-539,Hypertension,hsa-mir-539,pancreatic cancer,0.050114020705223
hsa-mir-539,Inflammatory Bowel Diseases,hsa-mir-539,pancreatic cancer,0.050114020705223
hsa-mir-539,Lung Neoplasms,hsa-mir-539,pancreatic cancer,0.050114020705223
hsa-mir-539,Osteoarthritis,hsa-mir-539,pancreatic cancer,0.050114020705223
hsa-mir-539,Osteosarcoma,hsa-mir-539,pancreatic cancer,0.050114020705223
hsa-mir-539,Pancreatic Carcinoma,hsa-mir-539,pancreatic cancer,0.050114020705223
hsa-mir-539,Parkinson Disease,hsa-mir-539,pancreatic cancer,0.050114020705223
hsa-mir-539,Prostatic Neoplasms,hsa-mir-539,pancreatic cancer,0.050114020705223
hsa-mir-539,Pseudarthrosis,hsa-mir-539,pancreatic cancer,0.050114020705223
hsa-mir-539,Pulmonary Arterial Hypertension,hsa-mir-539,pancreatic cancer,0.050114020705223
hsa-mir-539,Scleroderma and Systemic,hsa-mir-539,pancreatic cancer,0.050114020705223
hsa-mir-539,Sepsis,hsa-mir-539,pancreatic cancer,0.050114020705223
hsa-mir-539,Stomach Neoplasms,hsa-mir-539,pancreatic cancer,0.050114020705223
hsa-mir-539,Thyroid Cancer and Papillary,hsa-mir-539,pancreatic cancer,0.050114020705223
hsa-mir-539,Tricuspid Valve Insufficiency,hsa-mir-539,pancreatic cancer,0.050114020705223
hsa-mir-539,Triple Negative Breast Neoplasms,hsa-mir-539,pancreatic cancer,0.050114020705223
hsa-mir-539,Wilms Tumor,hsa-mir-539,pancreatic cancer,0.050114020705223
hsa-mir-539,gallbladder carcinoma,hsa-mir-539,pancreatic cancer,0.050114020705223
hsa-mir-548c,Alzheimer Disease,hsa-mir-548c,pancreatic cancer,0.0501152873039245
hsa-mir-548c,Breast Neoplasms,hsa-mir-548c,pancreatic cancer,0.0501152873039245
hsa-mir-548c,Carcinoma and Hepatocellular,hsa-mir-548c,pancreatic cancer,0.0501152873039245
hsa-mir-548c,Carotid Artery Diseases,hsa-mir-548c,pancreatic cancer,0.0501152873039245
hsa-mir-548c,Colorectal Neoplasms,hsa-mir-548c,pancreatic cancer,0.0501152873039245
hsa-mir-548c,Gallbladder Neoplasms,hsa-mir-548c,pancreatic cancer,0.0501152873039245
hsa-mir-548c,Influenza and Human,hsa-mir-548c,pancreatic cancer,0.0501152873039245
hsa-mir-548c,Ischemic Attack and Transient,hsa-mir-548c,pancreatic cancer,0.0501152873039245
hsa-mir-548c,Ischemic Stroke,hsa-mir-548c,pancreatic cancer,0.0501152873039245
hsa-mir-548c,Osteosarcoma,hsa-mir-548c,pancreatic cancer,0.0501152873039245
hsa-mir-548c,Ovarian Failure and Premature ,hsa-mir-548c,pancreatic cancer,0.0501152873039245
hsa-mir-548c,Pre-Eclampsia,hsa-mir-548c,pancreatic cancer,0.0501152873039245
hsa-mir-548c,Stomach Neoplasms,hsa-mir-548c,pancreatic cancer,0.0501152873039245
hsa-mir-548c,Thyroid Cancer and Papillary,hsa-mir-548c,pancreatic cancer,0.0501152873039245
hsa-mir-548c,Triple Negative Breast Neoplasms,hsa-mir-548c,pancreatic cancer,0.0501152873039245
hsa-mir-548c,Uterine Cervical Neoplasms,hsa-mir-548c,pancreatic cancer,0.0501152873039245
hsa-mir-548c,Vasoplegia,hsa-mir-548c,pancreatic cancer,0.0501152873039245
hsa-mir-548k,Aortic Aneurysm and Abdominal,hsa-mir-548k,gastric cancer (stomach cancer),0.0848958119750022
hsa-mir-548k,Breast Neoplasms,hsa-mir-548k,gastric cancer (stomach cancer),0.0848958119750022
hsa-mir-548k,Diabetes Mellitus,hsa-mir-548k,gastric cancer (stomach cancer),0.0848958119750022
hsa-mir-548k,Head and Neck Neoplasms,hsa-mir-548k,gastric cancer (stomach cancer),0.0848958119750022
hsa-mir-548k,Ischemic Stroke,hsa-mir-548k,gastric cancer (stomach cancer),0.0848958119750022
hsa-mir-548k,Pre-Eclampsia,hsa-mir-548k,gastric cancer (stomach cancer),0.0848958119750022
hsa-mir-548k,Precursor Cell Lymphoblastic Leukemia-Lymphoma,hsa-mir-548k,gastric cancer (stomach cancer),0.0848958119750022
hsa-mir-548k,Retinoblastoma,hsa-mir-548k,gastric cancer (stomach cancer),0.0848958119750022
hsa-mir-548k,Stomach Neoplasms,hsa-mir-548k,gastric cancer (stomach cancer),0.0848958119750022
hsa-mir-548m,Breast Neoplasms,hsa-mir-548m,pancreatic cancer,0.028586370870471
hsa-mir-548m,Hepatitis C,hsa-mir-548m,pancreatic cancer,0.028586370870471
hsa-mir-548m,Hyperglycemia,hsa-mir-548m,pancreatic cancer,0.028586370870471
hsa-mir-548m,Leigh Disease,hsa-mir-548m,pancreatic cancer,0.028586370870471
hsa-mir-548m,Lupus Erythematosus and Systemic,hsa-mir-548m,pancreatic cancer,0.028586370870471
hsa-mir-548m,Orofacial Cleft,hsa-mir-548m,pancreatic cancer,0.028586370870471
hsa-mir-548o,Breast Neoplasms,hsa-mir-548o,gastric cancer (stomach cancer),0.0669216141104698
hsa-mir-548o,Breast Neoplasms,hsa-mir-548o,ovarian cancer (OC),0.0654940754175186
hsa-mir-548o,Breast Neoplasms,hsa-mir-548o,Cervial Cancer,0.0426515638828277
hsa-mir-548o,Breast Neoplasms,hsa-mir-548o,pancreatic cancer,0.0287460889667272
hsa-mir-548o,Liver Neoplasms,hsa-mir-548o,gastric cancer (stomach cancer),0.0669216141104698
hsa-mir-548o,Liver Neoplasms,hsa-mir-548o,ovarian cancer (OC),0.0654940754175186
hsa-mir-548o,Liver Neoplasms,hsa-mir-548o,Cervial Cancer,0.0426515638828277
hsa-mir-548o,Liver Neoplasms,hsa-mir-548o,pancreatic cancer,0.0287460889667272
hsa-mir-548o,psoriasis 1,hsa-mir-548o,gastric cancer (stomach cancer),0.0669216141104698
hsa-mir-548o,psoriasis 1,hsa-mir-548o,ovarian cancer (OC),0.0654940754175186
hsa-mir-548o,psoriasis 1,hsa-mir-548o,Cervial Cancer,0.0426515638828277
hsa-mir-548o,psoriasis 1,hsa-mir-548o,pancreatic cancer,0.0287460889667272
hsa-mir-548p,Breast Neoplasms,hsa-mir-548p,pancreatic cancer,0.0501139014959335
hsa-mir-548p,Carcinoma and Hepatocellular,hsa-mir-548p,pancreatic cancer,0.0501139014959335
hsa-mir-548p,Polycystic Ovary Syndrome,hsa-mir-548p,pancreatic cancer,0.0501139014959335
hsa-mir-573,Acute Lung Injury,hsa-mir-573,pancreatic cancer,0.0287137385457754
hsa-mir-573,Anodontia,hsa-mir-573,pancreatic cancer,0.0287137385457754
hsa-mir-573,Breast Neoplasms,hsa-mir-573,pancreatic cancer,0.0287137385457754
hsa-mir-573,Carcinoma and Non-Small-Cell Lung,hsa-mir-573,pancreatic cancer,0.0287137385457754
hsa-mir-573,Dengue,hsa-mir-573,pancreatic cancer,0.0287137385457754
hsa-mir-573,Intervertebral Disc Degeneration,hsa-mir-573,pancreatic cancer,0.0287137385457754
hsa-mir-573,Intervertebral disc disease,hsa-mir-573,pancreatic cancer,0.0287137385457754
hsa-mir-573,Melanoma,hsa-mir-573,pancreatic cancer,0.0287137385457754
hsa-mir-573,Neurodegenerative Diseases,hsa-mir-573,pancreatic cancer,0.0287137385457754
hsa-mir-573,Plant Poisoning,hsa-mir-573,pancreatic cancer,0.0287137385457754
hsa-mir-573,isolated cleft palate,hsa-mir-573,pancreatic cancer,0.0287137385457754
hsa-mir-575,Adenocarcinoma of Lung,hsa-mir-575,pancreatic cancer,0.0501146540045738
hsa-mir-575,Breast Neoplasms,hsa-mir-575,pancreatic cancer,0.0501146540045738
hsa-mir-575,Colonic Neoplasms,hsa-mir-575,pancreatic cancer,0.0501146540045738
hsa-mir-575,Esophageal Squamous Cell Carcinoma,hsa-mir-575,pancreatic cancer,0.0501146540045738
hsa-mir-575,Glioma,hsa-mir-575,pancreatic cancer,0.0501146540045738
hsa-mir-575,Head and Neck Neoplasms,hsa-mir-575,pancreatic cancer,0.0501146540045738
hsa-mir-575,Nasopharyngeal Carcinoma,hsa-mir-575,pancreatic cancer,0.0501146540045738
hsa-mir-575,Sarcoma,hsa-mir-575,pancreatic cancer,0.0501146540045738
hsa-mir-575,Stomach Neoplasms,hsa-mir-575,pancreatic cancer,0.0501146540045738
hsa-mir-576,Alzheimer Disease,hsa-mir-576,gastric cancer (stomach cancer),0.0848973840475082
hsa-mir-576,Alzheimer Disease,hsa-mir-576,pancreatic cancer,0.0501153022050857
hsa-mir-576,Atherosclerosis,hsa-mir-576,gastric cancer (stomach cancer),0.0848973840475082
hsa-mir-576,Atherosclerosis,hsa-mir-576,pancreatic cancer,0.0501153022050857
hsa-mir-576,Breast Neoplasms,hsa-mir-576,gastric cancer (stomach cancer),0.0848973840475082
hsa-mir-576,Breast Neoplasms,hsa-mir-576,pancreatic cancer,0.0501153022050857
hsa-mir-576,Carcinoma and Hepatocellular,hsa-mir-576,gastric cancer (stomach cancer),0.0848973840475082
hsa-mir-576,Carcinoma and Hepatocellular,hsa-mir-576,pancreatic cancer,0.0501153022050857
hsa-mir-576,Cardiovascular Diseases,hsa-mir-576,gastric cancer (stomach cancer),0.0848973840475082
hsa-mir-576,Cardiovascular Diseases,hsa-mir-576,pancreatic cancer,0.0501153022050857
hsa-mir-576,Colonic Neoplasms,hsa-mir-576,gastric cancer (stomach cancer),0.0848973840475082
hsa-mir-576,Colonic Neoplasms,hsa-mir-576,pancreatic cancer,0.0501153022050857
hsa-mir-576,Colorectal Neoplasms,hsa-mir-576,gastric cancer (stomach cancer),0.0848973840475082
hsa-mir-576,Colorectal Neoplasms,hsa-mir-576,pancreatic cancer,0.0501153022050857
hsa-mir-576,Diabetes Mellitus,hsa-mir-576,gastric cancer (stomach cancer),0.0848973840475082
hsa-mir-576,Diabetes Mellitus,hsa-mir-576,pancreatic cancer,0.0501153022050857
hsa-mir-576,Endometrial Neoplasms,hsa-mir-576,gastric cancer (stomach cancer),0.0848973840475082
hsa-mir-576,Endometrial Neoplasms,hsa-mir-576,pancreatic cancer,0.0501153022050857
hsa-mir-576,Esophageal Neoplasms,hsa-mir-576,gastric cancer (stomach cancer),0.0848973840475082
hsa-mir-576,Esophageal Neoplasms,hsa-mir-576,pancreatic cancer,0.0501153022050857
hsa-mir-576,Esophageal Squamous Cell Carcinoma,hsa-mir-576,gastric cancer (stomach cancer),0.0848973840475082
hsa-mir-576,Esophageal Squamous Cell Carcinoma,hsa-mir-576,pancreatic cancer,0.0501153022050857
hsa-mir-576,Fractures and Bone,hsa-mir-576,gastric cancer (stomach cancer),0.0848973840475082
hsa-mir-576,Fractures and Bone,hsa-mir-576,pancreatic cancer,0.0501153022050857
hsa-mir-576,Glioma,hsa-mir-576,gastric cancer (stomach cancer),0.0848973840475082
hsa-mir-576,Glioma,hsa-mir-576,pancreatic cancer,0.0501153022050857
hsa-mir-576,Ischemic Stroke,hsa-mir-576,gastric cancer (stomach cancer),0.0848973840475082
hsa-mir-576,Ischemic Stroke,hsa-mir-576,pancreatic cancer,0.0501153022050857
hsa-mir-576,Kidney Neoplasms,hsa-mir-576,gastric cancer (stomach cancer),0.0848973840475082
hsa-mir-576,Kidney Neoplasms,hsa-mir-576,pancreatic cancer,0.0501153022050857
hsa-mir-576,Liver Neoplasms,hsa-mir-576,gastric cancer (stomach cancer),0.0848973840475082
hsa-mir-576,Liver Neoplasms,hsa-mir-576,pancreatic cancer,0.0501153022050857
hsa-mir-576,Obesity,hsa-mir-576,gastric cancer (stomach cancer),0.0848973840475082
hsa-mir-576,Obesity,hsa-mir-576,pancreatic cancer,0.0501153022050857
hsa-mir-576,Osteosarcoma,hsa-mir-576,gastric cancer (stomach cancer),0.0848973840475082
hsa-mir-576,Osteosarcoma,hsa-mir-576,pancreatic cancer,0.0501153022050857
hsa-mir-576,Pneumonia and Mycoplasma,hsa-mir-576,gastric cancer (stomach cancer),0.0848973840475082
hsa-mir-576,Pneumonia and Mycoplasma,hsa-mir-576,pancreatic cancer,0.0501153022050857
hsa-mir-576,Pre-Eclampsia,hsa-mir-576,gastric cancer (stomach cancer),0.0848973840475082
hsa-mir-576,Pre-Eclampsia,hsa-mir-576,pancreatic cancer,0.0501153022050857
hsa-mir-576,Pulmonary Disease and Chronic Obstructive,hsa-mir-576,gastric cancer (stomach cancer),0.0848973840475082
hsa-mir-576,Pulmonary Disease and Chronic Obstructive,hsa-mir-576,pancreatic cancer,0.0501153022050857
hsa-mir-576,Stomach Neoplasms,hsa-mir-576,gastric cancer (stomach cancer),0.0848973840475082
hsa-mir-576,Stomach Neoplasms,hsa-mir-576,pancreatic cancer,0.0501153022050857
hsa-mir-576,Thyroid Cancer and Papillary,hsa-mir-576,gastric cancer (stomach cancer),0.0848973840475082
hsa-mir-576,Thyroid Cancer and Papillary,hsa-mir-576,pancreatic cancer,0.0501153022050857
hsa-mir-576,Triple Negative Breast Neoplasms,hsa-mir-576,gastric cancer (stomach cancer),0.0848973840475082
hsa-mir-576,Triple Negative Breast Neoplasms,hsa-mir-576,pancreatic cancer,0.0501153022050857
hsa-mir-585,COVID-19,hsa-mir-585,pancreatic cancer,0.0501134321093559
hsa-mir-585,Carcinoma and Hepatocellular,hsa-mir-585,pancreatic cancer,0.0501134321093559
hsa-mir-585,Carcinoma and Non-Small-Cell Lung,hsa-mir-585,pancreatic cancer,0.0501134321093559
hsa-mir-585,Colonic Neoplasms,hsa-mir-585,pancreatic cancer,0.0501134321093559
hsa-mir-585,Glioma,hsa-mir-585,pancreatic cancer,0.0501134321093559
hsa-mir-585,Ovarian Neoplasms,hsa-mir-585,pancreatic cancer,0.0501134321093559
hsa-mir-585,Ovarian Neoplasms and High-Grade Serous,hsa-mir-585,pancreatic cancer,0.0501134321093559
hsa-mir-585,Post-Concussion Syndrome,hsa-mir-585,pancreatic cancer,0.0501134321093559
hsa-mir-585,Stomach Neoplasms,hsa-mir-585,pancreatic cancer,0.0501134321093559
hsa-mir-585,Triple Negative Breast Neoplasms,hsa-mir-585,pancreatic cancer,0.0501134321093559
hsa-mir-586,Carcinoma and Renal Cell,hsa-mir-586,pancreatic cancer,0.0287339407950639
hsa-mir-586,Endometrial Neoplasms,hsa-mir-586,pancreatic cancer,0.0287339407950639
hsa-mir-586,Glioma,hsa-mir-586,pancreatic cancer,0.0287339407950639
hsa-mir-586,Stomach Neoplasms,hsa-mir-586,pancreatic cancer,0.0287339407950639
hsa-mir-590,Adenomatous Polyposis Coli,hsa-mir-590,pancreatic cancer,0.0501141846179962
hsa-mir-590,Allograft Rejection and Antibody-Mediated,hsa-mir-590,pancreatic cancer,0.0501141846179962
hsa-mir-590,Alzheimer Disease,hsa-mir-590,pancreatic cancer,0.0501141846179962
hsa-mir-590,Angelman Syndrome,hsa-mir-590,pancreatic cancer,0.0501141846179962
hsa-mir-590,Arthritis and Rheumatoid,hsa-mir-590,pancreatic cancer,0.0501141846179962
hsa-mir-590,Asthma,hsa-mir-590,pancreatic cancer,0.0501141846179962
hsa-mir-590,Atherosclerosis,hsa-mir-590,pancreatic cancer,0.0501141846179962
hsa-mir-590,Atrial Fibrillation,hsa-mir-590,pancreatic cancer,0.0501141846179962
hsa-mir-590,Breast Neoplasms,hsa-mir-590,pancreatic cancer,0.0501141846179962
hsa-mir-590,COVID-19,hsa-mir-590,pancreatic cancer,0.0501141846179962
hsa-mir-590,Carcinoma and Embryonal,hsa-mir-590,pancreatic cancer,0.0501141846179962
hsa-mir-590,Carcinoma and Endometrioid,hsa-mir-590,pancreatic cancer,0.0501141846179962
hsa-mir-590,Carcinoma and Hepatocellular,hsa-mir-590,pancreatic cancer,0.0501141846179962
hsa-mir-590,Carcinoma and Non-Small-Cell Lung,hsa-mir-590,pancreatic cancer,0.0501141846179962
hsa-mir-590,Carcinoma and Pancreatic Ductal,hsa-mir-590,pancreatic cancer,0.0501141846179962
hsa-mir-590,Cardiomyopathies,hsa-mir-590,pancreatic cancer,0.0501141846179962
hsa-mir-590,Colonic Neoplasms,hsa-mir-590,pancreatic cancer,0.0501141846179962
hsa-mir-590,Colorectal Neoplasms,hsa-mir-590,pancreatic cancer,0.0501141846179962
hsa-mir-590,Corneal Dystrophy and Juvenile Epithelial of Meesmann,hsa-mir-590,pancreatic cancer,0.0501141846179962
hsa-mir-590,Corneal dystrophy and epithelial basement membrane,hsa-mir-590,pancreatic cancer,0.0501141846179962
hsa-mir-590,Dengue,hsa-mir-590,pancreatic cancer,0.0501141846179962
hsa-mir-590,Dermatitis and Atopic,hsa-mir-590,pancreatic cancer,0.0501141846179962
hsa-mir-590,Diabetic Nephropathies,hsa-mir-590,pancreatic cancer,0.0501141846179962
hsa-mir-590,Diabetic Neuropathies,hsa-mir-590,pancreatic cancer,0.0501141846179962
hsa-mir-590,Diabetic Retinopathy,hsa-mir-590,pancreatic cancer,0.0501141846179962
hsa-mir-590,Dyspepsia,hsa-mir-590,pancreatic cancer,0.0501141846179962
hsa-mir-590,Encephalitis Virus and Japanese,hsa-mir-590,pancreatic cancer,0.0501141846179962
hsa-mir-590,Esophageal Neoplasms,hsa-mir-590,pancreatic cancer,0.0501141846179962
hsa-mir-590,Esophageal Squamous Cell Carcinoma,hsa-mir-590,pancreatic cancer,0.0501141846179962
hsa-mir-590,Fetal Growth Retardation,hsa-mir-590,pancreatic cancer,0.0501141846179962
hsa-mir-590,Glioma,hsa-mir-590,pancreatic cancer,0.0501141846179962
hsa-mir-590,Gynatresia,hsa-mir-590,pancreatic cancer,0.0501141846179962
hsa-mir-590,Hearing Loss and Sudden,hsa-mir-590,pancreatic cancer,0.0501141846179962
hsa-mir-590,Heart Diseases,hsa-mir-590,pancreatic cancer,0.0501141846179962
hsa-mir-590,Heart Failure and Chronic,hsa-mir-590,pancreatic cancer,0.0501141846179962
hsa-mir-590,Inflammation,hsa-mir-590,pancreatic cancer,0.0501141846179962
hsa-mir-590,Intrahepatic Cholestasis of Pregnancy,hsa-mir-590,pancreatic cancer,0.0501141846179962
hsa-mir-590,Intrauterine Adhesion,hsa-mir-590,pancreatic cancer,0.0501141846179962
hsa-mir-590,Ischemia,hsa-mir-590,pancreatic cancer,0.0501141846179962
hsa-mir-590,Liver Neoplasms,hsa-mir-590,pancreatic cancer,0.0501141846179962
hsa-mir-590,Lung Neoplasms,hsa-mir-590,pancreatic cancer,0.0501141846179962
hsa-mir-590,Lupus Erythematosus and Systemic,hsa-mir-590,pancreatic cancer,0.0501141846179962
hsa-mir-590,Lymphoma and B-Cell,hsa-mir-590,pancreatic cancer,0.0501141846179962
hsa-mir-590,Melanoma,hsa-mir-590,pancreatic cancer,0.0501141846179962
hsa-mir-590,Mucositis,hsa-mir-590,pancreatic cancer,0.0501141846179962
hsa-mir-590,Multiple Sclerosis,hsa-mir-590,pancreatic cancer,0.0501141846179962
hsa-mir-590,Myocardial Dysfunction,hsa-mir-590,pancreatic cancer,0.0501141846179962
hsa-mir-590,Myocardial Infarction,hsa-mir-590,pancreatic cancer,0.0501141846179962
hsa-mir-590,Myocardial Infarction and Acute,hsa-mir-590,pancreatic cancer,0.0501141846179962
hsa-mir-590,Myocardial Ischemia,hsa-mir-590,pancreatic cancer,0.0501141846179962
hsa-mir-590,Myocardial Reperfusion Injury,hsa-mir-590,pancreatic cancer,0.0501141846179962
hsa-mir-590,Nasopharyngeal Carcinoma,hsa-mir-590,pancreatic cancer,0.0501141846179962
hsa-mir-590,Neovascularization and Pathologic,hsa-mir-590,pancreatic cancer,0.0501141846179962
hsa-mir-590,Neurosyphilis,hsa-mir-590,pancreatic cancer,0.0501141846179962
hsa-mir-590,Non-alcoholic Fatty Liver Disease,hsa-mir-590,pancreatic cancer,0.0501141846179962
hsa-mir-590,Osteoarthritis,hsa-mir-590,pancreatic cancer,0.0501141846179962
hsa-mir-590,Osteoporosis,hsa-mir-590,pancreatic cancer,0.0501141846179962
hsa-mir-590,Osteoporosis and Postmenopausal,hsa-mir-590,pancreatic cancer,0.0501141846179962
hsa-mir-590,Osteosarcoma,hsa-mir-590,pancreatic cancer,0.0501141846179962
hsa-mir-590,Ovarian Neoplasms,hsa-mir-590,pancreatic cancer,0.0501141846179962
hsa-mir-590,PEHO syndrome,hsa-mir-590,pancreatic cancer,0.0501141846179962
hsa-mir-590,Pancreatic Carcinoma,hsa-mir-590,pancreatic cancer,0.0501141846179962
hsa-mir-590,Periodontal Diseases,hsa-mir-590,pancreatic cancer,0.0501141846179962
hsa-mir-590,Periodontitis,hsa-mir-590,pancreatic cancer,0.0501141846179962
hsa-mir-590,Pneumonia and Mycoplasma,hsa-mir-590,pancreatic cancer,0.0501141846179962
hsa-mir-590,Pre-Eclampsia,hsa-mir-590,pancreatic cancer,0.0501141846179962
hsa-mir-590,Prostatic Neoplasms,hsa-mir-590,pancreatic cancer,0.0501141846179962
hsa-mir-590,Pulmonary Arterial Hypertension,hsa-mir-590,pancreatic cancer,0.0501141846179962
hsa-mir-590,Pulmonary Disease and Chronic Obstructive,hsa-mir-590,pancreatic cancer,0.0501141846179962
hsa-mir-590,Reperfusion Injury,hsa-mir-590,pancreatic cancer,0.0501141846179962
hsa-mir-590,Reperfusion Injury and Renal Ischemia,hsa-mir-590,pancreatic cancer,0.0501141846179962
hsa-mir-590,Sepsis,hsa-mir-590,pancreatic cancer,0.0501141846179962
hsa-mir-590,Severe Acute Respiratory Syndrome,hsa-mir-590,pancreatic cancer,0.0501141846179962
hsa-mir-590,Squamous Cell Carcinoma of Head and Neck,hsa-mir-590,pancreatic cancer,0.0501141846179962
hsa-mir-590,Stomach Neoplasms,hsa-mir-590,pancreatic cancer,0.0501141846179962
hsa-mir-590,Subarachnoid Hemorrhage,hsa-mir-590,pancreatic cancer,0.0501141846179962
hsa-mir-590,Thyroid Cancer and Papillary,hsa-mir-590,pancreatic cancer,0.0501141846179962
hsa-mir-590,Triple Negative Breast Neoplasms,hsa-mir-590,pancreatic cancer,0.0501141846179962
hsa-mir-590,Tuberculosis,hsa-mir-590,pancreatic cancer,0.0501141846179962
hsa-mir-590,Urinary Bladder Neoplasms,hsa-mir-590,pancreatic cancer,0.0501141846179962
hsa-mir-590,Uterine Cervical Neoplasms,hsa-mir-590,pancreatic cancer,0.0501141846179962
hsa-mir-590,spondyloepimetaphyseal dysplasia and Strudwick type,hsa-mir-590,pancreatic cancer,0.0501141846179962
hsa-mir-612,Breast Neoplasms,hsa-mir-612,pancreatic cancer,0.0501157119870185
hsa-mir-612,Carcinoma and Hepatocellular,hsa-mir-612,pancreatic cancer,0.0501157119870185
hsa-mir-612,Carcinoma and Renal Cell,hsa-mir-612,pancreatic cancer,0.0501157119870185
hsa-mir-612,Cardiomegaly,hsa-mir-612,pancreatic cancer,0.0501157119870185
hsa-mir-612,Cervical   Spondylomyelopathy,hsa-mir-612,pancreatic cancer,0.0501157119870185
hsa-mir-612,Cholangiocarcinoma,hsa-mir-612,pancreatic cancer,0.0501157119870185
hsa-mir-612,Colorectal Neoplasms,hsa-mir-612,pancreatic cancer,0.0501157119870185
hsa-mir-612,Coronary Artery Disease,hsa-mir-612,pancreatic cancer,0.0501157119870185
hsa-mir-612,Endometrial Neoplasms,hsa-mir-612,pancreatic cancer,0.0501157119870185
hsa-mir-612,Esophageal Squamous Cell Carcinoma,hsa-mir-612,pancreatic cancer,0.0501157119870185
hsa-mir-612,Hpv-Induced Warts,hsa-mir-612,pancreatic cancer,0.0501157119870185
hsa-mir-612,Leukemia,hsa-mir-612,pancreatic cancer,0.0501157119870185
hsa-mir-612,Melanoma,hsa-mir-612,pancreatic cancer,0.0501157119870185
hsa-mir-612,Myocardial Infarction,hsa-mir-612,pancreatic cancer,0.0501157119870185
hsa-mir-612,Myocardial Infarction and Acute,hsa-mir-612,pancreatic cancer,0.0501157119870185
hsa-mir-612,Nasopharyngeal Carcinoma,hsa-mir-612,pancreatic cancer,0.0501157119870185
hsa-mir-612,Neurofibromatosis 1,hsa-mir-612,pancreatic cancer,0.0501157119870185
hsa-mir-612,Ovarian Neoplasms,hsa-mir-612,pancreatic cancer,0.0501157119870185
hsa-mir-612,Polycystic Ovary Syndrome,hsa-mir-612,pancreatic cancer,0.0501157119870185
hsa-mir-612,Precursor Cell Lymphoblastic Leukemia-Lymphoma,hsa-mir-612,pancreatic cancer,0.0501157119870185
hsa-mir-612,Retinoblastoma,hsa-mir-612,pancreatic cancer,0.0501157119870185
hsa-mir-612,Squamous Cell Carcinoma of Head and Neck,hsa-mir-612,pancreatic cancer,0.0501157119870185
hsa-mir-612,Stomach Neoplasms,hsa-mir-612,pancreatic cancer,0.0501157119870185
hsa-mir-612,Thyroid Cancer and Papillary,hsa-mir-612,pancreatic cancer,0.0501157119870185
hsa-mir-612,Thyroiditis and Autoimmune,hsa-mir-612,pancreatic cancer,0.0501157119870185
hsa-mir-612,Urinary Bladder Neoplasms,hsa-mir-612,pancreatic cancer,0.0501157119870185
hsa-mir-612,Uterine Cervical Neoplasms,hsa-mir-612,pancreatic cancer,0.0501157119870185
hsa-mir-614,Adenocarcinoma of Lung,hsa-mir-614,pancreatic cancer,0.0501130521297454
hsa-mir-614,Alzheimer Disease,hsa-mir-614,pancreatic cancer,0.0501130521297454
hsa-mir-614,Breast Neoplasms,hsa-mir-614,pancreatic cancer,0.0501130521297454
hsa-mir-614,Carcinoma and Hepatocellular,hsa-mir-614,pancreatic cancer,0.0501130521297454
hsa-mir-614,Carcinoma and Non-Small-Cell Lung,hsa-mir-614,pancreatic cancer,0.0501130521297454
hsa-mir-614,Colorectal Neoplasms,hsa-mir-614,pancreatic cancer,0.0501130521297454
hsa-mir-614,Coronary Artery Disease,hsa-mir-614,pancreatic cancer,0.0501130521297454
hsa-mir-614,Dermatomyositis,hsa-mir-614,pancreatic cancer,0.0501130521297454
hsa-mir-614,Inflammation,hsa-mir-614,pancreatic cancer,0.0501130521297454
hsa-mir-614,Nasopharyngitis,hsa-mir-614,pancreatic cancer,0.0501130521297454
hsa-mir-614,Netherton Syndrome,hsa-mir-614,pancreatic cancer,0.0501130521297454
hsa-mir-614,Orofaciodigital Syndromes,hsa-mir-614,pancreatic cancer,0.0501130521297454
hsa-mir-614,Prostatic Neoplasms,hsa-mir-614,pancreatic cancer,0.0501130521297454
hsa-mir-614,Pulmonary Disease and Chronic Obstructive,hsa-mir-614,pancreatic cancer,0.0501130521297454
hsa-mir-614,Pulmonary Fibrosis,hsa-mir-614,pancreatic cancer,0.0501130521297454
hsa-mir-614,Sjogren's Syndrome,hsa-mir-614,pancreatic cancer,0.0501130521297454
hsa-mir-614,Sleep Apnea and Obstructive,hsa-mir-614,pancreatic cancer,0.0501130521297454
hsa-mir-658,Breast Neoplasms,hsa-mir-658,pancreatic cancer,0.0501139312982559
hsa-mir-658,Colorectal Neoplasms,hsa-mir-658,pancreatic cancer,0.0501139312982559
hsa-mir-658,Hemoglobinuria and Paroxysmal,hsa-mir-658,pancreatic cancer,0.0501139312982559
hsa-mir-658,Inflammation,hsa-mir-658,pancreatic cancer,0.0501139312982559
hsa-mir-658,Inflammatory Bowel Diseases,hsa-mir-658,pancreatic cancer,0.0501139312982559
hsa-mir-658,Lung Neoplasms,hsa-mir-658,pancreatic cancer,0.0501139312982559
hsa-mir-658,Stomach Neoplasms,hsa-mir-658,pancreatic cancer,0.0501139312982559
hsa-mir-6838,Breast Neoplasms,hsa-mir-6838,pancreatic cancer,0.050116553902626
hsa-mir-6838,Carcinoma and Hepatocellular,hsa-mir-6838,pancreatic cancer,0.050116553902626
hsa-mir-6838,Carcinoma and Renal Cell,hsa-mir-6838,pancreatic cancer,0.050116553902626
hsa-mir-6838,Colorectal Neoplasms,hsa-mir-6838,pancreatic cancer,0.050116553902626
hsa-mir-6838,Hepatitis B and Chronic,hsa-mir-6838,pancreatic cancer,0.050116553902626
hsa-mir-6838,Liver Neoplasms,hsa-mir-6838,pancreatic cancer,0.050116553902626
hsa-mir-6838,Nasopharyngeal Carcinoma,hsa-mir-6838,pancreatic cancer,0.050116553902626
hsa-mir-6838,Pancreatic Carcinoma,hsa-mir-6838,pancreatic cancer,0.050116553902626
hsa-mir-6838,Stomach Neoplasms,hsa-mir-6838,pancreatic cancer,0.050116553902626
hsa-mir-6838,Thyroid Neoplasms,hsa-mir-6838,pancreatic cancer,0.050116553902626
hsa-mir-6838,Triple Negative Breast Neoplasms,hsa-mir-6838,pancreatic cancer,0.050116553902626
hsa-mir-6838,Uterine Cervical Neoplasms,hsa-mir-6838,pancreatic cancer,0.050116553902626
hsa-mir-758,Atherosclerosis,hsa-mir-758,recurrent ovarian cancer,0.0906888395547866
hsa-mir-758,Breast Neoplasms,hsa-mir-758,recurrent ovarian cancer,0.0906888395547866
hsa-mir-758,Carcinoma and Non-Small-Cell Lung,hsa-mir-758,recurrent ovarian cancer,0.0906888395547866
hsa-mir-758,Carcinoma and Renal Cell,hsa-mir-758,recurrent ovarian cancer,0.0906888395547866
hsa-mir-758,Cartilage Diseases,hsa-mir-758,recurrent ovarian cancer,0.0906888395547866
hsa-mir-758,Colorectal Neoplasms,hsa-mir-758,recurrent ovarian cancer,0.0906888395547866
hsa-mir-758,Leukemia and Myeloid and Acute,hsa-mir-758,recurrent ovarian cancer,0.0906888395547866
hsa-mir-758,Melanoma,hsa-mir-758,recurrent ovarian cancer,0.0906888395547866
hsa-mir-758,Migraine Disorders,hsa-mir-758,recurrent ovarian cancer,0.0906888395547866
hsa-mir-758,Osteoarthritis,hsa-mir-758,recurrent ovarian cancer,0.0906888395547866
hsa-mir-758,Osteoarthritis and Knee,hsa-mir-758,recurrent ovarian cancer,0.0906888395547866
hsa-mir-758,Osteosarcoma,hsa-mir-758,recurrent ovarian cancer,0.0906888395547866
hsa-mir-758,Ovarian Neoplasms,hsa-mir-758,recurrent ovarian cancer,0.0906888395547866
hsa-mir-758,Squamous Cell Carcinoma of Head and Neck,hsa-mir-758,recurrent ovarian cancer,0.0906888395547866
hsa-mir-758,Stomach Neoplasms,hsa-mir-758,recurrent ovarian cancer,0.0906888395547866
hsa-mir-758,Thyroid Cancer and Papillary,hsa-mir-758,recurrent ovarian cancer,0.0906888395547866
hsa-mir-758,Urinary Bladder Neoplasms,hsa-mir-758,recurrent ovarian cancer,0.0906888395547866
hsa-mir-758,Uterine Cervical Neoplasms,hsa-mir-758,recurrent ovarian cancer,0.0906888395547866
hsa-mir-760,Abortion and Habitual,hsa-mir-760,gastric cancer (stomach cancer),0.0669276639819145
hsa-mir-760,Arthritis and Rheumatoid,hsa-mir-760,gastric cancer (stomach cancer),0.0669276639819145
hsa-mir-760,Brain Ischemia,hsa-mir-760,gastric cancer (stomach cancer),0.0669276639819145
hsa-mir-760,Breast Neoplasms,hsa-mir-760,gastric cancer (stomach cancer),0.0669276639819145
hsa-mir-760,Carcinoma and Basal Cell,hsa-mir-760,gastric cancer (stomach cancer),0.0669276639819145
hsa-mir-760,Carcinoma and Hepatocellular,hsa-mir-760,gastric cancer (stomach cancer),0.0669276639819145
hsa-mir-760,Carcinoma and Non-Small-Cell Lung,hsa-mir-760,gastric cancer (stomach cancer),0.0669276639819145
hsa-mir-760,Carcinoma and Renal Cell,hsa-mir-760,gastric cancer (stomach cancer),0.0669276639819145
hsa-mir-760,Colorectal Neoplasms,hsa-mir-760,gastric cancer (stomach cancer),0.0669276639819145
hsa-mir-760,Diabetic Nephropathies,hsa-mir-760,gastric cancer (stomach cancer),0.0669276639819145
hsa-mir-760,Esophageal Squamous Cell Carcinoma,hsa-mir-760,gastric cancer (stomach cancer),0.0669276639819145
hsa-mir-760,Glioma,hsa-mir-760,gastric cancer (stomach cancer),0.0669276639819145
hsa-mir-760,Intervertebral Disc Degeneration,hsa-mir-760,gastric cancer (stomach cancer),0.0669276639819145
hsa-mir-760,Lung Neoplasms,hsa-mir-760,gastric cancer (stomach cancer),0.0669276639819145
hsa-mir-760,Myocardial Infarction,hsa-mir-760,gastric cancer (stomach cancer),0.0669276639819145
hsa-mir-760,Myocardial Reperfusion Injury,hsa-mir-760,gastric cancer (stomach cancer),0.0669276639819145
hsa-mir-760,Myositis,hsa-mir-760,gastric cancer (stomach cancer),0.0669276639819145
hsa-mir-760,Obesity,hsa-mir-760,gastric cancer (stomach cancer),0.0669276639819145
hsa-mir-760,Oral Submucous Fibrosis,hsa-mir-760,gastric cancer (stomach cancer),0.0669276639819145
hsa-mir-760,Osteoarthritis,hsa-mir-760,gastric cancer (stomach cancer),0.0669276639819145
hsa-mir-760,Osteoporosis,hsa-mir-760,gastric cancer (stomach cancer),0.0669276639819145
hsa-mir-760,Osteosarcoma,hsa-mir-760,gastric cancer (stomach cancer),0.0669276639819145
hsa-mir-760,Ovarian Neoplasms,hsa-mir-760,gastric cancer (stomach cancer),0.0669276639819145
hsa-mir-760,Pancreatic Carcinoma,hsa-mir-760,gastric cancer (stomach cancer),0.0669276639819145
hsa-mir-760,Polycystic Ovary Syndrome,hsa-mir-760,gastric cancer (stomach cancer),0.0669276639819145
hsa-mir-760,Pre-Eclampsia,hsa-mir-760,gastric cancer (stomach cancer),0.0669276639819145
hsa-mir-760,Prostatic Neoplasms,hsa-mir-760,gastric cancer (stomach cancer),0.0669276639819145
hsa-mir-760,Stomach Neoplasms,hsa-mir-760,gastric cancer (stomach cancer),0.0669276639819145
hsa-mir-760,Urinary Bladder Neoplasms,hsa-mir-760,gastric cancer (stomach cancer),0.0669276639819145
hsa-mir-760,psoriasis 1,hsa-mir-760,gastric cancer (stomach cancer),0.0669276639819145
