source,destination,score
Radiation-Induced Oral Mucositis,hsa-miR-24-1,1.3018193244934082
Hereditary Autoinflammatory Diseases,hsa-miR-192,1.2972381114959717
Postoperative Nausea and Vomiting,hsa-miR-4446-5p,1.2962249517440796
Visceral Pain,hsa-miR-295,1.294861078262329
Genetic Diseases and Inborn,hsa-miR-4492,1.2928544282913208
Status Asthmaticus,hsa-miR-103-2*,1.2924559116363525
Autoimmune Diseases of the Nervous System,hsa-miR-103-2*,1.2924420833587646
Varicose Veins,hsa-miR-103a,1.292176365852356
Genital Diseases and Male,mmu-miR-718,1.2920187711715698
Spinal Injuries,hsa-miR-4444,1.2903716564178467
Arsenic Poisoning,hsa-mir-873,1.2902672290802002
Familial Hypophosphatemic Rickets,hsa-miR-4443,1.2900034189224243
Asthma and Chronic,hsa-miR-4285,1.2887399196624756
Postoperative Nausea and Vomiting,hsa-miR-4492,1.2886180877685547
Spinal Injuries,hsa-miR-4437,1.288558006286621
Drug Resistant Epilepsy,hsa-miR-4456,1.2882804870605469
Genetic Diseases and Inborn,hsa-miR-4444,1.2873187065124512
Radiation-Induced Oral Mucositis,hsa-miR-4291,1.2872722148895264
Exfoliation Syndrome,hsa-miR-4444,1.2872602939605713
Postoperative Nausea and Vomiting,hsa-mir-873,1.285878300666809
Primary Gastrointestinal Diffuse Large B-Cell Lymphoma ,hsa-miR-126-3p,1.2858048677444458
Arteritis,hsa-miR-4459,1.2855256795883179
Exfoliation Syndrome,hsa-miR-4439,1.2852168083190918
Arsenic Poisoning,hsa-miR-4494,1.2851183414459229
Genetic Diseases and Inborn,mmu-miR-708,1.2850786447525024
Exfoliation Syndrome,mmu-miR-708,1.285020351409912
Drug Resistant Epilepsy,mmu-miR-700-5p,1.284752607345581
Tenon Fibroblasts,hsa-miR-1292-5p,1.2846957445144653
Postoperative Nausea and Vomiting,hsa-miR-4456,1.2846674919128418
Arteritis,hsa-miR-4439,1.28413724899292
Exfoliation Syndrome,hsa-miR-4482,1.284044861793518
Postoperative Nausea and Vomiting,mmu-miR-743a,1.2838696241378784
Arteritis,hsa-miR-4494,1.2838280200958252
Periapical Periodontitis,hsa-miR-4492,1.2834982872009277
Hypoglycemia and leucine-induced,mmu-miR-715,1.2831701040267944
Postoperative Nausea and Vomiting,hsa-miR-4444,1.2830822467803955
Neoplasms and Mesothelial,hsa-miR-29c*,1.2827943563461304
Peripheral Vascular Diseases,hsa-mir-78,1.2827900648117065
Postoperative Nausea and Vomiting,hsa-miR-4459,1.2824269533157349
Brugada Syndrome,hsa-miR-102,1.2818529605865479
Reperfusion Injury and Testicular Ischemia,hsa-miR-31-3p,1.2816575765609741
Adrenocorticotropic hormone deficiency,mmu-miR-701,1.2816399335861206
Peripheral Blood Leukocytes,hsa-miR-4497,1.2809388637542725
Platelet Storage Pool Deficiency,hsa-miR-4497,1.2808423042297363
Allograft Rejection and Antibody-Mediated,hsa-miR-4497,1.2808414697647095
Periapical Periodontitis,hsa-mir-873,1.2807586193084717
High Grade Ovarian Neoplasms,mmu-miR-678,1.2797940969467163
Bronchiolitis Obliterans,mmu-miR-678,1.2797813415527344
Nevus and Halo,hsa-miR-4478,1.279731035232544
Dry Eye Syndromes,hsa-miR-4478,1.2796419858932495
Testicular Neoplasms,hsa-miR-183*,1.2795181274414062
Canavan Disease,hsa-miR-2681,1.2793052196502686
Brugada Syndrome,hsa-miR-2681,1.2791810035705566
Adrenocorticotropic hormone deficiency,hsa-miR-450a-5p,1.278847575187683
thyroid gland Hurthle cell carcinoma,hsa-miR-18b*,1.2787244319915771
Hereditary Autoinflammatory Diseases,hsa-miR-24-1,1.2786599397659302
Diminished  Ovarian Reserve,hsa-miR-26a-2-3p,1.2784959077835083
Periapical Periodontitis,hsa-miR-4444,1.2779626846313477
Optic Nerve Injuries,mmu-miR-743a,1.2779576778411865
Canavan Disease,hsa-let7i,1.2770609855651855
Myeloma Bone Disease,hsa-let7i,1.276999831199646
Asthma and Chronic,hsa-miR-135a*,1.2769888639450073
Angioedemas and Hereditary,hsa-let7i,1.2769489288330078
Human T-Cell Leukemia Virus Type 1 Infections,hsa-let7i,1.2769120931625366
Neoplasms and Second Primary,mmu-miR-743a,1.2767488956451416
Adrenocorticotropic hormone deficiency,hsa-mir-8080,1.276368498802185
Rift Valley Fever,hsa-miR-4492,1.2762517929077148
Periapical Periodontitis,hsa-miR-4437,1.2761489152908325
Hyperpigmentation and Skin,hsa-miR-4478,1.2761422395706177
Polyps,hsa-miR-4478,1.2761225700378418
Halal syndrome,hsa-miR-4478,1.2761143445968628
Hepacivirus,hsa-miR-4478,1.2761094570159912
Neonatal hemochromatosis,hsa-miR-4478,1.2761025428771973
Angelman Syndrome,hsa-miR-4478,1.2761025428771973
Urinary Bladder Neck Obstruction,mmu-miR-676-3p,1.2760939598083496
Infections,hsa-miR-4478,1.2760921716690063
Acromegaly,hsa-miR-4478,1.2760906219482422
Bacterial Infections,hsa-miR-4478,1.2760740518569946
GATA2 Deficiency,hsa-miR-4478,1.2760727405548096
Burns,hsa-miR-4478,1.276059627532959
Allograft Rejection and Antibody-Mediated,hsa-miR-4478,1.2760035991668701
Lipodystrophy and Partial and Acquired,hsa-miR-4478,1.2759987115859985
Rotator Cuff,hsa-miR-4478,1.275994896888733
Cerebral Small Vessel Diseases,hsa-miR-4478,1.275992751121521
Liver Failure and Acute,hsa-miR-4478,1.2759910821914673
Incontinentia Pigmenti,hsa-miR-4478,1.2759819030761719
Pyloric Hypomotility,hsa-miR-4478,1.2759782075881958
Neoplastic Cells and Circulating,hsa-miR-4478,1.2759648561477661
Amelogenesis Imperfecta,hsa-miR-4478,1.2759491205215454
Periodontitis and Diabetic,hsa-miR-1268,1.2759203910827637
Wound Infection,hsa-miR-1268,1.2758901119232178
Radiation-Induced Oral Mucositis,hsa-miR-1284,1.275671362876892
Neoplasms and Second Primary,hsa-miR-4443,1.2754064798355103
Optic Nerve Injuries,mmu-miR-700-5p,1.2752279043197632
Primary Gastrointestinal Diffuse Large B-Cell Lymphoma ,hsa-miR-3917,1.2751544713974
Optic Nerve Injuries,hsa-miR-4439,1.2751268148422241
Radiation-Induced Oral Mucositis,hsa-miR-30d-3p,1.2750085592269897
Asthma and Chronic,hsa-miR-1185,1.274767518043518
Autoimmune Diseases of the Nervous System,hsa-miR-30e,1.27476167678833
Equine Infectious Anemia,mmu-miR-712,1.2747544050216675
Dermatomyositis,hsa-miR-4456,1.2746200561523438
Adrenocorticotropic hormone deficiency,hsa-miR-4437,1.2745009660720825
Adrenocorticotropic hormone deficiency,mmu-miR-700-5p,1.2743722200393677
Adrenocorticotropic hormone deficiency,hsa-miR-4439,1.2742711305618286
Wound Infection,hsa-miR-129-2-3p,1.2739462852478027
fibrolamellar carcinoma,rno-miR-409-5p,1.2736798524856567
Langer-Giedion Syndrome,rno-miR-409-5p,1.2736481428146362
Leukemia and Erythroblastic and Acute,hsa-miR-4456,1.2736270427703857
Primary Gastrointestinal Diffuse Large B-Cell Lymphoma ,hsa-miR-129-1-3p,1.273505687713623
Bradycardia,hsa-miR-4446-5p,1.2734260559082031
Periodontal Diseases,hsa-miR-4446-5p,1.2734180688858032
Sarcoidosis,hsa-miR-4446-5p,1.2734030485153198
Choroidal Neovascularization,hsa-miR-4446-5p,1.2733972072601318
Glaucoma,hsa-miR-4446-5p,1.2733871936798096
Retinal Dystrophies,hsa-miR-4446-5p,1.2733795642852783
Rosacea,hsa-miR-4446-5p,1.2733789682388306
paramyotonia congenita of Von Eulenburg,hsa-miR-4446-5p,1.2733778953552246
Bacterial Infections,hsa-miR-4446-5p,1.2733676433563232
Liver Failure,hsa-miR-4446-5p,1.2733654975891113
Enterocolitis,hsa-miR-4446-5p,1.273360013961792
Anterior Cruciate Ligament Injuries,hsa-miR-4446-5p,1.2733402252197266
Cerebral Small Vessel Diseases,hsa-miR-4446-5p,1.2732861042022705
Poikiloderma with Neutropenia,hsa-miR-4446-5p,1.2732813358306885
Sarcopenia,hsa-miR-4446-5p,1.2732670307159424
Lung Diseases and Interstitial,hsa-miR-4446-5p,1.2732371091842651
Anemia and Iron-Deficiency,hsa-miR-4433-3p,1.273122787475586
Nondisjunction and Genetic,hsa-mir-8080,1.2731119394302368
Adrenocorticotropic hormone deficiency,hsa-miR-4482,1.2730991840362549
Urinary Bladder Neck Obstruction,mmu-miR-743a,1.2730915546417236
Dermatomyositis,hsa-miR-4444,1.273034930229187
Neuromyelitis Optica,rno-miR-409-5p,1.2729978561401367
Neuralgia,hsa-mir-873,1.2728958129882812
Leukemia and Erythroblastic and Acute,mmu-miR-743a,1.2728289365768433
Nondisjunction and Genetic,hsa-miR-4443,1.2725030183792114
Stress Disorders and Post-Traumatic,hsa-mir-8080,1.2724411487579346
Leukemia and Erythroblastic and Acute,hsa-mir-8069,1.2723923921585083
Stomach Ulcer,hsa-miR-4443,1.2723451852798462
Inflammatory Osteolysis,mmu-miR-687,1.2720470428466797
Leukemia and Erythroblastic and Acute,hsa-miR-4444,1.2720417976379395
Cysts,mmu-miR-687,1.271991491317749
Respiratory Distress Syndrome and Newborn,mmu-miR-687,1.271944284439087
Diminished  Ovarian Reserve,hsa-miR-329,1.2718687057495117
Radiation-Induced Oral Mucositis,hsa-miR-17-92,1.2715322971343994
Leukemia and Erythroblastic and Acute,hsa-miR-4443,1.2714866399765015
Myeloma Bone Disease,hsa-miR-4433-3p,1.2714745998382568
Diminished  Ovarian Reserve,hsa-miR-4433-3p,1.2714241743087769
Polyposis Syndrome and Hereditary Mixed and 1,hsa-miR-4433-3p,1.2713675498962402
Nerve Degeneration,hsa-miR-4456,1.2711966037750244
Radiation-Induced Oral Mucositis,hsa-miR-26b,1.271130919456482
Stomach Ulcer,mmu-miR-700-5p,1.2709578275680542
Dihydropyrimidine Dehydrogenase Deficiency,mmu-miR-743a,1.2709418535232544
Dermatomyositis,mmu-miR-708,1.2707948684692383
Rift Valley Fever,hsa-mir-8080,1.2707699537277222
Urinary Bladder Neck Obstruction,hsa-miR-4437,1.2704906463623047
Stress Disorders and Post-Traumatic,mmu-miR-700-5p,1.2704445123672485
Urinary Bladder Neck Obstruction,hsa-miR-4439,1.2702606916427612
UV-Sensitive Syndrome,hsa-miR-29b-2*,1.2701947689056396
Leukemia and Erythroblastic and Acute,mmu-miR-700-5p,1.2700989246368408
Urinary Bladder Neck Obstruction,mmu-miR-708,1.270064353942871
Rift Valley Fever,hsa-miR-4459,1.2700607776641846
Urinary Bladder Neck Obstruction,hsa-miR-4494,1.269951343536377
Inflammation and Chronic,hsa-miR-3649,1.269652247428894
Amebiasis,hsa-miR-3649,1.2695270776748657
Vertebral fusion posterior lumbosacral blepharoptosis,hsa-miR-021,1.2694896459579468
Neutropenia,hsa-miR-29,1.269232153892517
Urinary Bladder Neck Obstruction,hsa-miR-4482,1.2690889835357666
Cryptococcosis,hsa-miR-4444,1.2689474821090698
Hyperphagia,hsa-miR-4497,1.2689405679702759
IgA Vasculitis,hsa-miR-450a-5p,1.2689224481582642
Rift Valley Fever,hsa-miR-4439,1.268672227859497
Rift Valley Fever,mmu-miR-708,1.268475890159607
Wiskott-Aldrich Syndrome,hsa-miR-4492,1.268347144126892
Kidney Neoplasms,hsa-miR-4492,1.2683444023132324
Werner Syndrome,hsa-miR-4492,1.2683403491973877
Ventricular Dysfunction and Left,hsa-miR-4492,1.268334984779358
Hearing Loss and Unilateral,hsa-miR-4492,1.26833176612854
Hyperpigmentation and Skin,hsa-miR-4492,1.2683240175247192
Postoperative Complications,hsa-miR-4492,1.2683238983154297
Facial Nerve Injuries,hsa-miR-4492,1.2683191299438477
Polycythemia Vera,hsa-miR-4492,1.268319010734558
Staphylococcal Scalded Skin Syndrome,hsa-miR-4492,1.2683147192001343
Heart Septal Defects and Ventricular,hsa-miR-4492,1.2683123350143433
Laryngeal Papilloma,hsa-miR-4492,1.268310785293579
Acute  Kidney Injury,hsa-miR-4492,1.2683100700378418
Polyps,hsa-miR-4492,1.2683041095733643
brachydactyly type D,hsa-miR-4492,1.2683006525039673
Lupus Nephritis,hsa-miR-4492,1.2682985067367554
Neural Tube Defects,hsa-miR-4492,1.2682963609695435
Halal syndrome,hsa-miR-4492,1.2682961225509644
Pancreatitis,hsa-miR-4492,1.268295407295227
Brain Damage and Chronic,hsa-miR-4492,1.2682933807373047
Cryptococcosis,hsa-miR-4459,1.2682923078536987
Skin Neoplasms and Non-Melanoma,hsa-miR-4492,1.2682921886444092
Neuroleptic Malignant Syndrome,hsa-miR-4492,1.2682900428771973
Glomus Tumor,hsa-miR-4492,1.268289566040039
SHORT syndrome,hsa-miR-4492,1.2682857513427734
Sleep Apnea Syndromes,hsa-miR-4492,1.2682846784591675
Glomerulonephritis and Membranoproliferative,hsa-miR-4492,1.2682831287384033
Giant Cell Arteritis,hsa-miR-4492,1.2682827711105347
Fibrosarcoma,hsa-miR-4492,1.2682795524597168
Langer mesomelic dysplasia,hsa-miR-4492,1.268277645111084
Larva Migrans and Visceral,hsa-miR-4492,1.2682745456695557
Rhinitis and Allergic and Seasonal,hsa-miR-4492,1.2682735919952393
Rhinitis and Allergic,hsa-miR-4492,1.2682712078094482
Carotid Artery Injuries,hsa-miR-4492,1.2682677507400513
Heart Defects and Congenital,hsa-miR-4492,1.2682666778564453
Obesity and Abdominal,hsa-miR-4492,1.2682627439498901
Mastitis,hsa-miR-4492,1.268262267112732
Movement Disorders,hsa-miR-4492,1.2682554721832275
Reinjuries,hsa-miR-4492,1.2682549953460693
Liver Failure,hsa-miR-4492,1.2682536840438843
Bronchial Hyperreactivity,hsa-miR-4492,1.2682515382766724
Neointimal   Hyperplasia,hsa-miR-4492,1.2682491540908813
Osteonecrosis,hsa-miR-4492,1.2682379484176636
Neoplasms and Germ Cell and Embryonal,hsa-miR-4492,1.2682372331619263
Carcinoma and Merkel Cell,hsa-miR-4492,1.2682323455810547
Zika virus congenital syndrome,hsa-miR-4492,1.2682251930236816
Muscular Diseases,hsa-miR-4492,1.268217921257019
"Muscular Atrophy, Spinal",hsa-miR-4492,1.2682172060012817
Osteoporosis-pseudoglioma syndrome,hsa-miR-4492,1.268215537071228
late onset Parkinson's disease,hsa-miR-4492,1.2681877613067627
Sarcoma and Synovial,hsa-miR-4492,1.2681870460510254
Intestinal Atresia,hsa-miR-4492,1.2681803703308105
Cerebral Small Vessel Diseases,hsa-miR-4492,1.2681745290756226
Rubella Syndrome and Congenital,hsa-miR-4492,1.268174171447754
Liver Failure and Acute,hsa-miR-4492,1.2681729793548584
Nephrocalcinosis,hsa-miR-4492,1.2681701183319092
Migraine Disorders,hsa-miR-4492,1.2681692838668823
Osteochondritis Dissecans,hsa-miR-4492,1.2681643962860107
Incontinentia Pigmenti,hsa-miR-4492,1.2681636810302734
Cerebral Infarction and Acute,hsa-miR-4492,1.268160343170166
Muscular Atrophy and Spinal,hsa-miR-4492,1.268156886100769
lung squamous cell carcinoma,hsa-miR-4492,1.2681567668914795
Fluorosis and Dental,hsa-miR-4492,1.2681466341018677
Parasitic Diseases,mmu-miR-701,1.268146276473999
Palatal Neoplasms,mmu-miR-701,1.2681450843811035
Recurrence,mmu-miR-701,1.2681440114974976
Ethylmalonic encephalopathy,hsa-miR-4492,1.268140196800232
Quadruple Negative Breast Cancer,hsa-miR-4492,1.268139123916626
Warburg micro syndrome 1,mmu-miR-701,1.2681286334991455
Cerebral Infarction,mmu-miR-701,1.2681218385696411
Cardiac Complexes and Premature,mmu-miR-701,1.268112301826477
Cone Dystrophy 3,hsa-miR-3156-5p,1.2681119441986084
Cholelithiasis,mmu-miR-701,1.268093466758728
Lattice corneal dystrophy type 1,hsa-miR-296,1.2680420875549316
Sinus Thrombosis and Intracranial,mmu-miR-701,1.2680202722549438
Rift Valley Fever,hsa-miR-4482,1.2675005197525024
Plaque and Amyloid,hsa-miR-378a-5p,1.2674769163131714
Gliosis,hsa-miR-378a-5p,1.2674399614334106
Diminished  Ovarian Reserve,hsa-miR-378a-5p,1.2674269676208496
Angioedemas and Hereditary,hsa-miR-378a-5p,1.267426609992981
Nerve Degeneration,mmu-miR-708,1.267371416091919
Myeloma Bone Disease,hsa-miR-1224-5p,1.267364740371704
Tricuspid Valve Insufficiency,hsa-miR-136-5p,1.2672622203826904
Polyposis Syndrome and Hereditary Mixed and 1,hsa-miR-1224-5p,1.267257571220398
Wiskott-Aldrich Syndrome,mmu-miR-676-3p,1.2671736478805542
Kidney Neoplasms,mmu-miR-676-3p,1.267171025276184
Myeloma Bone Disease,hsa-miR-1245b-3p,1.2671699523925781
Pneumonia and Staphylococcal,mmu-miR-676-3p,1.2671626806259155
Interstitial Fibrosis and Renal,mmu-miR-676-3p,1.2671624422073364
Carotid Stenosis,mmu-miR-676-3p,1.267161250114441
Cerebral Hemorrhage,mmu-miR-676-3p,1.2671500444412231
Parkinsonian Disorders,mmu-miR-676-3p,1.2671475410461426
Neoplasms and Multiple Primary,mmu-miR-676-3p,1.2671393156051636
Cardiomyopathy and Dilated and with Left Ventricular Noncompaction,mmu-miR-676-3p,1.267138123512268
Leigh Disease,mmu-miR-676-3p,1.2671364545822144
Selenium Deficiency,mmu-miR-676-3p,1.2671359777450562
Dental Caries,mmu-miR-676-3p,1.2671358585357666
Pain and Inflammatory,mmu-miR-676-3p,1.2671356201171875
Human Herpesvirus 6 encephalitis,mmu-miR-676-3p,1.2671345472335815
Reperfusion Injury and Intestinal Ischemia,mmu-miR-676-3p,1.2671315670013428
Genital Diseases and Male,mmu-miR-676-3p,1.2671284675598145
Papillon-Lefevre Disease,mmu-miR-676-3p,1.267128348350525
Sveinsson Chorioretinal Atrophy,mmu-miR-676-3p,1.2671278715133667
HBV-related cirrhosis,mmu-miR-676-3p,1.2671276330947876
Finnish lethal neonatal metabolic syndrome,mmu-miR-676-3p,1.2671252489089966
Low Back Pain,mmu-miR-676-3p,1.2671231031417847
Primary Graft Dysfunction,mmu-miR-676-3p,1.2671229839324951
von Willebrand Diseases,mmu-miR-676-3p,1.2671223878860474
Sarcoidosis,mmu-miR-676-3p,1.2671180963516235
Hepacivirus,mmu-miR-676-3p,1.267117977142334
Hemangioma and Infantile,mmu-miR-676-3p,1.2671170234680176
Neuroleptic Malignant Syndrome,mmu-miR-676-3p,1.2671165466308594
Exanthema,mmu-miR-676-3p,1.267115592956543
Peri-Implantitis,mmu-miR-676-3p,1.2671151161193848
Alzheimer Disease ,mmu-miR-676-3p,1.2671140432357788
Oral Ulcer,mmu-miR-676-3p,1.2671129703521729
Lip and Hamartomatous,mmu-miR-676-3p,1.2671117782592773
Adrenocortical Carcinoma,mmu-miR-676-3p,1.2671116590499878
Zoonoses,mmu-miR-676-3p,1.2671113014221191
Infertility and Female,mmu-miR-676-3p,1.2671093940734863
Glossitis and Benign Migratory,mmu-miR-676-3p,1.2671079635620117
Leukemia and Prolymphocytic and T-Cell,mmu-miR-676-3p,1.2671074867248535
Diabetic Keratopathy,mmu-miR-676-3p,1.267107367515564
Langer mesomelic dysplasia,mmu-miR-676-3p,1.2671043872833252
Encephalomyelitis and Autoimmune and Experimental,mmu-miR-676-3p,1.2671035528182983
Rhinitis and Allergic and Seasonal,mmu-miR-676-3p,1.2671000957489014
Congenital central hypoventilation syndrome,mmu-miR-676-3p,1.2670996189117432
Retinal Detachment,mmu-miR-676-3p,1.267099380493164
Cleft Lip,mmu-miR-676-3p,1.267099142074585
Myopia,mmu-miR-676-3p,1.2670981884002686
Rhinitis and Allergic,mmu-miR-676-3p,1.2670978307724
Warburg micro syndrome 1,mmu-miR-676-3p,1.2670968770980835
esophageal carcinoma,mmu-miR-676-3p,1.2670936584472656
Pseudarthrosis,mmu-miR-676-3p,1.2670929431915283
Diastrophic dysplasia,mmu-miR-676-3p,1.2670899629592896
Gastric And Colon Cancer,mmu-miR-676-3p,1.2670893669128418
Acute Lung Injury,mmu-miR-676-3p,1.2670880556106567
Brain Injury and Chronic,mmu-miR-676-3p,1.2670823335647583
Alopecia,mmu-miR-676-3p,1.2670693397521973
limb ischemia,mmu-miR-676-3p,1.2670660018920898
Otofaciocervical Syndrome,mmu-miR-676-3p,1.2670637369155884
FG syndrome,mmu-miR-676-3p,1.2670618295669556
Anodontia,mmu-miR-676-3p,1.267060399055481
Anterior Cruciate Ligament Injuries,mmu-miR-676-3p,1.2670552730560303
Meniscus Degeneration,hsa-miR-1245b-3p,1.267054557800293
Infarct-Related Artery Total Occlusion,mmu-miR-676-3p,1.2670512199401855
Turner Syndrome,mmu-miR-676-3p,1.2670351266860962
Sleep Deprivation,mmu-miR-676-3p,1.2670336961746216
Hydrocephalus,mmu-miR-676-3p,1.2670317888259888
Optic atrophy 1 and deafness,hsa-miR-1245b-3p,1.2670214176177979
Siderosis,mmu-miR-676-3p,1.2670202255249023
Erythroblastosis and Fetal,mmu-miR-676-3p,1.267016887664795
Cholestasis and Intrahepatic,mmu-miR-676-3p,1.2670080661773682
Acrodermatitis enteropathica,mmu-miR-676-3p,1.267005205154419
Cryptococcosis,mmu-miR-700-5p,1.2670048475265503
Syphilis and secondary,mmu-miR-676-3p,1.2670047283172607
Oculocutaneous Albinism Type 3,mmu-miR-676-3p,1.2669929265975952
Cerebral Infarction and Acute,mmu-miR-676-3p,1.2669869661331177
Carotid Artery Diseases,mmu-miR-676-3p,1.2669867277145386
Bipolar Disorder,mmu-miR-676-3p,1.266984224319458
Venous Neointimal Hyperplasia,hsa-miR-378f,1.2669802904129028
Papillomavirus Infections,mmu-miR-676-3p,1.2669795751571655
non-alcoholic fatty liver,mmu-miR-676-3p,1.2669775485992432
Coronavirus Infections,mmu-miR-676-3p,1.2669756412506104
Varicose Veins,mmu-miR-676-3p,1.2669724225997925
Hypertension and Pregnancy-Induced,mmu-miR-676-3p,1.2669682502746582
Alveolar echinococcosis,mmu-miR-676-3p,1.2669579982757568
Reperfusion Injury and Testicular Ischemia,hsa-miR-101-5p,1.2667828798294067
Periodontitis and Diabetic,hsa-miR-181b-3p,1.2667324542999268
Myotonic Dystrophy,hsa-miR-340-3p,1.2666778564453125
Lattice corneal dystrophy type 1,hsa-miR-340-3p,1.2666399478912354
Thyroiditis and Subacute,hsa-mir-873,1.2665109634399414
Tibial Neuropathy,hsa-miR-021,1.2665095329284668
Pancreatic Beta-Cell Dysfunction,hsa-miR-021,1.2665077447891235
Vitreoretinopathy and Proliferative,hsa-mir-873,1.2665067911148071
Infant Nutrition Disorders,hsa-mir-873,1.266506314277649
Wiskott-Aldrich Syndrome,hsa-mir-873,1.2665061950683594
Lupus Vasculitis and Central Nervous System,hsa-miR-021,1.2665050029754639
Myasthenia Gravis with Thymus Hyperplasia,hsa-mir-873,1.266503930091858
Hereditary Autoinflammatory Diseases,hsa-miR-021,1.2664992809295654
Lymphoma and Extranodal NK-T-Cell,hsa-mir-873,1.2664945125579834
Pediatric Obesity,hsa-mir-873,1.266493558883667
Arene Oxide Detoxification Defect,hsa-miR-021,1.266493558883667
Leukoplakia and Oral,hsa-mir-873,1.2664934396743774
Typical Teratoid Rhabdoid Tumor,hsa-mir-873,1.2664930820465088
Wound Infection,hsa-miR-021,1.2664927244186401
sporatic amyotrophic lateral sclerosis,hsa-mir-873,1.26649010181427
Esophageal Diseases,hsa-miR-021,1.2664895057678223
Phyllodes Tumor and Breast,hsa-miR-021,1.2664870023727417
Tuberous Sclerosis 1,hsa-mir-873,1.2664839029312134
Hyperpigmentation and Skin,hsa-mir-873,1.266483187675476
uterine corpus endometrial carcinoma,hsa-mir-873,1.2664830684661865
Postoperative Complications,hsa-mir-873,1.2664828300476074
Cholecystitis,hsa-mir-873,1.2664825916290283
Vitamin D Deficiency,hsa-mir-873,1.2664821147918701
White Spot Syndrome Virus  Infection,hsa-mir-873,1.2664813995361328
Carcinoma and Adenoid Cystic,hsa-mir-873,1.2664811611175537
Moebius syndrome 1,hsa-mir-873,1.2664802074432373
Adiposis Dolorosa,hsa-mir-873,1.2664780616760254
Hepatorenal Syndrome,hsa-mir-873,1.2664767503738403
Tuberculosis and Spinal,hsa-mir-873,1.2664742469787598
Thrombocythemia and Essential,hsa-mir-873,1.2664740085601807
Staphylococcal Scalded Skin Syndrome,hsa-mir-873,1.2664737701416016
Bone Diseases,hsa-mir-873,1.266473650932312
Primary Gastrointestinal Diffuse Large B-Cell Lymphoma ,hsa-miR-021,1.2664735317230225
Thromboangiitis Obliterans,hsa-mir-873,1.2664730548858643
Heart Septal Defects and Ventricular,hsa-mir-873,1.266471266746521
Neutropenia,hsa-miR-021,1.2664703130722046
Corneal Injuries,hsa-mir-873,1.2664698362350464
Hypospadias,hsa-mir-873,1.2664685249328613
Pain and Inflammatory,hsa-mir-873,1.2664680480957031
Simian Acquired Immunodeficiency Syndrome,hsa-mir-873,1.2664674520492554
Endometrial Fibrosis,hsa-mir-873,1.2664672136306763
ACTH Syndrome and Ectopic,hsa-mir-873,1.2664660215377808
Periodontal Diseases,hsa-mir-873,1.2664655447006226
Premature Ovarian Aging,hsa-mir-873,1.2664645910263062
Hepatitis A,hsa-mir-873,1.2664622068405151
Elliptocytosis 2,hsa-mir-873,1.2664610147476196
Growth Disorders,hsa-mir-873,1.2664610147476196
Posterior Segment Ocular Diseases,hsa-miR-021,1.2664597034454346
Aortic Diseases,hsa-mir-873,1.2664563655853271
Primary Graft Dysfunction,hsa-mir-873,1.2664556503295898
Pancreatitis,hsa-mir-873,1.2664544582366943
Inflammatory Osteolysis,hsa-mir-873,1.2664542198181152
Cumulative Trauma Disorders,hsa-mir-873,1.2664533853530884
Aneuploidy,hsa-mir-873,1.2664518356323242
Endometrial Hyperplasia,hsa-mir-873,1.2664517164230347
Hypotension,hsa-mir-873,1.266451358795166
Autism Spectrum Disorder,hsa-mir-873,1.2664507627487183
Neuroleptic Malignant Syndrome,hsa-mir-873,1.266448974609375
Wasting Disease and Chronic,hsa-mir-873,1.2664480209350586
Coronary Restenosis,hsa-mir-873,1.2664480209350586
Striatonigral Degeneration,hsa-mir-873,1.2664477825164795
Leukemia and Biphenotypic and Acute,hsa-mir-873,1.2664474248886108
Vascular System Injuries,hsa-mir-873,1.2664469480514526
Ataxia with vitamin E deficiency,hsa-mir-873,1.2664467096328735
Vasospasm and Intracranial and Postoperative,hsa-mir-873,1.2664464712142944
Colorectal Neoplasms and Hereditary Nonpolyposis,hsa-mir-873,1.2664457559585571
Morphine Dependence,hsa-mir-873,1.2664453983306885
Choroidal Melanoma,hsa-mir-873,1.2664446830749512
Choroidal Neovascularization,hsa-mir-873,1.2664446830749512
SHORT syndrome,hsa-mir-873,1.2664445638656616
Malformations of Cortical Development and Group II,hsa-mir-873,1.2664443254470825
Adrenocortical Carcinoma,hsa-mir-873,1.2664440870285034
Sleep Apnea Syndromes,hsa-mir-873,1.2664437294006348
Angelman Syndrome,hsa-mir-873,1.2664434909820557
Prader-Willi Syndrome,hsa-mir-873,1.266443133354187
Seizures and Febrile,hsa-mir-873,1.266442894935608
Hearing Disorders,hsa-mir-873,1.2664419412612915
Glossitis and Benign Migratory,hsa-mir-873,1.2664402723312378
Folliculotropic Mycosis Fungoides,hsa-mir-873,1.266439437866211
Nephrosis and Lipoid,hsa-mir-873,1.2664391994476318
Fibrosarcoma,hsa-mir-873,1.2664387226104736
Hypoxia-Ischemia and Brain,hsa-mir-873,1.2664371728897095
Sensation Disorders,hsa-mir-873,1.2664358615875244
Salpingitis,hsa-mir-873,1.2664333581924438
Neuropathic Lysosomal Storage Diseases,hsa-mir-873,1.2664333581924438
Rhinitis and Allergic,hsa-mir-873,1.266430377960205
Testicular Diseases,hsa-mir-873,1.266430377960205
Dacryocystitis,hsa-mir-873,1.2664300203323364
Polythelia and Familial,hsa-mir-873,1.2664273977279663
Retinal Dystrophies,hsa-mir-873,1.266426920890808
Rosacea,hsa-mir-873,1.2664265632629395
Bicuspid Aortic Valve Disease,hsa-mir-873,1.2664254903793335
Yellow Nail Syndrome,hsa-mir-873,1.2664250135421753
Arthritis,hsa-mir-873,1.2664240598678589
Long Term Adverse Effects,hsa-mir-873,1.2664239406585693
Intracranial Hemorrhages,hsa-mir-873,1.2664231061935425
Clubfoot,hsa-mir-873,1.2664209604263306
Nager acrofacial dysostosis,hsa-mir-873,1.2664196491241455
diarrhea predominant irritable bowel syndrome (IBS-D),hsa-mir-873,1.2664191722869873
Vulvar Neoplasms,hsa-mir-873,1.266416072845459
Aortic Aneurysm,hsa-mir-873,1.266416072845459
Primary Central Nervous System Lymphoma,hsa-mir-873,1.266414999961853
Sensory ataxic neuropathy and dysarthria and and ophthalmoparesis,hsa-mir-873,1.2664148807525635
ovarian carcinoma,hsa-mir-873,1.266414761543274
Human T-Cell Leukemia Virus Type 1 Infections,hsa-miR-021,1.2664134502410889
Pulmonary edema of mountaineers,hsa-mir-873,1.266412615776062
Hypoglycemia and leucine-induced,hsa-mir-873,1.266408920288086
Glima,hsa-mir-873,1.2664088010787964
Mycobacterium Infections and Nontuberculous,hsa-mir-873,1.2664045095443726
Cardiovascular Complications,hsa-mir-873,1.2664024829864502
Pulmonary Eosinophilia,hsa-mir-873,1.2664008140563965
Ear Diseases,hsa-mir-873,1.266398549079895
Otofaciocervical Syndrome,hsa-mir-873,1.2663962841033936
Polyposis Syndrome and Hereditary Mixed and 1,hsa-miR-021,1.2663941383361816
Carcinoma and Merkel Cell,hsa-mir-873,1.266391396522522
IgA Vasculitis,hsa-miR-4444,1.2663894891738892
Weight Loss,hsa-mir-873,1.266389012336731
Placental Insufficiency,hsa-mir-873,1.2663859128952026
Adrenocortical Adenoma,hsa-miR-021,1.2663841247558594
Aphasia and Primary Progressive,hsa-mir-873,1.266377329826355
Scleral Diseases,hsa-miR-021,1.2663731575012207
Neurosyphilis,hsa-mir-873,1.2663729190826416
Meningitis and Fungal,hsa-mir-873,1.2663708925247192
Hemorrhoids,hsa-mir-873,1.2663706541061401
Optic atrophy 1 and deafness,hsa-miR-021,1.2663530111312866
Opioid-Related Disorders,hsa-mir-873,1.2663508653640747
Pleuropulmonary blastoma,hsa-mir-873,1.2663483619689941
Leukemia and Acute,hsa-mir-873,1.2663466930389404
Oophoritis,hsa-mir-873,1.266340970993042
Shoulder Injuries,hsa-mir-873,1.2663397789001465
Asymptomatic Infections,hsa-mir-873,1.26633882522583
Leukemia and Monocytic and Acute,hsa-mir-873,1.2663382291793823
Polycythemia,hsa-mir-873,1.266337275505066
Heart Failure and Systolic,hsa-mir-873,1.2663366794586182
hyperekplexia 1,hsa-mir-873,1.2663363218307495
Rotator Cuff,hsa-mir-873,1.2663358449935913
Prosthesis Failure,hsa-mir-873,1.2663354873657227
Rabies,hsa-mir-873,1.2663347721099854
Hemangioma and Cavernous,hsa-mir-873,1.2663341760635376
Liver Failure and Acute,hsa-mir-873,1.2663320302963257
Wiskott-Aldrich Syndrome,hsa-miR-450a-5p,1.266329288482666
Oculocutaneous Albinism Type 3,hsa-mir-873,1.2663254737854004
Erectile Dysfunction,hsa-mir-873,1.266324520111084
Ichthyosis and Lamellar,hsa-mir-873,1.2663242816925049
Arbovirus Infections,hsa-mir-873,1.2663240432739258
Neurodevelopmental Disorders,hsa-miR-450a-5p,1.2663239240646362
Stiff-Person Syndrome,hsa-miR-450a-5p,1.266321063041687
Cerebral Infarction and Acute,hsa-mir-873,1.2663196325302124
Prolactinoma,hsa-mir-873,1.2663154602050781
Pulmonary Veno-Occlusive Disease,hsa-mir-873,1.2663145065307617
sporatic amyotrophic lateral sclerosis,hsa-miR-450a-5p,1.2663133144378662
Abortion and Spontaneous,hsa-miR-450a-5p,1.2663127183914185
Upper Tract Urothelial Carcinoma,hsa-mir-873,1.266311764717102
Muscular Dystrophy and Facioscapulohumeral,hsa-mir-873,1.2663110494613647
Paget Disease and Extramammary,hsa-mir-873,1.266309142112732
Hyperlipoproteinemia Type III,hsa-mir-873,1.266308307647705
Hyperpigmentation and Skin,hsa-miR-450a-5p,1.2663062810897827
Cholecystitis,hsa-miR-450a-5p,1.2663060426712036
Hypertension and Renal,hsa-mir-873,1.266304850578308
Malnutrition,hsa-miR-450a-5p,1.266303539276123
Parkinsonian Disorders,hsa-miR-450a-5p,1.2663030624389648
Leukemia and Myeloid,hsa-miR-450a-5p,1.2663030624389648
mitochondrial DNA depletion syndrome 4b,hsa-miR-450a-5p,1.2663018703460693
Facial Nerve Injuries,hsa-miR-450a-5p,1.2663015127182007
Ossification of Posterior Longitudinal Ligament,hsa-mir-873,1.2663012742996216
Xerostomia,hsa-mir-873,1.2663010358810425
Hypertension and Pregnancy-Induced,hsa-mir-873,1.2663004398345947
Hepatorenal Syndrome,hsa-miR-450a-5p,1.2662999629974365
Ethylmalonic encephalopathy,hsa-mir-873,1.2662992477416992
Quadruple Negative Breast Cancer,hsa-mir-873,1.2662980556488037
Glycogen Storage Disease Type VI,hsa-miR-450a-5p,1.2662973403930664
Diabetic Retinopathy ,hsa-miR-450a-5p,1.2662972211837769
Thromboangiitis Obliterans,hsa-miR-450a-5p,1.2662965059280396
Meniere Disease,hsa-miR-450a-5p,1.2662956714630127
Cardiomyopathy and Dilated and with Left Ventricular Noncompaction,hsa-miR-450a-5p,1.2662935256958008
Laryngeal Papilloma,hsa-miR-450a-5p,1.266292929649353
Bovine Virus Diarrhea-Mucosal Disease,hsa-miR-450a-5p,1.266292929649353
Corneal Injuries,hsa-miR-450a-5p,1.2662928104400635
Wound Healing,hsa-miR-450a-5p,1.2662923336029053
Mast Cell Tumors,hsa-miR-450a-5p,1.2662919759750366
Periodontal Diseases,hsa-miR-450a-5p,1.2662887573242188
Premature Ovarian Aging,hsa-miR-450a-5p,1.2662878036499023
Alopecia Areata,hsa-mir-873,1.2662873268127441
brachydactyly type D,hsa-miR-450a-5p,1.2662829160690308
Sepsis Induced Liver Injury,hsa-miR-450a-5p,1.266281008720398
DNA Repair-Deficiency Disorders,hsa-miR-450a-5p,1.266280174255371
Halal syndrome,hsa-miR-450a-5p,1.2662783861160278
Ataxia Neuropathy Spectrum,hsa-miR-450a-5p,1.2662781476974487
Pancreatitis,hsa-miR-450a-5p,1.26627779006958
Hematologic Neoplasms,hsa-miR-450a-5p,1.26627779006958
Distal myopathy and Nonaka type,hsa-miR-450a-5p,1.2662767171859741
Mitochondrial Diseases,hsa-miR-450a-5p,1.2662757635116577
Cervical Intraepithelial Neoplasia,hsa-miR-450a-5p,1.2662756443023682
Autism Spectrum Disorder,hsa-miR-450a-5p,1.266273856163025
Hyperalgesia,hsa-miR-450a-5p,1.2662729024887085
Hemangioma and Infantile,hsa-miR-450a-5p,1.2662725448608398
Neuroleptic Malignant Syndrome,hsa-miR-450a-5p,1.2662720680236816
Cleidocranial Dysplasia,hsa-miR-450a-5p,1.2662708759307861
Striatonigral Degeneration,hsa-miR-450a-5p,1.2662707567214966
Leukemia and Myelomonocytic and Chronic,hsa-miR-450a-5p,1.2662699222564697
Vasospasm and Intracranial and Postoperative,hsa-miR-450a-5p,1.266269564628601
Malformations of Cortical Development and Group II,hsa-miR-450a-5p,1.2662676572799683
Gastritis and Hypertrophic,hsa-miR-450a-5p,1.2662667036056519
Meibomian Gland Carcinoma  ,hsa-miR-450a-5p,1.266266107559204
High Grade Ovarian Neoplasms,hsa-miR-450a-5p,1.2662659883499146
Thymic epithelial tumor,hsa-miR-450a-5p,1.2662633657455444
Spermatic Cord Torsion,hsa-miR-450a-5p,1.2662619352340698
Amyloidosis,hsa-mir-873,1.2662619352340698
Fibrosarcoma,hsa-miR-450a-5p,1.2662616968154907
Hepatitis C and Chronic,hsa-miR-450a-5p,1.2662605047225952
Hcv Associated Disorders,hsa-miR-450a-5p,1.266258716583252
Respiratory Syncytial Virus Infections,hsa-miR-450a-5p,1.2662568092346191
Psoriasis,hsa-miR-450a-5p,1.266256332397461
Infections,hsa-miR-450a-5p,1.2662559747695923
Retinal Detachment,hsa-miR-450a-5p,1.2662550210952759
 Equine Hepacivirus Infections,hsa-miR-450a-5p,1.2662533521652222
Coronary Artery Calcification,hsa-miR-450a-5p,1.266253113746643
Phenylketonurias,hsa-miR-450a-5p,1.266252875328064
Cleft Lip,hsa-miR-450a-5p,1.2662510871887207
Adenocarcinoma,hsa-miR-450a-5p,1.2662508487701416
Bicuspid Aortic Valve Disease,hsa-miR-450a-5p,1.2662487030029297
Osteoporotic Fracture and Tibial,hsa-miR-450a-5p,1.2662466764450073
Growth Hormone-Secreting Pituitary Adenoma,hsa-miR-450a-5p,1.2662465572357178
Chromate Resistance,hsa-miR-450a-5p,1.2662461996078491
Hyperostosis,hsa-miR-450a-5p,1.2662458419799805
Nager acrofacial dysostosis,hsa-miR-450a-5p,1.2662426233291626
Meningioma,hsa-miR-450a-5p,1.2662421464920044
Cushing Syndrome,hsa-miR-450a-5p,1.266241192817688
Cardiomyopathy dilated with woolly hair and keratoderma,hsa-miR-450a-5p,1.2662391662597656
Bacterial Infections,hsa-miR-450a-5p,1.2662382125854492
Encephalomyelitis and Western Equine,hsa-miR-450a-5p,1.2662373781204224
GATA2 Deficiency,hsa-miR-450a-5p,1.2662370204925537
Vascular Calcification,hsa-miR-450a-5p,1.266234278678894
rippling muscle disease 1,hsa-miR-450a-5p,1.266233205795288
Neurofibroma and Plexiform,hsa-miR-450a-5p,1.266233205795288
Mandibulofacial Dysostosis,hsa-miR-450a-5p,1.2662312984466553
Premature Ejaculation,hsa-miR-450a-5p,1.2662309408187866
Papilloma and Choroid Plexus,hsa-miR-450a-5p,1.2662267684936523
Tuberculosis and Meningeal,hsa-miR-450a-5p,1.2662183046340942
Carcinoma and Cutaneous and Squamous Cell,hsa-miR-450a-5p,1.2662171125411987
Psychotic Disorders,hsa-miR-450a-5p,1.2662168741226196
Azoospermia and Nonobstructive,hsa-miR-450a-5p,1.2662098407745361
Spinal Cord Diseases,hsa-miR-450a-5p,1.2662080526351929
Endocrine System Diseases,hsa-miR-450a-5p,1.2662070989608765
Meningitis and Fungal,hsa-miR-450a-5p,1.2661939859390259
Vitamin B Deficiency,hsa-miR-450a-5p,1.2661795616149902
Urinary Calculi,hsa-miR-433,1.2661683559417725
Poisoning,hsa-miR-450a-5p,1.26616632938385
Acute Coronary Syndrome ,hsa-miR-450a-5p,1.2661656141281128
Propofol Infusion Syndrome,hsa-miR-450a-5p,1.2661617994308472
Arteriosclerosis,hsa-miR-450a-5p,1.2661566734313965
Myositis,hsa-miR-450a-5p,1.26615571975708
Hip Dislocation and Congenital,hsa-miR-450a-5p,1.2661552429199219
Hepatic Veno-Occlusive Disease,hsa-miR-450a-5p,1.2661513090133667
HTLV-II Infections,hsa-miR-450a-5p,1.2661503553390503
Fatty Liver,hsa-miR-450a-5p,1.2661466598510742
Incontinentia Pigmenti,hsa-miR-450a-5p,1.2661458253860474
Cholangitis and Biliary and Primary,hsa-miR-450a-5p,1.2661457061767578
Heroin Dependence,hsa-miR-450a-5p,1.266143798828125
Digestive System Diseases,hsa-miR-450a-5p,1.2661406993865967
White Dot Syndromes,hsa-miR-450a-5p,1.2661397457122803
Lung Carcinoid,hsa-miR-450a-5p,1.266136884689331
Rectal Diseases,hsa-miR-450a-5p,1.2661367654800415
Tibial Neuropathy,hsa-miR-433,1.2661361694335938
Upper Tract Urothelial Carcinoma,hsa-miR-450a-5p,1.2661349773406982
Coronavirus Infections,hsa-miR-450a-5p,1.2661314010620117
Neoplastic Cells and Circulating,hsa-miR-450a-5p,1.2661288976669312
Periapical Diseases,hsa-miR-450a-5p,1.2661120891571045
Polyposis Syndrome and Hereditary Mixed and 1,hsa-miR-3658,1.2661042213439941
Posterior Segment Ocular Diseases,hsa-miR-433,1.2660863399505615
Premature Birth,hsa-miR-4492,1.2659273147583008
Primary Gastrointestinal Diffuse Large B-Cell Lymphoma ,hsa-miR-1826,1.2658791542053223
Edema,hsa-miR-1826,1.2658041715621948
N acetyltransferase deficiency,hsa-miR-4456,1.2656992673873901
Abnormalities and Multiple,hsa-miR-4456,1.2656936645507812
Renal Tubular Oxidative Injury,hsa-miR-4456,1.2656919956207275
Adrenocortical Carcinoma and Pediatric,hsa-miR-4456,1.2656834125518799
Glucose Intolerance,hsa-miR-4456,1.2656829357147217
Leg Ulcer,hsa-miR-4456,1.265682339668274
Chronic Pain,hsa-miR-4456,1.2656804323196411
Pediatric Cystic Fibrosis,hsa-miR-4456,1.265680193901062
Hypocalciuric hypercalcemia and familial and type 1,hsa-miR-4456,1.2656790018081665
Cystadenocarcinoma and Serous and Endometrial,hsa-miR-4456,1.2656786441802979
Hearing Loss and Unilateral,hsa-miR-4456,1.2656773328781128
sporatic amyotrophic lateral sclerosis,hsa-miR-4456,1.2656763792037964
Familial primary gastric lymphoma,hsa-miR-4456,1.2656738758087158
Leukokeratosis and Hereditary Mucosal,hsa-miR-4456,1.2656723260879517
Acute Coronary Syndrome and Non-St  Elevation,hsa-miR-4456,1.2656710147857666
Hyperpigmentation and Skin,hsa-miR-4456,1.2656694650650024
Postoperative Complications,hsa-miR-4456,1.2656692266464233
Adenomatous Polyposis Coli,hsa-miR-4456,1.265667200088501
Brain Ischemia and Acute,hsa-miR-4456,1.2656669616699219
mitochondrial DNA depletion syndrome 4b,hsa-miR-4456,1.265665054321289
Thyroid Carcinoma and Anaplastic,hsa-miR-4456,1.2656646966934204
Adiposis Dolorosa,hsa-miR-4456,1.2656643390655518
Distal arthrogryposis type 2B,hsa-miR-4456,1.2656638622283936
Synucleinopathies,hsa-miR-4456,1.2656633853912354
Hepatorenal Syndrome,hsa-miR-4456,1.2656631469726562
Diabetic Retinopathy ,hsa-miR-4456,1.265660285949707
Arthritis and Juvenile,hsa-miR-4456,1.2656599283218384
Neuroendocrine Tumors,hsa-miR-4456,1.2656596899032593
Keratoconus,hsa-miR-4456,1.2656588554382324
primary biliary cholangitis 1,hsa-miR-4456,1.2656582593917847
Neoplasms and Multiple Primary,hsa-miR-4456,1.2656582593917847
Noonan syndrome-like disorder with loose anagen hair,hsa-miR-4456,1.2656573057174683
Hepatopulmonary Syndrome,hsa-miR-4456,1.2656546831130981
Reperfusion Injury and Testicular Ischemia,hsa-miR-323b-3p,1.265654444694519
Li-Fraumeni syndrome 1,hsa-miR-4456,1.2656539678573608
Human Herpesvirus 6 encephalitis,hsa-miR-4456,1.2656534910202026
Endometrial Fibrosis,hsa-miR-4456,1.2656534910202026
Adenocarcinoma and Follicular,hsa-miR-4456,1.2656530141830444
Angina and Unstable,hsa-miR-4456,1.2656528949737549
ACTH Syndrome and Ectopic,hsa-miR-4456,1.2656524181365967
Cerebral Intraventricular Hemorrhage,hsa-miR-4456,1.265651822090149
Premature Ovarian Aging,hsa-miR-4456,1.2656508684158325
Viral Respiratory Infections,hsa-miR-4456,1.2656506299972534
Dehydration,hsa-miR-4456,1.2656490802764893
Elliptocytosis 2,hsa-miR-4456,1.2656474113464355
low grade glioma,hsa-miR-4456,1.2656461000442505
Dmd-Associated Dilated Cardiomyopathy,hsa-miR-4456,1.2656437158584595
Mite Infestations,hsa-miR-4456,1.26564359664917
Welander distal myopathy and Swedish type,hsa-miR-4456,1.2656426429748535
Oral Submucous Fibrosis,hsa-miR-4456,1.2656424045562744
Ataxia Neuropathy Spectrum,hsa-miR-4456,1.265641212463379
Hematologic Neoplasms,hsa-miR-4456,1.2656410932540894
Nephritis,hsa-miR-4456,1.2656408548355103
Hemoglobinopathies,hsa-miR-4456,1.2656408548355103
Distal myopathy and Nonaka type,hsa-miR-4456,1.2656399011611938
Status Epilepticus,hsa-miR-4456,1.2656395435333252
Mitochondrial Diseases,hsa-miR-4456,1.2656391859054565
Encephalomyelitis and Enzootic Porcine,hsa-miR-4456,1.265639066696167
Airway Inflammation,hsa-miR-4456,1.2656389474868774
Necrosis,hsa-miR-4456,1.2656378746032715
Exudative Vitreoretinopathy 4,hsa-miR-4456,1.2656375169754028
Infarction,hsa-miR-4456,1.2656371593475342
Heart Septal Defects and Atrial,hsa-miR-4456,1.2656368017196655
Tracheal Diseases,hsa-miR-4456,1.2656365633010864
Rupture,hsa-miR-4456,1.2656363248825073
Coronary Restenosis,hsa-miR-4456,1.265634536743164
Ataxia with vitamin E deficiency,hsa-miR-4456,1.265633225440979
Vasospasm and Intracranial and Postoperative,hsa-miR-4456,1.2656327486038208
Colorectal Neoplasms and Hereditary Nonpolyposis,hsa-miR-4456,1.2656322717666626
Staphylococcal Infections,hsa-miR-4456,1.265632152557373
Hemochromatosis,hsa-miR-4456,1.2656316757202148
Dwarfism,hsa-miR-4456,1.2656307220458984
Hearing Disorders,hsa-miR-4456,1.265628457069397
Multicystic renal dysplasia and bilateral,hsa-miR-4456,1.2656283378601074
skin melanoma,hsa-miR-4456,1.2656282186508179
Poorly Differentiated Thyroid Gland Carcinoma,hsa-miR-4456,1.2656259536743164
Cystic Fibrosis,hsa-miR-4456,1.2656258344650269
salivary gland mucoepidermoid carcinoma,hsa-miR-4456,1.265625
Acute Lymphocytic Leukemia and B-Cell,hsa-miR-4456,1.2656238079071045
Langer mesomelic dysplasia,hsa-miR-4456,1.2656230926513672
Viral Myocarditis,hsa-miR-4456,1.2656227350234985
Hcv Associated Disorders,hsa-miR-4456,1.2656219005584717
Gastritis and Pediatric,hsa-miR-4456,1.2656214237213135
Atrial Premature Complexes,hsa-miR-4456,1.2656203508377075
Infant and Newborn and Diseases,hsa-miR-4456,1.2656199932098389
Cerebral Hemorrhage and Spontaneous,hsa-miR-4456,1.2656199932098389
Infections,hsa-miR-4456,1.2656192779541016
Rhinitis and Allergic and Seasonal,hsa-miR-4456,1.2656188011169434
Collagen Diseases,hsa-miR-4456,1.2656184434890747
Takayasu Arteritis,hsa-miR-4456,1.2656170129776
 Equine Hepacivirus Infections,hsa-miR-4456,1.265616536140442
Cystitis and Interstitial,hsa-miR-4456,1.2656159400939941
Phenylketonurias,hsa-miR-4456,1.2656159400939941
Warburg micro syndrome 1,hsa-miR-4456,1.2656158208847046
Eunuchism,hsa-miR-4456,1.2656142711639404
Cleft Lip,hsa-miR-4456,1.2656141519546509
Tendinopathy,hsa-miR-4492,1.2656135559082031
Syphilis,hsa-miR-4456,1.265613317489624
gastric cardia adenocarcinoma,hsa-miR-4456,1.265613079071045
Hypertensive  Disorder Complicating Pregnancy,hsa-miR-4456,1.265613079071045
Barrett Esophagus,hsa-miR-4456,1.2656127214431763
esophageal carcinoma,hsa-miR-4456,1.2656126022338867
Bicuspid Aortic Valve Disease,hsa-miR-4456,1.265612006187439
Shock and Hemorrhagic,hsa-miR-4456,1.2656118869781494
Reperfusion Injury and Pulmonary Ischemia,hsa-miR-4456,1.2656112909317017
Frontonasal dysplasia,hsa-miR-4456,1.265611171722412
Intestinal Neoplasms,hsa-miR-4456,1.265609860420227
Obesity and Abdominal,hsa-miR-4456,1.2656081914901733
Lymphoma and Natural   Killer/T-Cell,hsa-miR-4456,1.2656071186065674
Pulmonary Edema,hsa-miR-4456,1.2656038999557495
External Auditory Canal Squamous Cell Carcinoma,hsa-miR-4456,1.2656028270721436
Aortic Aneurysm,hsa-miR-4456,1.265602469444275
Brain Injury and Chronic,hsa-miR-4456,1.2656012773513794
Hemangioma,hsa-miR-4456,1.2656009197235107
Movement Disorders,hsa-miR-4456,1.2656009197235107
Acute Aortic   Dissection,hsa-miR-4456,1.2656009197235107
Reinjuries,hsa-miR-4456,1.2656004428863525
Liver Failure,hsa-miR-4456,1.2655993700027466
Lymphoma and T-Cell,hsa-mir-8080,1.265598177909851
Bronchial Hyperreactivity,hsa-miR-4456,1.2655971050262451
Colorectal   Adenocarcinoma,hsa-miR-4456,1.2655969858169556
Syphilis and primary,hsa-miR-4456,1.2655956745147705
Urothelial   Carcinoma,hsa-miR-4456,1.2655948400497437
Premature Ejaculation,hsa-miR-4456,1.265594244003296
Venous Thromboembolism,hsa-miR-4456,1.2655919790267944
Ankle Fractures,hsa-miR-4456,1.2655892372131348
Cardiovascular Complications,hsa-miR-4456,1.2655888795852661
Alopecia,hsa-miR-4456,1.2655881643295288
Pituitary Diseases,hsa-miR-4456,1.2655861377716064
Bk Virus Infections,hsa-miR-4456,1.2655847072601318
Cartilage Degradation,hsa-miR-4456,1.2655837535858154
Toxoplasmosis and Ocular,hsa-miR-4456,1.2655824422836304
Tuberculosis and Meningeal,hsa-miR-4456,1.265581727027893
Rhegmatogenous Retinal Detachment and Autosomal Dominant,hsa-miR-4456,1.265579342842102
Reflex Sympathetic Dystrophy,hsa-miR-4456,1.265579342842102
Weight Loss,hsa-miR-4456,1.2655752897262573
Anterior Cruciate Ligament Injuries,hsa-miR-4456,1.2655740976333618
Conjunctivitis and Allergic,hsa-miR-4456,1.265572428703308
Spinal Cord Diseases,hsa-miR-4456,1.2655712366104126
Nonsyndromic sensorineural hearing loss,hsa-miR-4456,1.265570878982544
Focal Infection,hsa-miR-4456,1.2655707597732544
Infarct-Related Artery Total Occlusion,hsa-miR-4456,1.2655701637268066
Dermatitis and Allergic Contact,hsa-miR-4456,1.2655696868896484
Hypersensitivity and Immediate,hsa-miR-4456,1.2655692100524902
Carcinogenesis,hsa-miR-4456,1.2655659914016724
Graves Ophthalmopathy,hsa-miR-4456,1.2655607461929321
Brain Ischemia ,hsa-miR-4456,1.265552282333374
Lumbar Radicular Pain,hsa-miR-4456,1.2655521631240845
Tibial Neuropathy,hsa-miR-103-as,1.2655507326126099
Brucellosis and Bovine,hsa-miR-4456,1.2655490636825562
Atrophy,hsa-miR-4456,1.2655484676361084
Extra-Hepatic Portal Venous  Obstruction ,hsa-miR-4456,1.2655470371246338
Lupus Vasculitis and Central Nervous System,hsa-miR-103-as,1.265546202659607
Microphthalmos,hsa-miR-4456,1.265546202659607
Vitamin B Deficiency,hsa-miR-4456,1.265542984008789
Thymus Neoplasms,hsa-miR-4456,1.2655410766601562
Hepatoblastoma,hsa-miR-4456,1.265540361404419
Siderosis,hsa-miR-4456,1.2655390501022339
Leukemia and Myeloid and Accelerated Phase,hsa-miR-4456,1.265537977218628
Arene Oxide Detoxification Defect,hsa-miR-103-as,1.2655346393585205
Mycobacterium avium-intracellulare Infection,hsa-miR-4456,1.265534520149231
Urinary Incontinence and Stress,hsa-miR-103-as,1.2655341625213623
late onset Parkinson's disease,hsa-miR-4456,1.265533208847046
Blast Crisis,hsa-miR-4456,1.2655314207077026
Ventricular Remodeling,hsa-miR-4456,1.2655295133590698
Heart Injuries,hsa-miR-4456,1.2655293941497803
Rectal Prolapse,hsa-miR-4456,1.265528917312622
Adenine phosphoribosyltransferase deficiency,hsa-miR-4456,1.2655285596847534
frontotemporal dementia,hsa-miR-4456,1.2655278444290161
Lipodystrophy and Partial and Acquired,hsa-miR-4456,1.2655259370803833
Propofol Infusion Syndrome,hsa-miR-4456,1.2655251026153564
Bronchiectasis With Or Without Elevated Sweat Chloride 1,hsa-miR-4456,1.2655245065689087
Arteriosclerosis,hsa-miR-4456,1.2655199766159058
Hair Diseases,hsa-miR-4456,1.2655198574066162
vulva squamous cell carcinoma,hsa-miR-4456,1.2655198574066162
Rubella Syndrome and Congenital,hsa-miR-4456,1.2655194997787476
Myositis,hsa-miR-4456,1.2655189037322998
Multiple Chronic Conditions,hsa-miR-4456,1.265518307685852
Myeloproliferative Disorder and Chronic and with Eosinophilia,hsa-miR-4456,1.2655175924301147
ABCD syndrome,hsa-miR-4456,1.2655171155929565
Eclampsia,hsa-miR-4456,1.265516757965088
Microvascular Obstruction,hsa-miR-4456,1.2655129432678223
Sexual Dysfunctions and Psychological,hsa-miR-4456,1.2655119895935059
Erectile Dysfunction,hsa-miR-4456,1.2655109167099
Ichthyosis and Lamellar,hsa-miR-4456,1.2655106782913208
Brucellosis,hsa-miR-4456,1.2655091285705566
Cerebral Infarction and Acute,hsa-miR-4456,1.2655057907104492
Hypogonadism,hsa-miR-4456,1.2655054330825806
Digestive System Diseases,hsa-miR-4456,1.2655038833618164
Foot Ulcer,hsa-miR-4456,1.265501618385315
Lung Carcinoid,hsa-miR-4456,1.2655000686645508
Muscular Dystrophy and Facioscapulohumeral,hsa-miR-4456,1.2654975652694702
Tongue Neoplasms,hsa-miR-4456,1.2654963731765747
non-alcoholic fatty liver,hsa-miR-4456,1.2654961347579956
Protein-Losing Enteropathies,hsa-miR-4456,1.265496015548706
Salivary Gland Pleomorphic Adenoma,hsa-miR-4456,1.265494704246521
Varicose Veins,hsa-miR-4456,1.265491247177124
spondyloepimetaphyseal dysplasia and Strudwick type,hsa-miR-4456,1.2654902935028076
Hepatitis E,hsa-miR-4456,1.2654848098754883
Cystoid Macular Edema and Diabetic,hsa-miR-4456,1.2654848098754883
Quadruple Negative Breast Cancer,hsa-miR-4456,1.2654845714569092
Blood Platelet Disorders,hsa-miR-4456,1.2654820680618286
Brugada Syndrome,hsa-miR-103-as,1.2654794454574585
Hypertriglyceridemia,hsa-miR-4456,1.2654728889465332
Amyloidosis,hsa-miR-4456,1.2654483318328857
Chromosome Duplication,hsa-miR-4444,1.2654306888580322
thyroid gland Hurthle cell carcinoma,hsa-miR-103-as,1.2654216289520264
Amebiasis,hsa-miR-103-as,1.2654132843017578
Intermittent Claudication,hsa-miR-1245a,1.2653615474700928
Nevus and Halo,hsa-mir-873,1.265356421470642
Periodontitis and Diabetic,hsa-miR-3065-5p,1.265280842781067
Chorioamnionitis,mmu-miR-692,1.2652806043624878
Angioedemas and Hereditary,hsa-miR-3065-5p,1.2652084827423096
Hemorrhagic Fever and Ebola,mmu-miR-743a,1.2651631832122803
Sleep Initiation and Maintenance Disorders,mmu-miR-743a,1.2651631832122803
Infant Nutrition Disorders,mmu-miR-743a,1.2651563882827759
Kidney Neoplasms,mmu-miR-743a,1.2651536464691162
Liver Diseases and Alcoholic,mmu-miR-743a,1.265153408050537
Neurodevelopmental Disorders,mmu-miR-743a,1.265151023864746
Werner Syndrome,mmu-miR-743a,1.2651492357254028
Obstetric Labor Complications,mmu-miR-743a,1.265147089958191
Typical Teratoid Rhabdoid Tumor,mmu-miR-743a,1.2651429176330566
sporatic amyotrophic lateral sclerosis,mmu-miR-743a,1.2651400566101074
Meningitis and Bacterial,mmu-miR-743a,1.2651357650756836
Acute Coronary Syndrome and Non-St  Elevation,mmu-miR-743a,1.2651346921920776
Hyperpigmentation and Skin,mmu-miR-743a,1.2651333808898926
Pars Planitis,mmu-miR-743a,1.2651327848434448
Borna Disease,mmu-miR-743a,1.2651327848434448
torsion dystonia 1,mmu-miR-743a,1.265131950378418
Leukemia and Myeloid,mmu-miR-743a,1.2651300430297852
Hematoma and Subdural and Chronic,mmu-miR-743a,1.2651290893554688
Brain Neoplasms,mmu-miR-743a,1.265124797821045
Blood Coagulation Disorders,mmu-miR-743a,1.2651244401931763
Glycogen Storage Disease Type VI,mmu-miR-743a,1.2651243209838867
Tuberculosis and Spinal,mmu-miR-743a,1.2651242017745972
Diabetic Retinopathy ,mmu-miR-743a,1.2651242017745972
Thrombocythemia and Essential,mmu-miR-743a,1.2651240825653076
Keratoconus,mmu-miR-743a,1.265122652053833
Platelet Storage Lesion,mmu-miR-743a,1.2651221752166748
primary biliary cholangitis 1,mmu-miR-743a,1.2651219367980957
Heart Septal Defects and Ventricular,mmu-miR-743a,1.265121579170227
Laryngeal Papilloma,mmu-miR-743a,1.265120029449463
Mast Cell Tumors,mmu-miR-743a,1.265118956565857
Dental Caries,mmu-miR-743a,1.2651184797286987
Pain and Inflammatory,mmu-miR-743a,1.2651180028915405
Niemann-Pick disease type C1,mmu-miR-743a,1.2651162147521973
ACTH Syndrome and Ectopic,mmu-miR-743a,1.2651160955429077
Microscopic Polyangiitis,mmu-miR-743a,1.2651147842407227
Drug Hypersensitivity,mmu-miR-743a,1.2651126384735107
Genital Diseases and Female,mmu-miR-743a,1.265112280845642
Low Tension Glaucoma,mmu-miR-743a,1.2651114463806152
Elliptocytosis 2,mmu-miR-743a,1.2651112079620361
low grade glioma,mmu-miR-743a,1.265109896659851
Autoimmune polyendocrinopathy syndrome and type 1,mmu-miR-743a,1.2651095390319824
Osteoarthropathy and Primary Hypertrophic,mmu-miR-743a,1.2651093006134033
Alcohol Induced Neurogenic Inflammation,mmu-miR-743a,1.2651069164276123
Welander distal myopathy and Swedish type,mmu-miR-743a,1.2651063203811646
Low Back Pain,mmu-miR-743a,1.2651056051254272
Inflammatory Osteolysis,mmu-miR-743a,1.2651042938232422
mucinous cystadenocarcinoma of pancreas,mmu-miR-743a,1.2651035785675049
Cervical Intraepithelial Neoplasia,mmu-miR-743a,1.2651026248931885
Chronic Disease,mmu-miR-743a,1.2651022672653198
Chronic Gastritis,mmu-miR-743a,1.2651020288467407
Colonic Polyps,mmu-miR-743a,1.265100121498108
Central Nervous System Bacterial Infections,mmu-miR-743a,1.2650994062423706
Pain and Postoperative,mmu-miR-743a,1.265099048614502
Glomus Tumor,mmu-miR-743a,1.2650988101959229
Uremia,mmu-miR-743a,1.265098214149475
Exanthema,mmu-miR-743a,1.2650980949401855
Coronary Restenosis,mmu-miR-743a,1.2650980949401855
Wasting Disease and Chronic,mmu-miR-743a,1.2650980949401855
Parasitic Diseases,mmu-miR-743a,1.2650970220565796
Vascular System Injuries,mmu-miR-743a,1.2650967836380005
Palatal Neoplasms,mmu-miR-743a,1.2650957107543945
Hemochromatosis,mmu-miR-743a,1.2650954723358154
MPTP Poisoning,mmu-miR-743a,1.2650943994522095
Angelman Syndrome,mmu-miR-743a,1.2650936841964722
Cerebral Cortical Thinning,mmu-miR-743a,1.2650935649871826
Neoplasm and Residual,mmu-miR-743a,1.2650929689407349
Hind Limb Ischemia,mmu-miR-743a,1.2650926113128662
Giant Cell Arteritis,mmu-miR-743a,1.2650920152664185
Diabetic Keratopathy,mmu-miR-743a,1.2650898694992065
Folliculotropic Mycosis Fungoides,mmu-miR-743a,1.2650893926620483
polycystic kidney disease 3,mmu-miR-743a,1.2650889158248901
salivary gland mucoepidermoid carcinoma,mmu-miR-743a,1.265088677406311
Spermatic Cord Torsion,mmu-miR-743a,1.265088677406311
Cirrhotic Cardiomyopathy,mmu-miR-743a,1.265088438987732
Bronchopulmonary Dysplasia,mmu-miR-743a,1.2650877237319946
Acute Lymphocytic Leukemia and B-Cell,mmu-miR-743a,1.265087604522705
Rett Syndrome,mmu-miR-743a,1.2650867700576782
Viral Myocarditis,mmu-miR-743a,1.26508629322052
Pleural Effusion and Malignant,mmu-miR-743a,1.2650851011276245
Larva Migrans and Visceral,mmu-miR-743a,1.2650837898254395
Infant and Newborn and Diseases,mmu-miR-743a,1.2650837898254395
Salpingitis,mmu-miR-743a,1.2650834321975708
Reperfusion Injury and Hepatic Ischemia,mmu-miR-743a,1.2650833129882812
Collagen Diseases,mmu-miR-743a,1.2650821208953857
Acromegaly,mmu-miR-743a,1.265081763267517
Cachexia,mmu-miR-743a,1.2650809288024902
Myopia,mmu-miR-743a,1.2650805711746216
Bronchiolitis Obliterans,mmu-miR-743a,1.265080213546753
Lissencephaly,mmu-miR-743a,1.2650798559188843
Carcinoma and Small Cell,mmu-miR-743a,1.265079379081726
Post-Dural Puncture Headache,mmu-miR-743a,1.2650779485702515
Eunuchism,mmu-miR-743a,1.2650779485702515
Cleft Lip,mmu-miR-743a,1.2650779485702515
Polymyositis,mmu-miR-743a,1.2650773525238037
Hypertensive  Disorder Complicating Pregnancy,mmu-miR-743a,1.265076756477356
esophageal carcinoma,mmu-miR-743a,1.2650762796401978
paramyotonia congenita of Von Eulenburg,mmu-miR-743a,1.265075445175171
Yellow Nail Syndrome,mmu-miR-743a,1.2650753259658813
Bone Diseases and Metabolic,mmu-miR-743a,1.2650744915008545
Intestinal Neoplasms,mmu-miR-743a,1.2650736570358276
Osteoporotic Fracture and Tibial,mmu-miR-743a,1.265073299407959
Hyperostosis,mmu-miR-743a,1.2650725841522217
Nasopharyngeal Neoplasms,mmu-miR-743a,1.2650723457336426
Pulmonary Edema,mmu-miR-743a,1.2650675773620605
Chagas Disease,mmu-miR-743a,1.2650669813156128
Aortic Aneurysm,mmu-miR-743a,1.2650660276412964
Reticuloendotheliosis Virus Infections,mmu-miR-743a,1.2650651931762695
Brain Infarction,mmu-miR-743a,1.26506507396698
Syphilis and primary,mmu-miR-743a,1.2650593519210815
Osteolysis,mmu-miR-743a,1.265056848526001
Osteoporotic Fractures,mmu-miR-743a,1.2650527954101562
Ocular Hypertension,mmu-miR-743a,1.2650516033172607
Intracranial  Aneurysm,mmu-miR-743a,1.2650505304336548
Stomatitis and Herpetic,mmu-miR-743a,1.2650504112243652
Osteonecrosis,mmu-miR-743a,1.2650471925735474
Toxoplasmosis and Ocular,mmu-miR-743a,1.2650460004806519
Urinary Retention,mmu-miR-743a,1.2650455236434937
Psychotic Disorders,mmu-miR-743a,1.2650439739227295
Diabetic Neuropathies,mmu-miR-743a,1.2650429010391235
Reflex Sympathetic Dystrophy,mmu-miR-743a,1.2650429010391235
Thrombotic Stroke,mmu-miR-743a,1.2650425434112549
Hypertrophy and Right Ventricular,mmu-miR-743a,1.2650419473648071
Chorioamnionitis,mmu-miR-743a,1.265040397644043
Anterior Cruciate Ligament Injuries,mmu-miR-743a,1.2650377750396729
Placental Insufficiency,mmu-miR-743a,1.2650361061096191
Carcinogenesis,mmu-miR-743a,1.265029788017273
Ventricular Dysfunction,mmu-miR-743a,1.2650293111801147
Meningitis and Fungal,mmu-miR-743a,1.2650208473205566
Lumbar Radicular Pain,mmu-miR-743a,1.265015721321106
Coronary Stenosis,mmu-miR-743a,1.2650126218795776
Pica,mmu-miR-743a,1.2650095224380493
Idiopathic Condylar Resorption,mmu-miR-743a,1.2650094032287598
Oropharyngeal Neoplasms,mmu-miR-743a,1.265007495880127
intracranial berry aneurysm 3,mmu-miR-743a,1.2650014162063599
Respiratory Distress Syndrome and Newborn,mmu-miR-743a,1.2650011777877808
Prion Diseases,mmu-miR-743a,1.2650004625320435
Retinal Degeneration,mmu-miR-743a,1.2649999856948853
Porphyria and Variegate,mmu-miR-743a,1.2649998664855957
Neoplasm Metastasis,mmu-miR-743a,1.2649996280670166
adhesions of uterus,mmu-miR-743a,1.264999270439148
Tourette Syndrome,mmu-miR-743a,1.2649966478347778
Breast Diseases,mmu-miR-743a,1.2649933099746704
Heart Injuries,mmu-miR-743a,1.2649929523468018
Rectal Prolapse,mmu-miR-743a,1.264992594718933
frontotemporal dementia,mmu-miR-743a,1.2649915218353271
Cholestasis and Intrahepatic,mmu-miR-743a,1.2649904489517212
Shoulder Injuries,mmu-miR-743a,1.264989972114563
Suppuration,mmu-miR-743a,1.2649896144866943
Asymptomatic Infections,mmu-miR-743a,1.2649892568588257
Lymphoma and T-Cell,hsa-miR-4443,1.2649891376495361
Trophoblastic Neoplasms,mmu-miR-743a,1.2649874687194824
Pigmentation Disorders,mmu-miR-743a,1.264986515045166
Lichen Sclerosus et Atrophicus,mmu-miR-743a,1.2649837732315063
Rubella Syndrome and Congenital,mmu-miR-743a,1.2649832963943481
Lymphoma and B-Cell and Diffuse,mmu-miR-743a,1.2649829387664795
Multiple Chronic Conditions,mmu-miR-743a,1.2649821043014526
Intracranial Arteriovenous Malformations,mmu-miR-743a,1.2649818658828735
Early Embryonic Arrestdagger,mmu-miR-743a,1.2649803161621094
Early-Stage Malignant Melanoma,mmu-miR-743a,1.2649791240692139
Poikiloderma with Neutropenia,mmu-miR-743a,1.2649790048599243
Peritoneal Diseases,mmu-miR-743a,1.2649778127670288
Oculocutaneous Albinism Type 3,mmu-miR-743a,1.2649754285812378
Erectile Dysfunction,mmu-miR-743a,1.26497483253479
Brain Neoplasms,hsa-mir-802,1.264974594116211
Fibrous Dysplasia of Bone,mmu-miR-743a,1.2649744749069214
Fatty Liver,mmu-miR-743a,1.2649736404418945
Cardiovascular And   Cerebrovascular Diseases,mmu-miR-743a,1.2649728059768677
Osteomyelitis,mmu-miR-743a,1.264971137046814
Sinus Thrombosis and Intracranial,mmu-miR-743a,1.2649707794189453
obstructive nephropathy,mmu-miR-743a,1.2649695873260498
Smooth Muscle Tumor,mmu-miR-743a,1.2649680376052856
Pain and Inflammatory,hsa-mir-802,1.2649677991867065
Bipolar Disorder,mmu-miR-743a,1.2649667263031006
Intracranial Arteriosclerosis,mmu-miR-743a,1.2649660110473633
Cerebral Intraventricular Hemorrhage,hsa-mir-802,1.2649651765823364
Pulmonary Veno-Occlusive Disease,mmu-miR-743a,1.2649648189544678
Sarcopenia,mmu-miR-743a,1.2649645805358887
Upper Tract Urothelial Carcinoma,mmu-miR-743a,1.264961838722229
non-alcoholic fatty liver,mmu-miR-743a,1.2649599313735962
Kidney Diseases and Cystic,mmu-miR-743a,1.264958143234253
Sarcoma and Ewing,hsa-mir-802,1.2649580240249634
Finnish lethal neonatal metabolic syndrome,hsa-mir-802,1.2649576663970947
Inflammatory Osteolysis,hsa-mir-802,1.2649539709091187
Cumulative Trauma Disorders,hsa-mir-802,1.2649530172348022
Brain Damage and Chronic,hsa-mir-802,1.264952540397644
Obesity and Osteosarcopenic,mmu-miR-743a,1.2649524211883545
Infarction,hsa-mir-802,1.2649506330490112
Neuroleptic Malignant Syndrome,hsa-mir-802,1.264948844909668
Hind Limb Ischemia,hsa-mir-802,1.2649424076080322
Alopecia Areata,mmu-miR-743a,1.2649376392364502
Heart Defects and Congenital,hsa-mir-802,1.2649255990982056
Kidney Failure and Chronic,hsa-mir-802,1.264923334121704
Brain Injury and Chronic,hsa-mir-802,1.2649147510528564
Amyloidosis,mmu-miR-743a,1.2649120092391968
cone-rod dystrophy 6,hsa-mir-802,1.2648993730545044
Adenocarcinoma and Sebaceous and Ocular,hsa-mir-802,1.264891266822815
Lymphoma and T-Cell,hsa-miR-4459,1.264888882637024
Alcohol Withdrawal Delirium,hsa-mir-802,1.2648824453353882
Thyroiditis and Subacute,hsa-mir-8069,1.2648675441741943
Enterocolitis and Pseudomembranous,hsa-mir-8069,1.264853596687317
Carotid Stenosis,hsa-mir-8069,1.2648504972457886
Trichohepatoenteric Syndrome,hsa-mir-802,1.2648473978042603
Jaundice and Acute,hsa-mir-8069,1.264843225479126
Cerebral Hemorrhage,hsa-mir-8069,1.2648392915725708
torsion dystonia 1,hsa-mir-8069,1.2648385763168335
Trophoblastic Neoplasms,hsa-mir-802,1.264837384223938
Moebius syndrome 1,hsa-mir-8069,1.2648370265960693
Facial Nerve Injuries,hsa-mir-8069,1.2648348808288574
Schistosomiasis,hsa-mir-8069,1.2648346424102783
Synucleinopathies,hsa-mir-8069,1.264833688735962
Myositis,hsa-mir-802,1.264832615852356
Diabetic Retinopathy ,hsa-mir-8069,1.2648308277130127
Heart Septal Defects and Ventricular,hsa-mir-8069,1.2648282051086426
Selenium Deficiency,hsa-mir-8069,1.2648252248764038
Hepatopulmonary Syndrome,hsa-mir-8069,1.2648249864578247
Bone Regeneration,hsa-mir-8069,1.2648223638534546
Premature Ovarian Aging,hsa-mir-8069,1.2648212909698486
Thoracic Aortic   Dissection,hsa-mir-8069,1.264817237854004
Adrenal Cortex Neoplasms,hsa-mir-8069,1.2648171186447144
Emphysema,hsa-mir-802,1.264815330505371
Sepsis Induced Liver Injury,hsa-mir-8069,1.2648144960403442
Pancreatitis and Acute Necrotizing,hsa-mir-8069,1.2648131847381592
Biotinidase Deficiency,hsa-mir-8069,1.2648122310638428
Distal myopathy and Nonaka type,hsa-mir-8069,1.26481032371521
Brain Damage and Chronic,hsa-mir-8069,1.2648091316223145
Chronic Gastritis,hsa-mir-8069,1.2648087739944458
Aneuploidy,hsa-mir-8069,1.2648086547851562
Fibroadenoma,hsa-mir-8069,1.264808177947998
Liver Cirrhosis and Alcoholic,hsa-mir-8069,1.2648066282272339
Neuroleptic Malignant Syndrome,hsa-mir-8069,1.2648059129714966
Glomus Tumor,hsa-mir-8069,1.2648054361343384
Hypertension and Renal,hsa-mir-802,1.2648048400878906
Immune-Mediated Inflammatory Diseases,hsa-mir-8069,1.2648043632507324
Oral Ulcer,hsa-mir-8069,1.2648022174835205
Arrhythmogenic Heart Diseases,hsa-mir-8069,1.2647993564605713
Telangiectasia and Hereditary Hemorrhagic,hsa-mir-8069,1.264795184135437
Arrest of spermatogenesis,hsa-mir-8069,1.2647935152053833
Viral Myocarditis,hsa-mir-8069,1.2647931575775146
Glaucoma,hsa-mir-8069,1.2647910118103027
Alveolar echinococcosis,hsa-mir-802,1.2647902965545654
Takayasu Arteritis,hsa-mir-8069,1.2647873163223267
Hereditary pancreatitis,hsa-mir-8069,1.2647860050201416
Osteoporotic Fracture and Tibial,hsa-mir-8069,1.2647801637649536
Intestinal Neoplasms,hsa-mir-8069,1.2647801637649536
Diastrophic dysplasia,hsa-mir-8069,1.2647792100906372
Graves Disease,hsa-mir-8069,1.2647780179977417
Chromosome Duplication,hsa-miR-4459,1.2647755146026611
Reticuloendotheliosis Virus Infections,hsa-mir-8069,1.2647719383239746
Tibial Fractures,hsa-mir-8069,1.2647708654403687
Anemia and Refractory and with Excess of Blasts,hsa-miR-4444,1.2647700309753418
Turcot syndrome,hsa-mir-8069,1.2647678852081299
Syphilis and primary,hsa-mir-8069,1.2647660970687866
Glima,hsa-mir-8069,1.2647655010223389
Urothelial   Carcinoma,hsa-mir-8069,1.2647652626037598
Premature Ejaculation,hsa-mir-8069,1.264764428138733
Alopecia,hsa-mir-8069,1.264758586883545
salivary gland adenoid cystic carcinoma,hsa-mir-8069,1.2647513151168823
Diabetic Neuropathies,hsa-mir-8069,1.2647494077682495
Adenocarcinoma and Sebaceous and Ocular,hsa-mir-8069,1.2647480964660645
Dermatitis and Allergic Contact,hsa-mir-8069,1.2647401094436646
Neurosyphilis,hsa-mir-8069,1.2647297382354736
Brucellosis and Bovine,hsa-mir-8069,1.2647194862365723
Pica,hsa-mir-8069,1.2647160291671753
Stillbirth,hsa-mir-8069,1.2647126913070679
Facial Nerve Diseases,hsa-mir-8069,1.264708161354065
Leukemia and Myeloid and Chronic and Atypical and BCR-ABL Negative,hsa-mir-8069,1.264699101448059
Bronchiectasis With Or Without Elevated Sweat Chloride 1,hsa-mir-8069,1.2646950483322144
Myositis,hsa-mir-8069,1.2646894454956055
Myeloproliferative Disorder and Chronic and with Eosinophilia,hsa-mir-8069,1.2646878957748413
Eclampsia,hsa-mir-8069,1.2646870613098145
Depression and Post Stroke,hsa-mir-8069,1.2646859884262085
Poikiloderma with Neutropenia,hsa-mir-8069,1.2646856307983398
Arthritis and Gouty,hsa-mir-8069,1.2646843194961548
Olfaction Disorders,hsa-mir-8069,1.2646764516830444
Sleep Initiation and Maintenance Disorders,hsa-mir-8080,1.264670491218567
Pheochromocytoma,hsa-mir-8069,1.2646671533584595
Hemoglobin Bart'S Hydrops   Fetalis Syndrome,hsa-mir-8080,1.26466703414917
Sexually Transmitted Diseases and Viral,hsa-mir-8069,1.2646666765213013
common variable immunodeficiency 2,hsa-mir-8080,1.2646660804748535
Infant Nutrition Disorders,hsa-mir-8080,1.264663815498352
Obesity and Osteosarcopenic,hsa-mir-8069,1.2646594047546387
Vesicular Stomatitis,hsa-mir-8069,1.2646576166152954
Thyroid Diseases,hsa-mir-8080,1.2646560668945312
Stiff-Person Syndrome,hsa-mir-8080,1.2646552324295044
Leg Ulcer,hsa-mir-8080,1.2646533250808716
Pneumonia and Staphylococcal,hsa-mir-8080,1.2646524906158447
Blood Platelet Disorders,hsa-mir-8069,1.2646523714065552
Bowen-Conradi syndrome,hsa-mir-8080,1.2646503448486328
Hypocalciuric hypercalcemia and familial and type 1,hsa-mir-8080,1.2646498680114746
Cystadenocarcinoma and Serous and Endometrial,hsa-mir-8080,1.264649510383606
Spinal muscular atrophy with respiratory distress 1,hsa-miR-4444,1.2646485567092896
Community-Acquired Pneumonia,hsa-miR-4444,1.2646479606628418
Meningitis and Bacterial,hsa-mir-8080,1.2646430730819702
End Stage Liver Disease,hsa-mir-8080,1.264642357826233
Thymoma,hsa-mir-8080,1.264641523361206
Tuberous Sclerosis 1,hsa-mir-8080,1.2646411657333374
Murine Acquired Immunodeficiency Syndrome,hsa-miR-4444,1.264640212059021
Cholecystitis,hsa-mir-8080,1.264639973640442
Brain Ischemia and Acute,hsa-mir-8080,1.26463782787323
Malnutrition,hsa-mir-8080,1.2646375894546509
Parkinsonian Disorders,hsa-mir-8080,1.2646371126174927
Hematoma and Subdural and Chronic,hsa-mir-8080,1.2646362781524658
mitochondrial DNA depletion syndrome 4b,hsa-mir-8080,1.2646361589431763
Skin Pigmentation,hsa-mir-8080,1.264634132385254
Hepatorenal Syndrome,hsa-mir-8080,1.2646340131759644
Fibrous Dysplasia and Polyostotic,hsa-mir-8080,1.2646329402923584
Leptomeningeal Metastasis,hsa-mir-8080,1.264632225036621
Tuberculosis and Spinal,hsa-mir-8080,1.2646315097808838
Diabetic Retinopathy ,hsa-mir-8080,1.2646313905715942
Staphylococcal Scalded Skin Syndrome,hsa-mir-8080,1.264630913734436
Hemoglobin Bart'S Hydrops   Fetalis Syndrome,hsa-miR-4444,1.264630675315857
Meniere Disease,hsa-mir-8080,1.2646299600601196
Noonan syndrome-like disorder with loose anagen hair,hsa-mir-8080,1.264628291130066
Renal Tubular Oxidative Injury,hsa-miR-4444,1.2646267414093018
Acute  Kidney Injury,hsa-mir-8080,1.264626383781433
Leigh Disease,hsa-mir-8080,1.264626145362854
Mast Cell Tumors,hsa-mir-8080,1.264626145362854
Hypospadias,hsa-mir-8080,1.2646257877349854
Dental Caries,hsa-mir-8080,1.2646255493164062
Li-Fraumeni syndrome 1,hsa-mir-8080,1.264625072479248
Kidney Neoplasms,hsa-miR-4444,1.2646247148513794
Liver Diseases and Alcoholic,hsa-miR-4444,1.2646244764328003
Periodontal Diseases,hsa-mir-8080,1.264622688293457
Cancer-Associated Cachexia,hsa-mir-8080,1.2646217346191406
Short Stature and Idiopathic and Autosomal,hsa-mir-8080,1.2646211385726929
Asthma-Chronic Obstructive Pulmonary Disease Overlap Syndrome,hsa-mir-8080,1.2646210193634033
Werner Syndrome,hsa-miR-4444,1.2646204233169556
Elliptocytosis 2,hsa-mir-8080,1.2646185159683228
Papillon-Lefevre Disease,hsa-mir-8080,1.264618158340454
Thoracic Aortic   Dissection,hsa-mir-8080,1.264617919921875
Enterocolitis and Pseudomembranous,hsa-miR-4444,1.264617919921875
Adrenal Cortex Neoplasms,hsa-mir-8080,1.2646178007125854
Sveinsson Chorioretinal Atrophy,hsa-mir-8080,1.2646178007125854
Glucose Intolerance,hsa-miR-4444,1.2646174430847168
Leg Ulcer,hsa-miR-4444,1.2646172046661377
low grade glioma,hsa-mir-8080,1.2646172046661377
Femur Head Necrosis,hsa-mir-8080,1.2646167278289795
Environmental Illness,hsa-mir-8080,1.2646163702011108
Interstitial Fibrosis and Renal,hsa-miR-4444,1.2646161317825317
Sepsis Induced Liver Injury,hsa-mir-8080,1.2646149396896362
Carotid Stenosis,hsa-miR-4444,1.2646148204803467
Typical Teratoid Rhabdoid Tumor,hsa-miR-4444,1.264614224433899
Welander distal myopathy and Swedish type,hsa-mir-8080,1.2646135091781616
Multiple Sclerosis and Chronic Progressive,hsa-mir-8080,1.2646121978759766
Mitochondrial Diseases,hsa-mir-8080,1.2646101713180542
Lumbar Disc   Herniation,hsa-miR-4444,1.264609932899475
nonsyndromic congenital nail disorder 7,hsa-mir-8080,1.2646093368530273
Familial primary gastric lymphoma,hsa-miR-4444,1.26460862159729
Chagas Cardiomyopathy,hsa-miR-4444,1.2646085023880005
Sarcoidosis,hsa-mir-8080,1.2646077871322632
Colonic Polyps,hsa-mir-8080,1.2646074295043945
Malaria and Cerebral,hsa-mir-8080,1.264607310295105
Leukokeratosis and Hereditary Mucosal,hsa-miR-4444,1.2646069526672363
Hemangioma and Infantile,hsa-mir-8080,1.2646067142486572
Vertigo,hsa-miR-4444,1.2646065950393677
Neuroleptic Malignant Syndrome,hsa-mir-8080,1.2646061182022095
Glomus Tumor,hsa-mir-8080,1.2646057605743408
Acute Coronary Syndrome and Non-St  Elevation,hsa-miR-4444,1.2646056413650513
Thymoma,hsa-miR-4444,1.2646054029464722
Uremia,hsa-mir-8080,1.264605164527893
Hyperpigmentation and Skin,hsa-miR-4444,1.2646042108535767
Oral Ulcer,hsa-mir-8080,1.2646028995513916
Immunoglobulin G4-Related Disease,hsa-mir-8080,1.264601707458496
MPTP Poisoning,hsa-mir-8080,1.2646015882492065
Moebius syndrome 1,hsa-miR-4444,1.264601469039917
Foot-and-Mouth Disease,hsa-miR-4444,1.2646007537841797
Bone Neoplasms,hsa-mir-8080,1.2646000385284424
Hind Limb Ischemia,hsa-mir-8080,1.2646000385284424
Venous Thrombosis,hsa-miR-4444,1.264599323272705
Facial Nerve Injuries,hsa-miR-4444,1.264599323272705
Thyroid Carcinoma and Anaplastic,hsa-miR-4444,1.2645992040634155
skin melanoma,hsa-mir-8080,1.264599084854126
Adiposis Dolorosa,hsa-miR-4444,1.2645989656448364
Distal arthrogryposis type 2B,hsa-miR-4444,1.2645984888076782
Synucleinopathies,hsa-miR-4444,1.26459801197052
Leiomyosarcoma,hsa-miR-4444,1.2645972967147827
polycystic kidney disease 3,hsa-mir-8080,1.2645962238311768
Spermatic Cord Torsion,hsa-mir-8080,1.2645959854125977
salivary gland mucoepidermoid carcinoma,hsa-mir-8080,1.264595866203308
Depression and Postpartum,hsa-mir-8080,1.264595866203308
Rolandic Epilepsy and Mental Retardation and and Speech Dyspraxia and X-Linked,hsa-mir-8080,1.26459538936615
Diabetic Retinopathy ,hsa-miR-4444,1.2645952701568604
Multiple Organ Failure,hsa-mir-8080,1.2645951509475708
Thrombocythemia and Essential,hsa-miR-4444,1.2645950317382812
Craniofacial Abnormalities,hsa-miR-4444,1.2645949125289917
Autoimmune enteropathy,hsa-miR-4444,1.2645944356918335
Thromboangiitis Obliterans,hsa-miR-4444,1.264594316482544
Kidney Transplant Rejection,hsa-mir-8080,1.2645937204360962
Anemia,hsa-mir-8080,1.2645933628082275
Platelet Storage Lesion,hsa-miR-4444,1.264593243598938
primary biliary cholangitis 1,hsa-miR-4444,1.2645930051803589
Neoplasms and Multiple Primary,hsa-miR-4444,1.2645928859710693
Glaucoma,hsa-mir-8080,1.2645918130874634
Pyruvate Kinase Deficiency of Red Cells,hsa-mir-8080,1.2645918130874634
Salpingitis,hsa-mir-8080,1.264590859413147
Nephrosclerosis,hsa-mir-8080,1.264590859413147
Squamous Intraepithelial Lesions and Cervical,hsa-miR-4444,1.2645907402038574
Leigh Disease,hsa-miR-4444,1.2645900249481201
invasive aspergillosis,hsa-mir-8080,1.2645894289016724
Vascular Remodeling,hsa-mir-8080,1.2645894289016724
Dental Caries,hsa-miR-4444,1.2645894289016724
Abortion,hsa-mir-8080,1.2645891904830933
Pain and Inflammatory,hsa-miR-4444,1.2645891904830933
Jaw Abnormalities,hsa-mir-8080,1.2645888328552246
Human Herpesvirus 6 encephalitis,hsa-miR-4444,1.2645882368087769
Testicular Diseases,hsa-mir-8080,1.2645875215530396
Lesch-Nyhan Syndrome,hsa-mir-8080,1.2645875215530396
Tembusu virus,hsa-mir-8080,1.2645872831344604
Lissencephaly,hsa-mir-8080,1.264587163925171
Fetal Macrosomia,hsa-miR-4444,1.2645869255065918
Periodontal Diseases,hsa-miR-4444,1.2645866870880127
Myeloproliferative Disorders,hsa-miR-4444,1.2645865678787231
Brachial Plexus Injury,hsa-miR-4444,1.2645857334136963
Viral Respiratory Infections,hsa-miR-4444,1.2645854949951172
Post-Dural Puncture Headache,hsa-mir-8080,1.264585256576538
Polythelia and Familial,hsa-mir-8080,1.2645848989486694
Retinal Dystrophies,hsa-mir-8080,1.2645843029022217
gastric cardia adenocarcinoma,hsa-mir-8080,1.2645840644836426
Ehlers-Danlos Syndrome,hsa-mir-8080,1.2645840644836426
Dehydration,hsa-miR-4444,1.2645838260650635
Skin Neoplasms,hsa-mir-8080,1.264583706855774
Bicuspid Aortic Valve Disease,hsa-mir-8080,1.264582872390747
Heart Failure and Ischemic,hsa-miR-4444,1.2645827531814575
Yellow Nail Syndrome,hsa-mir-8080,1.2645825147628784
Reperfusion Injury and Pulmonary Ischemia,hsa-mir-8080,1.2645821571350098
Growth Disorders,hsa-miR-4444,1.2645820379257202
Papillon-Lefevre Disease,hsa-miR-4444,1.2645819187164307
Genital Diseases and Male,hsa-miR-4444,1.2645817995071411
Bloom Syndrome,hsa-miR-4444,1.2645817995071411
Bone Diseases and Metabolic,hsa-mir-8080,1.2645817995071411
Thoracic Aortic   Dissection,hsa-miR-4444,1.264581561088562
Sveinsson Chorioretinal Atrophy,hsa-miR-4444,1.2645814418792725
Arthritis,hsa-mir-8080,1.264581322669983
Growth Hormone-Secreting Pituitary Adenoma,hsa-mir-8080,1.2645807266235352
Intestinal Neoplasms,hsa-mir-8080,1.2645807266235352
Autoimmune polyendocrinopathy syndrome and type 1,hsa-miR-4444,1.264580488204956
Hyperparathyroidism and Primary,hsa-miR-4444,1.2645800113677979
Myocarditis,hsa-miR-4444,1.2645800113677979
Leukemia and Megakaryoblastic and Acute,hsa-miR-4444,1.264579176902771
Finnish lethal neonatal metabolic syndrome,hsa-miR-4444,1.2645790576934814
Endotoxemia,hsa-mir-8080,1.2645788192749023
Mastitis,hsa-mir-8080,1.2645785808563232
Endophthalmitis,hsa-mir-8080,1.2645784616470337
Mite Infestations,hsa-miR-4444,1.2645782232284546
Aortic Diseases,hsa-miR-4444,1.2645777463912964
Oral Submucous Fibrosis,hsa-miR-4444,1.2645773887634277
diarrhea predominant irritable bowel syndrome (IBS-D),hsa-mir-8080,1.2645765542984009
Neural Tube Defects,hsa-miR-4444,1.2645763158798218
Autistic Disorder,hsa-mir-8080,1.2645763158798218
Ataxia Neuropathy Spectrum,hsa-miR-4444,1.2645758390426636
Hematologic Neoplasms,hsa-miR-4444,1.264575719833374
Pancreatitis,hsa-miR-4444,1.264575719833374
Thalassemia,hsa-miR-4444,1.2645752429962158
Inflammatory Osteolysis,hsa-miR-4444,1.2645752429962158
Leukemia and Promyelocytic and Acute,hsa-miR-4444,1.2645750045776367
Duane Retraction Syndrome,hsa-mir-8080,1.2645748853683472
Distal myopathy and Nonaka type,hsa-miR-4444,1.264574646949768
mucinous cystadenocarcinoma of pancreas,hsa-miR-4444,1.264574408531189
Gastric Precancerous Lesion,hsa-miR-4444,1.2645742893218994
External Auditory Canal Squamous Cell Carcinoma,hsa-mir-8080,1.2645738124847412
Cervical Intraepithelial Neoplasia,hsa-miR-4444,1.2645734548568726
Carcinoma and Ductal and Breast,hsa-miR-4444,1.2645734548568726
Endometrial Hyperplasia,hsa-miR-4444,1.2645727396011353
Fibroadenoma,hsa-miR-4444,1.2645726203918457
Ectrodactyly-cleft lip-palate syndrome,hsa-mir-8080,1.2645725011825562
Reticuloendotheliosis Virus Infections,hsa-mir-8080,1.2645723819732666
Necrosis,hsa-miR-4444,1.264572262763977
Brain Injury and Chronic,hsa-mir-8080,1.264572262763977
Sarcoidosis,hsa-miR-4444,1.2645715475082397
Cardiac Complexes and Premature,hsa-mir-8080,1.2645703554153442
Pain and Postoperative,hsa-miR-4444,1.2645699977874756
AIDS Dementia Complex,hsa-miR-4444,1.264569878578186
Multiple Pulmonary Nodules,hsa-mir-8080,1.264569878578186
Hyperinsulinism,hsa-mir-8080,1.2645697593688965
Wasting Disease and Chronic,hsa-miR-4444,1.2645692825317383
Urinary Bladder Diseases,hsa-miR-4444,1.2645691633224487
Uremia,hsa-miR-4444,1.2645690441131592
Polyomavirus Infections,hsa-mir-8080,1.2645689249038696
Leukemia and Biphenotypic and Acute,hsa-miR-4444,1.264568567276001
Splenic Diseases,hsa-mir-8080,1.2645680904388428
Parasitic Diseases,hsa-miR-4444,1.2645678520202637
Ataxia with vitamin E deficiency,hsa-miR-4444,1.2645678520202637
Vascular System Injuries,hsa-miR-4444,1.2645677328109741
Alzheimer Disease ,hsa-miR-4444,1.264567494392395
rippling muscle disease 1,hsa-mir-8080,1.264567255973816
Amnesia,hsa-miR-4444,1.2645666599273682
Oral Ulcer,hsa-miR-4444,1.2645665407180786
Atrial Myosins,hsa-mir-8080,1.26456618309021
Choroidal Neovascularization,hsa-miR-4444,1.2645655870437622
Lip and Hamartomatous,hsa-miR-4444,1.2645654678344727
Bone Pain,hsa-mir-8080,1.2645654678344727
Tetralogy of Fallot,hsa-mir-8080,1.2645652294158936
Enterocolitis,hsa-mir-8080,1.2645646333694458
Neonatal hemochromatosis,hsa-miR-4444,1.2645645141601562
Sarcoma and Kaposi,hsa-miR-4444,1.2645643949508667
Fragile X Syndrome,hsa-mir-8080,1.264563798904419
Polycystic lipomembranous osteodysplasia with sclerosing leukoencephalopathy,hsa-miR-4444,1.2645624876022339
Fibrosis and Skin,hsa-miR-4444,1.2645622491836548
Sarcoidosis and Pulmonary,hsa-mir-8080,1.2645621299743652
Heart Diseases and Congenital,hsa-miR-4444,1.2645620107650757
Mycobacterium Infections and Nontuberculous,hsa-mir-8080,1.2645617723464966
Shock and Septic,hsa-miR-4444,1.2645611763000488
Poorly Differentiated Thyroid Gland Carcinoma,hsa-miR-4444,1.264560580253601
Folliculotropic Mycosis Fungoides,hsa-miR-4444,1.264560341835022
Fibrosarcoma,hsa-miR-4444,1.2645596265792847
salivary gland mucoepidermoid carcinoma,hsa-miR-4444,1.2645595073699951
Cirrhotic Cardiomyopathy,hsa-miR-4444,1.264559268951416
Acute Lymphoblastic Leukemia and T-Cell,hsa-miR-4444,1.2645589113235474
Spondylocheirodysplasia and Ehlers-Danlos Syndrome-Like,hsa-miR-4444,1.2645587921142578
Bronchopulmonary Dysplasia,hsa-miR-4444,1.2645585536956787
Hypoxia-Ischemia and Brain,hsa-miR-4444,1.2645584344863892
Rett Syndrome,hsa-miR-4444,1.2645577192306519
Viral Myocarditis,hsa-miR-4444,1.2645574808120728
Seizures,hsa-miR-4444,1.2645573616027832
Pituitary Diseases,hsa-mir-8080,1.264557123184204
Cryopyrin-Associated Periodic Syndromes,hsa-miR-4444,1.2645567655563354
cone-rod dystrophy 6,hsa-mir-8080,1.264556646347046
Acne Vulgaris,hsa-miR-4444,1.2645562887191772
Gastritis and Pediatric,hsa-miR-4444,1.2645562887191772
Ear Diseases,hsa-mir-8080,1.264555811882019
Bk Virus Infections,hsa-mir-8080,1.26455557346344
Larva Migrans and Visceral,hsa-miR-4444,1.264554738998413
Meier-Gorlin syndrome,hsa-mir-8080,1.2645543813705444
Osteonecrosis,hsa-mir-8080,1.2645543813705444
Otofaciocervical Syndrome,hsa-mir-8080,1.2645535469055176
Hirschsprung Disease,hsa-miR-4444,1.2645525932312012
Cachexia,hsa-miR-4444,1.2645519971847534
Teratoid Rhabdoid Tumor and Atypical,hsa-miR-4444,1.2645517587661743
Myopia,hsa-miR-4444,1.2645517587661743
Hypopharyngeal Neoplasms,hsa-miR-4444,1.2645516395568848
Rhinitis and Allergic,hsa-miR-4444,1.2645514011383057
Tembusu virus,hsa-miR-4444,1.264551043510437
Gastric   Cancer,hsa-miR-4444,1.2645509243011475
Lissencephaly,hsa-miR-4444,1.264550805091858
Polycythemia and High Altitude,hsa-miR-4444,1.2645504474639893
Rhegmatogenous Retinal Detachment and Autosomal Dominant,hsa-mir-8080,1.2645502090454102
Anodontia,hsa-mir-8080,1.2645500898361206
Thrombotic Stroke,hsa-mir-8080,1.264549732208252
Enzootic Bovine Leukosis,hsa-miR-4444,1.264549732208252
Lyme Disease,hsa-miR-4444,1.2645494937896729
Hypertrophy and Right Ventricular,hsa-mir-8080,1.2645492553710938
Eunuchism,hsa-miR-4444,1.2645490169525146
Post-Dural Puncture Headache,hsa-miR-4444,1.264548897743225
Marfan Syndrome,hsa-miR-4444,1.264548420906067
Polymyositis,hsa-miR-4444,1.2645483016967773
Canine Mammary Carcinoma,hsa-miR-4444,1.2645480632781982
Small Cell Lung Carcinoma,hsa-miR-4444,1.2645479440689087
Chorioamnionitis,hsa-mir-8080,1.2645477056503296
gastric cardia adenocarcinoma,hsa-miR-4444,1.2645477056503296
Ehlers-Danlos Syndrome,hsa-miR-4444,1.26454758644104
Rosacea,hsa-miR-4444,1.2645472288131714
esophageal carcinoma,hsa-miR-4444,1.2645472288131714
Heart Defects and Congenital,hsa-miR-4444,1.2645468711853027
Yellow Nail Syndrome,hsa-miR-4444,1.2645463943481445
Pseudarthrosis,hsa-miR-4444,1.2645463943481445
paramyotonia congenita of Von Eulenburg,hsa-miR-4444,1.264546275138855
Reperfusion Injury and Pulmonary Ischemia,hsa-miR-4444,1.2645460367202759
Frontonasal dysplasia,hsa-miR-4444,1.2645459175109863
Scapuloperoneal Myopathy and X-Linked Dominant,hsa-mir-8080,1.2645453214645386
Arthritis,hsa-miR-4444,1.2645450830459595
Osteoporotic Fracture and Tibial,hsa-miR-4444,1.2645444869995117
Intracranial Hemorrhages,hsa-miR-4444,1.2645442485809326
Hyperplasia,hsa-mir-8080,1.264544129371643
Cerebral Infarction,hsa-miR-4444,1.2645435333251953
Endophthalmitis,hsa-miR-4444,1.2645423412322998
Spinal Cord Diseases,hsa-mir-8080,1.2645422220230103
Clubfoot,hsa-miR-4444,1.2645419836044312
Trachoma,hsa-mir-8080,1.2645418643951416
Lacrimal Adenoid   Cystic Carcinoma,hsa-miR-4444,1.264541745185852
Acute Lung Injury,hsa-miR-4444,1.2645416259765625
Zika virus congenital syndrome,hsa-mir-8080,1.2645413875579834
Dermatitis and Allergic Contact,hsa-mir-8080,1.2645407915115356
Autistic Disorder,hsa-miR-4444,1.2645399570465088
Hyperoxia-Induced Lung Injury,hsa-miR-4444,1.2645394802093506
renal fibrosis,hsa-miR-4444,1.2645388841629028
Duane Retraction Syndrome,hsa-miR-4444,1.2645386457443237
Chagas Disease,hsa-miR-4444,1.2645378112792969
Carcinogenesis,hsa-mir-8080,1.26453697681427
Bird Diseases,hsa-miR-4444,1.2645361423492432
Brain Infarction,hsa-miR-4444,1.2645360231399536
Brain Injury and Chronic,hsa-miR-4444,1.2645360231399536
Reticuloendotheliosis Virus Infections,hsa-miR-4444,1.2645360231399536
Acute Aortic   Dissection,hsa-miR-4444,1.264535665512085
Tibial Fractures,hsa-miR-4444,1.2645350694656372
GATA2 Deficiency,hsa-miR-4444,1.2645349502563477
Cardiac Complexes and Premature,hsa-miR-4444,1.2645339965820312
Parathyroid Neoplasms,hsa-miR-4444,1.264533519744873
Hyperinsulinism,hsa-miR-4444,1.264533519744873
Coronary Artery  Disease,hsa-miR-4444,1.2645328044891357
Bronchial Hyperreactivity,hsa-miR-4444,1.2645318508148193
Peritoneal Hyalinizing Vasculopathy,hsa-miR-4444,1.2645314931869507
Stress Disorders and Traumatic,hsa-mir-8080,1.2645314931869507
Neurofibroma and Plexiform,hsa-miR-4444,1.264531135559082
Neurosyphilis,hsa-mir-8080,1.2645304203033447
Glima,hsa-miR-4444,1.2645299434661865
Tetralogy of Fallot,hsa-miR-4444,1.2645292282104492
Osteolysis,hsa-miR-4444,1.264527678489685
Fragile X Syndrome,hsa-miR-4444,1.2645275592803955
Colon   Adenocarcinoma,hsa-miR-4444,1.2645273208618164
Mycobacterium Infections and Nontuberculous,hsa-miR-4444,1.2645255327224731
Peripartum Cardiomyopathy ,hsa-mir-8080,1.2645254135131836
Neovascularization and Pathologic,hsa-miR-4444,1.2645246982574463
Papilloma and Choroid Plexus,hsa-miR-4444,1.2645246982574463
Ankle Fractures,hsa-miR-4444,1.264523983001709
Cardiovascular Complications,hsa-miR-4444,1.2645236253738403
Lumbar Radicular Pain,hsa-mir-8080,1.2645231485366821
Ocular Hypertension,hsa-miR-4444,1.2645227909088135
Jaundice and Obstructive,hsa-miR-4444,1.2645225524902344
Ullrich congenital muscular dystrophy,hsa-miR-4444,1.264521837234497
Hydrocephalus,hsa-mir-8080,1.2645217180252075
Ear Diseases,hsa-miR-4444,1.264519453048706
Bk Virus Infections,hsa-miR-4444,1.2645193338394165
Meier-Gorlin syndrome,hsa-miR-4444,1.2645182609558105
Tuberculosis and Meningeal,hsa-miR-4444,1.2645163536071777
salivary gland adenoid cystic carcinoma,hsa-miR-4444,1.2645158767700195
FG syndrome,hsa-miR-4444,1.2645155191421509
Cholelithiasis,hsa-miR-4444,1.2645151615142822
Decompression Sickness,hsa-miR-4444,1.2645150423049927
Rhegmatogenous Retinal Detachment and Autosomal Dominant,hsa-miR-4444,1.2645140886306763
Stillbirth,hsa-mir-8080,1.2645132541656494
Hypertrophy and Right Ventricular,hsa-miR-4444,1.2645128965377808
CREST Syndrome,hsa-mir-8080,1.2645106315612793
Delayed Graft Function,hsa-mir-8080,1.2645093202590942
Leukemia and Myeloid and Accelerated Phase,hsa-mir-8080,1.2645090818405151
Anterior Cruciate Ligament Injuries,hsa-miR-4444,1.2645087242126465
Hyperplasia,hsa-miR-4444,1.2645078897476196
Neoplasm Metastasis,hsa-mir-8080,1.2645069360733032
Spinal Cord Diseases,hsa-miR-4444,1.2645058631896973
Infarct-Related Artery Total Occlusion,hsa-miR-4444,1.2645047903060913
Hypersensitivity and Immediate,hsa-miR-4444,1.264504075050354
Thinness,hsa-mir-8080,1.264503002166748
Blast Crisis,hsa-mir-8080,1.2645025253295898
Hepatitis and Chronic,hsa-mir-8080,1.2645021677017212
Allograft Rejection and Antibody-Mediated,hsa-mir-8080,1.2645018100738525
Legg-Calve-Perthes Disease,hsa-miR-4444,1.2644999027252197
Aphasia and Primary Progressive,hsa-miR-4444,1.2644984722137451
dystonia 5,hsa-mir-8080,1.2644981145858765
Shoulder Injuries,hsa-mir-8080,1.2644972801208496
Gastrointestinal Diseases,hsa-mir-8080,1.264496922492981
Carcinoma and Basal Cell and Skin,hsa-miR-4444,1.264496922492981
Hyperphosphatemia,hsa-mir-8080,1.2644959688186646
Osteoporosis-pseudoglioma syndrome,hsa-miR-4444,1.264495611190796
Leukemia and Monocytic and Acute,hsa-mir-8080,1.264495611190796
Bronchiectasis With Or Without Elevated Sweat Chloride 1,hsa-mir-8080,1.264495611190796
Histiocytic Sarcoma,hsa-mir-8080,1.2644953727722168
Multiple Trauma,hsa-miR-4444,1.2644938230514526
hyperekplexia 1,hsa-mir-8080,1.2644935846328735
uric acid nephrolithiasis,hsa-miR-4444,1.2644935846328735
Prosthesis Failure,hsa-mir-8080,1.2644925117492676
Hemangioma and Cavernous,hsa-mir-8080,1.2644914388656616
Cerebral Small Vessel Diseases,hsa-mir-8080,1.2644908428192139
Gluteal Muscle Contracture,hsa-mir-8080,1.2644904851913452
Bronchopneumonia,hsa-mir-8080,1.2644903659820557
Lymphoma and B-Cell and Diffuse,hsa-mir-8080,1.2644901275634766
Orchitis,hsa-miR-4444,1.2644898891448975
Peripartum Cardiomyopathy ,hsa-miR-4444,1.2644894123077393
Brain Ischemia ,hsa-miR-4444,1.2644869089126587
Early-Stage Malignant Melanoma,hsa-mir-8080,1.26448655128479
Large Artery  Atherosclerosis,hsa-mir-8080,1.2644864320755005
Intestinal Fistula,hsa-mir-8080,1.264486312866211
Poikiloderma with Neutropenia,hsa-mir-8080,1.2644861936569214
Endodermal Sinus Tumor,hsa-mir-8080,1.2644860744476318
Hepatic Veno-Occlusive Disease,hsa-mir-8080,1.2644853591918945
Peritoneal Diseases,hsa-mir-8080,1.264485239982605
HTLV-II Infections,hsa-mir-8080,1.2644846439361572
Brucellosis and Bovine,hsa-miR-4444,1.2644836902618408
Duodenal Ulcer,hsa-miR-4444,1.2644805908203125
Scholte syndrome,hsa-miR-4444,1.2644805908203125
Osteomyelitis,hsa-mir-8080,1.2644784450531006
Hyperandrogenism,hsa-miR-4444,1.2644779682159424
Vitamin B Deficiency,hsa-miR-4444,1.2644776105880737
Sexually Transmitted Diseases,hsa-mir-8080,1.2644771337509155
Cerebral Infarction and Acute,hsa-mir-8080,1.2644767761230469
Encephalomyelitis and Acute Disseminated,hsa-miR-4444,1.2644761800765991
Facial Nerve Diseases,hsa-miR-4444,1.2644723653793335
Opioid-Related Disorders,hsa-miR-4444,1.2644718885421753
Prion Diseases,hsa-miR-4444,1.2644715309143066
Neoplasm Metastasis,hsa-miR-4444,1.2644708156585693
Dementia,hsa-mir-8080,1.2644699811935425
Rotavirus Infections,hsa-mir-8080,1.2644696235656738
Papillary Thyroid Microcarcinoma,hsa-mir-8080,1.2644691467285156
Trichohepatoenteric Syndrome,hsa-miR-4444,1.264468789100647
late onset Parkinson's disease,hsa-miR-4444,1.2644678354263306
Tourette Syndrome,hsa-miR-4444,1.2644675970077515
Leukemia and Acute,hsa-miR-4444,1.2644675970077515
Protein-Losing Enteropathies,hsa-mir-8080,1.2644668817520142
Hepatitis and Chronic,hsa-miR-4444,1.2644658088684082
Ventricular Remodeling,hsa-miR-4444,1.264464259147644
Adenine phosphoribosyltransferase deficiency,hsa-miR-4444,1.2644633054733276
spondyloepimetaphyseal dysplasia and Strudwick type,hsa-mir-8080,1.2644610404968262
Darier Disease,hsa-miR-4444,1.2644606828689575
Bronchiectasis With Or Without Elevated Sweat Chloride 1,hsa-miR-4444,1.264459490776062
Histiocytic Sarcoma,hsa-miR-4444,1.2644593715667725
Xerostomia,hsa-mir-8080,1.264458417892456
Polycythemia,hsa-miR-4444,1.264458417892456
Thrombosis,hsa-miR-4444,1.264456868171692
Rotator Cuff,hsa-miR-4444,1.2644566297531128
Fahr's disease,hsa-mir-8080,1.2644561529159546
Bronchial Diseases,hsa-miR-4444,1.2644559144973755
Schopf-Schulz-Passarge Syndrome,hsa-miR-4444,1.2644556760787964
Cerebral Small Vessel Diseases,hsa-miR-4444,1.26445472240448
Arteriosclerosis,hsa-miR-4444,1.2644546031951904
Bronchopneumonia,hsa-miR-4444,1.2644541263580322
Myeloproliferative Disorder and Chronic and with Eosinophilia,hsa-miR-4444,1.2644522190093994
Eclampsia,hsa-miR-4444,1.264451265335083
Nephrocalcinosis,hsa-miR-4444,1.2644503116607666
Large Artery  Atherosclerosis,hsa-miR-4444,1.2644503116607666
Poikiloderma with Neutropenia,hsa-miR-4444,1.2644498348236084
Fibromatosis and Aggressive,hsa-miR-4444,1.264448642730713
Microvascular Obstruction,hsa-miR-4444,1.264447808265686
Alveolar echinococcosis,hsa-mir-8080,1.264447808265686
Osteochondritis Dissecans,hsa-miR-4444,1.2644444704055786
Brucellosis,hsa-miR-4444,1.2644439935684204
Cardiovascular And   Cerebrovascular Diseases,hsa-miR-4444,1.2644437551498413
Sinus Thrombosis and Intracranial,hsa-miR-4444,1.264441967010498
Retinal Neovascularization,hsa-miR-4444,1.2644411325454712
Olfaction Disorders,hsa-miR-4444,1.264440894126892
Sexually Transmitted Diseases,hsa-miR-4444,1.2644407749176025
obstructive nephropathy,hsa-miR-4444,1.264440655708313
Carotid Artery Diseases,hsa-miR-4444,1.2644402980804443
Pyloric Hypomotility,hsa-miR-4444,1.2644401788711548
Testicular Germ Cell Tumor,hsa-miR-4444,1.2644401788711548
Digestive System Diseases,hsa-miR-4444,1.264438509941101
von Hippel-Lindau Disease,hsa-miR-4444,1.2644379138946533
Prostate Cancer ,hsa-miR-4444,1.2644370794296265
Prolactinoma,hsa-miR-4444,1.2644367218017578
C syndrome,hsa-miR-4444,1.2644360065460205
Pulmonary Veno-Occlusive Disease,hsa-miR-4444,1.264435887336731
Dementia,hsa-miR-4444,1.2644338607788086
Upper Tract Urothelial Carcinoma,hsa-miR-4444,1.2644329071044922
Periodontal Cyst,hsa-miR-4444,1.2644318342208862
Hyperlipoproteinemia Type III,hsa-miR-4444,1.2644293308258057
Fluorosis and Dental,hsa-miR-4444,1.264426827430725
Neoplastic Cells and Circulating,hsa-miR-4444,1.2644267082214355
Arteriosclerosis Obliterans,hsa-miR-4444,1.2644264698028564
Quadruple Negative Breast Cancer,hsa-miR-4444,1.2644193172454834
Condylomata Acuminata,hsa-miR-4444,1.2644169330596924
Alopecia Areata,hsa-miR-4444,1.2644087076187134
Hypertriglyceridemia,hsa-miR-4444,1.264407992362976
Ventricular Premature Complexes,hsa-miR-4444,1.2644009590148926
Neoplasms and Mesothelial,hsa-miR-203a,1.2643831968307495
Urinary Calculi,hsa-miR-203a,1.264374017715454
Chronic Limb-Threatening Ischemia,hsa-miR-203a,1.2643665075302124
Tibial Neuropathy,hsa-miR-203a,1.264341950416565
Plaque and Amyloid,hsa-miR-203a,1.2643332481384277
Nervous System Neoplasms,hsa-miR-4456,1.2642756700515747
Spinal muscular atrophy with respiratory distress 1,hsa-miR-4443,1.2642754316329956
Sleep Initiation and Maintenance Disorders,hsa-miR-4443,1.2642611265182495
N acetyltransferase deficiency,hsa-miR-4443,1.2642607688903809
Thyroiditis and Subacute,hsa-miR-4443,1.2642589807510376
Abnormalities and Multiple,hsa-miR-4443,1.2642552852630615
Myasthenia Gravis with Thymus Hyperplasia,hsa-miR-4443,1.2642521858215332
Kidney Neoplasms,hsa-miR-4443,1.264251708984375
Neurodevelopmental Disorders,hsa-miR-4443,1.2642488479614258
Obstetric Labor Complications,hsa-miR-4443,1.2642451524734497
acute myocardial infarction,hsa-miR-4443,1.2642449140548706
Interstitial Fibrosis and Renal,hsa-miR-4443,1.2642430067062378
Pediatric Cystic Fibrosis,hsa-miR-4443,1.2642419338226318
Typical Teratoid Rhabdoid Tumor,hsa-miR-4443,1.264241099357605
Abortion and Spontaneous,hsa-miR-4443,1.2642375230789185
Lumbar Disc   Herniation,hsa-miR-4443,1.2642368078231812
Benign Paroxysmal Positional Vertigo,hsa-miR-4443,1.2642344236373901
Leukokeratosis and Hereditary Mucosal,hsa-miR-4443,1.264233946800232
Vertigo,hsa-miR-4443,1.2642335891723633
Postoperative Complications,hsa-miR-4443,1.2642309665679932
Pars Planitis,hsa-miR-4443,1.264230728149414
Borna Disease,hsa-miR-4443,1.2642306089401245
White Spot Syndrome Virus  Infection,hsa-miR-4443,1.264229416847229
Adenomatous Polyposis Coli,hsa-miR-4443,1.2642287015914917
Malnutrition,hsa-miR-4443,1.2642284631729126
Foot-and-Mouth Disease,hsa-miR-4443,1.2642277479171753
Parkinsonian Disorders,hsa-miR-4443,1.2642277479171753
Lymphoma and Mantle-Cell,hsa-miR-4443,1.264227271080017
Hematoma and Subdural and Chronic,hsa-miR-4443,1.264227032661438
mitochondrial DNA depletion syndrome 4b,hsa-miR-4443,1.2642267942428589
Adiposis Dolorosa,hsa-miR-4443,1.2642260789871216
Schistosomiasis,hsa-miR-4443,1.264225959777832
Brain Neoplasms,hsa-miR-4443,1.2642227411270142
Leptomeningeal Metastasis,hsa-miR-4443,1.2642227411270142
Graft vs Host Disease,hsa-miR-4443,1.264222264289856
Tuberculosis and Spinal,hsa-miR-4443,1.2642221450805664
Maternal   Cholestasis,hsa-miR-203a,1.2642220258712769
Thromboangiitis Obliterans,hsa-miR-4443,1.26422119140625
Platelet Storage Lesion,hsa-miR-4443,1.264220118522644
primary biliary cholangitis 1,hsa-miR-4443,1.2642199993133545
Bone Marrow Myelofibrosis,hsa-miR-4443,1.2642194032669067
Noonan syndrome-like disorder with loose anagen hair,hsa-miR-4443,1.264219045639038
Bovine Virus Diarrhea-Mucosal Disease,hsa-miR-4443,1.2642176151275635
Wound Healing,hsa-miR-4443,1.2642172574996948
Acute  Kidney Injury,hsa-miR-4443,1.2642172574996948
Hypospadias,hsa-miR-4443,1.264216661453247
Infant and Low Birth Weight,hsa-miR-4443,1.2642152309417725
Human Herpesvirus 6 encephalitis,hsa-miR-4443,1.264215111732483
Angina and Unstable,hsa-miR-4443,1.2642145156860352
Niemann-Pick disease type C1,hsa-miR-4443,1.264214277267456
Fetal Macrosomia,hsa-miR-4443,1.264214038848877
Bone Regeneration,hsa-miR-4443,1.2642136812210083
Periodontal Diseases,hsa-miR-4443,1.2642134428024292
Cerebral Intraventricular Hemorrhage,hsa-miR-4443,1.2642134428024292
Myeloproliferative Disorders,hsa-miR-4443,1.2642134428024292
Microscopic Polyangiitis,hsa-miR-4443,1.264212727546692
Genital Diseases and Female,hsa-miR-4443,1.2642103433609009
Starvation,hsa-miR-4443,1.2642097473144531
Adrenal Cortex Neoplasms,hsa-miR-4443,1.2642085552215576
Thoracic Aortic   Dissection,hsa-miR-4443,1.2642085552215576
Sveinsson Chorioretinal Atrophy,hsa-miR-4443,1.264208436012268
low grade glioma,hsa-miR-4443,1.2642079591751099
brachydactyly type D,hsa-miR-4443,1.2642077207565308
Kidney Calculi,hsa-miR-4443,1.264207124710083
Environmental Illness,hsa-miR-4443,1.264207124710083
Mite Infestations,hsa-miR-4443,1.2642053365707397
Aortic Diseases,hsa-miR-4443,1.2642046213150024
Pruritus,hsa-miR-4443,1.2642037868499756
Biotinidase Deficiency,hsa-miR-4443,1.2642035484313965
Neural Tube Defects,hsa-miR-4443,1.2642033100128174
Halal syndrome,hsa-miR-4443,1.2642031908035278
Thalassemia,hsa-miR-4443,1.2642021179199219
Influenza in Birds,hsa-miR-4443,1.2642017602920532
Mitochondrial Diseases,hsa-miR-4443,1.2642006874084473
Aneuploidy,hsa-miR-4443,1.264200210571289
nonsyndromic congenital nail disorder 7,hsa-miR-4443,1.2642000913619995
Chronic Gastritis,hsa-miR-4443,1.2642000913619995
Skin Neoplasms and Non-Melanoma,hsa-miR-4443,1.2641993761062622
Exudative Vitreoretinopathy 4,hsa-miR-4443,1.2641993761062622
Ischemic Cerebral Infarction,hsa-miR-4443,1.2641993761062622
Stanford Type A Aortic   Dissection,hsa-miR-4443,1.264199137687683
Infarction,hsa-miR-4443,1.2641990184783936
Autism Spectrum Disorder,hsa-miR-4443,1.2641987800598145
Heart Septal Defects and Atrial,hsa-miR-4443,1.2641984224319458
Liver Cirrhosis and Alcoholic,hsa-miR-4443,1.2641977071762085
Central Nervous System Bacterial Infections,hsa-miR-4443,1.2641974687576294
Cleidocranial Dysplasia,hsa-miR-4443,1.2641959190368652
Uremia,hsa-miR-4443,1.2641959190368652
Neuroectodermal Tumors and Primitive,hsa-miR-4443,1.2641948461532593
Leukemia and Myelomonocytic and Chronic,hsa-miR-4443,1.2641948461532593
Sleep Initiation and Maintenance Disorders,hsa-miR-4459,1.2641938924789429
Palatal Neoplasms,hsa-miR-4443,1.2641937732696533
Hemochromatosis,hsa-miR-4443,1.2641934156417847
Arrhythmias and Cardiac,hsa-miR-4443,1.2641934156417847
Oral Ulcer,hsa-miR-4443,1.2641934156417847
Choroidal Melanoma,hsa-miR-4443,1.2641927003860474
Malformations of Cortical Development and Group II,hsa-miR-4443,1.2641925811767578
Gingivitis,hsa-miR-4443,1.2641924619674683
Lip and Hamartomatous,hsa-miR-4443,1.2641922235488892
Adrenocortical Carcinoma,hsa-miR-4443,1.2641921043395996
Angelman Syndrome,hsa-miR-4443,1.2641916275024414
Prader-Willi Syndrome,hsa-miR-4443,1.2641912698745728
Arrhythmogenic Heart Diseases,hsa-miR-4443,1.2641905546188354
skin melanoma,hsa-miR-4443,1.2641900777816772
Multicystic renal dysplasia and bilateral,hsa-miR-4443,1.2641900777816772
Infertility and Female,hsa-miR-4443,1.2641900777816772
common variable immunodeficiency 2,hsa-miR-4459,1.2641891241073608
Cystic Fibrosis,hsa-miR-4443,1.2641875743865967
Nephrosis and Lipoid,hsa-miR-4443,1.2641870975494385
polycystic kidney disease 3,hsa-miR-4443,1.264186978340149
Fibrosarcoma,hsa-miR-4443,1.2641866207122803
Telangiectasia and Hereditary Hemorrhagic,hsa-miR-4443,1.2641865015029907
Bronchopulmonary Dysplasia,hsa-miR-4443,1.2641854286193848
Kidney Neoplasms,hsa-miR-4459,1.2641843557357788
Encephalomyelitis and Autoimmune and Experimental,hsa-miR-4443,1.2641841173171997
Hcv Associated Disorders,hsa-miR-4443,1.2641836404800415
Glaucoma,hsa-miR-4443,1.2641825675964355
Pyruvate Kinase Deficiency of Red Cells,hsa-miR-4443,1.2641823291778564
Cerebral Hemorrhage and Spontaneous,hsa-miR-4443,1.2641818523406982
Neuropathic Lysosomal Storage Diseases,hsa-miR-4443,1.2641814947128296
Mitral Valve Insufficiency,hsa-miR-4443,1.26418137550354
Psoriasis,hsa-miR-4443,1.264181137084961
Rhinitis and Allergic and Seasonal,hsa-miR-4443,1.2641807794570923
ACTH-independent macronodular adrenal hyperplasia,hsa-miR-4443,1.2641799449920654
Epilepsy and Post-Traumatic,hsa-miR-4443,1.2641798257827759
Thyroid Diseases,hsa-miR-4459,1.2641795873641968
Stiff-Person Syndrome,hsa-miR-4459,1.26417875289917
Bronchiolitis Obliterans,hsa-miR-4443,1.2641783952713013
Dacryocystitis,hsa-miR-4443,1.2641781568527222
Lesch-Nyhan Syndrome,hsa-miR-4443,1.2641781568527222
Lissencephaly,hsa-miR-4443,1.264177680015564
acute myocardial infarction,hsa-miR-4459,1.2641774415969849
Arthrogryposis and ectodermal dysplasia,hsa-miR-4443,1.2641764879226685
Eunuchism,hsa-miR-4443,1.2641758918762207
Adenocarcinoma,hsa-miR-4443,1.2641757726669312
Polythelia and Familial,hsa-miR-4443,1.2641756534576416
Allergic Inflammation,hsa-miR-4443,1.2641749382019043
Small Cell Lung Carcinoma,hsa-miR-4443,1.2641749382019043
Canine Mammary Carcinoma,hsa-miR-4443,1.2641748189926147
Carotid Artery Injuries,hsa-miR-4443,1.2641748189926147
Chronic Pain,hsa-miR-4459,1.2641746997833252
Carotid Stenosis,hsa-miR-4459,1.2641745805740356
Barrett Esophagus,hsa-miR-4443,1.2641743421554565
Shock and Hemorrhagic,hsa-miR-4443,1.2641735076904297
Reperfusion Injury and Pulmonary Ischemia,hsa-miR-4443,1.264172911643982
Virus Diseases,hsa-miR-4459,1.2641727924346924
Arthritis,hsa-miR-4443,1.264172077178955
hyper IgE recurrent infection syndrome 2,hsa-miR-4443,1.264172077178955
Long Term Adverse Effects,hsa-miR-4443,1.264171838760376
Intracranial Hemorrhages,hsa-miR-4443,1.2641713619232178
Diastrophic dysplasia,hsa-miR-4443,1.264170527458191
Obesity and Abdominal,hsa-miR-4443,1.2641699314117432
Mastitis,hsa-miR-4443,1.2641693353652954
Lacrimal Adenoid   Cystic Carcinoma,hsa-miR-4443,1.2641687393188477
Jaundice and Acute,hsa-miR-4459,1.264167308807373
Meningioma,hsa-miR-4443,1.264167070388794
Autistic Disorder,hsa-miR-4443,1.2641668319702148
Leukokeratosis and Hereditary Mucosal,hsa-miR-4459,1.2641665935516357
Meningitis and Bacterial,hsa-miR-4459,1.2641664743423462
Cushing Syndrome,hsa-miR-4443,1.2641661167144775
Thymoma,hsa-miR-4459,1.264164924621582
Postoperative Complications,hsa-miR-4459,1.264163613319397
Brain Infarction,hsa-miR-4443,1.2641630172729492
Vitamin D Deficiency,hsa-miR-4459,1.2641630172729492
Primary Central Nervous System Lymphoma,hsa-miR-4443,1.2641630172729492
Brain Injury and Chronic,hsa-miR-4443,1.2641628980636597
Acute Aortic   Dissection,hsa-miR-4443,1.2641626596450806
Encephalomyelitis and Western Equine,hsa-miR-4443,1.264162302017212
White Spot Syndrome Virus  Infection,hsa-miR-4459,1.2641621828079224
Adenomatous Polyposis Coli,hsa-miR-4459,1.2641613483428955
Leukemia and Myeloid,hsa-miR-4459,1.2641606330871582
Parkinsonian Disorders,hsa-miR-4459,1.2641605138778687
Multiple Pulmonary Nodules,hsa-miR-4443,1.2641605138778687
mitochondrial DNA depletion syndrome 4b,hsa-miR-4459,1.2641594409942627
Bronchial Hyperreactivity,hsa-miR-4443,1.2641587257385254
Adiposis Dolorosa,hsa-miR-4459,1.2641587257385254
Peritoneal Hyalinizing Vasculopathy,hsa-miR-4443,1.2641584873199463
Synucleinopathies,hsa-miR-4459,1.264157772064209
Leiomyosarcoma,hsa-miR-4459,1.2641568183898926
Mandibulofacial Dysostosis,hsa-miR-4443,1.2641561031341553
Enterocolitis,hsa-miR-4443,1.2641555070877075
Gynatresia,hsa-miR-4459,1.2641547918319702
Arthritis and Juvenile,hsa-miR-4459,1.2641544342041016
Trypanosomiasis,hsa-miR-4443,1.264154314994812
Meniere Disease,hsa-miR-4459,1.2641533613204956
Keratoconus,hsa-miR-4459,1.264153242111206
Sarcoidosis and Pulmonary,hsa-miR-4443,1.2641528844833374
Platelet Storage Lesion,hsa-miR-4459,1.2641528844833374
primary biliary cholangitis 1,hsa-miR-4459,1.2641525268554688
Mycobacterium Infections and Nontuberculous,hsa-miR-4443,1.2641525268554688
Heart Septal Defects and Ventricular,hsa-miR-4459,1.2641520500183105
Noonan syndrome-like disorder with loose anagen hair,hsa-miR-4459,1.2641518115997314
Ankle Fractures,hsa-miR-4443,1.264150857925415
Laryngeal Papilloma,hsa-miR-4459,1.264150619506836
Cardiovascular Complications,hsa-miR-4443,1.264150619506836
Corneal Injuries,hsa-miR-4459,1.2641505002975464
Necrobiotic Disorders,hsa-miR-4443,1.2641505002975464
Bovine Virus Diarrhea-Mucosal Disease,hsa-miR-4459,1.2641503810882568
Borderline Personality Disorder,hsa-miR-4443,1.2641500234603882
Mast Cell Tumors,hsa-miR-4459,1.26414954662323
Dental Caries,hsa-miR-4459,1.2641490697860718
Post-Cardiac Arrest Syndrome,hsa-miR-4459,1.2641488313674927
Intracranial  Aneurysm,hsa-miR-4443,1.2641485929489136
Li-Fraumeni syndrome 1,hsa-miR-4459,1.264148235321045
Simian Acquired Immunodeficiency Syndrome,hsa-miR-4459,1.2641481161117554
Endometrial Fibrosis,hsa-miR-4459,1.2641481161117554
Pituitary Diseases,hsa-miR-4443,1.2641478776931763
Fissure in Ano,hsa-miR-4443,1.2641476392745972
Sciatica,hsa-miR-4443,1.2641469240188599
ACTH Syndrome and Ectopic,hsa-miR-4459,1.2641466856002808
Fetal Macrosomia,hsa-miR-4459,1.2641466856002808
Parkinson Disease and Familial and Type 1,hsa-miR-4443,1.2641465663909912
Ear Diseases,hsa-miR-4443,1.2641465663909912
Myeloproliferative Disorders,hsa-miR-4459,1.2641459703445435
Cartilage Degradation,hsa-miR-4443,1.2641454935073853
Cancer-Associated Cachexia,hsa-miR-4459,1.2641451358795166
Osteoporosis and Postmenopausal,hsa-miR-4443,1.2641444206237793
Otofaciocervical Syndrome,hsa-miR-4443,1.2641443014144897
Hypercholesterolemia,hsa-miR-4459,1.2641440629959106
Toxoplasmosis and Ocular,hsa-miR-4443,1.2641440629959106
Drug Hypersensitivity,hsa-miR-4459,1.2641433477401733
Genital Diseases and Female,hsa-miR-4459,1.2641428709030151
rectum adenocarcinoma,hsa-miR-4459,1.2641428709030151
FG syndrome,hsa-miR-4443,1.264142394065857
Malformations of Cortical Development,hsa-miR-4459,1.2641422748565674
Low Tension Glaucoma,hsa-miR-4459,1.2641421556472778
Growth Disorders,hsa-miR-4459,1.2641419172286987
Psychotic Disorders,hsa-miR-4443,1.2641419172286987
Bloom Syndrome,hsa-miR-4459,1.2641414403915405
Reflex Sympathetic Dystrophy,hsa-miR-4443,1.2641409635543823
Anodontia,hsa-miR-4443,1.2641408443450928
Thrombotic Stroke,hsa-miR-4443,1.2641403675079346
brachydactyly type D,hsa-miR-4459,1.2641403675079346
Hypertrophy and Right Ventricular,hsa-miR-4443,1.2641398906707764
Osteoarthropathy and Primary Hypertrophic,hsa-miR-4459,1.2641397714614868
Kahrizi Syndrome,hsa-miR-4459,1.2641396522521973
Endocrine Gland Neoplasms,hsa-miR-4459,1.2641385793685913
Mite Infestations,hsa-miR-4459,1.2641379833221436
DNA Repair-Deficiency Disorders,hsa-miR-4459,1.264137864112854
Pancreatitis and Acute Necrotizing,hsa-miR-4459,1.2641371488571167
Weight Loss,hsa-miR-4443,1.2641371488571167
Low Back Pain,hsa-miR-4459,1.2641363143920898
Scapuloperoneal Myopathy and X-Linked Dominant,hsa-miR-4443,1.2641360759735107
Bone Marrow Diseases,hsa-miR-4459,1.2641360759735107
T-cell acute lymphoblastic leukemia,hsa-miR-4459,1.2641353607177734
Inflammatory Osteolysis,hsa-miR-4459,1.2641347646713257
mucinous cystadenocarcinoma of pancreas,hsa-miR-4459,1.264134168624878
Pelvic Floor Disorders,hsa-miR-4459,1.2641340494155884
Conjunctivitis and Allergic,hsa-miR-4443,1.2641340494155884
Mitochondrial Diseases,hsa-miR-4459,1.2641336917877197
Encephalomyelitis and Enzootic Porcine,hsa-miR-4459,1.2641335725784302
Brain Damage and Chronic,hsa-miR-4459,1.2641332149505615
Spinal Cord Diseases,hsa-miR-4443,1.264133095741272
Chronic Gastritis,hsa-miR-4459,1.2641328573226929
nonsyndromic congenital nail disorder 7,hsa-miR-4459,1.2641327381134033
Aneuploidy,hsa-miR-4459,1.2641327381134033
Trachoma,hsa-miR-4443,1.2641322612762451
Skin Neoplasms and Non-Melanoma,hsa-miR-4459,1.264132022857666
Endocrine System Diseases,hsa-miR-4443,1.264132022857666
Dermatitis and Allergic Contact,hsa-miR-4443,1.2641313076019287
Heart Septal Defects and Atrial,hsa-miR-4459,1.2641311883926392
Tracheal Diseases,hsa-miR-4459,1.2641310691833496
Central Nervous System Bacterial Infections,hsa-miR-4459,1.2641303539276123
Hemangioma and Infantile,hsa-miR-4459,1.2641302347183228
Glomus Tumor,hsa-miR-4459,1.2641291618347168
Leukemia and Biphenotypic and Acute,hsa-miR-4459,1.2641282081604004
Parasitic Diseases,hsa-miR-4459,1.2641276121139526
Ataxia with vitamin E deficiency,hsa-miR-4459,1.264127492904663
Alzheimer Disease ,hsa-miR-4459,1.264127254486084
Vasospasm and Intracranial and Postoperative,hsa-miR-4459,1.2641271352767944
Ventricular Dysfunction,hsa-miR-4443,1.2641271352767944
Palatal Neoplasms,hsa-miR-4459,1.2641264200210571
Amnesia,hsa-miR-4459,1.2641263008117676
Hemochromatosis,hsa-miR-4459,1.2641260623931885
Aphasia and Primary Progressive,hsa-miR-4443,1.2641255855560303
Malformations of Cortical Development and Group II,hsa-miR-4459,1.2641252279281616
Gingivitis,hsa-miR-4459,1.2641252279281616
MPTP Poisoning,hsa-miR-4459,1.2641249895095825
Adrenocortical Carcinoma,hsa-miR-4459,1.264124870300293
Sleep Apnea Syndromes,hsa-miR-4459,1.2641245126724243
Angelman Syndrome,hsa-miR-4459,1.2641243934631348
High Grade Ovarian Neoplasms,hsa-miR-4459,1.264123558998108
Hind Limb Ischemia,hsa-miR-4459,1.2641233205795288
Multicystic renal dysplasia and bilateral,hsa-miR-4459,1.264122724533081
skin melanoma,hsa-miR-4459,1.2641226053237915
Giant Cell Arteritis,hsa-miR-4459,1.2641226053237915
Thymic epithelial tumor,hsa-miR-4459,1.2641212940216064
Shock and Septic,hsa-miR-4459,1.2641210556030273
Neurosyphilis,hsa-miR-4443,1.2641208171844482
Diabetic Keratopathy,hsa-miR-4459,1.2641204595565796
Poorly Differentiated Thyroid Gland Carcinoma,hsa-miR-4459,1.26412034034729
polycystic kidney disease 3,hsa-miR-4459,1.2641196250915527
Spermatic Cord Torsion,hsa-miR-4459,1.2641193866729736
Hemorrhoids,hsa-miR-4443,1.2641187906265259
Multiple Organ Failure,hsa-miR-4459,1.2641185522079468
Obsessive-Compulsive Disorder,hsa-miR-4459,1.2641183137893677
Spondylocheirodysplasia and Ehlers-Danlos Syndrome-Like,hsa-miR-4459,1.2641183137893677
Hypoxia-Ischemia and Brain,hsa-miR-4459,1.264117956161499
Nijmegen Breakage Syndrome,hsa-miR-4443,1.264117956161499
Arrest of spermatogenesis,hsa-miR-4459,1.2641175985336304
Kidney Transplant Rejection,hsa-miR-4459,1.2641173601150513
Viral Myocarditis,hsa-miR-4459,1.2641171216964722
Seizures,hsa-miR-4459,1.2641170024871826
Hcv Associated Disorders,hsa-miR-4459,1.2641161680221558
Peripartum Cardiomyopathy ,hsa-miR-4443,1.2641161680221558
Atrial Premature Complexes,hsa-miR-4459,1.2641146183013916
Larva Migrans and Visceral,hsa-miR-4459,1.2641143798828125
Chronic  Rhinosinusitis With Nasal Polyps,hsa-miR-335-3p,1.2641143798828125
Nephrosclerosis,hsa-miR-4459,1.2641143798828125
Salpingitis,hsa-miR-4459,1.2641141414642334
Lumbar Radicular Pain,hsa-miR-4443,1.2641137838363647
Brain Ischemia ,hsa-miR-4443,1.2641137838363647
Rhinitis and Allergic and Seasonal,hsa-miR-4459,1.264113426208496
invasive aspergillosis,hsa-miR-4459,1.2641128301620483
Testicular Diseases,hsa-miR-4459,1.2641111612319946
 Equine Hepacivirus Infections,hsa-miR-4459,1.264110803604126
Coronary Stenosis,hsa-miR-4443,1.2641106843948364
Tembusu virus,hsa-miR-4459,1.2641106843948364
Cystitis and Interstitial,hsa-miR-4459,1.2641104459762573
Atrophy,hsa-miR-4443,1.2641102075576782
Eunuchism,hsa-miR-4459,1.264108657836914
Exocrine Pancreatic Insufficiency,hsa-miR-4459,1.264108657836914
Cleft Lip,hsa-miR-4459,1.2641085386276245
Marfan Syndrome,hsa-miR-4459,1.2641079425811768
Digitorenocerebral Syndrome,hsa-miR-4459,1.2641078233718872
Canine Mammary Carcinoma,hsa-miR-4459,1.264107584953308
Duodenal Ulcer,hsa-miR-4443,1.264107346534729
paramyotonia congenita of Von Eulenburg,hsa-miR-4459,1.2641059160232544
Yellow Nail Syndrome,hsa-miR-4459,1.2641057968139648
Bone Diseases and Metabolic,hsa-miR-4459,1.2641053199768066
hyper IgE recurrent infection syndrome 2,hsa-miR-4459,1.2641048431396484
Intracranial Hemorrhages,hsa-miR-4459,1.2641040086746216
Stillbirth,hsa-miR-4443,1.264103889465332
Chromate Resistance,hsa-miR-4459,1.2641037702560425
Obesity and Abdominal,hsa-miR-4459,1.264102578163147
Alveolar Bone Loss,hsa-miR-4459,1.2641021013259888
Wound Infection,hsa-miR-335-3p,1.2641005516052246
Respiration Disorders and Infant,hsa-miR-4459,1.2641003131866455
diarrhea predominant irritable bowel syndrome (IBS-D),hsa-miR-4459,1.2641000747680664
Leukemia and Myeloid and Accelerated Phase,hsa-miR-4443,1.2640995979309082
Opioid-Related Disorders,hsa-miR-4443,1.2640987634658813
Tricuspid Valve Insufficiency,hsa-miR-335-3p,1.2640984058380127
Prion Diseases,hsa-miR-4443,1.2640984058380127
Chagas Disease,hsa-miR-4459,1.2640975713729858
adhesions of uterus,hsa-miR-4443,1.2640973329544067
Erythroblastosis and Fetal,hsa-miR-4443,1.2640973329544067
Calcinosis,hsa-miR-4443,1.264096975326538
Bird Diseases,hsa-miR-4459,1.2640960216522217
Bacterial Infections,hsa-miR-4459,1.2640957832336426
Acute Aortic   Dissection,hsa-miR-4459,1.264095425605774
Encephalomyelitis and Western Equine,hsa-miR-4459,1.2640950679779053
late onset Parkinson's disease,hsa-miR-4443,1.2640949487686157
Leukemia and Acute,hsa-miR-4443,1.264094591140747
Lattice corneal dystrophy type 1,hsa-miR-335-3p,1.264094352722168
Craniosynostosis radial aplasia syndrome,hsa-miR-4443,1.2640936374664307
Platelet Storage Pool Deficiency,hsa-miR-4443,1.2640933990478516
Parathyroid Neoplasms,hsa-miR-4459,1.2640931606292725
Acidosis and Respiratory,hsa-miR-4443,1.2640928030014038
Helicobacter pylori,hsa-miR-4459,1.264091968536377
Vascular Calcification,hsa-miR-4459,1.2640918493270874
Splenic Diseases,hsa-miR-4459,1.2640914916992188
Peritoneal Hyalinizing Vasculopathy,hsa-miR-4459,1.26409113407135
Neurofibroma and Plexiform,hsa-miR-4459,1.2640907764434814
Leukemia and Myeloid and Chronic and Atypical and BCR-ABL Negative,hsa-miR-4443,1.2640904188156128
Syphilis and primary,hsa-miR-4459,1.2640900611877441
Mandibulofacial Dysostosis,hsa-miR-4459,1.2640888690948486
colon carcinoma,hsa-miR-4443,1.264088749885559
Enterocolitis,hsa-miR-4459,1.2640881538391113
Shoulder Injuries,hsa-miR-4443,1.2640879154205322
Gastrointestinal Diseases,hsa-miR-4443,1.2640875577926636
Asymptomatic Infections,hsa-miR-4443,1.264087200164795
Bronchiectasis With Or Without Elevated Sweat Chloride 1,hsa-miR-4443,1.2640862464904785
Histiocytic Sarcoma,hsa-miR-4443,1.2640862464904785
Diabetes Of The Exocrine Pancreas ,hsa-miR-4443,1.264085292816162
hyperekplexia 1,hsa-miR-4443,1.2640844583511353
Prosthesis Failure,hsa-miR-4443,1.2640835046768188
Uterine Diseases,hsa-miR-4443,1.2640833854675293
Schopf-Schulz-Passarge Syndrome,hsa-miR-4443,1.2640827894210815
Cervical Cancer and Hpv Infected,hsa-miR-4459,1.2640827894210815
Borderline Personality Disorder,hsa-miR-4459,1.264082670211792
Ocular Hypertension,hsa-miR-4459,1.2640823125839233
Rubella Syndrome and Congenital,hsa-miR-4443,1.264081358909607
Gluteal Muscle Contracture,hsa-miR-4443,1.2640810012817383
Lymphoma and B-Cell and Diffuse,hsa-miR-4443,1.2640808820724487
Parkinson Disease and Familial and Type 1,hsa-miR-4459,1.2640793323516846
ABCD syndrome,hsa-miR-4443,1.2640787363052368
Early Embryonic Arrestdagger,hsa-miR-4443,1.264078140258789
Osteonecrosis,hsa-miR-4459,1.2640777826309204
Early-Stage Malignant Melanoma,hsa-miR-4443,1.2640773057937622
Depression and Post Stroke,hsa-miR-4443,1.264077067375183
Migraine Disorders,hsa-miR-4443,1.2640764713287354
Microvascular Rarefaction,hsa-miR-4459,1.264075517654419
HTLV-II Infections,hsa-miR-4443,1.2640751600265503
Primary Ovarian Insufficiency,hsa-miR-4459,1.2640743255615234
Rhegmatogenous Retinal Detachment and Autosomal Dominant,hsa-miR-4459,1.2640737295150757
Oculocutaneous Albinism Type 3,hsa-miR-4443,1.2640734910964966
Hypertrophy and Right Ventricular,hsa-miR-4459,1.2640726566314697
Erectile Dysfunction,hsa-miR-4443,1.2640726566314697
Brucellosis,hsa-miR-4443,1.264070987701416
Incontinentia Pigmenti,hsa-miR-4443,1.2640708684921265
Cholangitis and Biliary and Primary,hsa-miR-4443,1.2640706300735474
Azoospermia and Nonobstructive,hsa-miR-4459,1.2640674114227295
Cerebral Infarction and Acute,hsa-miR-4443,1.2640674114227295
Carotid Artery Diseases,hsa-miR-4443,1.26406729221344
Placental Insufficiency,hsa-miR-4459,1.2640668153762817
Digestive System Diseases,hsa-miR-4443,1.2640655040740967
Zika virus congenital syndrome,hsa-miR-4459,1.2640647888183594
White Dot Syndromes,hsa-miR-4443,1.2640646696090698
Muscular Atrophy and Spinal,hsa-miR-4443,1.2640639543533325
Foot Ulcer,hsa-miR-4443,1.2640634775161743
Lung Carcinoid,hsa-miR-4443,1.2640618085861206
Rotavirus Infections,hsa-miR-4443,1.2640602588653564
Legg-Calve-Perthes Disease,hsa-miR-4459,1.2640595436096191
Muscular Dystrophy and Facioscapulohumeral,hsa-miR-4443,1.2640591859817505
Pheochromocytoma,hsa-miR-4443,1.2640583515167236
Intracranial Aneurysm,hsa-miR-4443,1.264057993888855
non-alcoholic fatty liver,hsa-miR-4443,1.2640576362609863
"Muscular Atrophy, Spinal",hsa-miR-4459,1.2640568017959595
Dry Eye Syndromes,hsa-miR-4456,1.2640565633773804
Salivary Gland Pleomorphic Adenoma,hsa-miR-4443,1.2640564441680908
Carcinoma and Basal Cell and Skin,hsa-miR-4459,1.2640564441680908
Coronavirus Infections,hsa-miR-4443,1.2640563249588013
Kidney Diseases and Cystic,hsa-miR-4443,1.2640562057495117
Temporomandibular Joint Osteoarthritis,hsa-miR-4459,1.2640557289123535
Stress Disorders and Traumatic,hsa-miR-4459,1.2640548944473267
Urologic Neoplasms,hsa-miR-4443,1.2640531063079834
Liver Disease and Alcohol-Associated ,hsa-miR-4459,1.264052391052246
spondyloepimetaphyseal dysplasia and Strudwick type,hsa-miR-4443,1.2640520334243774
Hemorrhoids,hsa-miR-4459,1.2640514373779297
Nijmegen Breakage Syndrome,hsa-miR-4459,1.2640507221221924
Rectal Injury,hsa-miR-4443,1.2640506029129028
Hepatitis E,hsa-miR-4443,1.2640466690063477
Lumbar Radicular Pain,hsa-miR-4459,1.264046549797058
Hydrocephalus,hsa-miR-4459,1.264045000076294
Brucellosis and Bovine,hsa-miR-4459,1.2640433311462402
Coronary Stenosis,hsa-miR-4459,1.2640432119369507
Extra-Hepatic Portal Venous  Obstruction ,hsa-miR-4459,1.2640413045883179
Scholte syndrome,hsa-miR-4459,1.264040470123291
Idiopathic Condylar Resorption,hsa-miR-4459,1.2640401124954224
Thymus Neoplasms,hsa-miR-4459,1.2640354633331299
Hypertriglyceridemia,hsa-miR-4443,1.2640348672866821
Siderosis,hsa-miR-4459,1.264033555984497
Delayed Graft Function,hsa-miR-4459,1.2640326023101807
Lung Diseases and Interstitial,hsa-miR-4443,1.2640324831008911
Respiratory Distress Syndrome and Newborn,hsa-miR-4459,1.2640321254730225
Facial Nerve Diseases,hsa-miR-4459,1.2640321254730225
Prion Diseases,hsa-miR-4459,1.264031171798706
Mycobacterium avium-intracellulare Infection,hsa-miR-4459,1.2640290260314941
Tourette Syndrome,hsa-miR-4459,1.2640273571014404
Platelet Storage Pool Deficiency,hsa-miR-4459,1.2640259265899658
Acidosis and Respiratory,hsa-miR-4459,1.2640254497528076
Allograft Rejection and Antibody-Mediated,hsa-miR-4459,1.2640252113342285
Heart Injuries,hsa-miR-4459,1.264023780822754
Adenine phosphoribosyltransferase deficiency,hsa-miR-4459,1.2640231847763062
Out-of-Hospital Cardiac Arrest,hsa-miR-4459,1.2640222311019897
Asymptomatic Infections,hsa-miR-4459,1.2640198469161987
Bronchiectasis With Or Without Elevated Sweat Chloride 1,hsa-miR-4459,1.2640190124511719
Heart Failure and Systolic,hsa-miR-4459,1.2640174627304077
Thrombosis,hsa-miR-4459,1.2640165090560913
Uterine Diseases,hsa-miR-4459,1.2640162706375122
Arteriosclerosis,hsa-miR-4459,1.2640141248703003
Cerebral Small Vessel Diseases,hsa-miR-4459,1.2640141248703003
Gluteal Muscle Contracture,hsa-miR-4459,1.2640137672424316
Myositis,hsa-miR-4459,1.2640135288238525
Hip Dislocation and Congenital,hsa-miR-4459,1.2640129327774048
ABCD syndrome,hsa-miR-4459,1.2640115022659302
Arthritis and Gouty,hsa-miR-4459,1.2640082836151123
Hepatolenticular Degeneration,hsa-miR-4459,1.2640069723129272
Sexual Dysfunctions and Psychological,hsa-miR-4459,1.264006495475769
Oculocutaneous Albinism Type 3,hsa-miR-4459,1.26400625705719
Erectile Dysfunction,hsa-miR-4459,1.2640053033828735
Osteochondritis Dissecans,hsa-miR-4459,1.2640042304992676
Incontinentia Pigmenti,hsa-miR-4459,1.2640036344528198
Glaucoma and Open-Angle,hsa-miR-4459,1.2640020847320557
Sinus Thrombosis and Intracranial,hsa-miR-4459,1.264001727104187
Olfaction Disorders,hsa-miR-4459,1.2640005350112915
Cerebral Infarction and Acute,hsa-miR-4459,1.2640001773834229
Pyloric Hypomotility,hsa-miR-4459,1.2639998197555542
Testicular Germ Cell Tumor,hsa-miR-4459,1.2639998197555542
Emphysema,hsa-miR-4459,1.2639964818954468
Prolactinoma,hsa-miR-4459,1.2639962434768677
C syndrome,hsa-miR-4459,1.2639954090118408
Rectal Diseases,hsa-miR-4459,1.2639943361282349
Papillomavirus Infections,hsa-miR-4459,1.2639929056167603
Rotavirus Infections,hsa-miR-4459,1.2639929056167603
Pheochromocytoma,hsa-miR-4459,1.263991117477417
Intracranial Aneurysm,hsa-miR-4459,1.2639909982681274
non-alcoholic fatty liver,hsa-miR-4459,1.2639906406402588
Sexually Transmitted Diseases and Viral,hsa-miR-4459,1.2639906406402588
Protein-Losing Enteropathies,hsa-miR-4459,1.2639905214309692
Salivary Gland Pleomorphic Adenoma,hsa-miR-4459,1.2639893293380737
Neoplastic Cells and Circulating,hsa-miR-4459,1.263986587524414
Urologic Neoplasms,hsa-miR-4459,1.2639859914779663
Hypertension and Renal,hsa-miR-4459,1.2639856338500977
Hypoxia and Brain,hsa-miR-4459,1.263985276222229
Vesicular Stomatitis,hsa-miR-4459,1.263981580734253
Hepatitis E,hsa-miR-4459,1.2639793157577515
Mycoplasma pneumoniae pneumonia,hsa-miR-335-3p,1.263975977897644
Myotonic Disorders,hsa-miR-4459,1.2639741897583008
Intermittent Claudication,hsa-miR-1284,1.2639714479446411
Obstructive   Kidney Disease,hsa-miR-335-3p,1.2639710903167725
Alveolar echinococcosis,hsa-miR-4459,1.2639710903167725
Cholesteatoma and Middle Ear,mmu-miR-676-3p,1.263769268989563
Chromosome Duplication,hsa-miR-4437,1.2636170387268066
Myotonic Dystrophy,hsa-miR-3619,1.263606309890747
Lymphoma and T-Cell,mmu-miR-700-5p,1.2636016607284546
Plaque and Amyloid,hsa-miR-3619,1.263582706451416
Lymphoma and T-Cell,hsa-miR-4439,1.263500452041626
Chromosome Duplication,mmu-miR-700-5p,1.2634881734848022
Nervous System Neoplasms,mmu-miR-743a,1.2634778022766113
Polyposis Syndrome and Hereditary Mixed and 1,hsa-miR-3619,1.2634761333465576
Disease Progression,hsa-mir-873,1.2634649276733398
Spinal muscular atrophy with respiratory distress 1,hsa-miR-4437,1.2634296417236328
Sleep Initiation and Maintenance Disorders,hsa-miR-4437,1.2634152173995972
Liver Diseases and Alcoholic,hsa-miR-4437,1.2634055614471436
White Coat Hypertension,hsa-miR-4444,1.2634024620056152
Peptic Ulcer,hsa-miR-4437,1.263401746749878
Thyroid Diseases,hsa-miR-4437,1.2634010314941406
Leukokeratosis and Hereditary Mucosal,hsa-miR-4437,1.2633882761001587
End Stage Liver Disease,hsa-miR-4437,1.2633873224258423
Postoperative Complications,hsa-miR-4437,1.26338529586792
Borna Disease,hsa-miR-4437,1.2633846998214722
Hematoma and Subdural and Chronic,hsa-miR-4437,1.2633812427520752
Schistosomiasis,hsa-miR-4437,1.2633802890777588
Craniofacial Abnormalities,hsa-miR-4437,1.2633761167526245
Bone Diseases,hsa-miR-4437,1.263375997543335
Laryngeal Papilloma,hsa-miR-4437,1.2633721828460693
Wound Healing,hsa-miR-4437,1.263371467590332
Selenium Deficiency,hsa-miR-4437,1.2633708715438843
Simian Acquired Immunodeficiency Syndrome,hsa-miR-4437,1.2633696794509888
Bone Regeneration,hsa-miR-4437,1.2633681297302246
Periodontal Diseases,hsa-miR-4437,1.2633678913116455
Brachial Plexus Injury,hsa-miR-4437,1.2633670568466187
Dehydration,hsa-miR-4437,1.2633651494979858
Genital Diseases and Female,hsa-miR-4437,1.2633644342422485
Albuminuria,hsa-miR-4437,1.2633640766143799
Growth Disorders,hsa-miR-4437,1.2633634805679321
brachydactyly type D,hsa-miR-4437,1.263361930847168
Environmental Illness,hsa-miR-4437,1.2633614540100098
Osteoarthropathy and Primary Hypertrophic,hsa-miR-4437,1.2633612155914307
Finnish lethal neonatal metabolic syndrome,hsa-miR-4437,1.2633600234985352
Mite Infestations,hsa-miR-4437,1.263359785079956
Lupus Nephritis,hsa-miR-4437,1.2633596658706665
Dmd-Associated Dilated Cardiomyopathy,hsa-miR-4437,1.2633596658706665
Pancreatitis and Acute Necrotizing,hsa-miR-4437,1.26335871219635
Biotinidase Deficiency,hsa-miR-4437,1.2633578777313232
Rectal Neoplasms,hsa-miR-4437,1.2633575201034546
Halal syndrome,hsa-miR-4437,1.263357400894165
Osteochondromatosis,hsa-miR-4437,1.2633565664291382
Cervical Intraepithelial Neoplasia,hsa-miR-4437,1.2633546590805054
nonsyndromic congenital nail disorder 7,hsa-miR-4437,1.2633545398712158
Aneuploidy,hsa-miR-4437,1.2633540630340576
Cholera,hsa-miR-4437,1.263352394104004
Uremia,hsa-miR-4437,1.2633503675460815
Urinary Bladder Diseases,hsa-miR-4437,1.2633503675460815
Vascular System Injuries,hsa-miR-4437,1.263349175453186
Parasitic Diseases,hsa-miR-4437,1.263349175453186
Vasospasm and Intracranial and Postoperative,hsa-miR-4437,1.2633488178253174
Ovarian Insufficiency and Premature,hsa-miR-4437,1.2633485794067383
Staphylococcal Infections,hsa-miR-4437,1.2633479833602905
Angelman Syndrome,hsa-miR-4437,1.2633459568023682
Cerebral Cortical Thinning,hsa-miR-4437,1.263345718383789
Tachycardia,hsa-mir-8080,1.2633435726165771
Thymic epithelial tumor,hsa-miR-4437,1.2633427381515503
Poorly Differentiated Thyroid Gland Carcinoma,hsa-miR-4437,1.263342022895813
Cystic Fibrosis,hsa-miR-4437,1.2633417844772339
polycystic kidney disease 3,hsa-miR-4437,1.2633410692214966
Hepatitis C and Chronic,hsa-miR-4437,1.2633397579193115
Arrest of spermatogenesis,hsa-miR-4437,1.2633391618728638
Kidney Transplant Rejection,hsa-miR-4437,1.2633389234542847
Viral Myocarditis,hsa-miR-4437,1.2633386850357056
Encephalomyelitis and Autoimmune and Experimental,hsa-miR-4437,1.263338565826416
Sick Sinus Syndrome,hsa-miR-4437,1.2633377313613892
Cerebral Hemorrhage and Spontaneous,hsa-miR-4437,1.2633360624313354
Respiratory Syncytial Virus Infections,hsa-miR-4437,1.263335943222046
Infant and Newborn and Diseases,hsa-miR-4437,1.263335943222046
Neuropathic Lysosomal Storage Diseases,hsa-miR-4437,1.2633357048034668
Collagen Diseases,hsa-miR-4437,1.2633343935012817
Acromegaly,hsa-miR-4437,1.263333797454834
Hirschsprung Disease,hsa-miR-4437,1.263333797454834
Substance Abuse and Intravenous,hsa-miR-4437,1.263331651687622
Hereditary pancreatitis,hsa-miR-4437,1.2633315324783325
Post-Dural Puncture Headache,hsa-miR-4437,1.263330101966858
Cleft Lip,hsa-miR-4437,1.263330101966858
Polythelia and Familial,hsa-miR-4437,1.2633296251296997
Marfan Syndrome,hsa-miR-4437,1.2633296251296997
Hypertensive  Disorder Complicating Pregnancy,hsa-miR-4437,1.263329029083252
Carotid Artery Injuries,hsa-miR-4437,1.2633289098739624
Pseudarthrosis,hsa-miR-4437,1.2633275985717773
Hemoglobin Bart'S Hydrops   Fetalis Syndrome,mmu-miR-700-5p,1.2633253335952759
Gastric And Colon Cancer,hsa-miR-4437,1.2633241415023804
Laron Syndrome,mmu-miR-700-5p,1.2633212804794312
Renal Tubular Oxidative Injury,mmu-miR-700-5p,1.2633212804794312
Myasthenia Gravis with Thymus Hyperplasia,mmu-miR-700-5p,1.2633196115493774
Kidney Neoplasms,mmu-miR-700-5p,1.2633192539215088
External Auditory Canal Squamous Cell Carcinoma,hsa-miR-4437,1.263318657875061
Aortic Aneurysm,hsa-miR-4437,1.263318419456482
Lymphoma and T-Cell and Cutaneous,hsa-miR-4437,1.2633178234100342
Reticuloendotheliosis Virus Infections,hsa-miR-4437,1.2633174657821655
Bacterial Infections,hsa-miR-4437,1.263317346572876
Brain Infarction,hsa-miR-4437,1.263317346572876
Acute Aortic   Dissection,hsa-miR-4437,1.2633169889450073
Neurodevelopmental Disorders,mmu-miR-700-5p,1.2633166313171387
Encephalomyelitis and Western Equine,hsa-miR-4437,1.2633163928985596
Werner Syndrome,mmu-miR-700-5p,1.2633150815963745
Parathyroid Neoplasms,hsa-miR-4437,1.2633148431777954
Multiple Pulmonary Nodules,hsa-miR-4437,1.2633148431777954
Hyperinsulinism,hsa-miR-4437,1.2633146047592163
Obstetric Labor Complications,mmu-miR-700-5p,1.263312816619873
rippling muscle disease 1,hsa-miR-4437,1.2633121013641357
Leg Ulcer,mmu-miR-700-5p,1.263311743736267
Pneumonia and Staphylococcal,mmu-miR-700-5p,1.2633109092712402
Enterocolitis,hsa-miR-4437,1.2633097171783447
Pediatric Cystic Fibrosis,mmu-miR-700-5p,1.2633095979690552
Carotid Stenosis,mmu-miR-700-5p,1.2633094787597656
Ankle Fractures,hsa-miR-4437,1.2633051872253418
Abortion and Spontaneous,mmu-miR-700-5p,1.2633051872253418
Lumbar Disc   Herniation,mmu-miR-700-5p,1.263304591178894
Heart Valve Diseases,mmu-miR-700-5p,1.263304591178894
Lymphoma and T-Cell,mmu-miR-708,1.2633042335510254
Pituitary Diseases,hsa-miR-4437,1.2633020877838135
Jaundice and Acute,mmu-miR-700-5p,1.2633020877838135
Meningitis and Bacterial,mmu-miR-700-5p,1.2633012533187866
Tuberous Sclerosis 1,mmu-miR-700-5p,1.2632994651794434
Osteonecrosis,hsa-miR-4437,1.2632992267608643
Hyperpigmentation and Skin,mmu-miR-700-5p,1.263298749923706
Neoplasms and Germ Cell and Embryonal,hsa-miR-4437,1.2632986307144165
Borna Disease,mmu-miR-700-5p,1.2632981538772583
Prostatitis,mmu-miR-700-5p,1.2632979154586792
salivary gland adenoid cystic carcinoma,hsa-miR-4437,1.2632970809936523
White Spot Syndrome Virus  Infection,mmu-miR-700-5p,1.2632970809936523
Leukemia and Myeloid,mmu-miR-700-5p,1.2632954120635986
Foot-and-Mouth Disease,mmu-miR-700-5p,1.263295292854309
mitochondrial DNA depletion syndrome 4b,mmu-miR-700-5p,1.2632943391799927
Polycythemia Vera,mmu-miR-700-5p,1.2632936239242554
Adiposis Dolorosa,mmu-miR-700-5p,1.2632935047149658
Distal arthrogryposis type 2B,mmu-miR-700-5p,1.2632931470870972
Depressive Disorder,mmu-miR-700-5p,1.2632925510406494
Graft vs Host Disease,mmu-miR-700-5p,1.2632900476455688
Tuberculosis and Spinal,mmu-miR-700-5p,1.2632899284362793
Diabetic Retinopathy ,mmu-miR-700-5p,1.2632898092269897
Gynatresia,mmu-miR-700-5p,1.2632895708084106
Craniofacial Abnormalities,mmu-miR-700-5p,1.2632895708084106
Bradycardia,mmu-miR-700-5p,1.2632890939712524
Hip Fractures,mmu-miR-700-5p,1.2632877826690674
primary biliary cholangitis 1,mmu-miR-700-5p,1.2632875442504883
Corneal Injuries,mmu-miR-700-5p,1.2632853984832764
Bovine Virus Diarrhea-Mucosal Disease,mmu-miR-700-5p,1.2632852792739868
Wound Healing,mmu-miR-700-5p,1.2632848024368286
Mast Cell Tumors,mmu-miR-700-5p,1.26328444480896
Hypospadias,mmu-miR-700-5p,1.2632842063903809
Pain and Inflammatory,mmu-miR-700-5p,1.2632838487625122
Dental Caries,mmu-miR-700-5p,1.2632838487625122
Li-Fraumeni syndrome 1,mmu-miR-700-5p,1.263283371925354
Adenocarcinoma and Follicular,mmu-miR-700-5p,1.2632824182510376
ACTH Syndrome and Ectopic,mmu-miR-700-5p,1.2632817029953003
Periodontal Diseases,mmu-miR-700-5p,1.263281226158142
Cerebral Intraventricular Hemorrhage,mmu-miR-700-5p,1.263280987739563
Brachial Plexus Injury,mmu-miR-700-5p,1.2632802724838257
Asthma-Chronic Obstructive Pulmonary Disease Overlap Syndrome,mmu-miR-700-5p,1.2632795572280884
Polyps,mmu-miR-700-5p,1.2632791996002197
"Muscular Atrophy, Spinal",hsa-miR-4437,1.2632783651351929
Genital Diseases and Female,mmu-miR-700-5p,1.2632778882980347
Growth Disorders,mmu-miR-700-5p,1.2632766962051392
Carcinoma and Squamous Cell and Cutaneous,mmu-miR-700-5p,1.26327645778656
Thoracic Aortic   Dissection,mmu-miR-700-5p,1.263276219367981
Adrenal Cortex Neoplasms,mmu-miR-700-5p,1.263276219367981
Femur Head Necrosis,mmu-miR-700-5p,1.263274908065796
Multiple Trauma,hsa-miR-4437,1.263274908065796
Osteoarthropathy and Primary Hypertrophic,mmu-miR-700-5p,1.2632746696472168
Environmental Illness,mmu-miR-700-5p,1.2632746696472168
Sarcoma and Ewing,mmu-miR-700-5p,1.26327383518219
Sepsis Induced Liver Injury,mmu-miR-700-5p,1.2632733583450317
DNA Repair-Deficiency Disorders,mmu-miR-700-5p,1.2632728815078735
Aortic Diseases,mmu-miR-700-5p,1.2632724046707153
Pancreatitis and Acute Necrotizing,mmu-miR-700-5p,1.2632720470428467
Low Back Pain,mmu-miR-700-5p,1.2632713317871094
Rectal Neoplasms,mmu-miR-700-5p,1.2632710933685303
Ataxia Neuropathy Spectrum,mmu-miR-700-5p,1.263270616531372
von Willebrand Diseases,mmu-miR-700-5p,1.2632704973220825
Peripartum Cardiomyopathy ,hsa-miR-4437,1.263270378112793
Thalassemia,mmu-miR-700-5p,1.2632697820663452
Distal myopathy and Nonaka type,mmu-miR-700-5p,1.2632691860198975
mucinous cystadenocarcinoma of pancreas,mmu-miR-700-5p,1.263269066810608
Sleep Deprivation,hsa-miR-4437,1.2632684707641602
Airway Inflammation,mmu-miR-700-5p,1.263268232345581
Brain Damage and Chronic,mmu-miR-700-5p,1.2632681131362915
Lumbar Radicular Pain,hsa-miR-4437,1.2632678747177124
nonsyndromic congenital nail disorder 7,mmu-miR-700-5p,1.2632677555084229
Ischemic Cerebral Infarction,mmu-miR-700-5p,1.263267159461975
Infarction,mmu-miR-700-5p,1.2632665634155273
Hepacivirus,mmu-miR-700-5p,1.2632662057876587
Colonic Polyps,mmu-miR-700-5p,1.26326584815979
Central Nervous System Bacterial Infections,mmu-miR-700-5p,1.2632652521133423
Hemangioma and Infantile,mmu-miR-700-5p,1.2632652521133423
Coronary Restenosis,mmu-miR-700-5p,1.2632637023925781
Neuroectodermal Tumors and Primitive,mmu-miR-700-5p,1.263262391090393
Ovarian Insufficiency and Premature,mmu-miR-700-5p,1.2632620334625244
Scholte syndrome,hsa-miR-4437,1.2632619142532349
Idiopathic Condylar Resorption,hsa-miR-4437,1.2632616758346558
Oral Ulcer,mmu-miR-700-5p,1.2632611989974976
Malformations of Cortical Development and Group II,mmu-miR-700-5p,1.2632602453231812
MPTP Poisoning,mmu-miR-700-5p,1.2632598876953125
Neurofibromatosis 2,mmu-miR-700-5p,1.2632598876953125
Angelman Syndrome,mmu-miR-700-5p,1.2632592916488647
Sarcoma and Kaposi,mmu-miR-700-5p,1.263258934020996
arteriosclerotic cardiovascular disease,mmu-miR-700-5p,1.2632585763931274
High Grade Ovarian Neoplasms,mmu-miR-700-5p,1.2632585763931274
Seizures and Febrile,mmu-miR-700-5p,1.263258457183838
Hind Limb Ischemia,mmu-miR-700-5p,1.2632582187652588
Tracheal Stenosis,mmu-miR-700-5p,1.2632577419281006
Autoimmune Diseases of the Nervous System,hsa-miR-200a-3p,1.2632577419281006
Giant Cell Arteritis,mmu-miR-700-5p,1.2632575035095215
skin melanoma,mmu-miR-700-5p,1.2632575035095215
Encephalomyelitis and Acute Disseminated,hsa-miR-4437,1.2632575035095215
Infertility and Female,mmu-miR-700-5p,1.2632575035095215
Hemoglobin Bart'S Hydrops   Fetalis Syndrome,hsa-miR-4439,1.263257384300232
Thymus Neoplasms,hsa-miR-4437,1.2632570266723633
Fibrosis and Skin,mmu-miR-700-5p,1.2632566690444946
Vitelliform Macular Dystrophy,hsa-miR-200a-3p,1.2632564306259155
Poorly Differentiated Thyroid Gland Carcinoma,mmu-miR-700-5p,1.2632551193237305
Siderosis,hsa-miR-4437,1.2632551193237305
Folliculotropic Mycosis Fungoides,mmu-miR-700-5p,1.263255000114441
Nephrosis and Lipoid,mmu-miR-700-5p,1.2632548809051514
polycystic kidney disease 3,mmu-miR-700-5p,1.2632546424865723
Spermatic Cord Torsion,mmu-miR-700-5p,1.2632542848587036
Depression and Postpartum,mmu-miR-700-5p,1.2632542848587036
Cirrhotic Cardiomyopathy,mmu-miR-700-5p,1.263253927230835
Prostatitis and Chronic,hsa-miR-4437,1.2632535696029663
Renal Tubular Oxidative Injury,hsa-miR-4439,1.2632533311843872
Spondylocheirodysplasia and Ehlers-Danlos Syndrome-Like,mmu-miR-700-5p,1.2632533311843872
Prion Diseases,hsa-miR-4437,1.26325261592865
Arrest of spermatogenesis,mmu-miR-700-5p,1.2632523775100708
Anemia,mmu-miR-700-5p,1.2632516622543335
Cryopyrin-Associated Periodic Syndromes,mmu-miR-700-5p,1.2632513046264648
Gastritis and Pediatric,mmu-miR-700-5p,1.2632508277893066
Precursor T-Cell Lymphoblastic Leukemia-Lymphoma,mmu-miR-700-5p,1.263250470161438
Glaucoma,mmu-miR-700-5p,1.2632501125335693
Inflammation and Post Stroke,mmu-miR-700-5p,1.2632496356964111
Cerebral Hemorrhage and Spontaneous,mmu-miR-700-5p,1.2632495164871216
Nephrosclerosis,mmu-miR-700-5p,1.263249158859253
Psoriasis,mmu-miR-700-5p,1.2632489204406738
Mitral Valve Insufficiency,mmu-miR-700-5p,1.2632489204406738
Reperfusion Injury and Hepatic Ischemia,mmu-miR-700-5p,1.2632488012313843
Pterygium,mmu-miR-700-5p,1.2632488012313843
Rhinitis and Allergic and Seasonal,mmu-miR-700-5p,1.2632482051849365
Collagen Diseases,mmu-miR-700-5p,1.2632478475570679
Epilepsy and Post-Traumatic,mmu-miR-700-5p,1.2632476091384888
Blast Crisis,hsa-miR-4437,1.2632473707199097
Hepatitis and Chronic,hsa-miR-4437,1.2632471323013306
Cachexia,mmu-miR-700-5p,1.2632464170455933
Takayasu Arteritis,mmu-miR-700-5p,1.2632462978363037
Rhinitis and Allergic,mmu-miR-700-5p,1.2632460594177246
Lesch-Nyhan Syndrome,mmu-miR-700-5p,1.2632458209991455
Gastric   Cancer,mmu-miR-700-5p,1.2632453441619873
Carcinoma and Small Cell,mmu-miR-700-5p,1.2632449865341187
Diabetes Mellitus and Experimental,hsa-mir-873,1.263244390487671
Glucose Intolerance,hsa-miR-4439,1.2632441520690918
frontotemporal dementia,hsa-miR-4437,1.2632437944412231
Post-Dural Puncture Headache,mmu-miR-700-5p,1.2632436752319336
dystonia 5,hsa-miR-4437,1.2632431983947754
Polymyositis,mmu-miR-700-5p,1.2632430791854858
Marfan Syndrome,mmu-miR-700-5p,1.2632429599761963
Interstitial Fibrosis and Renal,hsa-miR-4439,1.2632428407669067
Cholestasis and Intrahepatic,hsa-miR-4437,1.2632427215576172
Digitorenocerebral Syndrome,mmu-miR-700-5p,1.2632427215576172
Retinal Dystrophies,mmu-miR-700-5p,1.2632426023483276
gastric cardia adenocarcinoma,mmu-miR-700-5p,1.263242483139038
Canine Mammary Carcinoma,mmu-miR-700-5p,1.263242483139038
Carotid Artery Injuries,mmu-miR-700-5p,1.2632423639297485
Lymphoma and Extranodal NK-T-Cell,hsa-miR-4439,1.263242244720459
Shoulder Injuries,hsa-miR-4437,1.2632421255111694
Rosacea,mmu-miR-700-5p,1.2632420063018799
Lipodystrophy and Partial and Acquired,hsa-miR-4437,1.2632417678833008
Pediatric Obesity,hsa-miR-4439,1.2632412910461426
Heart Defects and Congenital,mmu-miR-700-5p,1.2632412910461426
Bicuspid Aortic Valve Disease,mmu-miR-700-5p,1.263241171836853
Shock and Hemorrhagic,mmu-miR-700-5p,1.263241171836853
Typical Teratoid Rhabdoid Tumor,hsa-miR-4439,1.2632408142089844
Tooth Diseases,hsa-miR-4437,1.2632404565811157
Pregnancy Complications,mmu-miR-700-5p,1.2632403373718262
Hypocalciuric hypercalcemia and familial and type 1,hsa-miR-4439,1.2632403373718262
Histiocytic Sarcoma,hsa-miR-4437,1.2632403373718262
Peripheral Arterial Occlusive Disease 1,hsa-miR-4439,1.263240098953247
Polycythemia,hsa-miR-4437,1.2632397413253784
Trophoblastic Neoplasms,hsa-miR-4437,1.2632397413253784
Cerebral Infarction,mmu-miR-700-5p,1.2632380723953247
Nasopharyngeal Neoplasms,mmu-miR-700-5p,1.2632378339767456
Disorders of Excessive Somnolence,mmu-miR-700-5p,1.263237714767456
Lymphoma and Natural   Killer/T-Cell,mmu-miR-700-5p,1.263236403465271
Hair Diseases,hsa-miR-4437,1.2632358074188232
Rubella Syndrome and Congenital,hsa-miR-4437,1.2632354497909546
Bronchopneumonia,hsa-miR-4437,1.2632354497909546
Respiration Disorders and Infant,mmu-miR-700-5p,1.2632352113723755
Chagas Cardiomyopathy,hsa-miR-4439,1.263235092163086
Benign Paroxysmal Positional Vertigo,hsa-miR-4439,1.2632343769073486
Granulosa Cell Tumor,hsa-miR-4437,1.2632337808609009
renal fibrosis,mmu-miR-700-5p,1.2632336616516113
Cushing Syndrome,mmu-miR-700-5p,1.2632336616516113
Leukokeratosis and Hereditary Mucosal,hsa-miR-4439,1.2632336616516113
Vertigo,hsa-miR-4439,1.2632334232330322
End Stage Liver Disease,hsa-miR-4439,1.2632328271865845
Acute Coronary Syndrome and Non-St  Elevation,hsa-miR-4439,1.2632323503494263
Cardiomyopathy dilated with woolly hair and keratoderma,mmu-miR-700-5p,1.263231635093689
Hyperlipoproteinemia Type II,mmu-miR-700-5p,1.2632315158843994
Early-Stage Malignant Melanoma,hsa-miR-4437,1.2632313966751099
Poikiloderma with Neutropenia,hsa-miR-4437,1.2632313966751099
Ectrodactyly-cleft lip-palate syndrome,mmu-miR-700-5p,1.2632309198379517
Bacterial Infections,mmu-miR-700-5p,1.263230800628662
Cerebral Hemorrhage,hsa-miR-4439,1.2632306814193726
ovarian carcinoma,mmu-miR-700-5p,1.263230323791504
Hepatic Veno-Occlusive Disease,hsa-miR-4437,1.2632302045822144
Hemangioma,mmu-miR-700-5p,1.2632300853729248
Reinjuries,mmu-miR-700-5p,1.2632298469543457
Liver Failure,mmu-miR-700-5p,1.2632286548614502
Brain Ischemia and Acute,hsa-miR-4439,1.2632282972335815
Myeloma Bone Disease,hsa-miR-200a-3p,1.2632280588150024
Coronary Artery  Disease,mmu-miR-700-5p,1.2632272243499756
Polyomavirus Infections,mmu-miR-700-5p,1.2632272243499756
Helicobacter pylori,mmu-miR-700-5p,1.2632269859313965
Vascular Calcification,mmu-miR-700-5p,1.2632267475128174
mitochondrial DNA depletion syndrome 4b,hsa-miR-4439,1.2632266283035278
Splenic Diseases,mmu-miR-700-5p,1.2632265090942383
Adiposis Dolorosa,hsa-miR-4439,1.26322603225708
Polycythemia Vera,hsa-miR-4439,1.2632259130477905
rippling muscle disease 1,mmu-miR-700-5p,1.2632256746292114
Incontinentia Pigmenti,hsa-miR-4437,1.2632251977920532
Cholangitis and Biliary and Primary,hsa-miR-4437,1.2632248401641846
Glima,mmu-miR-700-5p,1.263224482536316
Atrial Myosins,mmu-miR-700-5p,1.263224482536316
Neointimal   Hyperplasia,mmu-miR-700-5p,1.2632240056991577
Inflammation and Chronic,hsa-miR-200a-3p,1.2632237672805786
Mandibulofacial Dysostosis,mmu-miR-700-5p,1.263223648071289
Bone Pain,mmu-miR-700-5p,1.263223648071289
Enterocolitis,mmu-miR-700-5p,1.2632230520248413
Brain Neoplasms,hsa-miR-4439,1.263222575187683
Blood Coagulation Disorders,hsa-miR-4439,1.2632222175598145
Sexually Transmitted Diseases,hsa-miR-4437,1.2632219791412354
Diabetic Retinopathy ,hsa-miR-4439,1.2632218599319458
Colon   Adenocarcinoma,mmu-miR-700-5p,1.2632217407226562
Craniofacial Abnormalities,hsa-miR-4439,1.2632216215133667
Gynatresia,hsa-miR-4439,1.2632216215133667
Staphylococcal Scalded Skin Syndrome,hsa-miR-4439,1.2632215023040771
Bradycardia,hsa-miR-4439,1.263221025466919
primary biliary cholangitis 1,hsa-miR-4439,1.2632195949554443
Hydatidiform Mole,mmu-miR-700-5p,1.2632192373275757
Bipolar Disorder,hsa-miR-4437,1.2632189989089966
Cardiovascular Complications,mmu-miR-700-5p,1.2632182836532593
Foot Ulcer,hsa-miR-4437,1.2632176876068115
Bovine Virus Diarrhea-Mucosal Disease,hsa-miR-4439,1.2632173299789429
Wound Healing,hsa-miR-4439,1.2632170915603638
Sarcopenia,hsa-miR-4437,1.2632168531417847
Pulmonary Eosinophilia,mmu-miR-700-5p,1.2632166147232056
Burns,mmu-miR-700-5p,1.263216257095337
Lung Carcinoid,hsa-miR-4437,1.2632161378860474
Post-Cardiac Arrest Syndrome,hsa-miR-4439,1.2632158994674683
Li-Fraumeni syndrome 1,hsa-miR-4439,1.26321542263031
Pituitary Diseases,mmu-miR-700-5p,1.26321542263031
Infant and Low Birth Weight,hsa-miR-4439,1.2632153034210205
cone-rod dystrophy 6,mmu-miR-700-5p,1.263215184211731
Simian Acquired Immunodeficiency Syndrome,hsa-miR-4439,1.2632150650024414
Intracranial Aneurysm,hsa-miR-4437,1.2632125616073608
Premature Ovarian Aging,hsa-miR-4439,1.2632124423980713
Otofaciocervical Syndrome,mmu-miR-700-5p,1.2632118463516235
Short Stature and Idiopathic and Autosomal,hsa-miR-4439,1.2632116079330444
Hepatitis A,hsa-miR-4439,1.2632100582122803
Psychotic Disorders,mmu-miR-700-5p,1.263209581375122
Albuminuria,hsa-miR-4439,1.263209581375122
Low Tension Glaucoma,hsa-miR-4439,1.2632091045379639
Papillon-Lefevre Disease,hsa-miR-4439,1.2632085084915161
Bloom Syndrome,hsa-miR-4439,1.2632085084915161
Anodontia,mmu-miR-700-5p,1.2632083892822266
Carcinoma and Squamous Cell and Cutaneous,hsa-miR-4439,1.2632083892822266
Sveinsson Chorioretinal Atrophy,hsa-miR-4439,1.263208270072937
Carcinoma and Merkel Cell,mmu-miR-700-5p,1.263207197189331
Kahrizi Syndrome,hsa-miR-4439,1.263206958770752
Dmd-Associated Dilated Cardiomyopathy,hsa-miR-4439,1.2632051706314087
Corneal Neovascularization,hsa-miR-4439,1.26320481300354
Weight Loss,mmu-miR-700-5p,1.26320481300354
Obesity and Osteosarcopenic,hsa-miR-4437,1.26320481300354
Aortic Diseases,hsa-miR-4439,1.2632044553756714
Pancreatitis and Acute Necrotizing,hsa-miR-4439,1.2632043361663818
Welander distal myopathy and Swedish type,hsa-miR-4439,1.2632040977478027
Nervous Necrosis Virus Infectious,mmu-miR-700-5p,1.2632038593292236
Low Back Pain,hsa-miR-4439,1.263203501701355
Halal syndrome,hsa-miR-4439,1.2632030248641968
T-cell acute lymphoblastic leukemia,hsa-miR-4439,1.2632023096084595
Placental Insufficiency,mmu-miR-700-5p,1.2632017135620117
Influenza in Birds,hsa-miR-4439,1.2632015943527222
Status Epilepticus,hsa-miR-4439,1.2632008790969849
Gastric Intestinal   Metaplasia,hsa-miR-4439,1.2632005214691162
Cervical Intraepithelial Neoplasia,hsa-miR-4439,1.263200283050537
Focal Infection,mmu-miR-700-5p,1.263200044631958
Chronic Disease,hsa-miR-4439,1.263200044631958
nonsyndromic congenital nail disorder 7,hsa-miR-4439,1.263200044631958
Aneuploidy,hsa-miR-4439,1.2631996870040894
Exudative Vitreoretinopathy 4,hsa-miR-4439,1.2631990909576416
Hypotension,hsa-miR-4439,1.2631990909576416
Sarcoidosis,hsa-miR-4439,1.2631983757019043
Heart Septal Defects and Atrial,hsa-miR-4439,1.2631981372833252
Liver Cirrhosis and Alcoholic,hsa-miR-4439,1.263197422027588
Osteoarthritis and Post-Traumatic,hsa-miR-4439,1.263196587562561
Urinary Bladder Diseases,hsa-miR-4439,1.2631959915161133
Carcinogenesis,mmu-miR-700-5p,1.2631953954696655
Aphasia and Primary Progressive,mmu-miR-700-5p,1.263193130493164
Malformations of Cortical Development and Group II,hsa-miR-4439,1.2631922960281372
Amelogenesis Imperfecta,hsa-miR-4437,1.2631922960281372
Gingivitis,hsa-miR-4439,1.2631921768188477
Lymphoma and T-Cell,hsa-miR-4494,1.2631912231445312
Periapical Diseases,hsa-miR-4437,1.2631912231445312
Neonatal hemochromatosis,hsa-miR-4439,1.2631911039352417
Cerebral Cortical Thinning,hsa-miR-4439,1.2631911039352417
Neoplasm and Residual,hsa-miR-4439,1.2631908655166626
High Grade Ovarian Neoplasms,hsa-miR-4439,1.263190746307373
Chromosome Duplication,mmu-miR-708,1.263190746307373
Osteoporosis-pseudoglioma syndrome,mmu-miR-700-5p,1.2631902694702148
Hearing Disorders,hsa-miR-4439,1.2631897926330566
Fibrosis and Skin,hsa-miR-4439,1.2631888389587402
Microphthalmia and syndromic 2,hsa-miR-4439,1.2631871700286865
Cystic Fibrosis,hsa-miR-4439,1.2631871700286865
Nephrosis and Lipoid,hsa-miR-4439,1.2631869316101074
Acute Lymphoblastic Leukemia and T-Cell,hsa-miR-4439,1.2631856203079224
Spondylocheirodysplasia and Ehlers-Danlos Syndrome-Like,hsa-miR-4439,1.2631855010986328
Hepatitis C and Chronic,hsa-miR-4439,1.2631851434707642
Neoplasms and Glandular and Epithelial,mmu-miR-700-5p,1.263184905052185
Orchitis,mmu-miR-700-5p,1.263184666633606
Arrest of spermatogenesis,hsa-miR-4439,1.263184666633606
Langer mesomelic dysplasia,hsa-miR-4439,1.2631845474243164
Sensation Disorders,hsa-miR-4439,1.263183832168579
Hcv Associated Disorders,hsa-miR-4439,1.2631832361221313
Sick Sinus Syndrome,hsa-miR-4439,1.2631832361221313
Acne Vulgaris,hsa-miR-4439,1.2631831169128418
Hearing Loss,mmu-miR-700-5p,1.2631816864013672
Brain Ischemia ,mmu-miR-700-5p,1.2631815671920776
Larva Migrans and Visceral,hsa-miR-4439,1.2631813287734985
Nephrosclerosis,hsa-miR-4439,1.263181209564209
Keratitis and Herpetic,hsa-miR-4439,1.2631808519363403
Infections,hsa-miR-4439,1.2631807327270508
Acromegaly,hsa-miR-4439,1.2631793022155762
Enterovirus B and Human,hsa-miR-4439,1.2631789445877075
Cachexia,hsa-miR-4439,1.2631785869598389
Atrophy,mmu-miR-700-5p,1.2631778717041016
Enzootic Bovine Leukosis,hsa-miR-4439,1.2631765604019165
Arthrogryposis and ectodermal dysplasia,hsa-miR-4439,1.263176441192627
Lyme Disease,hsa-miR-4439,1.2631762027740479
Cleft Lip,hsa-miR-4439,1.2631758451461792
Post-Dural Puncture Headache,hsa-miR-4439,1.2631758451461792
Microphthalmos,mmu-miR-700-5p,1.2631756067276
Idiopathic Condylar Resorption,mmu-miR-700-5p,1.2631752490997314
Duodenal Ulcer,mmu-miR-700-5p,1.2631752490997314
Allergic Inflammation,hsa-miR-4439,1.2631748914718628
gastric cardia adenocarcinoma,hsa-miR-4439,1.2631744146347046
Rosacea,hsa-miR-4439,1.2631741762161255
Long Term Adverse Effects,hsa-miR-4439,1.263171672821045
Encephalomyelitis and Acute Disseminated,mmu-miR-700-5p,1.263170838356018
Thymus Neoplasms,mmu-miR-700-5p,1.2631703615188599
Nasopharyngeal Neoplasms,hsa-miR-4439,1.2631698846817017
Endotoxemia,hsa-miR-4439,1.263169288635254
CREST Syndrome,mmu-miR-700-5p,1.2631691694259644
Alveolar Bone Loss,hsa-miR-4439,1.2631690502166748
Siderosis,mmu-miR-700-5p,1.2631683349609375
Hypoxia-Ischemia and Brain and Newborn,hsa-miR-4439,1.263167381286621
intracranial berry aneurysm 3,mmu-miR-700-5p,1.2631670236587524
Respiratory Distress Syndrome and Newborn,mmu-miR-700-5p,1.263166904449463
Facial Nerve Diseases,mmu-miR-700-5p,1.263166904449463
Meningioma,hsa-miR-4439,1.263166904449463
Opioid-Related Disorders,mmu-miR-700-5p,1.2631666660308838
Autistic Disorder,hsa-miR-4439,1.2631666660308838
Hyperoxia-Induced Lung Injury,hsa-miR-4439,1.263166069984436
Prion Diseases,mmu-miR-700-5p,1.2631659507751465
adhesions of uterus,mmu-miR-700-5p,1.263164758682251
Chagas Disease,hsa-miR-4439,1.263164758682251
Calcinosis,mmu-miR-700-5p,1.263164758682251
Pleuropulmonary blastoma,mmu-miR-700-5p,1.2631640434265137
Cardiomyopathy dilated with woolly hair and keratoderma,hsa-miR-4439,1.2631639242172241
Vulvar Neoplasms,hsa-miR-4439,1.2631639242172241
Acute Aortic   Dissection,hsa-miR-4439,1.263162612915039
late onset Parkinson's disease,mmu-miR-700-5p,1.263162612915039
ovarian carcinoma,hsa-miR-4439,1.263162612915039
Hemangioma,hsa-miR-4439,1.2631622552871704
Encephalomyelitis and Western Equine,hsa-miR-4439,1.2631620168685913
Tibial Fractures,hsa-miR-4439,1.2631618976593018
Reinjuries,hsa-miR-4439,1.2631618976593018
GATA2 Deficiency,hsa-miR-4439,1.263161540031433
Encephalitis,mmu-miR-700-5p,1.263161301612854
Hepatitis and Chronic,mmu-miR-700-5p,1.2631605863571167
Epidermodysplasia Verruciformis,mmu-miR-700-5p,1.2631603479385376
Acidosis and Respiratory,mmu-miR-700-5p,1.263160228729248
Turcot syndrome,hsa-miR-4439,1.263158917427063
Bronchial Hyperreactivity,hsa-miR-4439,1.2631586790084839
Colorectal   Adenocarcinoma,hsa-miR-4439,1.2631584405899048
rippling muscle disease 1,hsa-miR-4439,1.2631577253341675
Glima,hsa-miR-4439,1.2631566524505615
Bone Pain,hsa-miR-4439,1.2631559371948242
Tetralogy of Fallot,hsa-miR-4439,1.2631558179855347
Shoulder Injuries,mmu-miR-700-5p,1.2631555795669556
Acrodermatitis enteropathica,mmu-miR-700-5p,1.263153314590454
Polycythemia,mmu-miR-700-5p,1.263153076171875
Zika Virus Infection,mmu-miR-700-5p,1.263153076171875
Papilloma and Choroid Plexus,hsa-miR-4439,1.2631515264511108
Uterine Diseases,mmu-miR-700-5p,1.2631511688232422
Cardiovascular Complications,hsa-miR-4439,1.2631504535675049
Schopf-Schulz-Passarge Syndrome,mmu-miR-700-5p,1.2631503343582153
Lichen Sclerosus et Atrophicus,mmu-miR-700-5p,1.2631494998931885
Hair Diseases,mmu-miR-700-5p,1.2631492614746094
Rubella Syndrome and Congenital,mmu-miR-700-5p,1.2631489038467407
Pulmonary Eosinophilia,hsa-miR-4439,1.2631487846374512
Lymphoma and B-Cell and Diffuse,mmu-miR-700-5p,1.263148546218872
Burns,hsa-miR-4439,1.263148546218872
Hip Dislocation and Congenital,mmu-miR-700-5p,1.2631480693817139
Malaria and Vivax,hsa-miR-4439,1.2631477117538452
Pituitary Diseases,hsa-miR-4439,1.2631474733352661
Parkinson Disease and Familial and Type 1,hsa-miR-4439,1.2631465196609497
Bk Virus Infections,hsa-miR-4439,1.263146162033081
Early-Stage Malignant Melanoma,mmu-miR-700-5p,1.2631449699401855
Osteonecrosis,hsa-miR-4439,1.2631447315216064
Osteoporosis and Postmenopausal,hsa-miR-4439,1.2631441354751587
Otofaciocervical Syndrome,hsa-miR-4439,1.2631441354751587
Hernias and Diaphragmatic and Congenital,mmu-miR-700-5p,1.26314377784729
Hepatic Veno-Occlusive Disease,mmu-miR-700-5p,1.2631436586380005
Peritoneal Diseases,mmu-miR-700-5p,1.263143539428711
HTLV-II Infections,mmu-miR-700-5p,1.2631429433822632
salivary gland adenoid cystic carcinoma,hsa-miR-4439,1.263142704963684
Diabetic Neuropathies,hsa-miR-4439,1.2631405591964722
Adenocarcinoma and Sebaceous and Ocular,hsa-miR-4439,1.263139247894287
Juvenile gout,hsa-miR-200a-3p,1.2631384134292603
Anterior Cruciate Ligament Injuries,hsa-miR-4439,1.2631354331970215
Sexually Transmitted Diseases,mmu-miR-700-5p,1.2631354331970215
obstructive nephropathy,mmu-miR-700-5p,1.2631351947784424
Cerebral Infarction and Acute,mmu-miR-700-5p,1.2631351947784424
Carotid Artery Diseases,mmu-miR-700-5p,1.2631349563598633
Pyloric Hypomotility,mmu-miR-700-5p,1.2631347179412842
Brain Injury and Ischemic,mmu-miR-700-5p,1.2631347179412842
Smooth Muscle Tumor,mmu-miR-700-5p,1.2631335258483887
Granuloma,hsa-miR-200a-3p,1.2631330490112305
Spinal Cord Diseases,hsa-miR-4439,1.2631326913833618
Nonsyndromic sensorineural hearing loss,hsa-miR-4439,1.2631323337554932
Focal Infection,hsa-miR-4439,1.2631322145462036
Emphysema,mmu-miR-700-5p,1.2631312608718872
Lung Carcinoid,mmu-miR-700-5p,1.263129472732544
Rectal Diseases,mmu-miR-700-5p,1.2631291151046753
Hemorrhagic Fever and Ebola,mmu-miR-708,1.2631291151046753
Dementia,mmu-miR-700-5p,1.2631282806396484
Rotavirus Infections,mmu-miR-700-5p,1.2631278038024902
Carcinogenesis,hsa-miR-4439,1.2631275653839111
Ventricular Dysfunction,hsa-miR-4439,1.2631272077560425
Thyroiditis and Subacute,mmu-miR-708,1.2631269693374634
Coronavirus Infections,mmu-miR-700-5p,1.2631237506866455
Carcinoma and Basal Cell and Skin,hsa-miR-4439,1.263123631477356
Vitreoretinopathy and Proliferative,mmu-miR-708,1.263122797012329
Infant Nutrition Disorders,mmu-miR-708,1.263122320175171
Immune System Diseases,mmu-miR-700-5p,1.263122320175171
Wiskott-Aldrich Syndrome,mmu-miR-708,1.2631220817565918
Graves Ophthalmopathy,hsa-miR-4439,1.2631220817565918
Fluorosis and Dental,mmu-miR-700-5p,1.263121485710144
Arteriosclerosis Obliterans,mmu-miR-700-5p,1.263121247291565
Polyposis Syndrome and Hereditary Mixed and 1,hsa-miR-200a-3p,1.2631210088729858
spondyloepimetaphyseal dysplasia and Strudwick type,mmu-miR-700-5p,1.2631195783615112
Vesicular Stomatitis,mmu-miR-700-5p,1.2631165981292725
Peripartum Cardiomyopathy ,hsa-miR-4439,1.2631160020828247
Cystoid Macular Edema and Diabetic,mmu-miR-700-5p,1.263114094734192
Coronary Stenosis,hsa-miR-4439,1.2631103992462158
Chediak-Higashi Syndrome,hsa-miR-200a-3p,1.2631101608276367
Chronic Pain,mmu-miR-708,1.2631099224090576
Pediatric Cystic Fibrosis,mmu-miR-708,1.2631096839904785
Leukoplakia and Oral,mmu-miR-708,1.2631094455718994
Pediatric Obesity,mmu-miR-708,1.2631094455718994
Cystadenocarcinoma and Serous and Endometrial,mmu-miR-708,1.2631080150604248
Duodenal Ulcer,hsa-miR-4439,1.2631072998046875
Hearing Loss and Unilateral,mmu-miR-708,1.2631068229675293
Chondrocalcinosis,hsa-miR-4439,1.2631065845489502
sporatic amyotrophic lateral sclerosis,mmu-miR-708,1.2631057500839233
Abortion and Spontaneous,mmu-miR-708,1.2631053924560547
Oropharyngeal Neoplasms,hsa-miR-4439,1.263105034828186
Altitude Sickness,mmu-miR-708,1.2631046772003174
Vitamin B Deficiency,hsa-miR-4439,1.2631043195724487
Thymus Neoplasms,hsa-miR-4439,1.263102412223816
Vertigo,mmu-miR-708,1.263101577758789
Thymoma,mmu-miR-708,1.263100266456604
Delayed Graft Function,hsa-miR-4439,1.2630997896194458
Leukemia and Myeloid and Accelerated Phase,hsa-miR-4439,1.2630993127822876
uterine corpus endometrial carcinoma,mmu-miR-708,1.2630990743637085
Postoperative Complications,mmu-miR-708,1.2630988359451294
Amebiasis,hsa-miR-200a-3p,1.2630985975265503
Prostatitis,mmu-miR-708,1.2630982398986816
torsion dystonia 1,mmu-miR-708,1.2630977630615234
Neoplasm Metastasis,hsa-miR-4439,1.2630974054336548
Erythroblastosis and Fetal,hsa-miR-4439,1.2630971670150757
Adenomatous Polyposis Coli,mmu-miR-708,1.2630966901779175
Brain Ischemia and Acute,mmu-miR-708,1.2630963325500488
Mycobacterium avium-intracellulare Infection,hsa-miR-4439,1.2630960941314697
Ventricular Premature Complexes,mmu-miR-700-5p,1.263095736503601
Leukemia and Myeloid,mmu-miR-708,1.263095736503601
Foot-and-Mouth Disease,mmu-miR-708,1.2630956172943115
Hematoma and Subdural and Chronic,mmu-miR-708,1.2630947828292847
late onset Parkinson's disease,hsa-miR-4439,1.2630946636199951
Thyroid Carcinoma and Anaplastic,mmu-miR-708,1.263094186782837
Thinness,hsa-miR-4439,1.2630937099456787
Distal arthrogryposis type 2B,mmu-miR-708,1.26309335231781
Blast Crisis,hsa-miR-4439,1.2630929946899414
Testicular Neoplasms,hsa-miR-200a-3p,1.263090968132019
Ventricular Remodeling,hsa-miR-4439,1.2630908489227295
Leptomeningeal Metastasis,mmu-miR-708,1.2630906105041504
Brain Neoplasms,mmu-miR-708,1.2630903720855713
Rectal Prolapse,hsa-miR-4439,1.2630902528762817
Tuberculosis and Spinal,mmu-miR-708,1.2630901336669922
Diabetic Retinopathy ,mmu-miR-708,1.2630900144577026
Glycogen Storage Disease Type VI,mmu-miR-708,1.2630900144577026
Gynatresia,mmu-miR-708,1.263089656829834
Bradycardia,mmu-miR-708,1.2630894184112549
Staphylococcal Scalded Skin Syndrome,mmu-miR-708,1.2630894184112549
Oophoritis,hsa-miR-4439,1.2630888223648071
colon carcinoma,hsa-miR-4439,1.2630887031555176
Meniere Disease,mmu-miR-708,1.2630884647369385
Intestinal Atresia,hsa-miR-4439,1.263087511062622
Lipodystrophy and Partial and Acquired,hsa-miR-4439,1.263087272644043
Heart Septal Defects and Ventricular,mmu-miR-708,1.2630871534347534
Noonan syndrome-like disorder with loose anagen hair,mmu-miR-708,1.2630869150161743
Cardiomyopathy and Dilated and with Left Ventricular Noncompaction,mmu-miR-708,1.2630865573883057
Laryngeal Papilloma,mmu-miR-708,1.2630857229232788
Wound Healing,mmu-miR-708,1.2630850076675415
Mast Cell Tumors,mmu-miR-708,1.2630847692489624
Selenium Deficiency,mmu-miR-708,1.2630844116210938
Pain and Inflammatory,mmu-miR-708,1.2630839347839355
Rotator Cuff,hsa-miR-4439,1.2630836963653564
Li-Fraumeni syndrome 1,mmu-miR-708,1.2630834579467773
Rabies,hsa-miR-4439,1.26308274269104
Angina and Unstable,mmu-miR-708,1.2630822658538818
Hemangioma and Cavernous,hsa-miR-4439,1.2630821466445923
PEHO syndrome,mmu-miR-708,1.2630821466445923
Bone Regeneration,mmu-miR-708,1.2630815505981445
Myeloproliferative Disorders,mmu-miR-708,1.263081431388855
Hair Diseases,hsa-miR-4439,1.263081431388855
Rubella Syndrome and Congenital,hsa-miR-4439,1.2630810737609863
Bronchopneumonia,hsa-miR-4439,1.2630808353424072
Reperfusion Injury and Intestinal Ischemia,mmu-miR-708,1.26308012008667
Iris Diseases,mmu-miR-708,1.2630800008773804
Multiple Chronic Conditions,hsa-miR-4439,1.2630796432495117
Endothelial Dysfunction ,mmu-miR-708,1.2630796432495117
Hepatitis A,mmu-miR-708,1.263078212738037
Early Embryonic Arrestdagger,hsa-miR-4439,1.263077974319458
Genital Diseases and Female,mmu-miR-708,1.263077974319458
Low Tension Glaucoma,mmu-miR-708,1.2630773782730103
Adrenal Cortex Neoplasms,mmu-miR-708,1.2630764245986938
Migraine Disorders,hsa-miR-4439,1.2630761861801147
Peritoneal Diseases,hsa-miR-4439,1.2630757093429565
Femur Head Necrosis,mmu-miR-708,1.2630752325057983
Pleomorphic Sarcoma and Undifferentiated,mmu-miR-708,1.2630749940872192
Osteoarthropathy and Primary Hypertrophic,mmu-miR-708,1.2630748748779297
Mesangial sclerosis and diffuse,hsa-mir-873,1.2630747556686401
Finnish lethal neonatal metabolic syndrome,mmu-miR-708,1.2630738019943237
Dmd-Associated Dilated Cardiomyopathy,mmu-miR-708,1.263073444366455
Alcohol Induced Neurogenic Inflammation,mmu-miR-708,1.2630726099014282
Erectile Dysfunction,hsa-miR-4439,1.2630723714828491
Pancreatitis and Acute Necrotizing,mmu-miR-708,1.2630723714828491
Arbovirus Infections,hsa-miR-4439,1.2630716562271118
Low Back Pain,mmu-miR-708,1.2630714178085327
Rectal Neoplasms,mmu-miR-708,1.2630711793899536
Halal syndrome,mmu-miR-708,1.263071060180664
Incontinentia Pigmenti,hsa-miR-4439,1.2630707025527954
Pancreatitis,mmu-miR-708,1.2630704641342163
Cholangitis and Biliary and Primary,hsa-miR-4439,1.2630704641342163
Inflammatory Osteolysis,mmu-miR-708,1.2630698680877686
Distal myopathy and Nonaka type,mmu-miR-708,1.2630695104599
mucinous cystadenocarcinoma of pancreas,mmu-miR-708,1.2630693912506104
Cumulative Trauma Disorders,mmu-miR-708,1.2630693912506104
Influenza in Birds,mmu-miR-708,1.2630693912506104
Glaucoma and Open-Angle,hsa-miR-4439,1.2630692720413208
Pelvic Floor Disorders,mmu-miR-708,1.2630692720413208
Gastric Precancerous Lesion,mmu-miR-708,1.2630691528320312
Sinus Thrombosis and Intracranial,hsa-miR-4439,1.263068675994873
Brain Damage and Chronic,mmu-miR-708,1.2630685567855835
Aneuploidy,mmu-miR-708,1.2630679607391357
Olfaction Disorders,hsa-miR-4439,1.2630677223205566
Carotid Artery Diseases,hsa-miR-4439,1.2630671262741089
Exudative Vitreoretinopathy 4,mmu-miR-708,1.2630670070648193
Sarcoidosis,mmu-miR-708,1.2630664110183716
Encephalomyelitis and Eastern Equine,mmu-miR-708,1.263066291809082
Rupture,mmu-miR-708,1.2630659341812134
Neuroleptic Malignant Syndrome,mmu-miR-708,1.2630648612976074
AIDS Dementia Complex,mmu-miR-708,1.2630647420883179
Wasting Disease and Chronic,mmu-miR-708,1.2630640268325806
Coronary Restenosis,mmu-miR-708,1.263063907623291
Immune-Mediated Inflammatory Diseases,mmu-miR-708,1.263063669204712
Foot Ulcer,hsa-miR-4439,1.2630631923675537
Neuroectodermal Tumors and Primitive,mmu-miR-708,1.2630627155303955
Parasitic Diseases,mmu-miR-708,1.263062596321106
Vasospasm and Intracranial and Postoperative,mmu-miR-708,1.2630623579025269
Alzheimer Disease ,mmu-miR-708,1.2630622386932373
Ovarian Insufficiency and Premature,mmu-miR-708,1.2630621194839478
Amnesia,mmu-miR-708,1.2630615234375
Palatal Neoplasms,mmu-miR-708,1.2630615234375
Choroidal Melanoma,mmu-miR-708,1.2630608081817627
Malformations of Cortical Development and Group II,mmu-miR-708,1.263060450553894
Gingivitis,mmu-miR-708,1.263060212135315
Rotavirus Infections,hsa-miR-4439,1.2630600929260254
Upper Tract Urothelial Carcinoma,hsa-miR-4439,1.2630596160888672
Angelman Syndrome,mmu-miR-708,1.263059377670288
Prader-Willi Syndrome,mmu-miR-708,1.263059139251709
Muscular Dystrophy and Facioscapulohumeral,hsa-miR-4439,1.263059139251709
Periodontal Cyst,hsa-miR-4439,1.2630587816238403
arteriosclerotic cardiovascular disease,mmu-miR-708,1.2630586624145508
Neoplasm and Residual,mmu-miR-708,1.2630586624145508
Tracheal Stenosis,mmu-miR-708,1.2630581855773926
non-alcoholic fatty liver,hsa-miR-4439,1.2630577087402344
Sexually Transmitted Diseases and Viral,hsa-miR-4439,1.2630575895309448
Infertility and Female,mmu-miR-708,1.2630575895309448
Fibrosis and Skin,mmu-miR-708,1.2630568742752075
Shock and Septic,mmu-miR-708,1.2630559206008911
Spermatic Cord Torsion,mmu-miR-708,1.263054609298706
salivary gland mucoepidermoid carcinoma,mmu-miR-708,1.2630544900894165
Immune System Diseases,hsa-miR-4439,1.2630544900894165
Gastrinoma,mmu-miR-708,1.263054370880127
Rolandic Epilepsy and Mental Retardation and and Speech Dyspraxia and X-Linked,mmu-miR-708,1.2630540132522583
Cyprinid Herpesvirus 3,mmu-miR-708,1.2630537748336792
Neoplastic Cells and Circulating,hsa-miR-4439,1.2630536556243896
Acute Lymphocytic Leukemia and B-Cell,mmu-miR-708,1.2630534172058105
Hepatitis C and Chronic,mmu-miR-708,1.263053297996521
Bronchopulmonary Dysplasia,mmu-miR-708,1.263053297996521
Hypoxia-Ischemia and Brain,mmu-miR-708,1.2630531787872314
Arrest of spermatogenesis,mmu-miR-708,1.2630527019500732
Cryopyrin-Associated Periodic Syndromes,mmu-miR-708,1.2630517482757568
Thyroiditis and Subacute,hsa-miR-4494,1.2630510330200195
Iron Metabolism Disorders,mmu-miR-708,1.2630506753921509
Subarachnoid Hemorrhage,mmu-miR-708,1.2630504369735718
Colitis and Ulcerative,mmu-miR-708,1.2630503177642822
Hemoglobin Bart'S Hydrops   Fetalis Syndrome,hsa-miR-4494,1.2630494832992554
Respiratory Syncytial Virus Infections,mmu-miR-708,1.2630493640899658
Nephrosclerosis,mmu-miR-708,1.2630493640899658
Ossification of Posterior Longitudinal Ligament,hsa-miR-4439,1.2630492448806763
Salpingitis,mmu-miR-708,1.2630492448806763
Psoriasis,mmu-miR-708,1.2630491256713867
Pterygium,mmu-miR-708,1.2630488872528076
Infections,mmu-miR-708,1.2630486488342285
Collagen Diseases,mmu-miR-708,1.2630480527877808
Congenital central hypoventilation syndrome,mmu-miR-708,1.2630480527877808
ACTH-independent macronodular adrenal hyperplasia,mmu-miR-708,1.2630475759506226
Enterovirus B and Human,mmu-miR-708,1.2630470991134644
Cachexia,mmu-miR-708,1.2630468606948853
Teratoid Rhabdoid Tumor and Atypical,mmu-miR-708,1.263046383857727
Infant Nutrition Disorders,hsa-miR-4494,1.2630462646484375
Lissencephaly,mmu-miR-708,1.2630456686019897
Substance Abuse and Intravenous,mmu-miR-708,1.2630455493927002
Post-Dural Puncture Headache,mmu-miR-708,1.2630438804626465
Adenocarcinoma,mmu-miR-708,1.263043761253357
Liver Diseases and Alcoholic,hsa-miR-4494,1.2630434036254883
Polythelia and Familial,mmu-miR-708,1.2630432844161987
Retinal Dystrophies,mmu-miR-708,1.26304292678833
Small Cell Lung Carcinoma,mmu-miR-708,1.2630428075790405
gastric cardia adenocarcinoma,mmu-miR-708,1.2630424499511719
Rosacea,mmu-miR-708,1.2630423307418823
Heart Defects and Congenital,mmu-miR-708,1.2630417346954346
Bicuspid Aortic Valve Disease,mmu-miR-708,1.263041377067566
Pregnancy Complications,mmu-miR-708,1.263040542602539
Arthritis,mmu-miR-708,1.2630398273468018
Peptic Ulcer,hsa-miR-4494,1.263039469718933
Intracranial Hemorrhages,mmu-miR-708,1.263038992881775
Diastrophic dysplasia,mmu-miR-708,1.2630382776260376
Cerebral Infarction,mmu-miR-708,1.2630382776260376
Nasopharyngeal Neoplasms,mmu-miR-708,1.263038158416748
Stiff-Person Syndrome,hsa-miR-4494,1.263037919998169
Amelogenesis Imperfecta,hsa-miR-4439,1.263037919998169
Graves Disease,mmu-miR-708,1.2630372047424316
Obstetric Labor Complications,hsa-miR-4494,1.263037085533142
Clubfoot,mmu-miR-708,1.263036847114563
Glucose Intolerance,hsa-miR-4494,1.2630362510681152
Nager acrofacial dysostosis,mmu-miR-708,1.2630354166030884
Meningioma,mmu-miR-708,1.2630350589752197
Ventricular Dysfunction and Left,hsa-miR-4494,1.2630339860916138
Duane Retraction Syndrome,mmu-miR-708,1.263033390045166
Pulmonary Edema,mmu-miR-708,1.2630332708358765
Typical Teratoid Rhabdoid Tumor,hsa-miR-4494,1.2630327939987183
Hypocalciuric hypercalcemia and familial and type 1,hsa-miR-4494,1.2630324363708496
Cystadenocarcinoma and Serous and Endometrial,hsa-miR-4494,1.263032078742981
Bird Diseases,mmu-miR-708,1.2630311250686646
Ectrodactyly-cleft lip-palate syndrome,mmu-miR-708,1.2630311250686646
ovarian carcinoma,mmu-miR-708,1.2630305290222168
Encephalomyelitis and Western Equine,mmu-miR-708,1.2630301713943481
GATA2 Deficiency,mmu-miR-708,1.26302969455719
Liver Failure,mmu-miR-708,1.263028860092163
Parathyroid Neoplasms,mmu-miR-708,1.2630285024642944
Multiple Pulmonary Nodules,mmu-miR-708,1.2630285024642944
Vascular Calcification,mmu-miR-708,1.2630270719528198
Splenic Diseases,mmu-miR-708,1.2630265951156616
Peritoneal Hyalinizing Vasculopathy,mmu-miR-708,1.263026475906372
Jaundice and Acute,hsa-miR-4494,1.2630263566970825
Neurofibroma and Plexiform,mmu-miR-708,1.2630259990692139
Meningitis and Bacterial,hsa-miR-4494,1.2630257606506348
Syphilis and primary,mmu-miR-708,1.263025164604187
Acute Coronary Syndrome and Non-St  Elevation,hsa-miR-4494,1.2630245685577393
Mandibulofacial Dysostosis,mmu-miR-708,1.2630242109298706
Tuberous Sclerosis 1,hsa-miR-4494,1.263023853302002
uterine corpus endometrial carcinoma,hsa-miR-4494,1.2630231380462646
Hyperpigmentation and Skin,hsa-miR-4494,1.263023018836975
Cholecystitis,hsa-miR-4494,1.263022780418396
Pars Planitis,hsa-miR-4494,1.263022780418396
Trypanosomiasis,mmu-miR-708,1.2630220651626587
Brain Ischemia and Acute,hsa-miR-4494,1.263020634651184
Mycobacterium Infections and Nontuberculous,mmu-miR-708,1.263020396232605
Moebius syndrome 1,hsa-miR-4494,1.263020396232605
Foot-and-Mouth Disease,hsa-miR-4494,1.2630198001861572
Lymphoma and Mantle-Cell,hsa-miR-4494,1.26301908493042
Hematoma and Subdural and Chronic,hsa-miR-4494,1.2630189657211304
Osteoporotic Fractures,mmu-miR-708,1.2630187273025513
Ankle Fractures,mmu-miR-708,1.2630187273025513
Cardiovascular Complications,mmu-miR-708,1.2630183696746826
Schistosomiasis,hsa-miR-4494,1.2630177736282349
Respirovirus Infections,mmu-miR-708,1.2630170583724976
Synucleinopathies,hsa-miR-4494,1.2630168199539185
Stomatitis and Herpetic,mmu-miR-708,1.2630162239074707
Malaria and Vivax,mmu-miR-708,1.2630157470703125
Pituitary Diseases,mmu-miR-708,1.263015627861023
Fibrous Dysplasia and Polyostotic,hsa-miR-4494,1.263015627861023
Brain Neoplasms,hsa-miR-4494,1.2630146741867065
Tuberculosis and Spinal,hsa-miR-4494,1.2630141973495483
Craniofacial Abnormalities,hsa-miR-4494,1.2630137205123901
Staphylococcal Scalded Skin Syndrome,hsa-miR-4494,1.2630136013031006
Bone Diseases,hsa-miR-4494,1.263013482093811
Bradycardia,hsa-miR-4494,1.2630133628845215
Meniere Disease,hsa-miR-4494,1.2630125284194946
Keratoconus,hsa-miR-4494,1.263012409210205
primary biliary cholangitis 1,hsa-miR-4494,1.2630118131637573
Tuberculosis and Meningeal,mmu-miR-708,1.2630112171173096
Microvascular Rarefaction,mmu-miR-708,1.2630109786987305
FG syndrome,mmu-miR-708,1.2630105018615723
Cardiomyopathy and Dilated and with Left Ventricular Noncompaction,hsa-miR-4494,1.2630105018615723
Cholelithiasis,mmu-miR-708,1.2630099058151245
Amyloidosis,hsa-miR-4439,1.263009786605835
Corneal Injuries,hsa-miR-4494,1.2630096673965454
Psychotic Disorders,mmu-miR-708,1.2630095481872559
Bovine Virus Diarrhea-Mucosal Disease,hsa-miR-4494,1.2630094289779663
Wound Healing,hsa-miR-4494,1.2630091905593872
Rhegmatogenous Retinal Detachment and Autosomal Dominant,mmu-miR-708,1.263008713722229
Mast Cell Tumors,hsa-miR-4494,1.263008713722229
Diabetic Neuropathies,mmu-miR-708,1.2630085945129395
Thrombotic Stroke,mmu-miR-708,1.2630082368850708
Hepatopulmonary Syndrome,hsa-miR-4494,1.2630082368850708
Li-Fraumeni syndrome 1,hsa-miR-4494,1.2630075216293335
Simian Acquired Immunodeficiency Syndrome,hsa-miR-4494,1.2630072832107544
Angina and Unstable,hsa-miR-4494,1.2630064487457275
Niemann-Pick disease type C1,hsa-miR-4494,1.2630059719085693
Fetal Macrosomia,hsa-miR-4494,1.2630059719085693
Myeloproliferative Disorders,hsa-miR-4494,1.2630053758621216
Premature Ovarian Aging,hsa-miR-4494,1.2630045413970947
Viral Respiratory Infections,hsa-miR-4494,1.2630040645599365
Iris Diseases,hsa-miR-4494,1.263003945350647
Nervous Necrosis Virus Infectious,mmu-miR-708,1.263003945350647
Short Stature and Idiopathic and Autosomal,hsa-miR-4494,1.2630035877227783
Polyps,hsa-miR-4494,1.2630033493041992
Dehydration,hsa-miR-4494,1.2630027532577515
Hyperplasia,mmu-miR-708,1.2630027532577515
Conjunctivitis and Allergic,mmu-miR-708,1.2630020380020142
Bloom Syndrome,hsa-miR-4494,1.263000726699829
Thoracic Aortic   Dissection,hsa-miR-4494,1.26300048828125
Sveinsson Chorioretinal Atrophy,hsa-miR-4494,1.26300048828125
Hand and Foot and Mouth Disease,mmu-miR-708,1.263000249862671
Femur Head Necrosis,hsa-miR-4494,1.2629992961883545
Osteoarthropathy and Primary Hypertrophic,hsa-miR-4494,1.2629989385604858
Hyperparathyroidism and Primary,hsa-miR-4494,1.2629989385604858
Alcohol Withdrawal Delirium,mmu-miR-708,1.2629984617233276
Sepsis Induced Liver Injury,hsa-miR-4494,1.2629976272583008
Dmd-Associated Dilated Cardiomyopathy,hsa-miR-4494,1.2629973888397217
Alcohol Induced Neurogenic Inflammation,hsa-miR-4494,1.262996792793274
Carcinogenesis,mmu-miR-708,1.262995719909668
Biotinidase Deficiency,hsa-miR-4494,1.2629954814910889
Low Back Pain,hsa-miR-4494,1.2629954814910889
Rectal Neoplasms,hsa-miR-4494,1.2629953622817993
Pancreatitis,hsa-miR-4494,1.262994408607483
T-cell acute lymphoblastic leukemia,hsa-miR-4494,1.262994408607483
Status Epilepticus,hsa-miR-4494,1.2629930973052979
Mitochondrial Diseases,hsa-miR-4494,1.2629927396774292
Brain Damage and Chronic,hsa-miR-4494,1.26299250125885
Endometrial Hyperplasia,hsa-miR-4494,1.2629917860031128
Carcinoma and Basal Cell and Skin,mmu-miR-708,1.2629915475845337
Skin Neoplasms and Non-Melanoma,hsa-miR-4494,1.2629914283752441
Ischemic Cerebral Infarction,hsa-miR-4494,1.2629914283752441
Heart Septal Defects and Atrial,hsa-miR-4494,1.2629903554916382
Liver Cirrhosis and Alcoholic,hsa-miR-4494,1.2629897594451904
Urinary Bladder Diseases,hsa-miR-4494,1.2629879713058472
Cleidocranial Dysplasia,hsa-miR-4494,1.262987732887268
Ataxia with vitamin E deficiency,hsa-miR-4494,1.2629865407943726
Parasitic Diseases,hsa-miR-4494,1.2629865407943726
Vasospasm and Intracranial and Postoperative,hsa-miR-4494,1.262986421585083
Colorectal Neoplasms and Hereditary Nonpolyposis,hsa-miR-4494,1.2629859447479248
Amnesia,hsa-miR-4494,1.2629854679107666
peripartum cardiomyopathy,mmu-miR-676-3p,1.2629849910736084
Malformations of Cortical Development and Group II,hsa-miR-4494,1.2629845142364502
Gingivitis,hsa-miR-4494,1.262984275817871
Gastritis and Hypertrophic,hsa-miR-4494,1.2629832029342651
Cerebral Cortical Thinning,hsa-miR-4494,1.2629832029342651
High Grade Ovarian Neoplasms,hsa-miR-4494,1.2629826068878174
Hearing Loss,mmu-miR-708,1.26298189163208
skin melanoma,hsa-miR-4494,1.2629817724227905
Lumbosacral Spinal Root Avulsion,hsa-miR-4494,1.2629812955856323
Folliculotropic Mycosis Fungoides,hsa-miR-4494,1.2629791498184204
Nephrosis and Lipoid,hsa-miR-4494,1.2629791498184204
polycystic kidney disease 3,hsa-miR-4494,1.2629786729812622
Coronary Stenosis,mmu-miR-708,1.262978434562683
Spondylocheirodysplasia and Ehlers-Danlos Syndrome-Like,hsa-miR-4494,1.2629776000976562
Hypoxia-Ischemia and Brain,hsa-miR-4494,1.262977123260498
Langer mesomelic dysplasia,hsa-miR-4494,1.2629767656326294
Kidney Transplant Rejection,hsa-miR-4494,1.2629765272140503
Extra-Hepatic Portal Venous  Obstruction ,mmu-miR-708,1.2629765272140503
Rett Syndrome,hsa-miR-4494,1.2629765272140503
Encephalomyelitis and Autoimmune and Experimental,hsa-miR-4494,1.262976050376892
Anemia,hsa-miR-4494,1.2629759311676025
Microphthalmos,mmu-miR-708,1.262975811958313
Sensation Disorders,hsa-miR-4494,1.2629756927490234
Acne Vulgaris,hsa-miR-4494,1.2629753351211548
Scholte syndrome,mmu-miR-708,1.2629753351211548
Duodenal Ulcer,mmu-miR-708,1.2629752159118652
Subarachnoid Hemorrhage,hsa-miR-4494,1.2629743814468384
Cardiomyopathy and Hypertrophic,mmu-miR-708,1.2629741430282593
Nephrosclerosis,hsa-miR-4494,1.2629735469818115
Neuropathic Lysosomal Storage Diseases,hsa-miR-4494,1.2629733085632324
Psoriasis,hsa-miR-4494,1.2629731893539429
Pterygium,hsa-miR-4494,1.2629729509353638
Vascular Remodeling,hsa-miR-4494,1.262972116470337
Congenital central hypoventilation syndrome,hsa-miR-4494,1.2629719972610474
Jaw Abnormalities,hsa-miR-4494,1.2629717588424683
Acromegaly,hsa-miR-4494,1.2629715204238892
Hirschsprung Disease,hsa-miR-4494,1.2629714012145996
Rhinitis and Allergic,hsa-miR-4494,1.2629703283309937
Coronary Artery Calcification,hsa-miR-4494,1.2629698514938354
Warburg micro syndrome 1,hsa-miR-4494,1.2629692554473877
Enteropathy-Associated T-Cell Lymphoma,mmu-miR-708,1.2629687786102295
Enzootic Bovine Leukosis,hsa-miR-4494,1.2629687786102295
Arthrogryposis and ectodermal dysplasia,hsa-miR-4494,1.2629685401916504
Megalencephalic leukoencephalopathy with subcortical cysts,hsa-miR-4494,1.2629685401916504
Delayed Graft Function,mmu-miR-708,1.262967586517334
Polymyositis,hsa-miR-4494,1.2629672288894653
intracranial berry aneurysm 3,mmu-miR-708,1.2629671096801758
Digitorenocerebral Syndrome,hsa-miR-4494,1.2629671096801758
Allergic Inflammation,hsa-miR-4494,1.2629668712615967
Canine Mammary Carcinoma,hsa-miR-4494,1.2629668712615967
Skin Neoplasms,hsa-miR-4494,1.2629663944244385
Prion Diseases,mmu-miR-708,1.262966275215149
esophageal carcinoma,hsa-miR-4494,1.2629660367965698
Pseudarthrosis,hsa-miR-4494,1.2629653215408325
Reperfusion Injury and Pulmonary Ischemia,hsa-miR-4494,1.2629648447036743
Bone Diseases and Metabolic,hsa-miR-4494,1.2629643678665161
Mycobacterium avium-intracellulare Infection,mmu-miR-708,1.2629643678665161
Optic Nerve Diseases,mmu-miR-708,1.2629635334014893
Growth Hormone-Secreting Pituitary Adenoma,hsa-miR-4494,1.2629634141921997
Trichohepatoenteric Syndrome,mmu-miR-708,1.2629634141921997
Disorders of Excessive Somnolence,hsa-miR-4494,1.2629622220993042
Sarcoma and Synovial,mmu-miR-708,1.2629621028900146
Obesity and Abdominal,hsa-miR-4494,1.262961745262146
Thinness,mmu-miR-708,1.2629616260528564
Encephalitis,mmu-miR-708,1.2629613876342773
Graves Disease,hsa-miR-4494,1.2629613876342773
Alveolar Bone Loss,hsa-miR-4494,1.2629612684249878
Hepatitis and Chronic,mmu-miR-708,1.26296067237854
Epidermodysplasia Verruciformis,mmu-miR-708,1.26296067237854
Allograft Rejection and Antibody-Mediated,mmu-miR-708,1.262960433959961
Breast Diseases,mmu-miR-708,1.2629592418670654
Liver Cirrhosis and Hepatitis Virus B-Related,hsa-miR-4494,1.2629591226577759
Ventricular Remodeling,mmu-miR-708,1.2629587650299072
frontotemporal dementia,mmu-miR-708,1.2629573345184326
Oophoritis,mmu-miR-708,1.262956976890564
dystonia 5,mmu-miR-708,1.2629567384719849
Cholestasis and Intrahepatic,mmu-miR-708,1.2629563808441162
Vulvar Neoplasms,hsa-miR-4494,1.2629557847976685
Intestinal Atresia,mmu-miR-708,1.2629554271697998
Bacterial Infections,hsa-miR-4494,1.2629549503326416
ovarian carcinoma,hsa-miR-4494,1.2629544734954834
Encephalomyelitis and Western Equine,hsa-miR-4494,1.2629543542861938
Reinjuries,hsa-miR-4494,1.2629539966583252
Tibial Fractures,hsa-miR-4494,1.2629539966583252
hyperekplexia 1,mmu-miR-708,1.2629523277282715
Parathyroid Neoplasms,hsa-miR-4494,1.2629523277282715
Rotator Cuff,mmu-miR-708,1.2629516124725342
Melanoma and Experimental,hsa-miR-4494,1.2629516124725342
Bronchial Hyperreactivity,hsa-miR-4494,1.2629505395889282
Splenic Diseases,hsa-miR-4494,1.2629505395889282
Colorectal   Adenocarcinoma,hsa-miR-4494,1.2629504203796387
Schopf-Schulz-Passarge Syndrome,mmu-miR-708,1.2629504203796387
Lichen Sclerosus et Atrophicus,mmu-miR-708,1.2629497051239014
Gluteal Muscle Contracture,mmu-miR-708,1.2629491090774536
Bronchopneumonia,mmu-miR-708,1.2629491090774536
Urothelial   Carcinoma,hsa-miR-4494,1.2629482746124268
Multiple Chronic Conditions,mmu-miR-708,1.262947916984558
Hunner-Type Interstitial Cystitis,mmu-miR-708,1.262947916984558
Premature Ejaculation,hsa-miR-4494,1.262947678565979
Uterine Neoplasms,hsa-mir-873,1.2629474401474
Fragile X Syndrome,hsa-miR-4494,1.262946367263794
Colon   Adenocarcinoma,hsa-miR-4494,1.2629462480545044
Eclampsia,mmu-miR-708,1.2629462480545044
Venous Thromboembolism,hsa-miR-4494,1.262945532798767
Large Artery  Atherosclerosis,mmu-miR-708,1.2629450559616089
Mycobacterium Infections and Nontuberculous,hsa-miR-4494,1.2629444599151611
Hepatic Veno-Occlusive Disease,mmu-miR-708,1.2629438638687134
Neovascularization and Pathologic,hsa-miR-4494,1.2629437446594238
Ankle Fractures,hsa-miR-4494,1.2629430294036865
Cardiovascular Complications,hsa-miR-4494,1.2629424333572388
Oculocutaneous Albinism Type 3,mmu-miR-708,1.2629414796829224
Pulmonary Eosinophilia,hsa-miR-4494,1.2629408836364746
Intracranial  Aneurysm,hsa-miR-4494,1.2629402875900269
Erectile Dysfunction,mmu-miR-708,1.2629402875900269
Fibrous Dysplasia of Bone,mmu-miR-708,1.2629401683807373
Arbovirus Infections,mmu-miR-708,1.2629399299621582
Incontinentia Pigmenti,mmu-miR-708,1.2629387378692627
Olfaction Disorders,mmu-miR-708,1.2629356384277344
Cerebral Infarction and Acute,mmu-miR-708,1.2629354000091553
Carotid Artery Diseases,mmu-miR-708,1.2629352807998657
salivary gland adenoid cystic carcinoma,hsa-miR-4494,1.262934684753418
Carcinoma and Cutaneous and Squamous Cell,hsa-miR-4494,1.2629340887069702
Reflex Sympathetic Dystrophy,hsa-miR-4494,1.2629327774047852
von Hippel-Lindau Disease,mmu-miR-708,1.2629326581954956
Anodontia,hsa-miR-4494,1.262932538986206
Hypertrophy and Right Ventricular,hsa-miR-4494,1.2629317045211792
Prolactinoma,mmu-miR-708,1.2629314661026
Emphysema,mmu-miR-708,1.2629314661026
Dementia,mmu-miR-708,1.2629284858703613
Rotavirus Infections,mmu-miR-708,1.2629282474517822
Papillomavirus Infections,mmu-miR-708,1.2629281282424927
Papillary Thyroid Microcarcinoma,mmu-miR-708,1.262927770614624
Anterior Cruciate Ligament Injuries,hsa-miR-4494,1.2629276514053345
Azoospermia and Nonobstructive,hsa-miR-4494,1.2629265785217285
Intracranial Aneurysm,mmu-miR-708,1.2629261016845703
Tongue Neoplasms,mmu-miR-708,1.2629259824752808
Conjunctivitis and Allergic,hsa-miR-4494,1.2629259824752808
Nonsyndromic sensorineural hearing loss,hsa-miR-4494,1.2629244327545166
Focal Infection,hsa-miR-4494,1.2629244327545166
Salivary Gland Pleomorphic Adenoma,mmu-miR-708,1.262924313545227
Kidney Diseases and Cystic,mmu-miR-708,1.262924075126648
Zika virus congenital syndrome,hsa-miR-4494,1.2629239559173584
Arteriosclerosis Obliterans,mmu-miR-708,1.2629214525222778
Varicose Veins,mmu-miR-708,1.26292085647583
spondyloepimetaphyseal dysplasia and Strudwick type,mmu-miR-708,1.2629197835922241
Ventricular Dysfunction,hsa-miR-4494,1.2629191875457764
Legg-Calve-Perthes Disease,hsa-miR-4494,1.2629188299179077
Ossification of Posterior Longitudinal Ligament,mmu-miR-708,1.2629172801971436
Vesicular Stomatitis,mmu-miR-708,1.2629168033599854
"Muscular Atrophy, Spinal",hsa-miR-4494,1.2629159688949585
Temporomandibular Joint Osteoarthritis,hsa-miR-4494,1.262915015220642
Graves Ophthalmopathy,hsa-miR-4494,1.2629141807556152
Stress Disorders and Traumatic,hsa-miR-4494,1.2629140615463257
uric acid nephrolithiasis,hsa-miR-4494,1.2629122734069824
Condylomata Acuminata,mmu-miR-708,1.2629116773605347
Meningitis and Fungal,hsa-miR-4494,1.2629107236862183
Alveolar echinococcosis,mmu-miR-708,1.2629063129425049
Amelogenesis Imperfecta,mmu-miR-708,1.2629058361053467
Periapical Diseases,mmu-miR-708,1.2629048824310303
Lung Diseases and Interstitial,mmu-miR-708,1.2629002332687378
Pica,hsa-miR-4494,1.2628992795944214
Vitamin B Deficiency,hsa-miR-4494,1.2628965377807617
Thymus Neoplasms,hsa-miR-4494,1.262894630432129
Leukemia and Myeloid and Accelerated Phase,hsa-miR-4494,1.262891411781311
Respiratory Distress Syndrome and Newborn,hsa-miR-4494,1.262891173362732
Facial Nerve Diseases,hsa-miR-4494,1.262891173362732
adhesions of uterus,hsa-miR-4494,1.26288902759552
late onset Parkinson's disease,hsa-miR-4494,1.262886881828308
Platelet Storage Pool Deficiency,hsa-miR-4494,1.262885332107544
Epidermodysplasia Verruciformis,hsa-miR-4494,1.2628846168518066
Allograft Rejection and Antibody-Mediated,hsa-miR-4494,1.262884497642517
Shoulder Injuries,hsa-miR-4494,1.2628798484802246
Suppuration,hsa-miR-4494,1.2628796100616455
Intestinal Atresia,hsa-miR-4494,1.2628796100616455
Hyperphosphatemia,hsa-miR-4494,1.2628785371780396
Trophoblastic Neoplasms,hsa-miR-4494,1.262877345085144
Pigmentation Disorders,hsa-miR-4494,1.2628763914108276
hyperekplexia 1,hsa-miR-4494,1.262876272201538
Prosthesis Failure,hsa-miR-4494,1.2628753185272217
Bronchial Diseases,hsa-miR-4494,1.2628748416900635
Schopf-Schulz-Passarge Syndrome,hsa-miR-4494,1.2628744840621948
Gluteal Muscle Contracture,hsa-miR-4494,1.2628730535507202
Liver Failure and Acute,hsa-miR-4494,1.2628719806671143
Myeloproliferative Disorder and Chronic and with Eosinophilia,hsa-miR-4494,1.2628711462020874
Depression and Post Stroke,hsa-miR-4494,1.262869119644165
Large Artery  Atherosclerosis,hsa-miR-4494,1.262869119644165
Migraine Disorders,hsa-miR-4494,1.2628681659698486
Arthritis and Gouty,hsa-miR-4494,1.2628675699234009
HTLV-II Infections,hsa-miR-4494,1.2628670930862427
Sexual Dysfunctions and Psychological,hsa-miR-4494,1.262865662574768
Erectile Dysfunction,hsa-miR-4494,1.2628644704818726
Arbovirus Infections,hsa-miR-4494,1.2628638744354248
Fatty Liver,hsa-miR-4494,1.2628635168075562
Incontinentia Pigmenti,hsa-miR-4494,1.2628626823425293
Cholangitis and Biliary and Primary,hsa-miR-4494,1.2628624439239502
Cardiovascular And   Cerebrovascular Diseases,hsa-miR-4494,1.2628624439239502
Cerebral Infarction and Acute,hsa-miR-4494,1.2628594636917114
Hypogonadism,hsa-miR-4494,1.2628591060638428
Bipolar Disorder,hsa-miR-4494,1.2628566026687622
lung squamous cell carcinoma,hsa-miR-4494,1.262855887413025
Muscular Atrophy and Spinal,hsa-miR-4494,1.262855887413025
Prolactinoma,hsa-miR-4494,1.2628556489944458
Emphysema,hsa-miR-4494,1.2628555297851562
Sarcopenia,hsa-miR-4494,1.2628543376922607
Lung Carcinoid,hsa-miR-4494,1.262853741645813
Dementia,hsa-miR-4494,1.2628525495529175
Paget Disease and Extramammary,hsa-miR-4494,1.26284921169281
Immune System Diseases,hsa-miR-4494,1.2628467082977295
Fluorosis and Dental,hsa-miR-4494,1.262845754623413
Arteriosclerosis Obliterans,hsa-miR-4494,1.262845516204834
Varicose Veins,hsa-miR-4494,1.2628449201583862
Ethylmalonic encephalopathy,hsa-miR-4494,1.2628391981124878
Condylomata Acuminata,hsa-miR-4494,1.2628356218338013
non-alcoholic steatohepatitis,hsa-miR-4494,1.2628328800201416
Hypertriglyceridemia,hsa-miR-4494,1.262826681137085
Dry Eye Syndromes,hsa-mir-8069,1.2628220319747925
Ventricular Premature Complexes,hsa-miR-4494,1.2628198862075806
Diabetic Nephropathies and Proliferative,hsa-miR-4443,1.2627915143966675
Tachycardia,hsa-miR-4443,1.2627345323562622
Diabetic Nephropathies and Proliferative,hsa-miR-4459,1.2626912593841553
Severe Acute Respiratory Syndrome,hsa-mir-873,1.2626653909683228
Tendinopathy,hsa-miR-450a-5p,1.2626107931137085
Heat Stroke,hsa-mir-8080,1.2626093626022339
Cholesteatoma and Middle Ear,hsa-miR-450a-5p,1.2625126838684082
N acetyltransferase deficiency,hsa-miR-4482,1.2624733448028564
common variable immunodeficiency 2,hsa-miR-4482,1.262468934059143
Wiskott-Aldrich Syndrome,hsa-miR-4482,1.262466549873352
Enterocolitis and Pseudomembranous,hsa-miR-4482,1.2624574899673462
Pediatric Cystic Fibrosis,hsa-miR-4482,1.2624541521072388
Leukoplakia and Oral,hsa-miR-4482,1.2624540328979492
Hypocalciuric hypercalcemia and familial and type 1,hsa-miR-4482,1.2624530792236328
recessive dystrophic epidermolysis bullosa,hsa-miR-4482,1.2624484300613403
Chagas Cardiomyopathy,hsa-miR-4482,1.2624478340148926
End Stage Liver Disease,hsa-miR-4482,1.2624452114105225
Chronic Renal  Injury,hsa-miR-4482,1.262445092201233
Acute Coronary Syndrome and Non-St  Elevation,hsa-miR-4482,1.2624449729919434
uterine corpus endometrial carcinoma,hsa-miR-4482,1.2624436616897583
Hyperpigmentation and Skin,hsa-miR-4482,1.2624434232711792
White Spot Syndrome Virus  Infection,hsa-miR-4482,1.2624419927597046
Synucleinopathies,hsa-miR-4482,1.2624374628067017
Leptomeningeal Metastasis,hsa-miR-4482,1.2624351978302002
Brain Neoplasms,hsa-miR-4482,1.2624350786209106
Tuberculosis and Spinal,hsa-miR-4482,1.262434720993042
Craniofacial Abnormalities,hsa-miR-4482,1.2624342441558838
Staphylococcal Scalded Skin Syndrome,hsa-miR-4482,1.2624341249465942
Neuroendocrine Tumors,hsa-miR-4482,1.2624337673187256
Thromboangiitis Obliterans,hsa-miR-4482,1.2624337673187256
Noonan syndrome-like disorder with loose anagen hair,hsa-miR-4482,1.2624313831329346
Cardiomyopathy and Dilated and with Left Ventricular Noncompaction,hsa-miR-4482,1.262431263923645
Acute  Kidney Injury,hsa-miR-4482,1.2624294757843018
Mast Cell Tumors,hsa-miR-4482,1.2624293565750122
Selenium Deficiency,hsa-miR-4482,1.262428879737854
Simian Acquired Immunodeficiency Syndrome,hsa-miR-4482,1.2624276876449585
Human Herpesvirus 6 encephalitis,hsa-miR-4482,1.262427568435669
Angina and Unstable,hsa-miR-4482,1.2624270915985107
Premature Ovarian Aging,hsa-miR-4482,1.2624253034591675
Polyps,hsa-miR-4482,1.2624237537384033
Dehydration,hsa-miR-4482,1.2624233961105347
Deltaretrovirus Infections,hsa-miR-4482,1.2624233961105347
Drug Hypersensitivity,hsa-miR-4482,1.2624231576919556
Hepatitis A,hsa-miR-4482,1.262422800064087
Genital Diseases and Female,hsa-miR-4482,1.2624225616455078
Growth Disorders,hsa-miR-4482,1.2624214887619019
Carcinoma and Squamous Cell and Cutaneous,hsa-miR-4482,1.2624211311340332
Adrenal Cortex Neoplasms,hsa-miR-4482,1.262420892715454
low grade glioma,hsa-miR-4482,1.2624202966690063
Leukemia and Megakaryoblastic and Acute,hsa-miR-4482,1.262418508529663
Endocrine Gland Neoplasms,hsa-miR-4482,1.262418270111084
X-linked juvenile retinoschisis 1,hsa-miR-4482,1.2624177932739258
Mite Infestations,hsa-miR-4482,1.2624176740646362
Biotinidase Deficiency,hsa-miR-4482,1.262416124343872
Low Back Pain,hsa-miR-4482,1.262415885925293
Halal syndrome,hsa-miR-4482,1.2624157667160034
Complex Regional Pain Syndromes,hsa-miR-4482,1.2624154090881348
Nephritis,hsa-miR-4482,1.2624152898788452
Aspergillosis and Allergic Bronchopulmonary,hsa-miR-4482,1.2624142169952393
Influenza in Birds,hsa-miR-4482,1.2624140977859497
Pelvic Floor Disorders,hsa-miR-4482,1.2624136209487915
Brain Damage and Chronic,hsa-miR-4482,1.2624129056930542
Carcinoma and Ductal and Breast,hsa-miR-4482,1.2624129056930542
Exudative Vitreoretinopathy 4,hsa-miR-4482,1.2624117136001587
Encephalomyelitis and Eastern Equine,hsa-miR-4482,1.2624108791351318
Colonic Polyps,hsa-miR-4482,1.2624106407165527
Liver Cirrhosis and Alcoholic,hsa-miR-4482,1.2624101638793945
Hemangioma and Infantile,hsa-miR-4482,1.2624099254608154
Coronary Restenosis,hsa-miR-4482,1.2624084949493408
Cleidocranial Dysplasia,hsa-miR-4482,1.2624082565307617
Ataxia with vitamin E deficiency,hsa-miR-4482,1.2624071836471558
Alzheimer Disease ,hsa-miR-4482,1.2624070644378662
Choroidal Melanoma,hsa-miR-4482,1.2624051570892334
Malformations of Cortical Development and Group II,hsa-miR-4482,1.2624050378799438
MPTP Poisoning,hsa-miR-4482,1.2624046802520752
Sleep Apnea Syndromes,hsa-miR-4482,1.262404203414917
High Grade Ovarian Neoplasms,hsa-miR-4482,1.2624032497406006
Arrhythmogenic Heart Diseases,hsa-miR-4482,1.262403130531311
Hind Limb Ischemia,hsa-miR-4482,1.2624030113220215
Multicystic renal dysplasia and bilateral,hsa-miR-4482,1.2624024152755737
Infertility and Female,hsa-miR-4482,1.2624022960662842
skin melanoma,hsa-miR-4482,1.2624022960662842
Giant Cell Arteritis,hsa-miR-4482,1.2624022960662842
Heart Diseases and Congenital,hsa-miR-4482,1.2624013423919678
Thymic epithelial tumor,hsa-miR-4482,1.26240074634552
Poorly Differentiated Thyroid Gland Carcinoma,hsa-miR-4482,1.2623999118804932
Folliculotropic Mycosis Fungoides,hsa-miR-4482,1.2623997926712036
Nephrosis and Lipoid,hsa-miR-4482,1.262399673461914
Peripheral Nervous System Diseases,hsa-miR-4482,1.2623995542526245
polycystic kidney disease 3,hsa-miR-4482,1.2623993158340454
Spermatic Cord Torsion,hsa-miR-4482,1.2623990774154663
Depression and Postpartum,hsa-miR-4482,1.2623988389968872
Telangiectasia and Hereditary Hemorrhagic,hsa-miR-4482,1.2623988389968872
Rolandic Epilepsy and Mental Retardation and and Speech Dyspraxia and X-Linked,hsa-miR-4482,1.262398600578308
Obsessive-Compulsive Disorder,hsa-miR-4482,1.2623978853225708
Bronchopulmonary Dysplasia,hsa-miR-4482,1.2623977661132812
Arrest of spermatogenesis,hsa-miR-4482,1.2623971700668335
Viral Myocarditis,hsa-miR-4482,1.2623969316482544
Encephalomyelitis and Autoimmune and Experimental,hsa-miR-4482,1.2623964548110962
Hcv Associated Disorders,hsa-miR-4482,1.2623960971832275
Cryopyrin-Associated Periodic Syndromes,hsa-miR-4482,1.2623960971832275
Sick Sinus Syndrome,hsa-miR-4482,1.2623960971832275
Gastritis and Pediatric,hsa-miR-4482,1.2623957395553589
Acne Vulgaris,hsa-miR-4482,1.2623957395553589
Precursor T-Cell Lymphoblastic Leukemia-Lymphoma,hsa-miR-4482,1.2623952627182007
Infant and Newborn and Diseases,hsa-miR-4482,1.2623940706253052
Respiratory Syncytial Virus Infections,hsa-miR-4482,1.2623940706253052
Neuropathic Lysosomal Storage Diseases,hsa-miR-4482,1.262393832206726
Salpingitis,hsa-miR-4482,1.262393832206726
familial multiple nevi flammei,hsa-miR-4482,1.262393593788147
Keratitis and Herpetic,hsa-miR-4482,1.262393593788147
invasive aspergillosis,hsa-miR-4482,1.2623927593231201
Cachexia,hsa-miR-4482,1.2623913288116455
Rhinitis and Allergic,hsa-miR-4482,1.2623907327651978
Testicular Diseases,hsa-miR-4482,1.2623907327651978
Lesch-Nyhan Syndrome,hsa-miR-4482,1.2623906135559082
Coronary Artery Calcification,hsa-miR-4482,1.2623902559280396
Carcinoma and Small Cell,hsa-miR-4482,1.262389898300171
Warburg micro syndrome 1,hsa-miR-4482,1.2623897790908813
Cleft Lip,hsa-miR-4482,1.2623883485794067
Marfan Syndrome,hsa-miR-4482,1.2623878717422485
Digitorenocerebral Syndrome,hsa-miR-4482,1.2623875141143799
Syphilis,hsa-miR-4482,1.2623873949050903
Canine Mammary Carcinoma,hsa-miR-4482,1.2623872756958008
Small Cell Lung Carcinoma,hsa-miR-4482,1.2623872756958008
Carotid Artery Injuries,hsa-miR-4482,1.2623870372772217
Hypertensive  Disorder Complicating Pregnancy,hsa-miR-4482,1.2623869180679321
Barrett Esophagus,hsa-miR-4482,1.2623869180679321
Bicuspid Aortic Valve Disease,hsa-miR-4482,1.2623862028121948
Pseudarthrosis,hsa-miR-4482,1.2623857259750366
paramyotonia congenita of Von Eulenburg,hsa-miR-4482,1.262385606765747
Yellow Nail Syndrome,hsa-miR-4482,1.262385606765747
Frontonasal dysplasia,hsa-miR-4482,1.2623852491378784
Pregnancy Complications,hsa-miR-4482,1.2623852491378784
Long Term Adverse Effects,hsa-miR-4482,1.262384295463562
Intracranial Hemorrhages,hsa-miR-4482,1.2623835802078247
Diastrophic dysplasia,hsa-miR-4482,1.2623828649520874
Endotoxemia,hsa-miR-4482,1.262381911277771
Alveolar Bone Loss,hsa-miR-4482,1.262381672859192
Lymphoma and Natural   Killer/T-Cell,hsa-miR-4482,1.2623813152313232
Nager acrofacial dysostosis,hsa-miR-4482,1.2623798847198486
Autistic Disorder,hsa-miR-4482,1.2623794078826904
Chronic recurrent multifocal osteomyelitis,hsa-miR-4482,1.2623794078826904
Meningioma,hsa-miR-4482,1.2623794078826904
renal fibrosis,hsa-miR-4482,1.262378454208374
Pulmonary Edema,hsa-miR-4482,1.2623777389526367
Aortic Aneurysm,hsa-miR-4482,1.2623765468597412
Brain Infarction,hsa-miR-4482,1.2623754739761353
Brain Injury and Chronic,hsa-miR-4482,1.2623753547668457
Acute Aortic   Dissection,hsa-miR-4482,1.2623748779296875
Tibial Fractures,hsa-miR-4482,1.2623745203018188
Cardiac Complexes and Premature,hsa-miR-4482,1.262373447418213
Multiple Pulmonary Nodules,hsa-miR-4482,1.2623730897903442
Hyperinsulinism,hsa-miR-4482,1.2623728513717651
Coronary Artery  Disease,hsa-miR-4482,1.2623722553253174
Melanoma and Experimental,hsa-miR-4482,1.2623721361160278
Vascular Calcification,hsa-miR-4482,1.2623714208602905
Mesothelioma and Malignant and Pleural,hsa-miR-4482,1.2623714208602905
Neurofibroma and Plexiform,hsa-miR-4482,1.2623704671859741
Syphilis and primary,hsa-miR-4482,1.2623697519302368
Tetralogy of Fallot,hsa-miR-4482,1.2623686790466309
Mandibulofacial Dysostosis,hsa-miR-4482,1.2623685598373413
Enterocolitis,hsa-miR-4482,1.262367844581604
Colon   Adenocarcinoma,hsa-miR-4482,1.2623666524887085
Sarcoidosis and Pulmonary,hsa-miR-4482,1.2623653411865234
Mycobacterium Infections and Nontuberculous,hsa-miR-4482,1.2623649835586548
Critical Illness,hsa-miR-4482,1.2623642683029175
Cardiovascular Complications,hsa-miR-4482,1.2623629570007324
Ocular Hypertension,hsa-miR-4482,1.2623621225357056
Respirovirus Infections,hsa-miR-4482,1.262361764907837
Ullrich congenital muscular dystrophy,hsa-miR-4482,1.2623611688613892
Burns,hsa-miR-4482,1.2623610496520996
Osteopenic Nonfracture Syndrome,hsa-miR-4482,1.262360692024231
cone-rod dystrophy 6,hsa-miR-4482,1.2623599767684937
Fissure in Ano,hsa-miR-4482,1.262359857559204
Cysts,hsa-miR-4482,1.2623591423034668
Ear Diseases,hsa-miR-4482,1.2623589038848877
Bk Virus Infections,hsa-miR-4482,1.2623586654663086
Intestinal Diseases,hsa-miR-4482,1.26235830783844
Osteonecrosis,hsa-miR-4482,1.2623573541641235
Neoplasms and Germ Cell and Embryonal,hsa-miR-4482,1.2623565196990967
salivary gland adenoid cystic carcinoma,hsa-miR-4482,1.2623552083969116
FG syndrome,hsa-miR-4482,1.2623549699783325
Carcinoma and Cutaneous and Squamous Cell,hsa-miR-4482,1.2623546123504639
Psychotic Disorders,hsa-miR-4482,1.2623542547225952
Primary Ovarian Insufficiency,hsa-miR-4482,1.2623540163040161
Rhegmatogenous Retinal Detachment and Autosomal Dominant,hsa-miR-4482,1.2623534202575684
Diabetic Neuropathies,hsa-miR-4482,1.2623531818389893
Thrombotic Stroke,hsa-miR-4482,1.2623528242111206
Hypertrophy and Right Ventricular,hsa-miR-4482,1.2623523473739624
Hyperuricemia,hsa-miR-4482,1.2623506784439087
Weight Loss,hsa-miR-4482,1.2623494863510132
Nervous Necrosis Virus Infectious,hsa-miR-4482,1.2623486518859863
Conjunctivitis and Allergic,hsa-miR-4482,1.262346625328064
Placental Insufficiency,hsa-miR-4482,1.2623463869094849
Kartagener Syndrome,hsa-miR-4482,1.2623459100723267
Spinal Cord Diseases,hsa-miR-4482,1.262345552444458
Focal Infection,hsa-miR-4482,1.2623448371887207
Zika virus congenital syndrome,hsa-miR-4482,1.2623443603515625
Temporomandibular Joint Osteoarthritis,hsa-miR-4482,1.2623354196548462
Graves Ophthalmopathy,hsa-miR-4482,1.2623348236083984
Stress Disorders and Traumatic,hsa-miR-4482,1.2623344659805298
uric acid nephrolithiasis,hsa-miR-4482,1.262332797050476
Motion Sickness,hsa-miR-4456,1.2623298168182373
Hearing Loss,hsa-miR-4482,1.2623264789581299
Hydrocephalus,hsa-miR-4482,1.2623248100280762
Coronary Stenosis,hsa-miR-4482,1.2623231410980225
Brucellosis and Bovine,hsa-miR-4482,1.2623231410980225
Atrophy,hsa-miR-4482,1.2623227834701538
Microphthalmos,hsa-miR-4482,1.2623203992843628
Scholte syndrome,hsa-miR-4482,1.2623200416564941
Stillbirth,hsa-miR-4482,1.2623164653778076
Thymus Neoplasms,hsa-miR-4482,1.2623151540756226
Keratitis,hsa-mir-8080,1.2623149156570435
CREST Syndrome,hsa-miR-4482,1.262313961982727
Siderosis,hsa-miR-4482,1.2623131275177002
Leukemia and Myeloid and Accelerated Phase,hsa-miR-4482,1.2623119354248047
Respiratory Distress Syndrome and Newborn,hsa-miR-4482,1.2623116970062256
intracranial berry aneurysm 3,hsa-miR-4482,1.2623116970062256
Mobility Limitation,hsa-miR-4482,1.2623116970062256
Opioid-Related Disorders,hsa-miR-4482,1.2623112201690674
Neoplasm Metastasis,hsa-miR-4482,1.2623100280761719
Erythroblastosis and Fetal,hsa-miR-4482,1.2623097896575928
adhesions of uterus,hsa-miR-4482,1.2623095512390137
Angioedemas and Hereditary,hsa-miR-3687,1.262309193611145
Mycobacterium avium-intracellulare Infection,hsa-miR-4482,1.2623087167739868
late onset Parkinson's disease,hsa-miR-4482,1.2623074054718018
Tourette Syndrome,hsa-miR-4482,1.262307047843933
Thinness,hsa-miR-4482,1.2623063325881958
Breast Diseases,hsa-miR-4482,1.2623038291931152
Acute Coronary Syndrome ,hsa-miR-4482,1.2623029947280884
Oophoritis,hsa-miR-4482,1.2623013257980347
Leukemia and Monocytic and Acute,hsa-miR-4482,1.262298583984375
Tooth Diseases,hsa-miR-4482,1.262298583984375
Syphilis and secondary,hsa-miR-4482,1.2622976303100586
Uterine Diseases,hsa-miR-4482,1.2622958421707153
Rabies,hsa-miR-4482,1.2622953653335571
Arteriosclerosis,hsa-miR-4482,1.262294054031372
Cerebral Small Vessel Diseases,hsa-miR-4482,1.2622939348220825
Rubella Syndrome and Congenital,hsa-miR-4482,1.2622935771942139
Hip Dislocation and Congenital,hsa-miR-4482,1.2622926235198975
Fibromatosis and Aggressive,hsa-miR-4482,1.2622878551483154
HTLV-II Infections,hsa-miR-4482,1.2622874975204468
Erectile Dysfunction,hsa-miR-4482,1.2622849941253662
Arbovirus Infections,hsa-miR-4482,1.2622843980789185
Brucellosis,hsa-miR-4482,1.2622833251953125
Glaucoma and Open-Angle,hsa-miR-4482,1.2622817754745483
Olfaction Disorders,hsa-miR-4482,1.2622801065444946
Carotid Artery Diseases,hsa-miR-4482,1.2622796297073364
Digestive System Diseases,hsa-miR-4482,1.2622779607772827
Nonsyndromic Deafness,hsa-miR-4482,1.2622746229171753
Dementia,hsa-miR-4482,1.2622731924057007
Rotavirus Infections,hsa-miR-4482,1.2622727155685425
Upper Tract Urothelial Carcinoma,hsa-miR-4482,1.2622723579406738
Immune System Diseases,hsa-miR-4482,1.2622671127319336
Wallerian Degeneration,hsa-mir-873,1.2622663974761963
Hypertension and Renal,hsa-miR-4482,1.2622654438018799
Hypoxia and Brain,hsa-miR-4482,1.2622650861740112
spondyloepimetaphyseal dysplasia and Strudwick type,hsa-miR-4482,1.262264370918274
Rectal Injury,hsa-miR-4482,1.2622628211975098
Vesicular Stomatitis,hsa-miR-4482,1.2622613906860352
Hepatitis E,hsa-miR-4482,1.2622590065002441
Periapical Diseases,hsa-miR-4482,1.2622493505477905
Alopecia Areata,hsa-miR-4482,1.262247920036316
Epilepsies and Partial,hsa-miR-450a-5p,1.262233853340149
Neuromyelitis Optica,hsa-mir-873,1.262218952178955
Follicular Atresia,hsa-mir-873,1.262152910232544
miR-142-y,hsa-mir-873,1.262144923210144
Classical Swine Fever,hsa-miR-125b-2,1.2621322870254517
Equine Infectious Anemia,hsa-miR-125b-2,1.2621248960494995
Hereditary Autoinflammatory Diseases,hsa-miR-125b-2,1.2621203660964966
Tricuspid Valve Insufficiency,hsa-miR-125b-2,1.2621119022369385
Hyperleptinemia,hsa-miR-3190-5p,1.262110710144043
Cranial Nerve Injuries,hsa-miR-1245a,1.2620943784713745
Fatigue Syndrome and Chronic,mmu-miR-708,1.2620935440063477
Diminished  Ovarian Reserve,hsa-miR-125b-2,1.2620723247528076
Nervous System Neoplasms,hsa-miR-4459,1.2620351314544678
Human T-Cell Leukemia Virus Type 1 Infections,hsa-miR-125b-2,1.2620347738265991
Hypertrophy Of Ligamentum Flavum,hsa-miR-1245a,1.2620338201522827
succinic semialdehyde dehydrogenase deficiency,hsa-miR-1245a,1.2620328664779663
Lupus Vasculitis and Central Nervous System,hsa-miR-1245a,1.2620295286178589
Swine Diseases,hsa-miR-1245a,1.262028694152832
Myeloma Bone Disease,hsa-miR-1245a,1.262026071548462
Peripheral Vascular Diseases,hsa-miR-1245a,1.2620258331298828
Hereditary Autoinflammatory Diseases,hsa-miR-1245a,1.262023687362671
Arene Oxide Detoxification Defect,hsa-miR-1245a,1.262018084526062
Venous Neointimal Hyperplasia,hsa-miR-1245a,1.2620140314102173
Autographa californica multiple nuclear polyhedrosis virus,hsa-miR-1245a,1.2620136737823486
Meniscus Degeneration,hsa-miR-125b-2,1.262007474899292
Arthritis and Gouty and Chronic,hsa-miR-1245a,1.2620047330856323
thyroid gland Hurthle cell carcinoma,hsa-miR-125b-2,1.2620015144348145
Neutropenia,hsa-miR-1245a,1.2619948387145996
Angioedemas and Hereditary,hsa-miR-1245a,1.2619750499725342
Rhabdoviridae Infections,hsa-miR-1245a,1.261968731880188
Brugada Syndrome,hsa-miR-1245a,1.2619627714157104
Holoprosencephaly 7,hsa-miR-30d-3p,1.2619261741638184
Cholestatic Liver Injury,hsa-miR-1245a,1.2619214057922363
Polyposis Syndrome and Hereditary Mixed and 1,hsa-miR-1245a,1.2619186639785767
Adrenocortical Adenoma,hsa-miR-1245a,1.2619085311889648
Scleral Diseases,hsa-miR-1245a,1.2618978023529053
Amebiasis,hsa-miR-1245a,1.2618962526321411
Hay-Wells syndrome,hsa-miR-1245a,1.2618882656097412
Brain Edema,hsa-miR-3164,1.261810302734375
Ovarian Diseases,mmu-miR-700-5p,1.2617307901382446
Keratitis,hsa-miR-4443,1.2617058753967285
Adenocarcinoma in Situ,hsa-miR-346,1.2616260051727295
Keratitis,hsa-miR-4459,1.2616057395935059
Reperfusion Injury and Testicular Ischemia,hsa-miR-130b-1,1.2615985870361328
Cholesteatoma and Middle Ear,hsa-miR-4456,1.261565089225769
Endothelial Barrier Dysfunction,hsa-miR-4459,1.2615278959274292
peripartum cardiomyopathy,hsa-miR-4456,1.2615036964416504
Ovarian Diseases,mmu-miR-708,1.261433482170105
Pulmonary Hypertension and Thromboembolic and Chronic,mmu-miR-743a,1.2613911628723145
UV-Sensitive Syndrome,hsa-miR-3925,1.2613900899887085
Renal Artery Obstruction,hsa-miR-3925,1.2613849639892578
Brugada Syndrome,hsa-miR-1285-5p,1.26133394241333
Retroviridae Infections,hsa-mir-8080,1.2613292932510376
Spinal Cord Compression,hsa-miR-3925,1.2612802982330322
Reperfusion Injury and Testicular Ischemia,hsa-miR-128-1-5p,1.2612669467926025
Multiple Mitochondrial Dysfunctions Syndrome,hsa-miR-2114*,1.2612384557724
 Lymph  Node Metastasis,hsa-miR-181a-1*,1.2612141370773315
Rhabdoid Tumor and Kidney,hsa-miR-2114*,1.261189579963684
Pyoderma Gangrenosum,hsa-miR-1284,1.2611546516418457
Hyperleptinemia,hsa-miR-1284,1.261141061782837
Multiple Mitochondrial Dysfunctions Syndrome,hsa-miR-1284,1.2611374855041504
Liposarcoma and Myxoid,hsa-miR-1284,1.2611371278762817
Otitis Media with Effusion,hsa-miR-1284,1.2611360549926758
Status Asthmaticus,hsa-miR-1284,1.2611355781555176
Brugada Syndrome,hsa-miR-2114*,1.26112961769104
Skeletal Muscle Injury,hsa-miR-1284,1.2611281871795654
Autoimmune Diseases of the Nervous System,hsa-miR-1284,1.261121392250061
UV-Sensitive Syndrome,hsa-miR-1284,1.261120319366455
Fetal Hypoxia,hsa-miR-1284,1.2611087560653687
Human T-Cell Leukemia Virus Type 1 Infections,hsa-miR-2114*,1.2611048221588135
Nevi and Melanomas,hsa-miR-1284,1.2611029148101807
autoimmune uveitis,hsa-miR-1284,1.261102318763733
Classical Swine Fever,hsa-miR-1284,1.2611011266708374
Tibial Neuropathy,hsa-miR-1284,1.2610998153686523
Visceral Hypersensitivity,hsa-miR-1284,1.2610995769500732
Chronic  Rhinosinusitis With Nasal Polyps,hsa-miR-1284,1.2610968351364136
Lupus Vasculitis and Central Nervous System,hsa-miR-1284,1.2610952854156494
Chorioamnionitis,hsa-miR-4512,1.2610942125320435
Hereditary Autoinflammatory Diseases,hsa-miR-1284,1.2610894441604614
Asthma and Chronic,hsa-miR-1284,1.2610872983932495
Wound Infection,hsa-miR-1284,1.2610830068588257
Maxillary Sinus Neoplasms,hsa-miR-1284,1.2610806226730347
Vaginosis and Bacterial,hsa-miR-1284,1.261070966720581
Mesangial sclerosis and diffuse,mmu-miR-743a,1.26106595993042
Retinitis Pigmentosa,hsa-miR-1284,1.2610657215118408
Reperfusion Injury and Testicular Ischemia,hsa-miR-1284,1.2610656023025513
Primary Gastrointestinal Diffuse Large B-Cell Lymphoma ,hsa-miR-1284,1.2610639333724976
Extramedullary Multiple Myeloma,hsa-miR-147b,1.261061668395996
Reperfusion Injury and Testicular Ischemia,hsa-miR-147b,1.2610541582107544
Tachycardia,mmu-miR-708,1.2610496282577515
Neoplasms and Hormone-Dependent,hsa-miR-1284,1.2610450983047485
Asymptomatic Infections,hsa-miR-4512,1.2610429525375366
Angioedemas and Hereditary,hsa-miR-1284,1.2610408067703247
Precursor B-Cell Lymphoblastic Leukemia-Lymphoma,hsa-miR-4443,1.2610201835632324
Disease Progression,hsa-mir-8069,1.2610197067260742
Polyposis Syndrome and Hereditary Mixed and 1,hsa-miR-1284,1.2609845399856567
Adrenocortical Adenoma,hsa-miR-1284,1.2609745264053345
Meniscus Degeneration,hsa-miR-147b,1.2609649896621704
Amebiasis,hsa-miR-147b,1.2609505653381348
Macular dystrophy and corneal type 1,hsa-miR-4459,1.2608789205551147
Nevus and Halo,hsa-miR-4437,1.2607468366622925
Premature Birth,hsa-mir-8069,1.2607421875
Heat Stroke,hsa-miR-4437,1.2607418298721313
Disease Progression,hsa-mir-8080,1.2607228755950928
Periodontitis and Diabetic,hsa-miR-337-3p,1.2607145309448242
Urethritis,hsa-miR-337-3p,1.2607070207595825
Multiple Mitochondrial Dysfunctions Syndrome,hsa-miR-30d-3p,1.2606921195983887
Otitis Media with Effusion,hsa-miR-30d-3p,1.2606908082962036
Urinary Calculi,hsa-miR-30d-3p,1.2606863975524902
Temporomandibular Joint Dysfunction Syndrome,hsa-miR-30d-3p,1.260674238204956
Periodontitis and Diabetic,hsa-miR-30d-3p,1.2606679201126099
Dry Eye Syndromes,hsa-miR-4437,1.260657548904419
Corneal Ulcer,hsa-miR-30d-3p,1.2606563568115234
Swine Diseases,hsa-miR-30d-3p,1.2606490850448608
Asthma and Chronic,hsa-miR-30d-3p,1.2606419324874878
Tendinopathy,hsa-mir-802,1.2606415748596191
Arene Oxide Detoxification Defect,hsa-miR-30d-3p,1.2606384754180908
Bone-Associated Metastatic Breast Cancer,hsa-miR-30d-3p,1.2606335878372192
Phyllodes Tumor and Breast,hsa-miR-30d-3p,1.260631799697876
Vaginosis and Bacterial,hsa-miR-30d-3p,1.2606253623962402
Reperfusion Injury and Testicular Ischemia,hsa-miR-30d-3p,1.2606202363967896
Inflammation and Chronic,EBV-miR-BHRF16-1,1.260615587234497
Neutropenia,hsa-miR-30d-3p,1.2606151103973389
Vitelliform Macular Dystrophy,hsa-miR-302a,1.2606048583984375
Nevi and Melanomas,hsa-miR-302a,1.2605878114700317
Classical Swine Fever,hsa-miR-302a,1.2605862617492676
Susac Syndrome,hsa-miR-30d-3p,1.2605825662612915
Hereditary Autoinflammatory Diseases,hsa-miR-302a,1.2605743408203125
Spinal Cord Compression,hsa-miR-30d-3p,1.2605652809143066
Human T-Cell Leukemia Virus Type 1 Infections,hsa-miR-30d-3p,1.2605583667755127
Juvenile gout,hsa-miR-30d-3p,1.2605564594268799
Prethrombotic State,hsa-miR-30d-3p,1.2605494260787964
Tenon Fibroblasts,hsa-miR-30d-3p,1.260538101196289
Antisynthetase syndrome,hsa-miR-30d-3p,1.260532021522522
Meniscus Degeneration,hsa-miR-30d-3p,1.2605311870574951
immunodeficiency 35,hsa-miR-30d-3p,1.2605310678482056
Adrenocortical Adenoma,hsa-miR-30d-3p,1.2605289220809937
Dry Eye Syndromes,mmu-miR-700-5p,1.260528564453125
thyroid gland Hurthle cell carcinoma,hsa-miR-30d-3p,1.2605252265930176
Heat Stroke,hsa-miR-4439,1.2605117559432983
Epilepsies and Partial,mmu-miR-743a,1.2604881525039673
Premature Birth,hsa-mir-8080,1.260445475578308
Premature Birth,hsa-miR-4444,1.2603917121887207
Nevus and Halo,mmu-miR-708,1.2603206634521484
Heat Stroke,mmu-miR-708,1.2603154182434082
pancreatic adenocarcinoma,hsa-mir-8080,1.2603012323379517
Granulomatous Disease and Chronic,hsa-miR-211-5p,1.2602771520614624
Inflammation and Chronic,hsa-miR-211-5p,1.2602342367172241
Dry Eye Syndromes,mmu-miR-708,1.2602314949035645
Phyllodes Tumor and Breast,hsa-miR-211-5p,1.2602239847183228
Keratitis,hsa-miR-4439,1.2602171897888184
Heat Stroke,hsa-miR-4494,1.2602022886276245
Motion Sickness,hsa-miR-4443,1.260189414024353
Diminished  Ovarian Reserve,hsa-miR-211-5p,1.2601882219314575
fragile X-associated tremor/ataxia syndrome,hsa-miR-181a-1*,1.2601553201675415
Tricuspid Valve Insufficiency,hsa-miR-181a-1*,1.260146141052246
Endothelial Barrier Dysfunction,hsa-miR-4439,1.2601395845413208
Dry Eye Syndromes,hsa-miR-4494,1.2601183652877808
Scleral Diseases,hsa-miR-211-5p,1.2601103782653809
Amebiasis,hsa-miR-211-5p,1.2601089477539062
Neoplasms and Mesothelial,hsa-miR-193b,1.260104775428772
Liposarcoma and Myxoid,hsa-miR-193b,1.2601006031036377
Granulomatous Disease and Chronic,hsa-miR-193b,1.2600940465927124
Spinal Cord Compression,hsa-miR-181a-1*,1.2600756883621216
Tachycardia,hsa-miR-4482,1.260074257850647
Lattice corneal dystrophy type 1,hsa-miR-193b,1.260040521621704
Keratitis,mmu-miR-708,1.2600210905075073
Disease Progression,hsa-miR-4459,1.2600136995315552
Juvenile gout,hsa-miR-193b,1.2599656581878662
Endothelial Barrier Dysfunction,mmu-miR-708,1.2599433660507202
Chediak-Higashi Syndrome,hsa-miR-193b,1.2599374055862427
Finnish lethal neonatal metabolic syndrome,hsa-mir-8084,1.259934663772583
Amebiasis,hsa-miR-193b,1.2599258422851562
Severe Acute Respiratory Syndrome,hsa-mir-8080,1.2599232196807861
Keratitis,hsa-miR-4494,1.259907841682434
Chorioamnionitis,hsa-mir-8084,1.2598670721054077
Endothelial Barrier Dysfunction,hsa-miR-4494,1.2598302364349365
Encephalitis and Tick-Borne,hsa-miR-3202,1.2598005533218384
Fetal Hypoxia,hsa-let-7a*,1.2597813606262207
Granulomatous Disease and Chronic,hsa-miR-3202,1.2597770690917969
Myeloma Bone Disease,hsa-let-7a*,1.259764313697815
Inflammation and Chronic,hsa-miR-2681-5p,1.2597631216049194
Inflammation and Chronic,hsa-let-7a*,1.2597601413726807
Tricuspid Valve Insufficiency,hsa-miR-2681-5p,1.2597566843032837
Sepsis and Intensive Care Unit-Acquired,hsa-miR-3202,1.2597509622573853
Premature Birth,hsa-miR-4459,1.2597362995147705
Lattice corneal dystrophy type 1,hsa-miR-3202,1.2597235441207886
Angioedemas and Hereditary,hsa-let-7a*,1.2597134113311768
Autoimmune Diseases of the Nervous System,hsa-miR-3125,1.2597068548202515
Splenic Neoplasms,hsa-let-7a*,1.2596923112869263
Sepsis and Intensive Care Unit-Acquired,hsa-miR-3125,1.2596895694732666
Angioedemas and Hereditary,hsa-miR-3202,1.2596876621246338
Spinal Cord Compression,hsa-let-7a*,1.2596832513809204
Brugada Syndrome,hsa-miR-3202,1.2596755027770996
Rhabdoid Tumor and Kidney,hsa-miR-3125,1.259673833847046
Venous Neointimal Hyperplasia,hsa-miR-3125,1.2596650123596191
Spinal Cord Compression,hsa-miR-3202,1.259657382965088
Fibrosis and Pancreas,hsa-miR-4444,1.2596515417099
Neutropenia,hsa-miR-3125,1.259645938873291
Adenocarcinoma Of Esophagus,hsa-miR-3202,1.2596315145492554
Polyposis Syndrome and Hereditary Mixed and 1,hsa-miR-3202,1.2596313953399658
Diminished  Ovarian Reserve,hsa-miR-3125,1.259626865386963
American Tegumentary Leishmaniasis,hsa-miR-412-5p,1.2596213817596436
Sneddon Syndrome,hsa-miR-3202,1.2596211433410645
Scleral Diseases,hsa-miR-3202,1.2596100568771362
Autoimmune Diseases of the Nervous System,hsa-miR-412-5p,1.2596070766448975
Hay-Wells syndrome,hsa-miR-3202,1.2596009969711304
Juvenile gout,hsa-miR-3125,1.2595871686935425
Tibial Neuropathy,hsa-miR-412-5p,1.2595852613449097
Myeloma Bone Disease,hsa-miR-412-5p,1.2595773935317993
Asthma and Chronic,hsa-miR-412-5p,1.2595728635787964
thyroid gland Hurthle cell carcinoma,hsa-miR-3125,1.2595559358596802
Enterovirus A Infection,hsa-miR-4443,1.259515643119812
Splenic Neoplasms,hsa-miR-412-5p,1.259505033493042
Retroviridae Infections,hsa-miR-4437,1.2594616413116455
Testicular Neoplasms,hsa-miR-412-5p,1.2594401836395264
Cholesteatoma and Middle Ear,hsa-miR-4443,1.2594243288040161
Tendinopathy,hsa-miR-4459,1.2594225406646729
Heat Stroke,hsa-miR-4482,1.2593401670455933
Dry Eye Syndromes,hsa-miR-4482,1.2592560052871704
Neurodevelopmental Disorders,rno-miR-352,1.2591438293457031
Obstetric Labor Complications,rno-miR-352,1.259140133857727
peripartum cardiomyopathy,mmu-miR-700-5p,1.2591331005096436
Nervous System Diseases,hsa-miR-4482,1.2591038942337036
Pleomorphic Sarcoma and Undifferentiated,rno-miR-352,1.2591019868850708
Sarcoma and Ewing,rno-miR-352,1.2591010332107544
Fibrosis and Pancreas,hsa-miR-4443,1.2590961456298828
Pain and Postoperative,rno-miR-352,1.2590919733047485
Ovarian Insufficiency and Premature,rno-miR-352,1.2590893507003784
Gingivitis,rno-miR-352,1.2590874433517456
Lumbosacral Spinal Root Avulsion,rno-miR-352,1.2590844631195068
Spermatic Cord Torsion,rno-miR-352,1.2590816020965576
Subarachnoid Hemorrhage,rno-miR-352,1.2590774297714233
Chagas Disease,rno-miR-352,1.2590599060058594
Colorectal   Adenocarcinoma,rno-miR-352,1.2590534687042236
Pulmonary Eosinophilia,rno-miR-352,1.2590439319610596
Wallerian Degeneration,hsa-mir-8080,1.2590352296829224
Lentivirus Infections,hsa-miR-4325,1.2590340375900269
Vitelliform Macular Dystrophy,hsa-miR-4325,1.2590285539627075
Endocrine System Diseases,rno-miR-352,1.259027123451233
Periodontitis and Diabetic,hsa-miR-4325,1.2590218782424927
Peripartum Cardiomyopathy ,rno-miR-352,1.259011149406433
Facial Nerve Diseases,rno-miR-352,1.258994221687317
Diabetes Of The Exocrine Pancreas ,rno-miR-352,1.2589802742004395
Reperfusion Injury and Testicular Ischemia,hsa-miR-4325,1.2589744329452515
Early-Stage Malignant Melanoma,rno-miR-352,1.2589722871780396
Erectile Dysfunction,rno-miR-352,1.2589675188064575
Hypoxia and Brain,rno-miR-352,1.258947491645813
Disease Progression,hsa-miR-4437,1.2588552236557007
Motion Sickness,mmu-miR-700-5p,1.258801817893982
Neoplasms and Mesothelial,hsa-miR-193a,1.2587577104568481
Status Asthmaticus,hsa-miR-193a,1.2587522268295288
Pasteurella Multocida Infections,hsa-miR-193a,1.2587318420410156
Visceral Pain,hsa-miR-193a,1.2587090730667114
Myeloma Bone Disease,hsa-miR-193a,1.2587083578109741
Wound Infection,hsa-miR-193a,1.2586995363235474
Tricuspid Valve Insufficiency,hsa-miR-193a,1.258697509765625
Phyllodes Tumor and Breast,hsa-miR-193a,1.2586939334869385
Dysentery and Bacillary,rno-miR-340-5p,1.2586555480957031
Spinal Cord Compression,hsa-miR-193a,1.2586270570755005
Cholestatic Liver Injury,hsa-miR-193a,1.2586036920547485
Adrenocortical Adenoma,hsa-miR-193a,1.2585910558700562
Posterior Segment Ocular Diseases,hsa-let-7a-2,1.258586049079895
Mesangial sclerosis and diffuse,hsa-miR-4437,1.258465051651001
American Tegumentary Leishmaniasis,hsa-miR-4281,1.2584091424942017
Precursor B-Cell Lymphoblastic Leukemia-Lymphoma,hsa-miR-4482,1.2583600282669067
Phyllodes Tumor and Breast,hsa-miR-4281,1.2583504915237427
Granulomatous Disease and Chronic,hsa-miR-17-92,1.258349061012268
 Lymph  Node Metastasis,hsa-miR-3928-3p,1.25834321975708
Autoimmune Diseases of the Nervous System,hsa-miR-17-92,1.2583401203155518
Reperfusion Injury and Testicular Ischemia,hsa-miR-4281,1.2583390474319458
Mesangial sclerosis and diffuse,mmu-miR-700-5p,1.2583359479904175
Classical Swine Fever,hsa-miR-17-92,1.2583199739456177
Cervical   Spondylomyelopathy,hsa-miR-17-92,1.25831937789917
Angioedemas and Hereditary,hsa-miR-4281,1.2583142518997192
Lupus Vasculitis and Central Nervous System,hsa-miR-17-92,1.2583140134811401
Myeloma Bone Disease,hsa-miR-17-92,1.2583105564117432
Fabry   Nephropathy,hsa-miR-17-92,1.258301019668579
Neuromyelitis Optica,hsa-miR-4444,1.2583004236221313
Vaginosis and Bacterial,hsa-miR-17-92,1.2582894563674927
Neutropenia,hsa-miR-17-92,1.2582794427871704
Hyperleptinemia,hsa-miR-3928-3p,1.258277177810669
Multiple Mitochondrial Dysfunctions Syndrome,hsa-miR-3928-3p,1.2582736015319824
Liposarcoma and Myxoid,hsa-miR-3928-3p,1.2582730054855347
Posterior Segment Ocular Diseases,hsa-miR-17-92,1.2582685947418213
Biliary Tract Diseases,hsa-miR-3928-3p,1.258263111114502
Enterovirus A Infection,hsa-miR-4437,1.2582569122314453
UV-Sensitive Syndrome,hsa-miR-3928-3p,1.2582563161849976
Vitelliform Macular Dystrophy,hsa-miR-3928-3p,1.2582558393478394
Immunologic Deficiency Syndromes,hsa-miR-3928-3p,1.2582435607910156
Optic Nerve Glioma,hsa-miR-3928-3p,1.2582389116287231
Chronic Inflammation,hsa-miR-3928-3p,1.2582383155822754
Amebiasis,hsa-miR-4281,1.2582355737686157
Dermatitis and Atopic and 1,hsa-miR-3928-3p,1.258232831954956
Inflammation and Chronic,hsa-miR-3928-3p,1.258223295211792
Dyspepsia,hsa-miR-3928-3p,1.2582200765609741
Carcinoma and Intraductal and Noninfiltrating,hsa-miR-3928-3p,1.2582175731658936
Adenocarcinoma Of Esophagus,hsa-miR-17-92,1.2582037448883057
pancreatic adenocarcinoma,hsa-miR-4439,1.2582036256790161
Chediak-Higashi Syndrome,hsa-miR-17-92,1.2581924200057983
Short Qt Syndrome,hsa-miR-17-92,1.2581862211227417
Scleral Diseases,hsa-miR-17-92,1.258182168006897
Amebiasis,hsa-miR-17-92,1.258180856704712
Myotonic Dystrophy,hsa-miR-130b,1.2581783533096313
Diminished  Ovarian Reserve,hsa-miR-3928-3p,1.2581775188446045
Periodontitis and Diabetic,hsa-miR-130b,1.2581766843795776
Angioedemas and Hereditary,hsa-miR-3928-3p,1.2581766843795776
Nevi and Melanomas,hsa-miR-130b,1.258166790008545
Cardiomyopathy and Hypertrophic and Familial,hsa-miR-130b,1.25816011428833
Myeloma Bone Disease,hsa-miR-130b,1.258155345916748
Arene Oxide Detoxification Defect,hsa-miR-130b,1.2581474781036377
Spinal Cord Compression,hsa-miR-3928-3p,1.2581464052200317
Polydactyly,hsa-miR-130b,1.2581454515457153
Venous Neointimal Hyperplasia,hsa-miR-130b,1.2581435441970825
Phyllodes Tumor and Breast,hsa-miR-130b,1.258141040802002
Juvenile gout,hsa-miR-3928-3p,1.2581379413604736
Granuloma,hsa-miR-3928-3p,1.2581326961517334
Enterovirus A Infection,mmu-miR-700-5p,1.258128046989441
Urinary Calculi,EBV-miR-BART3,1.258118987083435
Testicular Neoplasms,hsa-miR-3928-3p,1.2580904960632324
Nevi and Melanomas,EBV-miR-BART3,1.2580897808074951
Swine Diseases,hsa-miR-221-3p,1.2580829858779907
Urinary Calculi,hsa-miR-26b,1.2580809593200684
Multiple Endocrine Neoplasia Type 1,hsa-miR-130b,1.2580628395080566
Periodontitis and Diabetic,hsa-miR-26b,1.2580620050430298
Pyoderma Gangrenosum,hsa-miR-223-5p,1.258055329322815
Swine Diseases,hsa-miR-26b,1.2580435276031494
Meniscus Degeneration,hsa-miR-130b,1.2580403089523315
Liposarcoma and Myxoid,hsa-miR-223-5p,1.2580376863479614
Cholesteatoma and Middle Ear,mmu-miR-700-5p,1.2580369710922241
Otitis Media with Effusion,hsa-miR-223-5p,1.2580366134643555
Tendinopathy,hsa-miR-4439,1.2580339908599854
Scleral Diseases,hsa-miR-130b,1.258027195930481
Amebiasis,hsa-miR-130b,1.258025884628296
Autoimmune Diseases of the Nervous System,hsa-miR-223-5p,1.2580219507217407
Vitelliform Macular Dystrophy,hsa-miR-223-5p,1.2580204010009766
Classical Swine Fever,hsa-miR-223-5p,1.2580018043518066
Tibial Neuropathy,hsa-miR-223-5p,1.2580004930496216
Hereditary Autoinflammatory Diseases,hsa-miR-223-5p,1.2579900026321411
Angioedemas and Hereditary,hsa-miR-26b,1.2579896450042725
Wound Infection,hsa-miR-223-5p,1.2579835653305054
Nonseminomatous germ cell tumor,hsa-miR-223-5p,1.2579742670059204
Hemorrhage,hsa-miR-4439,1.2579584121704102
Brugada Syndrome,hsa-miR-223-5p,1.2579292058944702
Retrognathia,hsa-miR-223-5p,1.2579278945922852
Meniscus Degeneration,hsa-miR-26b,1.2579253911972046
Chediak-Higashi Syndrome,hsa-miR-26b,1.2579225301742554
Uterine Neoplasms,mmu-miR-708,1.2579114437103271
Mycoplasma pneumoniae pneumonia,hsa-miR-26b,1.2579073905944824
Homozygous Familial Hypercholesterolemia,hsa-miR-26b,1.2579057216644287
Epilepsies and Partial,mmu-miR-700-5p,1.2577581405639648
Neoplasms and Mesothelial,hsa-miR-136,1.257744312286377
Skeletal Muscle Injury,hsa-miR-136,1.2577310800552368
Lupus Vasculitis and Central Nervous System,hsa-miR-136,1.2576985359191895
Brain   Ventricle Enlargement,hsa-miR-136,1.2576721906661987
Reperfusion Injury and Testicular Ischemia,hsa-miR-136,1.2576688528060913
Wallerian Degeneration,hsa-miR-4459,1.2576611042022705
Brugada Syndrome,hsa-miR-136,1.257631778717041
Reperfusion Injury and Testicular Ischemia,hsa-miR-3653-3p,1.2576004266738892
Granulomatous Disease and Chronic,hsa-miR-3925-5p,1.2575594186782837
Testicular Neoplasms,hsa-miR-136,1.25755774974823
 Lymph  Node Metastasis,hsa-miR-136,1.2575502395629883
Spinal Cord Compression,hsa-miR-3653-3p,1.2575453519821167
Motion Sickness,hsa-miR-4482,1.2575290203094482
Myeloma Bone Disease,hsa-miR-3925-5p,1.2575207948684692
Severe Acute Respiratory Syndrome,hsa-miR-4494,1.2575163841247559
Renal Artery Obstruction,hsa-miR-1244,1.2575147151947021
Chediak-Higashi Syndrome,hsa-miR-3653-3p,1.257508397102356
Tibial Neuropathy,hsa-miR-1244,1.2574994564056396
succinic semialdehyde dehydrogenase deficiency,hsa-miR-1244,1.2574982643127441
Asthma and Chronic,hsa-miR-1244,1.2574870586395264
Lattice corneal dystrophy type 1,hsa-miR-1244,1.2574763298034668
Rhabdoviridae Infections,hsa-miR-3925-5p,1.2574632167816162
Epilepsies and Partial,mmu-miR-708,1.2574609518051147
Follicular Atresia,hsa-miR-4444,1.2574199438095093
Polyposis Syndrome and Hereditary Mixed and 1,hsa-miR-3925-5p,1.2574135065078735
Orofacial Cleft,hsa-miR-19a-5p,1.2574042081832886
Canavan Disease,hsa-miR-19a-5p,1.257392168045044
Polyposis Syndrome and Hereditary Mixed and 1,hsa-miR-1244,1.257384181022644
Choroid Diseases,hsa-miR-19a-5p,1.2573816776275635
Neoplasms and Mesothelial,hsa-miR-19a-5p,1.2573802471160889
Meniscus Degeneration,hsa-miR-1244,1.2573760747909546
Otitis Media with Effusion,hsa-miR-19a-5p,1.2573753595352173
Chediak-Higashi Syndrome,hsa-miR-1244,1.257373332977295
Chills,hsa-miR-19a-5p,1.2573720216751099
Autoimmune Diseases of the Nervous System,hsa-miR-19a-5p,1.257360816001892
Laryngopharyngeal Neoplasms,hsa-miR-19a-5p,1.2573535442352295
Chronic Inflammation,hsa-miR-19a-5p,1.257341742515564
Neonatal Encephalopathy,hsa-miR-19a-5p,1.257338047027588
Chronic  Rhinosinusitis With Nasal Polyps,hsa-miR-19a-5p,1.257335901260376
Equine Infectious Anemia,hsa-miR-19a-5p,1.2573331594467163
Rhabdoid Tumor and Kidney,hsa-miR-19a-5p,1.257327914237976
hsv1-miR-H18,hsa-miR-4444,1.257318377494812
Phyllodes Tumor and Breast,hsa-miR-19a-5p,1.2573164701461792
Esophageal Atresia,hsa-miR-19a-5p,1.2573139667510986
Neoplasms by Histologic Type,hsa-miR-19a-5p,1.2572907209396362
Pneumoconiosis,hsa-miR-19a-5p,1.2572742700576782
Adenocarcinoma Of Esophagus,hsa-miR-19a-5p,1.257224202156067
Maternal   Cholestasis,hsa-miR-19a-5p,1.2572194337844849
Meniscus Degeneration,hsa-miR-19a-5p,1.2572158575057983
Adrenocortical Adenoma,hsa-miR-19a-5p,1.2572135925292969
Chediak-Higashi Syndrome,hsa-miR-19a-5p,1.2572129964828491
Amebiasis,hsa-miR-19a-5p,1.2572014331817627
Intermittent Claudication,hsa-miR-20b*,1.2571994066238403
Liposarcoma and Myxoid,hsa-miR-30c-2-3p,1.2571614980697632
Plaque and Amyloid,hsa-miR-30c-2-3p,1.257115364074707
Inflammation and Chronic,hsa-miR-30c-2-3p,1.2571117877960205
Chronic Kidney   Disease,hsa-miR-30c-2-3p,1.2570927143096924
Angioedemas and Hereditary,hsa-miR-30c-2-3p,1.2570650577545166
Splenic Neoplasms,hsa-miR-30c-2-3p,1.2570439577102661
Intermittent Claudication,hsa-miR-30c-2,1.2570303678512573
 Lymph  Node Metastasis,hsa-miR-19a-5p,1.2570087909698486
Brugada Syndrome,hsa-miR-185*,1.2569756507873535
Uterine Neoplasms,hsa-miR-4482,1.2569360733032227
Amebiasis,hsa-miR-185*,1.2569093704223633
Visceral Pain,hsa-miR-3682-3p,1.2568399906158447
Inflammation and Chronic,hsa-miR-3682-3p,1.256834864616394
Arene Oxide Detoxification Defect,hsa-miR-3682-3p,1.256831169128418
Neutropenia,hsa-miR-3682-3p,1.2568080425262451
Neuroaxonal Dystrophies,hsa-miR-3682-3p,1.256807804107666
Posterior Segment Ocular Diseases,hsa-miR-3682-3p,1.256797432899475
Cholesteatoma and Middle Ear,hsa-miR-4482,1.2567641735076904
Scleral Diseases,hsa-miR-3682-3p,1.2567107677459717
Canavan Disease,hsa-miR-20b*,1.2566025257110596
Anemia and Diamond-Blackfan,hsa-miR-20b*,1.2565919160842896
Multiple Mitochondrial Dysfunctions Syndrome,hsa-miR-20b*,1.256587266921997
Urinary Calculi,hsa-miR-20b*,1.2565815448760986
Myotonic Dystrophy,hsa-miR-20b*,1.2565640211105347
Periodontitis and Diabetic,hsa-miR-20b*,1.25656259059906
Chronic  Rhinosinusitis With Nasal Polyps,hsa-miR-20b*,1.2565463781356812
Swine Diseases,hsa-miR-20b*,1.2565438747406006
Crisponi syndrome,hsa-miR-20b*,1.2565362453460693
Venous Neointimal Hyperplasia,hsa-miR-20b*,1.2565292119979858
Primary Gastrointestinal Diffuse Large B-Cell Lymphoma ,hsa-miR-20b*,1.256513237953186
Small-Bowel  Neuroendocrine Tumor,hsa-miR-20b*,1.2565081119537354
Non-Segmental Vitiligo,hsa-miR-20b*,1.2564679384231567
Granulomatous Disease and Chronic,hsa-miR-30c-2,1.256466269493103
Hemorrhagic Fever with Renal Syndrome,hsa-miR-30c-2,1.256466269493103
Autoimmune Diseases of the Nervous System,hsa-miR-30c-2,1.2564574480056763
Muscular Dystrophies and Limb-Girdle,hsa-miR-30c-2,1.2564491033554077
Dysentery and Bacillary,hsa-miR-20b*,1.2564438581466675
cervical adenocarcinoma,hsa-miR-30c-2,1.2564431428909302
Chronic Inflammation,hsa-miR-30c-2,1.2564383745193481
Classical Swine Fever,hsa-miR-30c-2,1.2564373016357422
Tibial Neuropathy,hsa-miR-30c-2,1.256435751914978
Disorders of Sex Development,hsa-miR-30c-2,1.2564352750778198
Polyposis Syndrome and Hereditary Mixed and 1,hsa-miR-20b*,1.2564340829849243
Lymphohistiocytosis and Hemophagocytic,hsa-miR-30c-2,1.2564334869384766
Hereditary Autoinflammatory Diseases,hsa-miR-30c-2,1.2564254999160767
Wound Infection,hsa-miR-30c-2,1.2564189434051514
Hemangiosarcoma,hsa-miR-30c-2,1.2564189434051514
Scleral Diseases,hsa-miR-20b*,1.2564128637313843
Reperfusion Injury and Testicular Ischemia,hsa-miR-30c-2,1.2564016580581665
Neutropenia,hsa-miR-30c-2,1.2563966512680054
Neoplasms and Mesothelial,hsa-miR-218-1,1.2563954591751099
Gliosis,hsa-miR-30c-2,1.25639009475708
American Tegumentary Leishmaniasis,hsa-miR-218-1,1.25639009475708
Lentivirus Infections,hsa-miR-218-1,1.2563798427581787
Diminished  Ovarian Reserve,hsa-miR-30c-2,1.2563772201538086
Periodontitis and Diabetic,hsa-miR-218-1,1.2563674449920654
Brugada Syndrome,hsa-miR-30c-2,1.2563645839691162
Splenic Neoplasms,hsa-miR-30c-2,1.2563555240631104
Myeloma Bone Disease,hsa-miR-218-1,1.2563461065292358
Follicular Atresia,hsa-miR-4443,1.256343960762024
Inflammation and Chronic,hsa-miR-218-1,1.256341814994812
Tissue Adhesions,hsa-miR-218-1,1.2563385963439941
Meniscus Degeneration,hsa-miR-30c-2,1.2563124895095825
Encephalitis and Tick-Borne,hsa-miR-422b,1.2563114166259766
Chediak-Higashi Syndrome,hsa-miR-30c-2,1.2563096284866333
Amebiasis,hsa-miR-30c-2,1.2562981843948364
Classical Swine Fever,hsa-miR-216a-5p,1.2562923431396484
Neoplasms and Mesothelial,hsa-miR-29c,1.256284236907959
Splenic Neoplasms,hsa-miR-218-1,1.2562741041183472
Granulomatous Disease and Chronic,hsa-miR-29c,1.2562735080718994
Human T-Cell Leukemia Virus Type 1 Infections,hsa-miR-218-1,1.256258249282837
Reperfusion Injury and Testicular Ischemia,hsa-miR-216a-5p,1.2562568187713623
Periodontitis and Diabetic,hsa-miR-29c,1.2562562227249146
Myeloma Bone Disease,hsa-miR-422b,1.2562493085861206
Hereditary Autoinflammatory Diseases,hsa-miR-422b,1.2562469244003296
Adenocarcinoma Of Esophagus,hsa-miR-218-1,1.2562392950057983
miR-142-y,hsa-miR-4443,1.2562379837036133
Meniscus Degeneration,hsa-miR-218-1,1.2562309503555298
Wound Infection,hsa-miR-29c,1.2562260627746582
Phyllodes Tumor and Breast,hsa-miR-29c,1.2562203407287598
Vaginosis and Bacterial,hsa-miR-29c,1.2562140226364136
Testicular Neoplasms,hsa-miR-218-1,1.2562090158462524
Diminished  Ovarian Reserve,hsa-miR-422b,1.256198763847351
Diminished  Ovarian Reserve,hsa-miR-29c,1.256184458732605
Scleral Diseases,hsa-miR-216a-5p,1.2561542987823486
Amebiasis,hsa-miR-216a-5p,1.2561532258987427
Granuloma,hsa-miR-29c,1.2561396360397339
Adenocarcinoma Of Esophagus,hsa-miR-29c,1.2561280727386475
Polyposis Syndrome and Hereditary Mixed and 1,hsa-miR-29c,1.2561275959014893
Chediak-Higashi Syndrome,hsa-miR-29c,1.2561169862747192
Optic atrophy 1 and deafness,hsa-miR-422b,1.2561008930206299
Testicular Neoplasms,hsa-miR-29c,1.256097674369812
Granulomatous Disease and Chronic,hsa-miR-378d,1.2560653686523438
Periodontitis and Diabetic,hsa-miR-29b-1,1.2560595273971558
hsv-miR-H1,hsa-miR-4459,1.2560514211654663
Pediatric Enteritis,hsa-miR-29b-1,1.2560495138168335
Classical Swine Fever,hsa-miR-29b-1,1.2560477256774902
Wound Infection,hsa-miR-29b-1,1.2560293674468994
Venous Neointimal Hyperplasia,hsa-miR-29b-1,1.256026029586792
ovarian clear cell carcinoma,hsa-miR-29b-1,1.2560248374938965
Transmissible Gastroenteritis,hsa-miR-29b-1,1.2560049295425415
Gliosis,hsa-miR-29b-1,1.2560006380081177
Splenic Neoplasms,hsa-miR-29b-1,1.255966067314148
Human T-Cell Leukemia Virus Type 1 Infections,hsa-miR-29b-1,1.2559504508972168
Cestode Infections,hsa-miR-29b-1,1.2559053897857666
Vitelliform Macular Dystrophy,hsa-miR-4255,1.255871057510376
Periodontitis and Diabetic,hsa-miR-4255,1.2558643817901611
Classical Swine Fever,hsa-miR-4255,1.255852460861206
Tibial Neuropathy,hsa-miR-4255,1.255851149559021
Chronic  Rhinosinusitis With Nasal Polyps,hsa-miR-4255,1.2558480501174927
Cardiomyopathy and Hypertrophic and Familial,hsa-miR-4255,1.2558478116989136
Visceral Pain,hsa-miR-4255,1.2558437585830688
Myeloma Bone Disease,hsa-miR-4255,1.2558430433273315
Hereditary Autoinflammatory Diseases,hsa-miR-4255,1.255840539932251
Asthma and Chronic,hsa-miR-4255,1.255838394165039
Lattice corneal dystrophy type 1,hsa-miR-4255,1.2558281421661377
Pancreatitis and Acute Hemorrhagic,hsa-miR-4255,1.2558234930038452
Vaginosis and Bacterial,hsa-miR-4255,1.2558220624923706
Cardiomyopathy and Right Ventricular Dilated,hsa-miR-4255,1.2558157444000244
Gliosis,hsa-miR-4255,1.2558053731918335
Diminished  Ovarian Reserve,hsa-miR-4255,1.2557926177978516
Brugada Syndrome,hsa-miR-4255,1.2557798624038696
Human T-Cell Leukemia Virus Type 1 Infections,hsa-miR-4255,1.255755066871643
Juvenile gout,hsa-miR-4255,1.2557531595230103
Prethrombotic State,hsa-miR-4255,1.2557461261749268
Polyposis Syndrome and Hereditary Mixed and 1,hsa-miR-4255,1.2557361125946045
Papilloma and Inverted,hsa-miR-223-5p,1.255669355392456
Anemia and Iron-Deficiency,hsa-miR-3202,1.2556575536727905
Encephalitis and Tick-Borne,hsa-miR-193b-5p,1.255656123161316
Canavan Disease,hsa-miR-193b-5p,1.25565505027771
Urologic Diseases,hsa-miR-193b-5p,1.2556469440460205
Hyperleptinemia,hsa-miR-193b-5p,1.255643367767334
Autoimmune Diseases of the Nervous System,hsa-miR-193b-5p,1.2556238174438477
Vitelliform Macular Dystrophy,hsa-miR-193b-5p,1.255622148513794
Neoplasms and Mesothelial,hsa-miR-3606-3p,1.2556182146072388
Myotonic Dystrophy,hsa-miR-193b-5p,1.2556167840957642
Nevi and Melanomas,hsa-miR-193b-5p,1.2556052207946777
Hereditary Autoinflammatory Diseases,hsa-miR-193b-5p,1.255591630935669
Inflammation and Chronic,hsa-miR-193b-5p,1.2555896043777466
Asthma and Chronic,hsa-miR-193b-5p,1.255589485168457
Urinary Incontinence and Stress,hsa-miR-193b-5p,1.255585789680481
Wound Infection,hsa-miR-193b-5p,1.2555851936340332
Pancreatitis and Acute Hemorrhagic,hsa-miR-193b-5p,1.2555744647979736
 Lymph  Node Metastasis,hsa-miR-218-1,1.2555431127548218
Inflammation and Chronic,hsa-miR-3154,1.255541443824768
Juvenile gout,hsa-miR-193b-5p,1.2555042505264282
Polyposis Syndrome and Hereditary Mixed and 1,hsa-miR-193b-5p,1.2554867267608643
Tenon Fibroblasts,hsa-miR-193b-5p,1.2554856538772583
Lymphoma and Nk-T-Cell,hsa-miR-193b-5p,1.255480170249939
Scleral Diseases,hsa-miR-193b-5p,1.2554657459259033
Optic atrophy 1 and deafness,hsa-miR-193b-5p,1.2554457187652588
Chediak-Higashi Syndrome,hsa-miR-3154,1.2554278373718262
Intermittent Claudication,hsa-miR-329-3p,1.25542414188385
Myotonic Dystrophy,hsa-miR-150*,1.2554233074188232
Wallerian Degeneration,hsa-miR-4437,1.2554165124893188
Encephalitis and Tick-Borne,hsa-miR-329-3p,1.2554105520248413
Chills,hsa-miR-329-3p,1.2553894519805908
Urinary Calculi,hsa-miR-329-3p,1.255388617515564
Skeletal Muscle Injury,hsa-miR-329-3p,1.2553845643997192
Lentivirus Infections,hsa-miR-329-3p,1.2553820610046387
Vitelliform Macular Dystrophy,hsa-miR-329-3p,1.2553763389587402
Submandibular Gland Diseases,hsa-miR-329-3p,1.255356788635254
Visceral Hypersensitivity,hsa-miR-329-3p,1.2553563117980957
Peripheral Vascular Diseases,hsa-miR-329-3p,1.2553483247756958
Arene Oxide Detoxification Defect,hsa-miR-329-3p,1.2553404569625854
Wound Infection,hsa-miR-329-3p,1.255339503288269
Lattice corneal dystrophy type 1,hsa-miR-329-3p,1.2553335428237915
Brain   Ventricle Enlargement,hsa-miR-329-3p,1.2553257942199707
Primary Gastrointestinal Diffuse Large B-Cell Lymphoma ,hsa-miR-329-3p,1.255320429801941
congenital fibrosarcoma,hsa-miR-329-3p,1.2553167343139648
Encephalitis Virus and Japanese,hsa-miR-329-3p,1.255303144454956
Non-Segmental Vitiligo,hsa-miR-329-3p,1.255275011062622
Scleral Diseases,hsa-miR-150*,1.2552722692489624
Polyposis Syndrome and Hereditary Mixed and 1,hsa-miR-329-3p,1.2552412748336792
Meniscus Degeneration,hsa-miR-329-3p,1.2552330493927002
Amebiasis,hsa-miR-329-3p,1.2552188634872437
Spinal Diseases,hsa-miR-329-3p,1.255217432975769
Periodontitis and Diabetic,hsa-miR-093,1.2552034854888916
Chronic  Rhinosinusitis With Nasal Polyps,hsa-miR-093,1.2551870346069336
Equine Infectious Anemia,hsa-miR-093,1.255184292793274
Inflammation and Chronic,hsa-miR-093,1.2551778554916382
Tissue Adhesions,hsa-miR-093,1.2551743984222412
Colonic Diseases,hsa-miR-093,1.2551604509353638
Posterior Segment Ocular Diseases,hsa-miR-093,1.2551401853561401
Diminished  Ovarian Reserve,hsa-miR-093,1.255131483078003
Skeletal Muscle Dysplasia,hsa-miR-093,1.2550688982009888
Pemphigus and Benign Familial,hsa-miR-093,1.2550667524337769
Scleral Diseases,hsa-miR-093,1.2550537586212158
Optic atrophy 1 and deafness,hsa-miR-093,1.2550338506698608
Asthma and Severe,hsa-miR-335-5p,1.2548168897628784
Nevi and Melanomas,hsa-miR-335-5p,1.254809021949768
Chronic  Rhinosinusitis With Nasal Polyps,hsa-miR-335-5p,1.254802942276001
Plaque and Amyloid,hsa-miR-335-5p,1.254797339439392
Hereditary Autoinflammatory Diseases,hsa-miR-335-5p,1.2547956705093384
 Lymph  Node Metastasis,hsa-miR-4255,1.2547944784164429
Sepsis and Intensive Care Unit-Acquired,hsa-miR-29b-3p,1.2547930479049683
Classical Swine Fever,hsa-miR-29b-3p,1.25478994846344
Wound Infection,hsa-miR-335-5p,1.2547889947891235
Tibial Neuropathy,hsa-miR-29b-3p,1.2547886371612549
Lattice corneal dystrophy type 1,hsa-miR-335-5p,1.254783034324646
Rhabdoid Tumor and Kidney,hsa-miR-29b-3p,1.254777431488037
Inflammation and Chronic,hsa-miR-29b-3p,1.2547762393951416
Arene Oxide Detoxification Defect,hsa-miR-29b-3p,1.2547725439071655
Lattice corneal dystrophy type 1,hsa-miR-29b-3p,1.2547656297683716
Angioedemas and Hereditary,hsa-miR-335-5p,1.254746913909912
Rhabdoviridae Infections,hsa-miR-335-5p,1.2547403573989868
Neurotoxicity Syndromes,hsa-miR-4437,1.254721999168396
Meniscus Degeneration,hsa-miR-335-5p,1.2546827793121338
Chediak-Higashi Syndrome,hsa-miR-29b-3p,1.2546626329421997
Wallerian Degeneration,mmu-miR-708,1.2545905113220215
Papilloma and Inverted,hsa-miR-30c-2-3p,1.254365086555481
Nevi and Melanomas,hsa-miR-30b*,1.2543039321899414
UV-Sensitive Syndrome,hsa-miR-26a-1-3p,1.2542644739151
Urinary Calculi,hsa-miR-3689f,1.2541528940200806
Arene Oxide Detoxification Defect,hsa-miR-3689f,1.2541046142578125
Toxoplasmosis and Cerebral,mmu-miR-700-5p,1.2540048360824585
Hypopharyngeal Neoplasms,mmu-miR-712-3p,1.2539902925491333
Follicular Atresia,hsa-miR-4437,1.2539055347442627
 Lymph  Node Metastasis,hsa-miR-093,1.2538108825683594
Leukopenia,hsa-miR-329-3p,1.2537221908569336
Kidney Tubular Necrosis and Acute,hsa-miR-19b-2,1.253608226776123
Toxoplasmosis and Cerebral,mmu-miR-708,1.2534286975860596
Neutropenia,hsa-miR-3613-5p,1.2533442974090576
Hepatocellular Carcinoma and Hbv-Related,rno-miR-326,1.2532942295074463
Splenic Neoplasms,rno-miR-326,1.2532488107681274
 Lymph  Node Metastasis,hsa-miR-335-5p,1.2532391548156738
Toxoplasmosis and Cerebral,hsa-miR-4494,1.2532098293304443
Venous Neointimal Hyperplasia,hsa-miR-4517,1.2530772686004639
Extramedullary Multiple Myeloma,hsa-miR-4517,1.2530708312988281
Reperfusion Injury and Testicular Ischemia,hsa-miR-4517,1.2530630826950073
Posterior Segment Ocular Diseases,hsa-miR-4517,1.2530474662780762
Granulomatous Disease and Chronic,hsa-miR-3175,1.2525688409805298
UV-Sensitive Syndrome,hsa-miR-3175,1.252558946609497
Vitelliform Macular Dystrophy,hsa-miR-3175,1.2525583505630493
Classical Swine Fever,hsa-miR-3175,1.2525397539138794
Tibial Neuropathy,hsa-miR-3175,1.2525385618209839
Lupus Vasculitis and Central Nervous System,hsa-miR-3175,1.2525339126586914
Hereditary Autoinflammatory Diseases,hsa-miR-3175,1.2525279521942139
Pancreatitis and Acute Hemorrhagic,hsa-miR-3175,1.252510905265808
Reperfusion Injury and Testicular Ischemia,hsa-miR-3175,1.2525041103363037
Susac Syndrome,hsa-miR-3175,1.2524664402008057
Spinal Cord Compression,hsa-miR-3175,1.2524491548538208
Adrenocortical Adenoma,hsa-miR-3175,1.252413034439087
thyroid gland Hurthle cell carcinoma,hsa-miR-3175,1.2524093389511108
Mycoplasma pneumoniae pneumonia,hsa-miR-3175,1.252397060394287
Papillomavirus Infections,hsa-miR-4446-5p,1.2522486448287964
ovarian clear cell carcinoma,hsa-miR-131,1.2520883083343506
Neutropenia,hsa-miR-131,1.2520703077316284
Angioedemas and Hereditary,hsa-miR-131,1.252050518989563
Neurotoxicity Syndromes,hsa-miR-4482,1.252005934715271
Pathologic Processes,mmu-miR-700-5p,1.2519629001617432
Lentivirus Infections,hsa-miR-155-3p,1.2518202066421509
Vitelliform Macular Dystrophy,hsa-miR-155-3p,1.2518147230148315
Tibial Neuropathy,hsa-miR-155-3p,1.2517948150634766
Plaque and Amyloid,hsa-miR-155-3p,1.2517858743667603
Asthma and Chronic,hsa-miR-155-3p,1.2517821788787842
Wound Infection,hsa-miR-155-3p,1.2517778873443604
Roberts Syndrome,hsa-miR-155-3p,1.251700758934021
American Tegumentary Leishmaniasis,hsa-miR-3669,1.2514413595199585
Urinary Calculi,hsa-miR-3669,1.2514376640319824
Vitelliform Macular Dystrophy,hsa-miR-3669,1.2514255046844482
Renal Artery Obstruction,hsa-miR-3669,1.2514207363128662
Nevi and Melanomas,hsa-miR-3669,1.2514084577560425
Osteoblastoma,hsa-miR-3669,1.2514064311981201
Pancreatic Beta-Cell Dysfunction,hsa-miR-3669,1.251403570175171
Myeloma Bone Disease,hsa-miR-3669,1.2513973712921143
Arene Oxide Detoxification Defect,hsa-miR-3669,1.2513892650604248
Phyllodes Tumor and Breast,hsa-miR-3669,1.25138258934021
Gliosis,hsa-miR-3669,1.2513598203659058
Clear-cell metastatic renal cell carcinoma,hsa-miR-3669,1.2513562440872192
Posterior Segment Ocular Diseases,hsa-miR-3669,1.2513556480407715
Angioedemas and Hereditary,hsa-miR-3669,1.2513463497161865
Anemia and Iron-Deficiency,hsa-miR-3682-3p,1.2513427734375
Canavan Disease,hsa-miR-134,1.2513238191604614
Juvenile gout,hsa-miR-3669,1.2513076066970825
Chronic Limb-Threatening Ischemia,hsa-miR-134,1.2512953281402588
Adenocarcinoma Of Esophagus,hsa-miR-3669,1.2512905597686768
Polyposis Syndrome and Hereditary Mixed and 1,hsa-miR-3669,1.251289963722229
Scleral Diseases,hsa-miR-3669,1.251268982887268
Pseudomonas Infections,hsa-miR-3669,1.2512685060501099
Mycoplasma pneumoniae pneumonia,hsa-miR-3669,1.251263976097107
Reproductive Tract Infections,hsa-miR-3669,1.2512623071670532
Obstructive   Kidney Disease,hsa-miR-3669,1.2512589693069458
Reperfusion Injury and Testicular Ischemia,hsa-miR-134,1.2512366771697998
Brugada Syndrome,hsa-miR-134,1.2511996030807495
Lattice corneal dystrophy type 1,hsa-miR-365b-5p,1.2510815858840942
Splenic Neoplasms,hsa-miR-365b-5p,1.2510243654251099
Radiation-Induced Oral Mucositis,hsa-miR-4513,1.2509934902191162
Dwarfism,hsa-miR-4434,1.250797152519226
Fibrosarcoma,hsa-miR-4434,1.2507915496826172
Myeloma Bone Disease,hsa-miR-181a-2-3p,1.2505403757095337
Inflammation and Chronic,hsa-miR-181a-2-3p,1.2505360841751099
Neutropenia,hsa-miR-1301-3p,1.2505155801773071
Angioedemas and Hereditary,hsa-miR-181a-2-3p,1.250489354133606
Adrenocortical Adenoma,hsa-miR-1301-3p,1.250429391860962
Amebiasis,hsa-miR-181a-2-3p,1.250410795211792
Multiple Mitochondrial Dysfunctions Syndrome,hsa-miR-1293,1.250331163406372
Meniscus Degeneration,hsa-miR-196a-1,1.2502601146697998
Canavan Disease,hsa-miR-26a-1*,1.250235676765442
Dysentery and Bacillary,hsa-miR-1293,1.250187635421753
Inflammation and Chronic,hsa-miR-26a-1*,1.2501702308654785
Venous Neointimal Hyperplasia,hsa-miR-26a-1*,1.2501628398895264
Reperfusion Injury and Testicular Ischemia,hsa-miR-26a-1*,1.2501485347747803
Polyposis Syndrome and Hereditary Mixed and 1,hsa-miR-320c-1,1.249955177307129
Periodontitis and Diabetic,hsa-miR-18b-5p,1.249942660331726
Prekallikrein Deficiency,hsa-miR-18b-5p,1.2499334812164307
Myeloma Bone Disease,hsa-miR-18b-5p,1.249921202659607
Asthma and Chronic,hsa-miR-18b-5p,1.249916911125183
Tricuspid Valve Insufficiency,hsa-miR-18b-5p,1.249910593032837
Primary Gastrointestinal Diffuse Large B-Cell Lymphoma ,hsa-miR-18b-5p,1.249893307685852
Urinary Calculi,hsa-miR-4280,1.2498717308044434
Dysentery and Bacillary,hsa-miR-18b-5p,1.2498236894607544
Periodontitis and Diabetic,hsa-miR-3646,1.249769926071167
Juvenile gout,hsa-miR-4280,1.2497419118881226
Urinary Calculi,hsa-miR-20a*,1.2496519088745117
Chediak-Higashi Syndrome,hsa-miR-3646,1.2496302127838135
Rhabdoid Tumor and Kidney,hsa-miR-20a*,1.2496083974838257
Wound Infection,hsa-miR-20a*,1.2496026754379272
Phyllodes Tumor and Breast,hsa-miR-20a*,1.2495970726013184
Intermittent Claudication,hsa-miR-3669,1.2495442628860474
Testicular Neoplasms,hsa-miR-194-5p,1.2495057582855225
Pathologic Processes,hsa-miR-4482,1.2494966983795166
Anemia and Iron-Deficiency,hsa-miR-193b-5p,1.2494899034500122
Anemia and Iron-Deficiency,hsa-miR-329-3p,1.24912428855896
Ophthalmoplegia and Chronic Progressive External,hsa-miR-2114*,1.2485710382461548
Craniocerebral Trauma,mmu-miR-701,1.2482997179031372
Anemia and Iron-Deficiency,hsa-miR-3689f,1.247285008430481
Angioedemas and Hereditary,hsa-miR-152,1.2469407320022583
Lattice corneal dystrophy type 1,hsa-miR-3942-5p,1.2468347549438477
Neutropenia,hsa-miR-3942-5p,1.2468184232711792
Chediak-Higashi Syndrome,hsa-miR-3942-5p,1.2467314004898071
Newcastle Disease,hsa-mir-873,1.2466065883636475
 Lymph  Node Metastasis,hsa-miR-18b-5p,1.2459818124771118
Multiple Mitochondrial Dysfunctions Syndrome,hsa-miR-219b-5p,1.2458643913269043
Equine Infectious Anemia,hsa-miR-219b-5p,1.2458205223083496
Uveomeningoencephalitic Syndrome,hsa-miR-219b-5p,1.2457693815231323
Spinal Cord Compression,hsa-miR-219b-5p,1.2457371950149536
Multiple Endocrine Neoplasia Type 1,hsa-miR-219b-5p,1.2457256317138672
Deglutition Disorders,hsa-miR-219b-5p,1.2457176446914673
Nevi and Melanomas,hsa-miR-220b,1.2457051277160645
Equine Infectious Anemia,hsa-miR-374c-3p,1.2454462051391602
Chronic  Rhinosinusitis With Nasal Polyps,hsa-miR-329-2,1.2454410791397095
Polyneuropathies,hsa-miR-3918,1.2454345226287842
Asthma and Chronic,hsa-miR-329-2,1.2454315423965454
Venous Neointimal Hyperplasia,hsa-miR-329-2,1.2454240322113037
Short Qt Syndrome,hsa-miR-329-2,1.2453114986419678
Canavan Disease,hsa-miR-2114,1.245255947113037
Nevi and Melanomas,hsa-miR-2114,1.2452059984207153
Renal Artery Obstruction,hsa-miR-210-3p,1.245171070098877
Reperfusion Injury and Testicular Ischemia,hsa-miR-210-3p,1.2451215982437134
Nevi and Melanomas,hsa-miR-1273h-3p,1.2451049089431763
Brugada Syndrome,hsa-miR-1273h-3p,1.2450308799743652
Tibial Neuropathy,hsa-miR-376b-5p,1.244977355003357
Maxillary Fractures,hsa-miR-200a-3p,1.2447148561477661
UV-Sensitive Syndrome,hsa-miR-4513,1.244537591934204
Posterior Segment Ocular Diseases,hsa-miR-4513,1.2444673776626587
Chediak-Higashi Syndrome,hsa-miR-4513,1.2443909645080566
Myeloma Bone Disease,hsa-miR-3622b-3p,1.2441887855529785
Pelvic Organ Prolapse,hsa-miR-4446-5p,1.2441755533218384
Reperfusion Injury and Testicular Ischemia,hsa-miR-3622b-3p,1.2441627979278564
Posterior Segment Ocular Diseases,hsa-miR-320b-1,1.2439199686050415
Diminished  Ovarian Reserve,hsa-miR-320b-1,1.2439113855361938
Inflammation and Chronic,hsa-miR-4447,1.2436912059783936
Diminished  Ovarian Reserve,hsa-miR-4447,1.243645191192627
Adenocarcinoma Of Esophagus,hsa-miR-4447,1.2435886859893799
Smith-McCort Dysplasia,hsa-miR-4492,1.2435694932937622
Newcastle Disease,hsa-miR-4437,1.2435088157653809
Multiple Mitochondrial Dysfunctions Syndrome,hsa-miR-3677,1.243181824684143
Myotonic Dystrophy,hsa-miR-3677,1.2431586980819702
Neutropenia,hsa-miR-1228*,1.2430963516235352
Brugada Syndrome,hsa-miR-1228*,1.243064522743225
Gonadotoxicity,hsa-miR-4492,1.24285089969635
Myotonic Dystrophy,hsa-miR-219a-5p,1.2426518201828003
Craniocerebral Trauma,hsa-miR-4482,1.242560625076294
Chediak-Higashi Syndrome,hsa-miR-34c,1.242254614830017
Scleral Diseases,hsa-miR-34c,1.2422443628311157
Multiple Mitochondrial Dysfunctions Syndrome,mmu-miR-744,1.2419134378433228
Sepsis and Intensive Care Unit-Acquired,mmu-miR-744,1.241880178451538
Classical Swine Fever,mmu-miR-744,1.2418768405914307
Asthma and Chronic,mmu-miR-744,1.2418632507324219
Wound Infection,mmu-miR-744,1.2418586015701294
Aristolochic Acid Induced Nephropathy,mmu-miR-744,1.2417948246002197
Spinal Cord Compression,mmu-miR-744,1.2417863607406616
Chediak-Higashi Syndrome,mmu-miR-744,1.2417495250701904
Scleral Diseases,mmu-miR-744,1.2417391538619995
Amebiasis,mmu-miR-744,1.241737961769104
Gluteal Muscle   Contracture,hsa-miR-3655,1.2415306568145752
Reperfusion Injury and Testicular Ischemia,hsa-miR-3655,1.2415046691894531
Polyposis Syndrome and Hereditary Mixed and 1,hsa-miR-30c-2*,1.2414673566818237
Amebiasis,rno-miR-99a,1.2413066625595093
Vision and Low,hsa-miR-4444,1.241253137588501
Maxillary Fractures,hsa-miR-1245a,1.241248369216919
Dilated Cardiomyopathy ,hsa-miR-2681,1.2412384748458862
Sepsis and Intensive Care Unit-Acquired,hsa-miR-213,1.2411959171295166
Testicular Damage,hsa-miR-4439,1.241188883781433
Equine Infectious Anemia,hsa-miR-213,1.2411855459213257
Gonadotoxicity,hsa-mir-873,1.241010069847107
Testicular Damage,mmu-miR-708,1.2408086061477661
Testicular Damage,hsa-miR-4494,1.2405894994735718
Radiation-Induced Oral Mucositis,mmu-miR-693-5p,1.2405409812927246
Scleral Diseases,hsa-miR-3191-3p,1.2405146360397339
Nevi and Melanomas,hsa-miR-424-5p,1.2403534650802612
Radiation-Induced Oral Mucositis,hsa-miR-3126-5p,1.2402538061141968
Nevi and Melanomas,hsa-let-7f-2*,1.2401695251464844
Vitreoretinochoroidopathy,hsa-miR-30e,1.2400059700012207
Vision and Low,mmu-miR-700-5p,1.23994779586792
Liposarcoma and Myxoid,hsa-miR-33a*,1.2398772239685059
Ophthalmoplegia and Chronic Progressive External,hsa-miR-130b,1.2398130893707275
Reperfusion Injury and Testicular Ischemia,hsa-miR-33a*,1.239806056022644
Primary Gastrointestinal Diffuse Large B-Cell Lymphoma ,hsa-miR-33a*,1.2398040294647217
Amebiasis,hsa-miR-33a*,1.2397024631500244
Gout,mmu-miR-743a,1.2396174669265747
Absent corpus callosum cataract immunodeficiency,rno-miR-25,1.2395813465118408
Tibial Neuropathy,rno-miR-25,1.2395801544189453
Reperfusion Injury and Testicular Ischemia,rno-miR-25,1.2395459413528442
Angioedemas and Hereditary,rno-miR-25,1.2395210266113281
Gonadotoxicity,hsa-mir-802,1.2395099401474
Lentivirus Infections,hsa-miR-219-1-3p,1.2395063638687134
UV-Sensitive Syndrome,hsa-miR-219-1-3p,1.2395013570785522
Lupus Vasculitis and Central Nervous System,hsa-miR-219-1-3p,1.239476203918457
Crisponi syndrome,hsa-miR-219-1-3p,1.2394675016403198
Angioedemas and Hereditary,hsa-miR-219-1-3p,1.2394217252731323
Dilated Cardiomyopathy ,hsa-let-7i-5p,1.2394013404846191
Nevi and Melanomas,hsa-miR-342-5p,1.2393717765808105
Wound Infection,hsa-miR-342-5p,1.239351749420166
Chediak-Higashi Syndrome,hsa-miR-342-5p,1.2392425537109375
Gonadotoxicity,hsa-mir-8080,1.239167332649231
Gout,hsa-mir-8080,1.2391247749328613
Neoplasms and Mesothelial,hsa-miR-1979,1.2389929294586182
Urinary Calculi,hsa-miR-1979,1.2389838695526123
Inflammation and Chronic,hsa-miR-1979,1.2389394044876099
Skeletal Muscle Dysplasia,hsa-miR-1252-5p,1.2389384508132935
Wound Infection,hsa-miR-1979,1.2389347553253174
Primary Gastrointestinal Diffuse Large B-Cell Lymphoma ,hsa-miR-1979,1.2389158010482788
Human T-Cell Leukemia Virus Type 1 Infections,hsa-miR-1979,1.2388557195663452
Adrenocortical Adenoma,hsa-miR-1979,1.2388262748718262
Lattice corneal dystrophy type 1,hsa-miR-1225-5p,1.2387264966964722
Gout,hsa-miR-4443,1.2387152910232544
Gonadotoxicity,hsa-miR-4459,1.238690733909607
Brugada Syndrome,hsa-miR-1225-5p,1.238677978515625
Spinal Cord Compression,hsa-miR-1225-5p,1.2386599779129028
Gout,hsa-miR-4459,1.2386479377746582
Diarrhea and Bacterial,hsa-miR-1908,1.2386387586593628
Posterior Segment Ocular Diseases,hsa-miR-1908,1.238572120666504
Inflammation and Chronic,hsa-miR-3116,1.2385585308074951
Brugada Syndrome,hsa-miR-3670,1.2383911609649658
Splenic Neoplasms,hsa-miR-3670,1.2383822202682495
Scleral Diseases,hsa-miR-3670,1.2383257150650024
Splenic Neoplasms,hsa-mir-8055,1.2382856607437134
Myeloma Bone Disease,hsa-miR-1234-3p,1.2381553649902344
Polyposis Syndrome and Hereditary Mixed and 1,hsa-miR-1234-3p,1.2380480766296387
Gout,hsa-miR-4437,1.2378695011138916
Gout,mmu-miR-700-5p,1.2377829551696777
Encephalitis and Tick-Borne,mmu-miR-693-5p,1.2375473976135254
Vitelliform Macular Dystrophy,mmu-miR-693-5p,1.2375131845474243
Gout,hsa-miR-4494,1.2375074625015259
Granulomatous Disease and Chronic,hsa-miR-3674,1.237475037574768
 Lymph  Node Metastasis,hsa-miR-3622b-3p,1.2374509572982788
Rhabdoid Tumor and Kidney,hsa-miR-3674,1.2374331951141357
Primary Gastrointestinal Diffuse Large B-Cell Lymphoma ,hsa-miR-3674,1.2374085187911987
Scleral Diseases,mmu-miR-693-5p,1.2373570203781128
Granulomatous Disease and Chronic,hsa-miR-3126-5p,1.2373307943344116
UV-Sensitive Syndrome,hsa-miR-3126-5p,1.2373207807540894
Neonatal Encephalopathy,hsa-miR-3126-5p,1.2372994422912598
Corneal Dystrophy and Juvenile Epithelial of Meesmann,hsa-miR-3126-5p,1.2372875213623047
Renal Allograft Dysfunction,hsa-miR-3126-5p,1.2372703552246094
Maxillary Fractures,hsa-miR-30d-3p,1.2372697591781616
Small-Bowel  Neuroendocrine Tumor,hsa-miR-3126-5p,1.2372592687606812
Splenic Neoplasms,hsa-miR-3126-5p,1.237220287322998
Juvenile gout,hsa-miR-3126-5p,1.237202525138855
Granulomatous Disease and Chronic,mmu-miR-707,1.2370811700820923
Disorders of Sex Development,mmu-miR-707,1.2370500564575195
Lymphohistiocytosis and Hemophagocytic,mmu-miR-707,1.2370485067367554
Wound Infection,mmu-miR-707,1.2370339632034302
Persistent Fetal Circulation Syndrome,hsa-miR-4444,1.2369027137756348
Lupus Vasculitis and Central Nervous System,hsa-miR-4262,1.2359336614608765
Renal Artery Obstruction,hsa-miR-1255b,1.2356315851211548
Tibial Neuropathy,hsa-miR-1255b,1.2356162071228027
Transmissible Gastroenteritis,hsa-miR-1255b,1.2355749607086182
Equine Infectious Anemia,hsa-miR-103a-3p,1.2355135679244995
Angioedemas and Hereditary,hsa-miR-103a-3p,1.235460638999939
Persistent Fetal Circulation Syndrome,mmu-miR-708,1.235397458076477
Preterm Premature Rupture of the Membranes,hsa-miR-4456,1.2349975109100342
Multiple Mitochondrial Dysfunctions Syndrome,hsa-miR-181a-3p,1.2343673706054688
Granulomatous Disease and Chronic,hsa-miR-181a-3p,1.2343602180480957
Skeletal Muscle Injury,hsa-miR-181a-3p,1.2343579530715942
Classical Swine Fever,hsa-miR-181a-3p,1.2343311309814453
Posterior Segment Ocular Diseases,hsa-miR-181a-3p,1.234279751777649
Diminished  Ovarian Reserve,hsa-miR-181a-3p,1.2342710494995117
Angioedemas and Hereditary,hsa-miR-181a-3p,1.2342703342437744
Myeloma Bone Disease,hsa-miR-212,1.2342431545257568
Spinal Cord Compression,hsa-miR-181a-3p,1.2342402935028076
Chronic Kidney   Disease,hsa-miR-212,1.234220027923584
Primary Gastrointestinal Diffuse Large B-Cell Lymphoma ,hsa-miR-212,1.2342151403427124
Diminished  Ovarian Reserve,hsa-miR-212,1.2341927289962769
Multiple Endocrine Neoplasia Type 1,hsa-miR-30c-5p,1.2331414222717285
Testicular Neoplasms,hsa-miR-30c-5p,1.233096718788147
Urinary Calculi,hsa-miR-221-5p,1.2329692840576172
Renal Artery Obstruction,hsa-miR-221-5p,1.23295259475708
Tibial Neuropathy,hsa-miR-221-5p,1.2329370975494385
Polyposis Syndrome and Hereditary Mixed and 1,hsa-miR-221-5p,1.2328218221664429
Amebiasis,hsa-miR-221-5p,1.2327996492385864
Reperfusion Injury and Testicular Ischemia,hsa-miR-3972,1.232466697692871
Reperfusion Injury and Testicular Ischemia,hsa-miR-3960,1.2324645519256592
Nevi and Melanomas,hsa-miR-3676-3p,1.232454538345337
Papilloma and Inverted,hsa-miR-34c,1.2324246168136597
Reperfusion Injury and Testicular Ischemia,hsa-miR-3676-3p,1.2324174642562866
Preterm Premature Rupture of the Membranes,hsa-mir-8080,1.2320301532745361
Teratoma,hsa-miR-4456,1.2318129539489746
Absent corpus callosum cataract immunodeficiency,hsa-let-7f-2-3p,1.2317701578140259
Tibial Neuropathy,hsa-let-7f-2-3p,1.23176908493042
Asthma and Chronic,hsa-let-7f-2-3p,1.2317566871643066
Autoimmune Diseases of the Nervous System,hsa-miR-15a,1.2317492961883545
Myeloma Bone Disease,hsa-miR-15a,1.2317196130752563
Ophthalmoplegia and Chronic Progressive External,hsa-miR-329-3p,1.2317183017730713
Human T-Cell Leukemia Virus Type 1 Infections,hsa-let-7f-2-3p,1.2316731214523315
Polyposis Syndrome and Hereditary Mixed and 1,hsa-let-7f-2-3p,1.2316535711288452
Autoimmune Diseases of the Nervous System,hsa-miR-3920,1.2316229343414307
Venous Neointimal Hyperplasia,hsa-miR-3130-3p,1.2314680814743042
Reperfusion Injury and Testicular Ischemia,hsa-miR-3130-3p,1.2314538955688477
Spinal Cord Compression,hsa-miR-3130-3p,1.2313989400863647
Canavan Disease,hsa-miR-425-3p,1.2306275367736816
Maxillary Fractures,hsa-miR-3928-3p,1.2302955389022827
 Lymph  Node Metastasis,hsa-miR-342-5p,1.2302656173706055
systemic primary carnitine deficiency disease,mmu-miR-708,1.2301779985427856
systemic primary carnitine deficiency disease,hsa-miR-4494,1.2299588918685913
Papillomavirus Infections,hsa-miR-4456,1.2298537492752075
 Lymph  Node Metastasis,hsa-miR-1979,1.2296451330184937
Adenocarcinoma Of Esophagus,hsa-miR-4300,1.2294858694076538
Teratoma,hsa-mir-8069,1.2294206619262695
Metabolic  Syndrome,mmu-miR-743a,1.2292112112045288
Trichosporonosis,hsa-miR-20b*,1.2291134595870972
Esophageal Neoplasms,hsa-miR-4446-5p,1.228835940361023
Abnormalities and Drug-Induced,hsa-miR-4478,1.2285534143447876
Tricuspid Valve Insufficiency,hsa-miR-3182,1.2283424139022827
Polyposis Syndrome and Hereditary Mixed and 1,hsa-miR-3182,1.2282460927963257
Homozygous Familial Hypercholesterolemia,hsa-miR-3182,1.2282183170318604
Metabolic  Syndrome,hsa-mir-8080,1.227790117263794
Human T-Cell Leukemia Virus Type 1 Infections,hsa-miR-136-3p,1.227745771408081
Ape Diseases,hsa-mir-8082,1.2275763750076294
Teratoma,hsa-miR-4459,1.2274713516235352
Hyperphagia,hsa-mir-873,1.2271369695663452
Hyperphagia,hsa-miR-450a-5p,1.2266271114349365
Pancoast Syndrome,hsa-miR-4459,1.226466178894043
Juvenile gout,hsa-miR-1307-5p,1.226383924484253
Reperfusion Injury and Testicular Ischemia,hsa-miR-1199-3p,1.2263250350952148
Anaphylaxis,hsa-miR-3675-3p,1.2261754274368286
Respiratory Tract Infections,hsa-miR-4443,1.2258516550064087
Papillomavirus Infections,hsa-miR-4443,1.2257062196731567
Chediak-Higashi Syndrome,hsa-miR-4256,1.2255994081497192
Anemia and Iron-Deficiency,hsa-miR-219-1-3p,1.2254985570907593
Testicular Neoplasms,hsa-miR-1914*,1.2253940105438232
Teratoma,hsa-miR-4437,1.225226640701294
Inflammation and Chronic,hsa-miR-183-5p,1.2251546382904053
Vaginosis and Bacterial,hsa-miR-183-5p,1.2251383066177368
Brugada Syndrome,hsa-miR-1976,1.2250672578811646
Tooth and Supernumerary,hsa-mir-873,1.22504723072052
Diminished  Ovarian Reserve,hsa-miR-1283,1.224724292755127
 Lymph  Node Metastasis,hsa-miR-1255b,1.2246814966201782
Scleral Diseases,hsa-miR-1283,1.2246462106704712
Metabolic  Syndrome,hsa-miR-4437,1.2241712808609009
Radiation-Induced Oral Mucositis,hsa-miR-1307-5p,1.2241542339324951
Metabolic  Syndrome,mmu-miR-700-5p,1.2239214181900024
Pancoast Syndrome,hsa-miR-4439,1.223775863647461
Autoimmune Diseases of the Nervous System,hsa-miR-3192,1.2234523296356201
Maxillary Fractures,hsa-miR-4255,1.2234190702438354
Respiratory Tract Infections,hsa-miR-4437,1.2234129905700684
thyroid gland Hurthle cell carcinoma,hsa-miR-3192,1.2233014106750488
Papillomavirus Infections,hsa-miR-4437,1.223267674446106
Hyperphagia,mmu-miR-743a,1.223244547843933
Metabolic  Syndrome,hsa-miR-4494,1.2231264114379883
Papillomavirus Infections,mmu-miR-708,1.222441554069519
Myeloma Bone Disease,hsa-miR-365b-3p,1.2220594882965088
Visceral Pain,hsa-miR-301a-5p,1.2220072746276855
Transmissible Gastroenteritis,hsa-miR-301a-5p,1.2219732999801636
Myotonic Dystrophy,hsa-miR-224,1.2219384908676147
Primary Gastrointestinal Diffuse Large B-Cell Lymphoma ,hsa-miR-224,1.2218877077102661
Polyposis Syndrome and Hereditary Mixed and 1,hsa-miR-224,1.221808671951294
Scleral Diseases,hsa-miR-224,1.221787452697754
Metabolic  Syndrome,hsa-miR-4482,1.2214553356170654
Tricuspid Valve Insufficiency,hsa-miR-196a*,1.2208974361419678
Reperfusion Injury and Testicular Ischemia,hsa-miR-196a*,1.2208822965621948
Amebiasis,hsa-miR-196a*,1.2207787036895752
Brugada Syndrome,hsa-miR-1247-5p,1.2205010652542114
Polyposis Syndrome and Hereditary Mixed and 1,hsa-miR-184,1.220380187034607
Skeletal Muscle Dysplasia,hsa-miR-184,1.2203742265701294
thyroid gland Hurthle cell carcinoma,hsa-miR-184,1.220366358757019
Reperfusion Injury and Testicular Ischemia,hsa-miR-4279,1.2201701402664185
Posterior Segment Ocular Diseases,hsa-miR-4279,1.2201544046401978
Tooth and Supernumerary,hsa-miR-4444,1.2196296453475952
bladder carcinoma,hsa-miR-4444,1.2192243337631226
Lymphohistiocytosis and Hemophagocytic,hsa-miR-3151,1.2185710668563843
Tooth and Supernumerary,hsa-miR-4443,1.2185536623001099
Reperfusion Injury and Testicular Ischemia,hsa-miR-3151,1.2185393571853638
Hyperphagia,mmu-miR-700-5p,1.2179547548294067
bladder carcinoma,hsa-miR-4459,1.217954397201538
Hashimoto Disease,hsa-miR-4456,1.2178255319595337
Mesothelioma and Malignant,hsa-mir-8080,1.2173073291778564
Chronic Inflammation,hsa-miR-320a,1.217223048210144
Mesothelioma and Malignant,hsa-miR-4444,1.21720290184021
Wounds and Nonpenetrating,hsa-mir-873,1.2165757417678833
Autoimmune Diseases of the Nervous System,hsa-miR-30c-1,1.2165629863739014
Chronic Inflammation,hsa-miR-30c-1,1.2165437936782837
Meniscus Degeneration,hsa-miR-25,1.216513991355896
Wound Infection,hsa-miR-196a-3p,1.2155827283859253
Reperfusion Injury and Testicular Ischemia,hsa-let-7b-3p,1.2154818773269653
bladder carcinoma,hsa-miR-4494,1.2146646976470947
Testicular Neoplasms,hsa-miR-148b-3p,1.2144553661346436
Mesothelioma and Malignant,hsa-miR-4437,1.2136884927749634
Hashimoto Disease,hsa-miR-4443,1.2136777639389038
Holt-Oram syndrome,hsa-miR-4482,1.213291049003601
Polyposis Syndrome and Hereditary Mixed and 1,hsa-miR-4485-5p,1.2132762670516968
bladder carcinoma,hsa-miR-4482,1.212993860244751
Hypothyroidism,hsa-miR-450a-5p,1.2129651308059692
Mesothelioma and Malignant,hsa-miR-4494,1.2126433849334717
Noma,hsa-miR-4443,1.2122867107391357
Myeloma Bone Disease,hsa-miR-130a*,1.2118091583251953
Placenta Accreta,hsa-miR-4446-5p,1.2117559909820557
Neutropenia,hsa-miR-4306,1.2113786935806274
Posterior Segment Ocular Diseases,hsa-miR-4306,1.211368203163147
hereditary fructose intolerance syndrome,hsa-mir-873,1.2111318111419678
Wound Infection,hsa-miR-192-3p,1.2110389471054077
Tricuspid Valve Insufficiency,hsa-miR-192-3p,1.2110369205474854
Mesothelioma and Malignant,hsa-miR-4482,1.2109724283218384
Still's Disease and Adult-Onset,mmu-miR-676-3p,1.210823655128479
Aortic Valve Stenosis,hsa-miR-4444,1.2108051776885986
Intra-Articular Fractures,hsa-miR-31-3p,1.2102174758911133
Hashimoto Disease,hsa-miR-4494,1.2101941108703613
Noma,hsa-miR-4437,1.2098479270935059
Aortic Valve Stenosis,hsa-miR-4459,1.2095353603363037
Heart Diseases,hsa-miR-4478,1.2093945741653442
Vitreoretinochoroidopathy,hsa-miR-335-3p,1.2093740701675415
 Lymph  Node Metastasis,hsa-miR-1976,1.209088921546936
Optic Neuritis,rno-miR-652,1.2090262174606323
Noma,hsa-miR-4494,1.2088028192520142
Hypothyroidism,hsa-mir-8080,1.208161473274231
Aortic Valve Stenosis,mmu-miR-700-5p,1.2070409059524536
Primary Aldosteronism ,hsa-miR-4443,1.206791877746582
Hypothyroidism,hsa-miR-4459,1.2067872285842896
Severe Dengue,hsa-miR-4459,1.2067571878433228
Premenstrual Syndrome,hsa-miR-4459,1.2064117193222046
Aortic Valve Stenosis,hsa-miR-4494,1.2062455415725708
Absent corpus callosum cataract immunodeficiency,hsa-miR-3928-5p,1.2058331966400146
Nephritis and Hereditary,hsa-miR-3928-5p,1.2058086395263672
Brugada Syndrome,hsa-miR-3928-5p,1.2057609558105469
Reperfusion Injury and Steatotic Liver Ischemia,hsa-miR-378a-5p,1.205735683441162
Dysentery and Bacillary,hsa-miR-3928-5p,1.2057266235351562
Chlamydia Infections,hsa-miR-4459,1.2052104473114014
Dilated Cardiomyopathy ,hsa-miR-181b-3p,1.205098032951355
hereditary fructose intolerance syndrome,hsa-miR-4443,1.2046382427215576
Premenstrual Syndrome,mmu-miR-700-5p,1.203917145729065
Still's Disease and Adult-Onset,hsa-miR-4444,1.2034807205200195
Esophageal Neoplasms,hsa-mir-8080,1.2034740447998047
Esophageal Neoplasms,hsa-miR-4444,1.2033697366714478
Primary Aldosteronism ,hsa-miR-4494,1.2033079862594604
Double Outlet Right Ventricle,hsa-miR-19a-5p,1.2031588554382324
chronic myeloid leukemia (CML),hsa-miR-17*,1.2024611234664917
Chlamydia Infections,mmu-miR-708,1.2021397352218628
Dilated Cardiomyopathy ,hsa-miR-103-as,1.2017290592193604
Primary Aldosteronism ,hsa-miR-4482,1.2016371488571167
Premenstrual Syndrome,hsa-miR-4482,1.2014509439468384
Arrhythmogenic Right Ventricular Dysplasia,hsa-miR-4492,1.2012442350387573
HIV-Associated Lipodystrophy Syndrome,mmu-miR-708,1.2005176544189453
Esophageal Neoplasms,hsa-miR-4437,1.1998552083969116
Still's Disease and Adult-Onset,mmu-miR-700-5p,1.199716567993164
Vitreoretinochoroidopathy,hsa-miR-30d-3p,1.1993886232376099
Sepsis-Associated Encephalopathy,mmu-miR-674,1.1990257501602173
Still's Disease and Adult-Onset,hsa-miR-4494,1.1989212036132812
congenital nongoitrous hypothyroidism 4,hsa-miR-450a-5p,1.198843240737915
Esophageal Neoplasms,hsa-miR-4494,1.19881010055542
Polycystic Kidney Diseases,mmu-miR-676-3p,1.1986061334609985
High Grade Ovarian Neoplasms,hsa-miR-448,1.1981252431869507
Dilated Cardiomyopathy ,hsa-miR-335-3p,1.197595477104187
Persian Gulf Syndrome,hsa-mir-8064,1.1973975896835327
high grade glioma,hsa-mir-8080,1.1965034008026123
Polycystic Kidney Diseases,hsa-miR-450a-5p,1.1961712837219238
Lymphangioleiomyomatosis,hsa-mir-8080,1.196109414100647
Lymphangioleiomyomatosis,hsa-miR-4444,1.1960049867630005
Arrhythmogenic Right Ventricular Dysplasia,hsa-mir-873,1.1959354877471924
Spinal Cord Compression,hsa-let-7g*,1.1959105730056763
Chanarin-Dorfman Syndrome,hsa-miR-367-3p,1.195726752281189
Graft Occlusion and Vascular,hsa-miR-4494,1.1955249309539795
Gastrointestinal Stromal Tumors,hsa-mir-873,1.1954835653305054
congenital nongoitrous hypothyroidism 4,mmu-miR-743a,1.195460557937622
Guillain-Barre Syndrome,hsa-mir-8069,1.1953637599945068
Abnormalities and Drug-Induced,hsa-miR-4444,1.1952825784683228
Mandibular Diseases,hsa-miR-450a-5p,1.1952568292617798
Neuropathic Low Back Pain,hsa-miR-021,1.1950712203979492
Dilated Cardiomyopathy ,hsa-miR-200a-3p,1.1950548887252808
Reperfusion Injury and Testicular Ischemia,hsa-miR-32*,1.1946519613265991
Equine Infectious Anemia,hsa-miR-32*,1.1946452856063843
Chronic  Rhinosinusitis With Nasal Polyps,hsa-miR-32*,1.194644570350647
Intraoperative Awareness,hsa-miR-32*,1.1946402788162231
Vitelliform Macular Dystrophy,hsa-miR-32*,1.1946392059326172
Lentivirus Infections,hsa-miR-32*,1.1946377754211426
Fractures and Bone,hsa-miR-4444,1.1945632696151733
Fatigue,mmu-miR-743a,1.194534420967102
Brain Injuries,hsa-miR-4443,1.194258689880371
Hypothermia,hsa-miR-4459,1.1940070390701294
congenital nongoitrous hypothyroidism 4,hsa-miR-4444,1.1939352750778198
Fractures and Bone,hsa-miR-4443,1.1934874057769775
Pyelonephritis,hsa-miR-4437,1.1933234930038452
Pyelonephritis,mmu-miR-700-5p,1.1930736303329468
Campomelia Cumming type,hsa-miR-4443,1.1929409503936768
congenital nongoitrous hypothyroidism 4,hsa-miR-4443,1.1928596496582031
Campomelia Cumming type,hsa-miR-4459,1.192746877670288
congenital nongoitrous hypothyroidism 4,hsa-miR-4459,1.1926653385162354
high grade glioma,mmu-miR-700-5p,1.1926348209381104
Encephalocele,mmu-miR-743a,1.1926244497299194
Brugada Syndrome,hsa-miR-30c-1*,1.192486047744751
Classical Swine Fever,hsa-miR-30c-1*,1.1924690008163452
high grade glioma,hsa-miR-4439,1.1924388408660889
Cystadenocarcinoma and Serous and Ovarian,mmu-miR-743a,1.1921745538711548
Vitreoretinochoroidopathy,hsa-miR-26b,1.1918751001358032
familial chylomicronemia syndrome,hsa-miR-450a-5p,1.1918070316314697
Encephalocele,hsa-mir-8069,1.1917786598205566
Hypothermia,hsa-miR-4437,1.1917624473571777
Fatigue,hsa-miR-4459,1.1917389631271362
Abnormalities and Drug-Induced,mmu-miR-700-5p,1.1915181875228882
Abnormalities and Drug-Induced,hsa-miR-4439,1.1913223266601562
Polycystic Kidney Diseases,hsa-miR-4444,1.1912633180618286
Encephalocele,hsa-miR-4444,1.1910991668701172
Abnormalities and Drug-Induced,mmu-miR-708,1.1909419298171997
Hypothermia,mmu-miR-708,1.1909364461898804
Guillain-Barre Syndrome,mmu-miR-700-5p,1.190920114517212
Fractures and Bone,mmu-miR-700-5p,1.1907987594604492
Cardiomyopathies and Uremic,mmu-miR-708,1.1904046535491943
Mandibular Diseases,hsa-miR-4444,1.190348744392395
Guillain-Barre Syndrome,mmu-miR-708,1.190343976020813
Embolic Stroke,hsa-mir-8080,1.1902800798416138
congenital nongoitrous hypothyroidism 4,mmu-miR-700-5p,1.1901708841323853
Guillain-Barre Syndrome,hsa-miR-4494,1.1901248693466187
Encephalocele,hsa-miR-4443,1.1900231838226318
Fractures and Bone,hsa-miR-4494,1.1900036334991455
Frailty,hsa-miR-4492,1.189978003501892
congenital nongoitrous hypothyroidism 4,hsa-miR-4439,1.1899751424789429
Skin Ulcer,hsa-miR-183*,1.1899420022964478
Encephalocele,hsa-miR-4459,1.1898292303085327
Dilated Cardiomyopathy ,hsa-miR-3925,1.1896723508834839
Osteolysis and Essential,hsa-miR-4456,1.1895908117294312
Spinal Cord Compression,hsa-miR-3934-3p,1.1892696619033813
Posterior Segment Ocular Diseases,hsa-miR-3934-3p,1.1892603635787964
Arrhythmogenic Right Ventricular Dysplasia,hsa-miR-4459,1.1892478466033936
Fatigue,mmu-miR-700-5p,1.1892446279525757
Abnormalities and Drug-Induced,hsa-miR-4482,1.1890519857406616
Hypothermia,hsa-miR-4482,1.1890463829040527
Dilated Cardiomyopathy ,hsa-miR-147b,1.18886137008667
Parvoviridae Infections,hsa-miR-102,1.188632607460022
familial chylomicronemia syndrome,mmu-miR-743a,1.1884243488311768
Diffuse Alveolar Hemorrhage and Autoimmune-Mediated,hsa-miR-4443,1.1883246898651123
congenital nongoitrous hypothyroidism 4,hsa-miR-4482,1.1877049207687378
Encephalitis and Viral,hsa-miR-4492,1.187556505203247
Infectious pancreatic necrosis virus,hsa-mir-8080,1.1874151229858398
Alopecia,hsa-miR-4423-5p,1.1873891353607178
Asphyxia,hsa-miR-4423-5p,1.187376618385315
Infectious pancreatic necrosis virus,hsa-miR-4444,1.1873109340667725
Polycystic Kidney Diseases,hsa-miR-4439,1.187303066253662
Encephalocele,hsa-miR-4439,1.1871389150619507
Germ Cell Tumor and Non-Teratomatous,hsa-mir-8080,1.187137484550476
familial chylomicronemia syndrome,hsa-mir-8080,1.187003493309021
Reperfusion Injury and Ischemia,hsa-miR-1290,1.186782717704773
Osteolysis and Essential,hsa-mir-8080,1.186623454093933
Gastrointestinal Stromal Tumors,hsa-miR-4437,1.1865513324737549
Dilated Cardiomyopathy ,hsa-miR-211-5p,1.186434268951416
Placenta Accreta,hsa-mir-8080,1.186394214630127
Chronic  Rhinosinusitis With Nasal Polyps,hsa-miR-380*,1.1863455772399902
Optic Neuritis,hsa-miR-4497,1.1862510442733765
Embolic Stroke,hsa-miR-4439,1.1862157583236694
Arrhythmogenic Right Ventricular Dysplasia,mmu-miR-708,1.1861772537231445
Mycobacterium Infections,hsa-miR-450a-5p,1.1860533952713013
Mandibular Diseases,mmu-miR-708,1.1860082149505615
Germ Cell Tumor and Non-Teratomatous,hsa-miR-4443,1.1859571933746338
Cardiomyopathy and Dilated,hsa-miR-4456,1.1859310865402222
Fatty Liver and Alcoholic,hsa-miR-4497,1.1858725547790527
Mandibular Diseases,hsa-miR-4494,1.1857892274856567
Iridocorneal Endothelial Syndrome,hsa-miR-200a-3p,1.1856845617294312
Diffuse Alveolar Hemorrhage and Autoimmune-Mediated,mmu-miR-700-5p,1.185636281967163
Vitreoretinochoroidopathy,hsa-miR-4255,1.1855380535125732
Diffuse Alveolar Hemorrhage and Autoimmune-Mediated,hsa-miR-4439,1.1854403018951416
Polyposis Syndrome and Hereditary Mixed and 1,hsa-miR-200b-5p,1.1854236125946045
Neutropenia,hsa-miR-200b-5p,1.1854057312011719
Wound Infection,hsa-miR-200b-5p,1.185400366783142
Inflammation and Chronic,hsa-miR-200b-5p,1.1853992938995361
Myeloma Bone Disease,hsa-miR-200b-5p,1.1853985786437988
Airway Obstruction,hsa-miR-31-3p,1.185326099395752
Lattice corneal dystrophy type 1,hsa-miR-340*,1.185168743133545
Parvoviridae Infections,hsa-miR-3160-5p,1.1851046085357666
Dilated Cardiomyopathy ,hsa-miR-2681-5p,1.185076117515564
Dilated Cardiomyopathy ,hsa-let-7a*,1.1850669384002686
Placenta Accreta,hsa-miR-4459,1.185020089149475
Dilated Cardiomyopathy ,hsa-miR-3125,1.1848149299621582
Jequier Kozlowski skeletal dysplasia,hsa-mir-8069,1.1846354007720947
Arrhythmogenic Right Ventricular Dysplasia,hsa-miR-4482,1.184287428855896
Papilloma and Inverted,hsa-miR-192-3p,1.184273362159729
Swine Diseases,hsa-miR-1234,1.1842089891433716
Vitreoretinochoroidopathy,hsa-miR-329-3p,1.18411123752594
Splenic Neoplasms,hsa-miR-4288,1.1838407516479492
Reperfusion Injury and Renal Ischemia,hsa-mir-873,1.1836013793945312
Infectious pancreatic necrosis virus,mmu-miR-700-5p,1.1835464239120483
Systemic Inflammatory Response Syndrome,hsa-miR-4456,1.1834408044815063
Knee Injuries,hsa-miR-4494,1.1833196878433228
Heart Failure and Diastolic,hsa-miR-125b-2,1.1831989288330078
childhood acute myeloid leukemia,hsa-miR-4444,1.183169960975647
Diffuse Alveolar Hemorrhage and Autoimmune-Mediated,hsa-miR-4482,1.183169960975647
Plasmablastic Lymphoma,hsa-miR-4497,1.1831159591674805
Cardiomyopathy and Dilated,hsa-miR-4444,1.1828595399856567
Nevi and Melanomas,hsa-miR-4284,1.1827975511550903
Infectious pancreatic necrosis virus,hsa-miR-4494,1.1827512979507446
Osteolysis and Essential,hsa-miR-4439,1.1825590133666992
Vitreoretinochoroidopathy,hsa-miR-29b-3p,1.182474136352539
Airway Obstruction,hsa-miR-3160-5p,1.182468295097351
Frailty,hsa-miR-4456,1.1823233366012573
Ophthalmoplegia and Chronic Progressive External,hsa-miR-1234-3p,1.1821404695510864
Osteolysis and Essential,hsa-miR-4494,1.181959629058838
childhood acute myeloid leukemia,hsa-miR-4459,1.1819000244140625
Cardiomyopathy and Dilated,hsa-miR-4443,1.1817835569381714
Costello Syndrome,hsa-miR-4446-5p,1.1813790798187256
Reperfusion Injury and Renal Ischemia,hsa-miR-4456,1.1812552213668823
Mycobacterium Infections,hsa-miR-4444,1.181145191192627
Dilated Cardiomyopathy ,hsa-miR-4281,1.1810321807861328
Heart Diseases,hsa-miR-450a-5p,1.1810314655303955
Respiratory Sounds,hsa-miR-26a-2-3p,1.180953025817871
familial chylomicronemia syndrome,hsa-miR-4482,1.180668592453003
Dilated Cardiomyopathy ,hsa-miR-3928-3p,1.1806358098983765
Dilated Cardiomyopathy ,hsa-miR-130b,1.1804274320602417
Osteolysis and Essential,hsa-miR-4482,1.180288553237915
Heart Failure and Diastolic,hsa-miR-1284,1.1802265644073486
Jequier Kozlowski skeletal dysplasia,mmu-miR-700-5p,1.1801915168762207
Dilated Cardiomyopathy ,hsa-miR-26b,1.1800965070724487
Placenta Accreta,hsa-miR-4482,1.1800594329833984
Stomatitis and Aphthous,hsa-miR-1245b-3p,1.1799041032791138
Jequier Kozlowski skeletal dysplasia,mmu-miR-708,1.1796154975891113
Brain Injuries,rno-miR-352,1.1795381307601929
Iridocorneal Endothelial Syndrome,hsa-miR-1284,1.179524302482605
Reperfusion Injury and Renal Ischemia,hsa-mir-802,1.179275631904602
Frailty,hsa-miR-4444,1.179251790046692
Labyrinth Diseases,hsa-mir-8069,1.1790475845336914
Cardiomyopathy and Alcoholic,hsa-mir-873,1.1784279346466064
Cardiomyopathy and Dilated,hsa-miR-4494,1.1782997846603394
Reperfusion Injury and Renal Ischemia,hsa-miR-4444,1.178183674812317
Chorioamnionitis,mmu-miR-698,1.1781426668167114
Leukemia and Promyelocytic and Acute,mmu-miR-698,1.178127646446228
Gaucher Disease,hsa-mir-873,1.1777721643447876
Meniscus Degeneration,hsa-miR-3132,1.1777673959732056
Tibial Neuropathy,hsa-miR-3132,1.1777384281158447
Jequier Kozlowski skeletal dysplasia,hsa-miR-4482,1.1777254343032837
Heart Diseases,mmu-miR-743a,1.1776487827301025
colorectal adenocarcinoma,hsa-mir-8080,1.177627444267273
Aging and Premature,mmu-miR-743a,1.1773977279663086
Labyrinth Diseases,hsa-miR-4443,1.1772922277450562
Diarrhea,mmu-miR-743a,1.1772385835647583
Reperfusion Injury and Renal Ischemia,hsa-miR-4443,1.177107810974121
Liposarcoma,mmu-miR-743a,1.1771045923233032
childhood acute myeloid leukemia,hsa-miR-4482,1.1769392490386963
Encephalitis and Viral,hsa-miR-4444,1.1768301725387573
Hypoadrenocorticism and Familial,hsa-mir-873,1.1767419576644897
Dilated Cardiomyopathy ,hsa-miR-3682-3p,1.1766315698623657
Systemic Inflammatory Response Syndrome,mmu-miR-700-5p,1.1766047477722168
Mycobacterium Infections,hsa-miR-4494,1.1765857934951782
Adenoviridae Infections,hsa-mir-8080,1.176386833190918
hearing loss,hsa-miR-450a-5p,1.1762911081314087
colorectal adenocarcinoma,hsa-miR-4459,1.1762529611587524
Heart Diseases,hsa-mir-8080,1.1762279272079468
Respiratory Paralysis,hsa-miR-1284,1.17598557472229
Dilated Cardiomyopathy ,hsa-miR-20b*,1.1757726669311523
Frailty,hsa-miR-4437,1.1757372617721558
Pasteurella Multocida Infections,hsa-miR-1255b-2-3p,1.175701379776001
Common Variable Immunodeficiency 2@En,mmu-miR-708,1.1756958961486816
Encephalitis and Viral,hsa-miR-4459,1.1755603551864624
Myeloma Bone Disease,hsa-miR-365a-5p,1.1755146980285645
Plaque and Amyloid,hsa-miR-4283,1.1754966974258423
Sneddon Syndrome,hsa-miR-3186-5p,1.1752352714538574
Pneumoconiosis,hsa-miR-3186-5p,1.1752209663391113
Myeloma Bone Disease,hsa-miR-3186-5p,1.1752076148986816
Adenoviridae Infections,hsa-miR-4443,1.1752066612243652
Myotonic Dystrophy,hsa-miR-3186-5p,1.1752022504806519
Femoral Neck Fractures,mmu-miR-743a,1.1751952171325684
Heart Diseases,hsa-miR-4443,1.175047755241394
Frailty,mmu-miR-708,1.1749112606048584
Frailty,hsa-miR-4494,1.1746922731399536
Diarrhea,hsa-miR-4443,1.1746373176574707
Labyrinth Diseases,mmu-miR-700-5p,1.1746037006378174
Testicular Neoplasms,hsa-miR-30d*,1.1745461225509644
Parvoviridae Infections,hsa-let7i,1.174456238746643
Hypoadrenocorticism and Familial,hsa-miR-4456,1.1743959188461304
Dilated Cardiomyopathy ,hsa-miR-29b-1,1.1743221282958984
Acute Uterine Injury,hsa-miR-4455,1.1742979288101196
Basal Ganglia Hemorrhage,hsa-mir-873,1.174247145652771
Labyrinth Diseases,mmu-miR-708,1.174027442932129
Gaucher Disease,mmu-miR-743a,1.173879623413086
Reperfusion Injury and Renal Ischemia,mmu-miR-708,1.1738430261611938
Vitreoretinochoroidopathy,hsa-miR-155-3p,1.1738407611846924
Substance-Related Disorders,hsa-mir-8080,1.1737903356552124
Dilated Cardiomyopathy ,hsa-miR-4255,1.1737594604492188
Cardiomyopathy and Alcoholic,hsa-mir-8069,1.173689365386963
Femoral Neck Fractures,hsa-miR-4444,1.1736699342727661
Reperfusion Injury and Testicular Ischemia,hsa-miR-371a-5p,1.173657774925232
Deglutition Disorders,hsa-miR-1229-3p,1.1735942363739014
Posterior Segment Ocular Diseases,hsa-miR-1229-3p,1.173580527305603
Gliosis,hsa-miR-1229-3p,1.1735793352127075
von Hippel-Lindau Disease,hsa-mir-8079,1.1730754375457764
dilated cardiomyopathy 1FF,hsa-mir-8079,1.1730515956878662
Warburg micro syndrome 1,hsa-mir-8079,1.1730490922927856
Palatal Neoplasms,hsa-mir-8079,1.17304527759552
Frailty,hsa-miR-4482,1.1730211973190308
Airway Obstruction,hsa-miR-361-3p,1.1729892492294312
colorectal adenocarcinoma,hsa-miR-4494,1.1729635000228882
hearing loss,mmu-miR-743a,1.1729083061218262
Humeral Fractures,hsa-miR-200b,1.1728404760360718
Implantation Failure,hsa-miR-4443,1.1727533340454102
Reperfusion Injury and Steatotic Liver Ischemia,hsa-miR-29b-1,1.172749638557434
Vitreoretinochoroidopathy,hsa-miR-3669,1.1727182865142822
 Lymph  Node Metastasis,hsa-miR-3619-3p,1.1726818084716797
Encephalitis and Viral,mmu-miR-708,1.1724895238876343
Blind Loop Syndrome,hsa-miR-021,1.1724351644515991
Dilated Cardiomyopathy ,hsa-miR-329-3p,1.1723328828811646
Encephalitis and Viral,hsa-miR-4494,1.1722705364227295
Poisoning,mmu-miR-764-3p,1.1722596883773804
Thymus Neoplasms,mmu-miR-764-3p,1.1722570657730103
Anodontia,mmu-miR-764-3p,1.172248125076294
Mycobacterium Infections and Nontuberculous,mmu-miR-764-3p,1.1722453832626343
Cardiac Complexes and Premature,mmu-miR-764-3p,1.172243356704712
Palatal Neoplasms,mmu-miR-764-3p,1.1722357273101807
Multiple Sclerosis and Chronic Progressive,mmu-miR-764-3p,1.1722333431243896
sporatic amyotrophic lateral sclerosis,mmu-miR-764-3p,1.1722251176834106
Hepatic Insufficiency,mmu-miR-764-3p,1.172224760055542
Hemorrhagic Fever and Ebola,mmu-miR-764-3p,1.1722197532653809
Diarrhea,hsa-miR-4437,1.1721988916397095
Labyrinth Diseases,hsa-miR-4482,1.1721374988555908
Heart Failure and Diastolic,hsa-miR-3928-3p,1.1719677448272705
Ossification of the posterior longitudinal ligament of the spine,hsa-miR-4456,1.1719416379928589
Amebiasis,hsa-miR-3155b,1.1719237565994263
Tibial Neuropathy,hsa-miR-3155b,1.1718913316726685
 Lymph  Node Metastasis,hsa-miR-4254,1.1717689037322998
Ventricular Dysfunction and Right,hsa-miR-4439,1.171759009361267
Diarrhea,hsa-miR-4439,1.171753168106079
Cardiomyopathy and Alcoholic,hsa-miR-4459,1.171740174293518
Adenoviridae Infections,hsa-miR-4494,1.1717228889465332
Diminished  Ovarian Reserve,hsa-miR-146a*,1.1715964078903198
Reperfusion Injury and Steatotic Liver Ischemia,hsa-miR-193b-5p,1.17146897315979
Neuropathic Low Back Pain,mmu-miR-699,1.1714537143707275
Wound Infection,hsa-miR-302d-3p,1.1714457273483276
Diarrhea,mmu-miR-708,1.171372652053833
Blind Loop Syndrome,hsa-miR-433,1.1713582277297974
Renal Artery Obstruction,hsa-miR-375,1.17124342918396
Liposarcoma,mmu-miR-708,1.171238660812378
Diarrhea,hsa-miR-4494,1.1711536645889282
Death and Sudden,hsa-miR-4459,1.171008825302124
Ehlers-Danlos Syndrome and musculocontractural type 1,hsa-miR-4478,1.1707749366760254
Reperfusion Injury and Steatotic Liver Ischemia,hsa-miR-329-3p,1.1707602739334106
Dilated Cardiomyopathy ,hsa-miR-335-5p,1.1707457304000854
Iridocorneal Endothelial Syndrome,hsa-miR-26b,1.1707261800765991
Asthma ,hsa-miR-4446-5p,1.1707113981246948
Iridocorneal Endothelial Syndrome,hsa-miR-223-5p,1.1705867052078247
Reperfusion Injury and Ischemia,hsa-miR-1268,1.1705302000045776
Varicose Veins,hsa-miR-4469,1.1704734563827515
Bronchiolitis Obliterans,hsa-miR-4469,1.170444130897522
High Grade Ovarian Neoplasms,hsa-miR-4469,1.1704412698745728
Hypoadrenocorticism and Familial,hsa-miR-4443,1.1702483892440796
Meniscus Degeneration,hsa-miR-33b,1.1701127290725708
Hypoadrenocorticism and Familial,hsa-miR-4459,1.170054316520691
Femoral Neck Fractures,mmu-miR-700-5p,1.1699057817459106
Heart Failure and Diastolic,hsa-miR-1244,1.1698442697525024
Anhedonia,mmu-miR-743a,1.1698077917099
Iridocorneal Endothelial Syndrome,hsa-miR-136,1.1697289943695068
Implantation Failure,mmu-miR-708,1.1694886684417725
Femoral Neck Fractures,mmu-miR-708,1.1693294048309326
Asphyxia,hsa-miR-4422,1.1693224906921387
Cardiomyopathy and Alcoholic,mmu-miR-700-5p,1.169245719909668
Salivary Gland Neoplasms,hsa-miR-4478,1.1692283153533936
Osteochondrodysplasias,hsa-miR-4478,1.169175386428833
Femoral Neck Fractures,hsa-miR-4494,1.1691101789474487
Ossification of the posterior longitudinal ligament of the spine,hsa-miR-4444,1.168869972229004
Gaucher Disease,hsa-miR-4437,1.168839931488037
Amyloidosis and Hereditary and Transthyretin-Related,hsa-miR-4456,1.1687521934509277
Cardiomyopathy and Alcoholic,mmu-miR-708,1.1686694622039795
alpha-Thalassemia,hsa-miR-30d-3p,1.1685932874679565
Death and Sudden,mmu-miR-700-5p,1.1685144901275635
Death and Sudden,hsa-miR-4439,1.1683186292648315
Gaucher Disease,mmu-miR-708,1.1680139303207397
Intra-Articular Fractures,hsa-miR-425-5p,1.167936086654663
Angioedemas and Hereditary,hsa-miR-23a-5p,1.1677223443984985
Death and Sudden,hsa-miR-4494,1.1677191257476807
Reperfusion Injury and Testicular Ischemia,hsa-miR-23a-5p,1.1677166223526
Sepsis and Intensive Care Unit-Acquired,hsa-miR-23a-5p,1.1677074432373047
Implantation Failure,hsa-miR-4482,1.1675987243652344
Encephalopathy and Bovine Spongiform,hsa-miR-4456,1.1674983501434326
Substance-Related Disorders,hsa-miR-4482,1.1674554347991943
Femoral Neck Fractures,hsa-miR-4482,1.167439341545105
Amyloidosis and Hereditary and Transthyretin-Related,mmu-miR-743a,1.1672056913375854
Reperfusion Injury and Steatotic Liver Ischemia,hsa-miR-3689f,1.1671967506408691
Arene Oxide Detoxification Defect,hsa-miR-30b,1.1670466661453247
hearing loss,mmu-miR-708,1.1670427322387695
Intra-Articular Fractures,hsa-miR-181b-3p,1.16704261302948
Nevi and Melanomas,hsa-miR-30b,1.1670421361923218
Granulomatous Disease and Chronic,hsa-miR-30b,1.167035698890686
Chronic   Pelvic Pain Syndrome,hsa-miR-30b,1.1670334339141846
Erythema,hsa-miR-4444,1.1668779850006104
Hearing Loss and Sensorineural,hsa-miR-4459,1.1666570901870728
Heart Failure and Diastolic,hsa-miR-218-1,1.1665421724319458
Thyroid cancer and medullary,mmu-miR-676-3p,1.1664845943450928
Myocardial Fibrosis,hsa-miR-450a-5p,1.1664544343948364
Iridocorneal Endothelial Syndrome,hsa-miR-20b*,1.1664024591445923
Amyloidosis and Hereditary and Transthyretin-Related,hsa-mir-8069,1.1663600206375122
Heart Failure and Diastolic,hsa-miR-216a-5p,1.1663590669631958
Reperfusion Injury and Steatotic Liver Ischemia,hsa-miR-218-2*,1.1661436557769775
Death and Sudden,hsa-miR-4482,1.1660481691360474
non-alcoholic steatohepatitis,rno-miR-674-3p,1.1653337478637695
Atrial Premature Complexes,rno-miR-674-3p,1.1653006076812744
Gastric Cancer and Early,hsa-mir-873,1.1651321649551392
Basal Ganglia Hemorrhage,mmu-miR-700-5p,1.1650651693344116
Neoplasms and Mesothelial,hsa-miR-130a-1,1.1650166511535645
Fusariosis,hsa-mir-873,1.164854884147644
Juvenile gout,hsa-miR-27a-3p,1.1648095846176147
Tricuspid Valve Insufficiency,hsa-miR-27a-3p,1.1647911071777344
Rhabdoid Tumor and Kidney,hsa-miR-27a-3p,1.1647893190383911
Hereditary Autoinflammatory Diseases,hsa-miR-27a-3p,1.1647889614105225
Renal Artery Obstruction,hsa-miR-27a-3p,1.1647828817367554
Skeletal Muscle Injury,hsa-miR-27a-3p,1.1647800207138062
Myocardial Fibrosis,hsa-miR-4456,1.1646181344985962
Ossification of the posterior longitudinal ligament of the spine,mmu-miR-708,1.1645293235778809
Optic Neuritis,hsa-miR-4446-5p,1.1644959449768066
Encephalopathy and Bovine Spongiform,hsa-miR-4444,1.1644266843795776
Iridocorneal Endothelial Syndrome,hsa-miR-4255,1.1643891334533691
Neuropathic Low Back Pain,hsa-miR-4255,1.1643365621566772
Hypopharyngeal Neoplasms,hsa-miR-302d*,1.1643227338790894
Fibrosarcoma,hsa-miR-302d*,1.164320945739746
Ossification of the posterior longitudinal ligament of the spine,hsa-miR-4494,1.164310336112976
Hearing Loss and Sensorineural,mmu-miR-700-5p,1.1641628742218018
Phyllodes Tumor and Breast,hsa-miR-4299,1.1640496253967285
Synovitis,hsa-miR-4446-5p,1.1640456914901733
autoimmune uveitis,hsa-miR-3620-3p,1.1639972925186157
Amebiasis,hsa-miR-4292,1.1639822721481323
Diminished  Ovarian Reserve,hsa-miR-4292,1.1639636754989624
Tibial Neuropathy,hsa-miR-3165,1.163962721824646
Reperfusion Injury and Testicular Ischemia,hsa-miR-4292,1.163957953453064
Chronic  Rhinosinusitis With Nasal Polyps,hsa-miR-4292,1.1639505624771118
Osteoblastoma,hsa-miR-4292,1.163949728012085
Plaque and Amyloid,hsa-miR-3178,1.1639256477355957
Visceral Pain,hsa-miR-4480,1.1639217138290405
Myeloma Bone Disease,hsa-miR-1246,1.163908839225769
Rhabdoid Tumor and Kidney,hsa-miR-182*,1.1639059782028198
Posterior Segment Ocular Diseases,hsa-miR-30a-5P,1.1638927459716797
Gastric Cancer and Metachronous,mmu-miR-676-3p,1.1637979745864868
Reperfusion Injury and Testicular Ischemia,hsa-miR-3184-5p,1.1637299060821533
Reperfusion Injury and Testicular Ischemia,hcmv-miR-US22,1.1637274026870728
Reperfusion Injury and Testicular Ischemia,EBV-mir-BART11,1.1637128591537476
Angioedemas and Hereditary,hsa-miR-3934-5p,1.1637071371078491
Classical Swine Fever,hsa-miR-3934-5p,1.1636929512023926
Transfusion Reaction,hsa-mir-873,1.1636648178100586
Neuropathic Allodynia,hsa-miR-135a-5p,1.163604974746704
Posterior Segment Ocular Diseases,mmu-miR-681,1.163591980934143
Autolysis,hsa-mir-873,1.1635210514068604
Cystoid Macular Edema and Diabetic,hsa-miR-4428,1.1635138988494873
Immune System Diseases,hsa-miR-4428,1.1635119915008545
Upper Tract Urothelial Carcinoma,hsa-miR-4428,1.1635109186172485
Papillary Thyroid Microcarcinoma,hsa-miR-4428,1.163510799407959
Pyloric Hypomotility,hsa-miR-4428,1.1635091304779053
Peritoneal Diseases,hsa-miR-4428,1.163507103919983
Intestinal Fistula,hsa-miR-4428,1.1635068655014038
Large Artery  Atherosclerosis,hsa-miR-4428,1.1635067462921143
Hip Dislocation and Congenital,hsa-miR-4428,1.163506031036377
Hair Diseases,hsa-miR-4428,1.1635056734085083
vulva squamous cell carcinoma,hsa-miR-4428,1.1635056734085083
Hemangioma and Cavernous,hsa-miR-4428,1.1635055541992188
Angioedemas and Hereditary,hsa-miR-3688-3p,1.1635050773620605
Leukemia and Myeloid and Chronic and Atypical and BCR-ABL Negative,hsa-miR-4428,1.1635035276412964
Poisoning,hsa-miR-4428,1.1635034084320068
Blast Crisis,hsa-miR-4428,1.1635029315948486
Sleep Deprivation,hsa-miR-4428,1.163498044013977
Primary Ovarian Insufficiency,hsa-miR-4428,1.1634916067123413
Cysts,hsa-miR-4428,1.1634904146194458
Mycobacterium Infections and Nontuberculous,hsa-miR-4428,1.1634891033172607
rippling muscle disease 1,hsa-miR-4428,1.1634876728057861
Mesothelioma and Malignant and Pleural,hsa-miR-4428,1.1634875535964966
Movement Disorders,hsa-miR-4428,1.1634867191314697
External Auditory Canal Squamous Cell Carcinoma,hsa-miR-4428,1.1634862422943115
Chagas Disease,hsa-miR-4428,1.1634862422943115
Osteoporotic Fracture and Tibial,hsa-miR-4428,1.1634846925735474
Long Term Adverse Effects,hsa-miR-4428,1.1634845733642578
Bicuspid Aortic Valve Disease,hsa-miR-4428,1.1634840965270996
Pseudarthrosis,hsa-miR-4428,1.16348397731781
Carotid Artery Injuries,hsa-miR-4428,1.16348397731781
Substance Abuse and Intravenous,hsa-miR-4428,1.1634832620620728
Coronary Artery Calcification,hsa-miR-4428,1.1634831428527832
ACTH-independent macronodular adrenal hyperplasia,hsa-miR-4428,1.1634827852249146
Enterovirus B and Human,hsa-miR-4428,1.163482666015625
Infections,hsa-miR-4428,1.1634823083877563
Iron Metabolism Disorders,hsa-miR-4428,1.1634819507598877
Pleural Effusion and Malignant,hsa-miR-4428,1.1634818315505981
Shock and Septic,hsa-miR-4428,1.1634807586669922
Bone Neoplasms,hsa-miR-4428,1.1634801626205444
Meibomian Gland Carcinoma  ,hsa-miR-4428,1.1634801626205444
Angelman Syndrome,hsa-miR-4428,1.1634799242019653
Zoonoses,hsa-miR-4428,1.1634798049926758
Neurofibromatosis 2,hsa-miR-4428,1.1634796857833862
Dwarfism,hsa-miR-4428,1.1634796857833862
Acute Lymphoblastic Leukemia and B-Cell,hsa-miR-4428,1.1634795665740967
Ataxia with vitamin E deficiency,hsa-miR-4428,1.163479208946228
Neuroectodermal Tumors and Primitive,hsa-miR-4428,1.1634790897369385
Cleidocranial Dysplasia,hsa-miR-4428,1.1634787321090698
nonsyndromic congenital nail disorder 7,hsa-miR-4428,1.163477897644043
Fibroadenoma,hsa-miR-4428,1.1634777784347534
Halal syndrome,hsa-miR-4428,1.1634771823883057
Drug Hypersensitivity,hsa-miR-4428,1.1634753942489624
Post-Cardiac Arrest Syndrome,hsa-miR-4428,1.1634740829467773
Hypospadias,hsa-miR-4428,1.1634739637374878
primary biliary cholangitis 1,hsa-miR-4428,1.1634730100631714
Autoimmune enteropathy,hsa-miR-4428,1.1634730100631714
Thrombocythemia and Essential,hsa-miR-4428,1.1634727716445923
Bone Diseases,hsa-miR-4428,1.1634726524353027
Blood Coagulation Disorders,hsa-miR-4428,1.1634725332260132
Postoperative Complications,hsa-miR-4428,1.1634706258773804
arthrogryposis and renal dysfunction and and cholestasis 1,hsa-miR-4428,1.1634695529937744
Wiskott-Aldrich Syndrome,hsa-miR-4428,1.1634652614593506
Susac Syndrome,hsa-miR-4458,1.163413405418396
peripartum cardiomyopathy,rno-miR-30b-3p,1.1633477210998535
Non-Segmental Vitiligo,hsa-miR-1911*,1.163321614265442
Ophthalmoplegia and Chronic Progressive External,hsa-miR-3920,1.16321861743927
Juvenile gout,hsa-miR-151a-5p@,1.1631633043289185
Myocardial Fibrosis,mmu-miR-743a,1.163071632385254
Vision Disorders,hsa-miR-129-2-3p,1.1630183458328247
Blind Loop Syndrome,hsa-miR-200a-3p,1.1629961729049683
Neuropathic Low Back Pain,hsa-miR-329-3p,1.1629098653793335
Ossification of the posterior longitudinal ligament of the spine,hsa-miR-4482,1.1626393795013428
Incontinentia Pigmenti,hsa-mir-875,1.1625630855560303
Intracranial Arteriovenous Malformations,hsa-mir-875,1.1625609397888184
Hyperandrogenism,hsa-mir-875,1.1625550985336304
Kartagener Syndrome,hsa-mir-875,1.162548303604126
Cervical Cancer and Hpv Infected,hsa-mir-875,1.1625444889068604
Bone Diseases and Metabolic,hsa-mir-875,1.1625391244888306
Rosacea,hsa-mir-875,1.162538766860962
Erythema,mmu-miR-708,1.1625373363494873
Dwarfism,hsa-mir-875,1.1625345945358276
rectum adenocarcinoma,hsa-mir-875,1.1625304222106934
Arteritis,hsa-mir-8079,1.1625291109085083
Wiskott-Aldrich Syndrome,hsa-mir-875,1.1625200510025024
Neutropenia,hsa-miR-218-5p,1.1624422073364258
Neuropathic Low Back Pain,hsa-miR-093,1.1624302864074707
Neoplasms and Mesothelial,hsa-miR-218-5p,1.1624233722686768
Alveolar echinococcosis,rno-miR-30b-3p,1.1624151468276978
Postural Orthostatic Tachycardia Syndrome,rno-miR-30b-3p,1.1624137163162231
Protein-Losing Enteropathies,rno-miR-30b-3p,1.1624106168746948
Combined Saposin Deficiency,rno-miR-30b-3p,1.162410020828247
Arthritis and Gouty,rno-miR-30b-3p,1.1624064445495605
Hemangioma and Cavernous,rno-miR-30b-3p,1.1624047756195068
Carcinogenesis,rno-miR-30b-3p,1.1623941659927368
Acute Pulmonary Embolism,rno-miR-30b-3p,1.1623941659927368
Infarct-Related Artery Total Occlusion,rno-miR-30b-3p,1.1623934507369995
Spinal Cord Diseases,rno-miR-30b-3p,1.1623929738998413
Kartagener Syndrome,rno-miR-30b-3p,1.1623928546905518
Hydatidiform Mole,rno-miR-30b-3p,1.1623886823654175
Bacterial Infections,rno-miR-30b-3p,1.1623859405517578
dilated cardiomyopathy 1FF,rno-miR-30b-3p,1.1623852252960205
diarrhea predominant irritable bowel syndrome (IBS-D),rno-miR-30b-3p,1.1623848676681519
Hypertensive  Disorder Complicating Pregnancy,rno-miR-30b-3p,1.1623833179473877
Abortion and Septic,rno-miR-30b-3p,1.1623810529708862
Fibrosarcoma,rno-miR-30b-3p,1.162380337715149
Peripheral Blood Leukocytes,rno-miR-30b-3p,1.1623796224594116
arteriosclerotic cardiovascular disease,rno-miR-30b-3p,1.162379503250122
High Grade Ovarian Neoplasms,rno-miR-30b-3p,1.1623793840408325
Hind Limb Ischemia,rno-miR-30b-3p,1.1623793840408325
Choroidal Melanoma,rno-miR-30b-3p,1.1623789072036743
Alzheimer Disease ,rno-miR-30b-3p,1.1623785495758057
Wasting Disease and Chronic,rno-miR-30b-3p,1.1623780727386475
Exanthema,rno-miR-30b-3p,1.1623780727386475
Brain Damage and Chronic,rno-miR-30b-3p,1.162377119064331
Ataxia Neuropathy Spectrum,rno-miR-30b-3p,1.1623766422271729
Inflammatory Osteolysis,rno-miR-30b-3p,1.1623766422271729
Hyperparathyroidism and Primary,rno-miR-30b-3p,1.162375569343567
Pleomorphic Sarcoma and Undifferentiated,rno-miR-30b-3p,1.162375569343567
Genital Diseases and Male,rno-miR-30b-3p,1.1623750925064087
Selenium Deficiency,rno-miR-30b-3p,1.1623733043670654
Squamous Intraepithelial Lesions and Cervical,rno-miR-30b-3p,1.1623731851577759
Blood Coagulation Disorders,rno-miR-30b-3p,1.1623718738555908
Malnutrition,rno-miR-30b-3p,1.1623705625534058
Meningitis and Bacterial,rno-miR-30b-3p,1.1623693704605103
Lumbar Disc   Herniation,rno-miR-30b-3p,1.1623685359954834
Altitude Sickness,rno-miR-30b-3p,1.1623685359954834
Adrenocortical Carcinoma and Pediatric,rno-miR-30b-3p,1.1623667478561401
Scleroderma and Diffuse,rno-miR-409-5p,1.1622892618179321
Wiskott-Aldrich Syndrome,hsa-miR-4452,1.1622328758239746
Bronchiolitis Obliterans Syndrome,rno-miR-409-5p,1.1622077226638794
Amebiasis,hsa-miR-3591-3p,1.1619822978973389
Polyposis Syndrome and Hereditary Mixed and 1,hsa-miR-3591-3p,1.1619770526885986
Wound Infection,hsa-miR-3591-3p,1.1619539260864258
Periodontitis and Diabetic,hsa-miR-3591-3p,1.1619467735290527
Amyloidosis and Hereditary and Transthyretin-Related,hsa-miR-4439,1.1617203950881958
Heart   Transplant Rejection,hsa-miR-4444,1.1615750789642334
Adenocarcinoma Of Esophagus,hsa-miR-3128,1.1615679264068604
Pancreatic Intraductal Neoplasms,hsa-miR-4446-5p,1.161454677581787
Renal Artery Obstruction,hsa-miR-3140-5p,1.1614335775375366
Sepsis-Associated Encephalopathy,hsa-miR-4446-5p,1.1614141464233398
Amyloidosis and Hereditary and Transthyretin-Related,mmu-miR-708,1.1613401174545288
Costello Syndrome,hsa-mir-873,1.1613308191299438
Equine Infectious Anemia,hsa-miR-378j,1.161184310913086
Autolysis,hsa-miR-4456,1.161175012588501
Urinary Calculi,hsa-miR-4311,1.161152958869934
Fusariosis,mmu-miR-743a,1.160962462425232
Gastric Cancer and Early,hsa-mir-802,1.16080641746521
Kidney Cortex Necrosis,hsa-miR-4441,1.1605212688446045
Myocardial Fibrosis,hsa-miR-4443,1.1604706048965454
Gastric Cancer and Early,hsa-mir-8069,1.1603939533233643
Ganglion Cysts,hsa-miR-4443,1.1602771282196045
Optic atrophy 1 and deafness,hsa-miR-199a*-2,1.1601934432983398
Her2-Positive Breast Cancer,hsa-miR-199a*-2,1.1601825952529907
Brugada Syndrome,hsa-miR-199a*-2,1.1601734161376953
Neutropenia,hsa-miR-199a*-2,1.160165786743164
Lattice corneal dystrophy type 1,hsa-miR-199a*-2,1.160162091255188
Autoimmune Pancreatitis,hsa-miR-199a*-2,1.1601619720458984
Venous Neointimal Hyperplasia,hsa-miR-199a*-2,1.1601612567901611
Arene Oxide Detoxification Defect,hsa-miR-199a*-2,1.1601603031158447
transient infantile liver failure,hsa-miR-199a*-2,1.1601601839065552
Visceral Pain,hsa-miR-199a*-2,1.1601585149765015
Myotonic Dystrophy,hsa-miR-199a*-2,1.1601532697677612
UV-Sensitive Syndrome,hsa-miR-199a*-2,1.160151720046997
Granulomatous Disease and Chronic,hsa-miR-199a*-2,1.1601494550704956
Liposarcoma and Myxoid,hsa-miR-199a*-2,1.1601479053497314
Canavan Disease,hsa-miR-199a*-2,1.1601442098617554
Intrahepatic Cholestasis of Pregnancy,mmu-miR-743a,1.160121202468872
Encephalopathy and Bovine Spongiform,hsa-miR-4494,1.1598670482635498
isolated cleft palate,hsa-mir-8069,1.1598384380340576
Gastric Cancer and Early,hsa-mir-8080,1.1598188877105713
Transfusion Reaction,mmu-miR-743a,1.159772515296936
Fusariosis,hsa-mir-8080,1.1595414876937866
Blind Loop Syndrome,hsa-miR-1245a,1.159529685974121
Scleral Diseases,hsa-miR-155-5p,1.159435749053955
Chemical and Drug Induced Liver Injury and Chronic,hsa-mir-8080,1.1588377952575684
Chediak-Higashi Syndrome,hsa-miR-2355-5p,1.1588367223739624
Myeloma Bone Disease,hsa-miR-2355-5p,1.1588088274002075
Swine Diseases,hsa-miR-2355-5p,1.1588083505630493
Urinary Calculi,hsa-miR-2355-5p,1.1587995290756226
Chemical and Drug Induced Liver Injury and Chronic,hsa-miR-4444,1.1587333679199219
Lymphoma and T-Cell and Peripheral,hsa-mir-8080,1.1586192846298218
Amyloidosis,hsa-mir-7844,1.1585966348648071
Myotonic Disorders,hsa-mir-7844,1.158589243888855
Quadruple Negative Breast Cancer,hsa-mir-7844,1.158588171005249
Hyperpigmentation,hsa-mir-7844,1.15858793258667
Hypertension and Pregnancy-Induced,hsa-mir-7844,1.1585876941680908
Obesity and Osteosarcopenic,hsa-mir-7844,1.158587098121643
Neoplastic Cells and Circulating,hsa-mir-7844,1.1585865020751953
Hyperlipoproteinemia Type III,hsa-mir-7844,1.158585786819458
Kidney Diseases and Cystic,hsa-mir-7844,1.158585786819458
Sexually Transmitted Diseases and Viral,hsa-mir-7844,1.158585548400879
non-alcoholic fatty liver,hsa-mir-7844,1.1585854291915894
Intracranial Aneurysm,hsa-mir-7844,1.1585854291915894
Upper Tract Urothelial Carcinoma,hsa-mir-7844,1.1585849523544312
Rectal Diseases,hsa-mir-7844,1.1585845947265625
Lung Carcinoid,hsa-mir-7844,1.1585845947265625
Pyloric Hypomotility,hsa-mir-7844,1.158583164215088
Sinus Thrombosis and Intracranial,hsa-mir-7844,1.1585829257965088
Osteomyelitis,hsa-mir-7844,1.1585826873779297
Cholangitis and Biliary and Primary,hsa-mir-7844,1.1585825681686401
Brucellosis,hsa-mir-7844,1.158582329750061
Hepatic Veno-Occlusive Disease,hsa-mir-7844,1.158581256866455
Intestinal Fistula,hsa-mir-7844,1.1585811376571655
Endodermal Sinus Tumor,hsa-mir-7844,1.1585808992385864
ABCD syndrome,hsa-mir-7844,1.1585805416107178
Schopf-Schulz-Passarge Syndrome,hsa-mir-7844,1.1585795879364014
Rabies,hsa-mir-7844,1.1585794687271118
Bronchial Diseases,hsa-mir-7844,1.1585794687271118
Syphilis and secondary,hsa-mir-7844,1.1585791110992432
Diabetes Of The Exocrine Pancreas ,hsa-mir-7844,1.1585789918899536
Acrodermatitis enteropathica,hsa-mir-7844,1.1585789918899536
Histiocytic Sarcoma,hsa-mir-7844,1.158578872680664
Out-of-Hospital Cardiac Arrest,hsa-mir-7844,1.1585780382156372
Rectal Prolapse,hsa-mir-7844,1.158577799797058
Ventricular Remodeling,hsa-mir-7844,1.1585776805877686
Allograft Rejection and Antibody-Mediated,hsa-mir-7844,1.1585774421691895
Craniosynostosis radial aplasia syndrome,hsa-mir-7844,1.1585770845413208
Tourette Syndrome,hsa-mir-7844,1.1585767269134521
Prion Diseases,hsa-mir-7844,1.1585760116577148
Respiratory Distress Syndrome and Newborn,hsa-mir-7844,1.1585757732391357
Mobility Limitation,hsa-mir-7844,1.1585757732391357
Leukemia and Myeloid and Accelerated Phase,hsa-mir-7844,1.1585756540298462
intracranial berry aneurysm 3,hsa-mir-7844,1.1585756540298462
Vitamin B Deficiency,hsa-mir-7844,1.1585745811462402
Oropharyngeal Neoplasms,hsa-mir-7844,1.1585742235183716
Scholte syndrome,hsa-mir-7844,1.1585739850997925
Pica,hsa-mir-7844,1.1585737466812134
Hydrocephalus,hsa-mir-7844,1.1585725545883179
Liver Disease and Alcohol-Associated ,hsa-mir-7844,1.1585708856582642
Osteoporosis-pseudoglioma syndrome,hsa-mir-7844,1.1585702896118164
Spinal Cord Diseases,hsa-mir-7844,1.1585679054260254
Kartagener Syndrome,hsa-mir-7844,1.1585676670074463
Weight Loss,hsa-mir-7844,1.1585667133331299
Thrombotic Stroke,hsa-mir-7844,1.1585661172866821
Neoplasms and Germ Cell and Embryonal,hsa-mir-7844,1.1585652828216553
Cartilage Degradation,hsa-mir-7844,1.158564805984497
Intestinal Diseases,hsa-mir-7844,1.158564805984497
Intracranial  Aneurysm,hsa-mir-7844,1.1585640907287598
Cervical Cancer and Hpv Infected,hsa-mir-7844,1.1585639715194702
Osteoporotic Fractures,hsa-mir-7844,1.1585637331008911
Neovascularization and Pathologic,hsa-mir-7844,1.1585633754730225
Mycobacterium Infections and Nontuberculous,hsa-mir-7844,1.158563256263733
Trypanosomiasis,hsa-mir-7844,1.1585628986358643
Neointimal   Hyperplasia,hsa-mir-7844,1.1585623025894165
Mandibulofacial Dysostosis,hsa-mir-7844,1.1585623025894165
Glima,hsa-mir-7844,1.158562183380127
Peritoneal Hyalinizing Vasculopathy,hsa-mir-7844,1.1585619449615479
Rhabdoviridae,hsa-mir-7844,1.1585619449615479
rippling muscle disease 1,hsa-mir-7844,1.1585618257522583
Melanoma and Experimental,hsa-mir-7844,1.1585615873336792
Cardiac Complexes and Premature,hsa-mir-7844,1.1585613489151
Hyperinsulinism,hsa-mir-7844,1.1585613489151
Brain Infarction,hsa-mir-7844,1.1585607528686523
Cushing Syndrome,hsa-mir-7844,1.158560037612915
Respiration Disorders and Infant,hsa-mir-7844,1.1585596799850464
Lymphoma and Natural   Killer/T-Cell,hsa-mir-7844,1.1585594415664673
Mastitis,hsa-mir-7844,1.1585593223571777
Graves Disease,hsa-mir-7844,1.1585593223571777
Alveolar Bone Loss,hsa-mir-7844,1.1585593223571777
Obesity and Abdominal,hsa-mir-7844,1.1585592031478882
Long Term Adverse Effects,hsa-mir-7844,1.1585588455200195
Osteoporotic Fracture and Tibial,hsa-mir-7844,1.15855872631073
Arthritis,hsa-mir-7844,1.15855872631073
Reperfusion Injury and Pulmonary Ischemia,hsa-mir-7844,1.1585584878921509
Bicuspid Aortic Valve Disease,hsa-mir-7844,1.1585583686828613
Canine Mammary Carcinoma,hsa-mir-7844,1.1585581302642822
Skin Neoplasms,hsa-mir-7844,1.1585580110549927
Carcinoma and Small Cell,hsa-mir-7844,1.158557415008545
Substance Abuse and Intravenous,hsa-mir-7844,1.1585572957992554
Gastric   Cancer,hsa-mir-7844,1.1585572957992554
Bronchiolitis Obliterans,hsa-mir-7844,1.1585571765899658
Testicular Diseases,hsa-mir-7844,1.1585571765899658
 Equine Hepacivirus Infections,hsa-mir-7844,1.1585571765899658
Cachexia,hsa-mir-7844,1.1585570573806763
Hirschsprung Disease,hsa-mir-7844,1.1585569381713867
Psoriasis,hsa-mir-7844,1.1585566997528076
Pterygium,hsa-mir-7844,1.1585566997528076
Lipidoses,hsa-mir-7844,1.158556580543518
Salpingitis,hsa-mir-7844,1.1585564613342285
Neuropathic Lysosomal Storage Diseases,hsa-mir-7844,1.1585564613342285
Pyruvate Kinase Deficiency of Red Cells,hsa-mir-7844,1.1585562229156494
Acne Vulgaris,hsa-mir-7844,1.1585559844970703
Hcv Associated Disorders,hsa-mir-7844,1.1585559844970703
Spermatic Cord Torsion,hsa-mir-7844,1.158555269241333
Shock and Septic,hsa-mir-7844,1.1585549116134644
Diabetic Keratopathy,hsa-mir-7844,1.1585549116134644
Peripheral Blood Leukocytes,hsa-mir-7844,1.1585545539855957
skin melanoma,hsa-mir-7844,1.1585543155670166
arteriosclerotic cardiovascular disease,hsa-mir-7844,1.158554196357727
Angelman Syndrome,hsa-mir-7844,1.158554196357727
High Grade Ovarian Neoplasms,hsa-mir-7844,1.158554196357727
Lip and Hamartomatous,hsa-mir-7844,1.158553957939148
Choroidal Melanoma,hsa-mir-7844,1.1585538387298584
Adrenocortical Carcinoma,hsa-mir-7844,1.1585538387298584
Acute Lymphoblastic Leukemia and B-Cell,hsa-mir-7844,1.1585537195205688
Palatal Neoplasms,hsa-mir-7844,1.1585534811019897
Parasitic Diseases,hsa-mir-7844,1.1585532426834106
Wasting Disease and Chronic,hsa-mir-7844,1.158553123474121
Cleidocranial Dysplasia,hsa-mir-7844,1.1585530042648315
Ischemic Stroke and Diabetic,hsa-mir-7844,1.158552646636963
Liver Cirrhosis and Alcoholic,hsa-mir-7844,1.1585525274276733
Hepacivirus,hsa-mir-7844,1.1585525274276733
Hypotension,hsa-mir-7844,1.1585524082183838
Chronic Disease,hsa-mir-7844,1.1585520505905151
Encephalomyelitis and Enzootic Porcine,hsa-mir-7844,1.1585520505905151
Status Epilepticus,hsa-mir-7844,1.1585516929626465
Hematologic Neoplasms,hsa-mir-7844,1.158551573753357
Thalassemia,hsa-mir-7844,1.158551573753357
Pancreatitis,hsa-mir-7844,1.1585514545440674
T-cell acute lymphoblastic leukemia,hsa-mir-7844,1.1585514545440674
Neural Tube Defects,hsa-mir-7844,1.1585514545440674
Rectal Neoplasms,hsa-mir-7844,1.1585513353347778
Multiple Sclerosis and Chronic Progressive,hsa-mir-7844,1.1585513353347778
Low Back Pain,hsa-mir-7844,1.1585512161254883
Oral Submucous Fibrosis,hsa-mir-7844,1.1585512161254883
Biotinidase Deficiency,hsa-mir-7844,1.1585510969161987
Welander distal myopathy and Swedish type,hsa-mir-7844,1.1585509777069092
Aortic Diseases,hsa-mir-7844,1.1585509777069092
Lupus Nephritis,hsa-mir-7844,1.1585508584976196
Dmd-Associated Dilated Cardiomyopathy,hsa-mir-7844,1.1585508584976196
Kahrizi Syndrome,hsa-mir-7844,1.1585506200790405
Myocarditis,hsa-mir-7844,1.1585506200790405
Thoracic Aortic   Dissection,hsa-mir-7844,1.1585501432418823
Carcinoma and Squamous Cell and Cutaneous,hsa-mir-7844,1.1585499048233032
Short Stature and Idiopathic and Autosomal,hsa-mir-7844,1.1585493087768555
Endothelial Dysfunction ,hsa-mir-7844,1.1585493087768555
Niemann-Pick disease type C1,hsa-mir-7844,1.1585488319396973
ACTH Syndrome and Ectopic,hsa-mir-7844,1.1585487127304077
Post-Cardiac Arrest Syndrome,hsa-mir-7844,1.158548355102539
Selenium Deficiency,hsa-mir-7844,1.15854811668396
Laryngeal Papilloma,hsa-mir-7844,1.1585476398468018
Bone Marrow Myelofibrosis,hsa-mir-7844,1.1585475206375122
Hip Fractures,hsa-mir-7844,1.1585474014282227
Thromboangiitis Obliterans,hsa-mir-7844,1.158547043800354
Diabetic Retinopathy ,hsa-mir-7844,1.158546805381775
Fibrous Dysplasia and Polyostotic,hsa-mir-7844,1.1585466861724854
Depressive Disorder,hsa-mir-7844,1.1585462093353271
Distal arthrogryposis type 2B,hsa-mir-7844,1.1585460901260376
Venous Thrombosis,hsa-mir-7844,1.158545970916748
Schistosomiasis,hsa-mir-7844,1.158545970916748
Foot-and-Mouth Disease,hsa-mir-7844,1.1585454940795898
Moebius syndrome 1,hsa-mir-7844,1.1585452556610107
torsion dystonia 1,hsa-mir-7844,1.1585450172424316
Postoperative Complications,hsa-mir-7844,1.1585447788238525
sporatic amyotrophic lateral sclerosis,hsa-mir-7844,1.1585431098937988
Hearing Loss and Unilateral,hsa-mir-7844,1.1585428714752197
Typical Teratoid Rhabdoid Tumor,hsa-mir-7844,1.158542275428772
Leukoplakia and Oral,hsa-mir-7844,1.158542275428772
Chronic Pain,hsa-mir-7844,1.1585421562194824
Interstitial Fibrosis and Renal,hsa-mir-7844,1.1585420370101929
Leg Ulcer,hsa-mir-7844,1.1585416793823242
Neurodevelopmental Disorders,hsa-mir-7844,1.1585407257080078
Kidney Neoplasms,hsa-mir-7844,1.1585400104522705
Renal Tubular Oxidative Injury,hsa-mir-7844,1.1585395336151123
Hemorrhagic Fever and Ebola,hsa-mir-7844,1.1585376262664795
Stomatitis and Aphthous,hsa-miR-3202,1.1584755182266235
Amelogenesis Imperfecta,mmu-miR-697,1.158414602279663
Myotonic Disorders,mmu-miR-697,1.1584137678146362
Quadruple Negative Breast Cancer,mmu-miR-697,1.1584128141403198
Ethylmalonic encephalopathy,mmu-miR-697,1.1584124565124512
Ossification of Posterior Longitudinal Ligament,mmu-miR-697,1.158411979675293
Hypoxia and Brain,mmu-miR-697,1.1584112644195557
Fluorosis and Dental,mmu-miR-697,1.1584111452102661
Coronavirus Infections,mmu-miR-697,1.1584104299545288
Tongue Neoplasms,mmu-miR-697,1.1584099531173706
Intracranial Aneurysm,mmu-miR-697,1.1584099531173706
Emphysema,mmu-miR-697,1.158408761024475
Pulmonary Veno-Occlusive Disease,mmu-miR-697,1.158408761024475
Foot Ulcer,mmu-miR-697,1.158408761024475
differentiated thyroid gland carcinoma,mmu-miR-697,1.1584081649780273
Testicular Germ Cell Tumor,mmu-miR-697,1.1584079265594482
Sinus Thrombosis and Intracranial,mmu-miR-697,1.1584075689315796
Glaucoma and Open-Angle,mmu-miR-697,1.1584073305130005
Ichthyosis and Lamellar,mmu-miR-697,1.1584066152572632
Poikiloderma with Neutropenia,mmu-miR-697,1.1584056615829468
Liver Failure and Acute,mmu-miR-697,1.1584047079086304
Cerebral Small Vessel Diseases,mmu-miR-697,1.1584045886993408
Hemangioma and Cavernous,mmu-miR-697,1.1584044694900513
Lichen Sclerosus et Atrophicus,mmu-miR-697,1.1584044694900513
Arteriosclerosis,mmu-miR-697,1.1584044694900513
Pigmentation Disorders,mmu-miR-697,1.1584038734436035
Gastrointestinal Diseases,mmu-miR-697,1.1584032773971558
Cholestasis and Intrahepatic,mmu-miR-697,1.158402919769287
Intestinal Atresia,mmu-miR-697,1.158402919769287
frontotemporal dementia,mmu-miR-697,1.158402681350708
Heart Injuries,mmu-miR-697,1.1584023237228394
Craniosynostosis radial aplasia syndrome,mmu-miR-697,1.1584017276763916
Thinness,mmu-miR-697,1.1584017276763916
Sarcoma and Synovial,mmu-miR-697,1.158401608467102
Porphyria and Variegate,mmu-miR-697,1.1584007740020752
Neoplasm Metastasis,mmu-miR-697,1.1584007740020752
Enteropathy-Associated T-Cell Lymphoma,mmu-miR-697,1.1583999395370483
Neoplasms,mmu-miR-697,1.1583987474441528
Microphthalmos,mmu-miR-697,1.1583982706069946
Sleep Deprivation,mmu-miR-697,1.1583969593048096
Multiple Trauma,mmu-miR-697,1.1583952903747559
Alcohol Withdrawal Delirium,mmu-miR-697,1.158393144607544
Hyperplasia,mmu-miR-697,1.1583919525146484
Adenocarcinoma and Sebaceous and Ocular,mmu-miR-697,1.1583908796310425
Diabetic Neuropathies,mmu-miR-697,1.1583906412124634
Bone Diseases and Developmental,mmu-miR-697,1.1583898067474365
Neoplasms and Germ Cell and Embryonal,mmu-miR-697,1.1583898067474365
Ear Diseases,mmu-miR-697,1.1583892107009888
Mycobacterium Infections and Nontuberculous,mmu-miR-697,1.1583877801895142
rippling muscle disease 1,mmu-miR-697,1.158386468887329
Helicobacter pylori,mmu-miR-697,1.15838623046875
Bacterial Infections,mmu-miR-697,1.1583855152130127
Primary Central Nervous System Lymphoma,mmu-miR-697,1.1583852767944336
Brain Injuries and Traumatic,mmu-miR-697,1.158385157585144
External Auditory Canal Squamous Cell Carcinoma,mmu-miR-697,1.1583850383758545
renal fibrosis,mmu-miR-697,1.1583847999572754
Duane Retraction Syndrome,mmu-miR-697,1.1583846807479858
Acute Lung Injury,mmu-miR-697,1.158384084701538
Gastric And Colon Cancer,mmu-miR-697,1.1583836078643799
Bone Diseases and Metabolic,mmu-miR-697,1.1583831310272217
Heart Defects and Congenital,mmu-miR-697,1.1583828926086426
esophageal carcinoma,mmu-miR-697,1.158382773399353
Polymyositis,mmu-miR-697,1.158382534980774
Exocrine Pancreatic Insufficiency,mmu-miR-697,1.1583821773529053
Dacryocystitis,mmu-miR-697,1.1583819389343262
Warburg micro syndrome 1,mmu-miR-697,1.1583819389343262
Anemia,mmu-miR-697,1.1583806276321411
Bronchopulmonary Dysplasia,mmu-miR-697,1.1583800315856934
Spondylocheirodysplasia and Ehlers-Danlos Syndrome-Like,mmu-miR-697,1.1583800315856934
Arrhythmogenic Heart Diseases,mmu-miR-697,1.1583789587020874
Adrenocortical Carcinoma,mmu-miR-697,1.1583786010742188
Lip and Hamartomatous,mmu-miR-697,1.1583784818649292
Neurofibromatosis 2,mmu-miR-697,1.1583784818649292
Choroidal Neovascularization,mmu-miR-697,1.1583783626556396
Choroidal Melanoma,mmu-miR-697,1.15837824344635
Ovarian Insufficiency and Premature,mmu-miR-697,1.158378005027771
Colorectal Neoplasms and Hereditary Nonpolyposis,mmu-miR-697,1.158378005027771
Exanthema,mmu-miR-697,1.1583775281906128
Neuroleptic Malignant Syndrome,mmu-miR-697,1.1583774089813232
Liver Cirrhosis and Alcoholic,mmu-miR-697,1.1583772897720337
Encephalomyelitis and Eastern Equine,mmu-miR-697,1.1583771705627441
Rupture,mmu-miR-697,1.1583771705627441
Hypotension,mmu-miR-697,1.158376932144165
Infarction,mmu-miR-697,1.158376932144165
Necrosis,mmu-miR-697,1.1583768129348755
Cervical Intraepithelial Neoplasia,mmu-miR-697,1.158376693725586
Encephalomyelitis and Enzootic Porcine,mmu-miR-697,1.1583765745162964
Status Epilepticus,mmu-miR-697,1.1583764553070068
Neural Tube Defects,mmu-miR-697,1.1583762168884277
Hematologic Neoplasms,mmu-miR-697,1.1583760976791382
von Willebrand Diseases,mmu-miR-697,1.1583760976791382
Ataxia Neuropathy Spectrum,mmu-miR-697,1.1583760976791382
Halal syndrome,mmu-miR-697,1.1583760976791382
Inflammatory Osteolysis,mmu-miR-697,1.1583760976791382
Aortic Diseases,mmu-miR-697,1.15837562084198
Sepsis Induced Liver Injury,mmu-miR-697,1.1583753824234009
Myocarditis,mmu-miR-697,1.1583751440048218
Pleomorphic Sarcoma and Undifferentiated,mmu-miR-697,1.1583750247955322
brachydactyly type D,mmu-miR-697,1.1583749055862427
Sveinsson Chorioretinal Atrophy,mmu-miR-697,1.1583747863769531
Elliptocytosis 2,mmu-miR-697,1.158374547958374
Genital Diseases and Male,mmu-miR-697,1.158374547958374
Growth Disorders,mmu-miR-697,1.158374547958374
Papillon-Lefevre Disease,mmu-miR-697,1.158374547958374
Genital Diseases and Female,mmu-miR-697,1.1583744287490845
Deltaretrovirus Infections,mmu-miR-697,1.1583741903305054
Hypercholesterolemia,mmu-miR-697,1.1583739519119263
Periodontal Diseases,mmu-miR-697,1.158373475074768
PEHO syndrome,mmu-miR-697,1.1583733558654785
Adenocarcinoma and Follicular,mmu-miR-697,1.1583731174468994
Neuroendocrine Tumors,mmu-miR-697,1.1583718061447144
Brain Neoplasms,mmu-miR-697,1.1583714485168457
Depressive Disorder,mmu-miR-697,1.158370852470398
Venous Thrombosis,mmu-miR-697,1.1583707332611084
Cholecystitis,mmu-miR-697,1.158369541168213
Vitamin D Deficiency,mmu-miR-697,1.158369541168213
Postoperative Complications,mmu-miR-697,1.1583693027496338
Bowen-Conradi syndrome,mmu-miR-697,1.1583670377731323
Leukoplakia and Oral,mmu-miR-697,1.1583667993545532
Thyroid Diseases,mmu-miR-697,1.1583658456802368
Vitreoretinopathy and Proliferative,mmu-miR-697,1.158363699913025
Hemoglobin Bart'S Hydrops   Fetalis Syndrome,mmu-miR-697,1.1583631038665771
N acetyltransferase deficiency,mmu-miR-697,1.1583625078201294
Fusariosis,hsa-miR-4443,1.1583611965179443
Stomatitis and Aphthous,hsa-miR-3125,1.1582980155944824
Encephalopathy and Bovine Spongiform,hsa-miR-4482,1.158195972442627
Salivary Gland Pleomorphic Adenoma,hsa-mir-8061,1.1580899953842163
Rectal Diseases,hsa-mir-8061,1.1580888032913208
Multiple System Atrophy,mmu-miR-743a,1.1580884456634521
Fibrous Dysplasia of Bone,hsa-mir-8061,1.1580865383148193
Tuberculosis and Meningeal,hsa-mir-8061,1.1580698490142822
salivary gland adenoid cystic carcinoma,hsa-mir-8061,1.1580698490142822
Alopecia,hsa-mir-8061,1.158068299293518
Osteolysis,hsa-mir-8061,1.1580671072006226
Mandibulofacial Dysostosis,hsa-mir-8061,1.158066749572754
Hypoglycemia and leucine-induced,hsa-mir-8061,1.1580666303634644
Encephalomyelitis and Western Equine,hsa-mir-8061,1.1580653190612793
Rosacea,hsa-mir-8061,1.1580626964569092
Bronchiolitis Obliterans,hsa-mir-8061,1.1580616235733032
Heart   Transplant Rejection,hsa-miR-4437,1.1580605506896973
Encephalomyelitis and Autoimmune and Experimental,hsa-mir-8061,1.158060073852539
Acute Lymphocytic Leukemia and B-Cell,hsa-mir-8061,1.15805983543396
Bronchopulmonary Dysplasia,hsa-mir-8061,1.15805983543396
Fibrosarcoma,hsa-mir-8061,1.1580595970153809
Peripheral Blood Leukocytes,hsa-mir-8061,1.158058762550354
Aspergillosis and Allergic Bronchopulmonary,hsa-mir-8061,1.1580561399459839
Finnish lethal neonatal metabolic syndrome,hsa-mir-8061,1.1580551862716675
Hyperparathyroidism and Primary,hsa-mir-8061,1.1580548286437988
Pleomorphic Sarcoma and Undifferentiated,hsa-mir-8061,1.1580547094345093
Genital Diseases and Male,hsa-mir-8061,1.158054232597351
Retinopathy of Prematurity,hsa-mir-8061,1.1580533981323242
Depressive Disorder,hsa-mir-8061,1.158050537109375
Lysosomal Storage Diseases,hsa-miR-135b-3p,1.1579233407974243
Phyllodes Tumor and Breast,hsa-miR-135b-3p,1.1579012870788574
Inflammation and Chronic,hsa-miR-135b-3p,1.1578989028930664
Ovarian Neoplasms and Serous,hsa-miR-135b-3p,1.1578905582427979
Thyroid cancer and medullary,hsa-miR-4459,1.1578717231750488
Ganglion Cysts,hsa-miR-4437,1.1578385829925537
Fibrosarcoma,mmu-miR-690,1.1577832698822021
Stomatitis and Aphthous,hsa-miR-2467-3p,1.1577228307724
Stress Disorders and Traumatic and Acute,mmu-miR-708,1.1575735807418823
Hemophilia A,hsa-mir-873,1.1575548648834229
Intrahepatic Cholestasis of Pregnancy,hsa-miR-4443,1.157520055770874
ureteropelvic junction obstruction,hsa-miR-320b,1.157348394393921
Primary Gastrointestinal Diffuse Large B-Cell Lymphoma ,hsa-miR-320b,1.1573314666748047
Reperfusion Injury and Testicular Ischemia,hsa-miR-320b,1.157331109046936
Classical Swine Fever,hsa-miR-320b,1.1573227643966675
Dementia and Vascular,hsa-mir-873,1.157321810722351
Liposarcoma and Myxoid,hsa-miR-320b,1.1573143005371094
Hypoglycemia,hsa-miR-1284,1.1572320461273193
Myocardial Fibrosis,mmu-miR-708,1.1572060585021973
Transfusion Reaction,hsa-miR-4443,1.1571714878082275
Autolysis,hsa-miR-4443,1.1570273637771606
Ganglion Cysts,mmu-miR-708,1.1570124626159668
Costello Syndrome,hsa-mir-802,1.157004952430725
Phyllodes Tumor,hsa-miR-4492,1.1569095849990845
Proteinuria,mmu-miR-676-3p,1.156838297843933
Autolysis,hsa-miR-4459,1.156833291053772
Ganglion Cysts,hsa-miR-4494,1.156793475151062
Human T-Cell Leukemia Virus Type 1 Infections,hsa-miR-17-3p,1.1566367149353027
Lipid Metabolism Disorders,mmu-miR-676-3p,1.156598448753357
Ventricular Premature Complexes,hsa-miR-4511,1.156596302986145
Blood Platelet Disorders,hsa-miR-4511,1.156592607498169
Condylomata Acuminata,hsa-miR-4511,1.1565924882888794
Costello Syndrome,hsa-mir-8069,1.1565923690795898
Quadruple Negative Breast Cancer,hsa-miR-4511,1.1565920114517212
Cystoid Macular Edema and Diabetic,hsa-miR-4511,1.1565920114517212
Rectal Injury,hsa-miR-4511,1.1565910577774048
Obesity and Osteosarcopenic,hsa-miR-4511,1.1565910577774048
spondyloepimetaphyseal dysplasia and Strudwick type,hsa-miR-4511,1.1565908193588257
Hypoxia and Brain,hsa-miR-4511,1.1565905809402466
Hypertension and Renal,hsa-miR-4511,1.156590461730957
Fluorosis and Dental,hsa-miR-4511,1.1565903425216675
Hyperlipoproteinemia Type III,hsa-miR-4511,1.1565896272659302
Paget Disease and Extramammary,hsa-miR-4511,1.1565895080566406
Protein-Losing Enteropathies,hsa-miR-4511,1.1565895080566406
Upper Tract Urothelial Carcinoma,hsa-miR-4511,1.1565889120101929
Nonsyndromic Deafness,hsa-miR-4511,1.1565881967544556
Pulmonary Veno-Occlusive Disease,hsa-miR-4511,1.1565881967544556
Emphysema,hsa-miR-4511,1.156588077545166
Hyperparathyroidism 2,hsa-miR-4459,1.1565879583358765
Bipolar Disorder,hsa-miR-4511,1.1565877199172974
differentiated thyroid gland carcinoma,hsa-miR-4511,1.1565876007080078
Smooth Muscle Tumor,hsa-miR-4511,1.1565873622894287
Hypogonadism,hsa-miR-4511,1.1565873622894287
Cholangitis and Biliary and Primary,hsa-miR-4511,1.1565864086151123
Arbovirus Infections,hsa-miR-4511,1.1565860509872437
Erectile Dysfunction,hsa-miR-4511,1.156585931777954
Sexual Dysfunctions and Psychological,hsa-miR-4511,1.1565855741500854
Early-Stage Malignant Melanoma,hsa-miR-4511,1.1565849781036377
Poikiloderma with Neutropenia,hsa-miR-4511,1.1565849781036377
Depression and Post Stroke,hsa-miR-4511,1.1565848588943481
Early Embryonic Arrestdagger,hsa-miR-4511,1.156584620475769
Lymphoma and B-Cell and Diffuse,hsa-miR-4511,1.1565840244293213
Liver Failure and Acute,hsa-miR-4511,1.1565840244293213
Bronchopneumonia,hsa-miR-4511,1.1565839052200317
Lichen Sclerosus et Atrophicus,hsa-miR-4511,1.1565837860107422
Cerebral Small Vessel Diseases,hsa-miR-4511,1.1565837860107422
Rabies,hsa-miR-4511,1.156583547592163
Uterine Diseases,hsa-miR-4511,1.1565831899642944
Rotator Cuff,hsa-miR-4511,1.1565831899642944
Diabetes Of The Exocrine Pancreas ,hsa-miR-4511,1.1565829515457153
Syphilis and secondary,hsa-miR-4511,1.1565829515457153
Acrodermatitis enteropathica,hsa-miR-4511,1.1565828323364258
Tooth Diseases,hsa-miR-4511,1.1565827131271362
Asymptomatic Infections,hsa-miR-4511,1.1565825939178467
Shoulder Injuries,hsa-miR-4511,1.156582236289978
colon carcinoma,hsa-miR-4511,1.1565821170806885
Cholestasis and Intrahepatic,hsa-miR-4511,1.1565821170806885
Rectal Prolapse,hsa-miR-4511,1.1565816402435303
Leukemia and Myeloid and Chronic and Atypical and BCR-ABL Negative,hsa-miR-4511,1.1565816402435303
Hepatitis and Chronic,hsa-miR-4511,1.1565810441970825
Craniosynostosis radial aplasia syndrome,hsa-miR-4511,1.156580924987793
Oligospermia,hsa-miR-4511,1.1565799713134766
Respiratory Distress Syndrome and Newborn,hsa-miR-4511,1.1565797328948975
Mobility Limitation,hsa-miR-4511,1.156579613685608
Prostatitis and Chronic,hsa-miR-4511,1.1565794944763184
Delayed Graft Function,hsa-miR-4511,1.1565794944763184
Siderosis,hsa-miR-4511,1.1565793752670288
Encephalomyelitis and Acute Disseminated,hsa-miR-4511,1.1565786600112915
Vitamin B Deficiency,hsa-miR-4511,1.1565783023834229
Hydrocephalus,hsa-miR-4511,1.1565765142440796
Turner Syndrome,hsa-miR-4511,1.1565757989883423
Orchitis,hsa-miR-4511,1.1565754413604736
Avian Leukosis,hsa-miR-4511,1.1565744876861572
Neurosyphilis,hsa-miR-4511,1.1565744876861572
Graves Ophthalmopathy,hsa-miR-4511,1.1565742492675781
Osteoporosis-pseudoglioma syndrome,hsa-miR-4511,1.1565742492675781
Aphasia and Primary Progressive,hsa-miR-4511,1.1565734148025513
Carcinogenesis,hsa-miR-4511,1.156572937965393
Hallux Valgus,hsa-miR-4511,1.1565724611282349
Zika virus congenital syndrome,hsa-miR-4511,1.156571865081787
Placental Insufficiency,hsa-miR-4511,1.1565715074539185
Progressive Familial Heart Block and Type Ib,hsa-miR-4511,1.1565711498260498
Adenocarcinoma and Sebaceous and Ocular,hsa-miR-4511,1.1565701961517334
Primary Ovarian Insufficiency,hsa-miR-4511,1.1565697193145752
Rhegmatogenous Retinal Detachment and Autosomal Dominant,hsa-miR-4511,1.1565697193145752
Tuberculosis and Meningeal,hsa-miR-4511,1.156569242477417
Intestinal Diseases,hsa-miR-4511,1.1565687656402588
Cartilage Degradation,hsa-miR-4511,1.1565687656402588
cone-rod dystrophy 6,hsa-miR-4511,1.1565682888031006
Osteopenic Nonfracture Syndrome,hsa-miR-4511,1.156568169593811
Pituitary Diseases,hsa-miR-4511,1.156568169593811
Malaria and Vivax,hsa-miR-4511,1.156568169593811
Alopecia,hsa-miR-4511,1.1565676927566528
Ankle Fractures,hsa-miR-4511,1.1565675735473633
Osteoporotic Fractures,hsa-miR-4511,1.1565675735473633
Cervical Cancer and Hpv Infected,hsa-miR-4511,1.1565675735473633
Critical Illness,hsa-miR-4511,1.1565672159194946
Trypanosomiasis,hsa-miR-4511,1.156566858291626
Venous Thromboembolism,hsa-miR-4511,1.1565667390823364
Enterocolitis,hsa-miR-4511,1.1565665006637573
Premature Ejaculation,hsa-miR-4511,1.1565662622451782
Bone Pain,hsa-miR-4511,1.1565661430358887
Atrial Myosins,hsa-miR-4511,1.1565660238265991
rippling muscle disease 1,hsa-miR-4511,1.15656578540802
Colorectal   Adenocarcinoma,hsa-miR-4511,1.15656578540802
Neurofibroma and Plexiform,hsa-miR-4511,1.15656578540802
Splenic Diseases,hsa-miR-4511,1.1565656661987305
Turcot syndrome,hsa-miR-4511,1.156565546989441
Polyomavirus Infections,hsa-miR-4511,1.1565653085708618
Pulmonary edema of mountaineers,hsa-miR-4511,1.1565651893615723
Liver Failure,hsa-miR-4511,1.1565651893615723
Hyperinsulinism,hsa-miR-4511,1.1565651893615723
Movement Disorders,hsa-miR-4511,1.1565649509429932
Reticuloendotheliosis Virus Infections,hsa-miR-4511,1.1565645933151245
Brain Injury and Chronic,hsa-miR-4511,1.1565645933151245
Cardiomyopathy dilated with woolly hair and keratoderma,hsa-miR-4511,1.1565643548965454
External Auditory Canal Squamous Cell Carcinoma,hsa-miR-4511,1.1565643548965454
Pulmonary Edema,hsa-miR-4511,1.1565639972686768
Lymphoma and Natural   Killer/T-Cell,hsa-miR-4511,1.1565632820129395
Graves Disease,hsa-miR-4511,1.1565632820129395
Gastric And Colon Cancer,hsa-miR-4511,1.1565630435943604
Intestinal Neoplasms,hsa-miR-4511,1.1565626859664917
Arthritis,hsa-miR-4511,1.1565625667572021
Pregnancy Complications,hsa-miR-4511,1.1565624475479126
Frontonasal dysplasia,hsa-miR-4511,1.156562328338623
Heart Defects and Congenital,hsa-miR-4511,1.1565622091293335
Shock and Hemorrhagic,hsa-miR-4511,1.1565622091293335
Hypertensive  Disorder Complicating Pregnancy,hsa-miR-4511,1.1565619707107544
esophageal carcinoma,hsa-miR-4511,1.1565619707107544
Syphilis,hsa-miR-4511,1.1565619707107544
Barrett Esophagus,hsa-miR-4511,1.1565619707107544
Ehlers-Danlos Syndrome,hsa-miR-4511,1.1565618515014648
Apparent mineralocorticoid excess,hsa-miR-4511,1.1565618515014648
Digitorenocerebral Syndrome,hsa-miR-4511,1.1565617322921753
Exocrine Pancreatic Insufficiency,hsa-miR-4511,1.1565616130828857
Post-Dural Puncture Headache,hsa-miR-4511,1.1565616130828857
Marfan Syndrome,hsa-miR-4511,1.1565616130828857
Enzootic Bovine Leukosis,hsa-miR-4511,1.1565614938735962
Hereditary pancreatitis,hsa-miR-4511,1.1565613746643066
Lissencephaly,hsa-miR-4511,1.156561255455017
Cystitis and Interstitial,hsa-miR-4511,1.156561255455017
 Equine Hepacivirus Infections,hsa-miR-4511,1.1565611362457275
Testicular Diseases,hsa-miR-4511,1.156561017036438
Enterovirus B and Human,hsa-miR-4511,1.1565608978271484
ACTH-independent macronodular adrenal hyperplasia,hsa-miR-4511,1.1565607786178589
Congenital central hypoventilation syndrome,hsa-miR-4511,1.1565606594085693
Rhinitis and Allergic and Seasonal,hsa-miR-4511,1.1565605401992798
familial multiple nevi flammei,hsa-miR-4511,1.1565604209899902
Mitral Valve Insufficiency,hsa-miR-4511,1.1565604209899902
Cerebral Hemorrhage and Spontaneous,hsa-miR-4511,1.1565603017807007
Nephrosclerosis,hsa-miR-4511,1.1565603017807007
Infant and Newborn and Diseases,hsa-miR-4511,1.1565601825714111
Atrial Premature Complexes,hsa-miR-4511,1.1565601825714111
Pyruvate Kinase Deficiency of Red Cells,hsa-miR-4511,1.1565601825714111
Inflammation and Post Stroke,hsa-miR-4511,1.1565600633621216
Kidney Transplant Rejection,hsa-miR-4511,1.156559705734253
Viral Myocarditis,hsa-miR-4511,1.1565595865249634
Seizures,hsa-miR-4511,1.1565595865249634
Bronchopulmonary Dysplasia,hsa-miR-4511,1.1565593481063843
Spondylocheirodysplasia and Ehlers-Danlos Syndrome-Like,hsa-miR-4511,1.1565593481063843
Multiple Organ Failure,hsa-miR-4511,1.1565592288970947
Cirrhotic Cardiomyopathy,hsa-miR-4511,1.1565592288970947
Depression and Postpartum,hsa-miR-4511,1.1565591096878052
salivary gland mucoepidermoid carcinoma,hsa-miR-4511,1.1565591096878052
Gastrinoma,hsa-miR-4511,1.1565589904785156
Diabetic Keratopathy,hsa-miR-4511,1.1565587520599365
Heart Diseases and Congenital,hsa-miR-4511,1.1565585136413574
Lumbosacral Spinal Root Avulsion,hsa-miR-4511,1.1565583944320679
Infertility and Female,hsa-miR-4511,1.1565583944320679
skin melanoma,hsa-miR-4511,1.1565583944320679
High Grade Ovarian Neoplasms,hsa-miR-4511,1.1565581560134888
Angelman Syndrome,hsa-miR-4511,1.1565581560134888
Arrhythmogenic Heart Diseases,hsa-miR-4511,1.1565581560134888
Hind Limb Ischemia,hsa-miR-4511,1.1565581560134888
Prader-Willi Syndrome,hsa-miR-4511,1.1565581560134888
arteriosclerotic cardiovascular disease,hsa-miR-4511,1.1565581560134888
Gastritis and Hypertrophic,hsa-miR-4511,1.1565580368041992
Dwarfism,hsa-miR-4511,1.1565577983856201
SHORT syndrome,hsa-miR-4511,1.1565576791763306
Acute Lymphoblastic Leukemia and B-Cell,hsa-miR-4511,1.156557559967041
Staphylococcal Infections,hsa-miR-4511,1.156557559967041
Vasospasm and Intracranial and Postoperative,hsa-miR-4511,1.156557321548462
Leukemia and Biphenotypic and Acute,hsa-miR-4511,1.1565569639205933
Immune-Mediated Inflammatory Diseases,hsa-miR-4511,1.1565569639205933
Glomus Tumor,hsa-miR-4511,1.1565567255020142
Pain and Postoperative,hsa-miR-4511,1.1565567255020142
Hemangioma and Infantile,hsa-miR-4511,1.1565567255020142
Central Nervous System Bacterial Infections,hsa-miR-4511,1.1565566062927246
Neuroleptic Malignant Syndrome,hsa-miR-4511,1.1565566062927246
Rupture,hsa-miR-4511,1.156556487083435
Colonic Polyps,hsa-miR-4511,1.156556487083435
Tracheal Diseases,hsa-miR-4511,1.1565563678741455
Infarction,hsa-miR-4511,1.156556248664856
Autism Spectrum Disorder,hsa-miR-4511,1.156556248664856
Exudative Vitreoretinopathy 4,hsa-miR-4511,1.156556248664856
Sarcoidosis,hsa-miR-4511,1.156556248664856
Chronic Gastritis,hsa-miR-4511,1.1565561294555664
Aneuploidy,hsa-miR-4511,1.1565560102462769
Fibroadenoma,hsa-miR-4511,1.1565560102462769
Distal myopathy and Nonaka type,hsa-miR-4511,1.1565555334091187
Influenza in Birds,hsa-miR-4511,1.1565555334091187
Inflammatory Osteolysis,hsa-miR-4511,1.156555414199829
Halal syndrome,hsa-miR-4511,1.1565552949905396
Multiple Sclerosis and Chronic Progressive,hsa-miR-4511,1.1565552949905396
T-cell acute lymphoblastic leukemia,hsa-miR-4511,1.1565552949905396
Ataxia Neuropathy Spectrum,hsa-miR-4511,1.1565552949905396
Biotinidase Deficiency,hsa-miR-4511,1.15655517578125
Mite Infestations,hsa-miR-4511,1.1565545797348022
Lupus Nephritis,hsa-miR-4511,1.1565545797348022
Hyperparathyroidism and Primary,hsa-miR-4511,1.1565544605255127
Kahrizi Syndrome,hsa-miR-4511,1.1565543413162231
Environmental Illness,hsa-miR-4511,1.1565542221069336
Pleomorphic Sarcoma and Undifferentiated,hsa-miR-4511,1.156554102897644
Papillon-Lefevre Disease,hsa-miR-4511,1.1565539836883545
Growth Disorders,hsa-miR-4511,1.1565537452697754
Albuminuria,hsa-miR-4511,1.1565536260604858
Endothelial Dysfunction ,hsa-miR-4511,1.1565532684326172
Microscopic Polyangiitis,hsa-miR-4511,1.156553030014038
Myeloproliferative Disorders,hsa-miR-4511,1.156552791595459
Corneal Diseases,hsa-miR-4511,1.156552791595459
Cerebral Intraventricular Hemorrhage,hsa-miR-4511,1.156552791595459
Infant and Low Birth Weight,hsa-miR-4511,1.1565523147583008
Hypospadias,hsa-miR-4511,1.1565520763397217
Hepatopulmonary Syndrome,hsa-miR-4511,1.1565520763397217
Leigh Disease,hsa-miR-4511,1.1565520763397217
Mast Cell Tumors,hsa-miR-4511,1.1565519571304321
Corneal Injuries,hsa-miR-4511,1.1565518379211426
Eosinophilic enteropathy,hsa-miR-4511,1.1565515995025635
Hip Fractures,hsa-miR-4511,1.156551480293274
primary biliary cholangitis 1,hsa-miR-4511,1.1565512418746948
Keratoconus,hsa-miR-4511,1.1565512418746948
Bradycardia,hsa-miR-4511,1.1565510034561157
Meniere Disease,hsa-miR-4511,1.1565510034561157
Diabetic Retinopathy ,hsa-miR-4511,1.1565508842468262
Blood Coagulation Disorders,hsa-miR-4511,1.156550645828247
Facial Nerve Injuries,hsa-miR-4511,1.1565498113632202
Hematoma and Subdural and Chronic,hsa-miR-4511,1.1565496921539307
Parkinsonian Disorders,hsa-miR-4511,1.1565494537353516
Carcinoma and Adenoid Cystic,hsa-miR-4511,1.156549096107483
Vitamin D Deficiency,hsa-miR-4511,1.1565488576889038
Meningitis and Bacterial,hsa-miR-4511,1.156548023223877
arthrogryposis and renal dysfunction and and cholestasis 1,hsa-miR-4511,1.1565477848052979
Chagas Cardiomyopathy,hsa-miR-4511,1.1565476655960083
recessive dystrophic epidermolysis bullosa,hsa-miR-4511,1.1565475463867188
Altitude Sickness,hsa-miR-4511,1.1565474271774292
Lumbar Disc   Herniation,hsa-miR-4511,1.1565473079681396
sporatic amyotrophic lateral sclerosis,hsa-miR-4511,1.156546950340271
Carotid Stenosis,hsa-miR-4511,1.1565462350845337
Pediatric Cystic Fibrosis,hsa-miR-4511,1.1565462350845337
Ventricular Dysfunction and Left,hsa-miR-4511,1.1565461158752441
Pneumonia and Staphylococcal,hsa-miR-4511,1.156545877456665
Enterocolitis and Pseudomembranous,hsa-miR-4511,1.1565455198287964
Adrenocortical Carcinoma and Pediatric,hsa-miR-4511,1.1565455198287964
Werner Syndrome,hsa-miR-4511,1.1565449237823486
Liver Diseases and Alcoholic,hsa-miR-4511,1.1565438508987427
Kidney Neoplasms,hsa-miR-4511,1.1565438508987427
Community-Acquired Pneumonia,hsa-miR-4511,1.1565383672714233
Skin Ulcer,hsa-miR-296,1.1564971208572388
Rh Deficiency Syndrome,hsa-miR-4437,1.156389832496643
Opium Dependence,hsa-mir-873,1.1561185121536255
Gastric Cancer and Early,mmu-miR-700-5p,1.1559503078460693
Dilated Cardiomyopathy ,hsa-miR-194-5p,1.1558810472488403
Hyperoxia,hsa-miR-4456,1.1558364629745483
Severe Fever with Thrombocytopenia Syndrome,hsa-miR-450a-5p,1.1557763814926147
Heart Failure and Acute,mmu-miR-743a,1.1556658744812012
Hyperglycinemia and Nonketotic,hsa-miR-450a-5p,1.1555520296096802
Reperfusion Injury and Steatotic Liver Ischemia,hsa-miR-320c-1,1.155517816543579
Scleral Diseases,hsa-miR-3664-5p,1.155436396598816
Sialic Acid Storage Disease,mmu-miR-700-5p,1.1554185152053833
Rhabdoid Tumor and Kidney,hsa-miR-3664-5p,1.1554070711135864
Neonatal Sepsis,hsa-mir-8080,1.155399203300476
Neonatal Sepsis,hsa-miR-4444,1.1552948951721191
Amyloidosis,hsa-mir-8074,1.1552855968475342
Lung Diseases and Interstitial,hsa-mir-8074,1.1552802324295044
Periapical Diseases,hsa-mir-8074,1.1552790403366089
Amelogenesis Imperfecta,hsa-mir-8074,1.1552789211273193
Condylomata Acuminata,hsa-mir-8074,1.1552774906158447
Hepatitis E,hsa-mir-8074,1.155276894569397
Vesicular Stomatitis,hsa-mir-8074,1.1552762985229492
Rectal Injury,hsa-mir-8074,1.1552757024765015
Urologic Neoplasms,hsa-mir-8074,1.1552753448486328
Arteriosclerosis Obliterans,hsa-mir-8074,1.1552752256393433
Immune System Diseases,hsa-mir-8074,1.1552751064300537
Coronavirus Infections,hsa-mir-8074,1.155274510383606
Paget Disease and Extramammary,hsa-mir-8074,1.1552743911743164
Protein-Losing Enteropathies,hsa-mir-8074,1.1552742719650269
Tongue Neoplasms,hsa-mir-8074,1.1552741527557373
Pheochromocytoma,hsa-mir-8074,1.1552740335464478
Muscular Dystrophy and Facioscapulohumeral,hsa-mir-8074,1.1552737951278687
Upper Tract Urothelial Carcinoma,hsa-mir-8074,1.1552737951278687
Sarcopenia,hsa-mir-8074,1.1552730798721313
C syndrome,hsa-mir-8074,1.1552729606628418
Muscular Atrophy and Spinal,hsa-mir-8074,1.1552728414535522
Prostate Cancer ,hsa-mir-8074,1.1552728414535522
lung squamous cell carcinoma,hsa-mir-8074,1.1552728414535522
Smooth Muscle Tumor,hsa-mir-8074,1.155272364616394
Pyloric Hypomotility,hsa-mir-8074,1.1552722454071045
Olfaction Disorders,hsa-mir-8074,1.1552720069885254
Cerebral Infarction and Acute,hsa-mir-8074,1.1552720069885254
Erectile Dysfunction,hsa-mir-8074,1.1552706956863403
Oculocutaneous Albinism Type 3,hsa-mir-8074,1.1552705764770508
HTLV-II Infections,hsa-mir-8074,1.1552702188491821
Hernias and Diaphragmatic and Congenital,hsa-mir-8074,1.1552698612213135
Radiation-Induced Pulmonary Fibrosis,hsa-mir-8074,1.155269742012024
Early-Stage Malignant Melanoma,hsa-mir-8074,1.1552696228027344
ABCD syndrome,hsa-mir-8074,1.1552693843841553
Intracranial Arteriovenous Malformations,hsa-mir-8074,1.1552691459655762
Cerebral Small Vessel Diseases,hsa-mir-8074,1.1552687883377075
Lymphoma and B-Cell and Diffuse,hsa-mir-8074,1.1552687883377075
Hair Diseases,hsa-mir-8074,1.155268669128418
Cerebral Infarction and Lacunar,hsa-mir-8074,1.1552683115005493
Uterine Diseases,hsa-mir-8074,1.1552681922912598
Syphilis and secondary,hsa-mir-8074,1.1552678346633911
Histiocytic Sarcoma,hsa-mir-8074,1.1552677154541016
Diabetes Of The Exocrine Pancreas ,hsa-mir-8074,1.1552677154541016
Polycythemia,hsa-mir-8074,1.155267596244812
Hyperphosphatemia,hsa-mir-8074,1.155267357826233
Darier Disease,hsa-mir-8074,1.155267357826233
Intestinal Atresia,hsa-mir-8074,1.1552672386169434
Cholestasis and Intrahepatic,hsa-mir-8074,1.1552671194076538
dystonia 5,hsa-mir-8074,1.1552670001983643
colon carcinoma,hsa-mir-8074,1.1552668809890747
frontotemporal dementia,hsa-mir-8074,1.1552667617797852
Acute Coronary Syndrome ,hsa-mir-8074,1.155266523361206
Acidosis and Respiratory,hsa-mir-8074,1.155266284942627
Sertoli Cell-Only Syndrome,hsa-mir-8074,1.1552653312683105
Mycobacterium avium-intracellulare Infection,hsa-mir-8074,1.1552650928497314
Facial Nerve Diseases,hsa-mir-8074,1.1552647352218628
Delayed Graft Function,hsa-mir-8074,1.1552643775939941
Leukemia and Myeloid and Accelerated Phase,hsa-mir-8074,1.1552643775939941
Stillbirth,hsa-mir-8074,1.1552633047103882
Vitamin B Deficiency,hsa-mir-8074,1.1552631855010986
Oropharyngeal Neoplasms,hsa-mir-8074,1.1552629470825195
Microphthalmos,hsa-mir-8074,1.1552624702453613
Hydrocephalus,hsa-mir-8074,1.1552612781524658
Lumbar Radicular Pain,hsa-mir-8074,1.1552611589431763
Brain Ischemia ,hsa-mir-8074,1.1552611589431763
Orchitis,hsa-mir-8074,1.1552602052688599
Hemorrhoids,hsa-mir-8074,1.1552600860595703
Meningitis and Fungal,hsa-mir-8074,1.1552599668502808
Liver Disease and Alcohol-Associated ,hsa-mir-8074,1.1552597284317017
uric acid nephrolithiasis,hsa-mir-8074,1.155259609222412
Breast Neoplasms and Basal Cell,hsa-mir-8074,1.155259370803833
Graves Ophthalmopathy,hsa-mir-8074,1.155259132385254
Osteoporosis-pseudoglioma syndrome,hsa-mir-8074,1.1552590131759644
Muscular Diseases,hsa-mir-8074,1.1552585363388062
Ventricular Dysfunction,hsa-mir-8074,1.1552579402923584
Hallux Valgus,hsa-mir-8074,1.1552573442459106
Endocrine System Diseases,hsa-mir-8074,1.1552568674087524
Dermatitis and Allergic Contact,hsa-mir-8074,1.1552568674087524
Nonsyndromic sensorineural hearing loss,hsa-mir-8074,1.1552566289901733
Focal Infection,hsa-mir-8074,1.1552566289901733
Placental Insufficiency,hsa-mir-8074,1.1552563905715942
Hyperuricemia,hsa-mir-8074,1.1552554368972778
Weight Loss,hsa-mir-8074,1.1552554368972778
Anodontia,hsa-mir-8074,1.15525484085083
Reflex Sympathetic Dystrophy,hsa-mir-8074,1.155254602432251
salivary gland adenoid cystic carcinoma,hsa-mir-8074,1.1552543640136719
Urinary Retention,hsa-mir-8074,1.1552541255950928
Tuberculosis and Meningeal,hsa-mir-8074,1.1552541255950928
Osteonecrosis,hsa-mir-8074,1.1552538871765137
Osteoporosis and Postmenopausal,hsa-mir-8074,1.1552537679672241
Ear Diseases,hsa-mir-8074,1.1552534103393555
Bk Virus Infections,hsa-mir-8074,1.1552534103393555
Cysts,hsa-mir-8074,1.1552534103393555
Ullrich congenital muscular dystrophy,hsa-mir-8074,1.1552526950836182
Cervical Cancer and Hpv Infected,hsa-mir-8074,1.1552525758743286
Necrobiotic Disorders,hsa-mir-8074,1.155252456665039
Pemphigoid and Bullous,hsa-mir-8074,1.1552523374557495
Venous Thromboembolism,hsa-mir-8074,1.1552517414093018
Osteolysis,hsa-mir-8074,1.155251383781433
Atrial Myosins,hsa-mir-8074,1.1552510261535645
rippling muscle disease 1,hsa-mir-8074,1.1552506685256958
Turcot syndrome,hsa-mir-8074,1.1552504301071167
Hyperinsulinism,hsa-mir-8074,1.1552501916885376
Pulmonary edema of mountaineers,hsa-mir-8074,1.155250072479248
Reinjuries,hsa-mir-8074,1.1552497148513794
Brain Injury and Chronic,hsa-mir-8074,1.1552495956420898
Bacterial Infections,hsa-mir-8074,1.1552495956420898
Autistic Disorder,hsa-mir-8074,1.1552485227584839
Alveolar Bone Loss,hsa-mir-8074,1.1552480459213257
Endophthalmitis,hsa-mir-8074,1.1552480459213257
Gastric And Colon Cancer,hsa-mir-8074,1.1552479267120361
Obesity and Abdominal,hsa-mir-8074,1.1552479267120361
Hyperostosis,hsa-mir-8074,1.155247688293457
Long Term Adverse Effects,hsa-mir-8074,1.1552475690841675
Kidney Failure and Chronic,hsa-mir-8074,1.1552475690841675
Yellow Nail Syndrome,hsa-mir-8074,1.1552472114562988
Shock and Hemorrhagic,hsa-mir-8074,1.1552472114562988
Rosacea,hsa-mir-8074,1.1552469730377197
Adenocarcinoma,hsa-mir-8074,1.155246615409851
Post-Dural Puncture Headache,hsa-mir-8074,1.1552464962005615
Arthrogryposis and ectodermal dysplasia,hsa-mir-8074,1.155246376991272
Megalencephalic leukoencephalopathy with subcortical cysts,hsa-mir-8074,1.155246376991272
Hypoplastic Left Heart Syndrome,hsa-mir-8074,1.155246376991272
Substance Abuse and Intravenous,hsa-mir-8074,1.1552461385726929
Gastric   Cancer,hsa-mir-8074,1.1552461385726929
Tembusu virus,hsa-mir-8074,1.1552461385726929
 Equine Hepacivirus Infections,hsa-mir-8074,1.1552460193634033
Teratoid Rhabdoid Tumor and Atypical,hsa-mir-8074,1.1552460193634033
Bronchiolitis Obliterans,hsa-mir-8074,1.1552460193634033
Testicular Diseases,hsa-mir-8074,1.1552460193634033
Acromegaly,hsa-mir-8074,1.1552456617355347
ACTH-independent macronodular adrenal hyperplasia,hsa-mir-8074,1.1552456617355347
Jaw Abnormalities,hsa-mir-8074,1.1552455425262451
Collagen Diseases,hsa-mir-8074,1.1552455425262451
Psoriasis,hsa-mir-8074,1.155245304107666
Pyruvate Kinase Deficiency of Red Cells,hsa-mir-8074,1.155245065689087
Hcv Associated Disorders,hsa-mir-8074,1.1552448272705078
Sensation Disorders,hsa-mir-8074,1.1552448272705078
Viral Myocarditis,hsa-mir-8074,1.1552447080612183
Cryopyrin-Associated Periodic Syndromes,hsa-mir-8074,1.1552447080612183
Encephalomyelitis and Autoimmune and Experimental,hsa-mir-8074,1.1552445888519287
Arrest of spermatogenesis,hsa-mir-8074,1.1552445888519287
Kidney Transplant Rejection,hsa-mir-8074,1.1552445888519287
Rett Syndrome,hsa-mir-8074,1.1552444696426392
Bronchopulmonary Dysplasia,hsa-mir-8074,1.1552443504333496
Obsessive-Compulsive Disorder,hsa-mir-8074,1.1552443504333496
Acute Lymphoblastic Leukemia and T-Cell,hsa-mir-8074,1.15524423122406
Spermatic Cord Torsion,hsa-mir-8074,1.1552441120147705
Nephrosis and Lipoid,hsa-mir-8074,1.1552438735961914
Diabetic Keratopathy,hsa-mir-8074,1.1552437543869019
Microphthalmia and syndromic 2,hsa-mir-8074,1.1552437543869019
familial febrile seizures 1,hsa-mir-8074,1.1552435159683228
skin melanoma,hsa-mir-8074,1.1552432775497437
Multicystic renal dysplasia and bilateral,hsa-mir-8074,1.1552432775497437
Neoplasm and Residual,hsa-mir-8074,1.1552430391311646
Arrhythmogenic Heart Diseases,hsa-mir-8074,1.1552430391311646
Angelman Syndrome,hsa-mir-8074,1.155242919921875
Sleep Apnea Syndromes,hsa-mir-8074,1.155242919921875
Cerebral Cortical Thinning,hsa-mir-8074,1.155242919921875
Immunoglobulin G4-Related Disease,hsa-mir-8074,1.155242681503296
Choroidal Melanoma,hsa-mir-8074,1.1552425622940063
Ataxia with vitamin E deficiency,hsa-mir-8074,1.1552423238754272
Palatal Neoplasms,hsa-mir-8074,1.1552422046661377
Alzheimer Disease ,hsa-mir-8074,1.1552420854568481
Diarrhea 5 and With Tufting Enteropathy and Congenital,hsa-mir-8074,1.1552419662475586
Neuroleptic Malignant Syndrome,hsa-mir-8074,1.15524160861969
Central Nervous System Bacterial Infections,hsa-mir-8074,1.1552414894104004
Cholera,hsa-mir-8074,1.1552412509918213
Hepacivirus,hsa-mir-8074,1.1552412509918213
Endometrial Hyperplasia,hsa-mir-8074,1.1552410125732422
Gastric Precancerous Lesion,hsa-mir-8074,1.1552406549453735
Gastric Intestinal   Metaplasia,hsa-mir-8074,1.1552406549453735
Brain Damage and Chronic,hsa-mir-8074,1.1552406549453735
Distal myopathy and Nonaka type,hsa-mir-8074,1.1552406549453735
Encephalomyelitis and Enzootic Porcine,hsa-mir-8074,1.1552406549453735
Influenza in Birds,hsa-mir-8074,1.155240535736084
Cumulative Trauma Disorders,hsa-mir-8074,1.155240535736084
von Willebrand Diseases,hsa-mir-8074,1.1552402973175049
Halal syndrome,hsa-mir-8074,1.1552402973175049
Ataxia Neuropathy Spectrum,hsa-mir-8074,1.1552401781082153
Inflammatory Osteolysis,hsa-mir-8074,1.1552401781082153
T-cell acute lymphoblastic leukemia,hsa-mir-8074,1.1552401781082153
Complex Regional Pain Syndromes,hsa-mir-8074,1.1552400588989258
Primary Graft Dysfunction,hsa-mir-8074,1.1552400588989258
Low Back Pain,hsa-mir-8074,1.1552400588989258
Biotinidase Deficiency,hsa-mir-8074,1.1552399396896362
Pancreatitis and Acute Necrotizing,hsa-mir-8074,1.1552398204803467
DNA Repair-Deficiency Disorders,hsa-mir-8074,1.1552397012710571
Leukemia and Megakaryoblastic and Acute,hsa-mir-8074,1.155239462852478
Femur Head Necrosis,hsa-mir-8074,1.1552393436431885
Kidney Calculi,hsa-mir-8074,1.1552393436431885
Myocarditis,hsa-mir-8074,1.1552393436431885
Environmental Illness,hsa-mir-8074,1.155239224433899
low grade glioma,hsa-mir-8074,1.1552389860153198
Thoracic Aortic   Dissection,hsa-mir-8074,1.1552389860153198
Carcinoma and Squamous Cell and Cutaneous,hsa-mir-8074,1.1552388668060303
Genital Diseases and Male,hsa-mir-8074,1.1552388668060303
Bloom Syndrome,hsa-mir-8074,1.1552388668060303
Elliptocytosis 2,hsa-mir-8074,1.1552387475967407
Albuminuria,hsa-mir-8074,1.1552386283874512
Hyperkalemia,hsa-mir-8074,1.1552386283874512
Dehydration,hsa-mir-8074,1.155238389968872
Hypercholesterolemia,hsa-mir-8074,1.1552382707595825
Asthma-Chronic Obstructive Pulmonary Disease Overlap Syndrome,hsa-mir-8074,1.1552380323410034
Short Stature and Idiopathic and Autosomal,hsa-mir-8074,1.1552380323410034
Microscopic Polyangiitis,hsa-mir-8074,1.1552379131317139
Cerebral Intraventricular Hemorrhage,hsa-mir-8074,1.1552377939224243
Bone Regeneration,hsa-mir-8074,1.1552376747131348
Niemann-Pick disease type C1,hsa-mir-8074,1.1552375555038452
Selenium Deficiency,hsa-mir-8074,1.1552369594573975
Hypospadias,hsa-mir-8074,1.1552369594573975
Bovine Virus Diarrhea-Mucosal Disease,hsa-mir-8074,1.1552367210388184
Bone Marrow Myelofibrosis,hsa-mir-8074,1.1552364826202393
Eosinophilic enteropathy,hsa-mir-8074,1.1552363634109497
Platelet Storage Lesion,hsa-mir-8074,1.1552362442016602
Staphylococcal Scalded Skin Syndrome,hsa-mir-8074,1.155235767364502
Glycogen Storage Disease Type VI,hsa-mir-8074,1.1552356481552124
Hepatorenal Syndrome,hsa-mir-8074,1.1552351713180542
Synucleinopathies,hsa-mir-8074,1.155234932899475
Adiposis Dolorosa,hsa-mir-8074,1.155234694480896
Hematoma and Subdural and Chronic,hsa-mir-8074,1.1552345752716064
Foot-and-Mouth Disease,hsa-mir-8074,1.155234456062317
Leukemia and Myeloid,hsa-mir-8074,1.1552343368530273
Moebius syndrome 1,hsa-mir-8074,1.1552342176437378
Borna Disease,hsa-mir-8074,1.1552337408065796
Benign Paroxysmal Positional Vertigo,hsa-mir-8074,1.1552329063415527
Lumbar Disc   Herniation,hsa-mir-8074,1.1552321910858154
Altitude Sickness,hsa-mir-8074,1.1552320718765259
sporatic amyotrophic lateral sclerosis,hsa-mir-8074,1.1552319526672363
Virus Diseases,hsa-mir-8074,1.1552314758300781
Hypocalciuric hypercalcemia and familial and type 1,hsa-mir-8074,1.1552313566207886
Leukoplakia and Oral,hsa-mir-8074,1.1552311182022095
Lymphoma and Extranodal NK-T-Cell,hsa-mir-8074,1.1552308797836304
Leg Ulcer,hsa-mir-8074,1.1552305221557617
Postoperative Cognitive Complications,hsa-miR-450a-5p,1.1552296876907349
Myasthenia Gravis with Thymus Hyperplasia,hsa-mir-8074,1.155228614807129
Wiskott-Aldrich Syndrome,hsa-mir-8074,1.1552281379699707
Hemoglobin Bart'S Hydrops   Fetalis Syndrome,hsa-mir-8074,1.1552274227142334
Sleep Initiation and Maintenance Disorders,hsa-mir-8074,1.155226469039917
Spinal muscular atrophy with respiratory distress 1,hsa-mir-8074,1.1552232503890991
Sialic Acid Storage Disease,hsa-miR-4439,1.1552225351333618
isolated cleft palate,hsa-miR-4439,1.1551986932754517
Deglutition Disorders,hsa-miR-130a-3p,1.1551666259765625
Inflammation and Chronic,hsa-miR-130a-3p,1.1551437377929688
Hereditary Autoinflammatory Diseases,hsa-miR-130a-3p,1.1551433801651
Cap Myopathy,hsa-miR-130a-3p,1.1551432609558105
Fusariosis,mmu-miR-708,1.1550967693328857
Tuberous Sclerosis,mmu-miR-743a,1.1550248861312866
Vaginosis and Bacterial,hcmv-miR-UL59,1.1550050973892212
Phyllodes Tumor and Breast,hcmv-miR-UL59,1.1550036668777466
Wound Infection,hcmv-miR-UL59,1.155002236366272
Asthma and Chronic,hcmv-miR-UL59,1.1550014019012451
Hereditary Autoinflammatory Diseases,hcmv-miR-UL59,1.1550008058547974
Tibial Neuropathy,hcmv-miR-UL59,1.1549983024597168
Absent corpus callosum cataract immunodeficiency,hcmv-miR-UL59,1.1549979448318481
Urethritis,hcmv-miR-UL59,1.1549971103668213
Scleral Diseases,hsa-miR-150-5p,1.1549944877624512
Meniscus Degeneration,hsa-miR-150-5p,1.1549912691116333
Multiple Mitochondrial Dysfunctions Syndrome,hcmv-miR-UL59,1.15498948097229
Chanarin-Dorfman Syndrome,hcmv-miR-UL59,1.1549856662750244
Dementia and Vascular,hsa-miR-4456,1.1549756526947021
Neutropenia,hsa-miR-150-5p,1.1549715995788574
Reperfusion Injury and Testicular Ischemia,hsa-miR-150-5p,1.1549705266952515
Chemical and Drug Induced Liver Injury and Chronic,mmu-miR-700-5p,1.1549690961837769
Myeloma Bone Disease,hsa-miR-150-5p,1.1549640893936157
Nevi and Melanomas,hsa-miR-150-5p,1.1549618244171143
Proteinuria,hsa-mir-873,1.1549131870269775
isolated cleft palate,mmu-miR-708,1.1548182964324951
Thyroid cancer and medullary,mmu-miR-708,1.1548011302947998
Chemical and Drug Induced Liver Injury and Chronic,hsa-miR-4439,1.1547731161117554
Scleral Diseases,hsa-miR-29c-5p,1.1547276973724365
Human T-Cell Leukemia Virus Type 1 Infections,hsa-miR-29c-5p,1.154718279838562
Myotonic Dystrophy,hsa-miR-29c-5p,1.15469229221344
Costello Syndrome,hsa-miR-4459,1.1546430587768555
Intrahepatic Cholestasis of Pregnancy,hsa-miR-4439,1.1546356678009033
Acute Uterine Injury,hsa-miR-4481,1.1546026468276978
Short Qt Syndrome,hsa-miR-29c-3p,1.1545321941375732
Diminished  Ovarian Reserve,hsa-miR-4271,1.1544787883758545
Wound Infection,hsa-miR-4271,1.1544690132141113
Brugada Syndrome,hsa-miR-19b-1*,1.1544643640518188
Nevi and Melanomas,hsa-miR-4271,1.1544642448425293
Tricuspid Valve Insufficiency,hsa-miR-19b-1*,1.1544520854949951
Equine Infectious Anemia,hsa-miR-19b-1*,1.1544491052627563
thyroid gland Hurthle cell carcinoma,hsa-miR-33,1.1543807983398438
Spinal Cord Compression,hsa-miR-33,1.1543715000152588
Hyperparathyroidism 2,hsa-miR-4437,1.1543434858322144
Autolysis,mmu-miR-700-5p,1.1543389558792114
Trypanosomiasis and African,mmu-miR-743a,1.154300332069397
Angioedemas and Hereditary,hsa-miR-378*,1.1542953252792358
Transfusion Reaction,hsa-miR-4439,1.1542868614196777
Posterior Segment Ocular Diseases,hsa-miR-1231,1.154276728630066
Rhabdoid Tumor and Kidney,hsa-miR-1231,1.15426766872406
Amyloidosis,rno-miR-369-3p,1.1542651653289795
Periapical Diseases,rno-miR-369-3p,1.1542588472366333
non-alcoholic steatohepatitis,rno-miR-369-3p,1.1542577743530273
Myotonic Disorders,rno-miR-369-3p,1.1542577743530273
Condylomata Acuminata,rno-miR-369-3p,1.1542571783065796
spondyloepimetaphyseal dysplasia and Strudwick type,rno-miR-369-3p,1.1542553901672363
Intrahepatic Cholestasis of Pregnancy,mmu-miR-708,1.1542552709579468
Paget Disease and Extramammary,rno-miR-369-3p,1.1542539596557617
non-alcoholic fatty liver,rno-miR-369-3p,1.1542538404464722
Intracranial Aneurysm,rno-miR-369-3p,1.1542537212371826
Upper Tract Urothelial Carcinoma,rno-miR-369-3p,1.154253363609314
Foot Ulcer,rno-miR-369-3p,1.1542526483535767
Nonsyndromic Deafness,rno-miR-369-3p,1.1542526483535767
White Dot Syndromes,rno-miR-369-3p,1.1542521715164185
obstructive nephropathy,rno-miR-369-3p,1.1542516946792603
Sinus Thrombosis and Intracranial,rno-miR-369-3p,1.1542513370513916
Cardiovascular And   Cerebrovascular Diseases,rno-miR-369-3p,1.154250979423523
Brucellosis,rno-miR-369-3p,1.1542507410049438
Fatty Liver,rno-miR-369-3p,1.1542506217956543
Leishmaniasis,rno-miR-369-3p,1.1542500257492065
Migraine Disorders,rno-miR-369-3p,1.1542495489120483
Large Artery  Atherosclerosis,rno-miR-369-3p,1.1542493104934692
Eclampsia,rno-miR-369-3p,1.1542490720748901
Lichen Sclerosus et Atrophicus,rno-miR-369-3p,1.1542482376098633
Hair Diseases,rno-miR-369-3p,1.1542481184005737
Schopf-Schulz-Passarge Syndrome,rno-miR-369-3p,1.1542481184005737
Bronchial Diseases,rno-miR-369-3p,1.1542478799819946
hyperekplexia 1,rno-miR-369-3p,1.1542476415634155
Pigmentation Disorders,rno-miR-369-3p,1.154247522354126
Histiocytic Sarcoma,rno-miR-369-3p,1.1542471647262573
colon carcinoma,rno-miR-369-3p,1.1542465686798096
Leukemia and Myeloid and Chronic and Atypical and BCR-ABL Negative,rno-miR-369-3p,1.154246211051941
Rectal Prolapse,rno-miR-369-3p,1.1542460918426514
Craniosynostosis radial aplasia syndrome,rno-miR-369-3p,1.1542454957962036
Tourette Syndrome,rno-miR-369-3p,1.1542452573776245
Vitiligo,rno-miR-369-3p,1.1542447805404663
adhesions of uterus,rno-miR-369-3p,1.1542446613311768
Mobility Limitation,rno-miR-369-3p,1.1542441844940186
Facial Nerve Diseases,rno-miR-369-3p,1.1542441844940186
Siderosis,rno-miR-369-3p,1.15424382686615
Thymus Neoplasms,rno-miR-369-3p,1.1542434692382812
Vitamin B Deficiency,rno-miR-369-3p,1.154242753982544
Chondrocalcinosis,rno-miR-369-3p,1.1542422771453857
Atrophy,rno-miR-369-3p,1.1542415618896484
Turner Syndrome,rno-miR-369-3p,1.1542402505874634
Nijmegen Breakage Syndrome,rno-miR-369-3p,1.1542397737503052
Meningitis and Fungal,rno-miR-369-3p,1.154239535331726
Graves Ophthalmopathy,rno-miR-369-3p,1.1542388200759888
Muscular Diseases,rno-miR-369-3p,1.1542381048202515
Carcinogenesis,rno-miR-369-3p,1.1542373895645142
Alcohol Withdrawal Delirium,rno-miR-369-3p,1.1542367935180664
Zika virus congenital syndrome,rno-miR-369-3p,1.1542365550994873
Chorioamnionitis,rno-miR-369-3p,1.1542350053787231
Anodontia,rno-miR-369-3p,1.154234528541565
Carcinoma and Cutaneous and Squamous Cell,rno-miR-369-3p,1.1542340517044067
FG syndrome,rno-miR-369-3p,1.1542339324951172
Neoplasms and Germ Cell and Embryonal,rno-miR-369-3p,1.154233455657959
Osteoporosis and Postmenopausal,rno-miR-369-3p,1.154233455657959
Bk Virus Infections,rno-miR-369-3p,1.1542330980300903
Jaundice and Obstructive,rno-miR-369-3p,1.154232382774353
Ocular Hypertension,rno-miR-369-3p,1.1542322635650635
Cardiovascular Complications,rno-miR-369-3p,1.1542320251464844
Ankle Fractures,rno-miR-369-3p,1.1542320251464844
Papilloma and Choroid Plexus,rno-miR-369-3p,1.1542317867279053
Critical Illness,rno-miR-369-3p,1.1542317867279053
Neovascularization and Pathologic,rno-miR-369-3p,1.1542316675186157
Enterocolitis,rno-miR-369-3p,1.1542309522628784
thyroid gland Hurthle cell carcinoma,hsa-miR-138-1*,1.1542304754257202
Neurofibroma and Plexiform,rno-miR-369-3p,1.1542302370071411
Turcot syndrome,rno-miR-369-3p,1.154229998588562
Cardiac Complexes and Premature,rno-miR-369-3p,1.1542296409606934
Parathyroid Neoplasms,rno-miR-369-3p,1.1542296409606934
Bacterial Infections,rno-miR-369-3p,1.1542291641235352
Lymphoma and T-Cell and Cutaneous,rno-miR-369-3p,1.1542291641235352
External Auditory Canal Squamous Cell Carcinoma,rno-miR-369-3p,1.1542288064956665
Chagas Disease,rno-miR-369-3p,1.1542288064956665
Mastitis,rno-miR-369-3p,1.1542277336120605
Arthritis,rno-miR-369-3p,1.1542270183563232
Frontonasal dysplasia,rno-miR-369-3p,1.1542268991470337
Heart Defects and Congenital,rno-miR-369-3p,1.1542266607284546
Pseudarthrosis,rno-miR-369-3p,1.1542266607284546
Canine Mammary Carcinoma,rno-miR-369-3p,1.1542264223098755
gastric cardia adenocarcinoma,rno-miR-369-3p,1.1542264223098755
Adenocarcinoma,rno-miR-369-3p,1.1542261838912964
Polythelia and Familial,rno-miR-369-3p,1.1542261838912964
Cleft Lip,rno-miR-369-3p,1.1542261838912964
Eunuchism,rno-miR-369-3p,1.1542260646820068
Lyme Disease,rno-miR-369-3p,1.1542260646820068
Arthrogryposis and ectodermal dysplasia,rno-miR-369-3p,1.1542259454727173
Enzootic Bovine Leukosis,rno-miR-369-3p,1.1542258262634277
Cystitis and Interstitial,rno-miR-369-3p,1.1542257070541382
Rhinitis and Allergic,rno-miR-369-3p,1.1542255878448486
Cachexia,rno-miR-369-3p,1.1542255878448486
Retinal Detachment,rno-miR-369-3p,1.15422523021698
Rhinitis and Allergic and Seasonal,rno-miR-369-3p,1.1542251110076904
familial multiple nevi flammei,rno-miR-369-3p,1.1542248725891113
Cryopyrin-Associated Periodic Syndromes,rno-miR-369-3p,1.1542243957519531
Rett Syndrome,rno-miR-369-3p,1.154224157333374
Viral Myocarditis,rno-miR-369-3p,1.154224157333374
Arrest of spermatogenesis,rno-miR-369-3p,1.1542240381240845
Hepatitis C and Chronic,rno-miR-369-3p,1.1542240381240845
Bronchopulmonary Dysplasia,rno-miR-369-3p,1.154223918914795
Heart Diseases and Congenital,rno-miR-369-3p,1.154223084449768
Infertility and Female,rno-miR-369-3p,1.154222846031189
Multicystic renal dysplasia and bilateral,rno-miR-369-3p,1.154222846031189
Meibomian Gland Carcinoma  ,rno-miR-369-3p,1.1542227268218994
Angelman Syndrome,rno-miR-369-3p,1.1542227268218994
Seizures and Febrile,rno-miR-369-3p,1.1542227268218994
Hind Limb Ischemia,rno-miR-369-3p,1.1542227268218994
Gastritis and Hypertrophic,rno-miR-369-3p,1.1542224884033203
SHORT syndrome,rno-miR-369-3p,1.1542222499847412
Aneurysm,rno-miR-369-3p,1.154222011566162
Neuroleptic Malignant Syndrome,rno-miR-369-3p,1.1542211771011353
Ischemic Stroke and Diabetic,rno-miR-369-3p,1.1542209386825562
Rupture,rno-miR-369-3p,1.1542209386825562
Fibroadenoma,rno-miR-369-3p,1.154220700263977
Infarction,rno-miR-369-3p,1.154220700263977
Exudative Vitreoretinopathy 4,rno-miR-369-3p,1.1542205810546875
nonsyndromic congenital nail disorder 7,rno-miR-369-3p,1.154220461845398
Airway Inflammation,rno-miR-369-3p,1.1542203426361084
Inflammatory Osteolysis,rno-miR-369-3p,1.1542199850082397
Muscular Dystrophies,rno-miR-369-3p,1.1542198657989502
Hematologic Neoplasms,rno-miR-369-3p,1.1542198657989502
Neural Tube Defects,rno-miR-369-3p,1.1542197465896606
Biotinidase Deficiency,rno-miR-369-3p,1.1542197465896606
Pancreatitis and Acute Necrotizing,rno-miR-369-3p,1.1542195081710815
Welander distal myopathy and Swedish type,rno-miR-369-3p,1.154219388961792
DNA Repair-Deficiency Disorders,rno-miR-369-3p,1.1542192697525024
Dmd-Associated Dilated Cardiomyopathy,rno-miR-369-3p,1.1542192697525024
Pleomorphic Sarcoma and Undifferentiated,rno-miR-369-3p,1.1542189121246338
Carcinoma and Squamous Cell and Cutaneous,rno-miR-369-3p,1.1542184352874756
Low Tension Glaucoma,rno-miR-369-3p,1.1542181968688965
Albuminuria,rno-miR-369-3p,1.1542181968688965
Iris Diseases,rno-miR-369-3p,1.1542176008224487
Corneal Diseases,rno-miR-369-3p,1.1542173624038696
Periodontal Diseases,rno-miR-369-3p,1.15421724319458
Adenocarcinoma and Follicular,rno-miR-369-3p,1.154217004776001
Selenium Deficiency,rno-miR-369-3p,1.1542166471481323
Acute  Kidney Injury,rno-miR-369-3p,1.1542165279388428
Bovine Virus Diarrhea-Mucosal Disease,rno-miR-369-3p,1.1542162895202637
Bone Marrow Myelofibrosis,rno-miR-369-3p,1.154215931892395
Bone Diseases,rno-miR-369-3p,1.1542154550552368
Gynatresia,rno-miR-369-3p,1.1542153358459473
Polycythemia Vera,rno-miR-369-3p,1.1542143821716309
Carcinoma and Adenoid Cystic,rno-miR-369-3p,1.1542136669158936
Malnutrition,rno-miR-369-3p,1.1542136669158936
Thymoma,rno-miR-369-3p,1.1542127132415771
Jaundice and Acute,rno-miR-369-3p,1.154212474822998
Pediatric Cystic Fibrosis,rno-miR-369-3p,1.1542106866836548
Thyroid Diseases,rno-miR-369-3p,1.1542094945907593
Wiskott-Aldrich Syndrome,rno-miR-369-3p,1.1542078256607056
Hemoglobin Bart'S Hydrops   Fetalis Syndrome,rno-miR-369-3p,1.1542069911956787
Sleep Initiation and Maintenance Disorders,rno-miR-369-3p,1.1542060375213623
Multiple Mitochondrial Dysfunctions Syndrome,hsa-miR-138-1*,1.1541913747787476
Chemical and Drug Induced Liver Injury and Chronic,hsa-miR-4494,1.1541738510131836
Angioedemas and Hereditary,hsa-miR-23a-3p,1.1540627479553223
Posterior Segment Ocular Diseases,hsa-miR-23a-3p,1.1540604829788208
Asthma and Chronic,hsa-miR-23a-3p,1.1540515422821045
Liposarcoma and Myxoid,hsa-miR-23a-3p,1.1540400981903076
Ossification and Heterotopic,hsa-miR-4492,1.1538763046264648
Intra-Articular Fractures,hsa-miR-125b-2,1.1538116931915283
Central Nervous System Diseases,mmu-miR-700-5p,1.1537673473358154
Hemophilia A,mmu-miR-743a,1.1536623239517212
Cholestatic Liver Injury,hsa-miR-1225,1.1535452604293823
Dysentery and Bacillary,hsa-miR-1225,1.153543472290039
Lattice corneal dystrophy type 1,hsa-miR-1225,1.1535241603851318
succinic semialdehyde dehydrogenase deficiency,hsa-miR-1225,1.1535191535949707
Tibial Neuropathy,hsa-miR-1225,1.1535186767578125
Hyperparathyroidism 2,mmu-miR-708,1.1535173654556274
Myotonic Dystrophy,hsa-miR-1225,1.153515338897705
Hyperleptinemia,hsa-miR-1225,1.1535090208053589
Canavan Disease,hsa-miR-1225,1.1535061597824097
Encephalitis and Tick-Borne,hsa-miR-1225,1.153505802154541
Trypanosomiasis and African,hsa-mir-8069,1.1534545421600342
Testicular Neoplasms,hsa-miR-1271-3p,1.1532107591629028
Mycoplasma pneumoniae pneumonia,hsa-miR-1271-3p,1.153209924697876
Pemphigus and Benign Familial,hsa-miR-1271-3p,1.1532056331634521
Lysosomal Storage Diseases,hsa-miR-1271-3p,1.1532039642333984
Tricuspid Valve Insufficiency,hsa-miR-1271-3p,1.1531810760498047
Asthma and Chronic,hsa-miR-1271-3p,1.1531795263290405
Granulomatous Disease and Chronic,hsa-miR-1271-3p,1.1531693935394287
Neoplasms and Mesothelial,hsa-miR-1271-3p,1.1531670093536377
Multiple System Atrophy,hsa-miR-4437,1.1530486345291138
Polyposis Syndrome and Hereditary Mixed and 1,hsa-let-7a-5p,1.1529353857040405
isolated cleft palate,hsa-miR-4482,1.152928352355957
Reperfusion Injury and Testicular Ischemia,hsa-let-7a-5p,1.152916431427002
Inflammation and Chronic,hsa-let-7a-5p,1.1529111862182617
Angina Pectoris and Variant,hsa-mir-873,1.152909278869629
Dysentery,hsa-miR-29b-1,1.1528656482696533
Hypoglycemia,hsa-miR-412-5p,1.1528648138046265
Alveolar echinococcosis,rno-miR-27a,1.1528440713882446
Blood Platelet Disorders,rno-miR-27a,1.1528428792953491
Cystoid Macular Edema and Diabetic,rno-miR-27a,1.1528422832489014
Hypertension and Pregnancy-Induced,rno-miR-27a,1.1528416872024536
Vesicular Stomatitis,rno-miR-27a,1.152841567993164
Obesity and Osteosarcopenic,rno-miR-27a,1.1528412103652954
Arteriosclerosis Obliterans,rno-miR-27a,1.1528406143188477
Varicose Veins,rno-miR-27a,1.1528406143188477
Kidney Diseases and Cystic,rno-miR-27a,1.1528397798538208
non-alcoholic fatty liver,rno-miR-27a,1.1528395414352417
Rotavirus Infections,rno-miR-27a,1.1528390645980835
Combined Saposin Deficiency,rno-miR-27a,1.152838945388794
Emphysema,rno-miR-27a,1.152838110923767
Intracranial Arteriosclerosis,rno-miR-27a,1.1528379917144775
Smooth Muscle Tumor,rno-miR-27a,1.1528377532958984
von Hippel-Lindau Disease,rno-miR-27a,1.1528377532958984
Digestive System Diseases,rno-miR-27a,1.1528377532958984
Sinus Thrombosis and Intracranial,rno-miR-27a,1.1528369188308716
Brucellosis,rno-miR-27a,1.1528364419937134
Oculocutaneous Albinism Type 3,rno-miR-27a,1.1528359651565552
Sexual Dysfunctions and Psychological,rno-miR-27a,1.1528358459472656
HTLV-II Infections,rno-miR-27a,1.1528353691101074
Hepatic Veno-Occlusive Disease,rno-miR-27a,1.1528352499008179
Migraine Disorders,rno-miR-27a,1.1528352499008179
Early-Stage Malignant Melanoma,rno-miR-27a,1.1528351306915283
Depression and Post Stroke,rno-miR-27a,1.1528351306915283
ABCD syndrome,rno-miR-27a,1.1528345346450806
Myeloproliferative Disorder and Chronic and with Eosinophilia,rno-miR-27a,1.152834415435791
Intracranial Arteriovenous Malformations,rno-miR-27a,1.152834415435791
vulva squamous cell carcinoma,rno-miR-27a,1.1528340578079224
Thrombosis,rno-miR-27a,1.1528334617614746
Histiocytic Sarcoma,rno-miR-27a,1.1528327465057373
Hyperphosphatemia,rno-miR-27a,1.1528327465057373
Tooth Diseases,rno-miR-27a,1.1528327465057373
Lipodystrophy and Partial and Acquired,rno-miR-27a,1.1528326272964478
Suppuration,rno-miR-27a,1.1528325080871582
Intestinal Atresia,rno-miR-27a,1.1528325080871582
Leukemia and Myeloid and Chronic and Atypical and BCR-ABL Negative,rno-miR-27a,1.1528319120407104
Heart Injuries,rno-miR-27a,1.1528316736221313
Acidosis and Respiratory,rno-miR-27a,1.1528313159942627
late onset Parkinson's disease,rno-miR-27a,1.1528308391571045
Calcinosis,rno-miR-27a,1.1528304815292358
Retinal Degeneration,rno-miR-27a,1.1528301239013672
Facial Nerve Diseases,rno-miR-27a,1.1528297662734985
Siderosis,rno-miR-27a,1.1528294086456299
Thymus Neoplasms,rno-miR-27a,1.1528290510177612
Encephalomyelitis and Acute Disseminated,rno-miR-27a,1.1528286933898926
Stillbirth,rno-miR-27a,1.1528286933898926
Cardiomyopathy and Hypertrophic,rno-miR-27a,1.1528280973434448
Idiopathic Condylar Resorption,rno-miR-27a,1.1528277397155762
Duodenal Ulcer,rno-miR-27a,1.1528277397155762
Atrophy,rno-miR-27a,1.1528271436691284
Brucellosis and Bovine,rno-miR-27a,1.1528270244598389
Peripartum Cardiomyopathy ,rno-miR-27a,1.1528258323669434
Neoplasms and Glandular and Epithelial,rno-miR-27a,1.1528255939483643
Multiple Trauma,rno-miR-27a,1.1528246402740479
Graves Ophthalmopathy,rno-miR-27a,1.1528244018554688
Osteoporosis-pseudoglioma syndrome,rno-miR-27a,1.1528242826461792
Carcinoma and Basal Cell and Skin,rno-miR-27a,1.1528240442276
Dermatitis and Allergic Contact,rno-miR-27a,1.1528222560882568
Focal Infection,rno-miR-27a,1.1528220176696777
Endocrine System Diseases,rno-miR-27a,1.1528220176696777
Trachoma,rno-miR-27a,1.1528220176696777
Spinal Cord Diseases,rno-miR-27a,1.1528218984603882
Scapuloperoneal Myopathy and X-Linked Dominant,rno-miR-27a,1.1528210639953613
Nervous Necrosis Virus Infectious,rno-miR-27a,1.1528210639953613
Chorioamnionitis,rno-miR-27a,1.1528205871582031
Thrombotic Stroke,rno-miR-27a,1.152820110321045
Rhegmatogenous Retinal Detachment and Autosomal Dominant,rno-miR-27a,1.1528199911117554
FG syndrome,rno-miR-27a,1.1528197526931763
Osteoporosis and Postmenopausal,rno-miR-27a,1.152819275856018
Parkinson Disease and Familial and Type 1,rno-miR-27a,1.1528189182281494
Cysts,rno-miR-27a,1.1528187990188599
Sciatica,rno-miR-27a,1.1528186798095703
Fissure in Ano,rno-miR-27a,1.1528184413909912
Pituitary Diseases,rno-miR-27a,1.1528183221817017
Malaria and Vivax,rno-miR-27a,1.1528183221817017
Osteopenic Nonfracture Syndrome,rno-miR-27a,1.1528183221817017
Stomatitis and Herpetic,rno-miR-27a,1.1528183221817017
Burns,rno-miR-27a,1.152818202972412
Ullrich congenital muscular dystrophy,rno-miR-27a,1.152818202972412
Cardiovascular Complications,rno-miR-27a,1.152817726135254
Hydatidiform Mole,rno-miR-27a,1.1528174877166748
Critical Illness,rno-miR-27a,1.1528173685073853
Premature Ejaculation,rno-miR-27a,1.1528164148330688
Glima,rno-miR-27a,1.1528162956237793
Urothelial   Carcinoma,rno-miR-27a,1.1528162956237793
Atrial Myosins,rno-miR-27a,1.1528162956237793
Bronchial Hyperreactivity,rno-miR-27a,1.152815818786621
Turcot syndrome,rno-miR-27a,1.1528156995773315
Liver Failure,rno-miR-27a,1.1528154611587524
Polyomavirus Infections,rno-miR-27a,1.1528154611587524
Acute Aortic   Dissection,rno-miR-27a,1.1528149843215942
Bacterial Infections,rno-miR-27a,1.1528148651123047
Brain Infarction,rno-miR-27a,1.1528147459030151
Bird Diseases,rno-miR-27a,1.1528147459030151
Aortic Aneurysm,rno-miR-27a,1.152814507484436
Cushing Syndrome,rno-miR-27a,1.1528140306472778
Hyperoxia-Induced Lung Injury,rno-miR-27a,1.1528139114379883
Chronic recurrent multifocal osteomyelitis,rno-miR-27a,1.1528139114379883
Alveolar Bone Loss,rno-miR-27a,1.15281343460083
Kidney Failure and Chronic,rno-miR-27a,1.1528128385543823
Yellow Nail Syndrome,rno-miR-27a,1.1528126001358032
Heart Defects and Congenital,rno-miR-27a,1.1528122425079346
Rosacea,rno-miR-27a,1.152812123298645
Allergic Inflammation,rno-miR-27a,1.1528120040893555
Hypertensive  Disorder Complicating Pregnancy,rno-miR-27a,1.1528120040893555
Polythelia and Familial,rno-miR-27a,1.152811884880066
Arthrogryposis and ectodermal dysplasia,rno-miR-27a,1.1528116464614868
Lyme Disease,rno-miR-27a,1.1528116464614868
Warburg micro syndrome 1,rno-miR-27a,1.1528114080429077
Rhinitis and Allergic,rno-miR-27a,1.1528111696243286
Lesch-Nyhan Syndrome,rno-miR-27a,1.152811050415039
Acromegaly,rno-miR-27a,1.152811050415039
Congenital central hypoventilation syndrome,rno-miR-27a,1.15281081199646
Vascular Remodeling,rno-miR-27a,1.15281081199646
invasive aspergillosis,rno-miR-27a,1.15281081199646
Infections,rno-miR-27a,1.1528105735778809
Keratitis and Herpetic,rno-miR-27a,1.1528105735778809
Infant and Newborn and Diseases,rno-miR-27a,1.1528104543685913
Salpingitis,rno-miR-27a,1.1528104543685913
Pyruvate Kinase Deficiency of Red Cells,rno-miR-27a,1.1528103351593018
Gastritis and Pediatric,rno-miR-27a,1.1528100967407227
Sick Sinus Syndrome,rno-miR-27a,1.152809977531433
Arrest of spermatogenesis,rno-miR-27a,1.1528096199035645
Bronchopulmonary Dysplasia,rno-miR-27a,1.1528096199035645
Telangiectasia and Hereditary Hemorrhagic,rno-miR-27a,1.1528093814849854
Acute Lymphoblastic Leukemia and T-Cell,rno-miR-27a,1.1528093814849854
Cyprinid Herpesvirus 3,rno-miR-27a,1.1528093814849854
Fibrosis and Skin,rno-miR-27a,1.152808666229248
skin melanoma,rno-miR-27a,1.1528085470199585
Glomerulonephritis and Membranoproliferative,rno-miR-27a,1.152808427810669
Peripheral Blood Leukocytes,rno-miR-27a,1.152808427810669
Hearing Disorders,rno-miR-27a,1.152808427810669
Neonatal hemochromatosis,rno-miR-27a,1.1528081893920898
Gastritis and Hypertrophic,rno-miR-27a,1.1528081893920898
Oral Ulcer,rno-miR-27a,1.152807593345642
Aneurysm,rno-miR-27a,1.152807593345642
Arrhythmias and Cardiac,rno-miR-27a,1.152807593345642
Peri-Implantitis,rno-miR-27a,1.152807354927063
Wasting Disease and Chronic,rno-miR-27a,1.1528071165084839
Immune-Mediated Inflammatory Diseases,rno-miR-27a,1.1528071165084839
Pain and Postoperative,rno-miR-27a,1.1528068780899048
Neuroleptic Malignant Syndrome,rno-miR-27a,1.1528067588806152
Hemangioma and Infantile,rno-miR-27a,1.1528066396713257
Tracheal Diseases,rno-miR-27a,1.1528066396713257
Hepacivirus,rno-miR-27a,1.1528065204620361
Fibroadenoma,rno-miR-27a,1.152806282043457
Chronic Gastritis,rno-miR-27a,1.1528061628341675
Airway Inflammation,rno-miR-27a,1.152806043624878
Distal myopathy and Nonaka type,rno-miR-27a,1.1528056859970093
Hemoglobinopathies,rno-miR-27a,1.1528055667877197
Inflammatory Osteolysis,rno-miR-27a,1.1528055667877197
Thalassemia,rno-miR-27a,1.1528055667877197
Halal syndrome,rno-miR-27a,1.1528054475784302
Ataxia Neuropathy Spectrum,rno-miR-27a,1.1528054475784302
Neural Tube Defects,rno-miR-27a,1.1528054475784302
Rectal Neoplasms,rno-miR-27a,1.1528053283691406
Multiple Sclerosis and Chronic Progressive,rno-miR-27a,1.1528053283691406
von Willebrand Diseases,rno-miR-27a,1.1528053283691406
Low Back Pain,rno-miR-27a,1.1528050899505615
Aortic Diseases,rno-miR-27a,1.152804970741272
Dmd-Associated Dilated Cardiomyopathy,rno-miR-27a,1.152804970741272
Finnish lethal neonatal metabolic syndrome,rno-miR-27a,1.1528047323226929
Sarcoma and Ewing,rno-miR-27a,1.1528047323226929
Pleomorphic Sarcoma and Undifferentiated,rno-miR-27a,1.1528044939041138
Hyperparathyroidism and Primary,rno-miR-27a,1.1528044939041138
brachydactyly type D,rno-miR-27a,1.1528043746948242
Thoracic Aortic   Dissection,rno-miR-27a,1.1528042554855347
Malformations of Cortical Development,rno-miR-27a,1.1528040170669556
Low Tension Glaucoma,rno-miR-27a,1.152803897857666
Asthma-Chronic Obstructive Pulmonary Disease Overlap Syndrome,rno-miR-27a,1.1528034210205078
ovary adenocarcinoma,rno-miR-27a,1.1528033018112183
Microscopic Polyangiitis,rno-miR-27a,1.1528033018112183
Brachial Plexus Injury,rno-miR-27a,1.1528031826019287
Iris Diseases,rno-miR-27a,1.1528031826019287
Endothelial Dysfunction ,rno-miR-27a,1.1528031826019287
Myeloproliferative Disorders,rno-miR-27a,1.1528030633926392
Periodontal Diseases,rno-miR-27a,1.1528029441833496
Bone Regeneration,rno-miR-27a,1.1528029441833496
Li-Fraumeni syndrome 1,rno-miR-27a,1.152802586555481
Leigh Disease,rno-miR-27a,1.1528022289276123
Bovine Virus Diarrhea-Mucosal Disease,rno-miR-27a,1.1528019905090332
Cardiomyopathy and Dilated and with Left Ventricular Noncompaction,rno-miR-27a,1.1528018712997437
Arm Lymphedema,rno-miR-27a,1.1528013944625854
Neoplasms and Multiple Primary,rno-miR-27a,1.1528013944625854
Thrombocythemia and Essential,rno-miR-27a,1.1528010368347168
Brain Neoplasms,rno-miR-27a,1.1528009176254272
Diabetic Retinopathy ,rno-miR-27a,1.1528009176254272
Hepatorenal Syndrome,rno-miR-27a,1.1528003215789795
Schistosomiasis,rno-miR-27a,1.1528000831604004
Polycythemia Vera,rno-miR-27a,1.1528000831604004
Thyroid Carcinoma and Anaplastic,rno-miR-27a,1.1527999639511108
Parkinsonian Disorders,rno-miR-27a,1.1527996063232422
Brain Ischemia and Acute,rno-miR-27a,1.1527994871139526
Adenomatous Polyposis Coli,rno-miR-27a,1.1527994871139526
Moebius syndrome 1,rno-miR-27a,1.152799367904663
Prostatitis,rno-miR-27a,1.1527990102767944
Cerebral Hemorrhage,rno-miR-27a,1.1527990102767944
Tuberous Sclerosis 1,rno-miR-27a,1.1527987718582153
End Stage Liver Disease,rno-miR-27a,1.1527982950210571
Benign Paroxysmal Positional Vertigo,rno-miR-27a,1.1527981758117676
arthrogryposis and renal dysfunction and and cholestasis 1,rno-miR-27a,1.1527979373931885
Familial primary gastric lymphoma,rno-miR-27a,1.152797818183899
recessive dystrophic epidermolysis bullosa,rno-miR-27a,1.152797818183899
Lumbar Disc   Herniation,rno-miR-27a,1.1527975797653198
Cystadenocarcinoma and Serous and Endometrial,rno-miR-27a,1.152796745300293
Hypocalciuric hypercalcemia and familial and type 1,rno-miR-27a,1.1527966260910034
Typical Teratoid Rhabdoid Tumor,rno-miR-27a,1.1527965068817139
Leukoplakia and Oral,rno-miR-27a,1.1527963876724243
Ventricular Dysfunction and Left,rno-miR-27a,1.1527962684631348
Chronic Pain,rno-miR-27a,1.1527962684631348
Lymphoma and Extranodal NK-T-Cell,rno-miR-27a,1.1527961492538452
Adrenocortical Carcinoma and Pediatric,rno-miR-27a,1.152795672416687
Obstetric Labor Complications,rno-miR-27a,1.152795672416687
acute myocardial infarction,rno-miR-27a,1.1527955532073975
Thyroid Diseases,rno-miR-27a,1.1527951955795288
Kidney Neoplasms,rno-miR-27a,1.1527940034866333
Renal Tubular Oxidative Injury,rno-miR-27a,1.152793526649475
Abnormalities and Multiple,rno-miR-27a,1.1527931690216064
Thyroiditis and Subacute,rno-miR-27a,1.1527923345565796
Sleep Initiation and Maintenance Disorders,rno-miR-27a,1.1527917385101318
Trypanosomiasis and African,hsa-miR-4444,1.1527749300003052
Iridocorneal Endothelial Syndrome,hsa-miR-155-3p,1.1526919603347778
Tuberous Sclerosis,hsa-miR-4443,1.1524237394332886
Intrahepatic Cholestasis of Pregnancy,hsa-miR-4482,1.1523653268814087
Heart Failure and Diastolic,hsa-miR-3669,1.1522713899612427
Hyperglycinemia and Nonketotic,mmu-miR-743a,1.1521693468093872
Hemophilia A,hsa-miR-4444,1.152137041091919
Brugada Syndrome,hsa-miR-3174,1.1521337032318115
Reperfusion Injury and Testicular Ischemia,hsa-miR-3174,1.1521250009536743
Myeloma Bone Disease,hsa-miR-3174,1.1521189212799072
Equine Infectious Anemia,hsa-miR-3174,1.1521183252334595
Transfusion Reaction,hsa-miR-4482,1.1520167589187622
Periprosthetic Fractures,hsa-mir-873,1.1519653797149658
thyroid gland Hurthle cell carcinoma,hsa-miR-216,1.1519412994384766
Diminished  Ovarian Reserve,hsa-miR-216,1.1519246101379395
Reperfusion Injury and Testicular Ischemia,hsa-miR-216,1.1519191265106201
Urinary Calculi,hsa-miR-1295a,1.151917815208435
Corneal Ulcer,hsa-miR-216,1.1519107818603516
Pasteurella Multocida Infections,hsa-miR-216,1.1519073247909546
Encephalitis and Tick-Borne,hsa-let-7f-1-3p,1.1518205404281616
Hyperoxia,hsa-miR-4443,1.151689052581787
Swine Diseases,hcmv-miR-UL22a,1.1515613794326782
Neonatal Sepsis,mmu-miR-700-5p,1.1515307426452637
Diabetic  Retinopathy,hsa-miR-145-3p,1.1513965129852295
nephrotic syndrome type 2,hsa-miR-145-3p,1.151393175125122
Costello Syndrome,hsa-miR-4494,1.1513534784317017
Spinal Dysraphism,hsa-miR-3649,1.1511951684951782
Hemophilia A,hsa-miR-4443,1.1510611772537231
Maxillary Fractures,hsa-miR-3136-5p,1.1510565280914307
Reperfusion Injury and Testicular Ischemia,hsa-miR-302c*,1.150984525680542
Severe Fever with Thrombocytopenia Syndrome,hsa-mir-8080,1.1509727239608765
Optic atrophy 1 and deafness,hsa-miR-30a,1.1509109735488892
Testicular Neoplasms,hsa-miR-30a,1.150908350944519
Adrenocortical Adenoma,hsa-miR-30a,1.1509038209915161
Skeletal Muscle Dysplasia,hsa-miR-30a,1.1509028673171997
Polyposis Syndrome and Hereditary Mixed and 1,hsa-miR-30a,1.150901436805725
Adenocarcinoma Of Esophagus,hsa-miR-30a,1.1509013175964355
Dysentery and Bacillary,hsa-miR-30a,1.1508992910385132
Gliosis,hsa-miR-30a,1.1508851051330566
Pancreatitis and Acute Hemorrhagic,hsa-miR-30a,1.1508808135986328
Mouth Diseases,hsa-miR-30a,1.1508784294128418
Inflammation and Chronic,hsa-miR-30a,1.1508771181106567
Classical Swine Fever,hsa-miR-30a,1.1508738994598389
Nevi and Melanomas,hsa-miR-30a,1.1508736610412598
Renal Artery Obstruction,hsa-miR-30a,1.1508705615997314
Vitelliform Macular Dystrophy,hsa-miR-30a,1.1508694887161255
Autoimmune Diseases of the Nervous System,hsa-miR-30a,1.1508692502975464
aortic atherosclerosis,hsa-miR-4492,1.150863766670227
Carcinoma and Brown-Pearce,hsa-miR-30a,1.1508620977401733
Chediak-Higashi Syndrome,hsa-miR-135-2,1.150847315788269
Diminished  Ovarian Reserve,hsa-miR-3922-5p,1.150847315788269
Opium Dependence,hsa-mir-8080,1.150805115699768
Opium Dependence,hsa-miR-4444,1.1507006883621216
Testicular Neoplasms,hsa-miR-1975,1.1506651639938354
Carcinoma and Adenoid Cystic and Lacrimal Gland,hsa-miR-3649,1.1506648063659668
Scleral Diseases,hsa-miR-1975,1.150663137435913
Chediak-Higashi Syndrome,hsa-miR-1975,1.1506606340408325
Adenocarcinoma Of Esophagus,hsa-miR-1975,1.1506580114364624
Optic atrophy 1 and deafness,hsa-miR-2392,1.1506550312042236
Testicular Neoplasms,hsa-miR-2392,1.1506524085998535
Reproductive Tract Infections,hsa-miR-2392,1.1506519317626953
Adrenocortical Adenoma,hsa-miR-2392,1.1506478786468506
Diminished  Ovarian Reserve,hsa-miR-1975,1.1506447792053223
Neoplasms and Hormone-Dependent,hsa-miR-1975,1.1506439447402954
Retinitis Pigmentosa,hsa-miR-1975,1.1506389379501343
Dementia and Vascular,hsa-miR-4459,1.1506340503692627
Inflammation and Chronic,hsa-miR-1975,1.1506339311599731
follicular lymphoma (FL),hsa-miR-2392,1.1506338119506836
Diminished  Ovarian Reserve,hsa-miR-2392,1.1506319046020508
Classical Swine Fever,hsa-miR-1975,1.1506307125091553
Blood Coagulation Disorders and Traumatic and Acute,hsa-miR-1975,1.1506298780441284
Pancreatitis and Acute Hemorrhagic,hsa-miR-2392,1.1506248712539673
Brain Edema,hsa-miR-2392,1.1506247520446777
Skeletal Muscle Injury,hsa-miR-1975,1.150624394416809
Phyllodes Tumor and Breast,hsa-miR-2392,1.1506236791610718
Urinary Calculi,hsa-miR-1975,1.1506234407424927
Equine Infectious Anemia,hsa-miR-2392,1.150619626045227
Renal Artery Obstruction,hsa-miR-2392,1.1506147384643555
UV-Sensitive Syndrome,hsa-miR-2392,1.15061354637146
American Tegumentary Leishmaniasis,hsa-miR-2392,1.1506098508834839
Neoplasms and Mesothelial,hsa-miR-2392,1.1506086587905884
Juvenile gout,hsa-let-7g,1.1505473852157593
Postoperative Cognitive Complications,hsa-mir-8080,1.1504260301589966
Heart Failure and Acute,mmu-miR-700-5p,1.150376319885254
AIDS-Related Complex,hsa-miR-4492,1.1503466367721558
Postoperative Cognitive Complications,hsa-miR-4444,1.1503217220306396
Spinal Injuries,hsa-miR-4511,1.1502318382263184
Meniscus Degeneration,hsa-miR-3663-3p,1.1501561403274536
Polyposis Syndrome and Hereditary Mixed and 1,hsa-miR-3663-3p,1.1501542329788208
Adenocarcinoma Of Esophagus,hsa-miR-3663-3p,1.1501539945602417
Splenic Neoplasms,hsa-miR-3663-3p,1.1501457691192627
thyroid gland Hurthle cell carcinoma,hsa-miR-181d-5p,1.1500928401947021
Adenocarcinoma Of Esophagus,hsa-miR-181d-5p,1.1500895023345947
Splenic Neoplasms,hsa-miR-181d-5p,1.1500813961029053
Tricuspid Valve Insufficiency,hsa-miR-181d-5p,1.1500669717788696
Equine Infectious Anemia,hsa-miR-181d-5p,1.1500638723373413
Nevi and Melanomas,hsa-miR-181d-5p,1.150061845779419
Periodontitis and Diabetic,hsa-miR-181d-5p,1.1500595808029175
Testicular Neoplasms,hsa-miR-4267,1.1500552892684937
Urinary Calculi,hsa-miR-181d-5p,1.150054931640625
Cestode Infections,hsa-miR-4267,1.1500542163848877
Scleral Diseases,hsa-miR-4267,1.1500533819198608
Birth Weight,hsa-miR-4267,1.1500531435012817
Mastitis and Bovine,hsa-mir-873,1.1500517129898071
thyroid gland Hurthle cell carcinoma,hsa-miR-4267,1.150051474571228
Adrenocortical Adenoma,hsa-miR-4267,1.1500507593154907
Meniscus Degeneration,hsa-miR-4267,1.150050163269043
Polymyalgia Rheumatica,hsa-miR-4267,1.1500493288040161
Polyposis Syndrome and Hereditary Mixed and 1,hsa-miR-4267,1.1500483751296997
Juvenile gout,hsa-miR-4267,1.1500442028045654
Ischemic Stroke and Cerebral,hsa-miR-4267,1.1500375270843506
Angioedemas and Hereditary,hsa-miR-4267,1.15003502368927
Posterior Segment Ocular Diseases,hsa-miR-4267,1.1500329971313477
Neutropenia,hsa-miR-4267,1.1500306129455566
Vaginosis and Bacterial,hsa-miR-4267,1.1500279903411865
Diabetic  Retinopathy,hsa-miR-4267,1.1500266790390015
Venous Neointimal Hyperplasia,hsa-miR-4267,1.1500259637832642
Crisponi syndrome,hsa-miR-4267,1.1500242948532104
Hereditary Autoinflammatory Diseases,hsa-miR-4267,1.1500235795974731
Myeloma Bone Disease,hsa-miR-4267,1.150023102760315
Chronic  Rhinosinusitis With Nasal Polyps,hsa-miR-4267,1.1500219106674194
Relative Energy Deficiency in Sport,hsa-miR-4267,1.1500211954116821
Nevi and Melanomas,hsa-miR-4267,1.1500205993652344
Blood Coagulation Disorders and Traumatic and Acute,hsa-miR-4267,1.1500201225280762
Autoimmune Diseases of the Nervous System,hsa-miR-4267,1.150016188621521
Urinary Calculi,hsa-miR-4267,1.15001380443573
Multiple Mitochondrial Dysfunctions Syndrome,hsa-miR-4267,1.150012493133545
Tuberous Sclerosis,hsa-miR-4437,1.1499851942062378
Marek Disease,hsa-miR-4444,1.149640440940857
Opium Dependence,hsa-miR-4443,1.1496247053146362
Proteinuria,hsa-mir-8080,1.1495999097824097
Severe Fever with Thrombocytopenia Syndrome,hsa-miR-4459,1.1495985984802246
Intra-Articular Fractures,hsa-miR-30d-3p,1.1495544910430908
Aniridia,hsa-miR-3117-3p,1.1494951248168945
Testicular Neoplasms,hsa-miR-3117-3p,1.149491548538208
Mycoplasma pneumoniae pneumonia,hsa-miR-3117-3p,1.1494907140731812
Amebiasis,hsa-miR-3117-3p,1.1494898796081543
Lysosomal Storage Diseases,hsa-miR-3117-3p,1.1494849920272827
Juvenile gout,hsa-miR-3117-3p,1.1494804620742798
Spinal Cord Compression,hsa-miR-3117-3p,1.1494784355163574
Splenic Neoplasms,hsa-miR-3117-3p,1.149476170539856
Angioedemas and Hereditary,hsa-miR-3117-3p,1.1494712829589844
Diminished  Ovarian Reserve,hsa-miR-3117-3p,1.1494712829589844
Uveomeningoencephalitic Syndrome,hsa-miR-3117-3p,1.1494709253311157
Posterior Segment Ocular Diseases,hsa-miR-3117-3p,1.1494691371917725
Clear-cell metastatic renal cell carcinoma,hsa-miR-3117-3p,1.149469017982483
Gliosis,hsa-miR-3117-3p,1.1494683027267456
Retinitis Pigmentosa,hsa-miR-3117-3p,1.149465560913086
Vaginosis and Bacterial,hsa-miR-3117-3p,1.1494642496109009
Venous Neointimal Hyperplasia,hsa-miR-3117-3p,1.149462103843689
Wound Infection,hsa-miR-3117-3p,1.1494615077972412
Hereditary Autoinflammatory Diseases,hsa-miR-3117-3p,1.1494600772857666
Visceral Pain,hsa-miR-3117-3p,1.1494592428207397
Lupus Vasculitis and Central Nervous System,hsa-miR-3117-3p,1.149458646774292
Pfeiffer type acrocephalosyndactyly,hsa-miR-3117-3p,1.149457335472107
Corneal Ulcer,hsa-miR-3117-3p,1.1494570970535278
Skeletal Muscle Injury,hsa-miR-3117-3p,1.1494508981704712
Granulomatous Disease and Chronic,hsa-miR-3117-3p,1.1494503021240234
Encephalitis and Tick-Borne,hsa-miR-3117-3p,1.1494449377059937
Cranial Nerve Injuries,hsa-miR-3117-3p,1.1494433879852295
Optic Neuritis,mmu-miR-701,1.1493481397628784
cough variant asthma,hsa-mir-873,1.1493011713027954
Postoperative Cognitive Complications,hsa-miR-4443,1.1492459774017334
Amebiasis,hsa-let-7a-1,1.1491199731826782
ovarian clear cell carcinoma,hsa-miR-3117-5p,1.149119257926941
Polyposis Syndrome and Hereditary Mixed and 1,hsa-let-7a-1,1.149114727973938
Juvenile gout,hsa-let-7a-1,1.1491105556488037
Splenic Neoplasms,hsa-let-7a-1,1.1491062641143799
Brugada Syndrome,hsa-let-7a-1,1.149104356765747
Neutropenia,hsa-let-7a-1,1.1490968465805054
Pancreatitis and Acute Hemorrhagic,hsa-let-7a-1,1.1490941047668457
Esophageal Atresia,hsa-let-7a-1,1.149093508720398
Lattice corneal dystrophy type 1,hsa-let-7a-1,1.1490930318832397
Rhabdoid Tumor and Kidney,hsa-let-7a-1,1.1490901708602905
Myeloma Bone Disease,hsa-let-7a-1,1.1490894556045532
Peripheral Vascular Diseases,hsa-let-7a-1,1.1490893363952637
succinic semialdehyde dehydrogenase deficiency,hsa-let-7a-1,1.1490877866744995
Fetal Hypoxia,hsa-let-7a-1,1.149085521697998
Periodontitis and Diabetic,hsa-let-7a-1,1.149084448814392
Vitelliform Macular Dystrophy,hsa-let-7a-1,1.149082899093628
Multiple Mitochondrial Dysfunctions Syndrome,hsa-let-7a-1,1.1490788459777832
Hyperleptinemia,hsa-let-7a-1,1.1490778923034668
Neonatal Sepsis,hsa-miR-4482,1.1490644216537476
Genetic Diseases and Inborn,mmu-miR-697,1.148999571800232
Hypoglycemia,hsa-miR-3928-3p,1.1489733457565308
Nevi and Melanomas,hsa-miR-181c,1.148838996887207
Hyperoxia,hsa-miR-4439,1.1488046646118164
cough variant asthma,hsa-miR-450a-5p,1.1487915515899658
Inflammation and Chronic,hsa-miR-1251-5p,1.148784875869751
Myotonic Dystrophy,hsa-miR-1251-5p,1.1487784385681152
Gastric Antral Vascular Ectasia,hsa-miR-125b-2,1.1487139463424683
Testicular Neoplasms,hsa-miR-374a-3p,1.1486254930496216
Mycoplasma pneumoniae pneumonia,hsa-miR-374a-3p,1.1486245393753052
thyroid gland Hurthle cell carcinoma,hsa-miR-374a-3p,1.1486217975616455
Maternal   Cholestasis,hsa-miR-374a-3p,1.148619294166565
Tenon Fibroblasts,hsa-miR-374a-3p,1.1486188173294067
Diminished  Ovarian Reserve,hsa-miR-020,1.148616075515747
Posterior Segment Ocular Diseases,hsa-miR-020,1.1486140489578247
facioscapulohumeral muscular dystrophy 1,hsa-miR-374a-3p,1.1486077308654785
Tibial Neuropathy,hsa-miR-020,1.1486023664474487
Neutropenia,hsa-miR-374a-3p,1.148600697517395
Primary Gastrointestinal Diffuse Large B-Cell Lymphoma ,hsa-miR-374a-3p,1.148599624633789
Vaginosis and Bacterial,hsa-miR-374a-3p,1.1485981941223145
Venous Neointimal Hyperplasia,hsa-miR-374a-3p,1.148595929145813
Hemangiosarcoma,hsa-miR-374a-3p,1.1485953330993652
Arene Oxide Detoxification Defect,hsa-miR-374a-3p,1.1485950946807861
Rhabdoid Tumor and Kidney,hsa-miR-374a-3p,1.1485941410064697
Cardiomyopathy and Hypertrophic and Familial,hsa-miR-374a-3p,1.148592233657837
Lymphohistiocytosis and Hemophagocytic,hsa-miR-374a-3p,1.1485919952392578
Visceral Hypersensitivity,hsa-miR-374a-3p,1.1485915184020996
Classical Swine Fever,hsa-miR-374a-3p,1.1485910415649414
Nevi and Melanomas,hsa-miR-374a-3p,1.1485906839370728
Myotonic Dystrophy,hsa-miR-374a-3p,1.148587942123413
Renal Artery Obstruction,hsa-miR-374a-3p,1.148587703704834
Skeletal Muscle Injury,hsa-miR-374a-3p,1.1485847234725952
Cranial Nerve Injuries,hsa-miR-374a-3p,1.148577332496643
Meniscus Degeneration,hsa-miR-34b-5p,1.1485711336135864
Skeletal Muscle Dysplasia,hsa-miR-34b-5p,1.1485706567764282
Ossification and Heterotopic,hsa-mir-873,1.148567795753479
Splenic Neoplasms,hsa-miR-34b-5p,1.1485611200332642
Diminished  Ovarian Reserve,hsa-miR-34b-5p,1.1485559940338135
Vaginosis and Bacterial,hsa-miR-34b-5p,1.14854896068573
Tricuspid Valve Insufficiency,hsa-miR-34b-5p,1.148546576499939
Neoplasms and Mesothelial,hsa-miR-34b-5p,1.1485326290130615
Gastric Antral Vascular Ectasia,hsa-miR-1245a,1.148435115814209
Trypanosomiasis and African,mmu-miR-708,1.1484344005584717
Vision and Low,hsa-mir-7844,1.1484253406524658
Equine Infectious Anemia,hsa-miR-3617,1.1483691930770874
Hyperoxia,hsa-miR-4494,1.148205280303955
Neurobehavioral Manifestations,mmu-miR-743a,1.1481926441192627
Hemophilia A,hsa-miR-4439,1.148176908493042
Reperfusion Injury and Testicular Ischemia,mmu-miR-762,1.148153305053711
Newcastle Disease,rno-miR-27a,1.1480385065078735
Obstructive   Kidney Disease,hsa-miR-3124,1.1478978395462036
Spinal Diseases,hsa-miR-3124,1.1478959321975708
Amebiasis,hsa-miR-3124,1.1478955745697021
thyroid gland Hurthle cell carcinoma,hsa-miR-3124,1.1478936672210693
Granuloma,hsa-miR-3124,1.1478875875473022
Spinal Cord Compression,hsa-miR-3124,1.1478841304779053
Angioedemas and Hereditary,hsa-miR-3124,1.1478772163391113
Testicular Neoplasms,hsa-miR-151-3p,1.1478761434555054
Scleral Diseases,hsa-miR-151-3p,1.147874116897583
Brachial Plexus Avulsion ,hsa-miR-3124,1.1478732824325562
Neutropenia,hsa-miR-3124,1.1478726863861084
Meniscus Degeneration,hsa-miR-151-3p,1.1478708982467651
Skeletal Muscle Dysplasia,hsa-miR-151-3p,1.147870659828186
Chronic Rhinosinusitis With Nasal  Polyps,hsa-miR-3124,1.1478701829910278
Wound Infection,hsa-miR-3124,1.1478673219680786
Asthma and Chronic,hsa-miR-3124,1.1478662490844727
Rhabdoid Tumor and Kidney,hsa-miR-3124,1.1478660106658936
Myeloma Bone Disease,hsa-miR-3124,1.1478652954101562
Dermatitis and Atopic and 1,hsa-miR-3124,1.1478639841079712
succinic semialdehyde dehydrogenase deficiency,hsa-miR-3124,1.147863745689392
Visceral Hypersensitivity,hsa-miR-3124,1.1478633880615234
Pfeiffer type acrocephalosyndactyly,hsa-miR-3124,1.1478632688522339
Skeletal Muscle Injury,hsa-miR-3124,1.147856593132019
Rhabdomyosarcoma and Alveolar,hsa-miR-3124,1.147856593132019
Granulomatous Disease and Chronic,hsa-miR-3124,1.1478559970855713
Diminished  Ovarian Reserve,hsa-miR-151-3p,1.1478558778762817
American Tegumentary Leishmaniasis,hsa-miR-3124,1.1478548049926758
Neoplasms and Mesothelial,hsa-miR-3124,1.1478536128997803
Neutropenia,hsa-miR-151-3p,1.1478514671325684
Chronic Kidney   Disease,hsa-miR-151-3p,1.1478493213653564
Rhabdoid Tumor and Kidney,hsa-miR-151-3p,1.1478447914123535
Myeloma Bone Disease,hsa-miR-151-3p,1.1478440761566162
Plaque and Amyloid,hsa-miR-151-3p,1.1478440761566162
Reperfusion Injury and Testicular Ischemia,hsa-miR-3648,1.1478415727615356
Hemophilia A,mmu-miR-708,1.147796392440796
Amebiasis,hsa-miR-15a-5p,1.1477792263031006
Diminished  Ovarian Reserve,hsa-miR-15a-5p,1.1477603912353516
Plaque and Amyloid,hsa-miR-15a-5p,1.1477488279342651
Testicular Neoplasms,hsa-miR-1282,1.1477134227752686
Neutropenia,hsa-miR-1282,1.1476885080337524
Tricuspid Valve Insufficiency,hsa-miR-1282,1.14768385887146
Nevi and Melanomas,hsa-miR-1282,1.1476786136627197
Arteritis,hsa-mir-8061,1.147541880607605
Optic atrophy 1 and deafness,EBV-mir-BART8,1.1475238800048828
Amebiasis,EBV-mir-BART8,1.147519588470459
Deglutition Disorders,EBV-mir-BART8,1.1475129127502441
Human T-Cell Leukemia Virus Type 1 Infections,EBV-mir-BART8,1.1475098133087158
Spinal Cord Compression,EBV-mir-BART8,1.147508144378662
Splenic Neoplasms,EBV-mir-BART8,1.1475059986114502
Aristolochic Acid Induced Nephropathy,EBV-mir-BART8,1.1475059986114502
Brugada Syndrome,EBV-mir-BART8,1.1475039720535278
Ischemic Stroke and Cerebral,EBV-mir-BART8,1.1475034952163696
Neutropenia,EBV-mir-BART8,1.1474964618682861
Chronic Rhinosinusitis With Nasal  Polyps,EBV-mir-BART8,1.1474939584732056
Vaginosis and Bacterial,EBV-mir-BART8,1.1474939584732056
Lattice corneal dystrophy type 1,EBV-mir-BART8,1.1474926471710205
Esophageal Diseases,EBV-mir-BART8,1.147491693496704
Tricuspid Valve Insufficiency,EBV-mir-BART8,1.1474915742874146
Inflammation and Chronic,EBV-mir-BART8,1.14749014377594
Asthma and Chronic,EBV-mir-BART8,1.14749014377594
Chronic  Rhinosinusitis With Nasal Polyps,EBV-mir-BART8,1.1474878787994385
Absent corpus callosum cataract immunodeficiency,EBV-mir-BART8,1.1474868059158325
Nevi and Melanomas,EBV-mir-BART8,1.1474864482879639
Sepsis and Intensive Care Unit-Acquired,EBV-mir-BART8,1.1474860906600952
Periodontitis and Diabetic,EBV-mir-BART8,1.1474840641021729
Renal Artery Obstruction,EBV-mir-BART8,1.147483468055725
Temporomandibular Joint Dysfunction Syndrome,EBV-mir-BART8,1.1474823951721191
Vitelliform Macular Dystrophy,EBV-mir-BART8,1.1474823951721191
Rhabdomyosarcoma and Alveolar,EBV-mir-BART8,1.1474804878234863
Granulomatous Disease and Chronic,EBV-mir-BART8,1.1474800109863281
American Tegumentary Leishmaniasis,EBV-mir-BART8,1.1474788188934326
Liposarcoma and Myxoid,EBV-mir-BART8,1.147478461265564
Hyperleptinemia,EBV-mir-BART8,1.1474775075912476
Lattice corneal dystrophy type 1,hsa-miR-218-2-3p,1.147477388381958
Phyllodes Tumor and Breast,hsa-miR-218-2-3p,1.1474772691726685
Lymphoma and Follicular,hsa-miR-4456,1.147477149963379
Arsenic Poisoning,hsa-miR-4511,1.1473314762115479
Deficiency Diseases,mmu-miR-676-3p,1.1472866535186768
Tuberous Sclerosis,hsa-miR-4482,1.1472691297531128
Opium Dependence,hsa-miR-4437,1.147186279296875
Reperfusion Injury and Testicular Ischemia,hsa-miR-324-3p,1.1471823453903198
Genetic Diseases and Inborn,hsa-miR-4511,1.1471790075302124
ACTH-Secreting Pituitary Adenoma,hsa-miR-4456,1.1471422910690308
Hyperglycinemia and Nonketotic,hsa-miR-4437,1.1471295356750488
Human T-Cell Leukemia Virus Type 1 Infections,EBV-miR-BART7,1.1469193696975708
Spinal Cord Compression,EBV-miR-BART7,1.1469175815582275
Splenic Neoplasms,EBV-miR-BART7,1.1469155550003052
Angioedemas and Hereditary,EBV-miR-BART7,1.146910548210144
Encephalitis Virus and Japanese,EBV-miR-BART7,1.1469091176986694
Asthma and Chronic,EBV-miR-BART7,1.146899700164795
Myeloma Bone Disease,EBV-miR-BART7,1.146898627281189
Sepsis and Intensive Care Unit-Acquired,EBV-miR-BART7,1.1468957662582397
Myotonic Dystrophy,EBV-miR-BART7,1.1468932628631592
Urinary Calculi,EBV-miR-BART7,1.146889328956604
Blind Loop Syndrome,hsa-miR-3653-3p,1.1468433141708374
Aspermia,hsa-miR-4492,1.1468110084533691
Obstructive   Kidney Disease,hsa-miR-338-5p,1.1467928886413574
Li-Fraumeni Syndrome,hsa-mir-873,1.1467913389205933
Osteoarthritis ,hsa-miR-338-5p,1.1467859745025635
Spinal Cord Compression,hsa-miR-338-5p,1.1467794179916382
Neurobehavioral Manifestations,hsa-mir-8080,1.1467719078063965
Posterior Segment Ocular Diseases,hsa-miR-338-5p,1.1467701196670532
Reperfusion Injury and Testicular Ischemia,hsa-miR-338-5p,1.1467665433883667
Tricuspid Valve Insufficiency,hsa-miR-338-5p,1.1467629671096802
Skeletal Muscle Injury,hsa-miR-338-5p,1.1467517614364624
Lipoma,hsa-miR-4492,1.146712064743042
Epilepsy and Generalized,hsa-miR-4492,1.1467031240463257
Rhabdomyosarcoma,hsa-miR-4492,1.1466703414916992
Maxillofacial Abnormalities,hsa-miR-4444,1.146658182144165
Hyalinosis and Systemic,hsa-mir-8080,1.1466517448425293
thyroid gland Hurthle cell carcinoma,hsa-miR-3934,1.1466275453567505
Sneddon Syndrome,hsa-miR-3934,1.1466267108917236
Skeletal Muscle Dysplasia,hsa-miR-3934,1.1466256380081177
Spinal Cord Ischemia,hsa-miR-4492,1.1466246843338013
Ovarian Cysts,hsa-miR-3934,1.1466246843338013
Juvenile gout,hsa-miR-3934,1.1466201543807983
Brugada Syndrome,hsa-miR-3934,1.1466140747070312
Primary Gastrointestinal Diffuse Large B-Cell Lymphoma ,hsa-miR-3934,1.1466057300567627
Reperfusion Injury and Testicular Ischemia,hsa-miR-3934,1.1466054916381836
Retinitis Pigmentosa,hsa-miR-3934,1.146605134010315
Venous Neointimal Hyperplasia,hsa-miR-3934,1.1466017961502075
Visceral Hypersensitivity,hsa-miR-3934,1.1465975046157837
Gastroparesis and Diabetic,hsa-miR-3934,1.146592378616333
Granulomatous Disease and Chronic,hsa-miR-3934,1.1465901136398315
Hemangioma and Cavernous and Central Nervous System,hsa-miR-3934,1.1465849876403809
Obstructive   Kidney Disease,hsa-miR-376b-3p,1.1465755701065063
Amebiasis,hsa-miR-376b-3p,1.1465734243392944
Birth Weight,hsa-miR-376b-3p,1.1465730667114258
Sneddon Syndrome,hsa-miR-376b-3p,1.1465705633163452
Meniscus Degeneration,hsa-miR-376b-3p,1.1465699672698975
Skeletal Muscle Dysplasia,hsa-miR-376b-3p,1.1465696096420288
Lysosomal Storage Diseases,hsa-miR-376b-3p,1.1465684175491333
Adenocarcinoma Of Esophagus,hsa-miR-376b-3p,1.146567940711975
ureteropelvic junction obstruction,hsa-miR-376b-3p,1.146566390991211
Granuloma,hsa-miR-376b-3p,1.146565318107605
Spinal Cord Compression,hsa-miR-376b-3p,1.1465619802474976
Drug Resistant Epilepsy,hsa-miR-4511,1.1465556621551514
Diminished  Ovarian Reserve,hsa-miR-376b-3p,1.1465548276901245
Posterior Segment Ocular Diseases,hsa-miR-376b-3p,1.1465528011322021
Neuropathic Allodynia,hsa-miR-376b-3p,1.1465522050857544
Chronic Kidney   Disease,hsa-miR-376b-3p,1.1465483903884888
Dyspepsia,hsa-miR-376b-3p,1.1465446949005127
Elephantiasis,hsa-mir-873,1.1465445756912231
Inflammation and Chronic,hsa-miR-376b-3p,1.1465439796447754
Asthma and Chronic,hsa-miR-376b-3p,1.1465438604354858
fragile X-associated tremor/ataxia syndrome,hsa-miR-376b-3p,1.146543264389038
Visceral Pain,hsa-miR-376b-3p,1.1465427875518799
Lymphohistiocytosis and Hemophagocytic,hsa-miR-376b-3p,1.1465415954589844
Chronic Inflammation,hsa-miR-376b-3p,1.1465404033660889
Immunologic Deficiency Syndromes,hsa-miR-376b-3p,1.1465392112731934
Tuberculosis and Gastrointestinal,hsa-miR-376b-3p,1.1465377807617188
Vitelliform Macular Dystrophy,hsa-miR-376b-3p,1.1465364694595337
Autoimmune Diseases of the Nervous System,hsa-miR-376b-3p,1.146535873413086
Lentivirus Infections,hsa-miR-376b-3p,1.146535038948059
Body Weight,hsa-miR-376b-3p,1.1465340852737427
Multiple Mitochondrial Dysfunctions Syndrome,hsa-miR-376b-3p,1.1465321779251099
Chronic   Pelvic Pain Syndrome,hsa-miR-376b-3p,1.146531581878662
Canavan Disease,hsa-miR-376b-3p,1.1465286016464233
Severe Fever with Thrombocytopenia Syndrome,mmu-miR-708,1.1465277671813965
Stomatitis and Aphthous,hsa-miR-193b-5p,1.146524429321289
Spinal Injuries,rno-miR-27a,1.1464821100234985
Iridocorneal Endothelial Syndrome,hsa-miR-20a*,1.1464200019836426
Angina Pectoris and Variant,hsa-miR-4443,1.1464155912399292
Amebiasis,hsa-miR-146b-5p,1.1463435888290405
Myeloma Bone Disease,hsa-miR-146b-5p,1.146312952041626
Angioedemas and Hereditary,hsa-miR-3065-3p,1.1463085412979126
Periodontitis and Diabetic,hsa-miR-146b-5p,1.1463079452514648
Urinary Calculi,hsa-miR-146b-5p,1.1463035345077515
Hyperglycinemia and Nonketotic,mmu-miR-708,1.146303415298462
Myotonic Dystrophy,hsa-miR-3065-3p,1.1462911367416382
Carcinoma and Mucoepidermoid,hsa-miR-200a-3p,1.1462528705596924
Ossification and Heterotopic,hsa-miR-4456,1.14622163772583
Respiratory Sounds,hsa-miR-021,1.1462209224700928
Friedreich Ataxia,hsa-miR-450a-5p,1.146182894706726
Opium Dependence,hsa-miR-4494,1.1461409330368042
Nephritis and Interstitial,hsa-miR-4444,1.1461386680603027
Marek Disease,hsa-miR-4437,1.1461259126663208
Fatty Liver and Alcoholic,mmu-miR-676-3p,1.1459940671920776
Blind Loop Syndrome,hsa-miR-19a-5p,1.1459912061691284
Shock and Cardiogenic,mmu-miR-676-3p,1.1459327936172485
Hemophilia A,hsa-miR-4482,1.1459064483642578
Reperfusion Injury and Testicular Ischemia,hsa-miR-4270,1.145870566368103
Genetic Diseases and Inborn,hsa-mir-8074,1.1458638906478882
Postoperative Cognitive Complications,hsa-miR-4494,1.1457620859146118
Polyposis Syndrome and Hereditary Mixed and 1,hsa-miR-19a-3p,1.145754098892212
Encephalitis Virus and Japanese,hsa-miR-19a-3p,1.1457394361495972
Lattice corneal dystrophy type 1,hsa-miR-19a-3p,1.1457325220108032
Wound Infection,hsa-miR-19a-3p,1.1457308530807495
Ovarian Neoplasms and Serous,hsa-miR-19a-3p,1.1457215547561646
Chronic   Pelvic Pain Syndrome,hsa-miR-19a-3p,1.1457175016403198
Marek Disease,hsa-miR-4439,1.1456801891326904
Bursitis,hsa-mir-873,1.1456794738769531
Reperfusion Injury and Testicular Ischemia,hsa-miR-1229,1.1455961465835571
Lipid Metabolism Disorders,mmu-miR-700-5p,1.145491361618042
Optic atrophy 1 and deafness,hsa-miR-411,1.1453882455825806
Amebiasis,hsa-miR-411,1.1453839540481567
Scleral Diseases,hsa-miR-411,1.1453837156295776
Meniscus Degeneration,hsa-miR-411,1.1453803777694702
Lysosomal Storage Diseases,hsa-miR-411,1.1453790664672852
Tenon Fibroblasts,hsa-miR-411,1.145378828048706
Her2-Positive Breast Cancer,hsa-miR-411,1.1453777551651
Human T-Cell Leukemia Virus Type 1 Infections,hsa-miR-411,1.145374059677124
Reperfusion Injury and Testicular Ischemia,hsa-miR-411,1.1453596353530884
Reperfusion Injury and Ischemia,hsa-miR-1245b-3p,1.1453588008880615
ovarian clear cell carcinoma,hsa-miR-411,1.1453564167022705
Wound Infection,hsa-miR-411,1.1453555822372437
Crisponi syndrome,hsa-miR-411,1.1453547477722168
Inflammation and Chronic,hsa-miR-411,1.1453546285629272
Rhabdoid Tumor and Kidney,hsa-miR-411,1.1453542709350586
Peripheral Vascular Diseases,hsa-miR-411,1.1453534364700317
Equine Infectious Anemia,hsa-miR-411,1.1453529596328735
Chronic  Rhinosinusitis With Nasal Polyps,hsa-miR-411,1.1453523635864258
Chronic Inflammation,hsa-miR-411,1.1453510522842407
Immunologic Deficiency Syndromes,hsa-miR-411,1.1453498601913452
Asthma ,hsa-mir-8080,1.1453497409820557
Multiple Mitochondrial Dysfunctions Syndrome,hsa-miR-411,1.1453427076339722
Ciliary Motility Disorders,hsa-miR-4444,1.1453020572662354
Periprosthetic Fractures,hsa-miR-4459,1.145277738571167
Amebiasis,hsa-miR-218-2,1.1452364921569824
Adrenocortical Adenoma,hsa-miR-218-2,1.1452336311340332
Meniscus Degeneration,hsa-miR-218-2,1.145233154296875
Skeletal Muscle Dysplasia,hsa-miR-218-2,1.1452326774597168
Substance Withdrawal Syndrome,hsa-miR-450a-5p,1.1452322006225586
Primary Gastrointestinal Diffuse Large B-Cell Lymphoma ,hsa-miR-218-2,1.1452125310897827
Reperfusion Injury and Testicular Ischemia,hsa-miR-218-2,1.145212173461914
Rhabdoid Tumor and Kidney,hsa-miR-218-2,1.1452068090438843
Prekallikrein Deficiency,hsa-miR-218-2,1.1452033519744873
Eye Infections and Fungal,hsa-miR-218-2,1.1451983451843262
Granulomatous Disease and Chronic,hsa-miR-218-2,1.1451969146728516
Proteinuria,mmu-miR-708,1.1451548337936401
Skin Ulcer,hsa-miR-335-3p,1.145113229751587
Testicular Neoplasms,hsa-let-7a-3p,1.1450834274291992
Scleral Diseases,hsa-let-7a-3p,1.1450815200805664
Marek Disease,hsa-miR-4494,1.1450809240341187
Muscular Disorders and Atrophic,hsa-let-7a-3p,1.145078182220459
Neutropenia,hsa-let-7a-3p,1.1450586318969727
Venous Neointimal Hyperplasia,hsa-let-7a-3p,1.1450541019439697
Hereditary Autoinflammatory Diseases,hsa-let-7a-3p,1.1450518369674683
Lupus Vasculitis and Central Nervous System,hsa-let-7a-3p,1.1450506448745728
Cardiomyopathy and Hypertrophic and Familial,hsa-let-7a-3p,1.145050287246704
Tibial Neuropathy,hsa-let-7a-3p,1.1450493335723877
Nevi and Melanomas,hsa-let-7a-3p,1.14504873752594
aortic atherosclerosis,hsa-miR-450a-5p,1.1450456380844116
Vitelliform Macular Dystrophy,hsa-let-7a-3p,1.1450446844100952
Shprintzen Golberg craniosynostosis,hsa-let-7a-3p,1.1450434923171997
Multiple Mitochondrial Dysfunctions Syndrome,hsa-let-7a-3p,1.145040512084961
Neoplasms and Squamous Cell,hsa-let-7a-3p,1.1450371742248535
Amebiasis,hsa-miR-126,1.1449884176254272
Reperfusion Injury and Testicular Ischemia,hsa-miR-320,1.1449811458587646
Brugada Syndrome,hsa-miR-126,1.1449726819992065
Diminished  Ovarian Reserve,hsa-miR-126,1.1449695825576782
Amebiasis,hsa-miR-186*,1.1449666023254395
Scleral Diseases,hsa-miR-186*,1.14496648311615
Pneumoconiosis,hsa-miR-27a*,1.1449648141860962
Meniscus Degeneration,hsa-miR-186*,1.1449631452560425
Pancreatitis and Acute Hemorrhagic,hsa-miR-126,1.1449624300003052
Phyllodes Tumor and Breast,hsa-miR-126,1.1449612379074097
Adenocarcinoma Of Esophagus,hsa-miR-186*,1.1449612379074097
Venous Neointimal Hyperplasia,hsa-miR-126,1.1449605226516724
Hereditary Autoinflammatory Diseases,hsa-miR-126,1.1449583768844604
Spinal Cord Compression,hsa-miR-186*,1.1449551582336426
Phyllodes Tumor and Breast,hsa-miR-27a*,1.1449549198150635
Arene Oxide Detoxification Defect,hsa-miR-27a*,1.1449532508850098
Equine Infectious Anemia,hsa-miR-27a*,1.1449511051177979
Brugada Syndrome,hsa-miR-186*,1.1449509859085083
Classical Swine Fever,hsa-miR-27a*,1.144949197769165
Diminished  Ovarian Reserve,hsa-miR-186*,1.1449480056762695
Vitelliform Macular Dystrophy,hsa-miR-27a*,1.1449449062347412
Neutropenia,hsa-miR-186*,1.144943356513977
Encephalitis and Tick-Borne,hsa-miR-126,1.144943118095398
Primary Gastrointestinal Diffuse Large B-Cell Lymphoma ,hsa-miR-186*,1.1449426412582397
Echinococcosis and Hepatic,hsa-miR-186*,1.144931435585022
Autoimmune Diseases of the Nervous System,hsa-miR-186*,1.1449291706085205
Eye Infections and Fungal,hsa-miR-186*,1.1449284553527832
Granulomatous Disease and Chronic,hsa-miR-186*,1.1449270248413086
Amebiasis,hsa-miR-192-2,1.1448501348495483
Lattice corneal dystrophy type 1,hsa-miR-192-2,1.1448233127593994
Myeloma Bone Disease,hsa-miR-192-2,1.1448196172714233
Urinary Calculi,hsa-miR-192-2,1.1448101997375488
Postoperative Nausea and Vomiting,mmu-miR-697,1.1447631120681763
Human T-Cell Leukemia Virus Type 1 Infections,hsa-miR-181a,1.1447144746780396
Spinal Cord Compression,hsa-miR-181a,1.1447128057479858
Non-Segmental Vitiligo,hsa-miR-181a,1.144710898399353
Angioedemas and Hereditary,hsa-miR-181a,1.1447057723999023
Neutropenia,hsa-miR-181a,1.1447012424468994
Reperfusion Injury and Testicular Ischemia,hsa-miR-181a,1.1446998119354248
prostate adenocarcinoma,hsa-miR-181a,1.1446962356567383
Wound Infection,hsa-miR-181a,1.14469575881958
Visceral Pain,hsa-miR-181a,1.1446936130523682
Equine Infectious Anemia,hsa-miR-181a,1.14469313621521
Encephalitis and Tick-Borne,hsa-miR-181a,1.144679069519043
Optic atrophy 1 and deafness,hsa-miR-1283-1,1.1446346044540405
Amebiasis,hsa-miR-1283-1,1.1446303129196167
Scleral Diseases,hsa-miR-1283-1,1.1446300745010376
Meniscus Degeneration,hsa-miR-1283-1,1.1446269750595093
Dysentery and Bacillary,hsa-miR-1283-1,1.144622802734375
Multiple Endocrine Neoplasia Type 1,hsa-miR-1283-1,1.144621729850769
Acute Disease,mmu-miR-743a,1.1446164846420288
Ischemic Stroke and Cerebral,hsa-miR-1283-1,1.1446142196655273
Encephalitis Virus and Japanese,hsa-miR-1283-1,1.1446104049682617
Posterior Segment Ocular Diseases,hsa-miR-1283-1,1.1446096897125244
Neutropenia,hsa-miR-1283-1,1.1446073055267334
Reperfusion Injury and Testicular Ischemia,hsa-miR-1283-1,1.144606113433838
Brain   Ventricle Enlargement,hsa-miR-1283-1,1.1446051597595215
Asthma and Chronic,hsa-miR-1283-1,1.1446008682250977
Inflammation and Chronic,hsa-miR-1283-1,1.1446008682250977
Panic Disorder,hsa-miR-1283-1,1.144600510597229
Myeloma Bone Disease,hsa-miR-1283-1,1.1445999145507812
Leukemia Virus and Bovine Infection,hsa-miR-1283-1,1.1445993185043335
Chronic  Rhinosinusitis With Nasal Polyps,hsa-miR-1283-1,1.1445987224578857
Neonatal Encephalopathy,hsa-miR-1283-1,1.144598364830017
Blood Coagulation Disorders and Traumatic and Acute,hsa-miR-1283-1,1.144596815109253
Periodontitis and Diabetic,hsa-miR-1283-1,1.1445949077606201
Autoimmune Diseases of the Nervous System,hsa-miR-1283-1,1.1445928812026978
Urinary Calculi,hsa-miR-1283-1,1.1445903778076172
Neoplasms and Mesothelial,hsa-miR-1283-1,1.1445884704589844
Orofacial Cleft,hsa-miR-1283-1,1.1445826292037964
Ovarian Failure and Premature ,hsa-mir-873,1.1444880962371826
Opium Dependence,hsa-miR-4482,1.144469976425171
Testicular Neoplasms,hsa-miR-3190-3p,1.144460678100586
Short Qt Syndrome,hsa-miR-3190-3p,1.1444575786590576
Gastric Antral Vascular Ectasia,hsa-miR-30d-3p,1.1444568634033203
Chediak-Higashi Syndrome,hsa-miR-3190-3p,1.1444562673568726
Adrenocortical Adenoma,hsa-miR-3190-3p,1.144456148147583
Pemphigus and Benign Familial,hsa-miR-3190-3p,1.1444555521011353
Adenocarcinoma Of Esophagus,hsa-miR-3190-3p,1.144453525543213
Human T-Cell Leukemia Virus Type 1 Infections,hsa-miR-3190-3p,1.1444491147994995
Optic Neuritis,hsa-mir-873,1.1444474458694458
Postoperative Nausea and Vomiting,hsa-mir-8061,1.1444430351257324
Angioedemas and Hereditary,hsa-miR-3190-3p,1.1444402933120728
Gliosis,hsa-miR-3190-3p,1.144437313079834
Neutropenia,hsa-miR-3190-3p,1.1444358825683594
Venous Neointimal Hyperplasia,hsa-miR-3190-3p,1.144431233406067
Inflammation and Chronic,hsa-miR-3190-3p,1.1444294452667236
Urinary Calculi,hsa-miR-3190-3p,1.1444189548492432
Otitis Media with Effusion,hsa-miR-3190-3p,1.1444178819656372
Neoplasms and Mesothelial,hsa-miR-3190-3p,1.1444169282913208
Radiation-Induced Oral Mucositis,hsa-miR-199a*-2,1.1442999839782715
Anemia and Aplastic,mmu-miR-676-3p,1.1442891359329224
Posterior Segment Ocular Diseases,hsa-miR-1275,1.1441644430160522
Fatty Liver and Alcoholic,hsa-mir-873,1.1440690755844116
Gout,hsa-mir-8074,1.1440353393554688
Ciliary Motility Disorders,hsa-miR-4459,1.1440318822860718
Agammaglobulinemia,mmu-miR-676-3p,1.1439793109893799
Buschke-Ollendorff syndrome,hsa-miR-021,1.1439629793167114
cough variant asthma,hsa-miR-4444,1.1438835859298706
Tauopathies,hsa-miR-125b-2,1.1438785791397095
Pregnancy and Prolonged,hsa-miR-203a,1.1438570022583008
Chronic Urticaria,mmu-miR-676-3p,1.143827199935913
Nephrotic Syndrome,hsa-mir-8080,1.143803358078003
Tendon Injuries,hsa-miR-450a-5p,1.1437747478485107
Arteritis,rno-miR-369-3p,1.1437058448791504
Nephrotic Syndrome,hsa-miR-4444,1.1436989307403564
Meniscus Degeneration,hsa-miR-3185,1.1435046195983887
Posterior Segment Ocular Diseases,hsa-miR-3185,1.1434872150421143
Neuropathic Allodynia,hsa-miR-3185,1.1434868574142456
Small-Bowel  Neuroendocrine Tumor,hsa-miR-3185,1.1434853076934814
Plaque and Amyloid,hsa-miR-3185,1.1434776782989502
Classical Swine Fever,hsa-miR-3185,1.1434752941131592
Neuromuscular Junction Diseases,mmu-miR-676-3p,1.1434606313705444
Genetic Diseases and Inborn,rno-miR-27a,1.143429160118103
Intellectual Disability,mmu-miR-676-3p,1.143375277519226
Cerebral Hemorrhage and Traumatic,hsa-miR-450a-5p,1.143371343612671
Inhalant Abuse,hsa-miR-4456,1.1433693170547485
Mastitis and Bovine,hsa-miR-4459,1.1433640718460083
Myeloma Bone Disease,hsa-miR-365,1.1433449983596802
Pregnancy Complications and Infectious,mmu-miR-676-3p,1.1433424949645996
Lymphoma and Follicular,hsa-miR-4443,1.1433295011520386
Rheumatic Heart Disease,hsa-miR-4456,1.143309473991394
Sepsis-Associated Encephalopathy,mmu-miR-676-3p,1.1432908773422241
Rhabdomyosarcoma,mmu-miR-676-3p,1.1432870626449585
Lung  Adenocarcinoma,hsa-miR-450a-5p,1.1432769298553467
Supranuclear Palsy and Progressive,mmu-miR-676-3p,1.1432545185089111
Hirschsprung-Associated Enterocolitis,mmu-miR-676-3p,1.143250584602356
Plasmablastic Lymphoma,mmu-miR-676-3p,1.1432374715805054
Edwardsiella tarda,mmu-miR-676-3p,1.1432342529296875
Glucocorticoid Receptor Deficiency,hsa-mir-873,1.143194317817688
Lymphoma and Follicular,hsa-miR-4459,1.14313542842865
Adrenocorticotropic hormone deficiency,hsa-miR-4428,1.143096923828125
Acute Disease,hsa-miR-4444,1.1430912017822266
Deficiency Diseases,hsa-miR-4456,1.1430156230926514
Spinal Cord Compression,hsa-miR-16,1.1429274082183838
Ehlers-Danlos Syndrome and musculocontractural type 1,hsa-mir-873,1.142921805381775
Liposarcoma and Myxoid,hsa-miR-16,1.1428977251052856
Astrocytoma,hsa-miR-4456,1.1428176164627075
cough variant asthma,hsa-miR-4443,1.1428077220916748
ACTH-Secreting Pituitary Adenoma,hsa-miR-4459,1.1428005695343018
Maxillofacial Abnormalities,hsa-miR-4439,1.142698049545288
Juvenile gout,hsa-miR-377*,1.1425197124481201
Neutropenia,hsa-miR-377*,1.1425057649612427
Acute Uterine Injury,hsa-miR-450a-5p,1.1424460411071777
Airway Obstruction,hsa-miR-101-5p,1.1424334049224854
Maxillofacial Abnormalities,mmu-miR-708,1.142317533493042
idiopathic scoliosis,hsa-miR-4456,1.1422990560531616
Hyalinosis and Systemic,mmu-miR-708,1.1422067880630493
Neurobehavioral Manifestations,hsa-miR-4494,1.1421078443527222
Maxillofacial Abnormalities,hsa-miR-4494,1.1420986652374268
Agammaglobulinemia,hsa-mir-873,1.1420542001724243
Adenocarcinoma Of Esophagus,hsa-miR-321,1.1420388221740723
Reperfusion Injury and Testicular Ischemia,hsa-miR-321,1.1420199871063232
Phyllodes Tumor and Breast,hsa-miR-321,1.1420172452926636
Nevi and Melanomas,hsa-miR-321,1.142011284828186
Hyalinosis and Systemic,hsa-miR-4494,1.141987919807434
Spinal Cord Compression,hsa-miR-1273g-5p,1.1419721841812134
Phyllodes Tumor and Breast,hsa-miR-1273g-5p,1.1419565677642822
Gastric Antral Vascular Ectasia,hsa-let-7a*,1.141913652420044
Ossification and Heterotopic,hsa-miR-4459,1.1418801546096802
Substance Withdrawal Syndrome,mmu-miR-743a,1.1418495178222656
Phyllodes Tumor,mmu-miR-708,1.1418428421020508
Eye Diseases,hsa-miR-450a-5p,1.141834020614624
Acute Disease,hsa-miR-4459,1.141821265220642
Aortopathies,hsa-miR-4459,1.1418125629425049
Ciliary Motility Disorders,hsa-miR-4437,1.1417874097824097
Familial encephalopathy with neuroserpin inclusion bodies,hsa-mir-873,1.1417298316955566
hypomelanosis of Ito,hsa-miR-450a-5p,1.1417042016983032
aortic atherosclerosis,mmu-miR-743a,1.1416627168655396
Gastric Antral Vascular Ectasia,hsa-miR-3125,1.1416616439819336
Ciliary Motility Disorders,mmu-miR-700-5p,1.1415376663208008
endometriosis in scar of skin,hsa-mir-873,1.1415148973464966
Testicular Neoplasms,hsa-miR-365a-3p,1.1414862871170044
Chediak-Higashi Syndrome,hsa-miR-365a-3p,1.1414817571640015
Li-Fraumeni Syndrome,hsa-mir-8080,1.1414777040481567
Fluoride Poisoning,hsa-miR-021,1.1414750814437866
Corneal dystrophy and epithelial basement membrane,hsa-mir-873,1.1414732933044434
Deficiency Diseases,mmu-miR-743a,1.1414692401885986
congenital fibrosarcoma,hsa-miR-365a-3p,1.1414616107940674
Neutropenia,hsa-miR-365a-3p,1.1414616107940674
Asthma and Chronic,hsa-miR-365a-3p,1.1414551734924316
Inflammation and Chronic,hsa-miR-365a-3p,1.141455054283142
Neonatal Encephalopathy,hsa-miR-365a-3p,1.141452431678772
Pregnancy Complications and Infectious,hsa-mir-873,1.1414176225662231
Hepatitis and Alcoholic,hsa-mir-873,1.1414134502410889
Neoplasms and Plasma Cell,hsa-mir-873,1.141408920288086
Chondrocyte Hypertrophy,hsa-mir-873,1.1414085626602173
Fused Teeth,hsa-mir-873,1.141404628753662
Scleroderma and Diffuse,hsa-mir-873,1.1414034366607666
Miliaria,hsa-mir-873,1.1413958072662354
Arthritis and Temporomandibular,hsa-mir-873,1.1413869857788086
Child Development Disorders and Pervasive,hsa-mir-873,1.1413698196411133
Amebiasis,hsa-miR-3620-5p,1.14134681224823
Disseminated Intravascular Coagulation,hsa-mir-873,1.1413415670394897
Angioedemas and Hereditary,hsa-miR-3620-5p,1.1413283348083496
Carcinoma and Squamous Cell and Skin,hsa-mir-873,1.1413278579711914
Pregnancy and Ectopic,hsa-mir-873,1.1413260698318481
Rh-Negative Hemolytic Disease and Fetus,hsa-mir-873,1.1413241624832153
Osteoporosis and Diabetic,hsa-mir-873,1.1413229703903198
Retinal Vein Occlusion,hsa-mir-873,1.1413220167160034
Cataract and Congenital Zonular and with Sutural Opacities,hsa-mir-873,1.1413217782974243
Plasmablastic Lymphoma,hsa-mir-873,1.1413123607635498
Chronic   Pelvic Pain Syndrome,hsa-miR-3620-5p,1.1413049697875977
AIDS-Related Complex,mmu-miR-743a,1.1411454677581787
Adrenocortical Adenoma,hsa-miR-134-5p,1.1411213874816895
Constriction and Pathologic,hsa-miR-450a-5p,1.141053557395935
Anemia and sideroblastic spinocerebellar ataxia,hsa-miR-4443,1.1409835815429688
Frontotemporal Dementia,hsa-miR-450a-5p,1.1409223079681396
Pregnancy Complications and Infectious,hsa-miR-450a-5p,1.1409077644348145
Tauopathies,hsa-miR-1284,1.1409060955047607
Asthma ,mmu-miR-708,1.1409045457839966
Charcot-Marie-Tooth disease type 1B,hsa-miR-450a-5p,1.1408867835998535
Myocardial Ischemia,hsa-miR-450a-5p,1.1408833265304565
Wilms Tumor,hsa-miR-450a-5p,1.1408815383911133
Temporomandibular Joint Disorders,hsa-miR-450a-5p,1.1408711671829224
Sepsis-Associated Encephalopathy,hsa-miR-450a-5p,1.140856385231018
Hemorrhagic Fever With Renal Syndrome,hsa-miR-450a-5p,1.1408534049987793
Rhabdomyosarcoma,hsa-miR-450a-5p,1.1408520936965942
Glucocorticoid Receptor Deficiency,hsa-miR-4456,1.1408480405807495
Osteochondrodysplasias,hsa-miR-450a-5p,1.1408125162124634
Plasmablastic Lymphoma,hsa-miR-450a-5p,1.1408026218414307
Congenital Abnormalities,hsa-miR-450a-5p,1.1407982110977173
idiopathic scoliosis,mmu-miR-743a,1.1407526731491089
Lymphoma and Follicular,mmu-miR-700-5p,1.1406410932540894
Progeria,hsa-miR-4456,1.1405813694000244
Ehlers-Danlos Syndrome and musculocontractural type 1,hsa-miR-4456,1.1405757665634155
Optic Neuritis,mmu-miR-743a,1.1405549049377441
Intra-Articular Fractures,hsa-miR-1244,1.1404569149017334
Lymphoma and Follicular,hsa-miR-4439,1.140445351600647
Neurobehavioral Manifestations,hsa-miR-4482,1.1404368877410889
Maxillofacial Abnormalities,hsa-miR-4482,1.140427827835083
Tendon Injuries,mmu-miR-743a,1.1403918266296387
Rheumatic Heart Disease,hsa-mir-8080,1.1403422355651855
Substance Withdrawal Syndrome,hsa-miR-4444,1.1403241157531738
Hyalinosis and Systemic,hsa-miR-4482,1.1403168439865112
Bursitis,hsa-miR-4444,1.1402616500854492
aortic atherosclerosis,hsa-mir-8080,1.1402418613433838
Rheumatic Heart Disease,hsa-miR-4444,1.1402379274368286
Fatty Liver and Alcoholic,mmu-miR-743a,1.14017653465271
Li-Fraumeni Syndrome,hsa-miR-4459,1.1401034593582153
Arterial Occlusive Diseases,hsa-miR-3117-3p,1.1400151252746582
Spherocytosis and Hereditary,hsa-miR-4443,1.140000343322754
Eye Diseases,hsa-miR-4456,1.1399977207183838
Varicose Ulcer,hsa-mir-8080,1.1399458646774292
cough variant asthma,hsa-miR-4439,1.1399232149124146
Cestode Infections,hsa-miR-1225-3p,1.1398698091506958
Scleral Diseases,hsa-miR-1225-3p,1.1398687362670898
Meniscus Degeneration,hsa-miR-1225-3p,1.1398656368255615
Polyposis Syndrome and Hereditary Mixed and 1,hsa-miR-1225-3p,1.1398639678955078
Elephantiasis,hsa-miR-4459,1.1398568153381348
Brugada Syndrome,hsa-miR-1225-3p,1.1398534774780273
Lattice corneal dystrophy type 1,hsa-miR-1225-3p,1.1398422718048096
Chronic  Rhinosinusitis With Nasal Polyps,hsa-miR-1225-3p,1.139837384223938
Optic Nerve Glioma,hsa-miR-1225-3p,1.139836072921753
Autoimmune Diseases of the Nervous System,hsa-miR-1225-3p,1.1398316621780396
Ulcerative   Colitis,hsa-miR-4456,1.1398234367370605
Brugada Syndrome,hsa-miR-3610,1.1397628784179688
Posterior Segment Ocular Diseases,hsa-miR-3610,1.139757752418518
Phyllodes Tumor and Breast,hsa-miR-3610,1.1397514343261719
Fabry   Nephropathy,hsa-miR-3610,1.139750361442566
Wound Infection,hsa-miR-3610,1.1397501230239868
Asthma and Chronic,hsa-miR-3610,1.1397491693496704
Urinary Calculi,hsa-miR-3610,1.13973867893219
Actinic cheilitis,hsa-miR-4437,1.1396756172180176
Periapical Periodontitis,mmu-miR-697,1.139643669128418
thyroid gland Hurthle cell carcinoma,hsa-miR-3614-5p,1.139612078666687
Splenic Neoplasms,hsa-miR-3614-5p,1.1396005153656006
Angioedemas and Hereditary,hsa-miR-3614-5p,1.139595627784729
Neuropathic Allodynia,hsa-miR-3614-5p,1.1395930051803589
Pancreatitis and Acute Hemorrhagic,hsa-miR-3614-5p,1.1395883560180664
Inflammation and Chronic,hsa-miR-3614-5p,1.1395846605300903
Myeloma Bone Disease,hsa-miR-3614-5p,1.139583706855774
Lupus Vasculitis and Central Nervous System,hsa-miR-3614-5p,1.1395831108093262
Multiple Mitochondrial Dysfunctions Syndrome,hsa-miR-3614-5p,1.1395729780197144
Choroid Diseases,hsa-miR-3614-5p,1.1395717859268188
Chronic Urticaria,hsa-miR-4456,1.1395561695098877
ACTH-Secreting Pituitary Adenoma,hsa-miR-4494,1.139510989189148
Neonatal Sepsis,rno-miR-352,1.1394984722137451
Reperfusion Injury and Testicular Ischemia,hsa-miR-3150b-3p,1.1394764184951782
Myeloma Bone Disease,hsa-miR-3150b-3p,1.1394703388214111
Ameloblastoma,hsa-miR-4456,1.13938570022583
Ossification and Heterotopic,mmu-miR-700-5p,1.1393855810165405
Acute Disease,mmu-miR-700-5p,1.1393269300460815
Visceral Pain,hsa-miR-320c,1.1392948627471924
Sucrase-isomaltase deficiency and congenital,hsa-miR-4456,1.1392197608947754
Bursitis,hsa-miR-4443,1.139185905456543
Radiation-Induced Oral Mucositis,hcmv-miR-UL59,1.13914155960083
Nephrotic Syndrome,hsa-miR-4494,1.1391395330429077
Corneal dystrophy and epithelial basement membrane,hsa-miR-4456,1.139127254486084
autosomal recessive congenital bilateral absence of vas deferens,hsa-miR-4456,1.139113426208496
Radiation-Induced Oral Mucositis,hsa-miR-150-5p,1.1391056776046753
Craniosynostoses,hsa-miR-4456,1.1390949487686157
Frontotemporal Lobar Degeneration,hsa-miR-4456,1.1390901803970337
Pregnancy Complications and Infectious,hsa-miR-4456,1.1390714645385742
Acute Uterine Injury,mmu-miR-743a,1.1390631198883057
Chondrocyte Hypertrophy,hsa-miR-4456,1.1390624046325684
Pancreatic Intraductal Neoplasms,hsa-miR-4456,1.139060139656067
Brain Diseases,hsa-miR-4456,1.1390589475631714
Osteitis,hsa-miR-4456,1.1390572786331177
Primary Myelofibrosis,hsa-miR-4456,1.1390572786331177
Renal Insufficiency,hsa-miR-4456,1.139056921005249
Arthritis and Temporomandibular,hsa-miR-4456,1.1390408277511597
Optic Neuritis,hsa-miR-4444,1.139029622077942
Alcohol Withdrawal Syndrome,hsa-miR-4456,1.1390292644500732
Ehlers-Danlos Syndrome and musculocontractural type 1,mmu-miR-743a,1.1390291452407837
Inhalant Abuse,hsa-miR-4459,1.139027714729309
Disseminated Intravascular Coagulation,hsa-miR-4456,1.1389954090118408
Supranuclear Palsy and Progressive,hsa-miR-4456,1.1389834880828857
Camptocormia,hsa-miR-4456,1.1389801502227783
Pregnancy and Ectopic,hsa-miR-4456,1.1389799118041992
Hirschsprung-Associated Enterocolitis,hsa-miR-4456,1.138979434967041
Bronchiolitis Obliterans Syndrome,hsa-miR-4456,1.1389756202697754
Grave Disease,hsa-miR-4456,1.138974905014038
Tendon Injuries,hsa-mir-8080,1.138970971107483
Edwardsiella tarda,hsa-miR-4456,1.138963222503662
Glucocorticoid Receptor Deficiency,hsa-mir-802,1.1388685703277588
Carcinoma and Mucoepidermoid,hsa-miR-30d-3p,1.138807773590088
Varicose Ulcer,hsa-miR-4443,1.1387656927108765
Neoplasms and Mesothelial,hsa-miR-301b,1.1387453079223633
Dilated Cardiomyopathy ,hsa-miR-4447,1.1387308835983276
Deficiency Diseases,hsa-miR-4459,1.1386739015579224
Actinic cheilitis,hsa-miR-4494,1.1386305093765259
Intra-Articular Fractures,hsa-miR-3682-3p,1.1385761499404907
Aortopathies,hsa-miR-4494,1.138522982597351
Eye Diseases,mmu-miR-743a,1.1384512186050415
Thyroiditis,mmu-miR-743a,1.1384146213531494
Mastitis and Bovine,hsa-miR-4482,1.1384034156799316
Gluteal Muscle   Contracture,hsa-miR-3193,1.1383841037750244
Nevi and Melanomas,hsa-miR-199a*,1.1383792161941528
Lung  Adenocarcinoma,hsa-miR-4444,1.138368844985962
AIDS-Related Complex,hsa-miR-4459,1.138350248336792
Anemia and sideroblastic spinocerebellar ataxia,mmu-miR-700-5p,1.13829505443573
Ulcerative   Colitis,mmu-miR-743a,1.1382769346237183
Skeletal Muscle Dysplasia,hsa-miR-3689b-3p,1.1382441520690918
Multiple Endocrine Neoplasia Type 1,hsa-miR-3689b-3p,1.1382393836975098
Brugada Syndrome,hsa-miR-3689b-3p,1.1382323503494263
Acute Uterine Injury,hsa-mir-8069,1.1382174491882324
Classical Swine Fever,hsa-miR-3689b-3p,1.13821542263031
Chronic Limb-Threatening Ischemia,hsa-miR-3689b-3p,1.1382099390029907
Adrenocorticotropic hormone deficiency,hsa-mir-7844,1.1381710767745972
Agammaglobulinemia,mmu-miR-743a,1.1381616592407227
Anorexia Nervosa,mmu-miR-743a,1.1381456851959229
Anemia and sideroblastic spinocerebellar ataxia,hsa-miR-4439,1.138099193572998
Stress Disorders and Post-Traumatic,rno-miR-30b-3p,1.138068675994873
Ovarian Failure and Premature ,hsa-miR-4443,1.1379942893981934
Optic Neuritis,hsa-miR-4443,1.1379538774490356
Polyposis Syndrome and Hereditary Mixed and 1,hsa-miR-34a-3p,1.137868046760559
Li-Fraumeni Syndrome,hsa-miR-4437,1.1378589868545532
Diminished  Ovarian Reserve,hsa-miR-34a-3p,1.137854814529419
ACTH-Secreting Pituitary Adenoma,hsa-miR-4482,1.1378400325775146
Tendon Injuries,hsa-miR-4443,1.1377906799316406
proliferative diabetic retinopathy,mmu-miR-743a,1.1377670764923096
Chediak-Higashi Syndrome,hsa-miR-3137,1.137758493423462
Meniscus Degeneration,hsa-miR-1294,1.1377571821212769
Splenic Neoplasms,hsa-miR-3137,1.137747883796692
Angioedemas and Hereditary,hsa-miR-3137,1.1377427577972412
Gliosis,hsa-miR-3137,1.137739658355713
Reperfusion Injury and Testicular Ischemia,hsa-miR-3137,1.1377369165420532
Wound Infection,hsa-miR-3137,1.1377328634262085
Myeloma Bone Disease,hsa-miR-3137,1.1377308368682861
Swine Diseases,hsa-miR-3137,1.1377302408218384
Ischemic Attack and Transient,hsa-miR-3137,1.1377301216125488
Renal Artery Obstruction,hsa-miR-3137,1.1377253532409668
Autoimmune Diseases of the Nervous System,hsa-miR-3137,1.1377238035202026
Hyperleptinemia,hsa-miR-3137,1.1377193927764893
Anemia and sideroblastic spinocerebellar ataxia,mmu-miR-708,1.1377187967300415
Intra-Articular Fractures,hsa-miR-20b*,1.1377172470092773
Hemorrhagic Disorders,hsa-miR-3137,1.1377164125442505
Sucrase-isomaltase deficiency and congenital,mmu-miR-743a,1.1376733779907227
Histiocytosis,hsa-miR-4444,1.1376323699951172
Maxillary Sinus Neoplasms,hsa-miR-193b*,1.1376138925552368
Myeloma Bone Disease,hsa-miR-193b*,1.1376113891601562
Tendon Injuries,hsa-miR-4459,1.137596607208252
Neointimal Hyperplasia,mmu-miR-743a,1.1375954151153564
autosomal recessive congenital bilateral absence of vas deferens,mmu-miR-743a,1.1375670433044434
Rheumatic Fever,mmu-miR-743a,1.1375632286071777
Frontotemporal Lobar Degeneration,mmu-miR-743a,1.137543797492981
Dermatitis Herpetiformis,mmu-miR-743a,1.1375247240066528
Chromosome Aberrations,mmu-miR-743a,1.1375207901000977
Shock and Cardiogenic,hsa-miR-4443,1.1375139951705933
Pancreatic Intraductal Neoplasms,mmu-miR-743a,1.1375137567520142
Brain Diseases,mmu-miR-743a,1.1375125646591187
Scleroderma and Diffuse,mmu-miR-743a,1.1375107765197754
Charcot-Marie-Tooth disease type 1B,mmu-miR-743a,1.137503981590271
Prostatic Diseases,mmu-miR-743a,1.137502670288086
Wilms Tumor,mmu-miR-743a,1.1374987363815308
Plant Poisoning,mmu-miR-743a,1.1374980211257935
Leukemia and Myeloid and Acute and T-Cell,mmu-miR-743a,1.1374953985214233
Diabetic Angiopathies,mmu-miR-743a,1.1374883651733398
Salivary Gland Neoplasms,mmu-miR-743a,1.1374826431274414
Rhabdomyosarcoma,mmu-miR-743a,1.1374694108963013
Diabetes Complications,mmu-miR-743a,1.1374348402023315
Hirschsprung-Associated Enterocolitis,mmu-miR-743a,1.1374330520629883
Osteoporosis and Diabetic,mmu-miR-743a,1.1374306678771973
Bronchiolitis Obliterans Syndrome,mmu-miR-743a,1.137429118156433
Edwardsiella tarda,mmu-miR-743a,1.1374164819717407
Ameloblastoma,hsa-mir-802,1.1374061107635498
Multiple Endocrine Neoplasia Type 1,hsa-miR-22,1.1373870372772217
Spinal Cord Compression,hsa-miR-22,1.137384295463562
Adrenoleukodystrophy,hsa-miR-4444,1.137345790863037
Synovitis,hsa-miR-4459,1.1373096704483032
Ataxia Telangiectasia,hsa-mir-8069,1.1373002529144287
Lung  Adenocarcinoma,hsa-miR-4443,1.1372929811477661
Meniscus Degeneration,hsa-miR-100-2,1.1371837854385376
Leishmaniasis and Diffuse Cutaneous,hsa-mir-802,1.1371694803237915
Dilated Cardiomyopathy ,hsa-miR-1228*,1.1370929479599
Spinal Curvatures,hsa-mir-802,1.137065052986145
Optic Nerve Injuries,hsa-miR-4511,1.1370309591293335
Plasmablastic Lymphoma,hsa-mir-802,1.136986494064331
Actinic cheilitis,hsa-miR-4482,1.1369595527648926
Ossification and Heterotopic,hsa-miR-4482,1.1369194984436035
Thyroiditis,hsa-miR-4444,1.1368893384933472
Intra-Articular Fractures,hsa-miR-422b,1.1368752717971802
Sucrase-isomaltase deficiency and congenital,hsa-mir-8069,1.1368275880813599
Li-Fraumeni Syndrome,hsa-miR-4494,1.1368138790130615
Respiratory Sounds,hsa-miR-200a-3p,1.136781930923462
Corneal dystrophy and epithelial basement membrane,hsa-mir-8069,1.136734962463379
Ataxia Telangiectasia,hsa-mir-8080,1.1367250680923462
Rheumatic Heart Disease,hsa-miR-4437,1.136723279953003
Encephalocraniocutaneous lipomatosis,hsa-mir-8069,1.1366746425628662
Diabetic Angiopathies,hsa-mir-8069,1.1366424560546875
Agammaglobulinemia,hsa-miR-4444,1.1366362571716309
hypotrichosis 8,hsa-mir-8069,1.1366331577301025
Anorexia Nervosa,hsa-miR-4444,1.1366205215454102
Chronic Urticaria,hsa-mir-8080,1.1365888118743896
Elephantiasis,hsa-miR-4494,1.136567234992981
Human T-Cell Leukemia Virus Type 1 Infections,hsa-miR-124a-2,1.136529564857483
Posterior Segment Ocular Diseases,hsa-miR-124a-2,1.1365187168121338
Periapical Periodontitis,hsa-mir-8074,1.1365077495574951
Amebiasis,hsa-miR-223-3p,1.1364842653274536
Scleral Diseases,hsa-miR-223-3p,1.136484146118164
Polyposis Syndrome and Hereditary Mixed and 1,hsa-miR-223-3p,1.136479139328003
Clear-cell metastatic renal cell carcinoma,hsa-miR-223-3p,1.1364635229110718
Neutropenia,hsa-miR-223-3p,1.1364612579345703
Fabry   Nephropathy,hsa-miR-223-3p,1.1364561319351196
Wound Infection,hsa-miR-223-3p,1.13645601272583
Gluteal Muscle   Contracture,hsa-miR-223-3p,1.1364537477493286
Ischemic Attack and Transient,hsa-miR-223-3p,1.1364531517028809
Neoplasms and Mesothelial,hsa-miR-223-3p,1.1364423036575317
Ehlers-Danlos Syndrome and musculocontractural type 1,hsa-miR-4443,1.1364281177520752
aortic atherosclerosis,mmu-miR-700-5p,1.1363730430603027
Varicose Ulcer,hsa-miR-4437,1.1363270282745361
Ameloblastoma,hsa-miR-4444,1.1363142728805542
Familial encephalopathy with neuroserpin inclusion bodies,hsa-miR-4444,1.1363121271133423
Adrenoleukodystrophy,hsa-miR-4443,1.1362699270248413
Acute Uterine Injury,hsa-miR-4459,1.1362680196762085
Trichosporonosis,hsa-miR-376b-3p,1.1362372636795044
Non-ST Elevated Myocardial Infarction,mmu-miR-700-5p,1.1362031698226929
endometriosis in scar of skin,hsa-mir-8080,1.1362013816833496
Heart Failure and Diastolic,hsa-miR-219b-5p,1.1361842155456543
Leishmaniasis and Diffuse Cutaneous,hsa-mir-8080,1.1361820697784424
Mood Disorders,hsa-miR-4444,1.1361805200576782
aortic atherosclerosis,hsa-miR-4439,1.13617742061615
Sucrase-isomaltase deficiency and congenital,hsa-miR-4444,1.13614821434021
Constriction and Pathologic,hsa-miR-4444,1.1361455917358398
Pregnancy Complications and Infectious,hsa-mir-8080,1.136103868484497
Hepatitis and Alcoholic,hsa-mir-8080,1.1361002922058105
endometriosis in scar of skin,hsa-miR-4444,1.1360971927642822
Choledocholithiasis,hsa-mir-8080,1.136096477508545
Neoplasms and Plasma Cell,hsa-mir-8080,1.1360955238342285
Chondrocyte Hypertrophy,hsa-mir-8080,1.1360952854156494
Digestive System Neoplasms,hsa-mir-8080,1.136093020439148
Osteitis,hsa-mir-8080,1.1360900402069092
Primary Myelofibrosis,hsa-mir-8080,1.1360900402069092
Prostatic Diseases,hsa-mir-8080,1.1360818147659302
Epilepsy and Generalized,hsa-mir-8080,1.1360810995101929
Mesothelioma,hsa-mir-8080,1.1360803842544556
Wilms Tumor,hsa-mir-8080,1.1360777616500854
Spinal Curvatures,hsa-mir-8080,1.1360772848129272
Neointimal Hyperplasia,hsa-miR-4444,1.1360701322555542
Panniculitis and Peritoneal,hsa-mir-8080,1.1360695362091064
Radiation-Induced Oral Mucositis,hsa-miR-216,1.1360541582107544
autosomal recessive congenital bilateral absence of vas deferens,hsa-miR-4444,1.1360417604446411
Lupus Erythematosus and Cutaneous,hsa-miR-4444,1.1360204219818115
Supranuclear Palsy and Progressive,hsa-mir-8080,1.1360161304473877
Respiration Disorders,hsa-mir-8080,1.1360141038894653
Fibromyalgia,hsa-mir-8080,1.136008858680725
Cataract and Congenital Zonular and with Sutural Opacities,hsa-mir-8080,1.1360082626342773
Chromosome Aberrations,hsa-miR-4444,1.1359957456588745
Edwardsiella tarda,hsa-mir-8080,1.135995626449585
Encephalocraniocutaneous lipomatosis,hsa-miR-4444,1.1359951496124268
Carcinoma,hsa-mir-8080,1.1359949111938477
Congenital Abnormalities,hsa-mir-8080,1.135994553565979
Huntington Disease,hsa-mir-8080,1.1359937191009521
Chondrocyte Hypertrophy,hsa-miR-4444,1.135990858078003
Lung Abscess,hsa-mir-8080,1.1359905004501343
Optic atrophy 1 and deafness,hsa-miR-1256,1.1359895467758179
Digestive System Neoplasms,hsa-miR-4444,1.135988712310791
Primary Myelofibrosis,hsa-miR-4444,1.1359854936599731
Scleroderma and Diffuse,hsa-miR-4444,1.1359854936599731
cervical squamous cell carcinoma,hsa-miR-4444,1.135983943939209
Charcot-Marie-Tooth disease type 1B,hsa-miR-4444,1.1359786987304688
Otitis Media,hsa-miR-4444,1.1359753608703613
Spinal Curvatures,hsa-miR-4444,1.1359728574752808
Squamous Intraepithelial Lesions of the Cervix,hsa-miR-4444,1.1359707117080688
Arthritis and Temporomandibular,hsa-miR-4444,1.1359690427780151
Amebiasis,hsa-miR-371a-3p,1.1359658241271973
Panniculitis and Peritoneal,hsa-miR-4444,1.13596510887146
Diabetic Angiopathies,hsa-miR-4444,1.1359630823135376
Neutropenia,hsa-miR-1256,1.1359622478485107
Myopathies and Structural and Congenital,hsa-miR-4444,1.1359622478485107
Meniscus Degeneration,hsa-miR-371a-3p,1.1359622478485107
Osteoarthritis ,hsa-miR-371a-3p,1.1359606981277466
Capsule Opacification,hsa-miR-371a-3p,1.1359591484069824
Inhalant Abuse,mmu-miR-708,1.1359570026397705
Crisponi syndrome,hsa-miR-1256,1.1359559297561646
Inflammation and Chronic,hsa-miR-1256,1.135955810546875
Rhabdoid Tumor and Kidney,hsa-miR-1256,1.1359556913375854
Brugada Syndrome,hsa-miR-371a-3p,1.1359500885009766
Cardiac Dysfunction,hsa-miR-4444,1.1359463930130005
Granulomatous Disease and Chronic,hsa-miR-1256,1.1359457969665527
Posterior Segment Ocular Diseases,hsa-miR-371a-3p,1.1359450817108154
Neuropathic Allodynia,hsa-miR-371a-3p,1.1359444856643677
Neutropenia,hsa-miR-371a-3p,1.135942816734314
Retinitis Pigmentosa,hsa-miR-371a-3p,1.135941505432129
Reperfusion Injury and Testicular Ischemia,hsa-miR-371a-3p,1.135941505432129
Epidural   Fibrosis,hsa-miR-4444,1.135938048362732
Wound Infection,hsa-miR-371a-3p,1.1359373331069946
Asthma and Chronic,hsa-miR-371a-3p,1.1359363794326782
Inflammation and Chronic,hsa-miR-371a-3p,1.1359362602233887
Equine Infectious Anemia,hsa-miR-371a-3p,1.1359347105026245
Neonatal Encephalopathy,hsa-miR-371a-3p,1.1359336376190186
Lentivirus Infections,hsa-miR-371a-3p,1.135927438735962
Urinary Calculi,hsa-miR-371a-3p,1.1359258890151978
Status Asthmaticus,hsa-miR-371a-3p,1.135925054550171
Neoplasms and Mesothelial,hsa-miR-371a-3p,1.1359237432479858
Diabetes Complications,hsa-miR-4444,1.1359093189239502
Hirschsprung-Associated Enterocolitis,hsa-miR-4444,1.135907769203186
Osteoporosis and Diabetic,hsa-miR-4444,1.135905385017395
Vasospasm and Intracranial,hsa-miR-4444,1.1358994245529175
Rheumatic Heart Disease,mmu-miR-708,1.1358973979949951
Lung Abscess,hsa-miR-4444,1.1358860731124878
Varicose Ulcer,hsa-miR-4439,1.1358814239501953
AIDS-Related Complex,mmu-miR-700-5p,1.1358559131622314
Eye Diseases,hsa-miR-4443,1.1358500719070435
Optic atrophy 1 and deafness,hsa-miR--196a-2,1.1358284950256348
Neoplasms and Second Primary,hsa-miR-4511,1.13582181930542
Deglutition Disorders,hsa-miR--196a-2,1.1358171701431274
Granuloma,hsa-miR--196a-2,1.135815978050232
Thyroiditis,hsa-miR-4443,1.1358134746551514
colorectal cancer,hsa-miR--196a-2,1.1358098983764648
Rhabdoviridae Infections,hsa-miR--196a-2,1.1358072757720947
Neutropenia,hsa-miR--196a-2,1.135801076889038
Venous Neointimal Hyperplasia,hsa-miR--196a-2,1.1357964277267456
Tricuspid Valve Insufficiency,hsa-miR--196a-2,1.1357961893081665
Inflammation and Chronic,hsa-miR--196a-2,1.135794758796692
Gluteal Muscle   Contracture,hsa-miR--196a-2,1.135793685913086
Chronic  Rhinosinusitis With Nasal Polyps,hsa-miR--196a-2,1.1357924938201904
Nevi and Melanomas,hsa-miR--196a-2,1.1357910633087158
Myotonic Dystrophy,hsa-miR--196a-2,1.1357883214950562
Autoimmune Diseases of the Nervous System,hsa-miR--196a-2,1.1357866525650024
Granulomatous Disease and Chronic,hsa-miR--196a-2,1.1357845067977905
Urinary Calculi,hsa-miR--196a-2,1.1357841491699219
American Tegumentary Leishmaniasis,hsa-miR--196a-2,1.1357831954956055
Encephalitis and Tick-Borne,hsa-miR--196a-2,1.1357791423797607
Transposition of Great Vessels,hsa-miR-4443,1.1357499361038208
idiopathic scoliosis,hsa-miR-4437,1.13571298122406
Intra-Articular Fractures,hsa-miR-4255,1.1357041597366333
AIDS-Related Complex,hsa-miR-4439,1.1356600522994995
Ataxia Telangiectasia,hsa-miR-4443,1.1355448961257935
hypomelanosis of Ito,hsa-miR-4459,1.135526418685913
Peritoneal Fibrosis,mmu-miR-708,1.135481834411621
Ulcerative   Colitis,hsa-miR-4459,1.1354817152023315
Deficiency Diseases,hsa-miR-4494,1.1353843212127686
Wound Infection,hsa-miR-324,1.1352941989898682
AIDS-Related Complex,mmu-miR-708,1.1352795362472534
Fluoride Poisoning,hsa-miR-203a,1.1352242231369019
Ovarian Failure and Premature ,hsa-miR-4439,1.1351100206375122
Adenocarcinoma and Sebaceous and Eyelid,hsa-miR-3653-5p,1.1350932121276855
Optic Neuritis,hsa-miR-4439,1.1350693702697754
Trophoblastic Tumor and Placental Site,hsa-miR-3653-5p,1.1350665092468262
Friedreich Ataxia,hsa-miR-4482,1.1350443363189697
Mixed Connective Tissue Disease,hsa-miR-4459,1.1350290775299072
Intra-Articular Fractures,hsa-miR-193b-5p,1.1349859237670898
Vaginal Diseases,hsa-miR-4443,1.134975552558899
Rheumatic Fever,hsa-miR-4443,1.1349620819091797
Encephalocraniocutaneous lipomatosis,hsa-miR-4443,1.1349194049835205
Dilated Cardiomyopathy ,hsa-miR-34c,1.1349166631698608
Neoplasms and Plasma Cell,hsa-miR-4443,1.1349152326583862
Pancreatic Intraductal Neoplasms,hsa-miR-4443,1.1349124908447266
Brain Diseases,hsa-miR-4443,1.134911298751831
Mood Disorders,hsa-miR-4459,1.1349104642868042
Coxsackievirus Infections,hsa-miR-4443,1.1349056959152222
Charcot-Marie-Tooth disease type 1B,hsa-miR-4443,1.1349027156829834
Wilms Tumor,hsa-miR-4443,1.1348975896835327
Plant Poisoning,hsa-miR-4443,1.134896993637085
Elephantiasis,hsa-miR-4482,1.1348962783813477
Alcohol Withdrawal Syndrome,hsa-miR-4443,1.134881615638733
hypotrichosis 8,hsa-miR-4443,1.1348779201507568
Child Development Disorders and Pervasive,hsa-miR-4443,1.134876012802124
Sepsis-Associated Encephalopathy,hsa-miR-4443,1.1348721981048584
Hemorrhagic Fever With Renal Syndrome,hsa-miR-4443,1.1348695755004883
Disseminated Intravascular Coagulation,hsa-miR-4443,1.1348481178283691
Supranuclear Palsy and Progressive,hsa-miR-4443,1.134835958480835
Carcinoma and Squamous Cell and Skin,hsa-miR-4443,1.1348341703414917
Pregnancy and Ectopic,hsa-miR-4443,1.1348323822021484
Hirschsprung-Associated Enterocolitis,hsa-miR-4443,1.1348317861557007
Osteochondrodysplasias,hsa-miR-4443,1.134828805923462
Fibromyalgia,hsa-miR-4443,1.1348285675048828
endometriosis in scar of skin,hsa-miR-4459,1.1348271369934082
Neointimal Hyperplasia,hsa-miR-4459,1.1348001956939697
autosomal recessive congenital bilateral absence of vas deferens,hsa-miR-4459,1.1347719430923462
Stomach Ulcer,hsa-mir-7844,1.1347568035125732
Familial Multiple Coagulation Factor Deficiency I,hsa-miR-4459,1.1347551345825195
Lupus Erythematosus and Cutaneous,hsa-miR-4459,1.1347506046295166
Frontotemporal Lobar Degeneration,hsa-miR-4459,1.1347485780715942
Frontotemporal Dementia,hsa-miR-4459,1.1347442865371704
Folic Acid Deficiency,hsa-miR-4459,1.1347367763519287
Chronic  Kidney Disease,hsa-miR-4459,1.1347297430038452
Chromosome Aberrations,hsa-miR-4459,1.1347256898880005
Choledocholithiasis,hsa-miR-4459,1.134722113609314
Scleroderma and Diffuse,hsa-miR-4459,1.1347156763076782
Renal Insufficiency,hsa-miR-4459,1.1347153186798096
cervical squamous cell carcinoma,hsa-miR-4459,1.134714126586914
Spondylarthropathies,hsa-miR-4459,1.1347121000289917
Epilepsy and Generalized,hsa-miR-4459,1.1347068548202515
Mesothelioma,hsa-miR-4459,1.1347062587738037
Neurodevelopmental Injuries,hsa-miR-4459,1.134705901145935
Otitis Media,hsa-miR-4459,1.1347054243087769
Panniculitis and Peritoneal,hsa-miR-4459,1.134695291519165
Myopathies and Structural and Congenital,hsa-miR-4459,1.1346923112869263
Salivary Gland Neoplasms,hsa-miR-4459,1.1346874237060547
Diabetic Ischemia Complication,hsa-miR-4459,1.1346838474273682
Hemorrhagic Fever With Renal Syndrome,hsa-miR-4459,1.1346755027770996
Neuroinflammatory Diseases,hsa-miR-4437,1.13466215133667
Diabetes Complications,hsa-miR-4459,1.1346395015716553
Pregnancy and Ectopic,hsa-miR-4459,1.1346383094787598
Hirschsprung-Associated Enterocolitis,hsa-miR-4459,1.134637713432312
Cholecystolithiasis,hsa-miR-4459,1.1346232891082764
Edwardsiella tarda,hsa-miR-4459,1.1346213817596436
Aortic Valve Disease,hsa-miR-4459,1.1346116065979004
Tachycardia and Sinus,hsa-miR-335-3p,1.134590744972229
Lung  Adenocarcinoma,hsa-miR-4439,1.134408712387085
Fatty Liver and Alcoholic,mmu-miR-708,1.1343106031417847
Intra-Articular Fractures,hsa-miR-329-3p,1.1342774629592896
Gastric Antral Vascular Ectasia,hsa-miR-30c-2-3p,1.1342765092849731
Shock and Cardiogenic,mmu-miR-708,1.1342494487762451
Synovitis,mmu-miR-708,1.134238839149475
Rheumatic Heart Disease,hsa-miR-4482,1.1340075731277466
Glycogen Storage Disease and Type IXD,mmu-miR-700-5p,1.133888840675354
Dysentery and Bacillary,rno-miR-30e*,1.1338675022125244
Periodontitis and Diabetic,rno-miR-30e*,1.13383948802948
Autoimmune Diseases of the Nervous System,rno-miR-30e*,1.1338374614715576
Neuroinflammatory Diseases,mmu-miR-708,1.1338361501693726
Blind Loop Syndrome,hsa-miR-4517,1.133759617805481
Non-ST Elevated Myocardial Infarction,hsa-miR-4482,1.1337368488311768
Testicular Neoplasms,hsa-miR-1258,1.1337143182754517
Scleral Diseases,hsa-miR-1258,1.1337122917175293
Angioedemas and Hereditary,hsa-miR-1258,1.133694052696228
Phyllodes Tumor and Breast,hsa-miR-1258,1.1336854696273804
Wound Infection,hsa-miR-1258,1.1336841583251953
Hereditary Autoinflammatory Diseases,hsa-miR-1258,1.1336826086044312
Equine Infectious Anemia,hsa-miR-1258,1.1336815357208252
Nevi and Melanomas,hsa-miR-1258,1.1336796283721924
Polyneuropathies,hsa-miR-1258,1.1336747407913208
Neuroinflammatory Diseases,hsa-miR-4494,1.1336168050765991
Eye Diseases,hsa-miR-4437,1.1334115266799927
Neoplasms and Mesothelial,hsa-miR-333,1.1333599090576172
Mycoplasma pneumoniae pneumonia,hsa-miR-4482-5p,1.1333527565002441
Granulomatous Disease and Chronic,hsa-miR-4482-5p,1.1333123445510864
Juvenile gout,hsa-miR-1236-5p,1.1332532167434692
Venous Neointimal Hyperplasia,hsa-miR-1236-5p,1.1332348585128784
Radiation-Induced Oral Mucositis,hsa-let-7a-1,1.1332306861877441
Anemia and Aplastic,mmu-miR-700-5p,1.1331819295883179
Eye Diseases,mmu-miR-700-5p,1.1331616640090942
Airway Obstruction,hsa-miR-3619,1.1331324577331543
Meniscus Degeneration,hsa-miR-1305,1.1330296993255615
Skeletal Muscle Dysplasia,hsa-miR-1305,1.1330293416976929
Posterior Segment Ocular Diseases,hsa-miR-1305,1.1330125331878662
Reperfusion Injury and Testicular Ischemia,hsa-miR-1305,1.1330088376998901
Phyllodes Tumor and Breast,hsa-miR-1305,1.1330060958862305
Wound Infection,hsa-miR-1305,1.1330047845840454
Hereditary Autoinflammatory Diseases,hsa-miR-1305,1.1330033540725708
Lupus Vasculitis and Central Nervous System,hsa-miR-1305,1.1330020427703857
Coronary Microcirculation Dysfunction,hsa-miR-1305,1.1329989433288574
Autoimmune Diseases of the Nervous System,hsa-miR-1305,1.1329957246780396
Lentivirus Infections,hsa-miR-1305,1.1329946517944336
Ehlers-Danlos Syndrome and musculocontractural type 1,hsa-miR-4494,1.1329442262649536
Human T-Cell Leukemia Virus Type 1 Infections,hsa-miR-320B,1.1329388618469238
Polydactyly,hsa-miR-320B,1.1329206228256226
Hereditary Autoinflammatory Diseases,hsa-miR-320B,1.1329187154769897
Corneal Ulcer,hsa-miR-320B,1.1329158544540405
Hemorrhagic Fever with Renal Syndrome,hsa-miR-320B,1.1329090595245361
Ataxia Telangiectasia,mmu-miR-700-5p,1.1328564882278442
Ovarian Failure and Premature ,hsa-miR-4482,1.1328396797180176
Optic Neuritis,hsa-miR-4482,1.1327991485595703
Meniscus Degeneration,hsa-miR-151*,1.1326881647109985
Agammaglobulinemia,hsa-miR-4439,1.1326762437820435
Inflammation and Chronic,hsa-miR-151*,1.132662057876587
Ataxia Telangiectasia,hsa-miR-4439,1.1326606273651123
Choroid Diseases,hsa-miR-151*,1.1326490640640259
Sucrase-isomaltase deficiency and congenital,hsa-miR-4437,1.1326335668563843
Thyroiditis,mmu-miR-708,1.1325489282608032
Familial Multiple Coagulation Factor Deficiency I,hsa-miR-4437,1.132510781288147
Chronic  Kidney Disease,hsa-miR-4437,1.132485270500183
Encephalocraniocutaneous lipomatosis,hsa-miR-4437,1.1324806213378906
Brain Diseases,hsa-miR-4437,1.1324727535247803
Primary Myelofibrosis,hsa-miR-4437,1.1324710845947266
Charcot-Marie-Tooth disease type 1B,hsa-miR-4437,1.1324641704559326
Otitis Media,hsa-miR-4437,1.1324608325958252
Spinal Curvatures,hsa-miR-4437,1.1324585676193237
hypotrichosis 8,hsa-miR-4437,1.1324392557144165
Rhabdomyosarcoma,hsa-miR-4437,1.1324294805526733
Mood Disorders,mmu-miR-700-5p,1.1324162483215332
Rift Valley Fever,mmu-miR-697,1.1323970556259155
Carcinoma and Squamous Cell and Skin,hsa-miR-4437,1.1323955059051514
Respiration Disorders,hsa-miR-4437,1.1323952674865723
Camptocormia,hsa-miR-4437,1.1323940753936768
Pregnancy and Ectopic,hsa-miR-4437,1.132393717765808
Fibromyalgia,hsa-miR-4437,1.1323899030685425
Anemia and Aplastic,hsa-miR-4494,1.1323868036270142
Lung Abscess,hsa-miR-4437,1.1323715448379517
Shock and Cardiogenic,hsa-miR-4482,1.132359504699707
Neuromuscular Junction Diseases,mmu-miR-700-5p,1.1323533058166504
Synovitis,hsa-miR-4482,1.1323491334915161
Aspermia,mmu-miR-700-5p,1.1323204040527344
Agammaglobulinemia,mmu-miR-708,1.132295846939087
Corneal dystrophy and epithelial basement membrane,mmu-miR-700-5p,1.132291316986084
proliferative diabetic retinopathy,hsa-miR-4439,1.1322816610336304
autosomal recessive congenital bilateral absence of vas deferens,mmu-miR-700-5p,1.132277488708496
Intellectual Disability,mmu-miR-700-5p,1.132267951965332
Familial Multiple Coagulation Factor Deficiency I,mmu-miR-700-5p,1.1322609186172485
Repolarization Abnormality,mmu-miR-700-5p,1.13225257396698
Folic Acid Deficiency,mmu-miR-700-5p,1.1322423219680786
Cerebral Hemorrhage and Traumatic,hsa-miR-4482,1.132232904434204
Hepatitis and Alcoholic,mmu-miR-700-5p,1.132231593132019
Chromosome Aberrations,mmu-miR-700-5p,1.13223135471344
Encephalocraniocutaneous lipomatosis,mmu-miR-700-5p,1.1322309970855713
Choledocholithiasis,mmu-miR-700-5p,1.1322277784347534
Lipoma,mmu-miR-700-5p,1.1322212219238281
Renal Insufficiency,mmu-miR-700-5p,1.1322208642959595
Reperfusion Injury and Cerebral Ischemia,mmu-miR-700-5p,1.1322145462036133
Charcot-Marie-Tooth disease type 1B,mmu-miR-700-5p,1.1322144269943237
Prostatic Diseases,mmu-miR-700-5p,1.1322131156921387
Neurodevelopmental Injuries,mmu-miR-700-5p,1.1322115659713745
Otitis Media,mmu-miR-700-5p,1.1322109699249268
Myeloma Bone Disease,hsa-miR-152-5p,1.1321907043457031
Cardiac Dysfunction,mmu-miR-700-5p,1.1321817636489868
Rhabdomyosarcoma,mmu-miR-700-5p,1.1321797370910645
Supranuclear Palsy and Progressive,mmu-miR-700-5p,1.1321475505828857
Hirschsprung-Associated Enterocolitis,mmu-miR-700-5p,1.132143497467041
Retinal Vein Occlusion,mmu-miR-700-5p,1.132139801979065
Lung  Adenocarcinoma,hsa-miR-4482,1.1321383714675903
Edwardsiella tarda,mmu-miR-700-5p,1.132127046585083
Carcinoma,mmu-miR-700-5p,1.1321262121200562
Aspermia,hsa-miR-4439,1.132124423980713
Agammaglobulinemia,hsa-miR-4494,1.1320767402648926
Familial Multiple Coagulation Factor Deficiency I,hsa-miR-4439,1.132064938545227
Repolarization Abnormality,hsa-miR-4439,1.132056713104248
Folic Acid Deficiency,hsa-miR-4439,1.1320465803146362
Renal Interstitial Fibrosis,hsa-miR-4439,1.1320405006408691
Chromosome Aberrations,hsa-miR-4439,1.1320353746414185
Encephalocraniocutaneous lipomatosis,hsa-miR-4439,1.1320350170135498
Choledocholithiasis,hsa-miR-4439,1.1320319175720215
Renal Insufficiency,hsa-miR-4439,1.132025122642517
Prostatic Diseases,hsa-miR-4439,1.1320172548294067
Spinal Curvatures,hsa-miR-4439,1.1320127248764038
Ameloblastoma,mmu-miR-708,1.1319735050201416
Neuralgia,hsa-mir-7844,1.1319562196731567
Fibromyalgia,hsa-miR-4439,1.131944179534912
Retinal Vein Occlusion,hsa-miR-4439,1.131943941116333
Plasmablastic Lymphoma,hsa-miR-4439,1.1319342851638794
Chronic Urticaria,hsa-miR-4494,1.1319248676300049
Mood Disorders,mmu-miR-708,1.1318399906158447
Carcinoma and Mucoepidermoid,hsa-miR-3928-3p,1.131833553314209
endometriosis in scar of skin,mmu-miR-708,1.1317564249038696
Leishmaniasis and Diffuse Cutaneous,mmu-miR-708,1.1317371129989624
Neointimal Hyperplasia,mmu-miR-708,1.1317294836044312
Intellectual Disability,mmu-miR-708,1.1316916942596436
Craniosynostoses,mmu-miR-708,1.1316826343536377
proliferative diabetic retinopathy,hsa-miR-4494,1.131682276725769
Lupus Erythematosus and Cutaneous,mmu-miR-708,1.131679892539978
Frontotemporal Dementia,mmu-miR-708,1.1316736936569214
Folic Acid Deficiency,mmu-miR-708,1.1316660642623901
Choledocholithiasis,mmu-miR-708,1.1316514015197754
Neoplasms and Plasma Cell,mmu-miR-708,1.1316505670547485
cervical squamous cell carcinoma,mmu-miR-708,1.1316434144973755
Coxsackievirus Infections,mmu-miR-708,1.1316410303115845
Reperfusion Injury and Cerebral Ischemia,mmu-miR-708,1.1316382884979248
Gastrointestinal Hemorrhage,mmu-miR-708,1.1316362619400024
Mesothelioma,mmu-miR-708,1.1316355466842651
Myocardial Ischemia,mmu-miR-708,1.1316345930099487
Salivary Gland Neoplasms,mmu-miR-708,1.1316168308258057
Posterior Segment Ocular Diseases,hsa-miR-153,1.1316149234771729
Hyperuricemic Nephropathy,mmu-miR-708,1.1316043138504028
Nondisjunction and Genetic,hsa-mir-8074,1.1316033601760864
Sucrase-isomaltase deficiency and congenital,hsa-miR-4494,1.1315884590148926
Supranuclear Palsy and Progressive,mmu-miR-708,1.1315711736679077
Carcinoma and Squamous Cell and Skin,mmu-miR-708,1.1315693855285645
Camptocormia,mmu-miR-708,1.1315679550170898
Osteochondrodysplasias,mmu-miR-708,1.1315640211105347
Hemolysis,hsa-miR-4494,1.1315529346466064
Huntington Disease,mmu-miR-708,1.1315488815307617
Aspermia,hsa-miR-4494,1.1315251588821411
Corneal dystrophy and epithelial basement membrane,hsa-miR-4494,1.1314960718154907
Rheumatic Fever,hsa-miR-4494,1.1314784288406372
Intellectual Disability,hsa-miR-4494,1.1314727067947388
Craniosynostoses,hsa-miR-4494,1.131463646888733
Lupus Erythematosus and Cutaneous,hsa-miR-4494,1.1314609050750732
Frontotemporal Lobar Degeneration,hsa-miR-4494,1.1314588785171509
Repolarization Abnormality,hsa-miR-4494,1.1314573287963867
Stomach Ulcer,hsa-mir-8074,1.1314456462860107
Adrenocortical Adenoma,hsa-miR-1251,1.1314417123794556
Chediak-Higashi Syndrome,hsa-miR-1251,1.131441593170166
Meniscus Degeneration,hsa-miR-1251,1.1314411163330078
Chronic  Kidney Disease,hsa-miR-4494,1.1314400434494019
Encephalocraniocutaneous lipomatosis,hsa-miR-4494,1.131435513496399
Scleroderma and Diffuse,hsa-miR-4494,1.1314259767532349
Primary Myelofibrosis,hsa-miR-4494,1.1314259767532349
Renal Insufficiency,hsa-miR-4494,1.1314254999160767
cervical squamous cell carcinoma,hsa-miR-4494,1.1314243078231812
Reperfusion Injury and Cerebral Ischemia,hsa-miR-4494,1.13141930103302
Vaginosis and Bacterial,hsa-miR-1251,1.131419062614441
Prostatic Diseases,hsa-miR-4494,1.1314178705215454
Wound Infection,hsa-miR-1251,1.1314160823822021
Otitis Media,hsa-miR-4494,1.1314157247543335
Spinal Cord Compression,hsa-miR-103-2,1.1314154863357544
Chilblain lupus,hsa-miR-4494,1.131412386894226
Squamous Intraepithelial Lesions of the Cervix,hsa-miR-4494,1.1314111948013306
Drug-Related Side Effects and Adverse Reactions,hsa-miR-4494,1.1314083337783813
Diminished  Ovarian Reserve,hsa-miR-103-2,1.1314082145690918
Panniculitis and Peritoneal,hsa-miR-4494,1.1314057111740112
Temporomandibular Joint Disorders,hsa-miR-4494,1.1314035654067993
Reperfusion Injury and Testicular Ischemia,hsa-miR-103-2,1.131402611732483
hypotrichosis 8,hsa-miR-4494,1.1313941478729248
Diabetes Complications,hsa-miR-4494,1.131349802017212
Rh-Negative Hemolytic Disease and Fetus,hsa-miR-4494,1.1313468217849731
Bronchiolitis Obliterans Syndrome,hsa-miR-4494,1.1313444375991821
Vasospasm and Intracranial,hsa-miR-4494,1.1313396692276
Parvoviridae Infections,hsa-miR-1245a,1.1312777996063232
Ehlers-Danlos Syndrome and musculocontractural type 1,hsa-miR-4482,1.1312735080718994
Brain Edema,hsa-miR-129-5p,1.1311988830566406
Myotonic Dystrophy,hsa-miR-129-5p,1.131188988685608
Tauopathies,hsa-miR-4313,1.131160020828247
Cardiomyopathy and Right Ventricular Dilated,hsa-miR-206,1.130944848060608
Reperfusion Injury and Testicular Ischemia,hsa-miR-206,1.1309442520141602
Respiratory Sounds,hsa-miR-1284,1.1306215524673462
Rift Valley Fever,hsa-miR-4511,1.130576252937317
Scleral Diseases,hsa-miR-19b-3p,1.130492091178894
Ataxia Telangiectasia,hsa-miR-4482,1.1303904056549072
Neutropenia,hsa-miR-133a-1,1.1303638219833374
Chronic  Rhinosinusitis With Nasal Polyps,hsa-miR-133a-1,1.1303553581237793
Chronic Urticaria,hsa-miR-4482,1.1302541494369507
Ameloblastoma,hsa-miR-4482,1.1300835609436035
Familial encephalopathy with neuroserpin inclusion bodies,hsa-miR-4482,1.1300815343856812
Brugada Syndrome,hsa-miR-199a*-1,1.1300493478775024
Angioedemas and Hereditary,hsa-miR-199a*-1,1.1300463676452637
Neutropenia,hsa-miR-199a*-1,1.1300417184829712
Asthma and Chronic,hsa-miR-199a*-1,1.130035400390625
Inflammation and Chronic,hsa-miR-199a*-1,1.130035400390625
Submandibular Gland Diseases,hsa-miR-199a*-1,1.1300324201583862
proliferative diabetic retinopathy,hsa-miR-4482,1.1300113201141357
Mood Disorders,hsa-miR-4482,1.1299500465393066
Sucrase-isomaltase deficiency and congenital,hsa-miR-4482,1.1299175024032593
Constriction and Pathologic,hsa-miR-4482,1.1299149990081787
Gastric Antral Vascular Ectasia,hsa-miR-193b-5p,1.1298880577087402
Aspermia,hsa-miR-4482,1.1298542022705078
Urinary Bladder Neck Obstruction,rno-miR-369-3p,1.1298292875289917
autosomal recessive congenital bilateral absence of vas deferens,hsa-miR-4482,1.1298112869262695
Familial Multiple Coagulation Factor Deficiency I,hsa-miR-4482,1.1297945976257324
Craniosynostoses,hsa-miR-4482,1.1297928094863892
Frontotemporal Dementia,hsa-miR-4482,1.1297837495803833
Renal Interstitial Fibrosis,hsa-miR-4482,1.129770040512085
Chronic  Kidney Disease,hsa-miR-4482,1.129769206047058
Choledocholithiasis,hsa-miR-4482,1.1297615766525269
Pancreatic Intraductal Neoplasms,hsa-miR-4482,1.1297580003738403
Primary Myelofibrosis,hsa-miR-4482,1.1297551393508911
Leukemia and Myeloid and Chronic-Phase,hsa-miR-4482,1.1297496557235718
Miliaria,hsa-miR-4482,1.1297475099563599
Epilepsy and Generalized,hsa-miR-4482,1.1297460794448853
Wilms Tumor,hsa-miR-4482,1.1297428607940674
Chilblain lupus,hsa-miR-4482,1.1297416687011719
Leukemia and Myeloid and Acute and T-Cell,hsa-miR-4482,1.129739761352539
Arthritis and Temporomandibular,hsa-miR-4482,1.129738450050354
Diabetic Angiopathies,hsa-miR-4482,1.129732608795166
Sepsis-Associated Encephalopathy,hsa-miR-4482,1.1297175884246826
Hemorrhagic Fever With Renal Syndrome,hsa-miR-4482,1.129714846611023
Rhabdomyosarcoma,hsa-miR-4482,1.129713535308838
Supranuclear Palsy and Progressive,hsa-miR-4482,1.1296812295913696
Respiration Disorders,hsa-miR-4482,1.1296792030334473
Diabetes Complications,hsa-miR-4482,1.1296789646148682
Cataract and Congenital Zonular and with Sutural Opacities,hsa-miR-4482,1.1296733617782593
Bronchiolitis Obliterans Syndrome,hsa-miR-4482,1.1296733617782593
Grave Disease,hsa-miR-4482,1.1296727657318115
Lung Abscess,hsa-miR-4482,1.1296557188034058
Humeral Fractures,hsa-miR-3687,1.1295974254608154
Leukemia and Erythroblastic and Acute,rno-miR-369-3p,1.1295666694641113
Fluoride Poisoning,hsa-miR-3687,1.1295331716537476
Radiation-Induced Oral Mucositis,hsa-miR-411,1.1294947862625122
Urticaria,hsa-miR-329-5p,1.1294903755187988
Brugada Syndrome,hsa-miR-329-5p,1.129480004310608
Diminished  Ovarian Reserve,hsa-miR-329-5p,1.1294769048690796
Reperfusion Injury and Testicular Ischemia,hsa-miR-329-5p,1.1294713020324707
Classical Swine Fever,hsa-miR-329-5p,1.1294628381729126
Vitelliform Macular Dystrophy,hsa-miR-329-5p,1.1294585466384888
Respiratory Sounds,hsa-miR-30d-3p,1.1293370723724365
Meniscus Degeneration,hsa-miR-3686,1.1292016506195068
Reperfusion Injury and Testicular Ischemia,hsa-miR-3686,1.1291807889938354
Urinary Calculi,hsa-miR-3686,1.1291651725769043
Pigmented Paravenous Chorioretinal Atrophy,hsa-miR-1244,1.1290990114212036
Stomach Ulcer,rno-miR-27a,1.1290109157562256
Hypocapnia,hsa-miR-125b-2,1.1289557218551636
Airway Obstruction,hsa-miR-125b-2,1.1289201974868774
D-bifunctional protein deficiency,hsa-miR-3918,1.128854513168335
Testicular Neoplasms,hsa-miR-181b-2,1.1286520957946777
Chediak-Higashi Syndrome,hsa-miR-181b-2,1.1286476850509644
Adenocarcinoma Of Esophagus,hsa-miR-181b-2,1.1286450624465942
Vasoplegia,hsa-miR-181b-2,1.128638744354248
Teratocarcinoma and Ovarian,hsa-miR-181b-2,1.1286307573318481
Crisponi syndrome,hsa-miR-181b-2,1.1286211013793945
Rhabdoid Tumor and Kidney,hsa-miR-181b-2,1.1286206245422363
Swine Diseases,hsa-miR-181b-2,1.1286193132400513
Tibial Neuropathy,hsa-miR-181b-2,1.1286180019378662
Myotonic Dystrophy,hsa-miR-181b-2,1.1286146640777588
Chronic   Pelvic Pain Syndrome,hsa-miR-181b-2,1.1286087036132812
Radiation-Induced Oral Mucositis,hsa-miR-3190-3p,1.1285697221755981
Granulomatous Disease and Chronic,hsa-miR-4436b-5p,1.1285362243652344
Chediak-Higashi Syndrome,hsa-miR-23c,1.1284955739974976
Venous Neointimal Hyperplasia,hsa-miR-23c,1.128470540046692
Asthma and Chronic,hsa-miR-23c,1.1284688711166382
Leukemia and Erythroblastic and Acute,rno-miR-27a,1.1281522512435913
cough variant asthma,rno-miR-352,1.128087043762207
Kidney Cortex Necrosis,hsa-miR-3164,1.1280783414840698
Respiratory Sounds,hsa-miR-181a-1*,1.1279255151748657
Osteoporosis-pseudoglioma syndrome,hsa-miR-4510,1.1278612613677979
Spinal Cord Diseases,hsa-miR-4510,1.1278589963912964
Tetralogy of Fallot,hsa-miR-4510,1.127853512763977
Cushing Syndrome,hsa-miR-4510,1.127851128578186
Cerebral Infarction,hsa-miR-4510,1.1278501749038696
Bicuspid Aortic Valve Disease,hsa-miR-4510,1.1278493404388428
Meibomian Gland Carcinoma  ,hsa-miR-4510,1.1278454065322876
Fibroadenoma,hsa-miR-4510,1.1278432607650757
Reperfusion Injury and Intestinal Ischemia,hsa-miR-4510,1.1278403997421265
Postoperative Complications,hsa-miR-4510,1.127835988998413
Thymoma,hsa-miR-4510,1.1278356313705444
Lysosomal Storage Diseases,hsa-miR-28,1.127822995185852
Cardiomyopathy and Hypertrophic and Familial,hsa-miR-28,1.1277964115142822
Tauopathies,hsa-miR-20b*,1.127784252166748
Encephalitis and Tick-Borne,hsa-miR-28,1.1277828216552734
Skin Ulcer,hsa-miR-26b,1.127614140510559
Tauopathies,hsa-miR-30c-2,1.1274570226669312
Scleral Diseases,hsa-miR-3155,1.1271792650222778
Lupus Vasculitis and Central Nervous System,hsa-miR-1179,1.1271778345108032
Anemia and Hemolytic,hsa-miR-3155,1.1271631717681885
Diminished  Ovarian Reserve,hsa-miR-3155,1.1271607875823975
Neuropathic Allodynia,hsa-miR-3155,1.1271581649780273
Neutropenia,hsa-miR-3155,1.127156376838684
Reperfusion Injury and Testicular Ischemia,hsa-miR-3155,1.127155065536499
Venous Neointimal Hyperplasia,hsa-miR-3155,1.1271517276763916
Dyspepsia,hsa-miR-3155,1.1271506547927856
Rhabdoid Tumor and Kidney,hsa-miR-3155,1.1271498203277588
Myeloma Bone Disease,hsa-miR-3155,1.127148985862732
Anemia and Hypochromic,hsa-miR-3155,1.1271474361419678
Periodontitis and Diabetic,hsa-miR-3155,1.1271440982818604
Myotonic Dystrophy,hsa-miR-140-3p,1.127121925354004
Inflammation and Chronic,hsa-miR-1295,1.1268869638442993
Nevi and Melanomas,hsa-miR-1295,1.1268833875656128
Periodontitis and Diabetic,hsa-miR-1321,1.1268709897994995
Absent corpus callosum cataract immunodeficiency,hsa-miR-18,1.1268503665924072
Respiratory Sounds,hsa-miR-3202,1.1267194747924805
Wound Infection,hsa-mir-8078,1.1266076564788818
Myeloma Bone Disease,hsa-mir-8078,1.1266056299209595
Periodontitis and Diabetic,hsa-mir-8078,1.1266005039215088
Dilated Cardiomyopathy ,hsa-miR-219-1-3p,1.126554012298584
Pneumothorax,hsa-miR-1284,1.1264652013778687
Respiratory Sounds,hsa-miR-412-5p,1.1262544393539429
Airway Obstruction,hsa-miR-2114*,1.1262387037277222
Intra-Articular Fractures,hsa-miR-3175,1.1261513233184814
Parvoviridae Infections,hsa-miR-211-5p,1.1261236667633057
Nerve Degeneration,mmu-miR-697,1.126027226448059
Reperfusion Injury and Testicular Ischemia,hsa-miR-17-5p,1.1260123252868652
Airway Obstruction,hsa-miR-1284,1.1259474754333496
Reperfusion Injury and Testicular Ischemia,hsa-miR-20,1.1249682903289795
Neoplasms and Mesothelial,hsa-miR-4263,1.124929428100586
Reperfusion Injury and Testicular Ischemia,hsa-miR-136*,1.1249048709869385
Hypocapnia,hsa-miR-30d-3p,1.1246984004974365
IMAGe syndrome,hsa-miR-30d-3p,1.1246765851974487
Niemann-Pick Diseases,hsa-miR-30d-3p,1.12467360496521
Tachycardia and Sinus,hsa-miR-30d-3p,1.1246051788330078
Neuralgia,rno-miR-369-3p,1.1244844198226929
Tauopathies,hsa-miR-329-3p,1.1243442296981812
Parvoviridae Infections,hsa-miR-412-5p,1.1242167949676514
Diminished  Ovarian Reserve,hsa-miR-26b-3p,1.124037504196167
Asthma and Chronic,hsa-miR-1180,1.1238093376159668
Respiratory Sounds,hsa-miR-193a,1.1237486600875854
Airway Obstruction,hsa-miR-211-5p,1.1234873533248901
Short Qt Syndrome,hsa-miR-4493,1.1233410835266113
Dilated Cardiomyopathy ,hsa-mir-8055,1.1233391761779785
Reperfusion Injury and Testicular Ischemia,hsa-miR-4493,1.1233181953430176
Vaginosis and Bacterial,hsa-miR-4493,1.1233168840408325
Myeloma Bone Disease,hsa-miR-4493,1.1233121156692505
Myotonic Dystrophy,hsa-miR-4493,1.1233066320419312
Granulomatous Disease and Chronic,hsa-miR-4493,1.123302936553955
Urinary Calculi,hsa-miR-4493,1.123302698135376
Hyphema,hsa-miR-3928-3p,1.1231790781021118
Mastocytoma and Skin,hsa-let-7a*,1.1229153871536255
Intra-Articular Fractures,hsa-miR-3669,1.1228840351104736
Scleral Diseases,hsa-miR-19b-1,1.122695803642273
Diminished  Ovarian Reserve,hsa-miR-19b-1,1.1226774454116821
Angioedemas and Hereditary,hsa-miR-19b-1,1.1226773262023926
Retinitis Pigmentosa,hsa-miR-19b-1,1.1226717233657837
Reperfusion Injury and Testicular Ischemia,hsa-miR-19b-1,1.1226716041564941
Phyllodes Tumor and Breast,hsa-miR-19b-1,1.1226691007614136
Equine Infectious Anemia,hsa-miR-19b-1,1.1226650476455688
Nevi and Melanomas,hsa-miR-19b-1,1.1226630210876465
Parvoviridae Infections,hsa-miR-4325,1.1225532293319702
Hemoptysis,hsa-miR-140-5p,1.1223945617675781
Conjunctival Diseases,hsa-miR-140-5p,1.122380018234253
Myeloma Bone Disease,hsa-miR-140-5p,1.122373342514038
Neuralgia and Postherpetic,hsa-miR-412-5p,1.122330904006958
Fluoride Poisoning,hsa-let-7a*,1.1220481395721436
Esophageal Achalasia,hsa-miR-3202,1.1220180988311768
Oculodentodigital Dysplasia,hsa-miR-3202,1.1219927072525024
Radiation-Induced Oral Mucositis,hsa-miR-3137,1.1218721866607666
Reperfusion Injury and Testicular Ischemia,hsa-miR-22-5p,1.1218442916870117
Fluoride Poisoning,hsa-miR-3125,1.1217961311340332
Adrenoleukodystrophy,rno-miR-352,1.121549367904663
Radiation-Induced Oral Mucositis,hsa-miR-3938,1.1213197708129883
Motor Neuron Disease,hsa-miR-19a-5p,1.1212716102600098
Fluoride Poisoning,hsa-miR-2467-3p,1.1212208271026611
Agammaglobulinemia,rno-miR-352,1.1208399534225464
Wilms Tumor,rno-miR-352,1.120176911354065
Diabetic Angiopathies,rno-miR-352,1.120166540145874
Hypocapnia,hsa-miR-4325,1.1199524402618408
Nerve Degeneration,hsa-mir-8074,1.1199510097503662
Pneumoconiosis,hsa-let-7a_c,1.119470238685608
Inflammation and Chronic,hsa-let-7a_c,1.1194580793380737
Equine Infectious Anemia,hsa-let-7a_c,1.1194566488265991
Swine Diseases,hsa-let-7a_c,1.11945641040802
Tibial Neuropathy,hsa-let-7a_c,1.119455099105835
Myotonic Dystrophy,hsa-let-7a_c,1.119451642036438
Urinary Calculi,hsa-miR-149*,1.1193658113479614
Equine Infectious Anemia,hsa-miR-4296,1.1193022727966309
Gastric Antral Vascular Ectasia,hsa-miR-155-3p,1.1189090013504028
Reperfusion Injury and Steatotic Liver Ischemia,hsa-miR-3126-5p,1.1186941862106323
Chediak-Higashi Syndrome,hsa-miR-23a,1.1186660528182983
Polyposis Syndrome and Hereditary Mixed and 1,hsa-miR-23a,1.1186636686325073
Juvenile gout,hsa-miR-23a,1.1186593770980835
Angioedemas and Hereditary,hsa-miR-23a,1.1186503171920776
Rhabdoid Tumor and Kidney,hsa-miR-23a,1.1186391115188599
Neoplasms and Mesothelial,hsa-miR-23a,1.1186267137527466
Niemann-Pick Diseases,hsa-miR-4281,1.1180955171585083
Airway Obstruction,hsa-miR-2053,1.1180764436721802
Neointima,hsa-miR-17-92,1.1179299354553223
Hyphema,hsa-miR-218-1,1.1177536249160767
Ceroid lipofuscinosis and neuronal 5,hsa-miR-3928-3p,1.1177129745483398
Niemann-Pick Diseases,hsa-miR-3928-3p,1.1176995038986206
Humeral Fractures,hsa-miR-3928-3p,1.1176812648773193
Hypocapnia,hsa-miR-130b,1.1175159215927124
Splenic Neoplasms,hsa-miR-222,1.1174908876419067
Transmissible Gastroenteritis,hsa-miR-222,1.1174817085266113
Neutropenia,hsa-miR-222,1.1174814701080322
Airway Obstruction,hsa-miR-130b,1.1174805164337158
Lattice corneal dystrophy type 1,hsa-miR-222,1.1174774169921875
Myeloma Bone Disease,hsa-miR-222,1.11747407913208
Autoimmune Diseases of the Nervous System,hsa-miR-222,1.1174670457839966
Lentivirus Infections,hsa-miR-222,1.1174660921096802
Urinary Calculi,hsa-miR-222,1.1174646615982056
Short Qt Syndrome,hsa-miR-3179,1.1172947883605957
Human T-Cell Leukemia Virus Type 1 Infections,hsa-miR-3179,1.1172863245010376
Angioedemas and Hereditary,hsa-miR-3179,1.1172776222229004
Reperfusion Injury and Testicular Ischemia,hsa-miR-3179,1.1172716617584229
Equine Infectious Anemia,hsa-miR-3179,1.117265224456787
Hypocapnia,hsa-miR-26b,1.117185115814209
Fluoride Poisoning,hsa-miR-290,1.1171168088912964
Amebiasis,hsa-miR-1b-1,1.1170417070388794
Non-Syndromic Tooth Agenesis,hsa-miR-1b-1,1.1170408725738525
Oculodentodigital Dysplasia,hsa-miR-155*,1.1170402765274048
Asthma and Chronic,hsa-miR-1b-1,1.1170122623443604
Nevi and Melanomas,hsa-miR-1b-1,1.1170086860656738
Neoplasms and Mesothelial,hsa-miR-1b-1,1.116999626159668
Polyneuropathies,hsa-miR-3124-5p,1.11668860912323
Respiratory Sounds,hsa-miR-29c,1.1166162490844727
Amebiasis,hsa-miR-212-3p,1.116106629371643
Diminished  Ovarian Reserve,hsa-miR-212-3p,1.1160879135131836
Wound Infection,hsa-miR-212-3p,1.11607825756073
Myeloma Bone Disease,hsa-miR-212-3p,1.1160759925842285
Adrenocortical Adenoma,EBV-mir-BART12,1.1158548593521118
Spinal Cord Compression,EBV-mir-BART12,1.1158462762832642
Neoplasms and Mesothelial,EBV-mir-BART12,1.1158156394958496
Hyphema,hsa-miR-193b-5p,1.1155847311019897
 Lymph  Node Metastasis,hsa-miR-132*,1.1155681610107422
Testicular Neoplasms,hsa-miR-23a*,1.1153564453125
Chediak-Higashi Syndrome,hsa-miR-23a*,1.115351915359497
Angioedemas and Hereditary,hsa-miR-23a*,1.1153361797332764
Myeloma Bone Disease,hsa-miR-23a*,1.1153242588043213
Nerve Degeneration,rno-miR-27a,1.1152334213256836
Diabetic Wound,hsa-miR-19a-5p,1.1151385307312012
Parvoviridae Infections,hsa-miR-30c-2,1.115134835243225
Tachycardia and Sinus,hsa-miR-19a-5p,1.115045428276062
Human T-Cell Leukemia Virus Type 1 Infections,hsa-miR-4475,1.1148375272750854
Neutropenia,hsa-miR-4475,1.1148244142532349
Reperfusion Injury and Testicular Ischemia,hsa-miR-4475,1.1148228645324707
Lattice corneal dystrophy type 1,hsa-miR-4475,1.1148203611373901
Chediak-Higashi Syndrome,hsa-miR-1303,1.1147135496139526
Parvoviridae Infections,hsa-miR-422b,1.1146198511123657
Hypocapnia,hsa-miR-30c-2-3p,1.114518404006958
Phyllodes Tumor and Breast,hsa-miR-192-3,1.1140671968460083
Inflammation and Chronic,hsa-miR-192-3,1.1140648126602173
Reperfusion Injury and Ischemia,hsa-miR-216a-5p,1.1139651536941528
Respiratory Sounds,hsa-miR-093,1.113580346107483
Gastric Antral Vascular Ectasia,hsa-miR-18b-5p,1.1135302782058716
Parvoviridae Infections,hsa-miR-4255,1.1134487390518188
Encephalitis and Tick-Borne,hsa-miR-3650,1.1131868362426758
Fluoride Poisoning,hsa-miR-20b*,1.1127538681030273
Chediak-Higashi Syndrome,EBV-mir-BHRF1-3,1.1126652956008911
Diminished  Ovarian Reserve,EBV-mir-BHRF1-3,1.1126494407653809
Reperfusion Injury and Testicular Ischemia,EBV-mir-BHRF1-3,1.1126437187194824
thyroid gland Hurthle cell carcinoma,hsa-miR-1322,1.1126428842544556
Myotonic Dystrophy,hsa-miR-1322,1.1126091480255127
Granulomatous Disease and Chronic,hsa-miR-1322,1.1126055717468262
Fluoride Poisoning,hsa-miR-30c-2,1.112426519393921
Parvoviridae Infections,hsa-miR-329-3p,1.1120221614837646
Scleral Diseases,hsa-miR-190,1.1120209693908691
Meniscus Degeneration,hsa-miR-190,1.1120178699493408
Polyposis Syndrome and Hereditary Mixed and 1,hsa-miR-190,1.1120160818099976
Posterior Segment Ocular Diseases,hsa-miR-190,1.112000584602356
Reperfusion Injury and Testicular Ischemia,hsa-miR-190,1.1119968891143799
Human T-Cell Leukemia Virus Type 1 Infections,hsa-miR-1910,1.1117461919784546
Cerebral Hemorrhage and Age-Related,hsa-miR-1910,1.111740231513977
Lattice corneal dystrophy type 1,hsa-miR-1910,1.1117292642593384
Wound Infection,hsa-miR-1910,1.1117277145385742
Tibial Neuropathy,hsa-miR-1910,1.111723780632019
Renal Artery Obstruction,hsa-miR-1910,1.1117199659347534
Immunosuppression Therapy,hsa-miR-1910,1.1117160320281982
Liposarcoma and Myxoid,hsa-miR-1910,1.1117150783538818
Dilated Cardiomyopathy ,hsa-miR-181a-3p,1.1117002964019775
Mastocytoma and Skin,hsa-miR-4255,1.1116077899932861
Neuralgia and Postherpetic,hsa-miR-4255,1.111562728881836
Human T-Cell Leukemia Virus Type 1 Infections,hsa-let-7e*,1.111490249633789
Transmissible Gastroenteritis,hsa-let-7e*,1.1114773750305176
Reperfusion Injury and Testicular Ischemia,hsa-let-7e*,1.1114755868911743
Periodontitis and Diabetic,hsa-let-7e*,1.1114646196365356
Reperfusion Injury and Ischemia,hsa-miR-329-3p,1.1112704277038574
Reperfusion Injury and Steatotic Liver Ischemia,hsa-miR-181a-3p,1.1101276874542236
Airway Obstruction,hsa-miR-193b-5p,1.110094428062439
Optic atrophy 1 and deafness,EBV-miR-BART16,1.1099112033843994
thyroid gland Hurthle cell carcinoma,EBV-miR-BART16,1.1099046468734741
Human T-Cell Leukemia Virus Type 1 Infections,EBV-miR-BART16,1.1098971366882324
Angioedemas and Hereditary,EBV-miR-BART16,1.1098883152008057
Primary Gastrointestinal Diffuse Large B-Cell Lymphoma ,EBV-miR-BART16,1.1098828315734863
Arthritis and Gouty and Chronic,EBV-miR-BART16,1.1098812818527222
Lattice corneal dystrophy type 1,EBV-miR-BART16,1.109879970550537
Tricuspid Valve Insufficiency,EBV-miR-BART16,1.1098788976669312
Inflammation and Chronic,EBV-miR-BART16,1.109877347946167
Asthma and Chronic,EBV-miR-BART16,1.1098772287368774
Lymphohistiocytosis and Hemophagocytic,EBV-miR-BART16,1.109874963760376
Visceral Hypersensitivity,EBV-miR-BART16,1.1098744869232178
Myotonic Dystrophy,EBV-miR-BART16,1.1098709106445312
Autoimmune Diseases of the Nervous System,EBV-miR-BART16,1.1098692417144775
Reperfusion Injury and Testicular Ischemia,hsa-miR-302b,1.109505295753479
Tibial Neuropathy,hsa-miR-302b,1.1094971895217896
Autoimmune Diseases of the Nervous System,hsa-miR-302b,1.1094921827316284
Lattice corneal dystrophy type 1,hcmv-miR-UL148d,1.1094491481781006
Tricuspid Valve Insufficiency,hcmv-miR-UL148d,1.1094483137130737
Exostoses,hsa-miR-329-3p,1.1094328165054321
Stenosis and Pulmonary Artery,hsa-miR-329-3p,1.1093939542770386
Cryptococcosis,rno-miR-369-3p,1.1091299057006836
Skeletal Muscle Dysplasia,hsa-miR-34b-3p,1.1088905334472656
Posterior Segment Ocular Diseases,hsa-miR-34b-3p,1.108873724937439
Reperfusion Injury and Testicular Ischemia,hsa-miR-34b-3p,1.108870029449463
Chronic Kidney   Disease,hsa-miR-34b-3p,1.1088693141937256
Fabry   Nephropathy,hsa-miR-34b-3p,1.1088662147521973
Myeloma Bone Disease,hsa-miR-34b-3p,1.1088639497756958
Equine Infectious Anemia,hsa-miR-34b-3p,1.1088634729385376
Nevi and Melanomas,hsa-miR-34b-3p,1.1088614463806152
Prekallikrein Deficiency,hsa-miR-34b-3p,1.108860969543457
Urinary Calculi,hsa-miR-34b-3p,1.1088545322418213
Neoplasms and Mesothelial,hsa-miR-34b-3p,1.108852505683899
Choroid Diseases,hsa-miR-34b-3p,1.1088520288467407
Reperfusion Injury and Testicular Ischemia,hsa-miR-3124-3p,1.1087822914123535
Cardiomyopathy and Hypertrophic and Familial,hsa-miR-3124-3p,1.1087749004364014
Wound Infection,hsa-miR-3940-3p,1.1087679862976074
Spinal Dysraphism,hsa-miR-29b-3p,1.108298659324646
Fluoride Poisoning,hsa-miR-29b-3p,1.10767662525177
Intermittent Claudication,hsa-miR-216,1.1072052717208862
Hypocapnia,hsa-miR-30b*,1.1063774824142456
Radiation-Induced Oral Mucositis,hsa-miR-22-5p,1.105979561805725
Brugada Syndrome,hsa-miR-28-3p,1.105378270149231
Angioedemas and Hereditary,hsa-miR-28-3p,1.1053752899169922
Asthma and Chronic,hsa-miR-28-3p,1.105364441871643
Canavan Disease,hsa-miR-28-3p,1.105349063873291
Intermittent Claudication,hsa-miR-1975,1.1047250032424927
Phyllodes Tumor and Breast,hsa-miR-4419b,1.1045454740524292
Reperfusion Injury and Testicular Ischemia,hsa-miR-146b-3p,1.1045440435409546
Vaginosis and Bacterial,hsa-miR-146b-3p,1.1045427322387695
Myeloma Bone Disease,hsa-miR-4419b,1.1045420169830322
talaromycosis,hsa-miR-144*,1.103683590888977
Intermittent Claudication,hsa-miR-4267,1.1035436391830444
Venous Neointimal Hyperplasia,hsa-miR-198,1.1019871234893799
Fluoride Poisoning,hsa-miR-3175,1.101187825202942
Radiation-Induced Oral Mucositis,hsa-miR-1b-1,1.1011526584625244
Wound Infection,hcmv-miR-UL148D,1.1010472774505615
Parvoviridae Infections,hsa-miR-3669,1.1006287336349487
Neutropenia,hsa-miR-16-1*,1.1004455089569092
Tauopathies,hsa-miR-152,1.1002471446990967
Inflammation-Related  Depression,hsa-miR-4280,1.0993993282318115
 Lymph  Node Metastasis,hsa-miR-137,1.0991227626800537
Neointima,hsa-miR-155-3p,1.0991177558898926
Calcification of Joints and Arteries,hsa-miR-3669,1.0981720685958862
Hypocapnia,hsa-miR-3669,1.0980280637741089
Stomatitis and Aphthous,hsa-miR-1225-5p,1.0979280471801758
ureteropelvic junction obstruction,hsa-miR-143,1.0967004299163818
Brugada Syndrome,hsa-miR-143,1.0966917276382446
Periodontitis and Diabetic,hsa-miR-143,1.0966720581054688
Gastric Antral Vascular Ectasia,hsa-miR-4447,1.0955774784088135
Hypocapnia,hsa-miR-1301-3p,1.0955755710601807
Reperfusion Injury and Testicular Ischemia,hsa-miR-1237,1.095409870147705
Lattice corneal dystrophy type 1,hsa-miR-1237,1.095407247543335
Chronic   Pelvic Pain Syndrome,hsa-miR-1237,1.0953924655914307
Neutropenia,hsa-miR-4265,1.0949316024780273
Tibial Neuropathy,hsa-miR-4265,1.0949223041534424
Classical Swine Fever,hsa-miR-4265,1.0949220657348633
Neutropenia,hsa-miR-3152-3p,1.0936236381530762
Asthma and Chronic,hsa-miR-3152-3p,1.09361732006073
 Lymph  Node Metastasis,hsa-miR-378*,1.0936006307601929
Intra-Articular Fractures,hsa-miR-213,1.0934314727783203
Fluoride Poisoning,hsa-miR-3646,1.0931657552719116
Meniscus Degeneration,hsa-miR-1277-3p,1.0928512811660767
Visceral Pain,hsa-miR-1277-3p,1.092824101448059
Phyllodes Tumor and Breast,hsa-miR-1268a,1.0921437740325928
Urinary Calculi,hsa-miR-1201,1.0912678241729736
Posterior Segment Ocular Diseases,hsa-miR-197,1.0912095308303833
Chronic  Rhinosinusitis With Nasal Polyps,hsa-miR-338-3p,1.0898103713989258
Chediak-Higashi Syndrome,hsa-miR-3680-3p,1.0894125699996948
Polyposis Syndrome and Hereditary Mixed and 1,hsa-miR-3680-3p,1.0894101858139038
Blind Loop Syndrome,hsa-miR-3126-5p,1.0882078409194946
 Lymph  Node Metastasis,hsa-miR-30a,1.0869983434677124
Intra-Articular Fractures,hsa-miR-1979,1.086972951889038
 Lymph  Node Metastasis,hsa-miR-2392,1.0865023136138916
 Lymph  Node Metastasis,hsa-miR-4267,1.0853456258773804
Skeletal Muscle Injury,hsa-miR-432*,1.0850560665130615
Human T-Cell Leukemia Virus Type 1 Infections,hsa-miR-2114-3p,1.0850467681884766
Diminished  Ovarian Reserve,hsa-miR-132-3p,1.0848675966262817
 Lymph  Node Metastasis,hsa-let-7a-1,1.0835362672805786
IMAGe syndrome,hsa-miR-3918,1.0807217359542847
 Lymph  Node Metastasis,EBV-mir-BART8,1.0804352760314941
Airway Obstruction,hsa-miR-210-3p,1.0799715518951416
Wound Infection,hsa-miR-326,1.0798165798187256
Myeloma Bone Disease,hsa-miR-326,1.0798146724700928
Leukopenia,hsa-miR-3117-3p,1.0797752141952515
Autoimmune Diseases of the Nervous System,hsa-miR-1915*,1.0781152248382568
Urinary Calculi,hsa-miR-1247-3p,1.075493335723877
Respiratory Sounds,mmu-miR-744,1.0751867294311523
IgA Vasculitis,rno-miR-369-3p,1.0750471353530884
Posterior Segment Ocular Diseases,hsa-miR-143-3p,1.0741264820098877
Fluoride Poisoning,hsa-miR-3677,1.0740984678268433
Angioedemas and Hereditary,hsa-miR-20b-5p,1.0740904808044434
Venous Neointimal Hyperplasia,hsa-miR-20b-5p,1.074081540107727
Granulomatous Disease and Chronic,hsa-miR-20b-5p,1.0740697383880615
Urinary Calculi,hsa-miR-20b-5p,1.0740692615509033
Myeloma Bone Disease,hsa-miR-101b,1.0733835697174072
UV-Sensitive Syndrome,hsa-miR-101b,1.0733768939971924
Urinary Calculi,hsa-miR-101b,1.0733742713928223
Multiple Mitochondrial Dysfunctions Syndrome,hsa-miR-101b,1.073372721672058
Chronic   Pelvic Pain Syndrome,hsa-miR-101b,1.0733722448349
Tricuspid Valve Insufficiency,hsa-miR-1277-5p,1.073102593421936
Niemann-Pick Diseases,hsa-miR-219a-5p,1.0727190971374512
Reperfusion Injury and Testicular Ischemia,hsa-miR-202*,1.071881651878357
Amebiasis,hsa-miR-3156-3p,1.0711326599121094
Scleral Diseases,hsa-miR-3156-3p,1.0711326599121094
Splenic Neoplasms,hsa-miR-3156-3p,1.0711191892623901
Hereditary Autoinflammatory Diseases,hsa-miR-3156-3p,1.0711028575897217
Leukopenia,hsa-miR-1283-1,1.0703593492507935
Reperfusion Injury and Steatotic Liver Ischemia,hsa-miR-184,1.0702357292175293
Amebiasis,hsa-miR-1914,1.0699478387832642
Hypocapnia,hsa-miR-30c-2*,1.0697033405303955
Rhabdoid Tumor and Kidney,hsa-miR-1323,1.0695794820785522
Neutropenia,hsa-miR-1269b,1.069550633430481
Periodontitis and Diabetic,hsa-miR-1269b,1.0695383548736572
Granulomatous Disease and Chronic,hsa-miR-1269b,1.0695343017578125
Amebiasis,hsa-miR-3621,1.0689077377319336
Milk Hypersensitivity,hsa-miR-3621,1.0688809156417847
Hypocapnia,hsa-miR-3191-3p,1.0670173168182373
Chediak-Higashi Syndrome,hsa-miR-195,1.0667089223861694
Lymphoma and T-Cell,hsa-mir-8074,1.0657615661621094
Parvoviridae Infections,hsa-miR-1225-5p,1.0641343593597412
Fluoride Poisoning,rno-miR-25,1.0638214349746704
Fluoride Poisoning,hsa-miR-219-1-3p,1.0635350942611694
Humeral Fractures,hsa-miR-1979,1.0620735883712769
 Lymph  Node Metastasis,hsa-miR-3137,1.0615270137786865
Fluoride Poisoning,hsa-miR-1225-5p,1.061426043510437
Motor Disorders,hsa-miR-2115*,1.0584343671798706
Heart Neoplasms,hsa-miR-4511,1.0578012466430664
Asthma and Allergic and Seasonal,hsa-mir-7844,1.057687759399414
Airway Obstruction,hsa-miR-3126-5p,1.0573198795318604
Respiratory Sounds,hsa-miR-1255b,1.0571372509002686
Neointima,hsa-miR-146,1.0570961236953735
Papilloma and Inverted,hsa-miR-2392,1.0555418729782104
Heart Neoplasms,hsa-mir-8074,1.0552529096603394
Multiple Mitochondrial Dysfunctions Syndrome,hsa-miR-3914,1.0547949075698853
Respiratory Sounds,hsa-miR-181a-3p,1.0534271001815796
Leukopenia,hsa-miR-324,1.052323579788208
Hyperphenylalaninemia with primapterinuria,hsa-miR-103a-3p,1.0523020029067993
Asthma and Allergic and Seasonal,hsa-mir-8074,1.0512715578079224
Papilloma and Inverted,EBV-miR-BART7,1.048330545425415
Iridocorneal Endothelial Syndrome,hsa-miR-148b-3p,1.0454394817352295
Papilloma and Inverted,hsa-miR-218-2,1.0450509786605835
 Lymph  Node Metastasis,hsa-miR-181b-2,1.0438730716705322
Human T-Cell Leukemia Virus Type 1 Infections,hsa-miR-1228-5p,1.04375422000885
Ovarian Diseases,hsa-miR-4511,1.0433861017227173
Tricuspid Valve Insufficiency,hsa-miR-376a-3p,1.0432286262512207
Tachycardia,hsa-mir-7844,1.0421403646469116
Reperfusion Injury and Testicular Ischemia,hsa-miR-31-5p,1.041974663734436
Nevi and Melanomas,hsa-miR-31-5p,1.0419658422470093
Neutropenia,hsa-miR-154*,1.0417197942733765
Hypocapnia,hsa-let-7f-2-3p,1.0414050817489624
 Lymph  Node Metastasis,hsa-miR-3155,1.041022777557373
Pregnancy Complications and Infectious,hsa-miR-146a,1.039689302444458
Dry Eye Syndromes,hsa-mir-7844,1.031235933303833
Hypocapnia,hsa-miR-4268,1.0291842222213745
Macular dystrophy and corneal type 1,hsa-miR-4428,1.0282971858978271
Dry Eye Syndromes,hsa-miR-4511,1.027368187904358
Anemia and Iron-Deficiency,hsa-miR-1225,1.026383399963379
Nevus and Halo,hsa-mir-8074,1.0260082483291626
Periodontitis and Diabetic,hsa-miR-148a*,1.0231853723526
Nevi and Melanomas,hsa-miR-1471,1.0231075286865234
Prekallikrein Deficiency,hsa-miR-34b,1.0230813026428223
Neutropenia,EBV-miR-BART1,1.0230507850646973
Nervous System Neoplasms,rno-miR-27a,1.0230233669281006
Myeloma Bone Disease,hsa-miR-4427,1.0230066776275635
Wound Infection,hsa-miR-3148,1.0229458808898926
Wound Infection,hsa-miR-200a*,1.0229406356811523
Wound Infection,hsa-miR-205*,1.0229295492172241
Tricuspid Valve Insufficiency,hsa-miR-3606,1.0229029655456543
Dry Eye Syndromes,rno-miR-369-3p,1.0228426456451416
Reperfusion Injury and Testicular Ischemia,hsa-miR-4435,1.0228015184402466
Posterior Segment Ocular Diseases,hsa-miR-299-5p,1.0226781368255615
Polyposis Syndrome and Hereditary Mixed and 1,hsa-miR-216b-3p,1.022124171257019
Endothelial Barrier Dysfunction,hsa-mir-8074,1.0209828615188599
Anemia and Iron-Deficiency,hsa-miR-1975,1.0207880735397339
Anemia and Iron-Deficiency,hsa-miR-2392,1.0207632780075073
thyroid gland Hurthle cell carcinoma,hsa-miR-132,1.0198664665222168
Endothelial Barrier Dysfunction,rno-miR-369-3p,1.0190057754516602
Precursor B-Cell Lymphoblastic Leukemia-Lymphoma,mmu-miR-697,1.018959879875183
Macular dystrophy and corneal type 1,hsa-mir-7844,1.0187526941299438
Anemia and Iron-Deficiency,hsa-miR-3117-3p,1.0185140371322632
Anemia and Iron-Deficiency,hsa-miR-3124,1.0154250860214233
Immunologic Deficiency Syndromes,hsa-miR-3176,1.0142582654953003
Precursor B-Cell Lymphoblastic Leukemia-Lymphoma,hsa-mir-8074,1.0128835439682007
Anemia and Iron-Deficiency,hsa-miR-376b-3p,1.0128629207611084
Macular dystrophy and corneal type 1,rno-miR-369-3p,1.0103594064712524
Retroviridae Infections,hsa-mir-8074,1.008886694908142
Angioedemas and Hereditary,hsa-miR-30c,1.0082238912582397
Precursor B-Cell Lymphoblastic Leukemia-Lymphoma,rno-miR-27a,1.0081660747528076
Nevi and Melanomas,hsa-miR-187,1.0075753927230835
 Lymph  Node Metastasis,EBV-miR-BART16,1.0075539350509644
Reperfusion Injury and Testicular Ischemia,hsa-miR-3166,1.0073498487472534
Canavan Disease,hsa-miR-3166,1.0073294639587402
Angioedemas and Hereditary,hsa-miR-1273e,1.007241129875183
Renal Artery Obstruction,hsa-miR-345,1.0071518421173096
thyroid gland Hurthle cell carcinoma,hsa-miR-3690,1.0071299076080322
Wound Infection,hsa-miR-361-5p,1.00703763961792
Drug-Induced Kidney Injury,hsa-mir-8074,1.0068978071212769
 Lymph  Node Metastasis,hsa-miR-34b-3p,1.0055923461914062
Ophthalmoplegia and Chronic Progressive External,hsa-miR-130a-1,1.0031601190567017
Reperfusion Injury and Testicular Ischemia,hsa-miR-3545-5p,1.0024819374084473
pancreatic adenocarcinoma,mmu-miR-697,1.0012671947479248
Myeloma Bone Disease,hsa-miR-3159,1.0003750324249268
Pulmonary Hypertension and Thromboembolic and Chronic,hsa-mir-8074,0.9999417662620544
Hemorrhage,hsa-mir-7844,0.9983386397361755
Hemorrhage,mmu-miR-697,0.9979986548423767
pancreatic adenocarcinoma,hsa-miR-4511,0.9977390170097351
Splenic Neoplasms,hsa-miR-133,0.9975330233573914
Spasm,hsa-miR-374b-5p,0.9974847435951233
Myeloma Bone Disease,hsa-miR-204-5p,0.9974802136421204
Granulomatous Disease and Chronic,hsa-miR-374b-5p,0.9974736571311951
Wound Infection,hsa-miR-122-5p,0.9974097609519958
Mycoplasma pneumoniae pneumonia,hsa-miR-1180-5p,0.997076690196991
Scleral Diseases,hsa-miR-1180-5p,0.9970757365226746
Classical Swine Fever,hsa-miR-1180-5p,0.9970431923866272
Conotruncal cardiac defects,hsa-mir-8074,0.996005117893219
Posterior Segment Ocular Diseases,hsa-miR-3615,0.9954459071159363
Myeloma Bone Disease,hsa-miR-3615,0.9954360127449036
pancreatic adenocarcinoma,hsa-mir-8074,0.9951909184455872
Hemorrhage,hsa-miR-4511,0.9944707751274109
Uterine Neoplasms,hsa-mir-8074,0.9939113259315491
Tendinopathy,hsa-mir-8074,0.992931067943573
Fibrosis and Pancreas,hsa-mir-8061,0.9927048087120056
Heart Failure and Diastolic,hsa-miR-32*,0.9924959540367126
Hemorrhage,hsa-mir-8074,0.9919225573539734
Cholesteatoma and Middle Ear,hsa-mir-8074,0.9916228652000427
Pediatric Enteritis,hsa-miR-4496,0.9911180138587952
Reperfusion Injury and Testicular Ischemia,hsa-miR-3189,0.9910134673118591
Nevi and Melanomas,hsa-miR-3189,0.9910047650337219
Laryngopharyngeal Neoplasms,hsa-miR-3189,0.9910019040107727
Intervertebral Disc Displacement,hsa-miR-3927-3p,0.9909098744392395
Periodontitis and Diabetic,hsa-miR-3927-3p,0.990899384021759
Mesangial sclerosis and diffuse,rno-miR-27a,0.990889847278595
Reperfusion Injury and Testicular Ischemia,hsa-miR-196b,0.9908704161643982
Splenic Neoplasms,hsa-miR-424-3p,0.9905417561531067
Equine Infectious Anemia,hsa-miR-424-3p,0.9905243515968323
Epilepsies and Partial,hsa-miR-4511,0.9904560446739197
Hemorrhage,rno-miR-369-3p,0.9899454712867737
Uterine Neoplasms,rno-miR-27a,0.9891937375068665
Enterovirus A Infection,rno-miR-27a,0.9881201386451721
Toxoplasmosis and Cerebral,hsa-miR-4511,0.9862235188484192
Epilepsies and Partial,rno-miR-369-3p,0.9859306216239929
hsv1-miR-H7,hsa-miR-4511,0.9857736229896545
hsv2-miR-H19,hsa-miR-4511,0.9857705235481262
miR-142-y,hsa-miR-4511,0.9857681393623352
Wallerian Degeneration,hsa-mir-8074,0.9848368763923645
Neuromyelitis Optica,hsa-mir-8074,0.98420649766922
Pathologic Processes,hsa-miR-4511,0.9841815829277039
Neurotoxicity Syndromes,hsa-mir-8074,0.9841424822807312
Follicular Atresia,hsa-mir-8074,0.9833260178565979
miR-BART21,hsa-mir-8074,0.9832305312156677
hsv2-miR-H19,hsa-mir-8074,0.9832220673561096
Maxillary Fractures,hsa-miR-19b-1*,0.9729364514350891
Preterm Premature Rupture of the Membranes,hsa-mir-875,0.9719612002372742
Ophthalmoplegia and Chronic Progressive External,hsa-miR-020,0.9713359475135803
Ophthalmoplegia and Chronic Progressive External,hsa-miR-374a-3p,0.9713146090507507
Ophthalmoplegia and Chronic Progressive External,hsa-miR-376b-3p,0.9673416018486023
Hypocapnia,hsa-miR-3928-5p,0.9666134715080261
Testicular Damage,rno-miR-27a,0.9663373827934265
Hyperphagia,hsa-miR-4428,0.9635859131813049
Maxillary Fractures,hsa-miR-3117-3p,0.9632670283317566
Reperfusion Injury and Steatotic Liver Ischemia,hsa-miR-3186-5p,0.9619266390800476
Smith-McCort Dysplasia,hsa-miR-4511,0.9612974524497986
Pelvic Organ Prolapse,hsa-miR-4428,0.9605759978294373
Pancoast Syndrome,hsa-mir-7844,0.9600582718849182
Papillomavirus Infections,hsa-mir-7844,0.9591043591499329
Respiratory Tract Infections,mmu-miR-697,0.9589096903800964
Vitreoretinochoroidopathy,hsa-miR-423-3p,0.9583056569099426
Smith-McCort Dysplasia,rno-miR-369-3p,0.9567720293998718
Hashimoto Disease,hsa-miR-4428,0.9566202759742737
Pancoast Syndrome,hsa-miR-4511,0.9561904072761536
Metabolic  Syndrome,hsa-miR-4511,0.9561401009559631
Maxillary Fractures,hsa-miR-320,0.9545777440071106
Hyperphagia,mmu-miR-697,0.9537015557289124
Pancoast Syndrome,hsa-mir-8074,0.9536421895027161
Antiphospholipid Syndrome,mmu-miR-697,0.9534189105033875
Blind Loop Syndrome,hsa-miR-380*,0.9530243277549744
Maxillary Fractures,hsa-miR-3185,0.9516761898994446
Pelvic Organ Prolapse,hsa-mir-7844,0.9510313868522644
Teratoma,rno-miR-27a,0.9499296545982361
Gastric Antral Vascular Ectasia,hsa-miR-18a*,0.9496139883995056
Pancoast Syndrome,rno-miR-27a,0.9489246010780334
Chlamydia Infections,hsa-miR-4428,0.9483469128608704
Tooth and Supernumerary,hsa-miR-4511,0.9480838179588318
Severe Dengue,hsa-mir-875,0.9480623602867126
Papillomavirus Infections,rno-miR-27a,0.9479706883430481
Chlamydia Infections,rno-miR-30b-3p,0.9462142586708069
Hashimoto Disease,hsa-mir-8061,0.9461155533790588
Mesothelioma and Malignant,hsa-miR-4511,0.9456573128700256
Tooth and Supernumerary,hsa-mir-8074,0.9455356001853943
Hashimoto Disease,hsa-miR-4511,0.9432080388069153
Mesothelioma and Malignant,hsa-mir-8074,0.9431090950965881
Gastric Antral Vascular Ectasia,hsa-miR-380*,0.9419298768043518
Noma,hsa-miR-4511,0.9418169856071472
Dilated Cardiomyopathy ,hsa-miR-3934-5p,0.9411918520927429
Tooth and Supernumerary,rno-miR-27a,0.9408180117607117
Hashimoto Disease,hsa-mir-8074,0.9406598210334778
Primary Aldosteronism ,hsa-mir-7844,0.9401898980140686
Hypothyroidism,mmu-miR-697,0.9400395750999451
Noma,hsa-mir-8074,0.9392685294151306
Aortic Valve Stenosis,hsa-miR-4511,0.9392595887184143
Chlamydia Infections,mmu-miR-697,0.9384625554084778
Chlamydia Infections,hsa-mir-8061,0.9378421902656555
Abnormalities and Drug-Induced,hsa-miR-4428,0.9371492266654968
Maxillary Fractures,hsa-miR-371a-3p,0.9370618462562561
Maxillary Fractures,hsa-miR--196a-2,0.9367873072624207
Vitreoretinochoroidopathy,hcmv-miR-UL59,0.9361220002174377
Maxillary Fractures,hsa-miR-3666,0.9359553456306458
Lymphangioleiomyomatosis,rno-miR-30b-3p,0.9357392191886902
Still's Disease and Adult-Onset,mmu-miR-697,0.935463011264801
Heart Failure and Diastolic,hsa-miR-1226,0.9348768591880798
Dilated Cardiomyopathy ,hsa-miR-199a*-2,0.9343387484550476
Hypocapnia,hsa-miR-30c-1*,0.9340388178825378
Hypothyroidism,hsa-mir-8074,0.9339632391929626
Severe Dengue,hsa-mir-8074,0.9339331984519958
Premenstrual Syndrome,hsa-mir-8074,0.9335874915122986
Heart Failure and Diastolic,hsa-miR-3934-5p,0.932523787021637
Graft Occlusion and Vascular,hsa-mir-7844,0.9324067234992981
Still's Disease and Adult-Onset,hsa-miR-4511,0.9319351315498352
Esophageal Neoplasms,hsa-miR-4511,0.9318241477012634
Stomatognathic Diseases,hsa-miR-3117-3p,0.9312734007835388
Polycystic Kidney Diseases,rno-miR-30b-3p,0.9309974312782288
Heart Failure and Diastolic,hsa-miR-3591-3p,0.9291453957557678
Primary Aldosteronism ,rno-miR-27a,0.9290563464164734
Anhedonia,hsa-mir-8079,0.9286847710609436
Intra-Articular Fractures,hsa-miR-200c-3p,0.9284635186195374
Iridocorneal Endothelial Syndrome,hcmv-miR-US25-1,0.9284314513206482
Reperfusion Injury and Steatotic Liver Ischemia,hsa-miR-135b-3p,0.9283856749534607
Brain Injuries,hsa-mir-7844,0.9276568293571472
Vitreoretinochoroidopathy,hsa-miR-2392,0.9276350140571594
Hypothermia,hsa-mir-7844,0.9275991320610046
Brain Injuries,mmu-miR-697,0.9273170828819275
Graft Occlusion and Vascular,hsa-mir-8074,0.9259907603263855
Stomatognathic Diseases,hsa-miR-376b-3p,0.9256224036216736
Intra-Articular Fractures,hsa-miR-3186-5p,0.925443708896637
Vitreoretinochoroidopathy,hsa-miR-3117-3p,0.9253857731819153
high grade glioma,hsa-miR-4511,0.924853503704071
Esophageal Neoplasms,rno-miR-27a,0.9245581030845642
Dilated Cardiomyopathy ,hcmv-miR-UL59,0.9243436455726624
Pregnancy Complications and Infectious,hsa-miR-4423-5p,0.924176037311554
Varicocele,hsa-miR-411,0.9241569638252258
Labyrinth Diseases,rno-miR-674-3p,0.9237584471702576
Polycystic Kidney Diseases,hsa-mir-7844,0.9235855937004089
Polycystic Kidney Diseases,mmu-miR-697,0.9232457280158997
Tachycardia and Ventricular,hsa-miR-423-3p,0.923143208026886
Cystadenocarcinoma and Serous and Ovarian,hsa-mir-7844,0.9229713082313538
Reperfusion Injury and Steatotic Liver Ischemia,hcmv-miR-UL59,0.922771155834198
high grade glioma,hsa-mir-8074,0.9223050475120544
Intra-Articular Fractures,hsa-miR-1229-3p,0.9222715497016907
Lymphangioleiomyomatosis,hsa-mir-8074,0.9219110608100891
Dilated Cardiomyopathy ,hsa-miR-1225,0.9214766621589661
Hypothermia,hsa-mir-8074,0.9211828112602234
Schistosomiasis japonica,hsa-miR-4511,0.920769214630127
Pyelonephritis,rno-miR-369-3p,0.9207668304443359
Polycystic Kidney Diseases,hsa-miR-4511,0.9197177886962891
D-bifunctional protein deficiency,hsa-miR-199a*-2,0.9195379614830017
Brain Injuries,rno-miR-369-3p,0.9192635416984558
Vitreoretinochoroidopathy,hsa-miR-1469,0.9191846251487732
Cystadenocarcinoma and Serous and Ovarian,hsa-miR-4511,0.9191034436225891
Germ Cell Tumor and Non-Teratomatous,mmu-miR-697,0.9190152883529663
Gastric Cancer and Early,mmu-miR-764-3p,0.9185479283332825
Fractures and Bone,rno-miR-369-3p,0.9184921383857727
congenital nongoitrous hypothyroidism 4,rno-miR-369-3p,0.917864203453064
Placenta Accreta,hsa-mir-8061,0.9176518321037292
Diarrhea,hsa-miR-4428,0.9175798892974854
Vitreoretinochoroidopathy,hsa-miR-411,0.91743004322052
Polycystic Kidney Diseases,hsa-mir-8074,0.9171692728996277
Encephalocele,hsa-mir-8074,0.9170052409172058
Reperfusion Injury and Steatotic Liver Ischemia,hsa-miR-216,0.9167888164520264
Vitreoretinochoroidopathy,hsa-miR-186*,0.9166210889816284
Encephalitis and Viral,rno-miR-30b-3p,0.9165642261505127
Cystadenocarcinoma and Serous and Ovarian,hsa-mir-8074,0.9165554046630859
Arrhythmogenic Right Ventricular Dysplasia,hsa-mir-8074,0.916424036026001
Dilated Cardiomyopathy ,hsa-miR-30a,0.9163525104522705
Costello Syndrome,hsa-mir-8079,0.9163151979446411
Mandibular Diseases,hsa-mir-8074,0.9162549376487732
Iridocorneal Endothelial Syndrome,hsa-miR-219a-1-3p,0.9161102771759033
Dilated Cardiomyopathy ,hsa-miR-2392,0.9158563613891602
Intra-Articular Fractures,hsa-miR-33b,0.9155189394950867
miR-BART22,hsa-miR-4511,0.9155109524726868
Simpson-Golabi-Behmel syndrome type 1,EBV-mir-BART8,0.9153370261192322
Iridocorneal Endothelial Syndrome,hsa-miR-130a-3p,0.9152494668960571
Polycystic Kidney Diseases,rno-miR-369-3p,0.915192186832428
childhood acute myeloid leukemia,mmu-miR-697,0.9151523113250732
Heart Failure and Diastolic,hsa-miR-19b-1*,0.9146086573600769
Reperfusion Injury and Steatotic Liver Ischemia,hsa-miR-1975,0.9143089056015015
Reperfusion Injury and Steatotic Liver Ischemia,hsa-miR-2392,0.914283812046051
Fatigue,rno-miR-27a,0.9141976237297058
Maxillary Fractures,hsa-miR-26b-3p,0.9139850735664368
Intrahepatic Cholestasis of Pregnancy,hsa-miR-4469,0.9139512777328491
Knee Injuries,hsa-mir-8074,0.9137853980064392
Iridocorneal Endothelial Syndrome,hsa-miR-1231,0.9135522246360779
Infectious pancreatic necrosis virus,hsa-mir-8074,0.9132168889045715
Dilated Cardiomyopathy ,hsa-let-7a-1,0.9128905534744263
familial chylomicronemia syndrome,hsa-mir-8074,0.9128050804138184
Systemic Inflammatory Response Syndrome,mmu-miR-697,0.9123514294624329
Tuberous Sclerosis,mmu-miR-764-3p,0.9123331308364868
Dilated Cardiomyopathy ,hsa-miR-020,0.9119502305984497
Dilated Cardiomyopathy ,hsa-miR-374a-3p,0.9119291305541992
Cystadenocarcinoma and Serous and Ovarian,rno-miR-27a,0.9118376970291138
Dilated Cardiomyopathy ,hsa-miR-34b-5p,0.9118338227272034
Infectious pancreatic necrosis virus,rno-miR-369-3p,0.9112396240234375
Simpson-Golabi-Behmel syndrome type 1,hsa-miR-411,0.9111989140510559
Labyrinth Diseases,hsa-mir-7844,0.910690188407898
Diffuse Alveolar Hemorrhage and Autoimmune-Mediated,rno-miR-27a,0.9105889797210693
Labyrinth Diseases,mmu-miR-697,0.9103504419326782
Placenta Accreta,rno-miR-369-3p,0.9102188348770142
Blind Loop Syndrome,hsa-miR-351,0.9100008010864258
Systemic Inflammatory Response Syndrome,hsa-miR-4511,0.9088234901428223
Cardiomyopathy and Dilated,hsa-mir-8074,0.9087655544281006
Tauopathies,hsa-miR-26a-1,0.9085448980331421
Dilated Cardiomyopathy ,hsa-miR-338-5p,0.9083774089813232
Dilated Cardiomyopathy ,hsa-miR-3934,0.908065140247345
Dilated Cardiomyopathy ,hsa-miR-376b-3p,0.907956063747406
Liposarcoma,hsa-mir-7844,0.9079013466835022
Osteolysis and Essential,rno-miR-27a,0.9077074527740479
Dilated Cardiomyopathy ,hsa-miR-146b-5p,0.90751051902771
Mycobacterium Infections,hsa-mir-8074,0.9070513248443604
Cardiomyopathy and Dilated,rno-miR-369-3p,0.906788170337677
Reperfusion Injury and Renal Ischemia,hsa-miR-4511,0.9066380262374878
Erythema,rno-miR-30b-3p,0.906611979007721
Reperfusion Injury and Steatotic Liver Ischemia,hsa-miR-376b-3p,0.9063836336135864
Systemic Inflammatory Response Syndrome,hsa-mir-8074,0.9062752723693848
Implantation Failure,hsa-mir-7844,0.906151294708252
Dilated Cardiomyopathy ,hsa-miR-1229,0.9061093330383301
Heart Failure and Diastolic,hsa-miR-4267,0.9060316681861877
Implantation Failure,mmu-miR-697,0.9058114886283875
Dilated Cardiomyopathy ,hsa-miR-411,0.9056514501571655
Iridocorneal Endothelial Syndrome,hsa-miR-4267,0.9053292870521545
Frailty,hsa-mir-8074,0.9051579236984253
Blind Loop Syndrome,hsa-miR-3128,0.9049626588821411
Dilated Cardiomyopathy ,hsa-miR-1283-1,0.904191255569458
Dilated Cardiomyopathy ,hsa-miR-3190-3p,0.90385901927948
Airway Obstruction,hsa-miR-200c-3p,0.9035719633102417
hearing loss,mmu-miR-697,0.9033653736114502
Reperfusion Injury and Steatotic Liver Ischemia,hsa-miR-181a,0.9028005003929138
Vitreoretinochoroidopathy,hsa-miR-3137,0.9026596546173096
Iridocorneal Endothelial Syndrome,hsa-miR-374a-3p,0.9025586843490601
Neuropathic Low Back Pain,hsa-miR-374a-3p,0.9025061130523682
Stomatitis and Aphthous,hsa-miR-320b,0.9023314714431763
Labyrinth Diseases,rno-miR-369-3p,0.9022969603538513
Reperfusion Injury and Steatotic Liver Ischemia,hsa-miR-3190-3p,0.9022865891456604
Heart Diseases,hsa-mir-8074,0.9020295739173889
Diarrhea,hsa-mir-8074,0.9016194343566895
Systemic Inflammatory Response Syndrome,rno-miR-27a,0.9015576839447021
Congenital amegakaryocytic thrombocytopenia,hcmv-miR-UL59,0.9015213251113892
Liposarcoma,hsa-mir-8074,0.9014851450920105
Basal Ganglia Hemorrhage,hsa-mir-7844,0.9011515974998474
Iridocorneal Endothelial Syndrome,hsa-miR-3124,0.901147723197937
Gaucher Disease,hsa-miR-4511,0.9008087515830994
Encephalitis and Viral,rno-miR-369-3p,0.9007589817047119
Anhedonia,hsa-mir-7844,0.9006046652793884
Niemann-Pick Diseases,hsa-miR-3186-5p,0.9005625247955322
Frailty,rno-miR-27a,0.9004402160644531
Heart Diseases,rno-miR-369-3p,0.9000524878501892
Implantation Failure,hsa-mir-8074,0.8997353315353394
Heart Failure and Diastolic,hsa-miR-338-5p,0.8997093439102173
Labyrinth Diseases,rno-miR-27a,0.899556577205658
Maxillary Fractures,hsa-miR-30b-5p,0.8995239734649658
Gastric Cancer and Early,rno-miR-30b-3p,0.8994486927986145
Neuropathic Low Back Pain,hsa-miR-376b-3p,0.8985331654548645
Gaucher Disease,hsa-mir-8074,0.8982602953910828
Dilated Cardiomyopathy ,hsa-miR-365a-3p,0.8980956673622131
Encephalitis and Viral,rno-miR-27a,0.8980186581611633
hearing loss,hsa-mir-8074,0.8972891569137573
Basal Ganglia Hemorrhage,hsa-miR-4511,0.8972837924957275
Neonatal Sepsis,hsa-miR-4428,0.8971617221832275
Aging and Premature,rno-miR-27a,0.8970609903335571
Heart Failure and Diastolic,hsa-miR-411,0.8969833850860596
Cardiomyopathy and Alcoholic,rno-miR-369-3p,0.8969389796257019
Diarrhea,rno-miR-27a,0.8969018459320068
Heart Failure and Diastolic,hsa-miR-218-2,0.8966975212097168
Skin Ulcer,hsa-miR-23a-5p,0.8964895606040955
Hearing Loss and Sensorineural,hsa-miR-4511,0.8963815569877625
Iridocorneal Endothelial Syndrome,hsa-let-7a-3p,0.8956956267356873
Heart Failure and Diastolic,hsa-miR-1283-1,0.8955231308937073
Chronic Urticaria,mmu-miR-764-3p,0.8953179121017456
Heart Failure and Diastolic,hsa-miR-3190-3p,0.8951910734176636
Dilated Cardiomyopathy ,hsa-miR-1225-3p,0.8949651718139648
Substance-Related Disorders,rno-miR-27a,0.8948743939399719
Femoral Neck Fractures,rno-miR-27a,0.8948584794998169
Basal Ganglia Hemorrhage,hsa-mir-8074,0.8947352766990662
Plasmablastic Lymphoma,mmu-miR-764-3p,0.8947281837463379
Anhedonia,hsa-mir-8074,0.8941885828971863
Myocardial Fibrosis,hsa-mir-7844,0.8938687443733215
Reperfusion Injury and Steatotic Liver Ischemia,hsa-miR-3610,0.8932175040245056
Electrocardiography and Ambulatory,hsa-miR-1283-1,0.893063485622406
Ossification of the posterior longitudinal ligament of the spine,rno-miR-369-3p,0.8927988409996033
Erythema,hsa-mir-8074,0.8927839398384094
Hypoglycemia,hcmv-miR-UL59,0.8926811218261719
Rh Deficiency Syndrome,hsa-mir-7844,0.8922265768051147
Penile Neoplasms,mmu-miR-697,0.8919270634651184
Amyloidosis and Hereditary and Transthyretin-Related,hsa-mir-8074,0.891586422920227
Dilated Cardiomyopathy ,EBV-miR-BART12,0.8915636539459229
Sialic Acid Storage Disease,mmu-miR-697,0.8911650776863098
Transfusion Reaction,hsa-mir-7844,0.8905695080757141
Heart   Transplant Rejection,hsa-miR-4511,0.8900294899940491
Basal Ganglia Hemorrhage,rno-miR-27a,0.8900177478790283
Neuropathic Low Back Pain,hsa-miR-321,0.8897572159767151
Malaria and Falciparum,hsa-miR-27a-3p,0.8895505666732788
Central Nervous System Diseases,mmu-miR-697,0.8895139694213867
Phyllodes Tumor,hsa-miR-4428,0.8880500197410583
Vitreoretinochoroidopathy,hsa-miR-199a*-1,0.8877464532852173
Gastrointestinal Neoplasms,hsa-mir-8074,0.8877155184745789
Congenital amegakaryocytic thrombocytopenia,hsa-miR-3124,0.8876960873603821
isolated cleft palate,hsa-miR-4511,0.8876132369041443
Myocardial Fibrosis,hsa-mir-8074,0.8874524235725403
Neonatal Sepsis,mmu-miR-697,0.887277364730835
Dilated Cardiomyopathy ,hsa-miR--196a-2,0.8871274590492249
Stomatitis and Aphthous,hsa-miR-3117-3p,0.887090265750885
Intrahepatic Cholestasis of Pregnancy,hsa-miR-4511,0.887050211429596
Reperfusion Injury and Ischemia,hsa-miR-30b,0.8866198062896729
Blind Loop Syndrome,hsa-miR-1295a,0.8863306045532227
Hyperparathyroidism 2,hsa-miR-4511,0.8863123059272766
Blind Loop Syndrome,hsa-miR-216,0.8863025903701782
Fluoride Poisoning,hsa-miR-1193,0.8859650492668152
Nephrotic Syndrome,hsa-miR-4428,0.8855655789375305
Tuberous Sclerosis,mmu-miR-697,0.8854820728302002
Myocardial Fibrosis,rno-miR-369-3p,0.8854754567146301
Fusariosis,hsa-mir-8074,0.8853431940078735
Intra-Articular Fractures,hsa-miR-4271,0.8852547407150269
Heart Failure and Diastolic,hsa-miR-320c,0.8852438926696777
Congenital amegakaryocytic thrombocytopenia,hsa-miR-376b-3p,0.8851339817047119
Sialic Acid Storage Disease,hsa-mir-8074,0.8850888013839722
Actinic cheilitis,hsa-miR-4428,0.8850566148757935
Thyroid cancer and medullary,hsa-mir-8074,0.8850477933883667
Ciliary Motility Disorders,rno-miR-30b-3p,0.8850359320640564
Oculodentodigital Dysplasia,hsa-miR-3676-5p,0.8849847316741943
Autolysis,hsa-mir-8074,0.8840093612670898
Dementia and Vascular,mmu-miR-697,0.8838862776756287
Gastric Cancer and Early,rno-miR-369-3p,0.8836435079574585
Intra-Articular Fractures,hsa-miR-1225,0.8834210634231567
Heart Failure and Diastolic,hsa-miR-3689b-3p,0.8831561803817749
Sialic Acid Storage Disease,rno-miR-369-3p,0.8831117153167725
Chemical and Drug Induced Liver Injury and Chronic,rno-miR-369-3p,0.8826622366905212
Ganglion Cysts,rno-miR-27a,0.8825415372848511
Intrahepatic Cholestasis of Pregnancy,rno-miR-369-3p,0.8825247883796692
Postoperative Cognitive Complications,mmu-miR-697,0.8823040127754211
Iridocorneal Endothelial Syndrome,EBV-miR-BART12,0.8821932077407837
Rheumatic Heart Disease,hsa-miR-4428,0.8821045160293579
Dilated Cardiomyopathy ,hsa-miR-1305,0.8817194700241089
Peritoneal Fibrosis,hsa-miR-4428,0.8816890120506287
Marek Disease,mmu-miR-697,0.8816227912902832
Iridocorneal Endothelial Syndrome,hsa-miR-3137,0.8815107941627502
Central Nervous System Diseases,rno-miR-369-3p,0.8814607262611389
Iridocorneal Endothelial Syndrome,hsa-miR-193b*,0.8812789916992188
Lipid Metabolism Disorders,mmu-miR-697,0.8812380433082581
Trypanosomiasis and African,hsa-miR-4511,0.8812294006347656
Hypoglycemia,hsa-let-7a-1,0.8812280297279358
Neonatal Sepsis,hsa-mir-8074,0.8812010884284973
Gastric Antral Vascular Ectasia,hcmv-miR-UL59,0.881190299987793
Proteinuria,hsa-mir-8061,0.8808574676513672
Hemophilia A,hsa-miR-4511,0.8805915117263794
Synovitis,hsa-miR-4428,0.880446195602417
Hypocapnia,hsa-miR-27a-3p,0.880398690700531
Dementia and Vascular,hsa-miR-4511,0.8803583383560181
Thyroid cancer and medullary,rno-miR-27a,0.8803302049636841
Heart Failure and Acute,hsa-mir-8074,0.8800467252731323
Neuroinflammatory Diseases,hsa-miR-4428,0.8800432682037354
Angina Pectoris and Variant,mmu-miR-697,0.8794736862182617
Opium Dependence,hsa-miR-4511,0.8791550397872925
Hyperglycinemia and Nonketotic,hsa-miR-4511,0.8790982365608215
Fluoride Poisoning,hsa-miR-351,0.879081666469574
Phyllodes Tumor,hsa-mir-7844,0.8785055875778198
Intra-Articular Fractures,hsa-miR-30a,0.8782970905303955
Familial encephalopathy with neuroserpin inclusion bodies,hsa-miR-4428,0.8782427310943604
Marek Disease,hsa-miR-4511,0.8780947923660278
endometriosis in scar of skin,hsa-miR-4428,0.8780383467674255
Neointimal Hyperplasia,hsa-miR-4428,0.8780125975608826
Corneal dystrophy and epithelial basement membrane,hsa-miR-4428,0.8779988884925842
Choledocholithiasis,hsa-miR-4428,0.8779383897781372
Digestive System Neoplasms,hsa-miR-4428,0.8779351711273193
Pregnancy and Ectopic,hsa-miR-4428,0.8778587579727173
Osteochondrodysplasias,hsa-miR-4428,0.8778553009033203
Cholecystolithiasis,hsa-miR-4428,0.8778444528579712
Dementia and Vascular,hsa-mir-8074,0.8778099417686462
Intra-Articular Fractures,hsa-miR-2392,0.8778010606765747
Multiple System Atrophy,rno-miR-27a,0.8777515292167664
Lipid Metabolism Disorders,hsa-miR-4511,0.8777100443840027
Parvoviridae Infections,hsa-miR-3591-3p,0.8775547742843628
Acute Uterine Injury,hsa-miR-4452,0.8771015405654907
Mastitis and Bovine,hsa-mir-7844,0.8769561052322388
Hyphema,hsa-miR-199a*-2,0.8769113421440125
Intra-Articular Fractures,hsa-miR-4267,0.8766443133354187
overactive bladder syndrome,hsa-miR-4511,0.8766341209411621
Opium Dependence,hsa-mir-8074,0.8766066431999207
Hypoglycemia,hsa-miR-376b-3p,0.8762936592102051
Postoperative Cognitive Complications,hsa-mir-8074,0.876227855682373
cough variant asthma,hsa-mir-7844,0.876220703125
Rhabdomyosarcoma,hsa-mir-875,0.8761241436004639
Hirschsprung-Associated Enterocolitis,hsa-mir-875,0.8760897517204285
Congenital Abnormalities,hsa-mir-875,0.8760729432106018
Dilated Cardiomyopathy ,hsa-miR-199a*-1,0.8759678602218628
Rheumatic Fever,rno-miR-30b-3p,0.8759225010871887
Blind Loop Syndrome,hsa-miR-376b-3p,0.875897228717804
Scleroderma and Diffuse,rno-miR-30b-3p,0.8758726716041565
Squamous Intraepithelial Lesions of the Cervix,rno-miR-30b-3p,0.8758584856987
Sepsis-Associated Encephalopathy,rno-miR-30b-3p,0.8758370876312256
Rhabdomyosarcoma,rno-miR-30b-3p,0.8758330941200256
Camptocormia,rno-miR-30b-3p,0.875799298286438
Congenital Abnormalities,rno-miR-30b-3p,0.8757820725440979
Chondrocyte Hypertrophy,hsa-miR-4452,0.8756311535835266
Actinic cheilitis,hsa-mir-7844,0.8755618333816528
Marek Disease,hsa-mir-8074,0.875546395778656
Tauopathies,hsa-miR-19b-1*,0.8752883076667786
Lipid Metabolism Disorders,hsa-mir-8074,0.8751617670059204
Humeral Fractures,hsa-miR-3591-3p,0.8750417232513428
Fluoride Poisoning,hsa-miR-3591-3p,0.8749805688858032
Intra-Articular Fractures,hsa-let-7a-1,0.8748351335525513
Acute Disease,hsa-mir-8061,0.8745405077934265
Heart Failure and Diastolic,hsa-miR-1258,0.874367892742157
Postoperative Cognitive Complications,rno-miR-369-3p,0.8742507100105286
Intra-Articular Fractures,hsa-miR-374a-3p,0.8738735318183899
Humeral Fractures,hsa-miR-378j,0.8736065030097961
Angina Pectoris and Variant,hsa-mir-8074,0.8734534382820129
Constipation,mmu-miR-697,0.8733879327774048
Blind Loop Syndrome,hsa-let-7a-3p,0.8730069994926453
Hypoglycemia,hsa-miR-192-2,0.8729546070098877
Iridocorneal Endothelial Syndrome,hsa-miR-1236-5p,0.8727935552597046
Rheumatic Heart Disease,hsa-mir-7844,0.8727558255195618
Hypoglycemia,hsa-miR-181a,0.872710645198822
Gastric Antral Vascular Ectasia,hsa-miR-2392,0.8727032542228699
Maxillofacial Abnormalities,hsa-mir-8074,0.8726613521575928
aortic atherosclerosis,hsa-mir-7844,0.8726605176925659
Deficiency Diseases,hsa-mir-7844,0.8724765777587891
Stomatitis and Aphthous,hsa-miR-211-3p,0.8723893165588379
aortic atherosclerosis,mmu-miR-697,0.8723321557044983
Intra-Articular Fractures,hsa-miR-15a-5p,0.8722366690635681
Phyllodes Tumor,hsa-mir-8074,0.872209906578064
Non-ST Elevated Myocardial Infarction,mmu-miR-697,0.8721704483032227
Deficiency Diseases,mmu-miR-697,0.8721482157707214
Acute Disease,hsa-miR-4511,0.8717322945594788
Hypocapnia,hsa-miR-199a*-2,0.8717267513275146
Postoperative Cognitive Complications,rno-miR-27a,0.8715872764587402
Cerebral Hemorrhage and Traumatic,hsa-mir-7844,0.871069073677063
Neurobehavioral Manifestations,rno-miR-369-3p,0.8707606196403503
Cerebral Hemorrhage and Traumatic,mmu-miR-697,0.870741069316864
Lipid Metabolism Disorders,rno-miR-27a,0.8705740571022034
Intra-Articular Fractures,hsa-miR-338-5p,0.8703221082687378
Histiocytosis,hsa-mir-7844,0.8702791333198547
ACTH-Secreting Pituitary Adenoma,hsa-mir-8074,0.8702020049095154
Intra-Articular Fractures,hsa-miR-3934,0.87000972032547
Intra-Articular Fractures,hsa-miR-376b-3p,0.8699005842208862
Elephantiasis,hsa-miR-4511,0.8698652982711792
Eye Diseases,hsa-mir-7844,0.8696079850196838
hypomelanosis of Ito,hsa-mir-7844,0.8694848418235779
Agammaglobulinemia,hsa-mir-7844,0.8693328499794006
Eye Diseases,mmu-miR-697,0.8692797422409058
Acute Disease,hsa-mir-8074,0.8692710399627686
Aortopathies,hsa-mir-8074,0.8692629337310791
Agammaglobulinemia,mmu-miR-697,0.8690046072006226
endometriosis in scar of skin,hsa-mir-7844,0.8688201904296875
Intellectual Disability,hsa-mir-7844,0.8687586188316345
Craniosynostoses,hsa-mir-7844,0.8687500357627869
Fanconi Syndrome,hsa-miR-1975,0.8687432408332825
Frontotemporal Dementia,hsa-mir-7844,0.868741512298584
Deficiency Diseases,hsa-miR-4511,0.8687410354614258
Chronic  Kidney Disease,hsa-mir-7844,0.8687276244163513
Chromosome Aberrations,hsa-mir-7844,0.8687236905097961
Encephalocraniocutaneous lipomatosis,hsa-mir-7844,0.8687233924865723
Pancreatic Intraductal Neoplasms,hsa-mir-7844,0.8687168955802917
Reperfusion Injury and Cerebral Ischemia,hsa-mir-7844,0.8687078356742859
Neurodevelopmental Injuries,hsa-mir-7844,0.8687050342559814
Otitis Media,hsa-mir-7844,0.8687044978141785
Squamous Intraepithelial Lesions of the Cervix,hsa-mir-7844,0.8687002658843994
Arthritis and Temporomandibular,hsa-mir-7844,0.8686985969543457
Drug-Related Side Effects and Adverse Reactions,hsa-mir-7844,0.8686974048614502
Familial encephalopathy with neuroserpin inclusion bodies,mmu-miR-697,0.868696391582489
Temporomandibular Joint Disorders,hsa-mir-7844,0.868692934513092
Eye Diseases,hsa-mir-8061,0.8686805963516235
Cardiac Dysfunction,hsa-mir-7844,0.8686769008636475
Varicose Ulcer,hsa-miR-4511,0.8686437010765076
Camptocormia,hsa-mir-7844,0.8686409592628479
Hirschsprung-Associated Enterocolitis,hsa-mir-7844,0.8686401844024658
Osteoporosis and Diabetic,hsa-mir-7844,0.8686379194259644
Plasmablastic Lymphoma,hsa-mir-7844,0.8686276078224182
Peritoneal Fibrosis,hsa-miR-4511,0.8686254620552063
Congenital Abnormalities,hsa-mir-7844,0.8686235547065735
Huntington Disease,hsa-mir-7844,0.8686228394508362
Repolarization Abnormality,mmu-miR-697,0.8684158325195312
Pregnancy Complications and Infectious,mmu-miR-697,0.8683993816375732
Choledocholithiasis,mmu-miR-697,0.8683919906616211
Reperfusion Injury and Cerebral Ischemia,mmu-miR-697,0.8683794736862183
Sepsis-Associated Encephalopathy,mmu-miR-697,0.8683503866195679
Intra-Articular Fractures,hsa-miR-19a-3p,0.8683479428291321
Pregnancy and Ectopic,mmu-miR-697,0.868312418460846
Rh-Negative Hemolytic Disease and Fetus,mmu-miR-697,0.8683107495307922
Bronchiolitis Obliterans Syndrome,mmu-miR-697,0.8683082461357117
Carcinoma,mmu-miR-697,0.8682957887649536
Aortic Valve Disease,mmu-miR-697,0.8682870864868164
Chronic Urticaria,hsa-mir-8061,0.8682610988616943
idiopathic scoliosis,hsa-miR-4511,0.8680599331855774
Ovarian Failure and Premature ,hsa-miR-4511,0.8679103851318359
Supranuclear Palsy and Progressive,hsa-mir-8061,0.8677166700363159
Hirschsprung-Associated Enterocolitis,hsa-mir-8061,0.8677128553390503
Inflammation-Related  Depression,hcmv-miR-UL59,0.867668092250824
Phyllodes Tumor,rno-miR-27a,0.8676538467407227
IMAGe syndrome,hsa-miR-135b-3p,0.8674752712249756
Intra-Articular Fractures,hsa-miR-374a-5p,0.8674301505088806
Ossification and Heterotopic,rno-miR-369-3p,0.8674173355102539
Elephantiasis,hsa-mir-8074,0.8674041032791138
Spherocytosis and Hereditary,hsa-mir-8074,0.8673560619354248
Neuroinflammatory Diseases,hsa-miR-4511,0.867061197757721
Brain Death,hsa-miR-376b-3p,0.8669224381446838
Intra-Articular Fractures,hsa-miR-27a*,0.8668928742408752
Asthma ,rno-miR-27a,0.8667623996734619
Inhalant Abuse,hsa-mir-8074,0.8666158318519592
Reperfusion Injury and Steatotic Liver Ischemia,hsa-miR-17-5p,0.8665899038314819
Bursitis,hsa-mir-8074,0.8665817975997925
Glycogen Storage Disease and Type IXD,hsa-miR-4511,0.8665635585784912
Budd-Chiari Syndrome,hsa-miR-4511,0.8665246963500977
aortic atherosclerosis,hsa-mir-8074,0.8664638996124268
Intra-Articular Fractures,hsa-miR-181a,0.8664105534553528
Fluoride Poisoning,hsa-miR-320b,0.8663221001625061
Non-ST Elevated Myocardial Infarction,hsa-mir-8074,0.866301953792572
Intra-Articular Fractures,hsa-miR-1283-1,0.8662351965904236
Peritoneal Fibrosis,hsa-mir-8074,0.8661643266677856
Anemia and Aplastic,hsa-miR-4511,0.8658918738365173
Tauopathies,hsa-miR-3117-3p,0.8658879995346069
Eye Diseases,hsa-miR-4511,0.8658725619316101
Transposition of Great Vessels,hsa-miR-4511,0.8657774329185486
Gastric Antral Vascular Ectasia,EBV-miR-BART7,0.8656914830207825
Agammaglobulinemia,hsa-miR-4511,0.8655973076820374
Ataxia Telangiectasia,hsa-miR-4511,0.8655825257301331
cough variant asthma,rno-miR-27a,0.8654679656028748
Ovarian Failure and Premature ,hsa-mir-8074,0.8654492497444153
Optic Neuritis,hsa-mir-8074,0.8654107451438904
Nephrotic Syndrome,rno-miR-27a,0.8652926087379456
Tendon Injuries,hsa-mir-8074,0.8652559518814087
Sucrase-isomaltase deficiency and congenital,hsa-miR-4511,0.8651331067085266
Gastric Antral Vascular Ectasia,hsa-miR-3934,0.8651312589645386
Leishmaniasis and Diffuse Cutaneous,hsa-miR-4511,0.8650661110877991
Gastric Antral Vascular Ectasia,hsa-miR-376b-3p,0.8650258183479309
Intellectual Disability,hsa-miR-4511,0.865023136138916
Familial Multiple Coagulation Factor Deficiency I,hsa-miR-4511,0.8650164008140564
Craniosynostoses,hsa-miR-4511,0.8650144934654236
Repolarization Abnormality,hsa-miR-4511,0.865008533000946
Frontotemporal Dementia,hsa-miR-4511,0.8650059103965759
Shock and Cardiogenic,hsa-mir-8074,0.8649929761886597
Respiratory Sounds,hsa-miR-138-1*,0.8649885654449463
Choledocholithiasis,hsa-miR-4511,0.8649849891662598
Chondrocyte Hypertrophy,hsa-miR-4511,0.8649837374687195
Brain Diseases,hsa-miR-4511,0.8649802803993225
Fused Teeth,hsa-miR-4511,0.8649799227714539
Primary Myelofibrosis,hsa-miR-4511,0.8649787306785583
Charcot-Marie-Tooth disease type 1B,hsa-miR-4511,0.8649722337722778
Epilepsy and Generalized,hsa-miR-4511,0.8649703860282898
Plant Poisoning,hsa-miR-4511,0.864966630935669
Temporomandibular Joint Disorders,hsa-miR-4511,0.8649573922157288
Diabetic Ischemia Complication,hsa-miR-4511,0.8649486303329468
hypotrichosis 8,hsa-miR-4511,0.8649484515190125
Cardiac Dysfunction,hsa-miR-4511,0.8649413585662842
Carcinoma and Squamous Cell and Skin,hsa-miR-4511,0.8649069666862488
Hirschsprung-Associated Enterocolitis,hsa-miR-4511,0.8649048805236816
Rh-Negative Hemolytic Disease and Fetus,hsa-miR-4511,0.864903450012207
Inflammation-Related  Depression,hsa-miR-1225,0.8648991584777832
Cholecystolithiasis,hsa-miR-4511,0.864890992641449
Congenital Abnormalities,hsa-miR-4511,0.864888072013855
Tauopathies,hsa-miR-374a-3p,0.8642672300338745
Reperfusion Injury and Ischemia,hsa-miR-130a-3p,0.8640979528427124
Polycystic Kidney Diseases,hsa-miR-4510,0.8640815615653992
AIDS-Related Complex,rno-miR-369-3p,0.8640625476837158
Neuropathic Low Back Pain,hsa-miR-181b-2,0.8638045191764832
Hearing Loss and Age-Related,hsa-miR-378*,0.8635061979293823
Thyroiditis,hsa-mir-8074,0.8633766174316406
Blind Loop Syndrome,hsa-miR-1225-3p,0.8630241751670837
Friedreich Ataxia,rno-miR-27a,0.8629884123802185
Ameloblastoma,hsa-mir-8074,0.8628298044204712
Spherocytosis and Hereditary,rno-miR-27a,0.862799882888794
Parvoviridae Infections,hsa-miR-23a-3p,0.8627687096595764
proliferative diabetic retinopathy,hsa-mir-8074,0.8627611398696899
Mood Disorders,hsa-mir-8074,0.8627027869224548
Corneal dystrophy and epithelial basement membrane,hsa-mir-8074,0.8625839948654175
Rheumatic Fever,hsa-mir-8074,0.8625673651695251
Lupus Erythematosus and Cutaneous,hsa-mir-8074,0.8625505566596985
Repolarization Abnormality,hsa-mir-8074,0.8625472784042358
Folic Acid Deficiency,hsa-mir-8074,0.8625377416610718
Renal Interstitial Fibrosis,hsa-mir-8074,0.8625319004058838
Pregnancy Complications and Infectious,hsa-mir-8074,0.8625310659408569
Chronic  Kidney Disease,hsa-mir-8074,0.8625310659408569
Neoplasms and Plasma Cell,hsa-mir-8074,0.8625227808952332
Chondrocyte Hypertrophy,hsa-mir-8074,0.862522542476654
Leukemia and Myeloid and Chronic-Phase,hsa-mir-8074,0.862512469291687
Vitreoretinochoroidopathy,hsa-miR-1b-1,0.862511932849884
Gastrointestinal Hemorrhage,hsa-mir-8074,0.8625090718269348
Myocardial Ischemia,hsa-mir-8074,0.862507700920105
Leukemia and Myeloid and Acute and T-Cell,hsa-mir-8074,0.862502932548523
Panniculitis and Peritoneal,hsa-mir-8074,0.8624981641769409
Temporomandibular Joint Disorders,hsa-mir-8074,0.8624963164329529
Myopathies and Structural and Congenital,hsa-mir-8074,0.8624953627586365
Respiration Disorders,hsa-mir-8074,0.8624454736709595
Pregnancy and Ectopic,hsa-mir-8074,0.8624440431594849
Rh-Negative Hemolytic Disease and Fetus,hsa-mir-8074,0.8624422550201416
Fibromyalgia,hsa-mir-8074,0.862440288066864
Retinal Vein Occlusion,hsa-mir-8074,0.8624401688575745
Bronchiolitis Obliterans Syndrome,hsa-mir-8074,0.8624398708343506
Cataract and Congenital Zonular and with Sutural Opacities,hsa-mir-8074,0.8624398708343506
Grave Disease,hsa-mir-8074,0.8624392151832581
Vasospasm and Intracranial,hsa-mir-8074,0.8624355792999268
Plasmablastic Lymphoma,hsa-mir-8074,0.8624308705329895
Cholecystolithiasis,hsa-mir-8074,0.8624297976493835
Lung Abscess,hsa-mir-8074,0.8624230623245239
Airway Obstruction,hsa-miR-130a-3p,0.8623065948486328
Histiocytosis,rno-miR-369-3p,0.8621730804443359
Hemoglobin SC Disease,hcmv-miR-UL59,0.862090528011322
Gastric Antral Vascular Ectasia,hsa-miR-27a*,0.8620476126670837
Kidney Cortex Necrosis,hcmv-miR-UL59,0.8620420694351196
Airway Obstruction,hcmv-miR-UL59,0.8620396852493286
Hypocapnia,hsa-miR-150-5p,0.8620063066482544
Rheumatic Heart Disease,rno-miR-27a,0.8620027899742126
Airway Obstruction,hsa-miR-150-5p,0.8619726300239563
Deficiency Diseases,rno-miR-27a,0.8617235422134399
Dilated Cardiomyopathy ,hsa-miR-19b-1,0.8616895079612732
Intra-Articular Fractures,hsa-miR-321,0.8613952398300171
Gastric Antral Vascular Ectasia,hsa-miR-1283-1,0.8613898158073425
Familial encephalopathy with neuroserpin inclusion bodies,rno-miR-369-3p,0.8609183430671692
Optic Neuritis,rno-miR-27a,0.8608545660972595
proliferative diabetic retinopathy,rno-miR-369-3p,0.8608515858650208
Pregnancy Complications and Infectious,rno-miR-369-3p,0.8606215715408325
Fused Teeth,rno-miR-369-3p,0.8606092929840088
Charcot-Marie-Tooth disease type 1B,rno-miR-369-3p,0.8606013655662537
Wilms Tumor,rno-miR-369-3p,0.8605965375900269
Pregnancy and Ectopic,rno-miR-369-3p,0.86053466796875
Osteoporosis and Diabetic,rno-miR-369-3p,0.8605316877365112
Huntington Disease,rno-miR-369-3p,0.8605167269706726
Fluoride Poisoning,hsa-miR-138-1*,0.8604776859283447
Tauopathies,hsa-miR-376b-3p,0.8604301810264587
Synovitis,rno-miR-27a,0.8604267835617065
Short QT Syndrome 2,hsa-let-7a-1,0.8598896265029907
Ehlers-Danlos Syndrome and musculocontractural type 1,rno-miR-27a,0.8594045639038086
Adrenoleukodystrophy,rno-miR-27a,0.8592542409896851
Blind Loop Syndrome,hsa-miR-3137,0.8590797781944275
Anemia and Aplastic,rno-miR-27a,0.8588746190071106
Eye Diseases,rno-miR-27a,0.8588550090789795
Iridocorneal Endothelial Syndrome,hsa-miR-17-5p,0.8587921261787415
Ulcerative   Colitis,rno-miR-27a,0.858689546585083
Niemann-Pick Diseases,hsa-miR-1271-3p,0.858640730381012
Motor Neuron Disease,hsa-miR-4267,0.858588695526123
Agammaglobulinemia,rno-miR-27a,0.8585798144340515
Ataxia Telangiectasia,rno-miR-27a,0.8585651516914368
Fluoride Poisoning,hsa-miR-1271-3p,0.8585623502731323
Vitelliform Macular Dystrophy,hsa-miR-368,0.8585022687911987
Respiratory Sounds,hsa-miR-2392,0.8582853674888611
proliferative diabetic retinopathy,rno-miR-27a,0.8582048416137695
Tauopathies,hsa-miR-411,0.8582043647766113
Airway Obstruction,hsa-let-7a-5p,0.8581282496452332
Frontotemporal Dementia,rno-miR-27a,0.8579885363578796
Pregnancy Complications and Infectious,rno-miR-27a,0.8579748868942261
Dermatitis Herpetiformis,rno-miR-27a,0.8579745292663574
Choledocholithiasis,rno-miR-27a,0.8579674959182739
Primary Myelofibrosis,rno-miR-27a,0.8579614162445068
Coxsackievirus Infections,rno-miR-27a,0.8579576015472412
Charcot-Marie-Tooth disease type 1B,rno-miR-27a,0.8579548597335815
Miliaria,rno-miR-27a,0.8579541444778442
Neurodevelopmental Injuries,rno-miR-27a,0.8579520583152771
Myocardial Ischemia,rno-miR-27a,0.8579514026641846
Chilblain lupus,rno-miR-27a,0.8579484224319458
Leukemia and Myeloid and Acute and T-Cell,rno-miR-27a,0.8579466342926025
Panniculitis and Peritoneal,rno-miR-27a,0.8579418659210205
hypotrichosis 8,rno-miR-27a,0.8579310774803162
Child Development Disorders and Pervasive,rno-miR-27a,0.8579293489456177
Cardiac Dysfunction,rno-miR-27a,0.8579238653182983
Hemorrhagic Fever With Renal Syndrome,rno-miR-27a,0.8579232096672058
Hyperuricemic Nephropathy,rno-miR-27a,0.8579227924346924
Rhabdomyosarcoma,rno-miR-27a,0.857921838760376
Supranuclear Palsy and Progressive,rno-miR-27a,0.857891321182251
Diabetes Complications,rno-miR-27a,0.8578889966011047
Hirschsprung-Associated Enterocolitis,rno-miR-27a,0.8578873872756958
Cataract and Congenital Zonular and with Sutural Opacities,rno-miR-27a,0.8578836917877197
Plasmablastic Lymphoma,rno-miR-27a,0.8578747510910034
Cholecystolithiasis,rno-miR-27a,0.8578736186027527
Huntington Disease,rno-miR-27a,0.8578699231147766
Lung Abscess,rno-miR-27a,0.8578667640686035
Motor Neuron Disease,hsa-miR-3117-3p,0.8575334548950195
Respiratory Sounds,hsa-miR-181d-5p,0.8572453856468201
Hypocapnia,hsa-miR-216,0.8562960028648376
Tooth and Impacted,hsa-miR-020,0.8557087182998657
Stomatitis and Aphthous,hsa-miR-320B,0.8553403615951538
Parvoviridae Infections,hsa-miR-4267,0.8552315831184387
Dilated Cardiomyopathy ,hsa-miR-4296,0.8551734089851379
Pneumothorax,hsa-miR-2392,0.8543350696563721
Heart Failure and Diastolic,hsa-miR-4493,0.8543282151222229
Airway Obstruction,hsa-miR-1975,0.8538669943809509
Respiratory Sounds,hsa-miR-3124,0.8531299233436584
Light Fixation Seizure Syndrome,hsa-miR-376b-3p,0.8531005382537842
Respiratory Sounds,hsa-miR-151-3p,0.8530901074409485
Vitreoretinochoroidopathy,hsa-miR-190,0.8527840375900269
Hypocapnia,hsa-miR-4267,0.8527595400810242
Fluoride Poisoning,hsa-miR-181d-5p,0.8527346849441528
Parvoviridae Infections,hsa-miR-374a-3p,0.8525555729866028
Lattice corneal dystrophy type 1,hsa-miR-189,0.8517522215843201
Hemoglobin SC Disease,hsa-miR-3117-3p,0.8517212271690369
Ischemic And   Traumatic Injuries,hsa-let-7a-1,0.851108968257904
Short Qt Syndrome,hsa-let-7e,0.8510457277297974
Hypocapnia,hsa-let-7a-1,0.8510122299194336
Neuralgia and Postherpetic,hsa-miR-374a-3p,0.8507629036903381
Respiratory Sounds,hsa-miR-3934,0.8507606387138367
Hypocapnia,hsa-miR-374a-3p,0.8500834703445435
Fluoride Poisoning,hsa-miR-374a-3p,0.8499815464019775
Histiocytoma and Malignant Fibrous,hsa-miR-3124,0.8499724268913269
Dilated Cardiomyopathy ,hsa-miR-30b-5p,0.8499361872673035
Intra-Articular Fractures,hsa-miR--196a-2,0.849754810333252
Gastric Antral Vascular Ectasia,hsa-miR-199a*,0.8497528433799744
Parvoviridae Infections,EBV-miR-BART7,0.8493841290473938
Inflammation-Related  Depression,hsa-miR-218-2,0.8493392467498779
Hypocapnia,hsa-miR-3124,0.8487208485603333
Airway Obstruction,hsa-miR-3124,0.8486872911453247
Carcinoma and Adenoid Cystic and Lacrimal Gland,hsa-miR-151-3p,0.8486666083335876
Fluoride Poisoning,hsa-miR-3124,0.8486189246177673
Motor Neuron Disease,hsa-miR-181a,0.8486151695251465
Hypocapnia,hsa-miR-1282,0.8483766913414001
Cervical Rib Syndrome,EBV-mir-BART8,0.8481387495994568
Chorea,EBV-mir-BART8,0.8480260372161865
Ceroid lipofuscinosis and neuronal 5,EBV-mir-BART8,0.8480063080787659
Reperfusion Injury and Ischemia,hsa-miR-376b-3p,0.8480040431022644
endometrial serous adenocarcinoma,hsa-miR-324-3p,0.8474026322364807
Blind Loop Syndrome,hsa-miR-1251,0.8472585082054138
Hypocapnia,EBV-miR-BART7,0.8469120860099792
Fluoride Poisoning,hsa-miR-338-5p,0.8465514779090881
Parvoviridae Infections,hsa-miR-411,0.84649258852005
Calcification of Joints and Arteries,hsa-miR-376b-3p,0.8463832139968872
Exostoses,hsa-miR-376b-3p,0.8462573289871216
Fluoride Poisoning,hsa-miR-3934,0.8462497591972351
IMAGe syndrome,hsa-miR-376b-3p,0.8462256193161011
Parvoviridae Infections,hsa-miR-218-2,0.8462164998054504
Humeral Fractures,hsa-miR-376b-3p,0.846205472946167
Esophageal Achalasia,hsa-miR-376b-3p,0.8461866974830627
Bladder Fibrosis,hsa-miR-376b-3p,0.8461558818817139
Fluoride Poisoning,hsa-miR-376b-3p,0.8461444973945618
Reperfusion Injury and Ischemia,hsa-miR-411,0.8457782864570618
Hyphema,hsa-miR-3185,0.8456946015357971
Parvoviridae Infections,hsa-miR-192-2,0.8454935550689697
Gastric Antral Vascular Ectasia,hsa-miR--196a-2,0.8449095487594604
Blind Loop Syndrome,hsa-miR-199a*-1,0.8446765542030334
Intra-Articular Fractures,hsa-miR-1305,0.8445318937301636
Humeral Fractures,hsa-miR-411,0.8439797759056091
Neuralgia and Postherpetic,hsa-miR-186*,0.8439189791679382
Fluoride Poisoning,hsa-miR-411,0.8439184427261353
Dilated Cardiomyopathy ,hsa-miR-3650,0.8436456918716431
Hypocapnia,hsa-let-7a-3p,0.8434551358222961
Airway Obstruction,hsa-let-7a-3p,0.843421459197998
Hypocapnia,hsa-miR-27a*,0.8432683944702148
Airway Obstruction,hsa-miR-126,0.8432464003562927
Airway Obstruction,hsa-miR-27a*,0.843234658241272
Carcinoma and Adenoid Cystic and Lacrimal Gland,hsa-miR-186*,0.8432247638702393
Parvoviridae Infections,hsa-miR-3185,0.8429819941520691
Vision Disorders,hsa-miR-181a,0.8427315354347229
Posterior Segment Ocular Diseases,hsa-miR-193a-3p,0.8422654867172241
Humeral Fractures,hsa-miR-3190-3p,0.8422486186027527
Tauopathies,hsa-miR-371a-3p,0.8405790328979492
Inflammation and Chronic,hsa-miR-330,0.8400210738182068
Gastric Antral Vascular Ectasia,hsa-miR-151*,0.8390471339225769
Airway Obstruction,hsa-miR-3620-5p,0.8364318013191223
Fluoride Poisoning,hsa-miR-3620-5p,0.8363635540008545
Dilated Cardiomyopathy ,hsa-miR-34b-3p,0.835528552532196
Respiratory Sounds,hsa-miR-3193,0.8353866934776306
Penile Induration,hsa-miR-3610,0.8351799845695496
Hypocapnia,hsa-miR-1225-3p,0.8337000012397766
Fluoride Poisoning,hsa-miR-1225-3p,0.8335980772972107
Oculodentodigital Dysplasia,hsa-miR-3610,0.8334468007087708
Neointima,hsa-miR-320c,0.8326514959335327
Airway Obstruction,hsa-miR-133a-5p,0.8320413827896118
Reperfusion Injury and Ischemia,hsa-miR-3137,0.8315131664276123
Hyphema,hsa-miR--196a-2,0.8313149809837341
Hypocapnia,hsa-miR-3137,0.8297555446624756
Humeral Fractures,hsa-miR-3137,0.8297144770622253
Neointima,hsa-miR-100-2,0.8286500573158264
Neutropenia,hsa-miR-2115-5p,0.8285194039344788
Parvoviridae Infections,hsa-miR-3653-5p,0.8272349834442139
Spinal Dysraphism,hsa-miR-371a-3p,0.826884388923645
Airway Obstruction,hsa-miR-1256,0.8263983726501465
Fluoride Poisoning,hsa-miR-371a-3p,0.8262933492660522
Neointima,hsa-miR--196a-2,0.8260990977287292
Oculodentodigital Dysplasia,hsa-miR--196a-2,0.8260464072227478
Fluoride Poisoning,hsa-miR--196a-2,0.8260283470153809
Ephemeral Fever,hsa-miR-1b-1,0.8238106369972229
Vitelliform Macular Dystrophy,hsa-miR-411*,0.8230261206626892
Pleomorphic Sarcoma and Undifferentiated,hsa-miR-4433-5p,0.8230222463607788
Myotonic Dystrophy,hsa-miR-3172,0.8229767084121704
Plaque and Amyloid,hsa-miR-370,0.8227769136428833
Lattice corneal dystrophy type 1,hsa-let-7m,0.822641134262085
Neutropenia,hsa-miR-4420,0.8225626945495605
Inflammation and Chronic,hsa-miR-4432,0.8223973512649536
Angioedemas and Hereditary,hsa-miR-150,0.8223925232887268
Amebiasis,hsa-miR-3689c,0.8222444653511047
Niemann-Pick Diseases,hsa-miR-1258,0.8221548795700073
Airway Obstruction,hsa-miR-1258,0.8221448659896851
Scleral Diseases,hsa-miR-101a,0.8217520713806152
Fluoride Poisoning,hsa-miR-333,0.8214953541755676
Posterior Segment Ocular Diseases,rno-miR-30a*,0.8209375143051147
Equine Infectious Anemia,hsa-miR-34a-5p,0.8195950388908386
Hyphema,hsa-miR-329-5p,0.8194718360900879
Penile Induration,hsa-miR-129-5p,0.8191726207733154
Tauopathies,hsa-miR-19b-1,0.8157459497451782
Stomatitis and Aphthous,hsa-miR-1910,0.815680742263794
Hypocapnia,hsa-miR-329-5p,0.8142871260643005
Fluoride Poisoning,hsa-miR-329-5p,0.8141851425170898
Fluoride Poisoning,hsa-miR-3155,0.8098504543304443
Fluoride Poisoning,hsa-mir-8078,0.8088333606719971
Gastric Antral Vascular Ectasia,hsa-miR-302b,0.7957020998001099
Trichosporonosis,hsa-miR-20b-3p,0.7935307025909424
Intra-Articular Fractures,hsa-miR-28-3p,0.7928075790405273
Hypocapnia,hsa-miR-222,0.7918466925621033
Dilated Cardiomyopathy ,hsa-miR-20b-5p,0.7704312801361084
Fluoride Poisoning,hsa-miR-198,0.7627569437026978
Adrenocorticotropic hormone deficiency,hsa-miR-450b-3p,0.7621063590049744
Myeloma Bone Disease,hsa-miR-181c-3p,0.7615938186645508
Neutropenia,hsa-miR-1255a,0.7545275688171387
Amebiasis,hsa-miR-3672,0.7535611987113953
Reperfusion Injury and Testicular Ischemia,hsa-miR-3200-3p,0.7519859075546265
Lattice corneal dystrophy type 1,hsa-miR-1243,0.751636266708374
Reperfusion Injury and Testicular Ischemia,hsa-miR-1185-5p,0.7495667338371277
Neointima,hsa-miR-1277-3p,0.7456860542297363
Polyposis Syndrome and Hereditary Mixed and 1,hsa-miR-142-5p,0.7401092052459717
Reperfusion Injury and Testicular Ischemia,hsa-miR-142-5p,0.7398554086685181
Nevi and Melanomas,hsa-miR-142-5p,0.7397392988204956
Urinary Calculi,hsa-miR-142-5p,0.739648163318634
Periodontitis and Diabetic,hsa-miR-153-1,0.7295961976051331
Reperfusion Injury and Testicular Ischemia,hsa-miR-1295b-3p,0.7146341800689697
Rhabdoid Tumor and Kidney,hsa-miR-328-1,0.6985498666763306
Tibial Neuropathy,hsa-miR-328-1,0.6985146403312683
Spinal Cord Compression,hsa-let-7a-2*,0.6846181154251099
Reperfusion Injury and Testicular Ischemia,hsa-let-7a-2*,0.6844459176063538
Asthma and Chronic,hsa-let-7a-2*,0.6843782663345337
Multiple Endocrine Neoplasia Type 1,hsa-miR-199b,0.6616732478141785
Equine Infectious Anemia,hsa-miR-130a,0.660624086856842
Inflammation and Chronic,hsa-miR-34,0.6582351326942444
Renal Artery Obstruction,hsa-miR-34,0.6581480503082275
Myeloma Bone Disease,hsa-miR-1295b-5p,0.6580304503440857
Reperfusion Injury and Testicular Ischemia,hsa-miR-4433a-5p,0.6576048731803894
Extramedullary Multiple Myeloma,hsa-miR-4433a-5p,0.6575808525085449
Brugada Syndrome,hsa-miR-4473,0.6573087573051453
Meniscus Degeneration,hsa-miR-203b-5p,0.6566997170448303
Testicular Neoplasms,hsa-miR-125b-2*,0.6563916802406311
Wound Infection,hsa-miR-219-2-3p,0.654997706413269
Tibial Neuropathy,hsa-miR-4258,0.6542520523071289
Reperfusion Injury and Testicular Ischemia,hsa-miR-196a,0.6538571119308472
Amebiasis,hsa-miR-17,0.6529554724693298
Human T-Cell Leukemia Virus Type 1 Infections,hsa-miR-3195,0.6451523900032043
Spinal Cord Compression,hsa-miR-376b,0.6389172673225403
Angioedemas and Hereditary,hsa-miR-103-1,0.6385979652404785
Wound Infection,hsa-miR-103-1,0.6384662389755249
Reperfusion Injury and Testicular Ischemia,hcmv-miR-UL36,0.622098445892334
Granulomatous Disease and Chronic,hcmv-miR-UL36,0.6218960285186768
Testicular Neoplasms,hsa-miR-3074-3p,0.6069620251655579
Adenocarcinoma Of Esophagus,hsa-miR-223*,0.5979288816452026
Multiple Mitochondrial Dysfunctions Syndrome,hsa-miR-223*,0.5974753499031067
Clear-cell metastatic renal cell carcinoma,hsa-miR-191,0.5951321721076965
Reperfusion Injury and Testicular Ischemia,hsa-miR-191,0.5950873494148254
Dilated Cardiomyopathy ,hsa-miR-3121,0.5865349769592285
Neointima,hsa-miR-4303,0.5809593200683594
Amebiasis,hsa-miR-3134,0.5787384510040283
Human T-Cell Leukemia Virus Type 1 Infections,hsa-mir-885,0.5774544477462769
Brugada Syndrome,hsa-mir-885,0.5773810744285583
Pasteurella Multocida Infections,hsa-miR-3119,0.57685786485672
Neoplasms and Mesothelial,hsa-miR-3119,0.576781153678894
Reperfusion Injury and Testicular Ischemia,hsa-miR-1251-3p,0.5751985907554626
Urinary Calculi,EBV-miR-BART11,0.5749509334564209
Autoimmune Diseases of the Nervous System,hsa-miR-3120-5p,0.5735796689987183
Posterior Segment Ocular Diseases,mmu-miR-691,0.5602221488952637
Venous Neointimal Hyperplasia,mmu-miR-691,0.5601335167884827
Inflammation and Chronic,hsa-miR-3180-5p,0.5450971722602844
Reperfusion Injury and Testicular Ischemia,hsa-miR-24-1*,0.5349568724632263
Venous Neointimal Hyperplasia,hsa-let-7c,0.5224907994270325
Respiratory Sounds,hsa-miR-1972,0.5199257135391235
UV-Sensitive Syndrome,hsa-miR-4330,0.5194463729858398
Dilated Cardiomyopathy ,EBV-miR-BHRF1-3,0.5171893835067749
Inflammation and Chronic,hsa-miR-3926,0.5168835520744324
Meniscus Degeneration,hsa-miR-1915,0.5151978135108948
Nevi and Melanomas,hsa-miR-1915,0.5148223638534546
Equine Infectious Anemia,hsa-miR-205-5p,0.5145713090896606
Tricuspid Valve Insufficiency,hsa-miR-202,0.5126967430114746
Hypoglycemia,hsa-miR-410-3p,0.5117537975311279
Dilated Cardiomyopathy ,hsa-miR-4445-5p,0.5109584927558899
Angioedemas and Hereditary,hsa-miR-1267,0.5100311636924744
Chediak-Higashi Syndrome,hsa-miR-3613-3p,0.5070563554763794
Neoplasms and Mesothelial,hsa-miR-3613-3p,0.5065591335296631
Heart Failure and Diastolic,hsa-miR-3146,0.49456965923309326
Parvoviridae Infections,hsa-miR-1277,0.48507189750671387
Humeral Fractures,hsa-miR-4418,0.45452356338500977
Neointima,hsa-miR-122-3p,0.45364415645599365
Posterior Segment Ocular Diseases,hsa-miR-3156,0.4527775049209595
D-bifunctional protein deficiency,hsa-miR-3667-3p,0.4293714165687561
Airway Obstruction,hsa-miR-371-5p,0.42470669746398926
IMAGe syndrome,rno-miR-409-3p,0.42111653089523315
Diminished  Ovarian Reserve,hsa-miR-3975,0.40286993980407715
X-linked spermatogenic failure 1,hsa-miR-378i,0.3969115614891052
Respiratory Sounds,hsa-miR-3667-3p,0.38805288076400757
Brugada Syndrome,hsa-miR-220a,0.38162118196487427
Chediak-Higashi Syndrome,hsa-miR-1255b-5p,0.38102835416793823
Hypocapnia,hsa-miR-337,0.3727259635925293
Reperfusion Injury and Testicular Ischemia,hsa-miR-101-3p,0.36976921558380127
Wound Infection,hsa-miR-101-3p,0.3697178363800049
Angioedemas and Hereditary,hsa-miR-3163,0.35277390480041504
Lattice corneal dystrophy type 1,hsa-miR-3163,0.352666974067688
Vesico-Ureteral Reflux,hsa-miR-3605-5p,0.34270501136779785
Canavan Disease,hsa-miR-187-5p,0.34268438816070557
UV-Sensitive Syndrome,hsa-miR-1265,0.3422948718070984
UV-Sensitive Syndrome,hsa-miR-1184,0.34229081869125366
Nevi and Melanomas,hsa-miR-342-3p,0.34211254119873047
Nevi and Melanomas,hsa-miR-1538,0.34210580587387085
Nevi and Melanomas,hsa-miR-1228-3p,0.34210318326950073
Reperfusion Injury and Testicular Ischemia,hsa-miR-2054,0.3421010375022888
Encephalitis and Tick-Borne,hsa-miR-3660,0.34206491708755493
Autoimmune Diseases of the Nervous System,hsa-let-7b,0.34206247329711914
Lupus Vasculitis and Central Nervous System,hsa-miR-1250-5p,0.3420063257217407
Equine Infectious Anemia,EBV-miR-BHRF12-1,0.341974139213562
Equine Infectious Anemia,hsa-miR-1300_v13.0,0.3419724702835083
Myeloma Bone Disease,hsa-miR-4278,0.3419456481933594
Peripheral Vascular Diseases,hsa-miR-21,0.34193241596221924
Rhabdoid Tumor and Kidney,hsa-miR-3682,0.34190917015075684
Inflammation and Chronic,hsa-miR-29b,0.34188586473464966
Reperfusion Injury and Testicular Ischemia,hsa-miR-191-5p,0.3418805003166199
Neonatal Encephalopathy,hsa-miR-302c-3p,0.34186041355133057
Angioedemas and Hereditary,EBV-miR-BART19,0.34184229373931885
Venous Neointimal Hyperplasia,hsa-miR-1909*,0.34177953004837036
Venous Neointimal Hyperplasia,hsa-miR-1287-3p,0.3417774438858032
Posterior Segment Ocular Diseases,hsa-miR-23b-3p,0.3417510986328125
Scleral Diseases,hsa-let-7f-5p,0.3417443633079529
esophageal carcinoma,hsa-miR-1298,0.3417426347732544
Vaginosis and Bacterial,hsa-miR-127,0.3416803479194641
Reperfusion Injury and Testicular Ischemia,hsa-miR-1185-1,0.3416588306427002
Reperfusion Injury and Testicular Ischemia,hsa-let-7a-3,0.34165483713150024
Neutropenia,hsa-miR-320-2,0.34160226583480835
Neutropenia,hsa-miR-4457,0.341600239276886
thyroid gland Hurthle cell carcinoma,hsa-miR-199a,0.341391921043396
Angioedemas and Hereditary,hsa-miR-181a-1,0.3413323760032654
Fibrosis and Airway,hsa-miR-376c-3p,0.3412569761276245
Non-Segmental Vitiligo,hsa-miR-3122,0.34106308221817017
Myeloma Bone Disease,EBV-miR-BART22,0.34101444482803345
Spinal Cord Compression,hsa-miR-199a-1,0.34097325801849365
Spinal Cord Compression,hsa-miR-3607-5p,0.34097015857696533
Polyposis Syndrome and Hereditary Mixed and 1,hsa-miR-33b-5p,0.34063035249710083
Skeletal Muscle Dysplasia,hsa-miR-369-5p,0.3405672311782837
Adrenocortical Adenoma,hsa-miR-125b-1-3p,0.3405301570892334
Scleral Diseases,rno-miR-340-3p,0.3404008746147156
Dilated Cardiomyopathy ,hsa-miR-130b-3p,0.32650095224380493
Intermittent Claudication,hsa-miR-24-2-5p,0.3135523796081543
Intra-Articular Fractures,hsa-mir-7706,0.2741575241088867
Acute Uterine Injury,hsa-miR-101b-2,0.25329118967056274
Neuralgia and Postherpetic,hsa-miR-2467-5p,0.23729099333286285
Encephalitis and Tick-Borne,hsa-miR-4488,0.22967161238193512
Urinary Calculi,hsa-miR-27a,0.22942544519901276
Granulomatous Disease and Chronic,hsa-miR-4433b-3p,0.2294141799211502
Granulomatous Disease and Chronic,hsa-miR-412-3p,0.2294110804796219
Nevi and Melanomas,hsa-miR-101-1,0.22935102880001068
Shprintzen Golberg craniosynostosis,mmu-miR-705,0.22931696474552155
UV-Sensitive Syndrome,hsa-miR-409,0.22926883399486542
Neoplasms and Mesothelial,hsa-miR-101-1,0.22923748195171356
Periodontitis and Diabetic,hsa-miR-125a-3p,0.22920100390911102
Periodontitis and Diabetic,hsa-miR-197-3p,0.22920073568820953
Myotonic Dystrophy,hsa-miR-219b-3p,0.2291969507932663
Autoimmune Diseases of the Nervous System,hsa-miR-24-3p-186,0.22917191684246063
Nevi and Melanomas,hsa-let-7b_c,0.22910724580287933
Swine Diseases,hsa-miR-431,0.22898529469966888
Myeloma Bone Disease,hsa-miR-371,0.22896833717823029
Myeloma Bone Disease,hsa-miR-135-1,0.22895704209804535
Antisynthetase syndrome,hsa-miR-3201,0.22890861332416534
Inflammation and Chronic,hsa-miR-25*,0.22890354692935944
Inflammation and Chronic,hsa-miR-210-5p,0.2289026528596878
Wound Infection,hsa-miR-216b-5p,0.22885604202747345
Nevi and Melanomas,hsa-miR-1470,0.22885160148143768
Myeloma Bone Disease,rno-miR-26b,0.22879408299922943
Lattice corneal dystrophy type 1,hsa-let-7d-5p,0.22875995934009552
Posterior Segment Ocular Diseases,hsa-miR-1252,0.22873340547084808
Inflammation and Chronic,hsa-miR-4490,0.2287118285894394
Periodontitis and Diabetic,hsa-miR-4319,0.22869788110256195
Neutropenia,hsa-miR-19b-2*,0.22864048182964325
Posterior Segment Ocular Diseases,hsa-miR-4295,0.22863547503948212
Neutropenia,hsa-miR-186-5p,0.22863058745861053
Hereditary Autoinflammatory Diseases,hsa-miR-1252,0.22861649096012115
Myeloma Bone Disease,hsa-miR-2276,0.2285660356283188
Tibial Neuropathy,hsa-miR-3201,0.22854496538639069
Renal Artery Obstruction,hsa-miR-3201,0.2284991592168808
Tibial Neuropathy,hsa-miR-4295,0.22848747670650482
Diminished  Ovarian Reserve,hsa-miR-214-5p,0.22839893400669098
Wound Infection,hsa-miR-193,0.22834770381450653
Hereditary Autoinflammatory Diseases,EBV-miR-BART4,0.22833801805973053
Angioedemas and Hereditary,hsa-miR-199a-2,0.228281632065773
Splenic Neoplasms,hsa-miR-4468,0.2281464785337448
Phyllodes Tumor and Breast,hsa-miR-194-2,0.22813518345355988
Equine Infectious Anemia,hsa-miR-1912,0.2280673235654831
Reperfusion Injury and Testicular Ischemia,hsa-miR-1197,0.22805215418338776
Spinal Cord Compression,hsa-miR-4514,0.2279060035943985
Dysentery and Bacillary,hsa-miR-431*,0.22784815728664398
Dilated Cardiomyopathy ,hsa-miR-181c-3p,0.22767220437526703
Chediak-Higashi Syndrome,hsa-miR-1236-3p,0.22759954631328583
Myeloma Bone Disease,mmu-miR-759,0.22754667699337006
Scleral Diseases,hsa-miR-4277,0.22750167548656464
Angioedemas and Hereditary,hsa-miR-367,0.22726373374462128
Reperfusion Injury and Testicular Ischemia,hsa-miR-3944-3p,0.2271857112646103
Scleral Diseases,hcmv-miR-US5,0.22714324295520782
Inflammation and Chronic,hsa-miR-377,0.2270423322916031
Rhabdoid Tumor and Kidney,hsa-miR-181a-2*,0.22702328860759735
Periodontitis and Diabetic,hsa-miR-1203,0.22688616812229156
Reperfusion Injury and Testicular Ischemia,hcmv-miR-US5,0.22683905065059662
Cataract and posterior polar and 3,hsa-miR-3196,0.22648294270038605
Reperfusion Injury and Testicular Ischemia,hsa-let-7b-5p,0.2264557033777237
Asthma and Chronic,hsa-miR-196b*,0.22577552497386932
Reperfusion Injury and Testicular Ischemia,hsa-miR-33b-3p,0.22558240592479706
Meniscus Degeneration,hsa-miR-4301,0.2164672464132309
Fluoride Poisoning,hsa-miR-3189-3p,0.2159915417432785
Neuropathic Low Back Pain,hsa-miR-1537-5p,0.2156856209039688
Dilated Cardiomyopathy ,hsa-miR-4294,0.20322062075138092
Parvoviridae Infections,hsa-let-7d,0.19684664905071259
Radiation-Induced Oral Mucositis,hsa-miR-220a,0.18060459196567535
Intra-Articular Fractures,hsa-miR-142-5p,0.1704283207654953
Sezary Syndrome,hsa-miR-30e-3p,0.1400698721408844
Heart Failure and Diastolic,hsa-miR-3187,0.11965279281139374
Vitreoretinochoroidopathy,hsa-miR-1228,0.10971343517303467
Dilated Cardiomyopathy ,hsa-miR-138,0.09926916658878326
Cone Dystrophy 3,hsa-miR-2682-3p,0.07696589827537537
Niemann-Pick Diseases,hsa-miR-199b,0.07107044756412506
Heart Failure and Diastolic,hsa-miR-3134,0.04163212329149246
Dilated Cardiomyopathy ,hsa-miR-181a*,0.040115006268024445
Hypoglycemia,hsa-miR-1915,-0.04372094199061394
Cone Dystrophy 3,hsa-miR-135a-1,-0.0548681914806366
Intra-Articular Fractures,hsa-miR-3613-3p,-0.05794701725244522
Reperfusion Injury and Steatotic Liver Ischemia,hsa-miR-3156,-0.07732361555099487
Blind Loop Syndrome,rno-miR-382,-0.1553272008895874
Fluoride Poisoning,hsa-miR-199a-3p,-0.1904207170009613
Intra-Articular Fractures,hsa-miR-101-3p,-0.19496086239814758
Stomatitis and Aphthous,EBV-mir-BART17,-0.2688601016998291
Respiratory Sounds,hsa-miR-3976,-0.27414292097091675
Fluoride Poisoning,hsa-miR-1296,-0.34195083379745483
Hypocapnia,hsa-miR-138-5p,-0.3451046347618103
Hypocapnia,hsa-miR-133a-3p,-0.3452552556991577
Hypocapnia,hsa-miR-3157-5p,-0.3459343910217285
Hyperphenylalaninemia with primapterinuria,hsa-miR-149-5p,-0.3468422293663025
Parvoviridae Infections,hsa-miR-3180-3p,-0.39239442348480225
Sezary Syndrome,mmu-miR-711,-0.41565465927124023
D-bifunctional protein deficiency,hsa-miR-4260,-0.5107448697090149
Tauopathies,hsa-let-7f-1*,-0.5188740491867065
Reperfusion Injury and Steatotic Liver Ischemia,hsa-miR-3169,-0.5624693036079407
Dilated Cardiomyopathy ,hsa-miR-4436b-3p,-0.5667826533317566
Intra-Articular Fractures,hsa-miR-322,-0.5907344818115234
D-bifunctional protein deficiency,hsa-miR-29b-2,-0.7033511996269226
Dilated Cardiomyopathy ,hsa-miR-1307,-0.7607746124267578
Kidney Tubular Necrosis and Acute,hsa-miR-3160-3p,-0.8205711841583252
Leukodystrophy and Globoid Cell,hsa-miR-205,-0.8227995038032532
 Lymph  Node Metastasis,hsa-miR-3977,-1.0182455778121948
