source,destination,score
Atrial Premature Complexes,rno-miR-674-3p,0.6594659686088562
Asphyxia,hsa-miR-4423-5p,0.59610515832901
Acute Uterine Injury,rno-miR-674-3p,0.5931112766265869
Apparent mineralocorticoid excess,hsa-miR-302d*,0.529839813709259
Pregnancy Complications and Infectious,hsa-miR-4423-5p,0.5289427638053894
Apparent mineralocorticoid excess,hsa-miR-4512,0.5077692866325378
Chorioamnionitis,hsa-miR-4512,0.5076791644096375
Acute Uterine Injury,hsa-miR-448,0.46995458006858826
Chorioamnionitis,mmu-miR-698,0.4468819200992584
Fibrosarcoma,hsa-mir-8084,0.44405490159988403
Chorioamnionitis,hsa-mir-8084,0.4439404308795929
Pregnancy Complications and Infectious,hsa-miR-4512,0.44064953923225403
Dwarfism,hsa-miR-4452,0.4331973195075989
Diastrophic dysplasia,hsa-miR-4452,0.4331458508968353
Fibrosarcoma,hsa-miR-103a,0.4280896782875061
High Grade Ovarian Neoplasms,hsa-miR-4484,0.4044658839702606
Acute Uterine Injury,hsa-miR-4452,0.36679553985595703
Postoperative Complications,mmu-miR-743b-5p,0.366178423166275
Diminished  Ovarian Reserve,hsa-miR-137,0.3613099455833435
Infertility and Female,rno-miR-499,0.3589533567428589
Apparent mineralocorticoid excess,hsa-miR-4498,0.30945831537246704
Alopecia,hsa-miR-4498,0.3094058632850647
Chorioamnionitis,hsa-miR-4489,0.3021416962146759
Postoperative Nausea and Vomiting,mmu-miR-698,0.2959577739238739
Hypoglycemia and leucine-induced,mmu-miR-678,0.27682605385780334
Varicose Veins,mmu-miR-678,0.2765786349773407
Wiskott-Aldrich Syndrome,mmu-miR-764-3p,0.25976455211639404
AIDS Dementia Complex,mmu-miR-764-3p,0.25962841510772705
Anodontia,mmu-miR-764-3p,0.25947171449661255
Lymphoma and B-Cell and Diffuse,mmu-miR-764-3p,0.25933828949928284
Periodontal Diseases,rno-miR-652,0.25757893919944763
Genital Diseases and Male,mmu-miR-718,0.24944616854190826
Alopecia,mmu-miR-718,0.2493303269147873
Adenocarcinoma and Sebaceous and Eyelid,hsa-miR-3653-5p,0.23526997864246368
Splenic Neoplasms,hsa-miR-365,0.2327975481748581
Cardiomyopathy and Right Ventricular Dilated,hsa-miR-3170,0.23081882297992706
 Lymph  Node Metastasis,hsa-miR-137,0.22413620352745056
Dysentery and Bacillary,hsa-miR-2052,0.2205209881067276
Spinal Cord Compression,hsa-let-7g*,0.21711528301239014
Chanarin-Dorfman Syndrome,hsa-miR-367-3p,0.21689139306545258
Heart Failure and Diastolic,hsa-miR-103-2*,0.2142418622970581
Bronchiolitis Obliterans,hsa-mir-8064,0.21192695200443268
Hypoglycemia and leucine-induced,hsa-mir-8064,0.21183648705482483
Keratoconus,hsa-miR-4446-5p,0.21037529408931732
Inflammatory Osteolysis,hsa-miR-4446-5p,0.21031953394412994
Dwarfism,hsa-miR-4446-5p,0.2103053629398346
Palatal Neoplasms,hsa-miR-4446-5p,0.21029922366142273
Encephalomyelitis and Autoimmune and Experimental,hsa-miR-4446-5p,0.21028518676757812
Infections,hsa-miR-4446-5p,0.2102726548910141
Liver Failure,hsa-miR-4446-5p,0.21026679873466492
Bacterial Infections,hsa-miR-4446-5p,0.21023306250572205
Intestinal Neoplasms,hsa-miR-4446-5p,0.21022889018058777
Alopecia,hsa-miR-4446-5p,0.21022607386112213
Ileal Neoplasms,hsa-miR-4446-5p,0.2101821005344391
Legg-Calve-Perthes Disease,hsa-miR-4446-5p,0.21013492345809937
Early-Stage Malignant Melanoma,hsa-miR-4446-5p,0.21000751852989197
Obesity and Osteosarcopenic,hsa-miR-4446-5p,0.20997925102710724
Lung Diseases and Interstitial,hsa-miR-4446-5p,0.20989874005317688
Polyposis Syndrome and Hereditary Mixed and 1,hsa-miR-200b,0.20971599221229553
Visceral Pain,hsa-miR-295,0.20823314785957336
Tuberous Sclerosis,mmu-miR-764-3p,0.1983570158481598
Reperfusion Injury and Testicular Ischemia,hsa-miR-3160-5p,0.19760622084140778
Proteinuria,mmu-miR-764-3p,0.19757050275802612
Phyllodes Tumor,mmu-miR-764-3p,0.196898952126503
Dilated Cardiomyopathy ,hsa-miR-1178-3p,0.19154499471187592
Tricuspid Valve Insufficiency,EBV-miR-BART18,0.19132688641548157
Immunosuppression Therapy,hsa-miR-4264,0.18557336926460266
Postoperative Complications,rno-miR-409-5p,0.18149296939373016
Genital Diseases and Male,rno-miR-409-5p,0.18146096169948578
Fibrosarcoma,rno-miR-409-5p,0.18142171204090118
Seizures,rno-miR-409-5p,0.181407168507576
Leiomyoma,rno-miR-409-5p,0.18138551712036133
fibrolamellar carcinoma,rno-miR-409-5p,0.18138404190540314
Respiratory Distress Syndrome and Newborn,rno-miR-409-5p,0.1811891347169876
Asymptomatic Infections,rno-miR-409-5p,0.18117323517799377
Cerebral Infarction and Acute,rno-miR-409-5p,0.18111684918403625
Chronic  Rhinosinusitis With Nasal Polyps,hsa-miR-380*,0.1796642243862152
Reperfusion Injury and Testicular Ischemia,hsa-miR-380*,0.179604634642601
Human T-Cell Leukemia Virus Type 1 Infections,hsa-miR-380*,0.17940956354141235
Meningitis and Bacterial,hsa-mir-8061,0.17441707849502563
sporatic amyotrophic lateral sclerosis,hsa-mir-8061,0.1744164526462555
Carcinoma and Squamous Cell and Cutaneous,hsa-mir-8061,0.1743895411491394
Neoplasms and Multiple Primary,hsa-mir-8061,0.17436812818050385
Short Stature and Idiopathic and Autosomal,hsa-mir-8061,0.17436322569847107
Ascites,hsa-mir-8061,0.17436012625694275
Depressive Disorder,hsa-mir-8061,0.1743578314781189
Genital Diseases and Male,hsa-mir-8061,0.1743493676185608
Halal syndrome,hsa-mir-8061,0.1743440181016922
Sarcoma and Kaposi,hsa-mir-8061,0.17433737218379974
Status Epilepticus,hsa-mir-8061,0.17432981729507446
Hepacivirus,hsa-mir-8061,0.1743278056383133
Inflammatory Osteolysis,hsa-mir-8061,0.17432698607444763
Peripheral Blood Leukocytes,hsa-mir-8061,0.17432455718517303
Bronchopulmonary Dysplasia,hsa-mir-8061,0.17432168126106262
Cervical Intraepithelial Neoplasia,hsa-mir-8061,0.1743045598268509
Oral Ulcer,hsa-mir-8061,0.17429323494434357
Encephalomyelitis and Autoimmune and Experimental,hsa-mir-8061,0.17429251968860626
Obesity and Abdominal,hsa-mir-8061,0.1742604523897171
Osteolysis,hsa-mir-8061,0.17424950003623962
Osteoporotic Fractures,hsa-mir-8061,0.17423751950263977
salivary gland adenoid cystic carcinoma,hsa-mir-8061,0.1742018461227417
Legg-Calve-Perthes Disease,hsa-mir-8061,0.17414237558841705
Poisoning,hsa-mir-8061,0.17404897511005402
Platelet Storage Pool Deficiency,hsa-mir-8061,0.17404867708683014
Lymphoma and B-Cell and Diffuse,hsa-mir-8061,0.1740426868200302
Gluteal Muscle Contracture,hsa-mir-8061,0.1740383356809616
Intestinal Atresia,hsa-mir-8061,0.1740374118089676
Ichthyosis and Lamellar,hsa-mir-8061,0.17402885854244232
Salivary Gland Pleomorphic Adenoma,hsa-mir-8061,0.17397218942642212
Amebiasis,hsa-miR-220c,0.17028729617595673
Dilated Cardiomyopathy ,hsa-miR-365,0.1697748899459839
Periodontal Diseases,hsa-miR-4497,0.16113415360450745
Inflammatory Osteolysis,hsa-miR-4497,0.16113080084323883
Brain Damage and Chronic,hsa-miR-4497,0.1611303836107254
Peripheral Blood Leukocytes,hsa-miR-4497,0.16112825274467468
Kidney Tubular Necrosis and Acute,hsa-miR-3653-5p,0.16108140349388123
Dyspepsia,hsa-let-7i-5p,0.15660879015922546
Infant Nutrition Disorders,rno-miR-30b-3p,0.15591536462306976
Hemorrhagic Fever and Ebola,rno-miR-30b-3p,0.1559140533208847
sporatic amyotrophic lateral sclerosis,rno-miR-30b-3p,0.1558925360441208
Malnutrition,rno-miR-30b-3p,0.1558600217103958
Cardiomyopathy and Dilated and with Left Ventricular Noncompaction,rno-miR-30b-3p,0.15584656596183777
Finnish lethal neonatal metabolic syndrome,rno-miR-30b-3p,0.15583626925945282
von Willebrand Diseases,rno-miR-30b-3p,0.15583179891109467
Arthritis and Juvenile,rno-miR-30b-3p,0.1558302342891693
Low Back Pain,rno-miR-30b-3p,0.15582427382469177
Post-Cardiac Arrest Syndrome,rno-miR-30b-3p,0.1558200865983963
Sarcoma and Kaposi,rno-miR-30b-3p,0.1558133363723755
Airway Inflammation,rno-miR-30b-3p,0.15580834448337555
Periodontal Diseases,rno-miR-30b-3p,0.1558065414428711
Papillon-Lefevre Disease,rno-miR-30b-3p,0.15580116212368011
Peripheral Blood Leukocytes,rno-miR-30b-3p,0.15580052137374878
Dwarfism,rno-miR-30b-3p,0.15578864514827728
Wasting Disease and Chronic,rno-miR-30b-3p,0.15578728914260864
Pleural Effusion and Malignant,rno-miR-30b-3p,0.1557864546775818
Choroidal Melanoma,rno-miR-30b-3p,0.1557847261428833
Palatal Neoplasms,rno-miR-30b-3p,0.1557827591896057
arteriosclerotic cardiovascular disease,rno-miR-30b-3p,0.15578091144561768
Cervical Intraepithelial Neoplasia,rno-miR-30b-3p,0.155780628323555
Myopia,rno-miR-30b-3p,0.15576565265655518
Exanthema,rno-miR-30b-3p,0.1557653695344925
Lyme Disease,rno-miR-30b-3p,0.15576234459877014
Abortion and Septic,rno-miR-30b-3p,0.15576232969760895
Adenocarcinoma,rno-miR-30b-3p,0.15575267374515533
Liver Failure,rno-miR-30b-3p,0.15575021505355835
Cleft Lip,rno-miR-30b-3p,0.1557466685771942
Barrett Esophagus,rno-miR-30b-3p,0.1557358354330063
Carotid Artery Injuries,rno-miR-30b-3p,0.15573078393936157
Osteolysis,rno-miR-30b-3p,0.15572544932365417
Cardiac Complexes and Premature,rno-miR-30b-3p,0.15571032464504242
Toxoplasmosis and Ocular,rno-miR-30b-3p,0.15570427477359772
Malaria and Vivax,rno-miR-30b-3p,0.15570339560508728
Helicobacter pylori,rno-miR-30b-3p,0.15569552779197693
Chorioamnionitis,rno-miR-30b-3p,0.15567193925380707
Ear Diseases,rno-miR-30b-3p,0.15566012263298035
Kartagener Syndrome,rno-miR-30b-3p,0.15563997626304626
Osteoporosis-pseudoglioma syndrome,rno-miR-30b-3p,0.15562745928764343
Respiratory Distress Syndrome and Newborn,rno-miR-30b-3p,0.15555384755134583
Hepatitis and Chronic,rno-miR-30b-3p,0.15554004907608032
Lymphoma and B-Cell and Diffuse,rno-miR-30b-3p,0.1555187702178955
Intracranial Arterial Diseases,rno-miR-30b-3p,0.15550753474235535
Hernias and Diaphragmatic and Congenital,rno-miR-30b-3p,0.15550541877746582
Sinus Thrombosis and Intracranial,rno-miR-30b-3p,0.15547947585582733
Protein-Losing Enteropathies,rno-miR-30b-3p,0.15546609461307526
Combined Saposin Deficiency,rno-miR-30b-3p,0.1554652899503708
Intracranial Arteriosclerosis,rno-miR-30b-3p,0.15545654296875
Hyperpigmentation,rno-miR-30b-3p,0.15544849634170532
Varicose Veins,rno-miR-30b-3p,0.15544718503952026
Neutropenia,hsa-miR-1285-2,0.15322963893413544
Brugada Syndrome,hsa-miR-1285-2,0.15313349664211273
Scleral Diseases,hsa-miR-1285-2,0.1529664695262909
Infertility and Female,hsa-mir-8079,0.15142440795898438
Aspergillosis and Allergic Bronchopulmonary,hsa-mir-8079,0.15141315758228302
dilated cardiomyopathy 1FF,hsa-mir-8079,0.15136322379112244
Hyperuricemia,hsa-mir-8079,0.15129651129245758
Neoplasms and Mesothelial,hsa-miR-130a-1,0.15027499198913574
Autolysis,hsa-miR-4446-5p,0.14996860921382904
chronic myeloid leukemia (CML),hsa-miR-17*,0.14805220067501068
Asthma ,hsa-miR-4446-5p,0.1472703218460083
Dilated Cardiomyopathy ,hsa-miR-200b,0.14681395888328552
Esophageal Neoplasms,hsa-miR-4446-5p,0.1449134349822998
Granulomatous Disease and Chronic,hsa-miR-150-5p,0.14412912726402283
Chronic   Pelvic Pain Syndrome,hsa-miR-150-5p,0.14412015676498413
Hereditary Autoinflammatory Diseases,hsa-miR-150-5p,0.14403066039085388
Asthma and Chronic,hsa-miR-150-5p,0.1439976841211319
Scleral Diseases,hsa-miR-150-5p,0.14372217655181885
Otitis Media,hsa-miR-4446-5p,0.14313718676567078
Retinal Vein Occlusion,hsa-miR-4446-5p,0.14308831095695496
Amebiasis,hsa-miR-101-2,0.14039932191371918
Neutropenia,hsa-miR-218-5p,0.14031192660331726
Wiskott-Aldrich Syndrome,hsa-miR-4478,0.1378440260887146
Leukoplakia and Oral,hsa-miR-4478,0.1377955675125122
sporatic amyotrophic lateral sclerosis,hsa-miR-4478,0.13779129087924957
Hyperpigmentation and Skin,hsa-miR-4478,0.13776563107967377
UV-Sensitive Syndrome,hsa-miR-365a-3p,0.13775889575481415
Keratoconus,hsa-miR-4478,0.1377578228712082
Wound Healing,hsa-miR-4478,0.1377234160900116
Rectal Neoplasms,hsa-miR-4478,0.13771800696849823
Neonatal hemochromatosis,hsa-miR-4478,0.13770368695259094
Glaucoma,hsa-miR-4478,0.13768507540225983
Rhabdoid Tumor and Kidney,hsa-miR-365a-3p,0.13767804205417633
Asthma and Chronic,hsa-miR-365a-3p,0.13765832781791687
Heart Diseases and Congenital,hsa-miR-4478,0.13765773177146912
Infections,hsa-miR-4478,0.13765518367290497
Mastitis,hsa-miR-4478,0.13764925301074982
Liver Failure,hsa-miR-4478,0.13764896988868713
Acromegaly,hsa-miR-4478,0.1376468986272812
Neutropenia,hsa-miR-365a-3p,0.13764610886573792
Brain   Ventricle Enlargement,hsa-miR-365a-3p,0.1376405507326126
congenital fibrosarcoma,hsa-miR-365a-3p,0.13759611546993256
Diminished  Ovarian Reserve,hsa-miR-365a-3p,0.13759058713912964
Neovascularization and Pathologic,hsa-miR-4478,0.13756772875785828
Psychotic Disorders,hsa-miR-4478,0.13756611943244934
Placental Insufficiency,hsa-miR-4478,0.13754145801067352
"Muscular Atrophy, Spinal",hsa-miR-4478,0.13752831518650055
Lipodystrophy and Partial and Acquired,hsa-miR-4478,0.13742084801197052
Lymphoma and B-Cell and Diffuse,hsa-miR-4478,0.1374177634716034
Chediak-Higashi Syndrome,hsa-miR-365a-3p,0.13739654421806335
Early-Stage Malignant Melanoma,hsa-miR-4478,0.1373899281024933
Testicular Germ Cell Tumor,hsa-miR-4478,0.13738344609737396
Testicular Neoplasms,hsa-miR-365a-3p,0.13734650611877441
Amelogenesis Imperfecta,hsa-miR-4478,0.1373215764760971
Parvoviridae Infections,hsa-miR-3160-5p,0.13183146715164185
Fluoride Poisoning,hsa-miR-1193,0.13104593753814697
Axenfeld-Rieger syndrome,hsa-miR-4446-5p,0.13057886064052582
Papillomavirus Infections,hsa-miR-4446-5p,0.12973833084106445
Plaque and Amyloid,hsa-miR-151-3p,0.12592248618602753
Neutropenia,hsa-miR-151-3p,0.12588810920715332
Angioedemas and Hereditary,hsa-miR-151-3p,0.125814288854599
Rhabdoviridae Infections,hsa-miR-151-3p,0.12579753994941711
Testicular Neoplasms,hsa-miR-151-3p,0.12558864057064056
Reperfusion Injury and Testicular Ischemia,hsa-miR-24-1,0.12395468354225159
Fluoride Poisoning,hsa-miR-102,0.12374532222747803
Pancreatitis and Acute Hemorrhagic,hsa-miR-216,0.122195765376091
Diminished  Ovarian Reserve,hsa-miR-216,0.12216095626354218
Angioedemas and Hereditary,hsa-miR-216,0.12214265763759613
Splenic Neoplasms,hsa-miR-216,0.12210187315940857
Neoplasms and Mesothelial,hsa-miR-1268,0.12187527120113373
Tibial Neuropathy,hsa-miR-1268,0.12177383899688721
Inflammation and Chronic,hsa-miR-1268,0.12176461517810822
Wound Infection,hsa-miR-1268,0.121762216091156
Placenta Accreta,hsa-mir-8061,0.11439254134893417
Rh Deficiency Syndrome,hsa-mir-8061,0.11423614621162415
Costello Syndrome,hsa-mir-8061,0.11348551511764526
Equine Infectious Anemia,hsa-miR-181a-1*,0.11255388706922531
fragile X-associated tremor/ataxia syndrome,hsa-miR-181a-1*,0.11255153268575668
Tibial Neuropathy,hsa-miR-181a-1*,0.11254169046878815
Vaginosis and Bacterial,hsa-miR-181a-1*,0.11252453178167343
thyroid gland Hurthle cell carcinoma,hsa-miR-181a-1*,0.11225851625204086
Myotonic Dystrophy,hsa-miR-1322,0.11134853214025497
thyroid gland Hurthle cell carcinoma,hsa-miR-1322,0.11102165281772614
Newcastle Disease,rno-miR-30b-3p,0.10927165299654007
Acute Uterine Injury,hsa-mir-8061,0.10791066288948059
endometriosis in scar of skin,hsa-mir-8061,0.10718372464179993
Repolarization Abnormality,hsa-mir-8061,0.1071554496884346
Rhabdoid Tumor and Kidney,hsa-miR-1231,0.1070718988776207
Neutropenia,hsa-miR-1231,0.10703972727060318
Posterior Segment Ocular Diseases,hsa-miR-1231,0.10700619965791702
Rhabdoviridae Infections,hsa-miR-1231,0.10694918781518936
Urinary Incontinence and Stress,hsa-miR-423-3p,0.10601741820573807
neovascular inflammatory vitreoretinopathy,hsa-miR-423-3p,0.1056898832321167
Vitreoretinopathy and Proliferative,mmu-miR-697,0.10567069053649902
common variable immunodeficiency 2,mmu-miR-697,0.105669766664505
Virus Diseases,mmu-miR-697,0.10565708577632904
Human Herpesvirus 6 encephalitis,mmu-miR-697,0.1056387722492218
Polycythemia Vera,mmu-miR-697,0.10563782602548599
Cholecystitis,mmu-miR-697,0.10562382638454437
Acute Coronary Syndrome and Non-St  Elevation,mmu-miR-697,0.10562233626842499
Distal arthrogryposis type 2B,mmu-miR-697,0.1056220531463623
Tuberous Sclerosis 1,mmu-miR-697,0.10562034696340561
Carcinoma and Adenoid Cystic,mmu-miR-697,0.10562025010585785
Pain and Inflammatory,mmu-miR-697,0.1056143119931221
Carcinoma and Squamous Cell and Cutaneous,mmu-miR-697,0.10560906678438187
Leukemia and Myeloid,mmu-miR-697,0.10560350120067596
Foot-and-Mouth Disease,mmu-miR-697,0.10560281574726105
Selenium Deficiency,mmu-miR-697,0.1056012287735939
Adiposis Dolorosa,mmu-miR-697,0.1055956706404686
Facial Nerve Injuries,mmu-miR-697,0.10559488832950592
Venous Thrombosis,mmu-miR-697,0.10559240728616714
Reperfusion Injury and Intestinal Ischemia,mmu-miR-697,0.10559117794036865
Encephalomyelitis and Eastern Equine,mmu-miR-697,0.10557369142770767
Arthritis and Juvenile,mmu-miR-697,0.10557357966899872
Gastric Intestinal   Metaplasia,mmu-miR-697,0.10557296127080917
Aortic Diseases,mmu-miR-697,0.10557112097740173
Adenocarcinoma and Follicular,mmu-miR-697,0.10557019710540771
Low Back Pain,mmu-miR-697,0.10556752234697342
Autism Spectrum Disorder,mmu-miR-697,0.10556645691394806
Myocarditis,mmu-miR-697,0.10556359589099884
Sepsis Induced Liver Injury,mmu-miR-697,0.10556355118751526
Post-Cardiac Arrest Syndrome,mmu-miR-697,0.10556342452764511
T-cell acute lymphoblastic leukemia,mmu-miR-697,0.10555900633335114
Sarcoma and Kaposi,mmu-miR-697,0.10555654764175415
Prader-Willi Syndrome,mmu-miR-697,0.10555587708950043
Polyps,mmu-miR-697,0.10555420070886612
Lipodystrophy,mmu-miR-697,0.10554765164852142
Ataxia Neuropathy Spectrum,mmu-miR-697,0.10554748773574829
Inflammatory Osteolysis,mmu-miR-697,0.10554616153240204
Stanford Type A Aortic   Dissection,mmu-miR-697,0.1055455431342125
Sarcoidosis,mmu-miR-697,0.10554535686969757
Diarrhea 5 and With Tufting Enteropathy and Congenital,mmu-miR-697,0.10554423928260803
Papillon-Lefevre Disease,mmu-miR-697,0.10554417222738266
Neuroleptic Malignant Syndrome,mmu-miR-697,0.10553544014692307
Parasitic Diseases,mmu-miR-697,0.10553326457738876
Hemangioma and Infantile,mmu-miR-697,0.1055324599146843
Bone Neoplasms,mmu-miR-697,0.10553007572889328
Fibrosarcoma,mmu-miR-697,0.1055293157696724
Sleep Apnea Syndromes,mmu-miR-697,0.10552893579006195
Hind Limb Ischemia,mmu-miR-697,0.10552825033664703
Shock and Septic,mmu-miR-697,0.1055256724357605
Neurofibromatosis 2,mmu-miR-697,0.10552401840686798
Exocrine Pancreatic Insufficiency,mmu-miR-697,0.10552060604095459
Cryopyrin-Associated Periodic Syndromes,mmu-miR-697,0.10551895201206207
Vasospasm and Intracranial and Postoperative,mmu-miR-697,0.10551892966032028
Acne Vulgaris,mmu-miR-697,0.10551699250936508
Oral Ulcer,mmu-miR-697,0.10551232844591141
Alzheimer Disease ,mmu-miR-697,0.1055120900273323
Anemia,mmu-miR-697,0.10550899058580399
Exanthema,mmu-miR-697,0.10550882667303085
Langer mesomelic dysplasia,mmu-miR-697,0.1055040955543518
Nephritis,mmu-miR-697,0.10550352931022644
 Equine Hepacivirus Infections,mmu-miR-697,0.10550244152545929
Telangiectasia and Hereditary Hemorrhagic,mmu-miR-697,0.10550163686275482
Rhinitis and Allergic,mmu-miR-697,0.10549622029066086
Adenocarcinoma,mmu-miR-697,0.10549576580524445
External Auditory Canal Squamous Cell Carcinoma,mmu-miR-697,0.10549541562795639
Rosacea,mmu-miR-697,0.10549430549144745
esophageal carcinoma,mmu-miR-697,0.1054932177066803
Infarction and Middle Cerebral Artery,mmu-miR-697,0.1054903045296669
Leukemia and Prolymphocytic and T-Cell,mmu-miR-697,0.10548971593379974
Depression and Postpartum,mmu-miR-697,0.1054873913526535
Frontonasal dysplasia,mmu-miR-697,0.10548443347215652
Bicuspid Aortic Valve Disease,mmu-miR-697,0.10548394173383713
Hyperoxia-Induced Lung Injury,mmu-miR-697,0.10547987371683121
rippling muscle disease 1,mmu-miR-697,0.10547935217618942
Carotid Artery Injuries,mmu-miR-697,0.10547412186861038
Pregnancy Complications,mmu-miR-697,0.10547220706939697
Hemangioma,mmu-miR-697,0.10546901822090149
Cushing Syndrome,mmu-miR-697,0.1054651141166687
Syphilis and primary,mmu-miR-697,0.10545980930328369
Critical Illness,mmu-miR-697,0.10545091331005096
Mesothelioma and Malignant and Pleural,mmu-miR-697,0.10544665902853012
Helicobacter pylori,mmu-miR-697,0.10543842613697052
Necrobiotic Disorders,mmu-miR-697,0.10541857779026031
Neoplasms and Germ Cell and Embryonal,mmu-miR-697,0.10541259497404099
Neovascularization and Pathologic,mmu-miR-697,0.1054118350148201
Adenocarcinoma and Sebaceous and Ocular,mmu-miR-697,0.10541173815727234
FG syndrome,mmu-miR-697,0.10540159046649933
Alcohol Withdrawal Delirium,mmu-miR-697,0.1053963378071785
Placental Insufficiency,mmu-miR-697,0.10538536310195923
Graves Ophthalmopathy,mmu-miR-697,0.10538450628519058
Hydrocephalus,mmu-miR-697,0.10537320375442505
Myeloma Bone Disease,hsa-miR-4487,0.10536378622055054
Turner Syndrome,mmu-miR-697,0.10536082834005356
Sarcoma and Synovial,mmu-miR-697,0.10534247010946274
Microphthalmos,mmu-miR-697,0.10533300042152405
Coronary Stenosis,mmu-miR-697,0.10531742870807648
Mycobacterium avium-intracellulare Infection,mmu-miR-697,0.10530774295330048
Thymus Neoplasms,mmu-miR-697,0.10530733317136765
Calcinosis,mmu-miR-697,0.10530216991901398
Oligospermia,mmu-miR-697,0.10529676824808121
Allograft Rejection and Antibody-Mediated,mmu-miR-697,0.10528647899627686
Pigmentation Disorders,mmu-miR-697,0.10528626292943954
Acute Coronary Syndrome ,mmu-miR-697,0.10528088361024857
Retinal Degeneration,mmu-miR-697,0.10528016090393066
Heart Injuries,mmu-miR-697,0.10527908802032471
dystonia 5,mmu-miR-697,0.10527054220438004
Hair Diseases,mmu-miR-697,0.1052621379494667
Cerebral Small Vessel Diseases,mmu-miR-697,0.10525962710380554
Schopf-Schulz-Passarge Syndrome,mmu-miR-697,0.1052587628364563
Intestinal Atresia,mmu-miR-697,0.10525670647621155
Hemangioma and Cavernous,mmu-miR-697,0.10525642335414886
Lichen Sclerosus et Atrophicus,mmu-miR-697,0.10525433719158173
Bronchial Diseases,mmu-miR-697,0.10525001585483551
Arthritis and Gouty,mmu-miR-697,0.10524770617485046
Arteriosclerosis,mmu-miR-697,0.1052476316690445
Osteomyelitis,mmu-miR-697,0.10523977875709534
Fibrous Dysplasia of Bone,mmu-miR-697,0.10523166507482529
Pulmonary Veno-Occlusive Disease,mmu-miR-697,0.10522804409265518
Testicular Germ Cell Tumor,mmu-miR-697,0.10522754490375519
Chemical and Drug Induced Liver Injury,mmu-miR-697,0.1052272617816925
Sinus Thrombosis and Intracranial,mmu-miR-697,0.105222687125206
differentiated thyroid gland carcinoma,mmu-miR-697,0.10522201657295227
von Hippel-Lindau Disease,mmu-miR-697,0.10521498322486877
Muscular Dystrophy and Facioscapulohumeral,mmu-miR-697,0.10520415008068085
Sarcopenia,mmu-miR-697,0.10520345717668533
Rectal Diseases,mmu-miR-697,0.1052001342177391
Intracranial Arteriosclerosis,mmu-miR-697,0.10519988089799881
Immune System Diseases,mmu-miR-697,0.10519901663064957
Urologic Neoplasms,mmu-miR-697,0.10519862920045853
non-alcoholic fatty liver,mmu-miR-697,0.10519146919250488
Varicose Veins,mmu-miR-697,0.10519039630889893
Coronavirus Infections,mmu-miR-697,0.10518897324800491
Hypertension and Renal,mmu-miR-697,0.10518378019332886
Ethylmalonic encephalopathy,mmu-miR-697,0.10517703741788864
Alopecia Areata,mmu-miR-697,0.10515590012073517
Myotonic Disorders,mmu-miR-697,0.10515259206295013
Alveolar echinococcosis,mmu-miR-697,0.10514967888593674
Chediak-Higashi Syndrome,hsa-miR-4487,0.10506900399923325
Choroid Diseases,hsa-miR-2392,0.10407983511686325
Classical Swine Fever,hsa-miR-2392,0.10404745489358902
Nevi and Melanomas,hsa-miR-2392,0.10404617339372635
Myotonic Dystrophy,hsa-miR-2392,0.10402946919202805
autism spectrum disorder (ASD),hsa-miR-2392,0.10401428490877151
Chronic  Rhinosinusitis With Nasal Polyps,hsa-miR-2392,0.10401194542646408
Equine Infectious Anemia,hsa-miR-2392,0.10399819910526276
Inflammation and Chronic,hsa-miR-2392,0.10397674143314362
Reperfusion Injury and Testicular Ischemia,hsa-miR-2392,0.10395244508981705
Brain Edema,hsa-miR-2392,0.10392554849386215
Primary Gastrointestinal Diffuse Large B-Cell Lymphoma ,hsa-miR-2392,0.10390602797269821
Angioedemas and Hereditary,hsa-miR-2392,0.10387586802244186
Adenocarcinoma Of Esophagus,hsa-miR-2392,0.10373105108737946
Addison Disease,hsa-miR-2392,0.10371796786785126
Testicular Neoplasms,hsa-miR-2392,0.10365034639835358
Choroid Diseases,hsa-miR-376b-3p,0.10042275488376617
Multiple Mitochondrial Dysfunctions Syndrome,hsa-miR-376b-3p,0.10042066872119904
Lentivirus Infections,hsa-miR-376b-3p,0.10041892528533936
Liposarcoma and Myxoid,hsa-miR-376b-3p,0.1004183292388916
Vitelliform Macular Dystrophy,hsa-miR-376b-3p,0.10041208565235138
Body Weight,hsa-miR-376b-3p,0.10040295869112015
Classical Swine Fever,hsa-miR-376b-3p,0.1003902480006218
Renal Artery Obstruction,hsa-miR-376b-3p,0.1003882884979248
Fetal Hypoxia,hsa-miR-376b-3p,0.10037543624639511
Laryngeal Papillomas,hsa-miR-376b-3p,0.10037137567996979
Echinococcosis and Hepatic,hsa-miR-376b-3p,0.1003699079155922
Urethritis,hsa-miR-376b-3p,0.10036119818687439
Endothelial Inflammatory Injury,hsa-miR-376b-3p,0.10036089271306992
Ischemic Attack and Transient,hsa-miR-376b-3p,0.10034353286027908
Myeloma Bone Disease,hsa-miR-376b-3p,0.10033804178237915
Absent corpus callosum cataract immunodeficiency,hsa-miR-376b-3p,0.10033354163169861
Vitamin A Deficiency,hsa-miR-376b-3p,0.10033051669597626
Plaque and Amyloid,hsa-miR-376b-3p,0.10032682865858078
Peripheral Vascular Diseases,hsa-miR-376b-3p,0.10032519698143005
Rhabdoid Tumor and Kidney,hsa-miR-376b-3p,0.10032478719949722
Wound Infection,hsa-miR-376b-3p,0.10031717270612717
Crisponi syndrome,hsa-miR-376b-3p,0.10031534731388092
Fabry   Nephropathy,hsa-miR-376b-3p,0.10030541568994522
Chronic Rhinosinusitis With Nasal  Polyps,hsa-miR-376b-3p,0.10029732435941696
Maxillary Sinus Neoplasms,hsa-miR-376b-3p,0.10029654204845428
Reperfusion Injury and Testicular Ischemia,hsa-miR-376b-3p,0.10029535740613937
Venous Neointimal Hyperplasia,hsa-miR-376b-3p,0.10029330104589462
Neutropenia,hsa-miR-376b-3p,0.1002926155924797
Diabetic  Retinopathy,hsa-miR-376b-3p,0.10028717666864395
Retinitis Pigmentosa,hsa-miR-376b-3p,0.10028024762868881
Neuropathic Allodynia,hsa-miR-376b-3p,0.10025639832019806
Diminished  Ovarian Reserve,hsa-miR-376b-3p,0.10023733228445053
Angioedemas and Hereditary,hsa-miR-376b-3p,0.10021854192018509
Encephalitis Virus and Japanese,hsa-miR-376b-3p,0.10019524395465851
Splenic Neoplasms,hsa-miR-376b-3p,0.10017797350883484
Aristolochic Acid Induced Nephropathy,hsa-miR-376b-3p,0.10015824437141418
ureteropelvic junction obstruction,hsa-miR-376b-3p,0.10011841356754303
Human T-Cell Leukemia Virus Type 1 Infections,hsa-miR-376b-3p,0.10009995847940445
Deglutition Disorders,hsa-miR-376b-3p,0.10007026791572571
Lysosomal Storage Diseases,hsa-miR-376b-3p,0.10006709396839142
Polyposis Syndrome and Hereditary Mixed and 1,hsa-miR-376b-3p,0.10005722939968109
thyroid gland Hurthle cell carcinoma,hsa-miR-376b-3p,0.10004571080207825
Amebiasis,hsa-miR-376b-3p,0.10001032054424286
Skeletal Muscle Injury,hsa-let-7c_c,0.09865878522396088
Equine Infectious Anemia,hsa-miR-351,0.09723246097564697
Meniscus Degeneration,hsa-miR-351,0.09692998975515366
Erythema,rno-miR-30b-3p,0.09649400413036346
Multiple Mitochondrial Dysfunctions Syndrome,hsa-miR-181c,0.09644921869039536
Polyposis Syndrome and Hereditary Mixed and 1,hsa-miR-3124-3p,0.09623769670724869
Neoplasms and Mesothelial,hsa-miR-1b-1,0.09606242179870605
Nevi and Melanomas,hsa-miR-1b-1,0.09602104872465134
Metabolic-Associated Fatty Liver Disease,rno-miR-30b-3p,0.09595883637666702
Asthma and Chronic,hsa-miR-1b-1,0.09593699127435684
Human T-Cell Leukemia Virus Type 1 Infections,hsa-miR-1b-1,0.09573215246200562
 Lymph  Node Metastasis,hsa-miR-365,0.0956832692027092
Canavan Disease,hsa-let7i,0.09483643621206284
Angioedemas and Hereditary,hsa-let7i,0.0945689007639885
Reperfusion Injury and Testicular Ischemia,hsa-miR-181a-5p,0.09431139379739761
Plasmablastic Lymphoma,hsa-miR-4497,0.09388336539268494
Hypothermia,rno-miR-30b-3p,0.09366980940103531
Abnormalities and Drug-Induced,rno-miR-30b-3p,0.09366971999406815
Neoplasms and Mesothelial,hsa-miR-3186-5p,0.093547523021698
Neutropenia,hsa-miR-3186-5p,0.09340991079807281
Retinitis Pigmentosa,hsa-miR-3186-5p,0.09339729696512222
Pneumoconiosis,hsa-miR-3186-5p,0.09332195669412613
Adenocarcinoma Of Esophagus,hsa-miR-3186-5p,0.09319145977497101
Polyposis Syndrome and Hereditary Mixed and 1,hsa-miR-3186-5p,0.0931745246052742
Neurobehavioral Manifestations,rno-miR-30b-3p,0.09316900372505188
Sneddon Syndrome,hsa-miR-3186-5p,0.09316730499267578
Ciliary Motility Disorders,rno-miR-30b-3p,0.09276997298002243
Intermittent Claudication,hsa-miR-365,0.092165507376194
Postoperative Complications,mmu-miR-701,0.09169811755418777
Osteolysis,hsa-miR-4434,0.09163713455200195
Parasitic Diseases,mmu-miR-701,0.091630719602108
Wasting Disease and Chronic,mmu-miR-701,0.09162783622741699
Classical Swine Fever,hsa-miR-1975,0.0914994329214096
Chronic Inflammation,hsa-miR-1975,0.09148604422807693
Wound Infection,hsa-miR-1975,0.09142664819955826
Asthma and Chronic,hsa-miR-1975,0.09141410142183304
Venous Neointimal Hyperplasia,hsa-miR-1975,0.09140289574861526
Retinitis Pigmentosa,hsa-miR-1975,0.09138935804367065
Neoplasms and Hormone-Dependent,hsa-miR-1975,0.09135926514863968
Protein-Losing Enteropathies,mmu-miR-701,0.09130652993917465
Papillomavirus Infections,mmu-miR-701,0.09129772335290909
Polyposis Syndrome and Hereditary Mixed and 1,hsa-miR-1975,0.09116653352975845
thyroid gland Hurthle cell carcinoma,hsa-miR-1975,0.09115501493215561
Scleral Diseases,hsa-miR-1975,0.09113871306180954
Renal Artery Obstruction,hsa-miR-323b-3p,0.09099897742271423
Peritoneal Fibrosis,rno-miR-30b-3p,0.09038858115673065
Canavan Disease,hsa-miR-199a*-2,0.09009107202291489
Liposarcoma and Myxoid,hsa-miR-199a*-2,0.09002284705638885
Fatty Liver and Alcoholic,rno-miR-30b-3p,0.09000884741544724
Classical Swine Fever,hsa-miR-199a*-2,0.08999500423669815
Echinococcosis and Hepatic,hsa-miR-199a*-2,0.0899747759103775
Equine Infectious Anemia,hsa-miR-199a*-2,0.08994586765766144
Corneal Ulcer,hsa-miR-199a*-2,0.08993876725435257
Inflammation and Chronic,hsa-miR-199a*-2,0.08992429077625275
Venous Neointimal Hyperplasia,hsa-miR-199a*-2,0.08989793807268143
Lattice corneal dystrophy type 1,hsa-miR-199a*-2,0.08988603949546814
Human T-Cell Leukemia Virus Type 1 Infections,hsa-miR-199a*-2,0.08970482647418976
Airway Obstruction,hsa-let-7i-5p,0.08944996446371078
thyroid gland Hurthle cell carcinoma,hsa-miR-18b*,0.08916310220956802
Thyroiditis,rno-miR-30b-3p,0.08909555524587631
Mixed Connective Tissue Disease,rno-miR-30b-3p,0.08880192041397095
Neuromuscular Junction Diseases,rno-miR-30b-3p,0.08870328217744827
Rheumatic Fever,rno-miR-30b-3p,0.08865536004304886
Brain Diseases,rno-miR-30b-3p,0.08864263445138931
Otitis Media,rno-miR-30b-3p,0.08862082660198212
Lupus Erythematosus and Cutaneous,rno-miR-30b-3p,0.08861414343118668
Diabetic Angiopathies,rno-miR-30b-3p,0.08859818428754807
Camptocormia,rno-miR-30b-3p,0.08859249204397202
Plasmablastic Lymphoma,rno-miR-30b-3p,0.08855586498975754
Chlamydia Infections,rno-miR-30b-3p,0.08845899999141693
Classical Swine Fever,hsa-miR-30c-1*,0.08845393359661102
Brugada Syndrome,hsa-miR-30c-1*,0.08826044946908951
Hereditary Autoinflammatory Diseases,hsa-miR-4482-5p,0.08795741200447083
Posterior Segment Ocular Diseases,hsa-miR-4482-5p,0.08787870407104492
Status Asthmaticus,EBV-mir-BART8,0.08665443956851959
Neoplasms and Mesothelial,EBV-mir-BART8,0.08664866536855698
Vitelliform Macular Dystrophy,EBV-mir-BART8,0.08663052320480347
Hemorrhagic Fever and Ebola,hsa-mir-875,0.08662944287061691
Meningitis and Bacterial,hsa-mir-875,0.08660845458507538
Fetal Hypoxia,EBV-mir-BART8,0.08659400045871735
Lupus Vasculitis and Central Nervous System,EBV-mir-BART8,0.0865781232714653
Equine Infectious Anemia,EBV-mir-BART8,0.08655966818332672
Myeloma Bone Disease,EBV-mir-BART8,0.08655659854412079
rectum adenocarcinoma,hsa-mir-875,0.0865529328584671
Absent corpus callosum cataract immunodeficiency,EBV-mir-BART8,0.0865519791841507
Esophageal Diseases,EBV-mir-BART8,0.08653963357210159
Inflammation and Chronic,EBV-mir-BART8,0.08653797954320908
Elliptocytosis 2,hsa-mir-875,0.08653140813112259
Primary Graft Dysfunction,hsa-mir-875,0.08651865273714066
Chronic Rhinosinusitis With Nasal  Polyps,EBV-mir-BART8,0.08651600033044815
Brain   Ventricle Enlargement,EBV-mir-BART8,0.08650561422109604
Tricuspid Valve Insufficiency,EBV-mir-BART8,0.08650029450654984
Lattice corneal dystrophy type 1,EBV-mir-BART8,0.08649984747171402
Infarction,hsa-mir-875,0.08649859577417374
Seizures,hsa-mir-875,0.0864868089556694
Colitis and Ulcerative,hsa-mir-875,0.08648068457841873
Posterior Segment Ocular Diseases,EBV-mir-BART8,0.08647769689559937
Hypertension and Portal,EBV-mir-BART8,0.08647249639034271
Encephalomyelitis and Western Equine,hsa-mir-875,0.08642894774675369
Human T-Cell Leukemia Virus Type 1 Infections,EBV-mir-BART8,0.08631863445043564
Meniscus Degeneration,EBV-mir-BART8,0.08625707775354385
Pleuropulmonary blastoma,hsa-mir-875,0.08625346422195435
Poisoning,hsa-mir-875,0.08624030649662018
Spinal Diseases,EBV-mir-BART8,0.08621934801340103
Incontinentia Pigmenti,hsa-mir-875,0.08619751036167145
Papillomavirus Infections,hsa-mir-875,0.0861726701259613
Digestive System Neoplasms,hsa-mir-8079,0.08426467329263687
Neuromyelitis Optica,rno-miR-409-5p,0.0835011824965477
Hyperleptinemia,hsa-miR-3117-3p,0.08335381746292114
Granulomatous Disease and Chronic,hsa-miR-3117-3p,0.0833427682518959
Urinary Calculi,hsa-miR-3117-3p,0.08333846181631088
Chills,hsa-miR-3117-3p,0.08333510160446167
Multiple Mitochondrial Dysfunctions Syndrome,hsa-miR-3117-3p,0.08332724869251251
Vitelliform Macular Dystrophy,hsa-miR-3117-3p,0.08331837505102158
UV-Sensitive Syndrome,hsa-miR-3117-3p,0.08331189304590225
Iridocorneal Endothelial Syndrome,hsa-miR-150-5p,0.08330272138118744
Rhabdomyosarcoma and Alveolar,hsa-miR-3117-3p,0.0833013504743576
Submandibular Gland Diseases,hsa-miR-3117-3p,0.08325006067752838
Urinary Incontinence and Stress,hsa-miR-3117-3p,0.083250030875206
Pfeiffer type acrocephalosyndactyly,hsa-miR-3117-3p,0.0832483321428299
Equine Infectious Anemia,hsa-miR-3117-3p,0.08324757218360901
Myeloma Bone Disease,hsa-miR-3117-3p,0.0832444503903389
Corneal Ulcer,hsa-miR-3117-3p,0.08324054628610611
Absent corpus callosum cataract immunodeficiency,hsa-miR-3117-3p,0.08324024081230164
succinic semialdehyde dehydrogenase deficiency,hsa-miR-3117-3p,0.08323948085308075
Wound Infection,hsa-miR-3117-3p,0.08322399109601974
Asthma and Chronic,hsa-miR-3117-3p,0.08321121335029602
Carcinoma and Intraductal and Noninfiltrating,hsa-miR-3117-3p,0.08319711685180664
Tricuspid Valve Insufficiency,hsa-miR-3117-3p,0.0831880271434784
Lattice corneal dystrophy type 1,hsa-miR-3117-3p,0.08318769931793213
Prekallikrein Deficiency,hsa-miR-218-2,0.08318758755922318
Autoimmune Pancreatitis,hsa-miR-218-2,0.08318581432104111
Clear-cell metastatic renal cell carcinoma,hsa-miR-3117-3p,0.0831640437245369
Reperfusion Injury and Testicular Ischemia,hsa-miR-218-2,0.08314675837755203
Venous Neointimal Hyperplasia,hsa-miR-218-2,0.08314481377601624
Uveomeningoencephalitic Syndrome,hsa-miR-3117-3p,0.08314109593629837
Chanarin-Dorfman Syndrome,hcmv-miR-UL59,0.0831349566578865
Tricuspid Valve Insufficiency,hsa-miR-218-2,0.08313289284706116
Susac Syndrome,hsa-miR-3117-3p,0.08311790972948074
Primary Gastrointestinal Diffuse Large B-Cell Lymphoma ,hsa-miR-218-2,0.0831001028418541
Periodontitis and Diabetic,hcmv-miR-UL59,0.08306467533111572
Aristolochic Acid Induced Nephropathy,hsa-miR-3117-3p,0.08306442201137543
Rhabdoviridae Infections,hsa-miR-218-2,0.08305328339338303
Lupus Vasculitis and Central Nervous System,hcmv-miR-UL59,0.08303748816251755
Hereditary Autoinflammatory Diseases,hcmv-miR-UL59,0.08301596343517303
Absent corpus callosum cataract immunodeficiency,hcmv-miR-UL59,0.08301158994436264
Tibial Neuropathy,hcmv-miR-UL59,0.08300668746232986
Rhabdoid Tumor and Kidney,hcmv-miR-UL59,0.08300259709358215
Canavan Disease,hsa-miR-320b,0.08299866318702698
Inflammation and Chronic,hcmv-miR-UL59,0.08299758285284042
Adenocarcinoma Of Esophagus,hsa-miR-3117-3p,0.08298022300004959
Deglutition Disorders,hsa-miR-3117-3p,0.082976795732975
Reperfusion Injury and Testicular Ischemia,hcmv-miR-UL59,0.0829734057188034
Carcinoma and Intraductal and Noninfiltrating,hcmv-miR-UL59,0.08296845853328705
Polyposis Syndrome and Hereditary Mixed and 1,hsa-miR-3117-3p,0.08296352624893188
Chronic Kidney   Disease,hcmv-miR-UL59,0.08294669538736343
Meniscus Degeneration,hsa-miR-3117-3p,0.08294498175382614
Corneal Allograft Rejection,hcmv-miR-UL59,0.0829382985830307
Transmissible Gastroenteritis,hcmv-miR-UL59,0.08293096721172333
Liposarcoma and Myxoid,hsa-miR-320b,0.0829305574297905
Primary Gastrointestinal Diffuse Large B-Cell Lymphoma ,hcmv-miR-UL59,0.08292686939239502
Diminished  Ovarian Reserve,hcmv-miR-UL59,0.08291513472795486
Hyperaldosteronism,hsa-miR-3117-3p,0.08291316032409668
Polyposis Syndrome and Hereditary Mixed and 1,hsa-miR-218-2,0.0829085111618042
Spinal Diseases,hsa-miR-3117-3p,0.08290719985961914
Myotonic Dystrophy,hsa-miR-320b,0.08288473635911942
Amebiasis,hsa-miR-218-2,0.08286171406507492
Rhabdoid Tumor and Kidney,hsa-miR-320b,0.08283677697181702
Spinal Cord Compression,hcmv-miR-UL59,0.0828273668885231
Asthma and Chronic,hsa-miR-320b,0.08281686156988144
Primary Gastrointestinal Diffuse Large B-Cell Lymphoma ,hsa-miR-320b,0.08276105672121048
Chediak-Higashi Syndrome,hcmv-miR-UL59,0.0827210545539856
Typical Teratoid Rhabdoid Tumor,hsa-miR-4511,0.08270137012004852
Abnormalities and Multiple,hsa-miR-4511,0.08269956707954407
acute myocardial infarction,hsa-miR-4511,0.08269902318716049
Myasthenia Gravis with Thymus Hyperplasia,hsa-miR-4511,0.08269888162612915
Kidney Neoplasms,hsa-miR-4511,0.08269874006509781
Hypocalciuric hypercalcemia and familial and type 1,hsa-miR-4511,0.08268629759550095
Peptic Ulcer,hsa-miR-4511,0.08268392831087112
Carotid Stenosis,hsa-miR-4511,0.0826827734708786
Renal Tubular Oxidative Injury,hsa-miR-4511,0.08268170803785324
Familial primary gastric lymphoma,hsa-miR-4511,0.08267877250909805
Vertigo,hsa-miR-4511,0.08267614990472794
Ventricular Dysfunction and Left,hsa-miR-4511,0.08267458528280258
Borna Disease,hsa-miR-4511,0.08267314732074738
Testicular Neoplasms,hcmv-miR-UL59,0.08267130702733994
Abortion and Spontaneous,hsa-miR-4511,0.08267073333263397
Moebius syndrome 1,hsa-miR-4511,0.08267071098089218
Pediatric Obesity,hsa-miR-4511,0.08266950398683548
Leg Ulcer,hsa-miR-4511,0.0826653391122818
Glycogen Storage Disease Type VI,hsa-miR-4511,0.08265982568264008
Lumbar Disc   Herniation,hsa-miR-4511,0.08265551924705505
Cancer-Associated Cachexia,hsa-miR-4511,0.08265026658773422
Dehydration,hsa-miR-4511,0.0826466754078865
Bradycardia,hsa-miR-4511,0.08264579623937607
Dmd-Associated Dilated Cardiomyopathy,hsa-miR-4511,0.08264575153589249
Postoperative Complications,hsa-miR-4511,0.08264473080635071
Adiposis Dolorosa,hsa-miR-4511,0.08263950049877167
Myeloproliferative Disorders,hsa-miR-4511,0.08263860642910004
Diabetic Retinopathy ,hsa-miR-4511,0.0826374962925911
Venous Thrombosis,hsa-miR-4511,0.08263623714447021
Sarcoma and Ewing,hsa-miR-4511,0.08263451606035233
torsion dystonia 1,hsa-miR-4511,0.0826331377029419
Meniere Disease,hsa-miR-4511,0.08263274282217026
Neoplasms and Multiple Primary,hsa-miR-4511,0.08263124525547028
Tuberculosis and Spinal,hsa-miR-4511,0.08263063430786133
White Spot Syndrome Virus  Infection,hsa-miR-4511,0.08263058215379715
Cerebral Intraventricular Hemorrhage,hsa-miR-4511,0.0826285257935524
End Stage Liver Disease,hsa-miR-4511,0.08262833952903748
Brain Neoplasms,hsa-miR-4511,0.08262822031974792
Hypercholesterolemia,hsa-miR-4511,0.08262784034013748
Finnish lethal neonatal metabolic syndrome,hsa-miR-4511,0.0826234444975853
Microscopic Polyangiitis,hsa-miR-4511,0.08262280374765396
Bovine Virus Diarrhea-Mucosal Disease,hsa-miR-4511,0.08262159675359726
Infant and Low Birth Weight,hsa-miR-4511,0.08261916041374207
Gastric Intestinal   Metaplasia,hsa-miR-4511,0.08261679112911224
Li-Fraumeni syndrome 1,hsa-miR-4511,0.08261492848396301
Pelvic Floor Disorders,hsa-miR-4511,0.08261080831289291
Distal myopathy and Nonaka type,hsa-miR-4511,0.08261030912399292
Autism Spectrum Disorder,hsa-miR-4511,0.08261004835367203
brachydactyly type D,hsa-miR-4511,0.08260981738567352
Endothelial Dysfunction ,hsa-miR-4511,0.08260861039161682
Staphylococcal Infections,hsa-miR-4511,0.08260831981897354
Deltaretrovirus Infections,hsa-miR-4511,0.08260787278413773
Halal syndrome,hsa-miR-4511,0.08260714262723923
Liver Cirrhosis and Alcoholic,hsa-miR-4511,0.08260560780763626
Heart Failure and Ischemic,hsa-miR-4511,0.08260557800531387
Growth Disorders,hsa-miR-4511,0.0826035663485527
Asthma-Chronic Obstructive Pulmonary Disease Overlap Syndrome,hsa-miR-4511,0.08260331302881241
Hepatopulmonary Syndrome,hsa-miR-4511,0.08260094374418259
Sarcoma and Kaposi,hsa-miR-4511,0.08260037750005722
Hip Fractures,hsa-miR-4511,0.08259900659322739
Lupus Nephritis,hsa-miR-4511,0.08259893208742142
Hyperparathyroidism and Primary,hsa-miR-4511,0.08259659260511398
Hepatitis A,hsa-miR-4511,0.08259434252977371
mucinous cystadenocarcinoma of pancreas,hsa-miR-4511,0.08259361237287521
Inflammatory Osteolysis,hsa-miR-4511,0.08258999139070511
Cleidocranial Dysplasia,hsa-miR-4511,0.08258870989084244
Peripheral Blood Leukocytes,hsa-miR-4511,0.08258748054504395
Exudative Vitreoretinopathy 4,hsa-miR-4511,0.08258482813835144
Tracheal Diseases,hsa-miR-4511,0.08258272707462311
Osteoarthritis and Post-Traumatic,hsa-miR-4511,0.08258268237113953
Ischemic Stroke and Diabetic,hsa-miR-4511,0.0825795829296112
Seizures and Febrile,hsa-miR-4511,0.08257858455181122
Parasitic Diseases,hsa-miR-4511,0.08257721364498138
Hemangioma and Infantile,hsa-miR-4511,0.08257628977298737
Lumbosacral Spinal Root Avulsion,hsa-miR-4511,0.08257608115673065
Arrest of spermatogenesis,hsa-miR-4511,0.08257444947957993
Fibrosarcoma,hsa-miR-4511,0.08257314562797546
Sleep Apnea Syndromes,hsa-miR-4511,0.08257264643907547
Immune-Mediated Inflammatory Diseases,hsa-miR-4511,0.08257262408733368
Vascular System Injuries,hsa-miR-4511,0.08257065713405609
Acute Lymphoblastic Leukemia and B-Cell,hsa-miR-4511,0.08257052302360535
Central Nervous System Bacterial Infections,hsa-miR-4511,0.08257044851779938
Infarction,hsa-miR-4511,0.082570381462574
Aspergillosis and Allergic Bronchopulmonary,hsa-miR-4511,0.082570381462574
Palatal Neoplasms,hsa-miR-4511,0.08256959915161133
Polyposis Syndrome and Hereditary Mixed and 1,hsa-miR-320b,0.0825691744685173
Chronic Gastritis,hsa-miR-4511,0.08256907761096954
Meibomian Gland Carcinoma  ,hsa-miR-4511,0.08256753534078598
Pain and Postoperative,hsa-miR-4511,0.0825662836432457
Aneurysm,hsa-miR-4511,0.0825643464922905
Acne Vulgaris,hsa-miR-4511,0.08256082236766815
polycystic kidney disease 3,hsa-miR-4511,0.08255968242883682
Acute Lymphocytic Leukemia and B-Cell,hsa-miR-4511,0.08255921304225922
Sick Sinus Syndrome,hsa-miR-4511,0.08255722373723984
Small Cell Lung Carcinoma,hsa-miR-4511,0.08255703747272491
familial febrile seizures 1,hsa-miR-4511,0.08255651593208313
Cyprinid Herpesvirus 3,hsa-miR-4511,0.08255637437105179
Oral Ulcer,hsa-miR-4511,0.08255627751350403
Reperfusion Injury and Pulmonary Ischemia,hsa-miR-4511,0.0825548842549324
Myopia,hsa-miR-4511,0.0825527086853981
Exanthema,hsa-miR-4511,0.08255242556333542
Giant Cell Arteritis,hsa-miR-4511,0.08255225419998169
Citrullinemia,hsa-miR-4511,0.08255176246166229
ACTH-independent macronodular adrenal hyperplasia,hsa-miR-4511,0.08254975080490112
Abortion and Septic,hsa-miR-4511,0.08254949003458023
familial multiple nevi flammei,hsa-miR-4511,0.08254870772361755
Retinal Detachment,hsa-miR-4511,0.08254866302013397
Heart Diseases and Congenital,hsa-miR-4511,0.082545705139637
Kidney Transplant Rejection,hsa-miR-4511,0.08254556357860565
Hirschsprung Disease,hsa-miR-4511,0.08254536986351013
Teratoid Rhabdoid Tumor and Atypical,hsa-miR-4511,0.08254487812519073
Carcinoma and Small Cell,hsa-miR-4511,0.08254428207874298
Testicular Diseases,hsa-miR-4511,0.08254402130842209
Retinal Dystrophies,hsa-miR-4511,0.08254220336675644
Cachexia,hsa-miR-4511,0.08254151791334152
Rhinitis and Allergic,hsa-miR-4511,0.08254028856754303
SHORT syndrome,hsa-miR-4511,0.08254014700651169
Digitorenocerebral Syndrome,hsa-miR-4511,0.0825396254658699
Viral Myocarditis,hsa-miR-4511,0.08253940939903259
Mitral Valve Insufficiency,hsa-miR-4511,0.08253876864910126
Rosacea,hsa-miR-4511,0.08253813534975052
Cirrhotic Cardiomyopathy,hsa-miR-4511,0.08253749459981918
Liver Failure,hsa-miR-4511,0.08253725618124008
Congenital central hypoventilation syndrome,hsa-miR-4511,0.08253652602434158
Gastritis and Pediatric,hsa-miR-4511,0.08253491669893265
Acromegaly,hsa-miR-4511,0.08253463357686996
Enzootic Bovine Leukosis,hsa-miR-4511,0.08253463357686996
Polycythemia and High Altitude,hsa-miR-4511,0.08253198117017746
Alveolar Bone Loss,hsa-miR-4511,0.08252980560064316
Graves Disease,hsa-miR-4511,0.08252914249897003
Long Term Adverse Effects,hsa-miR-4511,0.08252879232168198
Eunuchism,hsa-miR-4511,0.08252857625484467
Frontonasal dysplasia,hsa-miR-4511,0.08252815157175064
Brain Injuries and Traumatic,hsa-miR-4511,0.08252769708633423
Reticuloendotheliosis Virus Infections,hsa-miR-4511,0.08252663910388947
Gastric   Cancer,hsa-miR-4511,0.0825265422463417
renal fibrosis,hsa-miR-4511,0.08252540975809097
Bird Diseases,hsa-miR-4511,0.08252514898777008
Cardiomyopathy dilated with woolly hair and keratoderma,hsa-miR-4511,0.08252511918544769
Hypopharyngeal Neoplasms,hsa-miR-4511,0.08252474665641785
Hyperoxia-Induced Lung Injury,hsa-miR-4511,0.08252346515655518
Obesity and Abdominal,hsa-miR-4511,0.08252336829900742
Barrett Esophagus,hsa-miR-4511,0.0825226828455925
Heart Defects and Congenital,hsa-miR-4511,0.0825221911072731
Bone Diseases and Metabolic,hsa-miR-4511,0.08252200484275818
Phenylketonurias,hsa-miR-4511,0.0825188085436821
Glima,hsa-miR-4511,0.08251466602087021
Lymphoma and Natural   Killer/T-Cell,hsa-miR-4511,0.08251279592514038
Bisphosphonate-Associated Osteonecrosis of the Jaw,hsa-miR-4511,0.08251279592514038
Arthrogryposis and ectodermal dysplasia,hsa-miR-4511,0.08251161128282547
Nasopharyngeal Neoplasms,hsa-miR-4511,0.08250825852155685
Endophthalmitis,hsa-miR-4511,0.08250792324542999
Hyperostosis,hsa-miR-4511,0.08250512927770615
Multiple Pulmonary Nodules,hsa-miR-4511,0.08250510692596436
ovarian carcinoma,hsa-miR-4511,0.08250369131565094
Bacterial Infections,hsa-miR-4511,0.08250343054533005
Cardiovascular Complications,hsa-miR-4511,0.08250286430120468
Neurofibroma and Plexiform,hsa-miR-4511,0.08250201493501663
Meningioma,hsa-miR-4511,0.08250146359205246
Encephalomyelitis and Western Equine,hsa-miR-4511,0.08250073343515396
Vulvar Neoplasms,hsa-miR-4511,0.08250051736831665
Atrial Myosins,hsa-miR-4511,0.08250049501657486
Osteoporotic Fractures,hsa-miR-4511,0.0825003981590271
Colorectal   Adenocarcinoma,hsa-miR-4511,0.08249983191490173
Brain Injury and Chronic,hsa-miR-4511,0.08249680697917938
Endotoxemia,hsa-miR-4511,0.08249479532241821
Tetralogy of Fallot,hsa-miR-4511,0.08249285817146301
Malaria and Vivax,hsa-miR-4511,0.08249056339263916
Mesothelioma and Malignant and Pleural,hsa-miR-4511,0.08249036967754364
Ectrodactyly-cleft lip-palate syndrome,hsa-miR-4511,0.08248519152402878
Mandibulofacial Dysostosis,hsa-miR-4511,0.0824851393699646
Melanoma and Experimental,hsa-miR-4511,0.08248190581798553
Turcot syndrome,hsa-miR-4511,0.08247421681880951
Cervical Cancer and Hpv Infected,hsa-miR-4511,0.08247177302837372
Venous Thromboembolism,hsa-miR-4511,0.0824706181883812
Pulmonary Eosinophilia,hsa-miR-4511,0.08246976882219315
Meier-Gorlin syndrome,hsa-miR-4511,0.08246969431638718
Borderline Personality Disorder,hsa-miR-4511,0.0824645385146141
Zika virus congenital syndrome,hsa-miR-4511,0.08246424794197083
Otofaciocervical Syndrome,hsa-miR-4511,0.08246257156133652
Necrobiotic Disorders,hsa-miR-4511,0.08246228843927383
Anterior Cruciate Ligament Injuries,hsa-miR-4511,0.08245992660522461
Scapuloperoneal Myopathy and X-Linked Dominant,hsa-miR-4511,0.08245938271284103
Maxillary Sinusitis,hsa-miR-4511,0.08245926350355148
Chorioamnionitis,hsa-miR-4511,0.0824589803814888
Spinal Cord Diseases,hsa-miR-4511,0.08245651423931122
Azoospermia and Nonobstructive,hsa-miR-4511,0.0824543684720993
Nonsyndromic sensorineural hearing loss,hsa-miR-4511,0.08245290070772171
Aphasia and Primary Progressive,hsa-miR-4511,0.08244641870260239
Alcohol Withdrawal Delirium,hsa-miR-4511,0.08244016766548157
Neurosyphilis,hsa-miR-4511,0.08243529498577118
Thrombotic Stroke,hsa-miR-4511,0.08243250101804733
Ventricular Dysfunction,hsa-miR-4511,0.08242945373058319
Placental Insufficiency,hsa-miR-4511,0.08242931216955185
uric acid nephrolithiasis,hsa-miR-4511,0.08242356032133102
Breast Neoplasms and Basal Cell,hsa-miR-4511,0.08241864293813705
Hand and Foot and Mouth Disease,hsa-miR-4511,0.08241549879312515
Legg-Calve-Perthes Disease,hsa-miR-4511,0.08240541815757751
Microphthalmos,hsa-miR-4511,0.0823768675327301
Facial Nerve Diseases,hsa-miR-4511,0.08236873149871826
Atrophy,hsa-miR-4511,0.08236756920814514
Duodenal Ulcer,hsa-miR-4511,0.08236011862754822
Prion Diseases,hsa-miR-4511,0.08235519379377365
Leukemia and Acute,hsa-miR-4511,0.08235408365726471
Cardiomyopathy and Hypertrophic,hsa-miR-4511,0.08235271275043488
Thymus Neoplasms,hsa-miR-4511,0.08235108107328415
Delayed Graft Function,hsa-miR-4511,0.08234570920467377
Opioid-Related Disorders,hsa-miR-4511,0.0823403149843216
Allograft Rejection and Antibody-Mediated,hsa-miR-4511,0.08233042806386948
Atrial Dilatation,hsa-miR-4511,0.08232751488685608
Asymptomatic Infections,hsa-miR-4511,0.08232463151216507
dystonia 5,hsa-miR-4511,0.08231440931558609
frontotemporal dementia,hsa-miR-4511,0.08231183141469955
Polycythemia,hsa-miR-4511,0.08230889588594437
Heart Failure and Systolic,hsa-miR-4511,0.08230701088905334
Tooth Diseases,hsa-miR-4511,0.08230643719434738
Hyperphosphatemia,hsa-miR-4511,0.08230482786893845
Oculocutaneous Albinism Type 3,hsa-miR-4511,0.08230216056108475
Histiocytic Sarcoma,hsa-miR-4511,0.08230132609605789
Hemangioma and Cavernous,hsa-miR-4511,0.08230005204677582
HTLV-II Infections,hsa-miR-4511,0.08229389786720276
Multiple Chronic Conditions,hsa-miR-4511,0.08229184150695801
Hepatolenticular Degeneration,hsa-miR-4511,0.08228883892297745
Sexually Transmitted Diseases,hsa-miR-4511,0.08228618651628494
Microvascular Obstruction,hsa-miR-4511,0.08227873593568802
Olfaction Disorders,hsa-miR-4511,0.08227656036615372
Sexual Dysfunctions and Psychological,hsa-miR-4511,0.08227315545082092
Hepatic Veno-Occlusive Disease,hsa-miR-4511,0.08227059990167618
Cerebral Infarction and Acute,hsa-miR-4511,0.0822686105966568
Brucellosis,hsa-miR-4511,0.08226782828569412
Pheochromocytoma,hsa-miR-4511,0.08226605504751205
differentiated thyroid gland carcinoma,hsa-miR-4511,0.08226572722196579
White Dot Syndromes,hsa-miR-4511,0.08225910365581512
von Hippel-Lindau Disease,hsa-miR-4511,0.08225881308317184
Muscular Atrophy and Spinal,hsa-miR-4511,0.08225798606872559
Protein-Losing Enteropathies,hsa-miR-4511,0.08225326240062714
Bipolar Disorder,hsa-miR-4511,0.08225060999393463
Obesity and Osteosarcopenic,hsa-miR-4511,0.08224949985742569
Sarcopenia,hsa-miR-4511,0.08224732428789139
Lung Carcinoid,hsa-miR-4511,0.08224455267190933
Rectal Diseases,hsa-miR-4511,0.08224384486675262
Immune System Diseases,hsa-miR-4511,0.08224272727966309
Paget Disease and Extramammary,hsa-miR-4511,0.08224175870418549
Hyperpigmentation,hsa-miR-4511,0.0822356566786766
Salivary Gland Pleomorphic Adenoma,hsa-miR-4511,0.08223511278629303
Coronavirus Infections,hsa-miR-4511,0.08223284035921097
Ossification of Posterior Longitudinal Ligament,hsa-miR-4511,0.0822293683886528
Hypertension and Renal,hsa-miR-4511,0.08222761750221252
Hepatitis E,hsa-miR-4511,0.08221711218357086
spondyloepimetaphyseal dysplasia and Strudwick type,hsa-miR-4511,0.08221552520990372
Condylomata Acuminata,hsa-miR-4511,0.08221109956502914
Alveolar echinococcosis,hsa-miR-4511,0.08219354599714279
Periapical Diseases,hsa-miR-4511,0.08218685537576675
Hemoglobin Bart'S Hydrops   Fetalis Syndrome,hsa-miR-4428,0.08017091453075409
Enterocolitis and Pseudomembranous,hsa-miR-4428,0.08013256639242172
Hyperpigmentation and Skin,hsa-miR-4428,0.08011444658041
Leukemia and Myeloid,hsa-miR-4428,0.08010822534561157
Postoperative Complications,hsa-miR-4428,0.08010538667440414
Diabetic Retinopathy ,hsa-miR-4428,0.08009843528270721
Finnish lethal neonatal metabolic syndrome,hsa-miR-4428,0.08008445054292679
X-linked juvenile retinoschisis 1,hsa-miR-4428,0.08007749170064926
Neuroectodermal Tumors and Primitive,hsa-miR-4428,0.08007156103849411
Post-Cardiac Arrest Syndrome,hsa-miR-4428,0.08006814867258072
Halal syndrome,hsa-miR-4428,0.08006814867258072
Multiple Sclerosis and Chronic Progressive,hsa-miR-4428,0.08006611466407776
DNA Repair-Deficiency Disorders,hsa-miR-4428,0.08006105571985245
Fibroadenoma,hsa-miR-4428,0.08005393296480179
Chronic Disease,hsa-miR-4428,0.08005357533693314
Ataxia Neuropathy Spectrum,hsa-miR-4428,0.08005208522081375
Brachial Plexus Injury,hsa-miR-4428,0.08004927635192871
Gingivitis,hsa-miR-4428,0.08004875481128693
Exudative Vitreoretinopathy 4,hsa-miR-4428,0.08004600554704666
Tracheal Diseases,hsa-miR-4428,0.08004366606473923
Neuroleptic Malignant Syndrome,hsa-miR-4428,0.08004028350114822
Lumbosacral Spinal Root Avulsion,hsa-miR-4428,0.08003696799278259
Dwarfism,hsa-miR-4428,0.08003658801317215
Pleural Effusion and Malignant,hsa-miR-4428,0.08003450930118561
Pleomorphic Sarcoma and Undifferentiated,hsa-miR-4428,0.08003200590610504
Acute Lymphoblastic Leukemia and B-Cell,hsa-miR-4428,0.08003170043230057
Meibomian Gland Carcinoma  ,hsa-miR-4428,0.0800287202000618
Coronary Artery Calcification,hsa-miR-4428,0.08002717792987823
Cryopyrin-Associated Periodic Syndromes,hsa-miR-4428,0.08002343773841858
Multiple Organ Failure,hsa-miR-4428,0.08002282679080963
Pyruvate Kinase Deficiency of Red Cells,hsa-miR-4428,0.08002091199159622
Cystitis and Interstitial,hsa-miR-4428,0.08001644164323807
Reperfusion Injury and Pulmonary Ischemia,hsa-miR-4428,0.08001582324504852
Enterovirus B and Human,hsa-miR-4428,0.08001052588224411
Hirschsprung Disease,hsa-miR-4428,0.08000638335943222
Neuropathic Lysosomal Storage Diseases,hsa-miR-4428,0.08000465482473373
Retinal Dystrophies,hsa-miR-4428,0.08000309765338898
Canine Mammary Carcinoma,hsa-miR-4428,0.08000046759843826
Cerebral Infarction,hsa-miR-4428,0.07999670505523682
Iron Metabolism Disorders,hsa-miR-4428,0.07998412102460861
Lymphoma and Natural   Killer/T-Cell,hsa-miR-4428,0.07997385412454605
Movement Disorders,hsa-miR-4428,0.07996895909309387
Clubfoot,hsa-miR-4428,0.07996247708797455
Vulvar Neoplasms,hsa-miR-4428,0.07996157556772232
Neointimal   Hyperplasia,hsa-miR-4428,0.07994097471237183
Cysts,hsa-miR-4428,0.07994092255830765
Rhegmatogenous Retinal Detachment and Autosomal Dominant,hsa-miR-4428,0.07993997633457184
Mycobacterium Infections and Nontuberculous,hsa-miR-4428,0.0799369290471077
Turcot syndrome,hsa-miR-4428,0.07993515580892563
Intracranial  Aneurysm,hsa-miR-4428,0.0799274817109108
Reperfusion Injury and Testicular Ischemia,hsa-miR-1237,0.07989621162414551
Primary Ovarian Insufficiency,hsa-miR-4428,0.07989488542079926
Placental Insufficiency,hsa-miR-4428,0.07989037036895752
Conjunctivitis and Allergic,hsa-miR-4428,0.0798860415816307
Lattice corneal dystrophy type 1,hsa-miR-1237,0.07988213747739792
Posterior Segment Ocular Diseases,hsa-miR-1237,0.07985999435186386
Allograft Rejection and Antibody-Mediated,hsa-miR-4428,0.07979119569063187
Adrenocortical Carcinoma,mmu-miR-687,0.07977786660194397
Poisoning,hsa-miR-4428,0.07977310568094254
Pyloric Hypomotility,hsa-miR-4428,0.07975765317678452
HTLV-II Infections,hsa-miR-4428,0.07975467294454575
Peritoneal Diseases,hsa-miR-4428,0.07973939180374146
Glaucoma and Open-Angle,hsa-miR-4428,0.07973466068506241
Fatty Liver,hsa-miR-4428,0.07973381131887436
Emphysema,hsa-miR-4428,0.07970619946718216
Cystoid Macular Edema and Diabetic,hsa-miR-4428,0.07967714965343475
Hypocapnia,hsa-miR-361-3p,0.07966692745685577
Ventricular Premature Complexes,hsa-miR-4428,0.07963941991329193
Wound Infection,hsa-miR-2116*,0.07951701432466507
Vaginosis and Bacterial,hsa-miR-2116*,0.07951147854328156
Venous Neointimal Hyperplasia,hsa-miR-2116*,0.07949326932430267
Sepsis and Intensive Care Unit-Acquired,hsa-miR-213,0.07942403852939606
Wiskott-Aldrich Syndrome,hsa-mir-7844,0.07932179421186447
Neurodevelopmental Disorders,hsa-mir-7844,0.07929626852273941
Typical Teratoid Rhabdoid Tumor,hsa-mir-7844,0.07929125428199768
Cerebral Hemorrhage,hsa-mir-7844,0.07927660644054413
Thyroid Diseases,hsa-mir-7844,0.07927436381578445
Ventricular Dysfunction and Left,hsa-mir-7844,0.07926459610462189
Abortion and Spontaneous,hsa-mir-7844,0.07926057279109955
Distal arthrogryposis type 2B,hsa-mir-7844,0.07925576716661453
Schistosomiasis,hsa-mir-7844,0.07925538718700409
Tuberous Sclerosis 1,hsa-mir-7844,0.0792538970708847
primary biliary cholangitis 1,hsa-mir-7844,0.07924767583608627
uterine corpus endometrial carcinoma,hsa-mir-7844,0.07924483716487885
Platelet Storage Lesion,hsa-mir-7844,0.0792439877986908
Malnutrition,hsa-mir-7844,0.07923698425292969
Foot-and-Mouth Disease,hsa-mir-7844,0.07923636585474014
Bradycardia,hsa-mir-7844,0.07923579961061478
Keratoconus,hsa-mir-7844,0.07923559099435806
Dmd-Associated Dilated Cardiomyopathy,hsa-mir-7844,0.07923559099435806
Selenium Deficiency,hsa-mir-7844,0.07923518866300583
Heart Septal Defects and Ventricular,hsa-mir-7844,0.07922976464033127
Myeloproliferative Disorders,hsa-mir-7844,0.07922844588756561
Thyroid Carcinoma and Anaplastic,hsa-mir-7844,0.07922635972499847
Sarcoma and Ewing,hsa-mir-7844,0.07922423630952835
Cardiomyopathy and Dilated and with Left Ventricular Noncompaction,hsa-mir-7844,0.07922357320785522
Acute  Kidney Injury,hsa-mir-7844,0.07922258228063583
Cerebral Intraventricular Hemorrhage,hsa-mir-7844,0.07921841740608215
Adenomatous Polyposis Coli,hsa-mir-7844,0.07921474426984787
Kahrizi Syndrome,hsa-mir-7844,0.07921316474676132
Finnish lethal neonatal metabolic syndrome,hsa-mir-7844,0.07921316474676132
Bloom Syndrome,hsa-mir-7844,0.0792069360613823
Bone Regeneration,hsa-mir-7844,0.07920632511377335
Laryngeal Papilloma,hsa-mir-7844,0.0792023241519928
Genital Diseases and Male,hsa-mir-7844,0.0792023241519928
Low Back Pain,hsa-mir-7844,0.0792013555765152
brachydactyly type D,hsa-mir-7844,0.07919982075691223
Encephalomyelitis and Enzootic Porcine,hsa-mir-7844,0.07919982075691223
Myocarditis,hsa-mir-7844,0.07919726520776749
Rectal Neoplasms,hsa-mir-7844,0.07919587194919586
Angina and Unstable,hsa-mir-7844,0.07919217646121979
DNA Repair-Deficiency Disorders,hsa-mir-7844,0.07918988168239594
Gastric Precancerous Lesion,hsa-mir-7844,0.0791890099644661
Lupus Nephritis,hsa-mir-7844,0.07918853312730789
Muscular Dystrophies,hsa-mir-7844,0.07918782532215118
Hearing Disorders,hsa-mir-7844,0.07918200641870499
Tracheal Diseases,hsa-mir-7844,0.07917273044586182
Carcinoma and Ductal and Breast,hsa-mir-7844,0.07917232811450958
Viral Respiratory Infections,hsa-mir-7844,0.07917169481515884
Parasitic Diseases,hsa-mir-7844,0.07916722446680069
Dwarfism,hsa-mir-7844,0.07916565984487534
Glaucoma,hsa-mir-7844,0.07916296273469925
Hind Limb Ischemia,hsa-mir-7844,0.07916191965341568
Pleomorphic Sarcoma and Undifferentiated,hsa-mir-7844,0.07916083186864853
Infarction,hsa-mir-7844,0.07916022092103958
Shock and Septic,hsa-mir-7844,0.07915939390659332
Choroidal Neovascularization,hsa-mir-7844,0.07915782928466797
Hypotension,hsa-mir-7844,0.07915603369474411
Coronary Artery Calcification,hsa-mir-7844,0.07915589213371277
Nephrosclerosis,hsa-mir-7844,0.0791531428694725
Brain Infarction,hsa-mir-7844,0.07914808392524719
Hepatitis C and Chronic,hsa-mir-7844,0.07914748787879944
familial febrile seizures 1,hsa-mir-7844,0.07914651930332184
Hypertensive  Disorder Complicating Pregnancy,hsa-mir-7844,0.07914240658283234
Enterovirus B and Human,hsa-mir-7844,0.07913947105407715
Lyme Disease,hsa-mir-7844,0.07913947105407715
Abortion and Septic,hsa-mir-7844,0.07913921028375626
Nephritis,hsa-mir-7844,0.07913731783628464
Larva Migrans and Visceral,hsa-mir-7844,0.07913639396429062
Cachexia,hsa-mir-7844,0.07913152128458023
Diabetic Keratopathy,hsa-mir-7844,0.07913091033697128
Gastric And Colon Cancer,hsa-mir-7844,0.0791289433836937
Cleft Lip,hsa-mir-7844,0.0791284441947937
Cirrhotic Cardiomyopathy,hsa-mir-7844,0.07912721484899521
Mastitis,hsa-mir-7844,0.07912702858448029
esophageal carcinoma,hsa-mir-7844,0.07912681251764297
Infarction and Middle Cerebral Artery,hsa-mir-7844,0.07912421226501465
Long Term Adverse Effects,hsa-mir-7844,0.07911891490221024
Atrial Premature Complexes,hsa-mir-7844,0.07911863178014755
Tembusu virus,hsa-mir-7844,0.07911839336156845
Growth Hormone-Secreting Pituitary Adenoma,hsa-mir-7844,0.07911837100982666
Bicuspid Aortic Valve Disease,hsa-mir-7844,0.07911761105060577
Opitz GBBB Syndrome and X-Linked,hsa-mir-7844,0.07911621779203415
Cardiomyopathy dilated with woolly hair and keratoderma,hsa-mir-7844,0.07911524921655655
Lissencephaly,hsa-mir-7844,0.07911429554224014
Obesity and Abdominal,hsa-mir-7844,0.07911349833011627
rippling muscle disease 1,hsa-mir-7844,0.0791129544377327
Respiration Disorders and Infant,hsa-mir-7844,0.07910845428705215
Carotid Artery Injuries,hsa-mir-7844,0.07910767197608948
Glima,hsa-mir-7844,0.07910450547933578
Marfan Syndrome,hsa-mir-7844,0.07910410314798355
Primary Central Nervous System Lymphoma,hsa-mir-7844,0.0791037529706955
GATA2 Deficiency,hsa-mir-7844,0.0790984258055687
Movement Disorders,hsa-mir-7844,0.07909802347421646
Hyperostosis,hsa-mir-7844,0.07909514009952545
Multiple Pulmonary Nodules,hsa-mir-7844,0.07909506559371948
Cardiovascular Complications,hsa-mir-7844,0.07909270375967026
Clubfoot,hsa-mir-7844,0.07909118384122849
Alopecia,hsa-mir-7844,0.07908633351325989
Critical Illness,hsa-mir-7844,0.07908487319946289
Chagas Disease,hsa-mir-7844,0.07908385246992111
Ankle Fractures,hsa-mir-7844,0.07908328622579575
Malaria and Vivax,hsa-mir-7844,0.07908039540052414
Vitelliform Macular Dystrophy,EBV-miR-BART7,0.07906602323055267
cone-rod dystrophy 6,hsa-mir-7844,0.07906364649534225
Intracranial  Aneurysm,hsa-mir-7844,0.07905679196119308
Intestinal Diseases,hsa-mir-7844,0.07905390113592148
Classical Swine Fever,EBV-miR-BART7,0.07904418557882309
Cartilage Degradation,hsa-mir-7844,0.07904370874166489
Osteopenic Nonfracture Syndrome,hsa-mir-7844,0.07903897762298584
Sepsis and Intensive Care Unit-Acquired,EBV-miR-BART7,0.07902379333972931
Hydrocephalus,hsa-mir-7844,0.07900691777467728
Hand and Foot and Mouth Disease,hsa-mir-7844,0.07900538295507431
Meningitis and Fungal,hsa-mir-7844,0.07900483906269073
Osteoporosis-pseudoglioma syndrome,hsa-mir-7844,0.07900433987379074
Myeloma Bone Disease,EBV-miR-BART7,0.0789920911192894
Tibial Neuropathy,EBV-miR-BART7,0.07898282259702682
Human T-Cell Leukemia Virus Type 1 Infections,hsa-miR-22-5p,0.07898202538490295
Sarcoma and Synovial,hsa-mir-7844,0.07897619158029556
Microphthalmos,hsa-mir-7844,0.07896675169467926
Lumbar Radicular Pain,hsa-mir-7844,0.07896336913108826
Duodenal Ulcer,hsa-mir-7844,0.07894983887672424
Neutropenia,EBV-miR-BART7,0.07894672453403473
Pica,hsa-mir-7844,0.07894562929868698
Encephalomyelitis and Acute Disseminated,hsa-mir-7844,0.07893358916044235
Chediak-Higashi Syndrome,hsa-miR-22-5p,0.07892508059740067
Asymptomatic Infections,hsa-mir-7844,0.0789145901799202
Acute Coronary Syndrome ,hsa-mir-7844,0.07891451567411423
Retinal Degeneration,hsa-mir-7844,0.07891383022069931
Thinness,hsa-mir-7844,0.07891278713941574
Epidermodysplasia Verruciformis,hsa-mir-7844,0.07891179621219635
Rabies,hsa-mir-7844,0.07890817523002625
Bronchiectasis With Or Without Elevated Sweat Chloride 1,hsa-mir-7844,0.07890751212835312
Zika Virus Infection,hsa-mir-7844,0.0789070650935173
Tourette Syndrome,hsa-mir-7844,0.07889888435602188
Lymphoma and B-Cell and Diffuse,hsa-mir-7844,0.07889573276042938
Amebiasis,hsa-miR-22-5p,0.07889238744974136
Histiocytic Sarcoma,hsa-mir-7844,0.07889145612716675
Pyloric Hypomotility,hsa-mir-7844,0.07888660579919815
Intestinal Fistula,hsa-mir-7844,0.07888510823249817
Large Artery  Atherosclerosis,hsa-mir-7844,0.07888461649417877
HTLV-II Infections,hsa-mir-7844,0.07888361811637878
Osteomyelitis,hsa-mir-7844,0.07887344807386398
Poikiloderma with Neutropenia,hsa-mir-7844,0.07887141406536102
Cholangitis and Biliary and Primary,hsa-mir-7844,0.07886391878128052
obstructive nephropathy,hsa-mir-7844,0.07886341959238052
Sexual Dysfunctions and Psychological,hsa-mir-7844,0.07886292040348053
Pulmonary Veno-Occlusive Disease,hsa-mir-7844,0.07886159420013428
Cerebral Infarction and Acute,hsa-mir-7844,0.07885821163654327
Intracranial Aneurysm,hsa-mir-7844,0.07885582745075226
Nonsyndromic Deafness,hsa-mir-7844,0.07885277271270752
Combined Saposin Deficiency,hsa-mir-7844,0.0788421705365181
Muscular Dystrophy and Facioscapulohumeral,hsa-mir-7844,0.07883770018815994
Hyperpigmentation,hsa-mir-7844,0.07882525771856308
non-alcoholic fatty liver,hsa-mir-7844,0.07882501929998398
Varicose Veins,hsa-mir-7844,0.07882402837276459
Coronavirus Infections,hsa-mir-7844,0.07882272452116013
Ossification of Posterior Longitudinal Ligament,hsa-mir-7844,0.07881937175989151
Rectal Injury,hsa-mir-7844,0.07881856709718704
Hypertension and Pregnancy-Induced,hsa-mir-7844,0.07880983501672745
Spinal Cord Compression,EBV-miR-BART7,0.07880350202322006
Amelogenesis Imperfecta,hsa-mir-7844,0.07879942655563354
Myotonic Disorders,hsa-mir-7844,0.0787862241268158
Periapical Diseases,hsa-mir-7844,0.07877685874700546
Ventricular Premature Complexes,hsa-mir-7844,0.07876824587583542
Human T-Cell Leukemia Virus Type 1 Infections,EBV-miR-BART7,0.07875417917966843
Amyloidosis,hsa-mir-7844,0.07873129844665527
Polyposis Syndrome and Hereditary Mixed and 1,EBV-miR-BART7,0.07871116697788239
Reperfusion Injury and Testicular Ischemia,EBV-mir-BHRF1-3,0.07865083962678909
Angioedemas and Hereditary,EBV-mir-BHRF1-3,0.07857402414083481
Hyperphagia,rno-miR-30b-3p,0.07841134071350098
American Tegumentary Leishmaniasis,hsa-miR-374a-3p,0.07801786065101624
Urinary Calculi,hsa-miR-374a-3p,0.07799818366765976
Ovarian Neoplasms and Serous,hsa-miR-374a-3p,0.07796939462423325
Autoimmune Diseases of the Nervous System,hsa-miR-374a-3p,0.07795609533786774
Myotonic Dystrophy,hsa-miR-374a-3p,0.07793868333101273
Visceral Hypersensitivity,hsa-miR-374a-3p,0.07791701704263687
Equine Infectious Anemia,hsa-miR-374a-3p,0.07790728658437729
Myeloma Bone Disease,hsa-miR-374a-3p,0.07790433615446091
Hereditary Autoinflammatory Diseases,hsa-miR-374a-3p,0.0779040977358818
Swine Diseases,hsa-miR-374a-3p,0.07790170609951019
succinic semialdehyde dehydrogenase deficiency,hsa-miR-374a-3p,0.07789908349514008
Tibial Neuropathy,hsa-miR-374a-3p,0.07789529860019684
Arene Oxide Detoxification Defect,hsa-miR-374a-3p,0.07789188623428345
Peripheral Vascular Diseases,hsa-miR-374a-3p,0.07789149135351181
Chondrosarcoma and Extraskeletal Myxoid,hsa-miR-374a-3p,0.07787778973579407
Reperfusion Injury and Testicular Ischemia,hsa-miR-374a-3p,0.07786154001951218
Lattice corneal dystrophy type 1,hsa-miR-374a-3p,0.07784758508205414
Retinitis Pigmentosa,hsa-miR-374a-3p,0.07784630358219147
Posterior Segment Ocular Diseases,hsa-miR-374a-3p,0.07782556116580963
Myocardial Fibrosis,hsa-miR-4478,0.07779897004365921
Adenocarcinoma Of Esophagus,hsa-miR-374a-3p,0.07764022797346115
Lysosomal Storage Diseases,hsa-miR-374a-3p,0.07763314992189407
Lymphoma and Nk-T-Cell,hsa-miR-374a-3p,0.07762730866670609
Meniscus Degeneration,hsa-miR-374a-3p,0.07760481536388397
Cestode Infections,hsa-miR-374a-3p,0.07757623493671417
Testicular Neoplasms,hsa-miR-374a-3p,0.0775594413280487
Optic atrophy 1 and deafness,hsa-miR-374a-3p,0.07755421102046967
Dilated Cardiomyopathy ,hsa-miR-101-2,0.07754424214363098
Carcinoma and Lewis Lung,hsa-miR-3689f,0.07747983187437057
Urinary Calculi,hsa-miR-3689f,0.07743135839700699
Equine Infectious Anemia,hsa-miR-3689f,0.07734058797359467
Arene Oxide Detoxification Defect,hsa-miR-3689f,0.07732502371072769
Brugada Syndrome,hsa-miR-3689f,0.07719594985246658
Airway Obstruction,hsa-miR-150-5p,0.07680517435073853
Equine Infectious Anemia,hsa-miR-152-5p,0.07595136016607285
Encephalitis and Tick-Borne,hsa-miR-1225,0.07563085854053497
Canavan Disease,hsa-miR-1225,0.07562471181154251
Myotonic Dystrophy,hsa-miR-186*,0.07561303675174713
Hyperleptinemia,hsa-miR-1225,0.07558538764715195
Hereditary Autoinflammatory Diseases,hsa-miR-186*,0.07557845115661621
Hypothermia,hsa-miR-4478,0.0755688026547432
Chills,hsa-miR-1225,0.07556696236133575
Arene Oxide Detoxification Defect,hsa-miR-186*,0.07556624710559845
Inflammation and Chronic,hsa-miR-186*,0.07555995136499405
Lentivirus Infections,hsa-miR-1225,0.07555719465017319
Vitelliform Macular Dystrophy,hsa-miR-1225,0.07555035501718521
Fabry   Nephropathy,hsa-miR-186*,0.07554559409618378
Autoimmune Diseases of the Nervous System,hsa-miR-1225,0.07552795112133026
Myotonic Dystrophy,hsa-miR-1225,0.07551077753305435
Posterior Segment Ocular Diseases,hsa-miR-186*,0.07549955695867538
Primary Gastrointestinal Diffuse Large B-Cell Lymphoma ,hsa-miR-186*,0.0754893571138382
Vascular Endothelial Damage,hsa-miR-1225,0.07547822594642639
Tibial Neuropathy,hsa-miR-1225,0.07546727359294891
Diminished  Ovarian Reserve,hsa-miR-1225,0.07537536323070526
Spinal Cord Compression,hsa-miR-1225,0.0752878338098526
Non-Syndromic Tooth Agenesis,hsa-miR-186*,0.07526733726263046
Prekallikrein Deficiency,hsa-miR-4291,0.0752565860748291
Reperfusion Injury and Testicular Ischemia,hsa-miR-4291,0.07521587610244751
Adenocarcinoma Of Esophagus,hsa-miR-1225,0.07521220296621323
Cholestatic Liver Injury,hsa-miR-1225,0.07520328462123871
Meniscus Degeneration,hsa-miR-1225,0.0751766711473465
Amebiasis,hsa-miR-1225,0.07514858990907669
Multiple Mitochondrial Dysfunctions Syndrome,hsa-let-7a-1,0.07397352159023285
Encephalitis and Tick-Borne,hsa-miR-1283-1,0.07396821677684784
Vitelliform Macular Dystrophy,hsa-let-7a-1,0.07396464794874191
Classical Swine Fever,hsa-let-7a-1,0.07394269108772278
Autoimmune Diseases of the Nervous System,hsa-let-7a-1,0.07394241541624069
Nevi and Melanomas,hsa-let-7a-1,0.07394158095121384
Renal Artery Obstruction,hsa-let-7a-1,0.07394073158502579
Periodontitis and Diabetic,hsa-let-7a-1,0.0739394798874855
Chanarin-Dorfman Syndrome,hsa-miR-1283-1,0.07393226027488708
Myotonic Dystrophy,hsa-let-7a-1,0.07392535358667374
succinic semialdehyde dehydrogenase deficiency,hsa-let-7a-1,0.07388551533222198
Tibial Neuropathy,hsa-let-7a-1,0.07388144731521606
UV-Sensitive Syndrome,hsa-miR-1283-1,0.07388082891702652
X-linked spermatogenic failure 1,hsa-let-7a-1,0.07387373596429825
autosomal recessive osteopetrosis 7,hsa-miR-1283-1,0.07385615259408951
Myotonic Dystrophy,hsa-miR-1283-1,0.07384789735078812
Venous Neointimal Hyperplasia,hsa-let-7a-1,0.07384615391492844
Tricuspid Valve Insufficiency,hsa-let-7a-1,0.07383418083190918
Lattice corneal dystrophy type 1,hsa-let-7a-1,0.07383373379707336
Retinitis Pigmentosa,hsa-let-7a-1,0.07383273541927338
Chronic  Rhinosinusitis With Nasal Polyps,hsa-miR-1283-1,0.07383012771606445
Rhabdoid Tumor and Kidney,hsa-miR-1283-1,0.07380006462335587
Inflammation and Chronic,hsa-miR-1283-1,0.0737948790192604
Wound Infection,hsa-miR-1283-1,0.07379268109798431
Vaginosis and Bacterial,hsa-miR-1283-1,0.0737871453166008
Asthma and Chronic,hsa-miR-1283-1,0.07378014177083969
Trophoblastic Tumor and Placental Site,hsa-miR-1283-1,0.0737713873386383
Reperfusion Injury and Testicular Ischemia,hsa-miR-1283-1,0.07377070188522339
Retinitis Pigmentosa,hsa-miR-1283-1,0.07375539839267731
Brugada Syndrome,hsa-let-7a-1,0.07374932616949081
Transmissible Gastroenteritis,hsa-miR-1283-1,0.07372814416885376
Primary Gastrointestinal Diffuse Large B-Cell Lymphoma ,hsa-miR-1283-1,0.07372433692216873
Angioedemas and Hereditary,hsa-miR-1283-1,0.07369405776262283
Brugada Syndrome,hsa-miR-1283-1,0.07367198169231415
Dysentery and Bacillary,hsa-let-7a-1,0.07364731281995773
Her2-Positive Breast Cancer,hsa-let-7a-1,0.07362779974937439
Tenon Fibroblasts,hsa-let-7a-1,0.07361762970685959
thyroid gland Hurthle cell carcinoma,hsa-let-7a-1,0.07359839230775833
Dysentery and Bacillary,hsa-miR-1283-1,0.07357009500265121
Adenocarcinoma Of Esophagus,hsa-miR-1283-1,0.07354927808046341
Optic atrophy 1 and deafness,hsa-let-7a-1,0.07354064285755157
Adrenocortical Adenoma,hsa-miR-1283-1,0.07352748513221741
Chediak-Higashi Syndrome,hsa-miR-1283-1,0.07351847738027573
Meniscus Degeneration,hsa-miR-1283-1,0.07351402938365936
N acetyltransferase deficiency,hsa-mir-8074,0.07344382256269455
Vitreoretinopathy and Proliferative,hsa-mir-8074,0.07344313710927963
Hemoglobin Bart'S Hydrops   Fetalis Syndrome,hsa-mir-8074,0.07343864440917969
Lymphoma and Extranodal NK-T-Cell,hsa-mir-8074,0.07343558967113495
Infant Nutrition Disorders,hsa-mir-8074,0.07343102246522903
Virus Diseases,hsa-mir-8074,0.0734294131398201
acute myocardial infarction,hsa-mir-8074,0.07342752069234848
Myasthenia Gravis with Thymus Hyperplasia,hsa-mir-8074,0.07342714071273804
Benign Paroxysmal Positional Vertigo,hsa-mir-8074,0.07342532277107239
Interstitial Fibrosis and Renal,hsa-mir-8074,0.07342399656772614
Pediatric Cystic Fibrosis,hsa-mir-8074,0.07341723144054413
Cerebral Hemorrhage,hsa-mir-8074,0.07341538369655609
Thyroid Diseases,hsa-mir-8074,0.07341278344392776
Leukoplakia and Oral,hsa-mir-8074,0.07341212034225464
Renal Tubular Oxidative Injury,hsa-mir-8074,0.07341020554304123
Polycythemia Vera,hsa-mir-8074,0.07341016083955765
sporatic amyotrophic lateral sclerosis,hsa-mir-8074,0.073407843708992
Ventricular Dysfunction and Left,hsa-mir-8074,0.07340320199728012
Borna Disease,hsa-mir-8074,0.07340164482593536
osteogenesis imperfecta type 1,hsa-mir-8074,0.07340121269226074
Abortion and Spontaneous,hsa-mir-8074,0.07339935004711151
Cholecystitis,hsa-mir-8074,0.07339603453874588
Acute Coronary Syndrome and Non-St  Elevation,hsa-mir-8074,0.07339466363191605
Schistosomiasis,hsa-mir-8074,0.07339416444301605
Vitamin D Deficiency,hsa-mir-8074,0.07338155806064606
Carcinoma and Squamous Cell and Cutaneous,hsa-mir-8074,0.07338127493858337
Leukemia and Myeloid,hsa-mir-8074,0.07337571680545807
Malnutrition,hsa-mir-8074,0.07337547838687897
Keratoconus,hsa-mir-8074,0.07337436825037003
Dmd-Associated Dilated Cardiomyopathy,hsa-mir-8074,0.07337436825037003
Facial Nerve Injuries,hsa-mir-8074,0.07336698472499847
Diabetic Retinopathy ,hsa-mir-8074,0.07336599379777908
Thyroid Carcinoma and Anaplastic,hsa-mir-8074,0.07336485385894775
Cardiomyopathy and Dilated and with Left Ventricular Noncompaction,hsa-mir-8074,0.07336211204528809
Low Tension Glaucoma,hsa-mir-8074,0.07336156815290451
Corneal Diseases,hsa-mir-8074,0.07336042821407318
White Spot Syndrome Virus  Infection,hsa-mir-8074,0.07335919886827469
Brain Neoplasms,hsa-mir-8074,0.07335659861564636
Hypercholesterolemia,hsa-mir-8074,0.07335633784532547
low grade glioma,hsa-mir-8074,0.07335466146469116
Adenomatous Polyposis Coli,hsa-mir-8074,0.07335329055786133
Gynatresia,hsa-mir-8074,0.07335241138935089
Depressive Disorder,hsa-mir-8074,0.07334912568330765
Infant and Low Birth Weight,hsa-mir-8074,0.07334741950035095
Arthritis and Juvenile,hsa-mir-8074,0.07334590703248978
X-linked juvenile retinoschisis 1,hsa-mir-8074,0.07334510236978531
Aortic Diseases,hsa-mir-8074,0.07334344834089279
Endometrial Fibrosis,hsa-mir-8074,0.07334154844284058
Genital Diseases and Male,hsa-mir-8074,0.07334098219871521
Laryngeal Papilloma,hsa-mir-8074,0.07334098219871521
Neuroectodermal Tumors and Primitive,hsa-mir-8074,0.07333904504776001
Drug Hypersensitivity,hsa-mir-8074,0.07333840429782867
Staphylococcal Infections,hsa-mir-8074,0.07333693653345108
Sepsis Induced Liver Injury,hsa-mir-8074,0.07333564013242722
Rectal Neoplasms,hsa-mir-8074,0.07333435863256454
Heart Failure and Ischemic,hsa-mir-8074,0.07333419471979141
Multiple Sclerosis and Chronic Progressive,hsa-mir-8074,0.07333360612392426
Hyperkalemia,hsa-mir-8074,0.07333336770534515
Lymphoma and Mantle-Cell,hsa-mir-8074,0.0733325183391571
Pancreatitis and Acute Necrotizing,hsa-mir-8074,0.07333201915025711
Asthma-Chronic Obstructive Pulmonary Disease Overlap Syndrome,hsa-mir-8074,0.0733318105340004
T-cell acute lymphoblastic leukemia,hsa-mir-8074,0.0733313336968422
Neural Tube Defects,hsa-mir-8074,0.07332827895879745
Environmental Illness,hsa-mir-8074,0.07332686334848404
Orofacial Cleft,hsa-miR-4267,0.07332666218280792
Hyperparathyroidism and Primary,hsa-mir-8074,0.07332497090101242
mucinous cystadenocarcinoma of pancreas,hsa-mir-8074,0.0733223482966423
Periodontal Diseases,hsa-mir-8074,0.07332196831703186
Cumulative Trauma Disorders,hsa-mir-8074,0.07332073897123337
Hemoglobinopathies,hsa-mir-8074,0.07332070916891098
Hearing Disorders,hsa-mir-8074,0.07332050055265427
Peri-Implantitis,hsa-mir-8074,0.07331874966621399
Biotinidase Deficiency,hsa-mir-8074,0.07331804186105728
Gingivitis,hsa-mir-8074,0.07331635802984238
Peripheral Blood Leukocytes,hsa-mir-8074,0.07331597805023193
Pancreatitis,hsa-mir-8074,0.0733148455619812
Viral Respiratory Infections,hsa-mir-8074,0.07331006228923798
Seizures and Febrile,hsa-mir-8074,0.07330696284770966
Poorly Differentiated Thyroid Gland Carcinoma,hsa-mir-8074,0.07330518960952759
Spondylocheirodysplasia and Ehlers-Danlos Syndrome-Like,hsa-mir-8074,0.07330455631017685
Wasting Disease and Chronic,hsa-mir-8074,0.07330282777547836
Ovarian Insufficiency and Premature,hsa-mir-8074,0.0733024999499321
Pleural Effusion and Malignant,hsa-mir-8074,0.07330211997032166
Bronchiolitis Obliterans,hsa-mir-8074,0.07330071926116943
Hind Limb Ischemia,hsa-mir-8074,0.07330069690942764
Sensation Disorders,hsa-mir-8074,0.07330003380775452
Vascular System Injuries,hsa-mir-8074,0.07329928129911423
Acute Lymphoblastic Leukemia and B-Cell,hsa-mir-8074,0.07329925894737244
Chordoma,hsa-mir-8074,0.07329684495925903
arteriosclerotic cardiovascular disease,hsa-mir-8074,0.07329634577035904
Neurofibromatosis 2,hsa-mir-8074,0.07329622656106949
Cervical Intraepithelial Neoplasia,hsa-mir-8074,0.07329618185758591
Glossitis and Benign Migratory,hsa-mir-8074,0.07329542189836502
Allergic Inflammation,hsa-mir-8074,0.07329405099153519
Gastrinoma,hsa-mir-8074,0.07329395413398743
Pseudarthrosis,hsa-mir-8074,0.07329227775335312
Jaw Abnormalities,hsa-mir-8074,0.07329222559928894
Nephrosclerosis,hsa-mir-8074,0.07329180091619492
Hemochromatosis,hsa-mir-8074,0.07328817993402481
Brain Infarction,hsa-mir-8074,0.07328662276268005
Sick Sinus Syndrome,hsa-mir-8074,0.07328572124242783
Small Cell Lung Carcinoma,hsa-mir-8074,0.0732855349779129
Cyprinid Herpesvirus 3,hsa-mir-8074,0.07328475266695023
Yellow Nail Syndrome,hsa-mir-8074,0.07328465580940247
Encephalomyelitis and Autoimmune and Experimental,hsa-mir-8074,0.07328414171934128
Lesch-Nyhan Syndrome,hsa-mir-8074,0.07328352332115173
Reperfusion Injury and Pulmonary Ischemia,hsa-mir-8074,0.07328350096940994
Cerebral Hemorrhage and Spontaneous,hsa-mir-8074,0.07327952235937119
Lip and Hamartomatous,hsa-mir-8074,0.07327758520841599
Rhinitis and Allergic and Seasonal,hsa-mir-8074,0.07327758520841599
Megalencephalic leukoencephalopathy with subcortical cysts,hsa-mir-8074,0.07327748835086823
Arrhythmogenic Heart Diseases,hsa-mir-8074,0.07327739894390106
Glomus Tumor,hsa-mir-8074,0.07327694445848465
Craniopharyngioma,hsa-mir-8074,0.07327412813901901
Heart Diseases and Congenital,hsa-mir-8074,0.07327408343553543
Telangiectasia and Hereditary Hemorrhagic,hsa-mir-8074,0.07327396422624588
Hirschsprung Disease,hsa-mir-8074,0.07327386736869812
Carcinoma and Small Cell,hsa-mir-8074,0.07327277958393097
Hcv Associated Disorders,hsa-mir-8074,0.07327249646186829
Autistic Disorder,hsa-mir-8074,0.07327152788639069
Infections,hsa-mir-8074,0.07327152788639069
Encephalitis and Tick-Borne,hsa-miR-4267,0.07327140122652054
Obsessive-Compulsive Disorder,hsa-mir-8074,0.07327070087194443
Cachexia,hsa-mir-8074,0.07326977699995041
Rhinitis and Allergic,hsa-mir-8074,0.07326842844486237
Polythelia and Familial,hsa-mir-8074,0.07326800376176834
Digitorenocerebral Syndrome,hsa-mir-8074,0.07326800376176834
Canine Mammary Carcinoma,hsa-mir-8074,0.07326778769493103
esophageal carcinoma,hsa-mir-8074,0.0732654258608818
Congenital central hypoventilation syndrome,hsa-mir-8074,0.07326490432024002
Hypoxia-Ischemia and Brain,hsa-mir-8074,0.07326258718967438
Collagen Diseases,hsa-mir-8074,0.07325955480337143
Chromate Resistance,hsa-mir-8074,0.07325877994298935
Atrial Premature Complexes,hsa-mir-8074,0.07325735688209534
Bicuspid Aortic Valve Disease,hsa-mir-8074,0.07325626909732819
Ehlers-Danlos Syndrome,hsa-mir-8074,0.07325465977191925
Cardiomyopathy dilated with woolly hair and keratoderma,hsa-mir-8074,0.07325373589992523
Diastrophic dysplasia,hsa-mir-8074,0.07325264811515808
Barrett Esophagus,hsa-mir-8074,0.07325118035078049
hyper IgE recurrent infection syndrome 2,hsa-mir-8074,0.07324714213609695
Pulmonary edema of mountaineers,hsa-mir-8074,0.07324326038360596
Bisphosphonate-Associated Osteonecrosis of the Jaw,hsa-mir-8074,0.07324129343032837
Osteolysis,hsa-mir-8074,0.07324103266000748
Hyperlipoproteinemia Type II,hsa-mir-8074,0.07323963940143585
Precursor T-Cell Lymphoblastic Leukemia-Lymphoma,hsa-mir-8074,0.07323772460222244
GATA2 Deficiency,hsa-mir-8074,0.07323680073022842
Endophthalmitis,hsa-mir-8074,0.07323642075061798
gastric cardia adenocarcinoma,hsa-mir-8074,0.07323627918958664
Duane Retraction Syndrome,hsa-mir-8074,0.07323566824197769
Syphilis and primary,hsa-mir-8074,0.07323213666677475
Bronchial Hyperreactivity,hsa-mir-8074,0.07323102653026581
Neurofibroma and Plexiform,hsa-mir-8074,0.07323063164949417
Bone Pain,hsa-mir-8074,0.07322800159454346
Cardiac Complexes and Premature,hsa-mir-8074,0.07322598993778229
Respirovirus Infections,hsa-mir-8074,0.0732249990105629
Endotoxemia,hsa-mir-8074,0.07322317361831665
Chagas Disease,hsa-mir-8074,0.07322262972593307
Toxoplasmosis and Ocular,hsa-mir-8074,0.07321993261575699
Malaria and Vivax,hsa-mir-8074,0.07321906089782715
Rhabdoviridae,hsa-mir-8074,0.0732182040810585
Mandibulofacial Dysostosis,hsa-mir-8074,0.07321375608444214
Trypanosomiasis,hsa-mir-8074,0.07321193814277649
Urinary Calculi,hsa-miR-4267,0.0732106938958168
Ullrich congenital muscular dystrophy,hsa-mir-8074,0.07321006804704666
Cysts,hsa-mir-8074,0.0732085332274437
Rhegmatogenous Retinal Detachment and Autosomal Dominant,hsa-mir-8074,0.07320758700370789
Turcot syndrome,hsa-mir-8074,0.07320259511470795
cone-rod dystrophy 6,hsa-mir-8074,0.07320243120193481
Carcinoma and Cutaneous and Squamous Cell,hsa-mir-8074,0.07320041954517365
Osteoporosis and Postmenopausal,hsa-mir-8074,0.07319667935371399
Vitelliform Macular Dystrophy,hsa-miR-4267,0.07319077849388123
Neovascularization and Pathologic,hsa-mir-8074,0.07318416237831116
Focal Infection,hsa-mir-8074,0.07318264991044998
Nonsyndromic sensorineural hearing loss,hsa-mir-8074,0.07318151742219925
Osteopenic Nonfracture Syndrome,hsa-mir-8074,0.07317734509706497
Dermatitis and Allergic Contact,hsa-mir-8074,0.0731746107339859
Nervous Necrosis Virus Infectious,hsa-mir-8074,0.073172427713871
Canavan Disease,hsa-miR-3124,0.07317212224006653
Nevi and Melanomas,hsa-miR-4267,0.07316778600215912
Anodontia,hsa-mir-8074,0.07316748797893524
Diarrhea and Bacterial,hsa-miR-4267,0.07316657900810242
Periodontitis and Diabetic,hsa-miR-4267,0.07316555827856064
Thrombotic Stroke,hsa-mir-8074,0.07316112518310547
Trachoma,hsa-mir-8074,0.07315903902053833
Placental Insufficiency,hsa-mir-8074,0.07315780967473984
Graves Ophthalmopathy,hsa-mir-8074,0.07315696030855179
Multiple Trauma,hsa-mir-8074,0.07315556704998016
Neoplasms and Glandular and Epithelial,hsa-mir-8074,0.07315456867218018
Fetal Hypoxia,hsa-miR-4267,0.07315436750650406
uric acid nephrolithiasis,hsa-mir-8074,0.07315217703580856
Hearing Loss,hsa-mir-8074,0.07314709573984146
Hydrocephalus,hsa-mir-8074,0.07314541190862656
Relative Energy Deficiency in Sport,hsa-miR-4267,0.0731426551938057
Carcinoma and Basal Cell and Skin,hsa-mir-8074,0.07313945144414902
American Tegumentary Leishmaniasis,hsa-miR-3124,0.07313737273216248
Chronic  Rhinosinusitis With Nasal Polyps,hsa-miR-4267,0.0731336697936058
Turner Syndrome,hsa-mir-8074,0.07313304394483566
Neoplasms and Mesothelial,hsa-miR-3124,0.07311603426933289
Acute Pulmonary Embolism,hsa-mir-8074,0.07311567664146423
Extra-Hepatic Portal Venous  Obstruction ,hsa-mir-8074,0.07311482727527618
Chills,hsa-miR-3124,0.07311461120843887
Microphthalmos,hsa-mir-8074,0.07310524582862854
Lentivirus Infections,hsa-miR-3124,0.0731048434972763
Orchitis,hsa-mir-8074,0.07309769839048386
Facial Nerve Diseases,hsa-mir-8074,0.0730973482131958
Prostatitis and Chronic,hsa-mir-8074,0.07309447973966599
UV-Sensitive Syndrome,hsa-miR-3124,0.073091521859169
Duodenal Ulcer,hsa-mir-8074,0.07308873534202576
Prion Diseases,hsa-mir-8074,0.07308369129896164
Rhabdomyosarcoma and Alveolar,hsa-miR-3124,0.07308068871498108
Reperfusion Injury and Testicular Ischemia,hsa-miR-4267,0.07307428866624832
Nephrocalcinosis,hsa-mir-8074,0.07307309657335281
Hearing Loss and Sudden,hsa-miR-3124,0.0730692446231842
Opioid-Related Disorders,hsa-mir-8074,0.07306893169879913
Diabetic  Retinopathy,hsa-miR-4267,0.0730661079287529
Atrial Dilatation,hsa-mir-8074,0.07305613160133362
late onset Parkinson's disease,hsa-mir-8074,0.0730556845664978
Acute Coronary Syndrome ,hsa-mir-8074,0.07305312901735306
Heart Injuries,hsa-mir-8074,0.07305145263671875
Rabies,hsa-mir-8074,0.07304666936397552
Bronchiectasis With Or Without Elevated Sweat Chloride 1,hsa-mir-8074,0.07304629683494568
Lupus Vasculitis and Central Nervous System,hsa-miR-3124,0.07304549217224121
Rotator Cuff,hsa-mir-8074,0.07304409146308899
dystonia 5,hsa-mir-8074,0.07304278761148453
Leukemia and Monocytic and Acute,hsa-mir-8074,0.07304224371910095
Breast Diseases,hsa-mir-8074,0.07304103672504425
Poisoning,hsa-mir-8074,0.07304047048091888
colon carcinoma,hsa-mir-8074,0.07303959876298904
Posterior Segment Ocular Diseases,hsa-miR-4267,0.07303807139396667
Polycythemia,hsa-mir-8074,0.0730375126004219
Tourette Syndrome,hsa-mir-8074,0.07303737103939056
Tooth Diseases,hsa-mir-8074,0.07303505390882492
Hair Diseases,hsa-mir-8074,0.07303434610366821
Depression and Post Stroke,hsa-mir-8074,0.07303404062986374
Cerebral Infarction and Lacunar,hsa-mir-8074,0.07303368300199509
Schopf-Schulz-Passarge Syndrome,hsa-mir-8074,0.07303076982498169
Histiocytic Sarcoma,hsa-mir-8074,0.07302982360124588
Intestinal Atresia,hsa-mir-8074,0.07302883267402649
Primary Gastrointestinal Diffuse Large B-Cell Lymphoma ,hsa-miR-4267,0.07302775979042053
Fibromatosis and Aggressive,hsa-mir-8074,0.07302772253751755
Darier Disease,hsa-mir-8074,0.07302490621805191
Ichthyosis and Lamellar,hsa-mir-8074,0.07302024215459824
Hepatolenticular Degeneration,hsa-mir-8074,0.07301745563745499
Uveomeningoencephalitic Syndrome,hsa-miR-4267,0.07301361113786697
Rhabdoid Tumor and Kidney,hsa-miR-3124,0.07301047444343567
Microvascular Obstruction,hsa-mir-8074,0.07300735265016556
Peritoneal Diseases,hsa-mir-8074,0.07300683110952377
Early-Stage Malignant Melanoma,hsa-mir-8074,0.07300623506307602
Osteochondritis Dissecans,hsa-mir-8074,0.07300557941198349
obstructive nephropathy,hsa-mir-8074,0.07300195842981339
Sexual Dysfunctions and Psychological,hsa-mir-8074,0.07300129532814026
Testicular Germ Cell Tumor,hsa-mir-8074,0.07299987971782684
Angioedemas and Hereditary,hsa-miR-4267,0.07299747318029404
Sinus Thrombosis and Intracranial,hsa-mir-8074,0.07299505174160004
Rotavirus Infections,hsa-mir-8074,0.07299211621284485
White Dot Syndromes,hsa-mir-8074,0.07298783957958221
Muscular Atrophy and Spinal,hsa-mir-8074,0.07298649102449417
lung squamous cell carcinoma,hsa-mir-8074,0.07298577576875687
Sexually Transmitted Diseases and Viral,hsa-mir-8074,0.07298168540000916
Combined Saposin Deficiency,hsa-mir-8074,0.07298082858324051
Muscular Dystrophy and Facioscapulohumeral,hsa-mir-8074,0.0729764774441719
Emphysema,hsa-mir-8074,0.0729738101363182
Lung Carcinoid,hsa-mir-8074,0.07297316938638687
Immune System Diseases,hsa-mir-8074,0.07297135144472122
Paget Disease and Extramammary,hsa-mir-8074,0.07297037541866302
Arteriosclerosis Obliterans,hsa-mir-8074,0.07296749204397202
Hyperpigmentation,hsa-mir-8074,0.07296391576528549
Varicose Veins,hsa-mir-8074,0.07296252250671387
Coronavirus Infections,hsa-mir-8074,0.0729612186551094
Ossification of Posterior Longitudinal Ligament,hsa-mir-8074,0.07295786589384079
Xerostomia,hsa-mir-8074,0.0729561373591423
Hypertension and Renal,hsa-mir-8074,0.07295599579811096
Hypoxia and Brain,hsa-mir-8074,0.07294671982526779
Postural Orthostatic Tachycardia Syndrome,hsa-mir-8074,0.07294625043869019
Cystoid Macular Edema and Diabetic,hsa-mir-8074,0.0729447528719902
spondyloepimetaphyseal dysplasia and Strudwick type,hsa-mir-8074,0.07294390350580215
Condylomata Acuminata,hsa-mir-8074,0.07293947786092758
Non-Segmental Vitiligo,hsa-miR-4267,0.07293814420700073
Gliosis,hsa-miR-3124,0.07292836159467697
Muscular Injury,hsa-miR-3124,0.07290387898683548
Brugada Syndrome,hsa-miR-3124,0.07288239896297455
Amyloidosis,hsa-mir-8074,0.07286954671144485
Splenic Neoplasms,hsa-miR-3124,0.07286389917135239
Cholestatic Liver Injury,hsa-miR-4267,0.07284382730722427
Polyposis Syndrome and Hereditary Mixed and 1,hsa-miR-4267,0.07283604145050049
Pemphigus and Benign Familial,hsa-miR-4267,0.07283175736665726
thyroid gland Hurthle cell carcinoma,hsa-miR-4267,0.07282452285289764
Chediak-Higashi Syndrome,hsa-miR-4267,0.07282194495201111
Meniscus Degeneration,hsa-miR-4267,0.07281745225191116
Scleral Diseases,hsa-miR-4267,0.07280822098255157
Hyperaldosteronism,hsa-miR-4267,0.07278567552566528
Testicular Neoplasms,hsa-miR-4267,0.07277195155620575
Her2-Positive Breast Cancer,hsa-miR-3124,0.07276099175214767
Amebiasis,hsa-miR-3654,0.07275626808404922
Polyposis Syndrome and Hereditary Mixed and 1,hsa-miR-3124,0.07274303585290909
Meniscus Degeneration,hsa-miR-3124,0.07272431999444962
Testicular Neoplasms,hsa-miR-3124,0.07267918437719345
Brugada Syndrome,hsa-miR-1228*,0.07227794080972672
Preterm Premature Rupture of the Membranes,rno-miR-30b-3p,0.07220448553562164
Urinary Calculi,hsa-miR-30a,0.07198003679513931
Vitelliform Macular Dystrophy,hsa-miR-30a,0.07196018844842911
Shprintzen Golberg craniosynostosis,hsa-miR-30a,0.07194691896438599
Sepsis and Intensive Care Unit-Acquired,hsa-miR-30a,0.07191796600818634
Chronic  Rhinosinusitis With Nasal Polyps,hsa-miR-30a,0.07190301269292831
Plaque and Amyloid,hsa-miR-30a,0.07187493145465851
Reperfusion Injury and Testicular Ischemia,hsa-miR-30a,0.07184334844350815
Venous Neointimal Hyperplasia,hsa-miR-30a,0.07184145599603653
Neutropenia,hsa-miR-30a,0.07184077054262161
Tricuspid Valve Insufficiency,hsa-miR-30a,0.07182972133159637
Lattice corneal dystrophy type 1,hsa-miR-30a,0.07182927429676056
Retinitis Pigmentosa,hsa-miR-30a,0.07182816416025162
Posterior Segment Ocular Diseases,hsa-miR-30a,0.07180725038051605
Primary Gastrointestinal Diffuse Large B-Cell Lymphoma ,hsa-miR-30a,0.07179710268974304
Splenic Neoplasms,hsa-miR-30a,0.07172608375549316
Chediak-Higashi Syndrome,hsa-miR-30a,0.07159123569726944
Optic atrophy 1 and deafness,hsa-miR-30a,0.07153618335723877
Nevi and Melanomas,hsa-miR-340-3p,0.07090674340724945
Myotonic Dystrophy,hsa-miR-340-3p,0.07089003920555115
Lattice corneal dystrophy type 1,hsa-miR-340-3p,0.07079888880252838
Chorea,hsa-miR-365a-3p,0.07055575400590897
Blood Coagulation Disorders and Traumatic and Acute,hsa-miR-323-3p,0.07014753669500351
Myeloma Bone Disease,hsa-miR-3591-3p,0.06934944540262222
Phyllodes Tumor and Breast,hsa-miR-3591-3p,0.06931152194738388
Gliosis,hsa-miR-3591-3p,0.0692538470029831
Spinal Cord Compression,hsa-miR-3591-3p,0.06916072964668274
D-bifunctional protein deficiency,hsa-miR-3918,0.06793107092380524
Liver Diseases and Alcoholic,rno-miR-369-3p,0.06722890585660934
Kidney Neoplasms,rno-miR-369-3p,0.06720877438783646
sporatic amyotrophic lateral sclerosis,rno-miR-369-3p,0.06718937307596207
Vertigo,rno-miR-369-3p,0.06718605756759644
Adrenocortical Carcinoma and Pediatric,rno-miR-369-3p,0.06718546897172928
Schistosomiasis,rno-miR-369-3p,0.06717558205127716
Synucleinopathies,rno-miR-369-3p,0.06717214733362198
Platelet Storage Lesion,rno-miR-369-3p,0.06716406345367432
Hematoma and Subdural and Chronic,rno-miR-369-3p,0.06716105341911316
Cancer-Associated Cachexia,rno-miR-369-3p,0.06716018170118332
Thymoma,rno-miR-369-3p,0.06715961545705795
Thrombocythemia and Essential,rno-miR-369-3p,0.0671592578291893
Hepatorenal Syndrome,rno-miR-369-3p,0.06715785712003708
Selenium Deficiency,rno-miR-369-3p,0.06715509295463562
Myeloproliferative Disorders,rno-miR-369-3p,0.06714840233325958
Low Tension Glaucoma,rno-miR-369-3p,0.06714297831058502
Acute  Kidney Injury,rno-miR-369-3p,0.06714265048503876
Pars Planitis,rno-miR-369-3p,0.06714136898517609
Tuberculosis and Spinal,rno-miR-369-3p,0.06714066118001938
Simian Acquired Immunodeficiency Syndrome,rno-miR-369-3p,0.06713826954364777
ovary adenocarcinoma,rno-miR-369-3p,0.06713619083166122
Niemann-Pick disease type C1,rno-miR-369-3p,0.067133828997612
Finnish lethal neonatal metabolic syndrome,rno-miR-369-3p,0.0671333521604538
Welander distal myopathy and Swedish type,rno-miR-369-3p,0.06712817400693893
Neuroectodermal Tumors and Primitive,rno-miR-369-3p,0.06712058186531067
Autism Spectrum Disorder,rno-miR-369-3p,0.06711996346712112
brachydactyly type D,rno-miR-369-3p,0.06711972504854202
Halal syndrome,rno-miR-369-3p,0.06711693108081818
T-cell acute lymphoblastic leukemia,rno-miR-369-3p,0.0671127438545227
Aneuploidy,rno-miR-369-3p,0.06711100041866302
DNA Repair-Deficiency Disorders,rno-miR-369-3p,0.067110076546669
Muscular Dystrophies,rno-miR-369-3p,0.06710825115442276
Polyps,rno-miR-369-3p,0.06710782647132874
Hepatitis A,rno-miR-369-3p,0.06710413843393326
Chronic Kidney   Disease,hsa-miR-3649,0.06710360944271088
Periodontal Diseases,rno-miR-369-3p,0.06710337847471237
Fibroadenoma,rno-miR-369-3p,0.06710278987884521
Ataxia Neuropathy Spectrum,rno-miR-369-3p,0.06710110604763031
Cleidocranial Dysplasia,rno-miR-369-3p,0.06709874421358109
Brachial Plexus Injury,rno-miR-369-3p,0.06709829717874527
Gingivitis,rno-miR-369-3p,0.06709777563810349
Leukemia and Myelomonocytic and Chronic,rno-miR-369-3p,0.06709516793489456
Tracheal Diseases,rno-miR-369-3p,0.06709251552820206
Cystic Fibrosis,rno-miR-369-3p,0.06709159910678864
Viral Respiratory Infections,rno-miR-369-3p,0.06709147989749908
Ischemic Stroke and Diabetic,rno-miR-369-3p,0.06708937138319016
Multicystic renal dysplasia and bilateral,rno-miR-369-3p,0.06708892434835434
nonsyndromic congenital nail disorder 7,rno-miR-369-3p,0.06708833575248718
Lumbosacral Spinal Root Avulsion,rno-miR-369-3p,0.06708598881959915
Spondylocheirodysplasia and Ehlers-Danlos Syndrome-Like,rno-miR-369-3p,0.06708584725856781
Gastritis and Hypertrophic,rno-miR-369-3p,0.06708509474992752
Heart Septal Defects and Atrial,rno-miR-369-3p,0.06708478182554245
Bone Neoplasms,rno-miR-369-3p,0.06708381325006485
Vascular System Injuries,rno-miR-369-3p,0.06708081066608429
Colonic Polyps,rno-miR-369-3p,0.06708072125911713
Coronary Restenosis,rno-miR-369-3p,0.06707839667797089
Cervical Intraepithelial Neoplasia,rno-miR-369-3p,0.06707747280597687
Allergic Inflammation,rno-miR-369-3p,0.0670754685997963
Aneurysm,rno-miR-369-3p,0.06707413494586945
salivary gland mucoepidermoid carcinoma,rno-miR-369-3p,0.06707371026277542
Jaw Abnormalities,rno-miR-369-3p,0.06707364320755005
Spermatic Cord Torsion,rno-miR-369-3p,0.06707130372524261
Acne Vulgaris,rno-miR-369-3p,0.0670706108212471
Acute Lymphoblastic Leukemia and T-Cell,rno-miR-369-3p,0.06706976145505905
Hepatitis C and Chronic,rno-miR-369-3p,0.06706792116165161
Salpingitis,rno-miR-369-3p,0.06706645339727402
Alzheimer Disease ,rno-miR-369-3p,0.06706595420837402
Encephalomyelitis and Autoimmune and Experimental,rno-miR-369-3p,0.06706555187702179
Lesch-Nyhan Syndrome,rno-miR-369-3p,0.0670650526881218
Folliculotropic Mycosis Fungoides,rno-miR-369-3p,0.06706500798463821
Giant Cell Arteritis,rno-miR-369-3p,0.06706205010414124
ACTH-independent macronodular adrenal hyperplasia,rno-miR-369-3p,0.06705977767705917
Post-Dural Puncture Headache,rno-miR-369-3p,0.06705892831087112
Megalencephalic leukoencephalopathy with subcortical cysts,rno-miR-369-3p,0.06705890595912933
Acromegaly,rno-miR-369-3p,0.06704477965831757
Leukemia and Prolymphocytic and T-Cell,rno-miR-369-3p,0.06704345345497131
Depression and Postpartum,rno-miR-369-3p,0.06704113632440567
Long Term Adverse Effects,rno-miR-369-3p,0.06703869998455048
Growth Hormone-Secreting Pituitary Adenoma,rno-miR-369-3p,0.0670381560921669
paramyotonia congenita of Von Eulenburg,rno-miR-369-3p,0.06703619658946991
Obesity and Abdominal,rno-miR-369-3p,0.06703340262174606
Iron Metabolism Disorders,rno-miR-369-3p,0.06703285872936249
Enterocolitis,rno-miR-369-3p,0.06703020632266998
Glima,rno-miR-369-3p,0.06702470034360886
Marfan Syndrome,rno-miR-369-3p,0.06702429801225662
Acute Aortic   Dissection,rno-miR-369-3p,0.06701880693435669
Nasopharyngeal Neoplasms,rno-miR-369-3p,0.06701816618442535
Endophthalmitis,rno-miR-369-3p,0.06701783090829849
ovarian carcinoma,rno-miR-369-3p,0.06701347976922989
Peritoneal Hyalinizing Vasculopathy,rno-miR-369-3p,0.06701333820819855
Bronchial Hyperreactivity,rno-miR-369-3p,0.06701244413852692
Clubfoot,rno-miR-369-3p,0.06701137870550156
Encephalomyelitis and Western Equine,rno-miR-369-3p,0.06701064109802246
Vulvar Neoplasms,rno-miR-369-3p,0.06701043248176575
Atrial Myosins,rno-miR-369-3p,0.0670102909207344
Colorectal   Adenocarcinoma,rno-miR-369-3p,0.06700950860977173
Ectrodactyly-cleft lip-palate syndrome,rno-miR-369-3p,0.06699497997760773
Bk Virus Infections,rno-miR-369-3p,0.066993348300457
Vascular Calcification,rno-miR-369-3p,0.06698648631572723
Parkinson Disease and Familial and Type 1,rno-miR-369-3p,0.06698192656040192
Pulmonary Eosinophilia,rno-miR-369-3p,0.06697967648506165
Osteoporosis and Postmenopausal,rno-miR-369-3p,0.06697820872068405
Anterior Cruciate Ligament Injuries,rno-miR-369-3p,0.06696948409080505
Scapuloperoneal Myopathy and X-Linked Dominant,rno-miR-369-3p,0.06696905195713043
Neovascularization and Pathologic,rno-miR-369-3p,0.06696569919586182
Hallux Valgus,rno-miR-369-3p,0.0669555738568306
Anodontia,rno-miR-369-3p,0.0669490173459053
Weight Loss,rno-miR-369-3p,0.06694525480270386
Neurosyphilis,rno-miR-369-3p,0.06694521009922028
Atrophy,rno-miR-369-3p,0.06687747687101364
Leukemia and Myeloid and Accelerated Phase,rno-miR-369-3p,0.06684980541467667
Siderosis,rno-miR-369-3p,0.06684906780719757
adhesions of uterus,rno-miR-369-3p,0.0668453499674797
Hepatitis and Chronic,rno-miR-369-3p,0.0668371170759201
Thinness,rno-miR-369-3p,0.06683286279439926
Rotator Cuff,rno-miR-369-3p,0.0668255090713501
Prosthesis Failure,rno-miR-369-3p,0.06682396680116653
Hair Diseases,rno-miR-369-3p,0.06681587547063828
Depression and Post Stroke,rno-miR-369-3p,0.06681545078754425
Cerebral Small Vessel Diseases,rno-miR-369-3p,0.06681325286626816
Schopf-Schulz-Passarge Syndrome,rno-miR-369-3p,0.06681230664253235
Oculocutaneous Albinism Type 3,rno-miR-369-3p,0.06681206822395325
Gluteal Muscle Contracture,rno-miR-369-3p,0.06681128591299057
Liver Failure and Acute,rno-miR-369-3p,0.06681126356124878
Pyloric Hypomotility,rno-miR-369-3p,0.06680651009082794
Large Artery  Atherosclerosis,rno-miR-369-3p,0.0668046846985817
Eclampsia,rno-miR-369-3p,0.06680182367563248
Leishmaniasis,rno-miR-369-3p,0.06679429858922958
Migraine Disorders,rno-miR-369-3p,0.06679186224937439
Bronchopneumonia,rno-miR-369-3p,0.06679093837738037
Cholangitis and Biliary and Primary,rno-miR-369-3p,0.06678394228219986
Rotavirus Infections,rno-miR-369-3p,0.06677329540252686
Protein-Losing Enteropathies,rno-miR-369-3p,0.06676305085420609
Prolactinoma,rno-miR-369-3p,0.0667630285024643
Hyperlipoproteinemia Type III,rno-miR-369-3p,0.06675952672958374
Obesity and Osteosarcopenic,rno-miR-369-3p,0.06675940752029419
Emphysema,rno-miR-369-3p,0.06675522029399872
Urologic Neoplasms,rno-miR-369-3p,0.06675228476524353
Paget Disease and Extramammary,rno-miR-369-3p,0.06675179302692413
Coronavirus Infections,rno-miR-369-3p,0.06674275547266006
Ossification of Posterior Longitudinal Ligament,rno-miR-369-3p,0.06673939526081085
Rectal Injury,rno-miR-369-3p,0.06673875451087952
Neoplastic Cells and Circulating,rno-miR-369-3p,0.06673721969127655
Kidney Diseases and Cystic,rno-miR-369-3p,0.0667334794998169
Hepatitis E,rno-miR-369-3p,0.06672701984643936
Amelogenesis Imperfecta,rno-miR-369-3p,0.06671921163797379
Myotonic Disorders,rno-miR-369-3p,0.06670600920915604
Rhabdoid Tumor and Kidney,hsa-mir-78,0.0666375681757927
Brugada Syndrome,hsa-miR-1285-5p,0.06605634838342667
Intra-Articular Fractures,hsa-miR-151-3p,0.06598106771707535
Lentivirus Infections,hsa-miR-3190-3p,0.06552731990814209
Periodontitis and Diabetic,hsa-miR-3190-3p,0.06549514830112457
Myotonic Dystrophy,hsa-miR-3190-3p,0.06548090279102325
Equine Infectious Anemia,hsa-miR-3190-3p,0.06544927507638931
Reperfusion Injury and Testicular Ischemia,hsa-miR-3190-3p,0.0654037594795227
Neutropenia,hsa-miR-3190-3p,0.06540101766586304
Tricuspid Valve Insufficiency,hsa-miR-3190-3p,0.06539001315832138
Gliosis,hsa-miR-3190-3p,0.0653509572148323
Diminished  Ovarian Reserve,hsa-miR-3190-3p,0.06534549593925476
Angioedemas and Hereditary,hsa-miR-3190-3p,0.06532694399356842
Periodontitis and Diabetic,hsa-miR-3155,0.06520923227071762
Human T-Cell Leukemia Virus Type 1 Infections,hsa-miR-3190-3p,0.06520835310220718
Tibial Neuropathy,hsa-miR-3155,0.06515137106180191
Arene Oxide Detoxification Defect,hsa-miR-3155,0.06514831632375717
Rhabdoid Tumor and Kidney,hsa-miR-3155,0.0651472732424736
Phyllodes Tumor and Breast,hsa-miR-3155,0.06512259691953659
Optic atrophy 1 and deafness,hsa-miR-3190-3p,0.0650964304804802
Anemia and Hemolytic,hsa-miR-3155,0.06502974778413773
Chediak-Higashi Syndrome,hsa-miR-3155,0.06486573815345764
Scleral Diseases,hsa-miR-3155,0.06485213339328766
Wiskott-Aldrich Syndrome,mmu-miR-676-3p,0.0631183385848999
Kidney Neoplasms,mmu-miR-676-3p,0.06308552622795105
Stiff-Person Syndrome,mmu-miR-676-3p,0.06308410316705704
Carotid Stenosis,mmu-miR-676-3p,0.06306944042444229
Renal Tubular Oxidative Injury,mmu-miR-676-3p,0.06306849420070648
Meningitis and Bacterial,mmu-miR-676-3p,0.06306666880846024
Moebius syndrome 1,mmu-miR-676-3p,0.06305720657110214
Jaundice and Acute,mmu-miR-676-3p,0.06305262446403503
Glucose Intolerance,mmu-miR-676-3p,0.06305178999900818
Tuberous Sclerosis 1,mmu-miR-676-3p,0.06305067986249924
Neuroendocrine Tumors,mmu-miR-676-3p,0.06305048614740372
Blood Coagulation Disorders,mmu-miR-676-3p,0.06304727494716644
Carcinoma and Squamous Cell and Cutaneous,mmu-miR-676-3p,0.06303916126489639
Selenium Deficiency,mmu-miR-676-3p,0.06303173303604126
Venous Thrombosis,mmu-miR-676-3p,0.06302274018526077
Cardiomyopathy and Dilated and with Left Ventricular Noncompaction,mmu-miR-676-3p,0.0630202367901802
Fibrous Dysplasia and Polyostotic,mmu-miR-676-3p,0.06301826983690262
White Spot Syndrome Virus  Infection,mmu-miR-676-3p,0.06301737576723099
Hypospadias,mmu-miR-676-3p,0.06301498413085938
rectum adenocarcinoma,mmu-miR-676-3p,0.06301126629114151
Depressive Disorder,mmu-miR-676-3p,0.06300729513168335
X-linked juvenile retinoschisis 1,mmu-miR-676-3p,0.06300322711467743
Arrhythmias and Cardiac,mmu-miR-676-3p,0.06298276036977768
Chronic Disease,mmu-miR-676-3p,0.0629790723323822
Inflammatory Osteolysis,mmu-miR-676-3p,0.06297649443149567
Rupture,mmu-miR-676-3p,0.06297528743743896
arteriosclerotic cardiovascular disease,mmu-miR-676-3p,0.06295423209667206
Pain and Postoperative,mmu-miR-676-3p,0.06295283883810043
High Grade Ovarian Neoplasms,mmu-miR-676-3p,0.06294389069080353
Dacryocystitis,mmu-miR-676-3p,0.06294360756874084
Small Cell Lung Carcinoma,mmu-miR-676-3p,0.06294354051351547
Alzheimer Disease ,mmu-miR-676-3p,0.06294271349906921
Encephalomyelitis and Autoimmune and Experimental,mmu-miR-676-3p,0.06294213980436325
Myopia,mmu-miR-676-3p,0.06293933093547821
Colitis and Ulcerative,mmu-miR-676-3p,0.06293873488903046
Rhinitis and Allergic and Seasonal,mmu-miR-676-3p,0.06293575465679169
Lip and Hamartomatous,mmu-miR-676-3p,0.06293559074401855
Retinal Detachment,mmu-miR-676-3p,0.06293521076440811
Cachexia,mmu-miR-676-3p,0.06292806565761566
Adenocarcinoma,mmu-miR-676-3p,0.06292609870433807
Gastric And Colon Cancer,mmu-miR-676-3p,0.06292560696601868
Liver Failure,mmu-miR-676-3p,0.06292364001274109
Cleft Lip,mmu-miR-676-3p,0.06292042881250381
Leukemia and Prolymphocytic and T-Cell,mmu-miR-676-3p,0.0629202127456665
Diastrophic dysplasia,mmu-miR-676-3p,0.06291081756353378
Liver Cirrhosis and Hepatitis Virus B-Related,mmu-miR-676-3p,0.06289513409137726
gastric cardia adenocarcinoma,mmu-miR-676-3p,0.06289416551589966
Cardiac Complexes and Premature,mmu-miR-676-3p,0.06288399547338486
Alopecia,mmu-miR-676-3p,0.06288311630487442
limb ischemia,mmu-miR-676-3p,0.06287451088428497
Cysts,mmu-miR-676-3p,0.06286641210317612
Vascular Calcification,mmu-miR-676-3p,0.06286336481571198
Mycobacterium Infections and Nontuberculous,mmu-miR-676-3p,0.06286253780126572
Cervical Cancer and Hpv Infected,mmu-miR-676-3p,0.06285843998193741
Osteonecrosis,mmu-miR-676-3p,0.0628528818488121
Otofaciocervical Syndrome,mmu-miR-676-3p,0.06284947693347931
Sciatica,mmu-miR-676-3p,0.06284739822149277
Azoospermia and Nonobstructive,mmu-miR-676-3p,0.06284086406230927
Pituitary Diseases,mmu-miR-676-3p,0.06284055858850479
Legg-Calve-Perthes Disease,mmu-miR-676-3p,0.0627918466925621
Liver Disease and Alcohol-Associated ,mmu-miR-676-3p,0.06278016418218613
Brucellosis and Bovine,mmu-miR-676-3p,0.06275943666696548
Dilated Cardiomyopathy ,hsa-miR-151-3p,0.06275085359811783
Leukemia and Acute,mmu-miR-676-3p,0.06274070590734482
Acidosis and Respiratory,mmu-miR-676-3p,0.06272768974304199
Respiratory Distress Syndrome and Newborn,mmu-miR-676-3p,0.06272724270820618
Siderosis,mmu-miR-676-3p,0.06272553652524948
Porphyria and Variegate,mmu-miR-676-3p,0.06272206455469131
Erythroblastosis and Fetal,mmu-miR-676-3p,0.06272019445896149
Tourette Syndrome,mmu-miR-676-3p,0.06269554048776627
Syphilis and secondary,mmu-miR-676-3p,0.06269249320030212
Lymphoma and B-Cell and Diffuse,mmu-miR-676-3p,0.06269239634275436
Hair Diseases,mmu-miR-676-3p,0.06269235163927078
Gluteal Muscle Contracture,mmu-miR-676-3p,0.06268792599439621
Vitreoretinopathy and Proliferative,rno-miR-27a,0.06267309188842773
Hemoglobin Bart'S Hydrops   Fetalis Syndrome,rno-miR-27a,0.06266859173774719
Typical Teratoid Rhabdoid Tumor,rno-miR-27a,0.06265994161367416
Thyroiditis and Subacute,rno-miR-27a,0.06265942007303238
Kidney Neoplasms,rno-miR-27a,0.062657430768013
Incontinentia Pigmenti,mmu-miR-676-3p,0.062655970454216
Benign Paroxysmal Positional Vertigo,rno-miR-27a,0.06265539675951004
Sinus Thrombosis and Intracranial,mmu-miR-676-3p,0.06265322118997574
Cerebral Hemorrhage,rno-miR-27a,0.0626453384757042
Hypocalciuric hypercalcemia and familial and type 1,rno-miR-27a,0.06264510750770569
Carotid Stenosis,rno-miR-27a,0.06264134496450424
Renal Tubular Oxidative Injury,rno-miR-27a,0.06264039874076843
Bipolar Disorder,mmu-miR-676-3p,0.0626373440027237
Chronic Pain,rno-miR-27a,0.06263710558414459
Sarcopenia,mmu-miR-676-3p,0.06263399124145508
Chagas Cardiomyopathy,rno-miR-27a,0.06263339519500732
Papillomavirus Infections,mmu-miR-676-3p,0.06263089179992676
Abortion and Spontaneous,rno-miR-27a,0.06262918561697006
Jaundice and Acute,rno-miR-27a,0.06262464076280594
Leg Ulcer,rno-miR-27a,0.06262402981519699
Carcinoma and Adenoid Cystic,rno-miR-27a,0.06262265145778656
arthrogryposis and renal dysfunction and and cholestasis 1,rno-miR-27a,0.06262078136205673
Coronavirus Infections,mmu-miR-676-3p,0.06261938810348511
Blood Coagulation Disorders,rno-miR-27a,0.06261934340000153
Glycogen Storage Disease Type VI,rno-miR-27a,0.06261839717626572
primary biliary cholangitis 1,rno-miR-27a,0.06261640787124634
Malformations of Cortical Development,rno-miR-27a,0.06261598318815231
Leukokeratosis and Hereditary Mucosal,rno-miR-27a,0.06261439621448517
Lumbar Disc   Herniation,rno-miR-27a,0.06261420994997025
Hypertension and Renal,mmu-miR-676-3p,0.06261399388313293
Neoplastic Cells and Circulating,mmu-miR-676-3p,0.06261368840932846
Hyperpigmentation and Skin,rno-miR-27a,0.06261224299669266
Hematoma and Subdural and Chronic,rno-miR-27a,0.0626097097992897
Eosinophilic enteropathy,rno-miR-27a,0.06260914355516434
Thymoma,rno-miR-27a,0.06260815262794495
Brain Ischemia and Acute,rno-miR-27a,0.06260756403207779
Foot-and-Mouth Disease,rno-miR-27a,0.06260497868061066
Arm Lymphedema,rno-miR-27a,0.06260374933481216
Heart Septal Defects and Ventricular,rno-miR-27a,0.06259861588478088
Mite Infestations,rno-miR-27a,0.06259819120168686
Staphylococcal Scalded Skin Syndrome,rno-miR-27a,0.06259779632091522
Diabetic Retinopathy ,rno-miR-27a,0.06259606778621674
Reperfusion Injury and Intestinal Ischemia,rno-miR-27a,0.06259357929229736
Sarcoma and Ewing,rno-miR-27a,0.06259308755397797
Low Tension Glaucoma,rno-miR-27a,0.06259176135063171
Acute  Kidney Injury,rno-miR-27a,0.06259119510650635
Fibrous Dysplasia and Polyostotic,rno-miR-27a,0.0625903382897377
Pars Planitis,rno-miR-27a,0.06259015202522278
Neoplasms and Multiple Primary,rno-miR-27a,0.06258957833051682
Tuberculosis and Spinal,rno-miR-27a,0.06258932501077652
White Spot Syndrome Virus  Infection,rno-miR-27a,0.06258927285671234
Hypospadias,rno-miR-27a,0.06258717179298401
End Stage Liver Disease,rno-miR-27a,0.06258703023195267
low grade glioma,rno-miR-27a,0.06258461624383926
Finnish lethal neonatal metabolic syndrome,rno-miR-27a,0.06258189678192139
von Willebrand Diseases,rno-miR-27a,0.06257742643356323
Welander distal myopathy and Swedish type,rno-miR-27a,0.06257683038711548
Leptomeningeal Metastasis,rno-miR-27a,0.06257439404726028
Dental Caries,rno-miR-27a,0.06257358938455582
Genital Diseases and Female,rno-miR-27a,0.06257040053606033
Mast Cell Tumors,rno-miR-27a,0.06257030367851257
Skin Neoplasms and Non-Melanoma,rno-miR-27a,0.06257030367851257
Wound Healing,rno-miR-27a,0.06256982684135437
Pelvic Floor Disorders,rno-miR-27a,0.0625694990158081
Neuroectodermal Tumors and Primitive,rno-miR-27a,0.06256923824548721
Distal myopathy and Nonaka type,rno-miR-27a,0.06256899982690811
Autism Spectrum Disorder,rno-miR-27a,0.06256861984729767
Staphylococcal Infections,rno-miR-27a,0.06256701052188873
Post-Cardiac Arrest Syndrome,rno-miR-27a,0.06256571412086487
Multiple Sclerosis and Chronic Progressive,rno-miR-27a,0.06256368011236191
Corneal Neovascularization,rno-miR-27a,0.06256287544965744
Asthma-Chronic Obstructive Pulmonary Disease Overlap Syndrome,rno-miR-27a,0.062561996281147
Angina and Unstable,rno-miR-27a,0.0625610277056694
Hepatopulmonary Syndrome,rno-miR-27a,0.06255951523780823
mucinous cystadenocarcinoma of pancreas,rno-miR-27a,0.06255229562520981
Hemoglobinopathies,rno-miR-27a,0.06255090236663818
Peri-Implantitis,rno-miR-27a,0.06254870444536209
Brain Damage and Chronic,rno-miR-27a,0.0625481829047203
Cleidocranial Dysplasia,rno-miR-27a,0.06254740059375763
Brachial Plexus Injury,rno-miR-27a,0.06254683434963226
Papillon-Lefevre Disease,rno-miR-27a,0.06254657357931137
Gingivitis,rno-miR-27a,0.06254655122756958
Thoracic Aortic   Dissection,rno-miR-27a,0.06254363805055618
Tracheal Diseases,rno-miR-27a,0.0625414177775383
Cystic Fibrosis,rno-miR-27a,0.06254049390554428
Mitochondrial Diseases,rno-miR-27a,0.06253807991743088
Neuroleptic Malignant Syndrome,rno-miR-27a,0.06253772974014282
Angelman Syndrome,rno-miR-27a,0.06253515183925629
Ovarian Insufficiency and Premature,rno-miR-27a,0.06253256648778915
Sleep Apnea Syndromes,rno-miR-27a,0.06253121793270111
Immune-Mediated Inflammatory Diseases,rno-miR-27a,0.06253119558095932
Uremia,rno-miR-27a,0.06253060698509216
Choroidal Melanoma,rno-miR-27a,0.06253058463335037
Pleomorphic Sarcoma and Undifferentiated,rno-miR-27a,0.0625295639038086
Vascular System Injuries,rno-miR-27a,0.06252922862768173
Tracheal Stenosis,rno-miR-27a,0.06252885609865189
Palatal Neoplasms,rno-miR-27a,0.06252828985452652
Chronic Gastritis,rno-miR-27a,0.06252788752317429
Neurofibromatosis 2,rno-miR-27a,0.06252641975879669
Coronary Artery Calcification,rno-miR-27a,0.0625244528055191
Thymic epithelial tumor,rno-miR-27a,0.06252303719520569
Aneurysm,rno-miR-27a,0.06252291798591614
salivary gland mucoepidermoid carcinoma,rno-miR-27a,0.06252237409353256
Nephrosclerosis,rno-miR-27a,0.06252199411392212
Multiple Organ Failure,rno-miR-27a,0.06252045929431915
Pyruvate Kinase Deficiency of Red Cells,rno-miR-27a,0.06251854449510574
Acute Lymphocytic Leukemia and B-Cell,rno-miR-27a,0.06251778453588486
High Grade Ovarian Neoplasms,rno-miR-27a,0.06251567602157593
Oral Ulcer,rno-miR-27a,0.06251472979784012
Encephalomyelitis and Autoimmune and Experimental,rno-miR-27a,0.06251421570777893
Kidney Failure and Chronic,rno-miR-27a,0.06251146644353867
Hypertensive  Disorder Complicating Pregnancy,rno-miR-27a,0.0625111386179924
Fibrosis and Skin,rno-miR-27a,0.06251078099012375
Colitis and Ulcerative,rno-miR-27a,0.06251068413257599
Hyperalgesia,rno-miR-27a,0.06251059472560883
Microphthalmia and syndromic 2,rno-miR-27a,0.06250981241464615
ACTH-independent macronodular adrenal hyperplasia,rno-miR-27a,0.06250856071710587
Enterovirus B and Human,rno-miR-27a,0.06250808387994766
Abortion and Septic,rno-miR-27a,0.06250806152820587
Rhinitis and Allergic and Seasonal,rno-miR-27a,0.06250765919685364
Megalencephalic leukoencephalopathy with subcortical cysts,rno-miR-27a,0.06250756233930588
Retinal Detachment,rno-miR-27a,0.06250722706317902
Nephrosis and Lipoid,rno-miR-27a,0.06250673532485962
Telangiectasia and Hereditary Hemorrhagic,rno-miR-27a,0.06250403821468353
Teratoid Rhabdoid Tumor and Atypical,rno-miR-27a,0.06250356882810593
Testicular Diseases,rno-miR-27a,0.06250271201133728
Autistic Disorder,rno-miR-27a,0.06250172108411789
Rhinitis and Allergic,rno-miR-27a,0.06249874085187912
Digitorenocerebral Syndrome,rno-miR-27a,0.062498316168785095
External Auditory Canal Squamous Cell Carcinoma,rno-miR-27a,0.06249793618917465
Cleft Lip,rno-miR-27a,0.06249741464853287
Mastitis,rno-miR-27a,0.06249576061964035
Congenital central hypoventilation syndrome,rno-miR-27a,0.062495097517967224
Cerebral Infarction,rno-miR-27a,0.06249462813138962
Gastritis and Pediatric,rno-miR-27a,0.06249360740184784
Enzootic Bovine Leukosis,rno-miR-27a,0.062493205070495605
Intracranial Hemorrhages,rno-miR-27a,0.06249256432056427
Collagen Diseases,rno-miR-27a,0.06248962879180908
Alveolar Bone Loss,rno-miR-27a,0.06248849630355835
Tembusu virus,rno-miR-27a,0.062487244606018066
Atrial Premature Complexes,rno-miR-27a,0.06248719245195389
Bicuspid Aortic Valve Disease,rno-miR-27a,0.06248634308576584
Skin Neoplasms,rno-miR-27a,0.062485985457897186
Arthritis,rno-miR-27a,0.06248541921377182
Reticuloendotheliosis Virus Infections,rno-miR-27a,0.06248532980680466
Gastric   Cancer,rno-miR-27a,0.062485113739967346
renal fibrosis,rno-miR-27a,0.06248386204242706
Cardiomyopathy dilated with woolly hair and keratoderma,rno-miR-27a,0.062483809888362885
Lissencephaly,rno-miR-27a,0.06248314678668976
Pulmonary Edema,rno-miR-27a,0.062481969594955444
Barrett Esophagus,rno-miR-27a,0.06248149275779724
Keratitis and Herpetic,rno-miR-27a,0.06248066574335098
Reinjuries,rno-miR-27a,0.0624794140458107
Hereditary pancreatitis,rno-miR-27a,0.06247638165950775
Primary Central Nervous System Lymphoma,rno-miR-27a,0.06247231364250183
Osteolysis,rno-miR-27a,0.06247110664844513
Precursor T-Cell Lymphoblastic Leukemia-Lymphoma,rno-miR-27a,0.062467917799949646
Acute Aortic   Dissection,rno-miR-27a,0.062467582523822784
Cushing Syndrome,rno-miR-27a,0.06246739625930786
Liver Cirrhosis and Hepatitis Virus B-Related,rno-miR-27a,0.06246720254421234
Movement Disorders,rno-miR-27a,0.062466755509376526
ovarian carcinoma,rno-miR-27a,0.06246226280927658
Bacterial Infections,rno-miR-27a,0.06246200203895569
Cardiovascular Complications,rno-miR-27a,0.06246143579483032
Meningioma,rno-miR-27a,0.0624600350856781
Encephalomyelitis and Western Equine,rno-miR-27a,0.0624593049287796
Respirovirus Infections,rno-miR-27a,0.0624551847577095
Alopecia,rno-miR-27a,0.06245514005422592
Critical Illness,rno-miR-27a,0.062453433871269226
Toxoplasmosis and Ocular,rno-miR-27a,0.06244988739490509
Malaria and Vivax,rno-miR-27a,0.06244925409555435
Tibial Fractures,rno-miR-27a,0.062448397278785706
Premature Ejaculation,rno-miR-27a,0.06243796646595001
Rhegmatogenous Retinal Detachment and Autosomal Dominant,rno-miR-27a,0.06243766099214554
Vascular Calcification,rno-miR-27a,0.062435269355773926
Colon   Adenocarcinoma,rno-miR-27a,0.06243486702442169
Microvascular Rarefaction,rno-miR-27a,0.06243467330932617
Carcinoma and Cutaneous and Squamous Cell,rno-miR-27a,0.0624304935336113
Parkinson Disease and Familial and Type 1,rno-miR-27a,0.06243046373128891
Cervical Cancer and Hpv Infected,rno-miR-27a,0.06243034452199936
Venous Thromboembolism,rno-miR-27a,0.06242930889129639
Borderline Personality Disorder,rno-miR-27a,0.062423110008239746
Zika virus congenital syndrome,rno-miR-27a,0.06242293864488602
Intestinal Diseases,rno-miR-27a,0.06242263317108154
Reflex Sympathetic Dystrophy,rno-miR-27a,0.06241918355226517
Chorioamnionitis,rno-miR-27a,0.06241755187511444
Carcinoma and Merkel Cell,rno-miR-27a,0.06240926682949066
Aphasia and Primary Progressive,rno-miR-27a,0.06240499019622803
FG syndrome,rno-miR-27a,0.06240387260913849
Alcohol Withdrawal Delirium,rno-miR-27a,0.06239873915910721
Hyperplasia,rno-miR-27a,0.06239637732505798
Infarct-Related Artery Total Occlusion,rno-miR-27a,0.06238695979118347
Multiple Trauma,rno-miR-27a,0.06238551437854767
Conjunctivitis and Allergic,rno-miR-27a,0.06238355487585068
Carcinogenesis,rno-miR-27a,0.062382303178310394
Breast Neoplasms and Basal Cell,rno-miR-27a,0.062377214431762695
Endocrine System Diseases,rno-miR-27a,0.062376245856285095
Hydrocephalus,rno-miR-27a,0.06237572431564331
"Muscular Atrophy, Spinal",rno-miR-27a,0.06237482279539108
Avian Leukosis,rno-miR-27a,0.06236131489276886
Peripartum Cardiomyopathy ,rno-miR-27a,0.06236022710800171
Acute Pulmonary Embolism,rno-miR-27a,0.06234586983919144
Extra-Hepatic Portal Venous  Obstruction ,rno-miR-27a,0.06234502047300339
Sarcoma and Synovial,rno-miR-27a,0.06234487146139145
Stress Disorders and Traumatic,rno-miR-27a,0.06234028935432434
Microphthalmos,rno-miR-27a,0.06233543902635574
Lumbar Radicular Pain,rno-miR-27a,0.06233193725347519
Facial Nerve Diseases,rno-miR-27a,0.062327295541763306
Prostatitis and Chronic,rno-miR-27a,0.06232455372810364
Coronary Stenosis,rno-miR-27a,0.06231974810361862
Pica,rno-miR-27a,0.06231442838907242
CREST Syndrome,rno-miR-27a,0.06231442838907242
Intra-Articular Fractures,hsa-miR-216,0.06230931729078293
Acidosis and Respiratory,rno-miR-27a,0.062299758195877075
Leukemia and Myeloid and Accelerated Phase,rno-miR-27a,0.06229846179485321
Idiopathic Condylar Resorption,rno-miR-27a,0.06229526549577713
Acrodermatitis enteropathica,rno-miR-27a,0.062291599810123444
Acute Coronary Syndrome ,rno-miR-27a,0.06228308379650116
Thinness,rno-miR-27a,0.062281638383865356
Suppuration,rno-miR-27a,0.06227406859397888
dystonia 5,rno-miR-27a,0.06227286159992218
Polycythemia,rno-miR-27a,0.06226758658885956
Lipodystrophy and Partial and Acquired,rno-miR-27a,0.06226746737957001
Tourette Syndrome,rno-miR-27a,0.062267325818538666
Lymphoma and B-Cell and Diffuse,rno-miR-27a,0.062264181673526764
Gluteal Muscle Contracture,rno-miR-27a,0.062259823083877563
Intestinal Atresia,rno-miR-27a,0.06225878745317459
Fibromatosis and Aggressive,rno-miR-27a,0.06225791573524475
Lichen Sclerosus et Atrophicus,rno-miR-27a,0.06225665658712387
Gastrointestinal Diseases,rno-miR-27a,0.062255121767520905
Darier Disease,rno-miR-27a,0.062255099415779114
Arbovirus Infections,rno-miR-27a,0.0622529461979866
Eclampsia,rno-miR-27a,0.06225048005580902
Multiple Chronic Conditions,rno-miR-27a,0.06225041300058365
Arteriosclerosis,rno-miR-27a,0.062250152230262756
Myeloproliferative Disorder and Chronic and with Eosinophilia,rno-miR-27a,0.062249891459941864
Granulosa Cell Tumor,rno-miR-27a,0.06224674731492996
Poikiloderma with Neutropenia,rno-miR-27a,0.06224002689123154
Peritoneal Diseases,rno-miR-27a,0.062236905097961426
Early-Stage Malignant Melanoma,rno-miR-27a,0.06223654747009277
Hip Dislocation and Congenital,rno-miR-27a,0.06223598122596741
Carotid Artery Diseases,rno-miR-27a,0.062234893441200256
Cholangitis and Biliary and Primary,rno-miR-27a,0.062232598662376404
Pulmonary Veno-Occlusive Disease,rno-miR-27a,0.06223044544458389
Hepatic Veno-Occlusive Disease,rno-miR-27a,0.06222929060459137
Incontinentia Pigmenti,rno-miR-27a,0.06222786754369736
Brucellosis,rno-miR-27a,0.06222639977931976
Rotavirus Infections,rno-miR-27a,0.0622221902012825
Retinal Neovascularization,rno-miR-27a,0.0622202530503273
White Dot Syndromes,rno-miR-27a,0.062217675149440765
Combined Saposin Deficiency,rno-miR-27a,0.06221090257167816
Bipolar Disorder,rno-miR-27a,0.062209419906139374
Intracranial Arteriosclerosis,rno-miR-27a,0.062202081084251404
Arteriosclerosis Obliterans,rno-miR-27a,0.06219768524169922
non-alcoholic fatty liver,rno-miR-27a,0.062193870544433594
Varicose Veins,rno-miR-27a,0.06219271570444107
Xerostomia,rno-miR-27a,0.062186092138290405
Kidney Diseases and Cystic,rno-miR-27a,0.062181904911994934
Hypertension and Pregnancy-Induced,rno-miR-27a,0.06217840313911438
Hypoxia and Brain,rno-miR-27a,0.062176913022994995
Cystoid Macular Edema and Diabetic,rno-miR-27a,0.062174826860427856
Condylomata Acuminata,rno-miR-27a,0.062169790267944336
Hypertriglyceridemia,rno-miR-27a,0.062165699899196625
Alopecia Areata,rno-miR-27a,0.06215821951627731
Human T-Cell Leukemia Virus Type 1 Infections,hsa-miR-141*,0.061240434646606445
Tachycardia,rno-miR-409-5p,0.060612455010414124
Liposarcoma and Myxoid,hsa-miR-181a,0.060255058109760284
Equine Infectious Anemia,hsa-miR-181a,0.06017795950174332
prostate adenocarcinoma,hsa-miR-181a,0.06016336381435394
Phyllodes Tumor and Breast,hsa-miR-181a,0.060137197375297546
Vitreoretinopathy and Proliferative,hsa-mir-873,0.06012608855962753
Lymphoma and Extranodal NK-T-Cell,hsa-mir-873,0.060119062662124634
Infant Nutrition Disorders,hsa-mir-873,0.060114093124866486
Typical Teratoid Rhabdoid Tumor,hsa-mir-873,0.060112982988357544
Hemorrhagic Fever and Ebola,hsa-mir-873,0.06011267751455307
acute myocardial infarction,hsa-mir-873,0.06011082977056503
Stiff-Person Syndrome,hsa-mir-873,0.060109175741672516
Interstitial Fibrosis and Renal,hsa-mir-873,0.060107067227363586
Hypocalciuric hypercalcemia and familial and type 1,hsa-mir-873,0.060097984969615936
Leukoplakia and Oral,hsa-mir-873,0.06009519100189209
Vertigo,hsa-mir-873,0.060087718069553375
Borna Disease,hsa-mir-873,0.06008487939834595
Enterocolitis and Pseudomembranous,hsa-mir-873,0.06008324772119522
Moebius syndrome 1,hsa-mir-873,0.06008239835500717
Distal arthrogryposis type 2B,hsa-mir-873,0.06007761508226395
Carcinoma and Adenoid Cystic,hsa-mir-873,0.060075655579566956
Synucleinopathies,hsa-mir-873,0.0600740909576416
Pain and Inflammatory,hsa-mir-873,0.06006994843482971
Hyperpigmentation and Skin,hsa-mir-873,0.0600651279091835
Vitamin D Deficiency,hsa-mir-873,0.06006479263305664
Carcinoma and Squamous Cell and Cutaneous,hsa-mir-873,0.060064107179641724
Hematoma and Subdural and Chronic,hsa-mir-873,0.06006275862455368
Mite Infestations,hsa-mir-873,0.06005118787288666
Diabetic Retinopathy ,hsa-mir-873,0.06004922837018967
Ophthalmoplegia and Chronic Progressive External,hsa-miR-29c*,0.060046352446079254
torsion dystonia 1,hsa-mir-873,0.06004487723112106
Acute  Kidney Injury,hsa-mir-873,0.060044191777706146
ovary adenocarcinoma,hsa-mir-873,0.06003813445568085
low grade glioma,hsa-mir-873,0.060037851333618164
Adenomatous Polyposis Coli,hsa-mir-873,0.06003636121749878
Craniofacial Abnormalities,hsa-mir-873,0.060034796595573425
Brugada Syndrome,hsa-miR-181a,0.060033559799194336
Gastric Intestinal   Metaplasia,hsa-mir-873,0.060028597712516785
Aortic Diseases,hsa-mir-873,0.060026638209819794
Adrenal Cortex Neoplasms,hsa-mir-873,0.06002318114042282
Leigh Disease,hsa-mir-873,0.060022592544555664
Autism Spectrum Disorder,hsa-mir-873,0.06002173572778702
brachydactyly type D,hsa-mir-873,0.060021549463272095
Halal syndrome,hsa-mir-873,0.06001894921064377
Rectal Neoplasms,hsa-mir-873,0.060017719864845276
Heart Failure and Ischemic,hsa-mir-873,0.06001743674278259
Growth Disorders,hsa-mir-873,0.06001514196395874
Premature Ovarian Aging,hsa-mir-873,0.06001404672861099
Aneuploidy,hsa-mir-873,0.06001294404268265
Prader-Willi Syndrome,hsa-mir-873,0.06001156568527222
Striatonigral Degeneration,hsa-mir-873,0.06000920385122299
Hyperparathyroidism and Primary,hsa-mir-873,0.060008324682712555
Starvation,hsa-mir-873,0.06000801920890808
Airway Inflammation,hsa-mir-873,0.06000705063343048
Hepatitis A,hsa-mir-873,0.060006074607372284
mucinous cystadenocarcinoma of pancreas,hsa-mir-873,0.060005299746990204
Status Epilepticus,hsa-mir-873,0.060004472732543945
Cumulative Trauma Disorders,hsa-mir-873,0.0600038543343544
Hearing Disorders,hsa-mir-873,0.0600038543343544
Primary Graft Dysfunction,hsa-mir-873,0.06000189483165741
Inflammatory Osteolysis,hsa-mir-873,0.06000155955553055
Brain Damage and Chronic,hsa-mir-873,0.06000134348869324
Sarcoidosis,hsa-mir-873,0.06000092625617981
Cleidocranial Dysplasia,hsa-mir-873,0.06000027805566788
Urinary Bladder Diseases,hsa-mir-873,0.05999995023012161
Papillon-Lefevre Disease,hsa-mir-873,0.0599997416138649
Pancreatitis,hsa-mir-873,0.0599980354309082
Exudative Vitreoretinopathy 4,hsa-mir-873,0.05999668687582016
Non-Segmental Vitiligo,hsa-miR-181a,0.05999629944562912
Tracheal Diseases,hsa-mir-873,0.05999457836151123
Neuroleptic Malignant Syndrome,hsa-mir-873,0.05999072641134262
Colorectal Neoplasms and Hereditary Nonpolyposis,hsa-mir-873,0.05998937785625458
Parasitic Diseases,hsa-mir-873,0.059989072382450104
Lumbosacral Spinal Root Avulsion,hsa-mir-873,0.05998764932155609
Dwarfism,hsa-mir-873,0.05998750776052475
Bone Neoplasms,hsa-mir-873,0.05998563766479492
Sleep Apnea Syndromes,hsa-mir-873,0.05998438596725464
Choroidal Melanoma,hsa-mir-873,0.05998358130455017
Central Nervous System Bacterial Infections,hsa-mir-873,0.059981897473335266
Shock and Septic,hsa-mir-873,0.05998124182224274
Chronic Gastritis,hsa-mir-873,0.059980884194374084
Choroidal Neovascularization,hsa-mir-873,0.059979915618896484
Neurofibromatosis 2,hsa-mir-873,0.059979699552059174
arteriosclerotic cardiovascular disease,hsa-mir-873,0.05997953563928604
Cervical Intraepithelial Neoplasia,hsa-mir-873,0.05997925251722336
Cerebral Cortical Thinning,hsa-mir-873,0.059977926313877106
Allergic Inflammation,hsa-mir-873,0.05997736006975174
Polycystic lipomembranous osteodysplasia with sclerosing leukoencephalopathy,hsa-mir-873,0.05997475981712341
Spermatic Cord Torsion,hsa-mir-873,0.05997283756732941
Acute Lymphocytic Leukemia and B-Cell,hsa-mir-873,0.059970661997795105
Sick Sinus Syndrome,hsa-mir-873,0.05996908247470856
Reperfusion Injury and Pulmonary Ischemia,hsa-mir-873,0.059966616332530975
Microphthalmia and syndromic 2,hsa-mir-873,0.05996280908584595
Cerebral Hemorrhage and Spontaneous,hsa-mir-873,0.059962593019008636
ACTH-independent macronodular adrenal hyperplasia,hsa-mir-873,0.05996143817901611
Post-Dural Puncture Headache,hsa-mir-873,0.059960752725601196
familial multiple nevi flammei,hsa-mir-873,0.059960514307022095
Langer mesomelic dysplasia,hsa-mir-873,0.059959784150123596
Sunburn,hsa-mir-873,0.059958554804325104
 Equine Hepacivirus Infections,hsa-mir-873,0.0599578395485878
Teratoid Rhabdoid Tumor and Atypical,hsa-mir-873,0.05995684862136841
SHORT syndrome,hsa-mir-873,0.05995187908411026
External Auditory Canal Squamous Cell Carcinoma,hsa-mir-873,0.059951052069664
Liver Failure,hsa-mir-873,0.05994883179664612
Acromegaly,hsa-mir-873,0.05994648486375809
Intracranial Hemorrhages,hsa-mir-873,0.05994556099176407
Syphilis,hsa-mir-873,0.05994551628828049
Leukemia and Prolymphocytic and T-Cell,hsa-mir-873,0.059945397078990936
Polycythemia and High Altitude,hsa-mir-873,0.05994372069835663
Alveolar Bone Loss,hsa-mir-873,0.059941425919532776
Inflammation and Post Stroke,hsa-mir-873,0.05994100123643875
Growth Hormone-Secreting Pituitary Adenoma,hsa-mir-873,0.059940218925476074
Arthritis,hsa-mir-873,0.05993882566690445
renal fibrosis,hsa-mir-873,0.059937261044979095
Heart Defects and Congenital,hsa-mir-873,0.059934042394161224
Keratitis and Herpetic,hsa-mir-873,0.05993354320526123
dilated cardiomyopathy 1FF,hsa-mir-873,0.059932172298431396
Carotid Artery Injuries,hsa-mir-873,0.05992952734231949
Bisphosphonate-Associated Osteonecrosis of the Jaw,hsa-mir-873,0.05992453545331955
Acute Aortic   Dissection,hsa-mir-873,0.05992057919502258
gastric cardia adenocarcinoma,hsa-mir-873,0.05991934984922409
Syphilis and primary,hsa-mir-873,0.05991561710834503
ovarian carcinoma,hsa-mir-873,0.05991542339324951
Bacterial Infections,hsa-mir-873,0.05991516262292862
Cardiovascular Complications,hsa-mir-873,0.05991443246603012
Aortic Aneurysm,hsa-mir-873,0.05990695208311081
Critical Illness,hsa-mir-873,0.0599064826965332
Urothelial   Carcinoma,hsa-mir-873,0.059903644025325775
Malaria and Vivax,hsa-mir-873,0.05990201234817505
Mesothelioma and Malignant and Pleural,hsa-mir-873,0.05990193784236908
Tibial Fractures,hsa-mir-873,0.059901393949985504
Cysts,hsa-mir-873,0.059891603887081146
Cervical Cancer and Hpv Infected,hsa-mir-873,0.05988363176584244
Meier-Gorlin syndrome,hsa-mir-873,0.059881024062633514
Chediak-Higashi Syndrome,hsa-miR-181a,0.05988004803657532
Intracranial  Aneurysm,hsa-mir-873,0.05987852066755295
Intestinal Diseases,hsa-mir-873,0.05987587571144104
Psychotic Disorders,hsa-mir-873,0.059865862131118774
Nonsyndromic sensorineural hearing loss,hsa-mir-873,0.05986451357603073
Carcinoma and Merkel Cell,hsa-mir-873,0.05986238270998001
Ear Diseases,hsa-mir-873,0.05985857546329498
Dermatitis and Allergic Contact,hsa-mir-873,0.059857845306396484
Hallux Valgus,hsa-mir-873,0.05985746532678604
Fibromuscular Dysplasia,hsa-mir-873,0.05985625833272934
Weight Loss,hsa-mir-873,0.05984719842672348
Trachoma,hsa-mir-873,0.05984204262495041
Placental Insufficiency,hsa-mir-873,0.05984092503786087
Multiple Trauma,hsa-mir-873,0.059838682413101196
Kartagener Syndrome,hsa-mir-873,0.059838682413101196
Conjunctivitis and Allergic,hsa-mir-873,0.059836722910404205
Hemorrhoids,hsa-mir-873,0.05983605980873108
Carcinogenesis,hsa-mir-873,0.05983529984951019
"Muscular Atrophy, Spinal",hsa-mir-873,0.05982781946659088
Meningitis and Fungal,hsa-mir-873,0.0598265677690506
Carcinoma and Basal Cell and Skin,hsa-mir-873,0.05982240289449692
Turner Syndrome,hsa-mir-873,0.05981599539518356
Stillbirth,hsa-mir-873,0.059799790382385254
Brain Ischemia ,hsa-mir-873,0.059780627489089966
Coronary Stenosis,hsa-mir-873,0.0597730353474617
Leukemia and Acute,hsa-mir-873,0.0597657710313797
Calcinosis,hsa-mir-873,0.05975765734910965
Delayed Graft Function,hsa-mir-873,0.05975727736949921
Allograft Rejection and Antibody-Mediated,hsa-mir-873,0.059741996228694916
Pleuropulmonary blastoma,hsa-mir-873,0.0597366988658905
Leukemia and Myeloid and Chronic and Atypical and BCR-ABL Negative,hsa-mir-873,0.05973551422357559
Rabies,hsa-mir-873,0.05973002314567566
Oophoritis,hsa-mir-873,0.05972941219806671
Uterine Cervical Dysplasia,hsa-mir-873,0.059724725782871246
Poisoning,hsa-mir-873,0.059723541140556335
colon carcinoma,hsa-mir-873,0.05972295254468918
Tourette Syndrome,hsa-mir-873,0.059720613062381744
Gluteal Muscle Contracture,hsa-mir-873,0.05971311032772064
Fibromatosis and Aggressive,hsa-mir-873,0.05971119552850723
Pyloric Hypomotility,hsa-mir-873,0.05970821529626846
Arbovirus Infections,hsa-mir-873,0.0597059428691864
Hernias and Diaphragmatic and Congenital,hsa-mir-873,0.05970412492752075
Myositis,hsa-mir-873,0.059703439474105835
Erectile Dysfunction,hsa-mir-873,0.059696927666664124
Cholangitis and Biliary and Primary,hsa-mir-873,0.05968576669692993
Pulmonary Veno-Occlusive Disease,hsa-mir-873,0.05968344211578369
Hepatic Veno-Occlusive Disease,hsa-mir-873,0.05968216806650162
Cerebral Infarction and Acute,hsa-mir-873,0.05968005955219269
Heroin Dependence,hsa-mir-873,0.05967828631401062
differentiated thyroid gland carcinoma,hsa-mir-873,0.05967729538679123
Rotavirus Infections,hsa-mir-873,0.05967523902654648
Papillary Thyroid Microcarcinoma,hsa-mir-873,0.059674106538295746
Upper Tract Urothelial Carcinoma,hsa-mir-873,0.05966723710298538
Periodontal Cyst,hsa-mir-873,0.05965976417064667
Sarcopenia,hsa-mir-873,0.05965905636548996
Lung Carcinoid,hsa-mir-873,0.059656403958797455
Papillomavirus Infections,hsa-mir-873,0.05965595692396164
Paget Disease and Extramammary,hsa-mir-873,0.059653326869010925
Dementia,hsa-mir-873,0.05965191125869751
Ossification of Posterior Longitudinal Ligament,hsa-mir-873,0.05964110046625137
Periapical Diseases,hsa-mir-873,0.059598587453365326
Endothelial Barrier Dysfunction,hsa-mir-8061,0.05951943248510361
Newcastle Disease,mmu-miR-697,0.05901475250720978
Hemorrhagic Disorders,hsa-miR-3137,0.05896963179111481
Urinary Calculi,hsa-miR-3137,0.05893424153327942
Classical Swine Fever,hsa-miR-3137,0.05889260768890381
Autoimmune Diseases of the Nervous System,hsa-miR-3137,0.058892153203487396
Periodontitis and Diabetic,hsa-miR-3137,0.05888921767473221
Chronic  Rhinosinusitis With Nasal Polyps,hsa-miR-3137,0.058857209980487823
Equine Infectious Anemia,hsa-miR-3137,0.05884358286857605
Plaque and Amyloid,hsa-miR-3137,0.05882930010557175
Inflammation and Chronic,hsa-miR-3137,0.058822013437747955
Phyllodes Tumor and Breast,hsa-miR-3137,0.058802589774131775
Venous Neointimal Hyperplasia,hsa-miR-3137,0.05879577249288559
Tricuspid Valve Insufficiency,hsa-miR-3137,0.05878408998250961
Gliosis,hsa-miR-3137,0.05874503403902054
Juvenile gout,hsa-miR-3137,0.0586005374789238
Polyposis Syndrome and Hereditary Mixed and 1,hsa-miR-3137,0.058559708297252655
Multiple Mitochondrial Dysfunctions Syndrome,hsa-miR-4296,0.058320097625255585
Equine Infectious Anemia,hsa-miR-4296,0.05824054032564163
Hereditary Autoinflammatory Diseases,hsa-miR-4292,0.05816713720560074
Phyllodes Tumor and Breast,hsa-miR-4292,0.05812957137823105
Tricuspid Valve Insufficiency,hsa-miR-4292,0.058110952377319336
Diminished  Ovarian Reserve,hsa-miR-4292,0.05806642770767212
Nevi and Melanomas,hsa-miR-378*,0.057930029928684235
Tibial Neuropathy,hsa-miR-378*,0.05786953866481781
Amebiasis,hsa-miR-4292,0.05783965438604355
Neutropenia,hsa-miR-378*,0.057833440601825714
Optic atrophy 1 and deafness,hsa-miR-4292,0.0578172504901886
Liposarcoma and Myxoid,hsa-miR-411,0.05770216882228851
Myotonic Dystrophy,hsa-miR-411,0.057656459510326385
Rhabdoid Tumor and Kidney,hsa-miR-411,0.05760838836431503
X-Linked Combined Immunodeficiency Diseases,hsa-miR-411,0.05757959932088852
Reperfusion Injury and Testicular Ischemia,hsa-miR-411,0.057578906416893005
Pancreatitis and Acute Hemorrhagic,hsa-miR-411,0.057555608451366425
Chronic Kidney   Disease,hsa-miR-411,0.057552315294742584
Amebiasis,hsa-miR-378*,0.05755125731229782
Posterior Segment Ocular Diseases,hsa-miR-411,0.05754292756319046
Angioedemas and Hereditary,hsa-miR-411,0.05750250071287155
Rhabdoviridae Infections,hsa-miR-411,0.05748579651117325
Her2-Positive Breast Cancer,hsa-miR-411,0.05735901743173599
Lysosomal Storage Diseases,hsa-miR-411,0.05735088139772415
Adrenocortical Adenoma,hsa-miR-411,0.057335808873176575
Scleral Diseases,hsa-miR-411,0.05731307715177536
Short Qt Syndrome,hsa-miR-411,0.05730278789997101
Obstructive   Kidney Disease,hsa-miR-411,0.05728040635585785
Optic atrophy 1 and deafness,hsa-miR-411,0.057271867990493774
Human Herpesvirus 6 encephalitis,hsa-miR-4492,0.05675062537193298
Werner Syndrome,hsa-miR-4492,0.05674908310174942
Jaundice and Acute,hsa-miR-4492,0.05673384666442871
Malformations of Cortical Development,hsa-miR-4492,0.05672542750835419
Malnutrition,hsa-miR-4492,0.056714996695518494
Foot-and-Mouth Disease,hsa-miR-4492,0.05671442300081253
Dmd-Associated Dilated Cardiomyopathy,hsa-miR-4492,0.05671364814043045
Heart Septal Defects and Ventricular,hsa-miR-4492,0.056708067655563354
White Spot Syndrome Virus  Infection,hsa-miR-4492,0.056698597967624664
Brain Neoplasms,hsa-miR-4492,0.05669611692428589
Adenomatous Polyposis Coli,hsa-miR-4492,0.056692808866500854
Finnish lethal neonatal metabolic syndrome,hsa-miR-4492,0.05669146031141281
Sveinsson Chorioretinal Atrophy,hsa-miR-4492,0.05668585002422333
Low Back Pain,hsa-miR-4492,0.056679368019104004
Autism Spectrum Disorder,hsa-miR-4492,0.05667818337678909
Lupus Nephritis,hsa-miR-4492,0.05666682869195938
Polyps,hsa-miR-4492,0.056666046380996704
Fibroadenoma,hsa-miR-4492,0.05666077136993408
Neonatal hemochromatosis,hsa-miR-4492,0.0566597580909729
Brain Damage and Chronic,hsa-miR-4492,0.05665774643421173
Cystic Fibrosis,hsa-miR-4492,0.056649819016456604
Rett Syndrome,hsa-miR-4492,0.05664518475532532
Wasting Disease and Chronic,hsa-miR-4492,0.05664246529340744
Infarction,hsa-miR-4492,0.05663839727640152
Cervical Intraepithelial Neoplasia,hsa-miR-4492,0.05663546174764633
Coronary Artery Calcification,hsa-miR-4492,0.05663377791643143
Acute Lymphoblastic Leukemia and T-Cell,hsa-miR-4492,0.056627869606018066
Hemochromatosis,hsa-miR-4492,0.05662781745195389
Glomerulonephritis and Membranoproliferative,hsa-miR-4492,0.056625597178936005
Oral Ulcer,hsa-miR-4492,0.05662417411804199
Alzheimer Disease ,hsa-miR-4492,0.05662405490875244
Rhinitis and Allergic and Seasonal,hsa-miR-4492,0.05661710351705551
Arrhythmogenic Heart Diseases,hsa-miR-4492,0.05661703646183014
Glomus Tumor,hsa-miR-4492,0.056616343557834625
Langer mesomelic dysplasia,hsa-miR-4492,0.05661582201719284
Larva Migrans and Visceral,hsa-miR-4492,0.056614287197589874
Telangiectasia and Hereditary Hemorrhagic,hsa-miR-4492,0.056613482534885406
Mitral Valve Insufficiency,hsa-miR-4492,0.05660690367221832
Rosacea,hsa-miR-4492,0.05660603195428848
Leukemia and Prolymphocytic and T-Cell,hsa-miR-4492,0.05660144239664078
Gastric   Cancer,hsa-miR-4492,0.05659455806016922
paramyotonia congenita of Von Eulenburg,hsa-miR-4492,0.05659441649913788
Reinjuries,hsa-miR-4492,0.05658885836601257
Carotid Artery Injuries,hsa-miR-4492,0.056585974991321564
Movement Disorders,hsa-miR-4492,0.0565761998295784
Duane Retraction Syndrome,hsa-miR-4492,0.05657518655061722
Bacterial Infections,hsa-miR-4492,0.05657144635915756
Encephalomyelitis and Western Equine,hsa-miR-4492,0.056568630039691925
Vulvar Neoplasms,hsa-miR-4492,0.056568533182144165
Intestinal Neoplasms,hsa-miR-4492,0.05656728148460388
Cardiac Complexes and Premature,hsa-miR-4492,0.056565508246421814
Tetralogy of Fallot,hsa-miR-4492,0.05656075477600098
Mandibulofacial Dysostosis,hsa-miR-4492,0.056553274393081665
Reflex Sympathetic Dystrophy,hsa-miR-4492,0.05652827024459839
Anodontia,hsa-miR-4492,0.05650724470615387
Hydrocephalus,hsa-miR-4492,0.056485049426555634
Muscular Diseases,hsa-miR-4492,0.056484103202819824
Osteoporosis-pseudoglioma syndrome,hsa-miR-4492,0.05648263543844223
Stress Disorders and Traumatic,hsa-miR-4492,0.05644949525594711
Brucellosis and Bovine,hsa-miR-4492,0.05644095689058304
Atrophy,hsa-miR-4492,0.056435585021972656
Neoplasm Metastasis,hsa-miR-4492,0.05640918016433716
Erythroblastosis and Fetal,hsa-miR-4492,0.05640154331922531
Rabies,hsa-miR-4492,0.05638618767261505
Liver Failure and Acute,hsa-miR-4492,0.05636948347091675
Intestinal Atresia,hsa-miR-4492,0.056368350982666016
Trophoblastic Neoplasms,hsa-miR-4492,0.05636603385210037
HTLV-II Infections,hsa-miR-4492,0.05636180192232132
Migraine Disorders,hsa-miR-4492,0.056350089609622955
Osteochondritis Dissecans,hsa-miR-4492,0.056345097720623016
Testicular Germ Cell Tumor,hsa-miR-4492,0.05633951723575592
Obesity and Osteosarcopenic,hsa-miR-4492,0.056317515671253204
Sarcopenia,hsa-miR-4492,0.05631522089242935
Neoplastic Cells and Circulating,hsa-miR-4492,0.05629520118236542
Postural Orthostatic Tachycardia Syndrome,hsa-miR-4492,0.05628553032875061
Parvoviridae Infections,hsa-miR-1268,0.05596592277288437
Reperfusion Injury and Ischemia,hsa-miR-1268,0.05552445352077484
IMAGe syndrome,hsa-miR-216,0.05510306358337402
Reperfusion Injury and Testicular Ischemia,hsa-miR-130b*,0.05456126481294632
Reperfusion Injury and Testicular Ischemia,hsa-miR-4311,0.0545167401432991
Angioedemas and Hereditary,hsa-miR-130b*,0.054484687745571136
Tachycardia,hsa-mir-8061,0.05350073426961899
Granulomatous Disease and Chronic,hsa-miR-27a-3p,0.05295386165380478
Vitelliform Macular Dystrophy,hsa-miR-27a-3p,0.05292970687150955
Periodontitis and Diabetic,hsa-miR-27a-3p,0.05290441960096359
Myeloma Bone Disease,hsa-miR-27a-3p,0.052855655550956726
Adenocarcinoma Of Esophagus,hsa-miR-27a-3p,0.05259155482053757
Equine Infectious Anemia,hsa-miR-219a-1-3p,0.0525398850440979
Bile Duct Neoplasms,hsa-miR-133a-5p,0.05242517590522766
Urinary Calculi,hsa-miR-021,0.05218765139579773
Skeletal Muscle Injury,hsa-miR-021,0.05217786133289337
Neonatal Encephalopathy,hsa-miR-021,0.052094705402851105
Swine Diseases,hsa-miR-021,0.05209130048751831
Wound Infection,hsa-miR-021,0.05207294225692749
Phyllodes Tumor and Breast,hsa-miR-021,0.052055880427360535
Neutropenia,hsa-miR-021,0.05204838514328003
Diminished  Ovarian Reserve,hsa-miR-021,0.051993101835250854
Human T-Cell Leukemia Virus Type 1 Infections,hsa-miR-021,0.05185583978891373
Polyposis Syndrome and Hereditary Mixed and 1,hsa-miR-021,0.051812879741191864
Chediak-Higashi Syndrome,hsa-miR-021,0.051799021661281586
Short Qt Syndrome,hsa-miR-021,0.05177472531795502
Testicular Neoplasms,hsa-miR-021,0.05174902826547623
Nevi and Melanomas,hsa-miR-1976,0.05170691758394241
Brugada Syndrome,hsa-miR-1976,0.051514655351638794
Autoimmune Diseases of the Nervous System,hsa-miR-135b-3p,0.050662457942962646
Nevi and Melanomas,hsa-miR-135b-3p,0.05066163092851639
Inflammation and Chronic,hsa-miR-135b-3p,0.050592146813869476
Hemangiosarcoma,hsa-miR-135b-3p,0.05059003829956055
Posterior Segment Ocular Diseases,hsa-miR-135b-3p,0.05053187161684036
Scleral Diseases,hsa-miR-135b-3p,0.05030214041471481
Short Qt Syndrome,hsa-miR-135b-3p,0.050291724503040314
Chediak-Higashi Syndrome,hsa-miR-2355,0.049905359745025635
Human T-Cell Leukemia Virus Type 1 Infections,hsa-miR-1275,0.0495101660490036
Meniscus Degeneration,hsa-miR-1275,0.049448609352111816
Swine Diseases,hsa-miR-2355-5p,0.04902500659227371
Reperfusion Injury and Testicular Ischemia,hsa-miR-2355-5p,0.04898495227098465
Granulomatous Disease and Chronic,hsa-miR-1284,0.048729948699474335
Urinary Calculi,hsa-miR-1284,0.04872553050518036
Liposarcoma and Myxoid,hsa-miR-1284,0.048711858689785004
Autoimmune Diseases of the Nervous System,hsa-miR-1284,0.04868356138467789
Renal Artery Obstruction,hsa-miR-1284,0.04868176579475403
Periodontitis and Diabetic,hsa-miR-1284,0.0486806258559227
Fetal Hypoxia,hsa-miR-1284,0.048669442534446716
Myotonic Dystrophy,hsa-miR-1284,0.048666149377822876
Laryngeal Papillomas,hsa-miR-1284,0.048665016889572144
Sepsis and Intensive Care Unit-Acquired,hsa-miR-1284,0.04866345226764679
Chronic  Rhinosinusitis With Nasal Polyps,hsa-miR-1284,0.048648618161678314
Ischemic Attack and Transient,hsa-miR-1284,0.04863712191581726
autoimmune uveitis,hsa-miR-1284,0.04863613098859787
Absent corpus callosum cataract immunodeficiency,hsa-miR-1284,0.04862742871046066
Cardiomyopathy and Hypertrophic and Familial,hsa-miR-1284,0.0486200675368309
Inflammation and Chronic,hsa-miR-1284,0.04861325025558472
Asthma and Chronic,hsa-miR-1284,0.04859863221645355
Maxillary Sinus Neoplasms,hsa-miR-1284,0.04859054088592529
Reperfusion Injury and Testicular Ischemia,hsa-miR-1284,0.0485890731215477
Tricuspid Valve Insufficiency,hsa-miR-1284,0.04857533425092697
Chronic Kidney   Disease,hsa-miR-1284,0.048562243580818176
Posterior Segment Ocular Diseases,hsa-miR-1284,0.0485529750585556
Diminished  Ovarian Reserve,hsa-miR-1284,0.048530854284763336
Angioedemas and Hereditary,hsa-miR-1284,0.048512428998947144
Granuloma,hsa-miR-1284,0.04837651550769806
Lysosomal Storage Diseases,hsa-miR-1284,0.04836057126522064
Skeletal Muscle Dysplasia,hsa-miR-1284,0.04834309220314026
Chediak-Higashi Syndrome,hsa-miR-1284,0.048336729407310486
Reproductive Tract Infections,hsa-miR-1284,0.04832014441490173
Optic atrophy 1 and deafness,hsa-miR-1284,0.04828191548585892
Multiple Mitochondrial Dysfunctions Syndrome,hsa-miR-3614-5p,0.04813607037067413
Liposarcoma and Myxoid,hsa-miR-3614-5p,0.0481334924697876
Periodontitis and Diabetic,hsa-miR-3614-5p,0.04810202866792679
Laryngeal Papillomas,hsa-miR-3614-5p,0.04808676987886429
Urinary Calculi,hsa-miR-200a-3p,0.04807943105697632
Vitelliform Macular Dystrophy,hsa-miR-200a-3p,0.04805975407361984
Neonatal Encephalopathy,hsa-miR-3614-5p,0.0480540469288826
Reperfusion Injury and Testicular Ischemia,hsa-miR-3614-5p,0.04801046848297119
Pancreatitis and Acute Hemorrhagic,hsa-miR-3614-5p,0.04798717051744461
Myeloma Bone Disease,hsa-miR-200a-3p,0.04798559099435806
Posterior Segment Ocular Diseases,hsa-miR-3614-5p,0.047974370419979095
Venous Neointimal Hyperplasia,hsa-miR-200a-3p,0.047940731048583984
Dysentery and Bacillary,hsa-miR-3614-5p,0.04781010001897812
Tenon Fibroblasts,hsa-miR-3614-5p,0.04778005927801132
thyroid gland Hurthle cell carcinoma,hsa-miR-3614-5p,0.047760702669620514
Short Qt Syndrome,hsa-miR-3614-5p,0.047734349966049194
Adenocarcinoma Of Esophagus,hsa-miR-200a-3p,0.04772148281335831
Chediak-Higashi Syndrome,hsa-miR-200a-3p,0.047690801322460175
Amebiasis,hsa-miR-200a-3p,0.04765798896551132
Cerebral Hemorrhage,hsa-mir-802,0.047273941338062286
sporatic amyotrophic lateral sclerosis,hsa-mir-802,0.047266632318496704
Pain and Inflammatory,hsa-mir-802,0.047245316207408905
Brain Neoplasms,hsa-mir-802,0.04721539467573166
Finnish lethal neonatal metabolic syndrome,hsa-mir-802,0.04721049964427948
Cumulative Trauma Disorders,hsa-mir-802,0.047179341316223145
Brain Damage and Chronic,hsa-mir-802,0.04717683047056198
Bronchopulmonary Dysplasia,hsa-mir-802,0.04717162251472473
Shock and Hemorrhagic,hsa-mir-802,0.047155916690826416
Stomatitis and Aphthous,hsa-miR-423-3p,0.047130800783634186
Cachexia,hsa-mir-802,0.04712873697280884
Substance Abuse and Intravenous,hsa-mir-802,0.047126345336437225
Congenital central hypoventilation syndrome,hsa-mir-802,0.0471237450838089
Brain Injuries and Traumatic,hsa-mir-802,0.04711499065160751
Bronchial Hyperreactivity,hsa-mir-802,0.047089584171772
Alopecia,hsa-mir-802,0.047083668410778046
cone-rod dystrophy 6,hsa-mir-802,0.04706086218357086
Legg-Calve-Perthes Disease,hsa-mir-802,0.04699263721704483
Vitiligo,hsa-mir-802,0.046929121017456055
intracranial berry aneurysm 3,hsa-mir-802,0.04692038893699646
Lichen Sclerosus et Atrophicus,hsa-mir-802,0.046885184943675995
Bronchial Diseases,hsa-mir-802,0.04688086360692978
Sexual Dysfunctions and Psychological,hsa-mir-802,0.04686013609170914
Hypertension and Pregnancy-Induced,hsa-mir-802,0.046807050704956055
Alopecia Areata,hsa-mir-802,0.046786874532699585
Granulomatous Disease and Chronic,hsa-miR-1271-3p,0.04668927192687988
Urinary Calculi,hsa-miR-1271-3p,0.04668479412794113
Neoplasms and Mesothelial,hsa-miR-1271-3p,0.046683020889759064
Reperfusion Injury and Testicular Ischemia,hsa-miR-1271-3p,0.0465485081076622
Implantation Failure,mmu-miR-697,0.04653473198413849
Adrenocortical Adenoma,hsa-miR-203b-3p,0.04651186615228653
Lysosomal Storage Diseases,hsa-miR-1271-3p,0.046320006251335144
Chediak-Higashi Syndrome,hsa-miR-1271-3p,0.04629616439342499
Frailty,mmu-miR-697,0.04626183211803436
Systemic Inflammatory Response Syndrome,mmu-miR-697,0.046145983040332794
Orofacial Cleft,hsa-miR-30d-3p,0.04605930298566818
Adrenocortical Adenoma,hsa-miR-134-5p,0.04604794830083847
American Tegumentary Leishmaniasis,hsa-miR-30d-3p,0.04596318304538727
Neoplasms and Mesothelial,hsa-miR-30d-3p,0.04594196379184723
Liposarcoma and Myxoid,hsa-miR-30d-3p,0.04592982679605484
UV-Sensitive Syndrome,hsa-miR-30d-3p,0.04591717571020126
Ovarian Neoplasms and Serous,hsa-miR-30d-3p,0.04591454565525055
Autoimmune Diseases of the Nervous System,hsa-miR-30d-3p,0.04590141773223877
Nevi and Melanomas,hsa-miR-30d-3p,0.04590059071779251
Periodontitis and Diabetic,hsa-miR-30d-3p,0.04589848220348358
Urethritis,hsa-miR-30d-3p,0.0458727702498436
Myeloma Bone Disease,hsa-miR-30d-3p,0.04584960639476776
Prekallikrein Deficiency,hsa-miR-30d-3p,0.04584763944149017
Optic Nerve Glioma,hsa-miR-30d-3p,0.04584430903196335
Arene Oxide Detoxification Defect,hsa-miR-30d-3p,0.04583740234375
Angioedemas and Hereditary,hsa-miR-101-5p,0.045829057693481445
Mouth Diseases,hsa-miR-30d-3p,0.04582826793193817
Vaginosis and Bacterial,hsa-miR-30d-3p,0.04582337290048599
ovarian clear cell carcinoma,hsa-miR-30d-3p,0.04581679403781891
Phyllodes Tumor and Breast,hsa-miR-30d-3p,0.04581185430288315
Venous Neointimal Hyperplasia,hsa-miR-30d-3p,0.04580491781234741
Tricuspid Valve Insufficiency,hsa-miR-30d-3p,0.04579318314790726
Lattice corneal dystrophy type 1,hsa-miR-30d-3p,0.04579285532236099
Pancreatitis and Acute Hemorrhagic,hsa-miR-30d-3p,0.045783631503582
Chronic Kidney   Disease,hsa-miR-30d-3p,0.04578021913766861
Diminished  Ovarian Reserve,hsa-miR-30d-3p,0.04574882984161377
Multiple Mitochondrial Dysfunctions Syndrome,hsa-let-7a-3p,0.0457334890961647
Ischemic Stroke and Cerebral,hsa-miR-30d-3p,0.04572489112615585
Nevi and Melanomas,hsa-let-7a-3p,0.04570179432630539
Chronic  Rhinosinusitis With Nasal Polyps,hsa-miR-320,0.045695602893829346
Rhabdoid Tumor and Kidney,hsa-miR-320,0.045665182173252106
Hereditary Autoinflammatory Diseases,hsa-let-7a-3p,0.04565074294805527
Vasoplegia,hsa-miR-30d-3p,0.045650728046894073
Reperfusion Injury and Testicular Ischemia,hsa-miR-320,0.04563610255718231
Inflammation and Chronic,hsa-let-7a-3p,0.04563219100236893
Placenta Accreta,mmu-miR-697,0.04561195522546768
Juvenile gout,hsa-miR-30d-3p,0.04560980200767517
Dysentery and Bacillary,hsa-miR-30d-3p,0.04560632258653641
Neutropenia,hsa-let-7a-3p,0.045605435967445374
Tricuspid Valve Insufficiency,hsa-let-7a-3p,0.045594267547130585
Adenocarcinoma Of Esophagus,hsa-miR-30d-3p,0.04558562487363815
Skeletal Muscle Dysplasia,hsa-miR-30d-3p,0.04556094855070114
thyroid gland Hurthle cell carcinoma,hsa-miR-30d-3p,0.045557163655757904
Chediak-Higashi Syndrome,hsa-miR-30d-3p,0.04555482417345047
Meniscus Degeneration,hsa-miR-30d-3p,0.045550137758255005
Diminished  Ovarian Reserve,hsa-let-7a-3p,0.0455499142408371
Reproductive Tract Infections,hsa-miR-30d-3p,0.045538000762462616
Rhabdoviridae Infections,hsa-let-7a-3p,0.0455147847533226
Obstructive   Kidney Disease,hsa-miR-30d-3p,0.045508310198783875
Optic atrophy 1 and deafness,hsa-miR-30d-3p,0.04549965262413025
Spinal Cord Compression,hsa-let-7a-3p,0.04546221345663071
Osteolysis and Essential,mmu-miR-697,0.04542285203933716
Juvenile gout,hsa-let-7a-3p,0.0454108864068985
Cardiac Allograft Vasculopathy,mmu-miR-697,0.04533224552869797
Obstructive   Kidney Disease,hsa-let-7a-3p,0.0453093945980072
Intrahepatic Cholestasis of Pregnancy,mmu-miR-697,0.04520910978317261
Autolysis,mmu-miR-697,0.045195236802101135
Knee Injuries,mmu-miR-697,0.045128993690013885
Cranial Nerve Injuries,hsa-miR-329-3p,0.044901251792907715
Anemia and Diamond-Blackfan,hsa-miR-329-3p,0.044868990778923035
Chills,hsa-miR-329-3p,0.04485197365283966
Vitelliform Macular Dystrophy,hsa-miR-329-3p,0.04483548551797867
Multiple System Atrophy,mmu-miR-697,0.044829294085502625
Chronic  Rhinosinusitis With Nasal Polyps,hsa-miR-329-3p,0.044778309762477875
Lymphohistiocytosis and Hemophagocytic,hsa-miR-329-3p,0.04477804899215698
Submandibular Gland Diseases,hsa-miR-329-3p,0.04476705193519592
Cervical   Spondylomyelopathy,hsa-miR-329-3p,0.04475536197423935
Tibial Neuropathy,hsa-miR-329-3p,0.04475216567516327
Arene Oxide Detoxification Defect,hsa-miR-329-3p,0.04474911838769913
Asthma and Chronic,hsa-miR-329-3p,0.04472808539867401
Reperfusion Injury and Testicular Ischemia,hsa-miR-195-3p,0.04471705108880997
Neutropenia,hsa-miR-329-3p,0.04471582919359207
Brain   Ventricle Enlargement,hsa-miR-329-3p,0.04471062868833542
Extramedullary Multiple Myeloma,hsa-miR-329-3p,0.04468202590942383
Neuroaxonal Dystrophies,hsa-miR-329-3p,0.044661395251750946
Diminished  Ovarian Reserve,hsa-miR-329-3p,0.04466066509485245
Renal Artery Obstruction,hsa-miR-20,0.04464875906705856
Neonatal Sepsis,mmu-miR-697,0.044632285833358765
Encephalitis Virus and Japanese,hsa-miR-329-3p,0.044618695974349976
Spinal Cord Compression,hsa-miR-329-3p,0.0445728525519371
Reperfusion Injury and Testicular Ischemia,hsa-miR-20,0.04455595463514328
Juvenile gout,hsa-miR-329-3p,0.0445215180516243
Granuloma,hsa-miR-329-3p,0.04450608789920807
Meniscus Degeneration,hsa-miR-329-3p,0.04446185380220413
Scleral Diseases,hsa-miR-329-3p,0.04445269703865051
Short Qt Syndrome,hsa-miR-329-3p,0.04444240778684616
Polycystic Kidney Diseases,mmu-miR-697,0.044432394206523895
Mycoplasma pneumoniae pneumonia,hsa-miR-329-3p,0.044431403279304504
Lymphohistiocytosis and Hemophagocytic,hsa-miR-3619-3p,0.04443046450614929
Testicular Neoplasms,hsa-miR-329-3p,0.04441671073436737
Tibial Neuropathy,hsa-miR-1268a@,0.04440610855817795
D-bifunctional protein deficiency,hsa-miR-2392,0.04430953413248062
Fluoride Poisoning,hsa-miR-1322,0.04406990110874176
Granulomatous Disease and Chronic,hsa-miR-338-5p,0.04397757351398468
Neoplasms and Mesothelial,hsa-miR-338-5p,0.04397173225879669
Dilated Cardiomyopathy ,hsa-miR-1231,0.043902456760406494
Equine Infectious Anemia,hsa-miR-338-5p,0.043882615864276886
Neutropenia,hsa-miR-338-5p,0.04383412003517151
Tricuspid Valve Insufficiency,hsa-miR-338-5p,0.04382295161485672
Lattice corneal dystrophy type 1,hsa-miR-338-5p,0.043822623789310455
Splenic Neoplasms,hsa-miR-338-5p,0.04371931403875351
Human T-Cell Leukemia Virus Type 1 Infections,hsa-miR-338-5p,0.04364169389009476
Osteoarthritis ,hsa-miR-338-5p,0.04360131174325943
Obstructive   Kidney Disease,hsa-miR-338-5p,0.04353831708431244
Abnormalities and Drug-Induced,mmu-miR-697,0.043412819504737854
Iridocorneal Endothelial Syndrome,hsa-miR-2392,0.04326707124710083
Mycoplasma pneumoniae pneumonia,hsa-miR-30c-5p,0.04284109175205231
Phyllodes Tumor,mmu-miR-697,0.04282262921333313
Vitreoretinopathy and Proliferative,hsa-miR-4444,0.04263831675052643
common variable immunodeficiency 2,hsa-miR-4444,0.04263715445995331
Hemoglobin Bart'S Hydrops   Fetalis Syndrome,hsa-miR-4444,0.042633697390556335
Neurodevelopmental Disorders,hsa-miR-4444,0.042629942297935486
Infant Nutrition Disorders,hsa-miR-4444,0.04262632131576538
Hemorrhagic Fever and Ebola,hsa-miR-4444,0.042624540627002716
Virus Diseases,hsa-miR-4444,0.042624473571777344
Thyroiditis and Subacute,hsa-miR-4444,0.04262440651655197
Kidney Neoplasms,hsa-miR-4444,0.04262241721153259
Laron Syndrome,hsa-miR-4444,0.042619504034519196
Pediatric Cystic Fibrosis,hsa-miR-4444,0.042612411081790924
Hypocalciuric hypercalcemia and familial and type 1,hsa-miR-4444,0.04260997474193573
Leukoplakia and Oral,hsa-miR-4444,0.042607180774211884
Vertigo,hsa-miR-4444,0.04259981960058212
recessive dystrophic epidermolysis bullosa,hsa-miR-4444,0.042599231004714966
Borna Disease,hsa-miR-4444,0.04259657859802246
Moebius syndrome 1,hsa-miR-4444,0.04259438067674637
Bowen-Conradi syndrome,hsa-miR-4444,0.042594075202941895
Carcinoma and Adenoid Cystic,hsa-miR-4444,0.0425877571105957
Synucleinopathies,hsa-miR-4444,0.04258567839860916
Glycogen Storage Disease Type VI,hsa-miR-4444,0.04258350282907486
Multiple Sclerosis and Relapsing-Remitting,hsa-miR-4444,0.04258252680301666
Leukokeratosis and Hereditary Mucosal,hsa-miR-4444,0.04257938265800476
Vitamin D Deficiency,hsa-miR-4444,0.042576730251312256
Hematoma and Subdural and Chronic,hsa-miR-4444,0.042574696242809296
Thrombocythemia and Essential,hsa-miR-4444,0.042572781443595886
Hepatorenal Syndrome,hsa-miR-4444,0.042571619153022766
Bradycardia,hsa-miR-4444,0.04256947338581085
Keratoconus,hsa-miR-4444,0.04256942868232727
Leukemia and Large Granular Lymphocytic,hsa-miR-4444,0.04256933182477951
Selenium Deficiency,hsa-miR-4444,0.04256885498762131
Heart Septal Defects and Ventricular,hsa-miR-4444,0.042563602328300476
Adiposis Dolorosa,hsa-miR-4444,0.042563296854496
Mite Infestations,hsa-miR-4444,0.042563296854496
Facial Nerve Injuries,hsa-miR-4444,0.042562276124954224
Epilepsy and Rolandic,hsa-miR-4444,0.04256180673837662
Femur Head Necrosis,hsa-miR-4444,0.04255887120962143
Leiomyosarcoma,hsa-miR-4444,0.04255782812833786
Cardiomyopathy and Dilated and with Left Ventricular Noncompaction,hsa-miR-4444,0.04255729168653488
Low Tension Glaucoma,hsa-miR-4444,0.04255674034357071
torsion dystonia 1,hsa-miR-4444,0.04255669564008713
Corneal Injuries,hsa-miR-4444,0.0425558015704155
Neoplasms and Multiple Primary,hsa-miR-4444,0.04255468398332596
White Spot Syndrome Virus  Infection,hsa-miR-4444,0.042554259300231934
ACTH Syndrome and Ectopic,hsa-miR-4444,0.042549170553684235
Adenomatous Polyposis Coli,hsa-miR-4444,0.04254846274852753
rectum adenocarcinoma,hsa-miR-4444,0.042548276484012604
Niemann-Pick disease type C1,hsa-miR-4444,0.04254759103059769
Craniofacial Abnormalities,hsa-miR-4444,0.04254662245512009
Infant and Low Birth Weight,hsa-miR-4444,0.04254259914159775
Encephalomyelitis and Eastern Equine,hsa-miR-4444,0.042541198432445526
Bloom Syndrome,hsa-miR-4444,0.0425407737493515
Skin Pigmentation,hsa-miR-4444,0.04254058748483658
Influenza in Birds,hsa-miR-4444,0.04253954440355301
Endometrial Fibrosis,hsa-miR-4444,0.04253660887479782
Genital Diseases and Male,hsa-miR-4444,0.042536042630672455
Genital Diseases and Female,hsa-miR-4444,0.04253537952899933
Mast Cell Tumors,hsa-miR-4444,0.04253528267145157
Distal myopathy and Nonaka type,hsa-miR-4444,0.042533986270427704
Drug Hypersensitivity,hsa-miR-4444,0.04253334552049637
Encephalomyelitis and Enzootic Porcine,hsa-miR-4444,0.04253324866294861
Leukemia and Megakaryoblastic and Acute,hsa-miR-4444,0.042532049119472504
Staphylococcal Infections,hsa-miR-4444,0.042531996965408325
Deltaretrovirus Infections,hsa-miR-4444,0.04253154993057251
Myocarditis,hsa-miR-4444,0.042531102895736694
Sepsis Induced Liver Injury,hsa-miR-4444,0.04253081977367401
Post-Cardiac Arrest Syndrome,hsa-miR-4444,0.042530693113803864
Heart Failure and Ischemic,hsa-miR-4444,0.042529135942459106
Multiple Sclerosis and Chronic Progressive,hsa-miR-4444,0.042528778314590454
Hyperkalemia,hsa-miR-4444,0.04252854734659195
Lymphoma and Mantle-Cell,hsa-miR-4444,0.042527809739112854
Elliptocytosis 2,hsa-miR-4444,0.042526744306087494
HBV-related cirrhosis,hsa-miR-4444,0.04252627491950989
Neural Tube Defects,hsa-miR-4444,0.04252345860004425
Thalassemia,hsa-miR-4444,0.04252315312623978
Lupus Nephritis,hsa-miR-4444,0.04252249002456665
Starvation,hsa-miR-4444,0.04252012073993683
Endometrial Hyperplasia,hsa-miR-4444,0.04252012073993683
Arrhythmias and Cardiac,hsa-miR-4444,0.04251953214406967
Neonatal hemochromatosis,hsa-miR-4444,0.04251541197299957
Pruritus,hsa-miR-4444,0.042513951659202576
Brain Damage and Chronic,hsa-miR-4444,0.04251328855752945
Biotinidase Deficiency,hsa-miR-4444,0.04251309484243393
Cholera,hsa-miR-4444,0.042512550950050354
Sarcoidosis,hsa-miR-4444,0.04251250624656677
Urinary Bladder Diseases,hsa-miR-4444,0.042511820793151855
Papillon-Lefevre Disease,hsa-miR-4444,0.04251156002283096
Pancreatitis,hsa-miR-4444,0.0425100177526474
Subarachnoid Hemorrhage,hsa-miR-4444,0.04250853508710861
Bronchopulmonary Dysplasia,hsa-miR-4444,0.04250824451446533
Malformations of Cortical Development and Group II,hsa-miR-4444,0.042507611215114594
skin melanoma,hsa-miR-4444,0.042504891753196716
Zoonoses,hsa-miR-4444,0.042502544820308685
Colorectal Neoplasms and Hereditary Nonpolyposis,hsa-miR-4444,0.04250136762857437
Parasitic Diseases,hsa-miR-4444,0.04250077158212662
Poorly Differentiated Thyroid Gland Carcinoma,hsa-miR-4444,0.042500488460063934
Lumbosacral Spinal Root Avulsion,hsa-miR-4444,0.04249987006187439
Spondylocheirodysplasia and Ehlers-Danlos Syndrome-Like,hsa-miR-4444,0.04249949008226395
Gastritis and Hypertrophic,hsa-miR-4444,0.04249873757362366
Bone Neoplasms,hsa-miR-4444,0.042497582733631134
Pleural Effusion and Malignant,hsa-miR-4444,0.0424971729516983
Asthma ,mmu-miR-697,0.04249706119298935
Sleep Apnea Syndromes,hsa-miR-4444,0.0424962043762207
Uremia,hsa-miR-4444,0.042495593428611755
Oral Submucous Fibrosis,hsa-miR-4444,0.04249531030654907
MPTP Poisoning,hsa-miR-4444,0.04249414801597595
Palatal Neoplasms,hsa-miR-4444,0.042493149638175964
Glossitis and Benign Migratory,hsa-miR-4444,0.042490601539611816
Ataxia with vitamin E deficiency,hsa-miR-4444,0.04248958081007004
Cerebral Cortical Thinning,hsa-miR-4444,0.04248955845832825
salivary gland mucoepidermoid carcinoma,hsa-miR-4444,0.04248747229576111
Vasospasm and Intracranial and Postoperative,hsa-miR-4444,0.042486317455768585
Neoplasm and Residual,hsa-miR-4444,0.04248454421758652
Hemochromatosis,hsa-miR-4444,0.042483240365982056
Acute Lymphocytic Leukemia and B-Cell,hsa-miR-4444,0.0424826517701149
Hepatitis C and Chronic,hsa-miR-4444,0.0424814447760582
Sick Sinus Syndrome,hsa-miR-4444,0.04248090088367462
Oral Ulcer,hsa-miR-4444,0.04247983545064926
Encephalomyelitis and Autoimmune and Experimental,hsa-miR-4444,0.042479194700717926
Folliculotropic Mycosis Fungoides,hsa-miR-4444,0.04247865080833435
Reperfusion Injury and Pulmonary Ischemia,hsa-miR-4444,0.04247844219207764
Rolandic Epilepsy and Mental Retardation and and Speech Dyspraxia and X-Linked,hsa-miR-4444,0.04247844219207764
Anemia,hsa-miR-4444,0.04247649759054184
Colitis and Ulcerative,hsa-miR-4444,0.04247590899467468
Giant Cell Arteritis,hsa-miR-4444,0.04247581213712692
Fibrosis and Skin,hsa-miR-4444,0.04247564822435379
Megalencephalic leukoencephalopathy with subcortical cysts,hsa-miR-4444,0.04247254878282547
Retinal Detachment,hsa-miR-4444,0.04247221350669861
Nephrosis and Lipoid,hsa-miR-4444,0.04247184097766876
Polymyositis,hsa-miR-4444,0.0424705371260643
Respiratory Syncytial Virus Infections,hsa-miR-4444,0.042468056082725525
Carcinoma and Small Cell,hsa-miR-4444,0.042467959225177765
Hypoplastic Left Heart Syndrome,hsa-miR-4444,0.04246743768453598
Neuropathic Lysosomal Storage Diseases,hsa-miR-4444,0.04246727377176285
Autistic Disorder,hsa-miR-4444,0.04246682673692703
Infections,hsa-miR-4444,0.04246682673692703
Obsessive-Compulsive Disorder,hsa-miR-4444,0.042465999722480774
Retinal Dystrophies,hsa-miR-4444,0.04246588051319122
Cachexia,hsa-miR-4444,0.042464956641197205
Digitorenocerebral Syndrome,hsa-miR-4444,0.04246317595243454
Canine Mammary Carcinoma,hsa-miR-4444,0.042462967336177826
Rosacea,hsa-miR-4444,0.04246169328689575
Pterygium,hsa-miR-4444,0.04246121644973755
Cirrhotic Cardiomyopathy,hsa-miR-4444,0.04246117174625397
Mastitis,hsa-miR-4444,0.04246086627244949
Enzootic Bovine Leukosis,hsa-miR-4444,0.0424581915140152
Leukemia and Prolymphocytic and T-Cell,hsa-miR-4444,0.0424572229385376
Chromate Resistance,hsa-miR-4444,0.042453594505786896
Tembusu virus,hsa-miR-4444,0.04245234280824661
Frontonasal dysplasia,hsa-miR-4444,0.04245170205831528
Gastric   Cancer,hsa-miR-4444,0.04245021939277649
Ehlers-Danlos Syndrome,hsa-miR-4444,0.042449720203876495
Hypopharyngeal Neoplasms,hsa-miR-4444,0.04244829714298248
Lissencephaly,hsa-miR-4444,0.04244813323020935
Acute Lung Injury,hsa-miR-4444,0.04244808852672577
Pulmonary Edema,hsa-miR-4444,0.04244718700647354
Barrett Esophagus,hsa-miR-4444,0.04244635999202728
Heart Defects and Congenital,hsa-miR-4444,0.04244574159383774
hyper IgE recurrent infection syndrome 2,hsa-miR-4444,0.042442433536052704
Respiration Disorders and Infant,hsa-miR-4444,0.04244241118431091
Marfan Syndrome,hsa-miR-4444,0.04243794083595276
Nasopharyngeal Neoplasms,hsa-miR-4444,0.04243180900812149
Endophthalmitis,hsa-miR-4444,0.04243160039186478
Multiple Pulmonary Nodules,hsa-miR-4444,0.04242878407239914
Coronary Artery  Disease,hsa-miR-4444,0.04242736101150513
Peritoneal Hyalinizing Vasculopathy,hsa-miR-4444,0.04242710769176483
Bronchial Hyperreactivity,hsa-miR-4444,0.042426325380802155
Cicatrix,hsa-miR-4444,0.042425401508808136
Papilloma and Choroid Plexus,hsa-miR-4444,0.04242509603500366
Atrial Myosins,hsa-miR-4444,0.042424172163009644
Encephalomyelitis and Western Equine,hsa-miR-4444,0.042424172163009644
Parathyroid Neoplasms,hsa-miR-4444,0.042424142360687256
Cardiac Complexes and Premature,hsa-miR-4444,0.04242105036973953
Respirovirus Infections,hsa-miR-4444,0.042420290410518646
Alopecia,hsa-miR-4444,0.042420126497745514
Tuberculosis and Meningeal,hsa-miR-4444,0.04241735488176346
Ankle Fractures,hsa-miR-4444,0.042416952550411224
Tetralogy of Fallot,hsa-miR-4444,0.0424162894487381
Urothelial   Carcinoma,hsa-miR-4444,0.04241534322500229
Tibial Fractures,hsa-miR-4444,0.04241350293159485
Ectrodactyly-cleft lip-palate syndrome,hsa-miR-4444,0.04240886867046356
Bk Virus Infections,hsa-miR-4444,0.042407117784023285
Helicobacter pylori,hsa-miR-4444,0.042405933141708374
Hypoglycemia and leucine-induced,hsa-miR-4444,0.04240531474351883
Neointimal   Hyperplasia,hsa-miR-4444,0.04240347445011139
Parkinson Disease and Familial and Type 1,hsa-miR-4444,0.04239556938409805
Cervical Cancer and Hpv Infected,hsa-miR-4444,0.04239556938409805
Pulmonary Eosinophilia,hsa-miR-4444,0.04239343851804733
Meier-Gorlin syndrome,hsa-miR-4444,0.04239325225353241
Hypertrophy and Right Ventricular,hsa-miR-4444,0.042392797768116
Urinary Retention,hsa-miR-4444,0.042392536997795105
Intracranial  Aneurysm,hsa-miR-4444,0.04239039123058319
Osteonecrosis,hsa-miR-4444,0.04239017516374588
Reflex Sympathetic Dystrophy,hsa-miR-4444,0.04238416999578476
Anterior Cruciate Ligament Injuries,hsa-miR-4444,0.04238348454236984
Fissure in Ano,hsa-miR-4444,0.0423833429813385
Chorioamnionitis,hsa-miR-4444,0.04238253831863403
Spinal Cord Diseases,hsa-miR-4444,0.042380191385746
Neoplasms and Germ Cell and Embryonal,hsa-miR-4444,0.04237998276948929
Azoospermia and Nonobstructive,hsa-miR-4444,0.04237803816795349
Psychotic Disorders,hsa-miR-4444,0.04237773269414902
Cartilage Degradation,hsa-miR-4444,0.042377375066280365
Hereditary Autoinflammatory Diseases,hsa-miR-1237-5p,0.04237658530473709
 Lymph  Node Metastasis,hsa-miR-380*,0.04237319529056549
Dermatitis and Allergic Contact,hsa-miR-4444,0.04236966371536255
Hallux Valgus,hsa-miR-4444,0.042369335889816284
Cholelithiasis,hsa-miR-4444,0.04236573725938797
Infarct-Related Artery Total Occlusion,hsa-miR-4444,0.042351946234703064
Conjunctivitis and Allergic,hsa-miR-4444,0.04234842211008072
"Muscular Atrophy, Spinal",hsa-miR-4444,0.042339809238910675
Meningitis and Fungal,hsa-miR-4444,0.04233839362859726
Osteoporosis-pseudoglioma syndrome,hsa-miR-4444,0.04233817756175995
Cholesteatoma,hsa-miR-4444,0.042331621050834656
Stress Disorders and Traumatic,hsa-miR-4444,0.042305268347263336
Microphthalmos,hsa-miR-4444,0.04230041801929474
Duodenal Ulcer,hsa-miR-4444,0.042283669114112854
Mobility Limitation,hsa-miR-4444,0.042282864451408386
Trichohepatoenteric Syndrome,hsa-miR-4444,0.04226928949356079
Neoplasm Metastasis,hsa-miR-4444,0.04226472228765488
Hyperandrogenism,hsa-miR-4444,0.04226411134004593
adhesions of uterus,hsa-miR-4444,0.04225923866033554
Allograft Rejection and Antibody-Mediated,hsa-miR-4444,0.04225398600101471
Diabetes Of The Exocrine Pancreas ,hsa-miR-4444,0.042251452803611755
Rabies,hsa-miR-4444,0.04224184900522232
Rectal Prolapse,hsa-miR-4444,0.04223943501710892
Uterine Diseases,hsa-miR-4444,0.04223579168319702
Urinary Calculi,hsa-miR-1225-3p,0.042235761880874634
hyperekplexia 1,hsa-miR-4444,0.04223562031984329
frontotemporal dementia,hsa-miR-4444,0.04223550856113434
Platelet Storage Pool Deficiency,hsa-miR-4444,0.042235150933265686
colon carcinoma,hsa-miR-4444,0.04223477095365524
Tourette Syndrome,hsa-miR-4444,0.04223243147134781
Syphilis and secondary,hsa-miR-4444,0.0422295480966568
Hair Diseases,hsa-miR-4444,0.04222940653562546
Lymphoma and B-Cell and Diffuse,hsa-miR-4444,0.04222928732633591
Intestinal Atresia,hsa-miR-4444,0.042224012315273285
Hemangioma and Cavernous,hsa-miR-4444,0.042223721742630005
Gastrointestinal Diseases,hsa-miR-4444,0.0422203466296196
Pyloric Hypomotility,hsa-miR-4444,0.04222027212381363
Intestinal Fistula,hsa-miR-4444,0.042218826711177826
Large Artery  Atherosclerosis,hsa-miR-4444,0.04221845418214798
Bronchial Diseases,hsa-miR-4444,0.04221731424331665
Arteriosclerosis,hsa-miR-4444,0.0422150194644928
Myeloproliferative Disorder and Chronic and with Eosinophilia,hsa-miR-4444,0.042214877903461456
ABCD syndrome,hsa-miR-4444,0.04221393167972565
Poikiloderma with Neutropenia,hsa-miR-4444,0.04220513254404068
Hip Dislocation and Congenital,hsa-miR-4444,0.04220108687877655
obstructive nephropathy,hsa-miR-4444,0.04219725728034973
Sexual Dysfunctions and Psychological,hsa-miR-4444,0.042196594178676605
Pulmonary Veno-Occlusive Disease,hsa-miR-4444,0.042195312678813934
Autoimmune Diseases of the Nervous System,hsa-miR-1225-3p,0.04219368100166321
Periodontitis and Diabetic,hsa-miR-1225-3p,0.04219062626361847
Heroin Dependence,hsa-miR-4444,0.042190276086330414
differentiated thyroid gland carcinoma,hsa-miR-4444,0.042189404368400574
Intracranial Aneurysm,hsa-miR-4444,0.042189255356788635
Rotavirus Infections,hsa-miR-4444,0.042187176644802094
Digestive System Diseases,hsa-miR-4444,0.042184337973594666
Smooth Muscle Tumor,hsa-miR-4444,0.042184241116046906
Hypogonadism,hsa-miR-4444,0.04217842221260071
Prolactinoma,hsa-miR-4444,0.04217679053544998
Protein-Losing Enteropathies,hsa-miR-4444,0.04217670112848282
Combined Saposin Deficiency,hsa-miR-4444,0.042176008224487305
Intracranial Arteriosclerosis,hsa-miR-4444,0.0421673059463501
Paget Disease and Extramammary,hsa-miR-4444,0.04216543585062027
Quadruple Negative Breast Cancer,hsa-miR-4444,0.04216243326663971
Osteosarcoma and Juxtacortical,hsa-miR-4444,0.042158693075180054
Varicose Veins,hsa-miR-4444,0.04215770214796066
Coronavirus Infections,hsa-miR-4444,0.0421563982963562
Rectal Injury,hsa-miR-4444,0.042152516543865204
Xerostomia,hsa-miR-4444,0.0421513095498085
Neoplastic Cells and Circulating,hsa-miR-4444,0.04215086251497269
Blood Platelet Disorders,hsa-miR-4444,0.042145729064941406
Hypertension and Pregnancy-Induced,hsa-miR-4444,0.04214350879192352
Postural Orthostatic Tachycardia Syndrome,hsa-miR-4444,0.04214118421077728
Condylomata Acuminata,hsa-miR-4444,0.04213465750217438
Amelogenesis Imperfecta,hsa-miR-4444,0.04213309288024902
Myotonic Disorders,hsa-miR-4444,0.04211965948343277
Reperfusion Injury and Testicular Ischemia,hsa-miR-1225-3p,0.0420992374420166
Lattice corneal dystrophy type 1,hsa-miR-1225-3p,0.04208517074584961
Posterior Segment Ocular Diseases,hsa-miR-1225-3p,0.042063139379024506
Splenic Neoplasms,hsa-miR-1225-3p,0.04198197275400162
Sepsis and Intensive Care Unit-Acquired,hsa-miR-130a-3p,0.04197116941213608
Equine Infectious Anemia,hsa-miR-130a-3p,0.041942305862903595
Inflammation and Chronic,hsa-miR-130a-3p,0.0419207364320755
Juvenile gout,hsa-miR-1225-3p,0.04190194606781006
Reperfusion Injury and Testicular Ischemia,hsa-miR-130a-3p,0.041896551847457886
Polyposis Syndrome and Hereditary Mixed and 1,hsa-miR-1225-3p,0.04186110943555832
Meniscus Degeneration,hsa-miR-1225-3p,0.04184240102767944
Angioedemas and Hereditary,hsa-miR-130a-3p,0.04182009398937225
Renal Artery Obstruction,hsa-miR-020,0.041773490607738495
Myeloma Bone Disease,hsa-miR-020,0.04172336310148239
Inflammation and Chronic,hsa-miR-020,0.04170486330986023
Ossification and Heterotopic,mmu-miR-697,0.04170212149620056
Vaginosis and Bacterial,hsa-miR-020,0.041697122156620026
Acute Disease,mmu-miR-697,0.04168517887592316
Aortopathies,mmu-miR-697,0.041672781109809875
Deglutition Disorders,hsa-miR-130a-3p,0.04167170077562332
Fluoride Poisoning,hsa-miR-3687,0.041661664843559265
Myeloma Bone Disease,hsa-miR-26b-3p,0.04144309461116791
Polyposis Syndrome and Hereditary Mixed and 1,hsa-miR-020,0.04144231230020523
Gliosis,hsa-miR-22,0.04139108955860138
Encephalitis and Tick-Borne,hsa-miR--196a-2,0.041311733424663544
Posterior Segment Ocular Diseases,hsa-miR-1229-3p,0.041306011378765106
American Tegumentary Leishmaniasis,hsa-miR--196a-2,0.04127071052789688
Urinary Calculi,hsa-miR--196a-2,0.04125090688467026
Neoplasms and Mesothelial,hsa-miR--196a-2,0.04124937206506729
Multiple Endocrine Neoplasia Type 1,hsa-miR-22,0.04124056547880173
Vitelliform Macular Dystrophy,hsa-miR--196a-2,0.04123105853796005
Nevi and Melanomas,hsa-miR--196a-2,0.04120799899101257
Chronic  Rhinosinusitis With Nasal Polyps,hsa-miR--196a-2,0.04117388278245926
Reperfusion Injury and Testicular Ischemia,hsa-miR-125b-2-3p,0.041170522570610046
Gluteal Muscle   Contracture,hsa-miR--196a-2,0.04114899784326553
Rhabdoid Tumor and Kidney,hsa-miR--196a-2,0.04114357382059097
Lattice corneal dystrophy type 1,hsa-miR--196a-2,0.041100144386291504
Hypoglycemia,hsa-miR-376b-3p,0.04106806963682175
Diminished  Ovarian Reserve,hsa-miR--196a-2,0.04105635732412338
Tenon Fibroblasts,hsa-miR--196a-2,0.04088392108678818
thyroid gland Hurthle cell carcinoma,hsa-miR--196a-2,0.04086468368768692
Scleral Diseases,hsa-miR--196a-2,0.04084838926792145
Amebiasis,hsa-miR--196a-2,0.04082946479320526
Friedreich Ataxia,mmu-miR-697,0.04081285744905472
Dilated Cardiomyopathy ,hsa-miR-2392,0.04081243276596069
Intra-Articular Fractures,hsa-miR-376b-3p,0.04038529843091965
UV-Sensitive Syndrome,hsa-miR-3117-5p,0.04034074395895004
Multiple Mitochondrial Dysfunctions Syndrome,hsa-miR-138-1*,0.04030897468328476
Absent corpus callosum cataract immunodeficiency,hsa-miR-3117-5p,0.040268972516059875
Obstructive   Kidney Disease,hsa-miR-202*,0.040258146822452545
Venous Neointimal Hyperplasia,hsa-miR-3117-5p,0.04022861272096634
Dyspepsia,hsa-miR-3117-5p,0.04020625352859497
Reperfusion Injury and Testicular Ischemia,hsa-miR-138-1*,0.040183618664741516
Gliosis,hsa-miR-3117-5p,0.04017798602581024
Non-ST Elevated Myocardial Infarction,mmu-miR-697,0.04017738252878189
Angioedemas and Hereditary,hsa-miR-3193,0.04017176479101181
Deficiency Diseases,mmu-miR-697,0.040133558213710785
AIDS-Related Complex,mmu-miR-697,0.04004389047622681
Cestode Infections,hsa-miR-3117-5p,0.0399450808763504
thyroid gland Hurthle cell carcinoma,hsa-miR-138-1*,0.03993384540081024
Scleral Diseases,hsa-miR-138-1*,0.03991743177175522
Ovarian Failure and Premature ,mmu-miR-697,0.03988973796367645
Testicular Neoplasms,hsa-miR-138-1*,0.039881445467472076
Fatty Liver and Alcoholic,mmu-miR-697,0.0397520586848259
Lymphoma and Large-Cell and Anaplastic,hsa-miR-376b-3p,0.039721906185150146
Iridocorneal Endothelial Syndrome,hcmv-miR-US25-1,0.03962717950344086
Iridocorneal Endothelial Syndrome,hsa-miR-376b-3p,0.03960995376110077
Gliosis,hsa-miR-1255b,0.039589203894138336
Spinal Cord Compression,hsa-miR-1255b,0.03949620574712753
Human T-Cell Leukemia Virus Type 1 Infections,hsa-miR-1255b,0.039446838200092316
Antisynthetase syndrome,hsa-miR-1255b,0.039401598274707794
Urinary Calculi,hsa-miR-3125,0.03936249762773514
Autoimmune Diseases of the Nervous System,hsa-miR-3125,0.039320290088653564
Acute Uterine Injury,mmu-miR-697,0.0391300693154335
Juvenile gout,hsa-miR-3125,0.039028674364089966
thyroid gland Hurthle cell carcinoma,hsa-miR-3125,0.03897619992494583
Human T-Cell Leukemia Virus Type 1 Infections,hsa-miR-17-3p,0.03886863589286804
hypomelanosis of Ito,mmu-miR-697,0.0387883335351944
glioblastoma,hsa-miR-2392,0.03877843916416168
Urinary Calculi,hsa-miR-320c,0.03865879029035568
Gonadotoxicity,mmu-miR-697,0.038643427193164825
Familial encephalopathy with neuroserpin inclusion bodies,mmu-miR-697,0.038594476878643036
Femoral Fractures,mmu-miR-697,0.03858112543821335
Gout,mmu-miR-697,0.03844662010669708
Constriction and Pathologic,mmu-miR-697,0.038443416357040405
Hypocapnia,hsa-miR-432-3p,0.03843190521001816
Asthenozoospermia,mmu-miR-697,0.038389623165130615
Leukemia and Myeloid and Acute and T-Cell,mmu-miR-697,0.03838586062192917
Repolarization Abnormality,mmu-miR-697,0.03837486356496811
Intellectual Disability,mmu-miR-697,0.03837154805660248
Chondrocyte Hypertrophy,mmu-miR-697,0.038363248109817505
Emergence Delirium,mmu-miR-697,0.03834199160337448
Reperfusion Injury and Cerebral Ischemia,mmu-miR-697,0.03833980858325958
Alcohol Withdrawal Syndrome,mmu-miR-697,0.038339778780937195
Rh-Negative Hemolytic Disease and Fetus,mmu-miR-697,0.038323380053043365
Fibromyalgia,mmu-miR-697,0.03832124173641205
Diabetes Complications,mmu-miR-697,0.03831039369106293
Rhabdomyosarcoma,mmu-miR-697,0.03830648958683014
Chlamydia Infections,mmu-miR-697,0.03820185363292694
Hereditary Autoinflammatory Diseases,hsa-miR-23a-5p,0.037792548537254333
Reperfusion Injury and Steatotic Liver Ischemia,hsa-miR-376b-3p,0.03756202012300491
Urinary Calculi,hsa-let-7a*,0.03750994801521301
Choroid Diseases,hsa-let-7a*,0.03750082105398178
Liposarcoma and Myxoid,hsa-let-7a*,0.03749639540910721
Spinal Cord Compression,hsa-let-7a*,0.037227630615234375
Dilated Cardiomyopathy ,hsa-miR-376b-3p,0.03715519607067108
Meniscus Degeneration,hsa-let-7a*,0.03711658716201782
Pneumothorax,hsa-miR-2392,0.0371161550283432
Amebiasis,hsa-let-7a*,0.037088386714458466
Aniridia,hsa-let-7a*,0.037040457129478455
Ephemeral Fever,hsa-miR-1b-1,0.03702670335769653
Urinary Calculi,hsa-miR-146b-5p,0.03693988919258118
Periodontitis and Diabetic,hsa-miR-146b-5p,0.036894746124744415
Sepsis and Intensive Care Unit-Acquired,hsa-miR-146b-5p,0.03687769174575806
Gluteal Muscle   Contracture,hsa-miR-146b-5p,0.036838091909885406
Niemann-Pick Diseases,hsa-miR-2392,0.03680995851755142
Reperfusion Injury and Testicular Ischemia,hsa-miR-146b-5p,0.036803312599658966
Airway Obstruction,hsa-miR-2392,0.036769285798072815
Polyposis Syndrome and Hereditary Mixed and 1,hsa-miR-146b-5p,0.03656506538391113
Light Fixation Seizure Syndrome,hsa-miR-376b-3p,0.0365624874830246
Skeletal Muscle Dysplasia,hsa-miR-146b-5p,0.036557212471961975
Nevi and Melanomas,hsa-miR-4271,0.03645549714565277
Osteoblastoma,hsa-miR-4271,0.03642147779464722
Wound Infection,hsa-miR-4271,0.03638381510972977
Reperfusion Injury and Testicular Ischemia,hsa-miR-4271,0.03636183589696884
Ape Diseases,hsa-mir-8082,0.0361192524433136
Vitreoretinopathy and Proliferative,hsa-miR-4443,0.036057837307453156
Hemoglobin Bart'S Hydrops   Fetalis Syndrome,hsa-miR-4443,0.036053575575351715
Infant Nutrition Disorders,hsa-miR-4443,0.03604584187269211
Stiff-Person Syndrome,hsa-miR-4443,0.03604091703891754
Laron Syndrome,hsa-miR-4443,0.036039143800735474
Interstitial Fibrosis and Renal,hsa-miR-4443,0.03603881597518921
Hearing Loss and Unilateral,hsa-miR-4443,0.03603485971689224
Thyroid Diseases,hsa-miR-4443,0.03602772206068039
Peptic Ulcer,hsa-miR-4443,0.03602748364210129
Carotid Stenosis,hsa-miR-4443,0.036025963723659515
Human Herpesvirus 6 encephalitis,hsa-miR-4443,0.036025919020175934
Werner Syndrome,hsa-miR-4443,0.03602438420057297
Vertigo,hsa-miR-4443,0.0360194593667984
recessive dystrophic epidermolysis bullosa,hsa-miR-4443,0.03601875156164169
Chagas Cardiomyopathy,hsa-miR-4443,0.036017902195453644
Motor Neuron Disease,hsa-miR-376b-3p,0.03601597249507904
Enterocolitis and Pseudomembranous,hsa-miR-4443,0.03601522743701935
Cytokine Release Syndrome,hsa-miR-4443,0.036012835800647736
Jaundice and Acute,hsa-miR-4443,0.03600926697254181
Distal arthrogryposis type 2B,hsa-miR-4443,0.03600919246673584
Tuberous Sclerosis 1,hsa-miR-4443,0.03600761294364929
Synucleinopathies,hsa-miR-4443,0.036005549132823944
Demyelinating Diseases,hsa-miR-4443,0.03600526601076126
primary biliary cholangitis 1,hsa-miR-4443,0.03600115329027176
Lumbar Disc   Herniation,hsa-miR-4443,0.03599882870912552
Dehydration,hsa-miR-4443,0.03598998486995697
Paraganglioma,hsa-miR-4443,0.035989440977573395
Bradycardia,hsa-miR-4443,0.03598910570144653
Arm Lymphedema,hsa-miR-4443,0.035988494753837585
Postoperative Complications,hsa-miR-4443,0.03598792850971222
Congenital contractural arachnodactyly,hsa-miR-4443,0.03598704934120178
Mite Infestations,hsa-miR-4443,0.03598281741142273
Staphylococcal Scalded Skin Syndrome,hsa-miR-4443,0.035982415080070496
Myeloproliferative Disorders,hsa-miR-4443,0.035981684923172
Brain Neoplasms,hsa-miR-4443,0.03597164899110794
Short Stature and Idiopathic and Autosomal,hsa-miR-4443,0.03596978634595871
ovary adenocarcinoma,hsa-miR-4443,0.03596959263086319
Adenomatous Polyposis Coli,hsa-miR-4443,0.035968102514743805
Bovine Virus Diarrhea-Mucosal Disease,hsa-miR-4443,0.035964787006378174
Welander distal myopathy and Swedish type,hsa-miR-4443,0.03596145659685135
Arthritis and Juvenile,hsa-miR-4443,0.0359605997800827
Skin Pigmentation,hsa-miR-4443,0.03596034646034241
X-linked juvenile retinoschisis 1,hsa-miR-4443,0.035959914326667786
Dental Caries,hsa-miR-4443,0.035958096385002136
Endocrine Gland Neoplasms,hsa-miR-4443,0.03595736622810364
Skin Neoplasms and Non-Melanoma,hsa-miR-4443,0.03595492243766785
Leigh Disease,hsa-miR-4443,0.03595416992902756
Neuroectodermal Tumors and Primitive,hsa-miR-4443,0.035954102873802185
Distal myopathy and Nonaka type,hsa-miR-4443,0.03595362603664398
brachydactyly type D,hsa-miR-4443,0.03595300763845444
Intrauterine Adhesion,hsa-miR-4443,0.03595227748155594
Myocarditis,hsa-miR-4443,0.035950854420661926
Liver Cirrhosis and Alcoholic,hsa-miR-4443,0.035948917269706726
Infant and Newborn and Diseases,hsa-miR-4443,0.035948559641838074
Multiple Sclerosis and Chronic Progressive,hsa-miR-4443,0.03594853729009628
Lymphoma and Mantle-Cell,hsa-miR-4443,0.03594744950532913
Prader-Willi Syndrome,hsa-miR-4443,0.03594314306974411
Autoimmune polyendocrinopathy syndrome and type 1,hsa-miR-4443,0.03594300150871277
Arrhythmias and Cardiac,hsa-miR-4443,0.035939402878284454
Airway Inflammation,hsa-miR-4443,0.035938628017902374
Fibroadenoma,hsa-miR-4443,0.03593607246875763
Hemoglobinopathies,hsa-miR-4443,0.035935528576374054
Pruritus,hsa-miR-4443,0.035933829843997955
Brain Damage and Chronic,hsa-miR-4443,0.03593292087316513
Cholera,hsa-miR-4443,0.035932548344135284
Rupture,hsa-miR-4443,0.03593221306800842
Malaria and Cerebral,hsa-miR-4443,0.03592970222234726
Exudative Vitreoretinopathy 4,hsa-miR-4443,0.03592826426029205
Viral Respiratory Infections,hsa-miR-4443,0.03592488169670105
skin melanoma,hsa-miR-4443,0.0359245240688324
Kidney Calculi,hsa-miR-4443,0.03592374175786972
Mitochondrial Diseases,hsa-miR-4443,0.0359228253364563
Necrosis,hsa-miR-4443,0.03592166304588318
Angelman Syndrome,hsa-miR-4443,0.03591977059841156
Bone Neoplasms,hsa-miR-4443,0.035917095839977264
Fibrosarcoma,hsa-miR-4443,0.035916462540626526
Sleep Apnea Syndromes,hsa-miR-4443,0.03591584414243698
Choroidal Melanoma,hsa-miR-4443,0.035915203392505646
Chronic Gastritis,hsa-miR-4443,0.03591250628232956
Choroidal Neovascularization,hsa-miR-4443,0.035911545157432556
arteriosclerotic cardiovascular disease,hsa-miR-4443,0.035911157727241516
Leukemia and Biphenotypic and Acute,hsa-miR-4443,0.03591104596853256
ST Elevation Myocardial Infarction,hsa-miR-4443,0.03590964525938034
Ataxia with vitamin E deficiency,hsa-miR-4443,0.03590933978557587
Allergic Inflammation,hsa-miR-4443,0.03590887039899826
Exocrine Pancreatic Insufficiency,hsa-miR-4443,0.03590775281190872
Multiple Organ Failure,hsa-miR-4443,0.03590519726276398
Acute Lymphoblastic Leukemia and T-Cell,hsa-miR-4443,0.035903044044971466
polycystic kidney disease 3,hsa-miR-4443,0.035902999341487885
Acute Lymphocytic Leukemia and B-Cell,hsa-miR-4443,0.03590240329504013
Brain Infarction,hsa-miR-4443,0.03590167313814163
Glomerulonephritis and Membranoproliferative,hsa-miR-4443,0.03590077906847
Small Cell Lung Carcinoma,hsa-miR-4443,0.03590034693479538
Yellow Nail Syndrome,hsa-miR-4443,0.03589959442615509
Alzheimer Disease ,hsa-miR-4443,0.03589935600757599
Encephalomyelitis and Autoimmune and Experimental,hsa-miR-4443,0.035898953676223755
Anemia,hsa-miR-4443,0.03589637577533722
Lyme Disease,hsa-miR-4443,0.035892829298973083
Megalencephalic leukoencephalopathy with subcortical cysts,hsa-miR-4443,0.03589242696762085
Arrhythmogenic Heart Diseases,hsa-miR-4443,0.03589221090078354
Nephrosis and Lipoid,hsa-miR-4443,0.03589147329330444
Polymyositis,hsa-miR-4443,0.03589029610157013
Respiratory Syncytial Virus Infections,hsa-miR-4443,0.03588792681694031
Hcv Associated Disorders,hsa-miR-4443,0.03588719666004181
Epilepsy and Post-Traumatic,hsa-miR-4443,0.03588693588972092
Neuropathic Lysosomal Storage Diseases,hsa-miR-4443,0.035886794328689575
Retinal Dystrophies,hsa-miR-4443,0.0358855202794075
Rhinitis and Allergic,hsa-miR-4443,0.03588335961103439
Polythelia and Familial,hsa-miR-4443,0.03588281571865082
Viral Myocarditis,hsa-miR-4443,0.035882726311683655
Cleft Lip,hsa-miR-4443,0.03588216006755829
Mitral Valve Insufficiency,hsa-miR-4443,0.03588208556175232
Rosacea,hsa-miR-4443,0.035881444811820984
Cerebral Infarction,hsa-miR-4443,0.03587924689054489
Infarction and Middle Cerebral Artery,hsa-miR-4443,0.035877570509910583
Hyperinsulinism,hsa-miR-4443,0.03587290644645691
Arthritis,hsa-miR-4443,0.03587028384208679
Reticuloendotheliosis Virus Infections,hsa-miR-4443,0.03586994856595993
Cardiomyopathy dilated with woolly hair and keratoderma,hsa-miR-4443,0.035868436098098755
Lissencephaly,hsa-miR-4443,0.03586801141500473
Hyperoxia-Induced Lung Injury,hsa-miR-4443,0.03586690127849579
Iron Metabolism Disorders,hsa-miR-4443,0.035866379737854004
Lacrimal Adenoid   Cystic Carcinoma,hsa-miR-4443,0.03586609661579132
Reinjuries,hsa-miR-4443,0.03586403280496597
Pulmonary edema of mountaineers,hsa-miR-4443,0.03585795313119888
Polyomavirus Infections,hsa-miR-4443,0.03585755079984665
Movement Disorders,hsa-miR-4443,0.0358516201376915
Ocular Hypertension,hsa-miR-4443,0.03585003316402435
Syphilis and primary,hsa-miR-4443,0.035847194492816925
Peritoneal Hyalinizing Vasculopathy,hsa-miR-4443,0.035846859216690063
Bacterial Infections,hsa-miR-4443,0.035846859216690063
Bronchial Hyperreactivity,hsa-miR-4443,0.03584584593772888
Meningioma,hsa-miR-4443,0.03584478050470352
Clubfoot,hsa-miR-4443,0.03584478050470352
Vulvar Neoplasms,hsa-miR-4443,0.03584383428096771
Colorectal   Adenocarcinoma,hsa-miR-4443,0.035843029618263245
Ankle Fractures,hsa-miR-4443,0.0358365923166275
Urothelial   Carcinoma,hsa-miR-4443,0.03583522140979767
Toxoplasmosis and Ocular,hsa-miR-4443,0.03583451360464096
Sarcoidosis and Pulmonary,hsa-miR-4443,0.03583446145057678
Tibial Fractures,hsa-miR-4443,0.035833023488521576
Mandibulofacial Dysostosis,hsa-miR-4443,0.03582869470119476
Ectrodactyly-cleft lip-palate syndrome,hsa-miR-4443,0.03582850098609924
Alstrom Syndrome,hsa-miR-4443,0.03582701086997986
Bk Virus Infections,hsa-miR-4443,0.03582686930894852
Melanoma and Experimental,hsa-miR-4443,0.03582533448934555
Cysts,hsa-miR-4443,0.03582334518432617
Vascular Calcification,hsa-miR-4443,0.0358198881149292
Colon   Adenocarcinoma,hsa-miR-4443,0.035819485783576965
Turcot syndrome,hsa-miR-4443,0.035817645490169525
Cervical Cancer and Hpv Infected,hsa-miR-4443,0.03581508994102478
Osteoporosis and Postmenopausal,hsa-miR-4443,0.03581161051988602
salivary gland adenoid cystic carcinoma,hsa-miR-4443,0.03580828011035919
Otofaciocervical Syndrome,hsa-miR-4443,0.03580600768327713
Necrobiotic Disorders,hsa-miR-4443,0.035805605351924896
Sciatica,hsa-miR-4443,0.03580421209335327
Fissure in Ano,hsa-miR-4443,0.03580297529697418
Scapuloperoneal Myopathy and X-Linked Dominant,hsa-miR-4443,0.0358024537563324
Psychotic Disorders,hsa-miR-4443,0.0357976108789444
Nonsyndromic sensorineural hearing loss,hsa-miR-4443,0.035796090960502625
Carcinoma and Merkel Cell,hsa-miR-4443,0.03579389303922653
FG syndrome,hsa-miR-4443,0.03578873723745346
Anodontia,hsa-miR-4443,0.03578241914510727
Hyperplasia,hsa-miR-4443,0.03578099608421326
Weight Loss,hsa-miR-4443,0.03577853739261627
Placental Insufficiency,hsa-miR-4443,0.035772502422332764
Endocrine System Diseases,hsa-miR-4443,0.035760872066020966
Hydrocephalus,hsa-miR-4443,0.035760462284088135
Muscular Diseases,hsa-miR-4443,0.03575940430164337
De Lange Syndrome,hsa-miR-3064-5p,0.03574518859386444
Peripartum Cardiomyopathy ,hsa-miR-4443,0.035745084285736084
Acute Pulmonary Embolism,hsa-miR-4443,0.03573049604892731
Lumbar Radicular Pain,hsa-miR-4443,0.035716794431209564
Prostatitis and Chronic,hsa-miR-4443,0.03570941090583801
CREST Syndrome,hsa-miR-4443,0.03569916635751724
Scholte syndrome,hsa-miR-4443,0.03569219261407852
Calcinosis,hsa-miR-4443,0.035689353942871094
Respiratory Distress Syndrome and Newborn,hsa-miR-4443,0.03568388521671295
Opioid-Related Disorders,hsa-miR-4443,0.03568374365568161
Rhabdomyosarcoma 1,hsa-miR-4443,0.03567331284284592
Thinness,hsa-miR-4443,0.03566638380289078
Zika Virus Infection,hsa-miR-4443,0.03566054254770279
Uterine Diseases,hsa-miR-4443,0.03565531224012375
frontotemporal dementia,hsa-miR-4443,0.03565526753664017
hyperekplexia 1,hsa-miR-4443,0.03565526008605957
Tooth Diseases,hsa-miR-4443,0.03564974665641785
Lymphoma and B-Cell and Diffuse,hsa-miR-4443,0.03564891964197159
Hyperphosphatemia,hsa-miR-4443,0.03564802557229996
Oculocutaneous Albinism Type 3,hsa-miR-4443,0.03564558923244476
Rubella Syndrome and Congenital,hsa-miR-4443,0.035644784569740295
Histiocytic Sarcoma,hsa-miR-4443,0.035644643008708954
Trophoblastic Neoplasms,hsa-miR-4443,0.035641446709632874
Gastrointestinal Diseases,hsa-miR-4443,0.03563985973596573
Multiple Chronic Conditions,hsa-miR-4443,0.03563515841960907
Myositis,hsa-miR-4443,0.03563489019870758
ABCD syndrome,hsa-miR-4443,0.035633690655231476
Sexually Transmitted Diseases,hsa-miR-4443,0.035629384219646454
Osteomyelitis,hsa-miR-4443,0.03562704473733902
Bronchopneumonia,hsa-miR-4443,0.035624340176582336
Urinary Calculi,hsa-miR-3940-3p,0.035623468458652496
Hip Dislocation and Congenital,hsa-miR-4443,0.03562072664499283
Carotid Artery Diseases,hsa-miR-4443,0.03561963886022568
Fibrous Dysplasia of Bone,hsa-miR-4443,0.03561893105506897
Cardiovascular And   Cerebrovascular Diseases,hsa-miR-4443,0.035617291927337646
Cholangitis and Biliary and Primary,hsa-miR-4443,0.035617224872112274
Glaucoma and Open-Angle,hsa-miR-4443,0.0356169119477272
Pulmonary Veno-Occlusive Disease,hsa-miR-4443,0.03561507165431976
C syndrome,hsa-miR-4443,0.035612963140010834
Foot Ulcer,hsa-miR-4443,0.03560977429151535
Intracranial Aneurysm,hsa-miR-4443,0.03560889512300491
lung squamous cell carcinoma,hsa-miR-4443,0.03560071438550949
Upper Tract Urothelial Carcinoma,hsa-miR-4443,0.035598814487457275
Sexually Transmitted Diseases and Viral,hsa-miR-4443,0.03559661656618118
Bipolar Disorder,hsa-miR-4443,0.035593919456005096
Sarcopenia,hsa-miR-4443,0.0355905145406723
Lung Carcinoid,hsa-miR-4443,0.03558798134326935
Rectal Diseases,hsa-miR-4443,0.03558703511953354
Immune System Diseases,hsa-miR-4443,0.03558604419231415
Coronavirus Infections,hsa-miR-4443,0.03557615727186203
Rectal Injury,hsa-miR-4443,0.03557203710079193
Blood Platelet Disorders,hsa-miR-4443,0.035565488040447235
Amelogenesis Imperfecta,hsa-miR-4443,0.03555261343717575
Wound Infection,hsa-miR-3940-3p,0.03550875931978226
Vitreoretinopathy and Proliferative,mmu-miR-743a,0.03535960614681244
Neurodevelopmental Disorders,mmu-miR-743a,0.035351403057575226
Hemorrhagic Fever and Ebola,mmu-miR-743a,0.035346075892448425
acute myocardial infarction,mmu-miR-743a,0.03534422814846039
Myasthenia Gravis with Thymus Hyperplasia,mmu-miR-743a,0.035343848168849945
Benign Paroxysmal Positional Vertigo,mmu-miR-743a,0.03534184396266937
Interstitial Fibrosis and Renal,mmu-miR-743a,0.03534046560525894
Hearing Loss and Unilateral,mmu-miR-743a,0.03533651679754257
Hypocalciuric hypercalcemia and familial and type 1,mmu-miR-743a,0.03533126413822174
Enterocolitis and Pseudomembranous,mmu-miR-743a,0.03531676530838013
Prostatitis,mmu-miR-743a,0.03531549125909805
Cholecystitis,mmu-miR-743a,0.035312555730342865
Parkinsonian Disorders,mmu-miR-743a,0.035306282341480255
Pain and Inflammatory,mmu-miR-743a,0.03530323505401611
Hyperpigmentation and Skin,mmu-miR-743a,0.03529852628707886
Carcinoma and Squamous Cell and Cutaneous,mmu-miR-743a,0.03529762476682663
Cancer-Associated Cachexia,mmu-miR-743a,0.03529523313045502
Malnutrition,mmu-miR-743a,0.0352921187877655
Cystadenocarcinoma and Serous and Endometrial,mmu-miR-743a,0.035289466381073
Bone Diseases,mmu-miR-743a,0.03528818488121033
Adiposis Dolorosa,mmu-miR-743a,0.03528447449207306
Facial Nerve Injuries,mmu-miR-743a,0.035283856093883514
Diabetic Retinopathy ,mmu-miR-743a,0.03528262674808502
Reperfusion Injury and Intestinal Ischemia,mmu-miR-743a,0.035280145704746246
Cardiomyopathy and Dilated and with Left Ventricular Noncompaction,mmu-miR-743a,0.03527858108282089
Low Tension Glaucoma,mmu-miR-743a,0.03527820110321045
ovary adenocarcinoma,mmu-miR-743a,0.03527141362428665
Bone Marrow Myelofibrosis,mmu-miR-743a,0.03527122735977173
low grade glioma,mmu-miR-743a,0.03527113050222397
ACTH Syndrome and Ectopic,mmu-miR-743a,0.035270512104034424
Gynatresia,mmu-miR-743a,0.03526899963617325
Ascites,mmu-miR-743a,0.03526798635721207
Microscopic Polyangiitis,mmu-miR-743a,0.035267651081085205
Skin Pigmentation,mmu-miR-743a,0.035261884331703186
Influenza in Birds,mmu-miR-743a,0.03526100516319275
Dental Caries,mmu-miR-743a,0.03526003658771515
Laryngeal Papilloma,mmu-miR-743a,0.03525745868682861
Leigh Disease,mmu-miR-743a,0.03525587171316147
Distal myopathy and Nonaka type,mmu-miR-743a,0.03525528311729431
Staphylococcal Infections,mmu-miR-743a,0.035253576934337616
Sepsis Induced Liver Injury,mmu-miR-743a,0.0352523997426033
Multiple Sclerosis and Chronic Progressive,mmu-miR-743a,0.03525007516145706
Alcohol Induced Neurogenic Inflammation,mmu-miR-743a,0.03524944186210632
Lymphoma and Mantle-Cell,mmu-miR-743a,0.035249270498752594
Elliptocytosis 2,mmu-miR-743a,0.0352480411529541
Hepatopulmonary Syndrome,mmu-miR-743a,0.03524608165025711
Osteochondromatosis,mmu-miR-743a,0.03524560481309891
DNA Repair-Deficiency Disorders,mmu-miR-743a,0.0352451354265213
Autoimmune polyendocrinopathy syndrome and type 1,mmu-miR-743a,0.03524482250213623
Polyps,mmu-miR-743a,0.03524300456047058
Hyperparathyroidism and Primary,mmu-miR-743a,0.03524172306060791
mucinous cystadenocarcinoma of pancreas,mmu-miR-743a,0.03523857891559601
Primary Graft Dysfunction,mmu-miR-743a,0.035235174000263214
Peri-Implantitis,mmu-miR-743a,0.035235099494457245
Brain Damage and Chronic,mmu-miR-743a,0.03523474931716919
Sarcoidosis,mmu-miR-743a,0.035234205424785614
Urinary Bladder Diseases,mmu-miR-743a,0.03523334860801697
Malaria and Cerebral,mmu-miR-743a,0.03523164987564087
Pancreatitis,mmu-miR-743a,0.03523143380880356
Carcinoma and Ductal and Breast,mmu-miR-743a,0.0352274626493454
skin melanoma,mmu-miR-743a,0.035226352512836456
Neuroleptic Malignant Syndrome,mmu-miR-743a,0.035224124789237976
Parasitic Diseases,mmu-miR-743a,0.03522258996963501
Hemangioma and Infantile,mmu-miR-743a,0.03522126376628876
Heart Septal Defects and Atrial,mmu-miR-743a,0.035219840705394745
Arrest of spermatogenesis,mmu-miR-743a,0.03521929681301117
Bone Neoplasms,mmu-miR-743a,0.035219043493270874
Pleural Effusion and Malignant,mmu-miR-743a,0.03521858900785446
Glaucoma,mmu-miR-743a,0.03521808981895447
Sleep Apnea Syndromes,mmu-miR-743a,0.035217784345149994
Colonic Polyps,mmu-miR-743a,0.035215653479099274
Neurofibromatosis 2,mmu-miR-743a,0.035212866961956024
Cervical Intraepithelial Neoplasia,mmu-miR-743a,0.03521253168582916
Cerebral Cortical Thinning,mmu-miR-743a,0.035211093723773956
Aneurysm,mmu-miR-743a,0.03520948439836502
Jaw Abnormalities,mmu-miR-743a,0.035208746790885925
Nephrosclerosis,mmu-miR-743a,0.03520827740430832
Cryopyrin-Associated Periodic Syndromes,mmu-miR-743a,0.035207636654376984
Yellow Nail Syndrome,mmu-miR-743a,0.03520137071609497
Folliculotropic Mycosis Fungoides,mmu-miR-743a,0.03519994765520096
Hypertensive  Disorder Complicating Pregnancy,mmu-miR-743a,0.035197533667087555
Exanthema,mmu-miR-743a,0.035197511315345764
Fibrosis and Skin,mmu-miR-743a,0.0351971760392189
Microphthalmia and syndromic 2,mmu-miR-743a,0.0351962074637413
Megalencephalic leukoencephalopathy with subcortical cysts,mmu-miR-743a,0.03519424796104431
Heart Diseases and Congenital,mmu-miR-743a,0.03519084304571152
Craniopharyngioma,mmu-miR-743a,0.03519076853990555
Gastric And Colon Cancer,mmu-miR-743a,0.035184070467948914
Cleft Lip,mmu-miR-743a,0.03518380969762802
Cirrhotic Cardiomyopathy,mmu-miR-743a,0.03518246114253998
Mastitis,mmu-miR-743a,0.035182155668735504
esophageal carcinoma,mmu-miR-743a,0.03518194705247879
Acromegaly,mmu-miR-743a,0.03518000245094299
Collagen Diseases,mmu-miR-743a,0.035176150500774384
Skin Neoplasms,mmu-miR-743a,0.03517238795757294
Ehlers-Danlos Syndrome,mmu-miR-743a,0.03517141938209534
Lissencephaly,mmu-miR-743a,0.03516943007707596
Hyperoxia-Induced Lung Injury,mmu-miR-743a,0.03516872227191925
rippling muscle disease 1,mmu-miR-743a,0.035168200731277466
Enterocolitis,mmu-miR-743a,0.03516538441181183
Carotid Artery Injuries,mmu-miR-743a,0.035162925720214844
Glima,mmu-miR-743a,0.035159632563591
Lymphoma and Natural   Killer/T-Cell,mmu-miR-743a,0.035157933831214905
Arthrogryposis and ectodermal dysplasia,mmu-miR-743a,0.035156749188899994
Nasopharyngeal Neoplasms,mmu-miR-743a,0.03515322506427765
Ocular Hypertension,mmu-miR-743a,0.035151854157447815
Disorders of Excessive Somnolence,mmu-miR-743a,0.035151407122612
Syphilis and primary,mmu-miR-743a,0.035148896276950836
Coronary Artery  Disease,mmu-miR-743a,0.035148777067661285
Osteoporotic Fractures,mmu-miR-743a,0.03514537215232849
Cardiac Complexes and Premature,mmu-miR-743a,0.03514233976602554
Aortic Aneurysm,mmu-miR-743a,0.03514047712087631
Endotoxemia,mmu-miR-743a,0.03513976186513901
Chagas Disease,mmu-miR-743a,0.03513922542333603
Mandibulofacial Dysostosis,mmu-miR-743a,0.035130396485328674
Bk Virus Infections,mmu-miR-743a,0.035128526389598846
Ullrich congenital muscular dystrophy,mmu-miR-743a,0.03512677550315857
Vascular Calcification,mmu-miR-743a,0.03512159734964371
cone-rod dystrophy 6,mmu-miR-743a,0.03511878103017807
Cervical Cancer and Hpv Infected,mmu-miR-743a,0.03511703014373779
Meier-Gorlin syndrome,mmu-miR-743a,0.03511454164981842
Osteoporosis and Postmenopausal,mmu-miR-743a,0.0351133868098259
Intestinal Diseases,mmu-miR-743a,0.035109035670757294
Stomatitis and Herpetic,mmu-miR-743a,0.035106055438518524
Reflex Sympathetic Dystrophy,mmu-miR-743a,0.03510551154613495
Psychotic Disorders,mmu-miR-743a,0.03509926795959473
Ear Diseases,mmu-miR-743a,0.035092100501060486
Hypersensitivity and Immediate,mmu-miR-743a,0.03508447855710983
Anodontia,mmu-miR-743a,0.0350840762257576
Ventricular Dysfunction,mmu-miR-743a,0.035074472427368164
Placental Insufficiency,mmu-miR-743a,0.03507445007562637
Conjunctivitis and Allergic,mmu-miR-743a,0.03507012128829956
Endocrine System Diseases,mmu-miR-743a,0.03506264090538025
Muscular Diseases,mmu-miR-743a,0.035061053931713104
Hand and Foot and Mouth Disease,mmu-miR-743a,0.035060517489910126
Cholesteatoma,mmu-miR-743a,0.03505320101976395
Acute Pulmonary Embolism,mmu-miR-743a,0.03503239154815674
Extra-Hepatic Portal Venous  Obstruction ,mmu-miR-743a,0.03503141552209854
Brucellosis and Bovine,mmu-miR-743a,0.03501802682876587
Prostatitis and Chronic,mmu-miR-743a,0.03501123934984207
Oropharyngeal Neoplasms,mmu-miR-743a,0.03500458598136902
Cardiomyopathy and Hypertrophic,mmu-miR-743a,0.03499773144721985
Mycobacterium avium-intracellulare Infection,mmu-miR-743a,0.03499654680490494
Hyperandrogenism,mmu-miR-743a,0.03498540073633194
Acrodermatitis enteropathica,mmu-miR-743a,0.034977883100509644
Pigmentation Disorders,mmu-miR-743a,0.03497518599033356
Hepatitis and Chronic,mmu-miR-743a,0.0349721759557724
Acute Coronary Syndrome ,mmu-miR-743a,0.03496965020895004
Epidermodysplasia Verruciformis,mmu-miR-743a,0.03496704250574112
Bronchiectasis With Or Without Elevated Sweat Chloride 1,mmu-miR-743a,0.034962646663188934
Cholestasis and Intrahepatic,mmu-miR-743a,0.03496117889881134
Leukemia and Monocytic and Acute,mmu-miR-743a,0.034958720207214355
Breast Diseases,mmu-miR-743a,0.034957677125930786
frontotemporal dementia,mmu-miR-743a,0.03495679795742035
colon carcinoma,mmu-miR-743a,0.034956470131874084
vulva squamous cell carcinoma,mmu-miR-743a,0.03495628386735916
Tooth Diseases,mmu-miR-743a,0.034951694309711456
Lymphoma and B-Cell and Diffuse,mmu-miR-743a,0.0349508672952652
Depression and Post Stroke,mmu-miR-743a,0.03495067358016968
Out-of-Hospital Cardiac Arrest,mmu-miR-743a,0.034949205815792084
Liver Failure and Acute,mmu-miR-743a,0.034946560859680176
Intestinal Atresia,mmu-miR-743a,0.034945473074913025
Lichen Sclerosus et Atrophicus,mmu-miR-743a,0.0349431037902832
Early Embryonic Arrestdagger,mmu-miR-743a,0.034939080476760864
Ichthyosis and Lamellar,mmu-miR-743a,0.03493659943342209
Arteriosclerosis,mmu-miR-743a,0.034936316311359406
Intracranial Arteriovenous Malformations,mmu-miR-743a,0.034927234053611755
Migraine Disorders,mmu-miR-743a,0.03492720425128937
Poikiloderma with Neutropenia,mmu-miR-743a,0.03492642194032669
Early-Stage Malignant Melanoma,mmu-miR-743a,0.034922949969768524
Olfaction Disorders,mmu-miR-743a,0.03492152690887451
Cholangitis and Biliary and Primary,mmu-miR-743a,0.034919045865535736
Pulmonary Veno-Occlusive Disease,mmu-miR-743a,0.03491672873497009
Foot Ulcer,mmu-miR-743a,0.03491142392158508
Intracranial Aneurysm,mmu-miR-743a,0.034910835325717926
Sarcopenia,mmu-miR-743a,0.034892454743385315
Emphysema,mmu-miR-743a,0.034890398383140564
Intracranial Arteriosclerosis,mmu-miR-743a,0.03488876670598984
non-alcoholic fatty liver,mmu-miR-743a,0.034880153834819794
Salivary Gland Pleomorphic Adenoma,mmu-miR-743a,0.034880131483078
Coronavirus Infections,mmu-miR-743a,0.03487797826528549
Hypoxia and Brain,mmu-miR-743a,0.0348631888628006
Postural Orthostatic Tachycardia Syndrome,mmu-miR-743a,0.034862764179706573
Hypertriglyceridemia,mmu-miR-743a,0.03485249727964401
Amyloidosis,mmu-miR-743a,0.03478630632162094
Lentivirus Infections,hsa-miR-321,0.03467962145805359
Nevi and Melanomas,hsa-miR-321,0.034649431705474854
Phyllodes Tumor and Breast,hsa-miR-321,0.03456081449985504
Posterior Segment Ocular Diseases,hsa-miR-321,0.03451984375715256
Canavan Disease,hsa-miR-4255,0.03451965004205704
Diminished  Ovarian Reserve,hsa-miR-321,0.03449779003858566
Hemorrhagic Fever with Renal Syndrome,hsa-miR-4255,0.034462518990039825
Chills,hsa-miR-4255,0.03446173667907715
Multiple Mitochondrial Dysfunctions Syndrome,hsa-miR-4255,0.03445388376712799
Liposarcoma and Myxoid,hsa-miR-4255,0.034451425075531006
Otitis Media with Effusion,hsa-miR-4255,0.03445040434598923
UV-Sensitive Syndrome,hsa-miR-4255,0.03443852812051773
Chronic  Rhinosinusitis With Nasal Polyps,hsa-miR-4255,0.03438795357942581
succinic semialdehyde dehydrogenase deficiency,hsa-miR-4255,0.034365877509117126
Inflammation and Chronic,hsa-miR-4255,0.034352704882621765
Erythema Multiforme,hsa-miR-4255,0.034338511526584625
Pancreatitis and Acute Hemorrhagic,hsa-miR-4255,0.03430498391389847
Amebiasis,hsa-miR-321,0.03427089750766754
Skeletal Muscular Injury and Non-Ischemic,hsa-miR-4255,0.03425135463476181
Susac Syndrome,hsa-miR-4255,0.03424466401338577
Human T-Cell Leukemia Virus Type 1 Infections,hsa-miR-4255,0.03413340449333191
Dysentery and Bacillary,hsa-miR-4255,0.034127794206142426
Prethrombotic State,hsa-miR-4255,0.03410385549068451
Reperfusion Injury and Ischemia,hsa-miR-376b-3p,0.03407925367355347
thyroid gland Hurthle cell carcinoma,hsa-miR-4255,0.03407875448465347
Scleral Diseases,hsa-miR-4255,0.034062452614307404
Hyperaldosteronism,hsa-miR-4255,0.03403967618942261
Hereditary Autoinflammatory Diseases,hsa-miR-23c,0.034038692712783813
Testicular Neoplasms,hsa-miR-4255,0.03402647376060486
Reperfusion Injury and Testicular Ischemia,hsa-miR-23c,0.03399624675512314
Human T-Cell Leukemia Virus Type 1 Infections,hsa-miR-1228-5p,0.03381350636482239
Intra-Articular Fractures,hsa-miR-3186-5p,0.03350282460451126
Community-Acquired Pneumonia,hsa-miR-4456,0.03348882496356964
Murine Acquired Immunodeficiency Syndrome,hsa-miR-4456,0.033475980162620544
N acetyltransferase deficiency,hsa-miR-4456,0.03345838189125061
Hemoglobin Bart'S Hydrops   Fetalis Syndrome,hsa-miR-4456,0.03345296531915665
Neurodevelopmental Disorders,hsa-miR-4456,0.0334489643573761
Kidney Neoplasms,hsa-miR-4456,0.03344167768955231
Benign Paroxysmal Positional Vertigo,hsa-miR-4456,0.03343964368104935
Hearing Loss and Unilateral,hsa-miR-4456,0.033434368669986725
Hypocalciuric hypercalcemia and familial and type 1,hsa-miR-4456,0.03342899680137634
Polycythemia Vera,hsa-miR-4456,0.03342448174953461
Meningitis and Bacterial,hsa-miR-4456,0.03342270106077194
recessive dystrophic epidermolysis bullosa,hsa-miR-4456,0.033418379724025726
Chagas Cardiomyopathy,hsa-miR-4456,0.03341764211654663
Prostatitis,hsa-miR-4456,0.03341333568096161
Leg Ulcer,hsa-miR-4456,0.03340815752744675
Glucose Intolerance,hsa-miR-4456,0.033408112823963165
Platelet Storage Lesion,hsa-miR-4456,0.03339696675539017
Vitamin D Deficiency,hsa-miR-4456,0.03339599817991257
Hematoma and Subdural and Chronic,hsa-miR-4456,0.033393844962120056
Thrombocythemia and Essential,hsa-miR-4456,0.0333922877907753
Foot-and-Mouth Disease,hsa-miR-4456,0.03338935226202011
Bradycardia,hsa-miR-4456,0.033388614654541016
Staphylococcal Scalded Skin Syndrome,hsa-miR-4456,0.03338204324245453
Fetal Macrosomia,hsa-miR-4456,0.03338031470775604
Diabetic Retinopathy ,hsa-miR-4456,0.03338031470775604
Femur Head Necrosis,hsa-miR-4456,0.03337813913822174
Reperfusion Injury and Intestinal Ischemia,hsa-miR-4456,0.03337782621383667
Corneal Diseases,hsa-miR-4456,0.03337498754262924
Hypospadias,hsa-miR-4456,0.033371299505233765
Ascites,hsa-miR-4456,0.03336583077907562
Depressive Disorder,hsa-miR-4456,0.03336356580257416
mitochondrial DNA depletion syndrome 4b,hsa-miR-4456,0.033362165093421936
Arthritis and Juvenile,hsa-miR-4456,0.03336034715175629
X-linked juvenile retinoschisis 1,hsa-miR-4456,0.03335954248905182
Aortic Diseases,hsa-miR-4456,0.0333578884601593
Li-Fraumeni syndrome 1,hsa-miR-4456,0.03335774689912796
Adenocarcinoma and Follicular,hsa-miR-4456,0.03335684537887573
Wound Healing,hsa-miR-4456,0.033354200422763824
Pelvic Floor Disorders,hsa-miR-4456,0.03335374593734741
Leigh Disease,hsa-miR-4456,0.03335355222225189
Post-Cardiac Arrest Syndrome,hsa-miR-4456,0.033349961042404175
Infant and Newborn and Diseases,hsa-miR-4456,0.033348068594932556
Pancreatitis and Acute Necrotizing,hsa-miR-4456,0.03334634006023407
Elliptocytosis 2,hsa-miR-4456,0.033345893025398254
Angina and Unstable,hsa-miR-4456,0.03334527462720871
Neural Tube Defects,hsa-miR-4456,0.03334272652864456
Prader-Willi Syndrome,hsa-miR-4456,0.03334265202283859
Thalassemia,hsa-miR-4456,0.03334229439496994
Environmental Illness,hsa-miR-4456,0.03334130346775055
AIDS Dementia Complex,hsa-miR-4456,0.033338770270347595
mucinous cystadenocarcinoma of pancreas,hsa-miR-4456,0.03333666920661926
Hemoglobinopathies,hsa-miR-4456,0.03333514928817749
Cumulative Trauma Disorders,hsa-miR-4456,0.03333505988121033
Hearing Disorders,hsa-miR-4456,0.033334821462631226
Morphine Dependence,hsa-miR-4456,0.03333321213722229
Primary Graft Dysfunction,hsa-miR-4456,0.03333302587270737
Inflammatory Osteolysis,hsa-miR-4456,0.03333292901515961
Gingivitis,hsa-miR-4456,0.033330678939819336
Pancreatitis,hsa-miR-4456,0.03332916647195816
Malformations of Cortical Development and Group II,hsa-miR-4456,0.03332675248384476
Cystic Fibrosis,hsa-miR-4456,0.03332462161779404
skin melanoma,hsa-miR-4456,0.03332403302192688
Kidney Calculi,hsa-miR-4456,0.0333232507109642
Mitochondrial Diseases,hsa-miR-4456,0.03332221508026123
Multicystic renal dysplasia and bilateral,hsa-miR-4456,0.03332183510065079
Seizures and Febrile,hsa-miR-4456,0.03332117199897766
Adrenocortical Carcinoma,hsa-miR-4456,0.03331809490919113
Heart Septal Defects and Atrial,hsa-miR-4456,0.03331781178712845
Arrest of spermatogenesis,hsa-miR-4456,0.03331714868545532
Ovarian Insufficiency and Premature,hsa-miR-4456,0.03331682085990906
Bronchiolitis Obliterans,hsa-miR-4456,0.03331504762172699
Hind Limb Ischemia,hsa-miR-4456,0.03331489861011505
Sensation Disorders,hsa-miR-4456,0.03331447392702103
Pleomorphic Sarcoma and Undifferentiated,hsa-miR-4456,0.03331393003463745
Tracheal Stenosis,hsa-miR-4456,0.03331310302019119
Aspergillosis and Allergic Bronchopulmonary,hsa-miR-4456,0.0333130806684494
Palatal Neoplasms,hsa-miR-4456,0.033312417566776276
Coronary Restenosis,hsa-miR-4456,0.033311426639556885
Meibomian Gland Carcinoma  ,hsa-miR-4456,0.033310480415821075
Cervical Intraepithelial Neoplasia,hsa-miR-4456,0.033310383558273315
Pain and Postoperative,hsa-miR-4456,0.033309102058410645
Coronary Artery Calcification,hsa-miR-4456,0.03330881893634796
Gastrinoma,hsa-miR-4456,0.03330839425325394
Vasospasm and Intracranial and Postoperative,hsa-miR-4456,0.033305346965789795
Spermatic Cord Torsion,hsa-miR-4456,0.033304087817668915
Neoplasm and Residual,hsa-miR-4456,0.03330368548631668
Acne Vulgaris,hsa-miR-4456,0.0333036407828331
Hemochromatosis,hsa-miR-4456,0.03330238163471222
Acute Lymphocytic Leukemia and B-Cell,hsa-miR-4456,0.03330191224813461
Hepatitis C and Chronic,hsa-miR-4456,0.03330058604478836
Small Cell Lung Carcinoma,hsa-miR-4456,0.03329985588788986
familial febrile seizures 1,hsa-miR-4456,0.03329933434724808
Rolandic Epilepsy and Mental Retardation and and Speech Dyspraxia and X-Linked,hsa-miR-4456,0.0332978218793869
Giant Cell Arteritis,hsa-miR-4456,0.033295080065727234
Langer mesomelic dysplasia,hsa-miR-4456,0.033290743827819824
Nephritis,hsa-miR-4456,0.03329005837440491
Telangiectasia and Hereditary Hemorrhagic,hsa-miR-4456,0.03328828513622284
Hirschsprung Disease,hsa-miR-4456,0.033288195729255676
Neuropathic Lysosomal Storage Diseases,hsa-miR-4456,0.03328641504049301
Infections,hsa-miR-4456,0.033285848796367645
Gastric And Colon Cancer,hsa-miR-4456,0.033281922340393066
Mitral Valve Insufficiency,hsa-miR-4456,0.033281706273555756
Osteoporotic Fracture and Tibial,hsa-miR-4456,0.03328033536672592
Pterygium,hsa-miR-4456,0.03328024595975876
Liver Failure,hsa-miR-4456,0.033279843628406525
Syphilis,hsa-miR-4456,0.033276766538619995
Leukemia and Prolymphocytic and T-Cell,hsa-miR-4456,0.03327648341655731
Cleft Lip,hsa-miR-4456,0.03327646106481552
Collagen Diseases,hsa-miR-4456,0.033274002373218536
Chromate Resistance,hsa-miR-4456,0.03327310085296631
Graves Disease,hsa-miR-4456,0.03327196091413498
Long Term Adverse Effects,hsa-miR-4456,0.033271729946136475
Atrial Premature Complexes,hsa-miR-4456,0.033271677792072296
Skin Neoplasms,hsa-miR-4456,0.03327023983001709
Reticuloendotheliosis Virus Infections,hsa-miR-4456,0.03326945751905441
Diastrophic dysplasia,hsa-miR-4456,0.03326696902513504
Hyperoxia-Induced Lung Injury,hsa-miR-4456,0.03326628357172012
rippling muscle disease 1,hsa-miR-4456,0.03326588124036789
Bone Diseases and Metabolic,hsa-miR-4456,0.033264704048633575
Phenylketonurias,hsa-miR-4456,0.033261626958847046
hyper IgE recurrent infection syndrome 2,hsa-miR-4456,0.033261582255363464
Glima,hsa-miR-4456,0.03325760364532471
Hemangioma,hsa-miR-4456,0.03325590491294861
Acute Aortic   Dissection,hsa-miR-4456,0.03325194865465164
GATA2 Deficiency,hsa-miR-4456,0.03325112164020538
gastric cardia adenocarcinoma,hsa-miR-4456,0.0332506000995636
Cardiovascular Complications,hsa-miR-4456,0.03324580192565918
Meningioma,hsa-miR-4456,0.03324428200721741
Papilloma and Choroid Plexus,hsa-miR-4456,0.033244237303733826
Brain Injury and Chronic,hsa-miR-4456,0.03323962539434433
Respirovirus Infections,hsa-miR-4456,0.03323943912982941
Aortic Aneurysm,hsa-miR-4456,0.03323820233345032
Ankle Fractures,hsa-miR-4456,0.033236220479011536
Ectrodactyly-cleft lip-palate syndrome,hsa-miR-4456,0.033228009939193726
Neointimal   Hyperplasia,hsa-miR-4456,0.033222734928131104
Turcot syndrome,hsa-miR-4456,0.03321703523397446
Carcinoma and Cutaneous and Squamous Cell,hsa-miR-4456,0.033214740455150604
Venous Thromboembolism,hsa-miR-4456,0.033213675022125244
Osteonecrosis,hsa-miR-4456,0.03320932388305664
Zika virus congenital syndrome,hsa-miR-4456,0.03320731222629547
Intestinal Diseases,hsa-miR-4456,0.03320688754320145
Otofaciocervical Syndrome,hsa-miR-4456,0.033205509185791016
Diabetic Neuropathies,hsa-miR-4456,0.03320416063070297
Adenocarcinoma and Sebaceous and Ocular,hsa-miR-4456,0.03319839388132095
Fibrolamellar hepatocellular carcinoma,hsa-miR-376b-3p,0.033197954297065735
Pituitary Diseases,hsa-miR-4456,0.033196642994880676
Aphasia and Primary Progressive,hsa-miR-4456,0.033189356327056885
Alcohol Withdrawal Delirium,hsa-miR-4456,0.03318287432193756
Hypersensitivity and Immediate,hsa-miR-4456,0.03318227827548981
Anodontia,hsa-miR-4456,0.03318192809820175
IMAGe syndrome,hsa-miR-376b-3p,0.03317904472351074
Graves Ophthalmopathy,hsa-miR-4456,0.03317128121852875
Hypocapnia,hsa-miR-376b-3p,0.03315269947052002
Cholesteatoma,hsa-miR-4456,0.03315088897943497
Temporomandibular Joint Osteoarthritis,hsa-miR-4456,0.033148832619190216
Vision Disorders,hsa-miR-376b-3p,0.033123113214969635
Orchitis,hsa-miR-4456,0.033112019300460815
Fluoride Poisoning,hcmv-miR-US25-1,0.03311119228601456
Mobility Limitation,hsa-miR-4456,0.0331021323800087
Vitamin B Deficiency,hsa-miR-4456,0.0330989807844162
Prion Diseases,hsa-miR-4456,0.03309813141822815
Idiopathic Condylar Resorption,hsa-miR-4456,0.033079393208026886
Acrodermatitis enteropathica,hsa-miR-4456,0.0330757275223732
Allograft Rejection and Antibody-Mediated,hsa-miR-4456,0.033073246479034424
late onset Parkinson's disease,hsa-miR-4456,0.03307000547647476
Pleuropulmonary blastoma,hsa-miR-4456,0.03306794911623001
Acute Coronary Syndrome ,hsa-miR-4456,0.03306744992733002
Retinal Degeneration,hsa-miR-4456,0.03306692838668823
Heart Injuries,hsa-miR-4456,0.03306577354669571
Urinary Calculi,hsa-miR-19b-2,0.03306180238723755
Rectal Prolapse,hsa-miR-4456,0.03305845707654953
Poisoning,hsa-miR-4456,0.033054791390895844
frontotemporal dementia,hsa-miR-4456,0.0330546498298645
vulva squamous cell carcinoma,hsa-miR-4456,0.033054135739803314
Heart Failure and Systolic,hsa-miR-4456,0.03304994851350784
Liver Failure and Acute,hsa-miR-4456,0.03304441273212433
Gluteal Muscle Contracture,hsa-miR-4456,0.03304407745599747
Hepatolenticular Degeneration,hsa-miR-4456,0.033031776547431946
Erectile Dysfunction,hsa-miR-4456,0.03302817791700363
Osteomyelitis,hsa-miR-4456,0.033026427030563354
Poikiloderma with Neutropenia,hsa-miR-4456,0.033024273812770844
Cholangitis and Biliary and Primary,hsa-miR-4456,0.03301685303449631
Incontinentia Pigmenti,hsa-miR-4456,0.03301212191581726
White Dot Syndromes,hsa-miR-4456,0.033002160489559174
Lung Carcinoid,hsa-miR-4456,0.03298760950565338
Salivary Gland Pleomorphic Adenoma,hsa-miR-4456,0.032977811992168427
Ossification of Posterior Longitudinal Ligament,hsa-miR-4456,0.03297218680381775
Fluorosis and Dental,hsa-miR-4456,0.03296695649623871
Kidney Diseases and Cystic,hsa-miR-4456,0.03296627104282379
Hepatitis E,hsa-miR-4456,0.03296004980802536
Alopecia Areata,hsa-miR-4456,0.03294247388839722
Periapical Diseases,hsa-miR-4456,0.03292979300022125
Lung Diseases and Interstitial,hsa-miR-4456,0.032911933958530426
Amyloidosis,hsa-miR-4456,0.03288399428129196
Neurodevelopmental Disorders,hsa-miR-450a-5p,0.032821834087371826
Abnormalities and Multiple,hsa-miR-450a-5p,0.03281525522470474
Myasthenia Gravis with Thymus Hyperplasia,hsa-miR-450a-5p,0.032814450562000275
Stiff-Person Syndrome,hsa-miR-450a-5p,0.032813169062137604
Carotid Stenosis,hsa-miR-450a-5p,0.03279857337474823
Meningitis and Bacterial,hsa-miR-450a-5p,0.03279569000005722
Abortion and Spontaneous,hsa-miR-450a-5p,0.03278641402721405
Cholecystitis,hsa-miR-450a-5p,0.032783105969429016
Schistosomiasis,hsa-miR-450a-5p,0.03278123587369919
Leg Ulcer,hsa-miR-450a-5p,0.03278090059757233
Glucose Intolerance,hsa-miR-450a-5p,0.032780855894088745
Parkinsonian Disorders,hsa-miR-450a-5p,0.03277695178985596
Glycogen Storage Disease Type VI,hsa-miR-450a-5p,0.0327753946185112
Pain and Inflammatory,hsa-miR-450a-5p,0.0327739492058754
Platelet Storage Lesion,hsa-miR-450a-5p,0.032769836485385895
Hyperpigmentation and Skin,hsa-miR-450a-5p,0.03276924043893814
Thrombocythemia and Essential,hsa-miR-450a-5p,0.03276503086090088
Dehydration,hsa-miR-450a-5p,0.03276235610246658
Bradycardia,hsa-miR-450a-5p,0.03276124596595764
Keratoconus,hsa-miR-450a-5p,0.03276119381189346
Low Tension Glaucoma,hsa-miR-450a-5p,0.0327487513422966
Corneal Injuries,hsa-miR-450a-5p,0.03274792432785034
Short Stature and Idiopathic and Autosomal,hsa-miR-450a-5p,0.03274203836917877
Adenomatous Polyposis Coli,hsa-miR-450a-5p,0.03274035453796387
Gynatresia,hsa-miR-450a-5p,0.03273972123861313
Depressive Disorder,hsa-miR-450a-5p,0.03273642808198929
Gastric Intestinal   Metaplasia,hsa-miR-450a-5p,0.03273259848356247
Autism Spectrum Disorder,hsa-miR-450a-5p,0.0327257364988327
Rectal Neoplasms,hsa-miR-450a-5p,0.03272166848182678
T-cell acute lymphoblastic leukemia,hsa-miR-450a-5p,0.03271852433681488
DNA Repair-Deficiency Disorders,hsa-miR-450a-5p,0.032715730369091034
Endometrial Hyperplasia,hsa-miR-450a-5p,0.03271201252937317
Fibroadenoma,hsa-miR-450a-5p,0.03270844370126724
Pruritus,hsa-miR-450a-5p,0.03270596265792847
Inflammatory Osteolysis,hsa-miR-450a-5p,0.032705679535865784
Pancreatitis,hsa-miR-450a-5p,0.03270202875137329
Colorectal Neoplasms and Hereditary Nonpolyposis,hsa-miR-450a-5p,0.03269337862730026
Parasitic Diseases,hsa-miR-450a-5p,0.03269302099943161
Lumbosacral Spinal Root Avulsion,hsa-miR-450a-5p,0.03269188106060028
Hematologic Neoplasms,hsa-miR-450a-5p,0.032689519226551056
Fibrosarcoma,hsa-miR-450a-5p,0.03268883377313614
Glaucoma,hsa-miR-450a-5p,0.03268881142139435
Cervical Intraepithelial Neoplasia,hsa-miR-450a-5p,0.032683245837688446
Thymic epithelial tumor,hsa-miR-450a-5p,0.03267991542816162
Jaw Abnormalities,hsa-miR-450a-5p,0.032679297029972076
Hemochromatosis,hsa-miR-450a-5p,0.03267525136470795
Death and Sudden and Cardiac,hsa-miR-450a-5p,0.032675065100193024
High Grade Ovarian Neoplasms,hsa-miR-450a-5p,0.03267279267311096
Yellow Nail Syndrome,hsa-miR-450a-5p,0.03267184644937515
Alzheimer Disease ,hsa-miR-450a-5p,0.0326717272400856
Encephalomyelitis and Autoimmune and Experimental,hsa-miR-450a-5p,0.03267120569944382
Cystitis and Interstitial,hsa-miR-450a-5p,0.032671064138412476
Lip and Hamartomatous,hsa-miR-450a-5p,0.03266477584838867
Heart Diseases and Congenital,hsa-miR-450a-5p,0.03266115486621857
Carcinoma and Small Cell,hsa-miR-450a-5p,0.032659851014614105
Infections,hsa-miR-450a-5p,0.03265859931707382
Heart Failure and Diastolic,hsa-miR-3186-5p,0.032655149698257446
Cleft Lip,hsa-miR-450a-5p,0.0326545313000679
Liver Failure,hsa-miR-450a-5p,0.032652825117111206
Congenital central hypoventilation syndrome,hsa-miR-450a-5p,0.03265209496021271
Gastritis and Pediatric,hsa-miR-450a-5p,0.03265060484409332
Enzootic Bovine Leukosis,hsa-miR-450a-5p,0.03265019506216049
Syphilis,hsa-miR-450a-5p,0.03264951705932617
Leukemia and Prolymphocytic and T-Cell,hsa-miR-450a-5p,0.03264923393726349
Warburg micro syndrome 1,hsa-miR-450a-5p,0.03264284133911133
Enterocolitis,hsa-miR-450a-5p,0.03263609856367111
Pulmonary edema of mountaineers,hsa-miR-450a-5p,0.03263033181428909
Precursor T-Cell Lymphoblastic Leukemia-Lymphoma,hsa-miR-450a-5p,0.03262502700090408
Nasopharyngeal Neoplasms,hsa-miR-450a-5p,0.03262393921613693
Peritoneal Hyalinizing Vasculopathy,hsa-miR-450a-5p,0.03261911869049072
Papilloma and Choroid Plexus,hsa-miR-450a-5p,0.03261710703372955
Aortic Aneurysm,hsa-miR-450a-5p,0.032611191272735596
Tuberculosis and Meningeal,hsa-miR-450a-5p,0.03260936588048935
Ectrodactyly-cleft lip-palate syndrome,hsa-miR-450a-5p,0.0326007604598999
Bk Virus Infections,hsa-miR-450a-5p,0.03259924799203873
Premature Ejaculation,hsa-miR-450a-5p,0.032595083117485046
Urinary Retention,hsa-miR-450a-5p,0.032584547996520996
Intestinal Diseases,hsa-miR-450a-5p,0.032579630613327026
Maxillary Sinusitis,hsa-miR-450a-5p,0.03257483243942261
Azoospermia and Nonobstructive,hsa-miR-450a-5p,0.03257004916667938
Psychotic Disorders,hsa-miR-450a-5p,0.03256986290216446
Carcinoma and Merkel Cell,hsa-miR-450a-5p,0.032566264271736145
Hidradenitis Suppurativa,hsa-miR-450a-5p,0.03255800902843475
Hyperplasia,hsa-miR-450a-5p,0.032553255558013916
Carcinogenesis,hsa-miR-450a-5p,0.03253929316997528
Endocrine System Diseases,hsa-miR-450a-5p,0.03253324329853058
Acute Pulmonary Embolism,hsa-miR-450a-5p,0.03250274807214737
Stress Disorders and Traumatic,hsa-miR-450a-5p,0.03249727934598923
Hyperleptinemia,hsa-miR-1910,0.032490894198417664
Coronary Stenosis,hsa-miR-450a-5p,0.032476864755153656
Urinary Calculi,hsa-miR-1910,0.0324753075838089
Delayed Graft Function,hsa-miR-450a-5p,0.03246127814054489
Leukemia and Myeloid and Accelerated Phase,hsa-miR-450a-5p,0.03245534002780914
Idiopathic Condylar Resorption,hsa-miR-450a-5p,0.032452382147312164
intracranial berry aneurysm 3,hsa-miR-450a-5p,0.0324491411447525
Atrial Dilatation,hsa-miR-450a-5p,0.032443203032016754
Renal Artery Obstruction,hsa-miR-1910,0.03243178129196167
Poisoning,hsa-miR-450a-5p,0.03242766112089157
Tourette Syndrome,hsa-miR-450a-5p,0.03242456167936325
Arbovirus Infections,hsa-miR-450a-5p,0.03241006284952164
Early-Stage Malignant Melanoma,hsa-miR-450a-5p,0.03239366412162781
Cardiovascular And   Cerebrovascular Diseases,hsa-miR-450a-5p,0.032389551401138306
Sexual Dysfunctions and Psychological,hsa-miR-450a-5p,0.032388605177402496
Fatty Liver,hsa-miR-450a-5p,0.032388485968112946
Pulmonary Veno-Occlusive Disease,hsa-miR-450a-5p,0.032387442886829376
Cerebral Infarction and Acute,hsa-miR-450a-5p,0.032384179532527924
Intracranial Aneurysm,hsa-miR-450a-5p,0.03238138556480408
Digestive System Diseases,hsa-miR-450a-5p,0.03237634897232056
Tibial Neuropathy,hsa-miR-1910,0.032372258603572845
Wound Infection,hsa-miR-1910,0.032360829412937164
Coronavirus Infections,hsa-miR-450a-5p,0.03234840929508209
Ossification of Posterior Longitudinal Ligament,hsa-miR-450a-5p,0.03234492987394333
Reperfusion Injury and Testicular Ischemia,hsa-miR-1910,0.03233885020017624
Venous Neointimal Hyperplasia,hsa-miR-1910,0.03233695775270462
Hypertension and Pregnancy-Induced,hsa-miR-450a-5p,0.032335519790649414
Periapical Diseases,hsa-miR-450a-5p,0.03230241686105728
Ventricular Premature Complexes,hsa-miR-450a-5p,0.03229409456253052
Lung Diseases and Interstitial,hsa-miR-450a-5p,0.032284677028656006
facioscapulohumeral muscular dystrophy 1,hsa-miR-1910,0.03223080933094025
Canavan Disease,hsa-miR-20b*,0.03212396055459976
Urinary Calculi,hsa-miR-3928-3p,0.03206688165664673
Lentivirus Infections,hsa-miR-20b*,0.032056570053100586
Vitelliform Macular Dystrophy,hsa-miR-3928-3p,0.032047197222709656
UV-Sensitive Syndrome,hsa-miR-20b*,0.032043248414993286
UV-Sensitive Syndrome,hsa-miR-3928-3p,0.03204059600830078
Classical Swine Fever,hsa-miR-20b*,0.032027892768383026
Nevi and Melanomas,hsa-miR-20b*,0.03202661871910095
Chronic  Rhinosinusitis With Nasal Polyps,hsa-miR-20b*,0.03199238330125809
Visceral Hypersensitivity,hsa-miR-3928-3p,0.03198583424091339
succinic semialdehyde dehydrogenase deficiency,hsa-miR-3928-3p,0.031967900693416595
Inflammation and Chronic,hsa-miR-20b*,0.03195717930793762
Inflammation and Chronic,hsa-miR-3928-3p,0.031954534351825714
Crisponi syndrome,hsa-miR-3928-3p,0.031950466334819794
Asthma and Chronic,hsa-miR-3928-3p,0.03193991631269455
Venous Neointimal Hyperplasia,hsa-miR-20b*,0.03193094581365585
Neutropenia,hsa-miR-20b*,0.031930141150951385
Neutropenia,hsa-miR-3928-3p,0.03192761540412903
Primary Gastrointestinal Diffuse Large B-Cell Lymphoma ,hsa-miR-20b*,0.031886473298072815
Angioedemas and Hereditary,hsa-miR-20b*,0.03185630589723587
Ischemic Stroke and Cerebral,hsa-miR-3928-3p,0.03184814751148224
Rhabdoviridae Infections,hsa-miR-3928-3p,0.03183712810277939
Splenic Neoplasms,hsa-miR-20b*,0.03181561827659607
Splenic Neoplasms,hsa-miR-3928-3p,0.03181297332048416
Spinal Cord Compression,hsa-miR-3928-3p,0.03178432583808899
Juvenile gout,hsa-miR-20b*,0.03173559159040451
Granuloma,hsa-miR-3928-3p,0.031717754900455475
Scleral Diseases,hsa-miR-20b*,0.03166705369949341
Amebiasis,hsa-miR-3928-3p,0.031645312905311584
Testicular Neoplasms,hsa-miR-20b*,0.031630903482437134
Inflammation and Chronic,hsa-let-7a-5p,0.03160041570663452
Reperfusion Injury and Testicular Ischemia,hsa-let-7a-5p,0.031576238572597504
Posterior Segment Ocular Diseases,hsa-miR-1224-5p,0.03152935951948166
Wiskott-Aldrich Syndrome,hsa-miR-4459,0.03147680312395096
Sleep Initiation and Maintenance Disorders,hsa-miR-4459,0.03145667910575867
Lymphoma and Extranodal NK-T-Cell,hsa-miR-4459,0.03145222365856171
Infant Nutrition Disorders,hsa-miR-4459,0.03144737333059311
Virus Diseases,hsa-miR-4459,0.031446054577827454
acute myocardial infarction,hsa-miR-4459,0.031444109976291656
Myasthenia Gravis with Thymus Hyperplasia,hsa-miR-4459,0.031443849205970764
Peripheral Arterial Occlusive Disease 1,hsa-miR-4459,0.031443238258361816
Human Herpesvirus 6 encephalitis,hsa-miR-4459,0.03142745792865753
Renal Tubular Oxidative Injury,hsa-miR-4459,0.03142683953046799
Chronic Pain,hsa-miR-4459,0.031423673033714294
Adrenocortical Carcinoma and Pediatric,hsa-miR-4459,0.031420573592185974
Abortion and Spontaneous,hsa-miR-4459,0.031415581703186035
Prostatitis,hsa-miR-4459,0.031415365636348724
Distal arthrogryposis type 2B,hsa-miR-4459,0.03141089528799057
Blood Coagulation Disorders,hsa-miR-4459,0.0314055010676384
Malformations of Cortical Development,hsa-miR-4459,0.031402260065078735
uterine corpus endometrial carcinoma,hsa-miR-4459,0.03139996528625488
Vitamin D Deficiency,hsa-miR-4459,0.031398192048072815
Carcinoma and Squamous Cell and Cutaneous,hsa-miR-4459,0.03139762580394745
Hematoma and Subdural and Chronic,hsa-miR-4459,0.031396277248859406
Eosinophilic enteropathy,hsa-miR-4459,0.03139554709196091
Cancer-Associated Cachexia,hsa-miR-4459,0.031395114958286285
Thymoma,hsa-miR-4459,0.03139454871416092
Hepatorenal Syndrome,hsa-miR-4459,0.031393200159072876
Keratoconus,hsa-miR-4459,0.03139059990644455
Selenium Deficiency,hsa-miR-4459,0.031390316784381866
Staphylococcal Scalded Skin Syndrome,hsa-miR-4459,0.031384073197841644
Facial Nerve Injuries,hsa-miR-4459,0.03138373792171478
Epilepsy and Rolandic,hsa-miR-4459,0.03138309717178345
Venous Thrombosis,hsa-miR-4459,0.03138120472431183
Femur Head Necrosis,hsa-miR-4459,0.031380169093608856
Reperfusion Injury and Intestinal Ischemia,hsa-miR-4459,0.03138002008199692
Leiomyosarcoma,hsa-miR-4459,0.03137917071580887
torsion dystonia 1,hsa-miR-4459,0.03137839585542679
Corneal Diseases,hsa-miR-4459,0.03137718886137009
Tuberculosis and Spinal,hsa-miR-4459,0.031375765800476074
Graft vs Host Disease,hsa-miR-4459,0.03137349337339401
Squamous Intraepithelial Lesions and Cervical,hsa-miR-4459,0.03137153387069702
ACTH Syndrome and Ectopic,hsa-miR-4459,0.03137051314115524
rectum adenocarcinoma,hsa-miR-4459,0.03136973828077316
Kahrizi Syndrome,hsa-miR-4459,0.03136829286813736
Depressive Disorder,hsa-miR-4459,0.031365640461444855
von Willebrand Diseases,hsa-miR-4459,0.031363703310489655
Welander distal myopathy and Swedish type,hsa-miR-4459,0.03136315941810608
Sveinsson Chorioretinal Atrophy,hsa-miR-4459,0.031362853944301605
Skin Pigmentation,hsa-miR-4459,0.03136187791824341
Leptomeningeal Metastasis,hsa-miR-4459,0.03136079013347626
Aortic Diseases,hsa-miR-4459,0.03135991841554642
Laryngeal Papilloma,hsa-miR-4459,0.031357333064079285
Mast Cell Tumors,hsa-miR-4459,0.03135686367750168
Autism Spectrum Disorder,hsa-miR-4459,0.03135501593351364
Drug Hypersensitivity,hsa-miR-4459,0.0313548743724823
brachydactyly type D,hsa-miR-4459,0.03135482966899872
Endothelial Dysfunction ,hsa-miR-4459,0.03135362267494202
Deltaretrovirus Infections,hsa-miR-4459,0.03135301172733307
Sepsis Induced Liver Injury,hsa-miR-4459,0.03135227411985397
Halal syndrome,hsa-miR-4459,0.03135211020708084
Leukemia and Promyelocytic and Acute,hsa-miR-4459,0.0313478484749794
Non-Segmental Vitiligo,hsa-miR-181b-3p,0.0313478484749794
Angina and Unstable,hsa-miR-4459,0.031347304582595825
Albuminuria,hsa-miR-4459,0.031346313655376434
Prader-Willi Syndrome,hsa-miR-4459,0.03134484589099884
Neural Tube Defects,hsa-miR-4459,0.03134462982416153
Environmental Illness,hsa-miR-4459,0.0313434973359108
Airway Inflammation,hsa-miR-4459,0.031340569257736206
Polyposis Syndrome and Hereditary Mixed and 1,hsa-let-7a-5p,0.03133799135684967
Chronic Disease,hsa-miR-4459,0.03133753687143326
Bone Marrow Diseases,hsa-miR-4459,0.031335264444351196
Sarcoidosis,hsa-miR-4459,0.03133420646190643
Cholera,hsa-miR-4459,0.03133401274681091
Cleidocranial Dysplasia,hsa-miR-4459,0.0313337966799736
Gingivitis,hsa-miR-4459,0.031332828104496
Leukemia and Myelomonocytic and Chronic,hsa-miR-4459,0.031330227851867676
Tracheal Diseases,hsa-miR-4459,0.0313277393579483
Polyposis Syndrome and Hereditary Mixed and 1,hsa-miR-1224-5p,0.03132744878530502
Kidney Calculi,hsa-miR-4459,0.03132528066635132
Multicystic renal dysplasia and bilateral,hsa-miR-4459,0.031324148178100586
Seizures and Febrile,hsa-miR-4459,0.03132348507642746
nonsyndromic congenital nail disorder 7,hsa-miR-4459,0.0313233882188797
Rett Syndrome,hsa-miR-4459,0.031321898102760315
Dwarfism,hsa-miR-4459,0.03132066875696182
Adrenocortical Carcinoma,hsa-miR-4459,0.03132040798664093
Arrest of spermatogenesis,hsa-miR-4459,0.03131929785013199
Bronchiolitis Obliterans,hsa-miR-4459,0.03131718933582306
Vascular System Injuries,hsa-miR-4459,0.031315915286540985
Colonic Polyps,hsa-miR-4459,0.03131565451622009
MPTP Poisoning,hsa-miR-4459,0.03131543844938278
Aspergillosis and Allergic Bronchopulmonary,hsa-miR-4459,0.0313153937458992
Central Nervous System Bacterial Infections,hsa-miR-4459,0.03131529688835144
Palatal Neoplasms,hsa-miR-4459,0.031314730644226074
Glossitis and Benign Migratory,hsa-miR-4459,0.0313120111823082
Cerebral Cortical Thinning,hsa-miR-4459,0.03131108731031418
Hypotension,hsa-miR-4459,0.0313110426068306
Scleral Diseases,hsa-let-7a-5p,0.03131017088890076
salivary gland mucoepidermoid carcinoma,hsa-miR-4459,0.03130893409252167
Nephrosclerosis,hsa-miR-4459,0.03130827099084854
Polycystic lipomembranous osteodysplasia with sclerosing leukoencephalopathy,hsa-miR-4459,0.03130803257226944
Intrahepatic Cholestasis of Pregnancy,mmu-miR-701,0.031306445598602295
Acne Vulgaris,hsa-miR-4459,0.031305789947509766
Hepatitis C and Chronic,hsa-miR-4459,0.03130285441875458
Small Cell Lung Carcinoma,hsa-miR-4459,0.03130200505256653
Dacryocystitis,hsa-miR-4459,0.03130195289850235
Cyprinid Herpesvirus 3,hsa-miR-4459,0.031301505863666534
Immunoglobulin G4-Related Disease,hsa-miR-4459,0.03130084276199341
Folliculotropic Mycosis Fungoides,hsa-miR-4459,0.03130006045103073
Colitis and Ulcerative,hsa-miR-4459,0.03129719942808151
invasive aspergillosis,hsa-miR-4459,0.03129703551530838
Hyperalgesia,hsa-miR-4459,0.03129687160253525
Post-Dural Puncture Headache,hsa-miR-4459,0.03129415214061737
Megalencephalic leukoencephalopathy with subcortical cysts,hsa-miR-4459,0.03129401057958603
Retinal Detachment,hsa-miR-4459,0.03129367530345917
Glomus Tumor,hsa-miR-4459,0.031293466687202454
Langer mesomelic dysplasia,hsa-miR-4459,0.03129306435585022
Polymyositis,hsa-miR-4459,0.03129183501005173
Heart Diseases and Congenital,hsa-miR-4459,0.03129071742296219
Respiratory Syncytial Virus Infections,hsa-miR-4459,0.031289465725421906
Carcinoma and Small Cell,hsa-miR-4459,0.03128930181264877
Hcv Associated Disorders,hsa-miR-4459,0.03128896653652191
Obsessive-Compulsive Disorder,hsa-miR-4459,0.031287290155887604
SHORT syndrome,hsa-miR-4459,0.031285278499126434
Liver Failure,hsa-miR-4459,0.03128187358379364
esophageal carcinoma,hsa-miR-4459,0.03128182142972946
Cerebral Infarction,hsa-miR-4459,0.03128078579902649
diarrhea predominant irritable bowel syndrome (IBS-D),hsa-miR-4459,0.031280383467674255
Enzootic Bovine Leukosis,hsa-miR-4459,0.03127988427877426
Infarction and Middle Cerebral Artery,hsa-miR-4459,0.031279340386390686
Collagen Diseases,hsa-miR-4459,0.031276024878025055
Alveolar Bone Loss,hsa-miR-4459,0.0312749445438385
Inflammation and Post Stroke,hsa-miR-4459,0.031274281442165375
Graves Disease,hsa-miR-4459,0.031274110078811646
Atrial Premature Complexes,hsa-miR-4459,0.03127375990152359
Tembusu virus,hsa-miR-4459,0.03127364069223404
Growth Hormone-Secreting Pituitary Adenoma,hsa-miR-4459,0.03127337992191315
Frontonasal dysplasia,hsa-miR-4459,0.031273163855075836
Bicuspid Aortic Valve Disease,hsa-miR-4459,0.03127261996269226
Arthritis,hsa-miR-4459,0.03127210587263107
Gastric   Cancer,hsa-miR-4459,0.0312715545296669
Ehlers-Danlos Syndrome,hsa-miR-4459,0.031271420419216156
Bird Diseases,hsa-miR-4459,0.03127028048038483
Lissencephaly,hsa-miR-4459,0.03126943111419678
Pulmonary Edema,hsa-miR-4459,0.03126836568117142
Iron Metabolism Disorders,hsa-miR-4459,0.031268082559108734
Lacrimal Adenoid   Cystic Carcinoma,hsa-miR-4459,0.03126779943704605
Carotid Artery Injuries,hsa-miR-4459,0.03126280754804611
Glima,hsa-miR-4459,0.03125951439142227
Lymphoma and Natural   Killer/T-Cell,hsa-miR-4459,0.03125781565904617
Cushing Syndrome,hsa-miR-4459,0.031253837049007416
Multiple Pulmonary Nodules,hsa-miR-4459,0.03125019371509552
Syphilis and primary,hsa-miR-4459,0.031248895451426506
Bacterial Infections,hsa-miR-4459,0.031248444691300392
Peritoneal Hyalinizing Vasculopathy,hsa-miR-4459,0.031248396262526512
Parathyroid Neoplasms,hsa-miR-4459,0.031245486810803413
Colorectal   Adenocarcinoma,hsa-miR-4459,0.031244685873389244
Bone Pain,hsa-miR-4459,0.031244469806551933
Alopecia,hsa-miR-4459,0.031241467222571373
Aortic Aneurysm,hsa-miR-4459,0.031240353360772133
Endotoxemia,hsa-miR-4459,0.031239880248904228
Ankle Fractures,hsa-miR-4459,0.031238416209816933
Tetralogy of Fallot,hsa-miR-4459,0.031237704679369926
Malaria and Vivax,hsa-miR-4459,0.031235409900546074
Mesothelioma and Malignant and Pleural,hsa-miR-4459,0.031235339120030403
Myotonic Dystrophy,hsa-miR-140-3p,0.031231461092829704
Bk Virus Infections,hsa-miR-4459,0.031228406354784966
Cysts,hsa-miR-4459,0.03122500143945217
Premature Ejaculation,hsa-miR-4459,0.031224360689520836
Microvascular Rarefaction,hsa-miR-4459,0.031221119686961174
Hydatidiform Mole,hsa-miR-4459,0.031215256080031395
Intracranial  Aneurysm,hsa-miR-4459,0.031211799010634422
Necrobiotic Disorders,hsa-miR-4459,0.031207138672471046
Diabetic Neuropathies,hsa-miR-4459,0.03120647929608822
Chorioamnionitis,hsa-miR-4459,0.031203830614686012
Spinal Cord Diseases,hsa-miR-4459,0.03120136819779873
Focal Infection,hsa-miR-4459,0.03119923733174801
Nonsyndromic sensorineural hearing loss,hsa-miR-4459,0.031197914853692055
Nervous Necrosis Virus Infectious,hsa-miR-4459,0.031188948079943657
Anodontia,hsa-miR-4459,0.03118419460952282
Hyperplasia,hsa-miR-4459,0.031182819977402687
Weight Loss,hsa-miR-4459,0.031180361285805702
Neurosyphilis,hsa-miR-4459,0.03118014894425869
Primary Ovarian Insufficiency,hsa-miR-4459,0.03117896430194378
Conjunctivitis and Allergic,hsa-miR-4459,0.03116999752819538
Hearing Loss,hsa-miR-4459,0.031163731589913368
"Muscular Atrophy, Spinal",hsa-miR-4459,0.031161220744252205
Stillbirth,hsa-miR-4459,0.03113330714404583
Acute Pulmonary Embolism,hsa-miR-4459,0.031132148578763008
Stress Disorders and Traumatic,hsa-miR-4459,0.031126612797379494
Microphthalmos,hsa-miR-4459,0.031121881678700447
Duodenal Ulcer,hsa-miR-4459,0.031105084344744682
Oropharyngeal Neoplasms,hsa-miR-4459,0.031104588881134987
Mobility Limitation,hsa-miR-4459,0.031104328110814095
Vitamin B Deficiency,hsa-miR-4459,0.031101180240511894
Prion Diseases,hsa-miR-4459,0.031100330874323845
Mycobacterium avium-intracellulare Infection,hsa-miR-4459,0.03109642304480076
Thymus Neoplasms,hsa-miR-4459,0.031096214428544044
Scholte syndrome,hsa-miR-4459,0.031094012781977654
Delayed Graft Function,hsa-miR-4459,0.03109044022858143
Encephalomyelitis and Acute Disseminated,hsa-miR-4459,0.03108859620988369
Respiratory Distress Syndrome and Newborn,hsa-miR-4459,0.03108558990061283
Oligospermia,hsa-miR-4459,0.03108544833958149
Opioid-Related Disorders,hsa-miR-4459,0.03108539991080761
Hyperandrogenism,hsa-miR-4459,0.03108539991080761
Idiopathic Condylar Resorption,hsa-miR-4459,0.031081663444638252
Pigmentation Disorders,hsa-miR-4459,0.03107530064880848
Craniosynostosis radial aplasia syndrome,hsa-miR-4459,0.031073668971657753
Diabetes Of The Exocrine Pancreas ,hsa-miR-4459,0.031072745099663734
Acute Coronary Syndrome ,hsa-miR-4459,0.031069645658135414
Leukemia and Myeloid and Chronic and Atypical and BCR-ABL Negative,hsa-miR-4459,0.031068911775946617
Epidermodysplasia Verruciformis,hsa-miR-4459,0.031066926196217537
Oophoritis,hsa-miR-4459,0.031062809750437737
Bronchiectasis With Or Without Elevated Sweat Chloride 1,hsa-miR-4459,0.031062645837664604
Zika Virus Infection,hsa-miR-4459,0.03106207586824894
Adenine phosphoribosyltransferase deficiency,hsa-miR-4459,0.03105798177421093
Uterine Diseases,hsa-miR-4459,0.03105696476995945
Tourette Syndrome,hsa-miR-4459,0.03105412982404232
Heart Failure and Systolic,hsa-miR-4459,0.03105185739696026
Depression and Post Stroke,hsa-miR-4459,0.031050676479935646
Oculocutaneous Albinism Type 3,hsa-miR-4459,0.031047293916344643
Gluteal Muscle Contracture,hsa-miR-4459,0.031046392396092415
Histiocytic Sarcoma,hsa-miR-4459,0.031046343967318535
Intracranial Arterial Diseases,hsa-miR-4459,0.031039388850331306
Early Embryonic Arrestdagger,hsa-miR-4459,0.031038960441946983
HTLV-II Infections,hsa-miR-4459,0.03103863261640072
Eclampsia,hsa-miR-4459,0.031036807224154472
Myositis,hsa-miR-4459,0.03103659488260746
Multiple Chronic Conditions,hsa-miR-4459,0.03103657253086567
Arteriosclerosis,hsa-miR-4459,0.031036192551255226
ABCD syndrome,hsa-miR-4459,0.031035510823130608
Sexually Transmitted Diseases,hsa-miR-4459,0.031031204387545586
Erectile Dysfunction,hsa-miR-4459,0.031030328944325447
Migraine Disorders,hsa-miR-4459,0.031027087941765785
Early-Stage Malignant Melanoma,hsa-miR-4459,0.031022826209664345
Osteochondritis Dissecans,hsa-miR-4459,0.031022334471344948
Olfaction Disorders,hsa-miR-4459,0.03102152608335018
Sexual Dysfunctions and Psychological,hsa-miR-4459,0.031017931178212166
Fatty Liver,hsa-miR-4459,0.031017767265439034
Liposarcoma and Myxoid,hsa-miR-329-5p,0.031017223373055458
Hepatic Veno-Occlusive Disease,hsa-miR-4459,0.031015684828162193
C syndrome,hsa-miR-4459,0.031014787033200264
Intracranial Aneurysm,hsa-miR-4459,0.031010834500193596
Papillary Thyroid Microcarcinoma,hsa-miR-4459,0.03100738115608692
Smooth Muscle Tumor,hsa-miR-4459,0.031005537137389183
White Dot Syndromes,hsa-miR-4459,0.03100418858230114
Sexually Transmitted Diseases and Viral,hsa-miR-4459,0.030998272821307182
Obesity and Osteosarcopenic,hsa-miR-4459,0.030994633212685585
Sarcopenia,hsa-miR-4459,0.030992338433861732
Immune System Diseases,hsa-miR-4459,0.030987581238150597
Ossification of Posterior Longitudinal Ligament,hsa-miR-4459,0.030974382534623146
Rectal Injury,hsa-miR-4459,0.03097369335591793
Neoplastic Cells and Circulating,hsa-miR-4459,0.030972154811024666
Fluorosis and Dental,hsa-miR-4459,0.030969103798270226
Blood Platelet Disorders,hsa-miR-4459,0.030967140570282936
Postural Orthostatic Tachycardia Syndrome,hsa-miR-4459,0.030962767079472542
Cystoid Macular Edema and Diabetic,hsa-miR-4459,0.03096122480928898
Condylomata Acuminata,hsa-miR-4459,0.030956236645579338
non-alcoholic steatohepatitis,hsa-miR-4459,0.03095441497862339
Myotonic Disorders,hsa-miR-4459,0.030941234901547432
Chronic   Pelvic Pain Syndrome,hsa-miR-219-1-3p,0.030925335362553596
Lung Diseases and Interstitial,hsa-miR-4459,0.030914006754755974
Reperfusion Injury and Testicular Ischemia,hsa-miR-329-5p,0.0308943223208189
Lupus Vasculitis and Central Nervous System,hsa-miR-219-1-3p,0.030857915058732033
Urticaria,hsa-miR-329-5p,0.030669229105114937
Nevi and Melanomas,hsa-miR-3591-5p,0.030592510476708412
Giardiasis,hsa-miR-19a-5p,0.030412523075938225
Chills,hsa-miR-19a-5p,0.030348030850291252
Choroid Diseases,hsa-miR-19a-5p,0.030342092737555504
Vitelliform Macular Dystrophy,hsa-miR-19a-5p,0.030331185087561607
Classical Swine Fever,hsa-miR-19a-5p,0.030309470370411873
Renal Artery Obstruction,hsa-miR-19a-5p,0.030307507142424583
Periodontitis and Diabetic,hsa-miR-19a-5p,0.03030608780682087
Laryngopharyngeal Neoplasms,hsa-miR-19a-5p,0.0302970502525568
Chronic Inflammation,hsa-miR-19a-5p,0.0302958432585001
Laryngeal Papillomas,hsa-miR-19a-5p,0.030290475115180016
Equine Infectious Anemia,hsa-miR-19a-5p,0.03026033379137516
Autoimmune Diseases of the Nervous System,hsa-miR-211-3p,0.03025989420711994
Neonatal Encephalopathy,hsa-miR-19a-5p,0.03025827743113041
Myeloma Bone Disease,hsa-miR-19a-5p,0.03025726042687893
D-bifunctional protein deficiency,hsa-miR-199a*-2,0.030257204547524452
Autoimmune Pancreatitis,hsa-miR-19a-5p,0.030253877863287926
Rhabdoid Tumor and Kidney,hsa-miR-19a-5p,0.030243894085288048
Vaginosis and Bacterial,hsa-miR-19a-5p,0.030230974778532982
Phyllodes Tumor and Breast,hsa-miR-19a-5p,0.030219456180930138
Chronic Rhinosinusitis With Nasal  Polyps,hsa-miR-19a-5p,0.03021654300391674
Venous Neointimal Hyperplasia,hsa-miR-19a-5p,0.03021240420639515
Brain   Ventricle Enlargement,hsa-miR-19a-5p,0.03020639531314373
Tricuspid Valve Insufficiency,hsa-miR-19a-5p,0.030200956389307976
Posterior Segment Ocular Diseases,hsa-miR-19a-5p,0.030178362503647804
Primary Gastrointestinal Diffuse Large B-Cell Lymphoma ,hsa-miR-19a-5p,0.030168047174811363
Angioedemas and Hereditary,hsa-miR-19a-5p,0.030138002708554268
Neoplasms by Histologic Type,hsa-miR-19a-5p,0.03013734333217144
Pneumoconiosis,hsa-miR-19a-5p,0.030123883858323097
Brugada Syndrome,hsa-miR-19a-5p,0.030115695670247078
Angioedemas and Hereditary,hsa-miR-378d,0.030082223936915398
Ceroid lipofuscinosis and neuronal 5,hsa-miR-351,0.030066916719079018
Respiratory Paralysis,hsa-miR-199a*-2,0.03003511019051075
N acetyltransferase deficiency,hsa-mir-8080,0.03003019280731678
Univentricular Heart,hsa-miR-3202,0.03002079389989376
Hemorrhagic Fever and Ebola,hsa-mir-8080,0.030015738680958748
Thyroiditis and Subacute,hsa-mir-8080,0.030015597119927406
Laron Syndrome,hsa-mir-8080,0.03001069836318493
Infantile convulsions and paroxysmal choreoathetosis and familial,hsa-miR-19a-5p,0.03000914491713047
Ovarian Neoplasms and Serous,hsa-miR-3202,0.03000754304230213
Body Weight,hsa-miR-3202,0.03000740520656109
Carotid Stenosis,hsa-mir-8080,0.02999752201139927
Meningitis and Bacterial,hsa-mir-8080,0.029994873329997063
Classical Swine Fever,hsa-miR-3202,0.029994582757353783
Autoimmune Diseases of the Nervous System,hsa-miR-3202,0.0299942996352911
Heart Valve Diseases,hsa-mir-8080,0.02999132312834263
Ventricular Dysfunction and Left,hsa-mir-8080,0.0299894567579031
Enterocolitis and Pseudomembranous,hsa-mir-8080,0.02998654730618
Fluoride Poisoning,hsa-miR-351,0.029985586181282997
Pediatric Obesity,hsa-mir-8080,0.02998449094593525
Leg Ulcer,hsa-mir-8080,0.029980087652802467
Tuberous Sclerosis 1,hsa-mir-8080,0.029978929087519646
Myotonic Dystrophy,hsa-miR-3202,0.02997700311243534
Parkinsonian Disorders,hsa-mir-8080,0.0299761351197958
Blood Coagulation Disorders,hsa-mir-8080,0.029975520446896553
Lumbar Disc   Herniation,hsa-mir-8080,0.029970386996865273
Thymoma,hsa-mir-8080,0.029964448884129524
Hepatorenal Syndrome,hsa-mir-8080,0.029962697997689247
Foot-and-Mouth Disease,hsa-mir-8080,0.029961278662085533
Cystadenocarcinoma and Serous and Endometrial,hsa-mir-8080,0.029959363862872124
Staphylococcal Scalded Skin Syndrome,hsa-mir-8080,0.0299538504332304
Facial Nerve Injuries,hsa-mir-8080,0.029953351244330406
Fetal Macrosomia,hsa-mir-8080,0.029952360317111015
Thyroid Carcinoma and Anaplastic,hsa-mir-8080,0.029950985684990883
Femur Head Necrosis,hsa-mir-8080,0.02994982711970806
Low Tension Glaucoma,hsa-mir-8080,0.029947815462946892
Meniere Disease,hsa-mir-8080,0.029947487637400627
Corneal Diseases,hsa-mir-8080,0.02994679845869541
Fibrous Dysplasia and Polyostotic,hsa-mir-8080,0.02994663454592228
Neoplasms and Multiple Primary,hsa-mir-8080,0.02994587831199169
Cerebral Intraventricular Hemorrhage,hsa-mir-8080,0.029943393543362617
Simian Acquired Immunodeficiency Syndrome,hsa-mir-8080,0.029943348839879036
Brain Neoplasms,hsa-mir-8080,0.029942849650979042
Squamous Intraepithelial Lesions and Cervical,hsa-mir-8080,0.029941266402602196
Short Stature and Idiopathic and Autosomal,hsa-mir-8080,0.029941217973828316
rectum adenocarcinoma,hsa-mir-8080,0.02993946708738804
Gynatresia,hsa-mir-8080,0.029938900843262672
Finnish lethal neonatal metabolic syndrome,hsa-mir-8080,0.029938189312815666
Craniofacial Abnormalities,hsa-mir-8080,0.02993781305849552
Depressive Disorder,hsa-mir-8080,0.02993537299335003
Welander distal myopathy and Swedish type,hsa-mir-8080,0.029932888224720955
Gastric Intestinal   Metaplasia,hsa-mir-8080,0.02993154339492321
Bone Regeneration,hsa-mir-8080,0.029931070283055305
Mast Cell Tumors,hsa-mir-8080,0.0299264807254076
Drug Hypersensitivity,hsa-mir-8080,0.029924778267741203
Encephalomyelitis and Enzootic Porcine,hsa-mir-8080,0.029924562200903893
Endothelial Dysfunction ,hsa-mir-8080,0.029923593625426292
Staphylococcal Infections,hsa-mir-8080,0.02992331050336361
Wound Infection,hsa-miR-3202,0.029921671375632286
Multiple Sclerosis and Chronic Progressive,hsa-mir-8080,0.029919976368546486
Crisponi syndrome,hsa-miR-3202,0.02991996891796589
Asthma-Chronic Obstructive Pulmonary Disease Overlap Syndrome,hsa-mir-8080,0.02991817705333233
Obstructive   Kidney Disease,hsa-miR-19a-5p,0.02991579659283161
DNA Repair-Deficiency Disorders,hsa-mir-8080,0.029914913699030876
Gastric Precancerous Lesion,hsa-mir-8080,0.029913989827036858
Chediak-Higashi Syndrome,hsa-miR-211-3p,0.029913345351815224
Environmental Illness,hsa-mir-8080,0.02991322986781597
Asthma and Chronic,hsa-miR-3202,0.029909366741776466
Optic atrophy 1 and deafness,hsa-miR-19a-5p,0.029907135292887688
Ataxia Neuropathy Spectrum,hsa-mir-8080,0.02990594692528248
Inflammatory Osteolysis,hsa-mir-8080,0.029904978349804878
Papillon-Lefevre Disease,hsa-mir-8080,0.029902750626206398
Malaria and Cerebral,hsa-mir-8080,0.029901260510087013
Bronchopulmonary Dysplasia,hsa-mir-8080,0.029899438843131065
Tracheal Diseases,hsa-mir-8080,0.029897475615143776
Neutropenia,hsa-miR-3202,0.029897114261984825
Neuroleptic Malignant Syndrome,hsa-mir-8080,0.02989390306174755
Multicystic renal dysplasia and bilateral,hsa-mir-8080,0.02989388071000576
Parasitic Diseases,hsa-mir-8080,0.029891962185502052
Dwarfism,hsa-mir-8080,0.029890449717640877
Gastritis and Hypertrophic,hsa-mir-8080,0.02988980896770954
Osteoarthritis and Spine,hsa-mir-8080,0.029889056459069252
Pleural Effusion and Malignant,hsa-mir-8080,0.029888251796364784
Fibrosarcoma,hsa-mir-8080,0.02988777495920658
Glaucoma,hsa-mir-8080,0.02988775260746479
Uremia,hsa-mir-8080,0.02988678403198719
Lattice corneal dystrophy type 1,hsa-miR-3202,0.02988561801612377
Acute Lymphoblastic Leukemia and B-Cell,hsa-mir-8080,0.029885387048125267
Coronary Restenosis,hsa-mir-8080,0.029883353039622307
Neurofibromatosis 2,hsa-mir-8080,0.02988259680569172
arteriosclerotic cardiovascular disease,hsa-mir-8080,0.02988259680569172
Cervical Intraepithelial Neoplasia,hsa-mir-8080,0.029882432892918587
salivary gland mucoepidermoid carcinoma,hsa-mir-8080,0.02987867034971714
Yellow Nail Syndrome,hsa-mir-8080,0.029871148988604546
Cyprinid Herpesvirus 3,hsa-mir-8080,0.029871122911572456
Immunoglobulin G4-Related Disease,hsa-mir-8080,0.02987062744796276
Rolandic Epilepsy and Mental Retardation and and Speech Dyspraxia and X-Linked,hsa-mir-8080,0.02986963279545307
Exanthema,hsa-mir-8080,0.02986717037856579
ACTH-independent macronodular adrenal hyperplasia,hsa-mir-8080,0.029864737764000893
Rhinitis and Allergic and Seasonal,hsa-mir-8080,0.029863955453038216
Lip and Hamartomatous,hsa-mir-8080,0.029863836243748665
Arrhythmogenic Heart Diseases,hsa-mir-8080,0.029863765463232994
Megalencephalic leukoencephalopathy with subcortical cysts,hsa-mir-8080,0.029863743111491203
Nephrosis and Lipoid,hsa-mir-8080,0.029862912371754646
Langer mesomelic dysplasia,hsa-mir-8080,0.029862677678465843
Psoriasis,hsa-mir-8080,0.029862111434340477
Polymyositis,hsa-mir-8080,0.029861612245440483
Hirschsprung Disease,hsa-mir-8080,0.029860002920031548
Respiratory Syncytial Virus Infections,hsa-mir-8080,0.02985936589539051
Testicular Diseases,hsa-mir-8080,0.029858773574233055
Obsessive-Compulsive Disorder,hsa-mir-8080,0.029857071116566658
Diabetic Keratopathy,hsa-mir-8080,0.029855651780962944
SHORT syndrome,hsa-mir-8080,0.029854772612452507
Gastric And Colon Cancer,hsa-mir-8080,0.029853971675038338
Primary Gastrointestinal Diffuse Large B-Cell Lymphoma ,hsa-miR-3202,0.029853446409106255
Cirrhotic Cardiomyopathy,hsa-mir-8080,0.029852362349629402
Mastitis,hsa-mir-8080,0.02985205687582493
Vascular Remodeling,hsa-mir-8080,0.029850730672478676
Infarction and Middle Cerebral Artery,hsa-mir-8080,0.02984900213778019
Hypoxia-Ischemia and Brain,hsa-mir-8080,0.029848838225007057
Alveolar Bone Loss,hsa-mir-8080,0.029844677075743675
Hyperinsulinism,hsa-mir-8080,0.029844580218195915
Brain Injuries and Traumatic,hsa-mir-8080,0.029842568561434746
Ehlers-Danlos Syndrome,hsa-mir-8080,0.02984103001654148
renal fibrosis,hsa-mir-8080,0.029840154573321342
Cardiomyopathy dilated with woolly hair and keratoderma,hsa-mir-8080,0.02983998693525791
Bird Diseases,hsa-mir-8080,0.02983989380300045
Pulmonary Edema,hsa-mir-8080,0.029838262125849724
Glima,hsa-mir-8080,0.029829414561390877
Lymphoma and Natural   Killer/T-Cell,hsa-mir-8080,0.029827548190951347
Osteolysis,hsa-mir-8080,0.029827287420630455
Hyperlipoproteinemia Type II,hsa-mir-8080,0.029825890436768532
Precursor T-Cell Lymphoblastic Leukemia-Lymphoma,hsa-mir-8080,0.029824091121554375
Acute Aortic   Dissection,hsa-mir-8080,0.02982376329600811
Cushing Syndrome,hsa-mir-8080,0.02982369251549244
Duane Retraction Syndrome,hsa-mir-8080,0.029822034761309624
Coronary Artery  Disease,hsa-mir-8080,0.02981855534017086
Peritoneal Hyalinizing Vasculopathy,hsa-mir-8080,0.029818417504429817
Encephalomyelitis and Western Equine,hsa-mir-8080,0.02981536276638508
Intestinal Neoplasms,hsa-mir-8080,0.029813775792717934
Brain Injury and Chronic,hsa-mir-8080,0.02981155551970005
Alopecia,hsa-mir-8080,0.02981131710112095
Splenic Diseases,hsa-mir-8080,0.029809778556227684
Chagas Disease,hsa-mir-8080,0.029808884486556053
Tetralogy of Fallot,hsa-mir-8080,0.02980748377740383
Malaria and Vivax,hsa-mir-8080,0.02980518899857998
Brugada Syndrome,hsa-miR-3202,0.02980109117925167
Fragile X Syndrome,hsa-mir-8080,0.029794970527291298
Cysts,hsa-mir-8080,0.029794780537486076
Colon   Adenocarcinoma,hsa-mir-8080,0.02979104407131672
Microvascular Rarefaction,hsa-mir-8080,0.02979097329080105
Hypertrophy and Right Ventricular,hsa-mir-8080,0.02978375367820263
Osteonecrosis,hsa-mir-8080,0.029781369492411613
Borderline Personality Disorder,hsa-mir-8080,0.029779287055134773
Necrobiotic Disorders,hsa-mir-8080,0.029777156189084053
Anterior Cruciate Ligament Injuries,hsa-mir-8080,0.029774555936455727
Neoplasms and Germ Cell and Embryonal,hsa-mir-8080,0.029771054163575172
Nonsyndromic sensorineural hearing loss,hsa-mir-8080,0.029767649248242378
Nervous Necrosis Virus Infectious,hsa-mir-8080,0.02975868247449398
Hypersensitivity and Immediate,hsa-mir-8080,0.029754208400845528
Weight Loss,hsa-mir-8080,0.029750211164355278
Thrombotic Stroke,hsa-mir-8080,0.0297472532838583
Multiple Trauma,hsa-mir-8080,0.029741814360022545
Carcinogenesis,hsa-mir-8080,0.029738595709204674
Hand and Foot and Mouth Disease,hsa-mir-8080,0.02973024733364582
Meningitis and Fungal,hsa-mir-8080,0.029729584231972694
Carcinoma and Basal Cell and Skin,hsa-mir-8080,0.029725586995482445
Peripartum Cardiomyopathy ,hsa-mir-8080,0.029716523364186287
Extra-Hepatic Portal Venous  Obstruction ,hsa-mir-8080,0.029701197519898415
Tauopathies,hsa-miR-1975,0.029685525223612785
CREST Syndrome,hsa-mir-8080,0.029670605435967445
Adrenocortical Adenoma,hsa-miR-3202,0.02965671382844448
Classical Swine Fever,hsa-miR-3934-5p,0.029650000855326653
Allograft Rejection and Antibody-Mediated,hsa-mir-8080,0.029645176604390144
Meniscus Degeneration,hsa-miR-3202,0.029643015936017036
Diabetes Of The Exocrine Pancreas ,hsa-mir-8080,0.02964264340698719
late onset Parkinson's disease,hsa-mir-8080,0.02964181639254093
Pleuropulmonary blastoma,hsa-mir-8080,0.02963987924158573
Acute Coronary Syndrome ,hsa-mir-8080,0.029639380052685738
Thinness,hsa-mir-8080,0.029637938365340233
Bronchiectasis With Or Without Elevated Sweat Chloride 1,hsa-mir-8080,0.02963266335427761
Cholestasis and Intrahepatic,hsa-mir-8080,0.029630718752741814
Rotator Cuff,hsa-mir-8080,0.02963034249842167
dystonia 5,hsa-mir-8080,0.029629042372107506
frontotemporal dementia,hsa-mir-8080,0.029626699164509773
Depression and Post Stroke,hsa-mir-8080,0.02962028793990612
Schopf-Schulz-Passarge Syndrome,hsa-mir-8080,0.02961726300418377
Histiocytic Sarcoma,hsa-mir-8080,0.02961631678044796
Trophoblastic Neoplasms,hsa-mir-8080,0.029612766578793526
Darier Disease,hsa-mir-8080,0.02961127646267414
Hyperaldosteronism,hsa-miR-3202,0.029611079022288322
Intestinal Fistula,hsa-mir-8080,0.02961002103984356
Large Artery  Atherosclerosis,hsa-mir-8080,0.029609644785523415
Arbovirus Infections,hsa-mir-8080,0.02960900403559208
Early Embryonic Arrestdagger,hsa-mir-8080,0.029608743265271187
Arthritis and Gouty,hsa-mir-8080,0.029606403782963753
Granulosa Cell Tumor,hsa-mir-8080,0.02960280515253544
Peritoneal Diseases,hsa-mir-8080,0.029593201354146004
Optic atrophy 1 and deafness,hsa-miR-3202,0.02959253080189228
Carotid Artery Diseases,hsa-mir-8080,0.029591189697384834
Fibrous Dysplasia of Bone,hsa-mir-8080,0.029590127989649773
Liposarcoma and Myxoid,hsa-miR-3666,0.02958948351442814
Cholangitis and Biliary and Primary,hsa-mir-8080,0.02958877943456173
Sexual Dysfunctions and Psychological,hsa-mir-8080,0.02958778478205204
Hepatic Veno-Occlusive Disease,hsa-mir-8080,0.029585467651486397
differentiated thyroid gland carcinoma,hsa-mir-8080,0.02958059497177601
Rotavirus Infections,hsa-mir-8080,0.02957836724817753
Retinal Neovascularization,hsa-mir-8080,0.02957654558122158
Smooth Muscle Tumor,hsa-mir-8080,0.02957555465400219
Digestive System Diseases,hsa-mir-8080,0.0295755285769701
von Hippel-Lindau Disease,hsa-mir-8080,0.029573684558272362
Hypogonadism,hsa-mir-8080,0.02956961654126644
Obesity and Osteosarcopenic,hsa-mir-8080,0.02956412546336651
Vesicular Stomatitis,hsa-mir-8080,0.029561666771769524
Immune System Diseases,hsa-mir-8080,0.029557598754763603
Paget Disease and Extramammary,hsa-mir-8080,0.029556630179286003
Dementia,hsa-mir-8080,0.029554972425103188
Salivary Gland Pleomorphic Adenoma,hsa-mir-8080,0.029549742117524147
Coronavirus Infections,hsa-mir-8080,0.029547588899731636
Urinary Calculi,hsa-miR-34b-5p,0.02953583560883999
Neoplasms and Mesothelial,hsa-miR-34b-5p,0.029534297063946724
Multiple Mitochondrial Dysfunctions Syndrome,hsa-miR-34b-5p,0.02952462248504162
Ventricular Premature Complexes,hsa-mir-8080,0.02949315495789051
Encephalitis and Tick-Borne,hsa-miR-218-1,0.02938455156981945
Pancreatitis and Acute Hemorrhagic,hsa-miR-34b-5p,0.029375722631812096
Juvenile gout,hsa-miR-3934-5p,0.02935781143605709
Urinary Calculi,hsa-miR-218-1,0.029323609545826912
Fetal Hypoxia,hsa-miR-211-5p,0.029319176450371742
Chronic   Pelvic Pain Syndrome,hsa-miR-218-1,0.029319116845726967
Lentivirus Infections,hsa-miR-218-1,0.029310768470168114
Splenic Neoplasms,hsa-miR-34b-5p,0.02928192727267742
Sepsis and Intensive Care Unit-Acquired,hsa-miR-218-1,0.02926158346235752
Neuropathic Low Back Pain,hsa-miR-199a*-2,0.02926100231707096
Wiskott-Aldrich Syndrome,mmu-miR-708,0.029248984530568123
Chronic  Rhinosinusitis With Nasal Polyps,hsa-miR-218-1,0.029246820136904716
Spinal muscular atrophy with respiratory distress 1,mmu-miR-708,0.029237324371933937
N acetyltransferase deficiency,mmu-miR-708,0.029232589527964592
Vitreoretinopathy and Proliferative,mmu-miR-708,0.029231788590550423
Myeloma Bone Disease,hsa-miR-218-1,0.02922988124191761
Hemoglobin Bart'S Hydrops   Fetalis Syndrome,mmu-miR-708,0.02922717295587063
Neurodevelopmental Disorders,mmu-miR-708,0.02922329492866993
Typical Teratoid Rhabdoid Tumor,mmu-miR-708,0.029218396171927452
Virus Diseases,mmu-miR-708,0.02921806462109089
Stiff-Person Syndrome,mmu-miR-708,0.029214752838015556
Pediatric Cystic Fibrosis,mmu-miR-708,0.02920588292181492
Hypocalciuric hypercalcemia and familial and type 1,mmu-miR-708,0.029203327372670174
Renal Tubular Oxidative Injury,mmu-miR-708,0.02919885329902172
Polycythemia Vera,mmu-miR-708,0.02919868938624859
Meningitis and Bacterial,mmu-miR-708,0.029197150841355324
sporatic amyotrophic lateral sclerosis,mmu-miR-708,0.029196610674262047
Familial primary gastric lymphoma,mmu-miR-708,0.02919592149555683
Vertigo,mmu-miR-708,0.029193295165896416
Adrenocortical Carcinoma and Pediatric,mmu-miR-708,0.02919270657002926
Tissue Adhesions,hsa-miR-218-1,0.02919248305261135
Ventricular Dysfunction and Left,mmu-miR-708,0.02919173799455166
Altitude Sickness,mmu-miR-708,0.029190385714173317
Prostatitis,mmu-miR-708,0.02918766625225544
Reperfusion Injury and Testicular Ischemia,hsa-miR-218-1,0.02918708510696888
Cholecystitis,mmu-miR-708,0.02918456681072712
Schistosomiasis,mmu-miR-708,0.02918270044028759
Glucose Intolerance,mmu-miR-708,0.029182320460677147
Diminished  Ovarian Reserve,hsa-miR-211-5p,0.02918071113526821
arthrogryposis and renal dysfunction and and cholestasis 1,mmu-miR-708,0.029179362580180168
primary biliary cholangitis 1,mmu-miR-708,0.029174989089369774
Hematoma and Subdural and Chronic,mmu-miR-708,0.02916817180812359
Leukemia and Myeloid,mmu-miR-708,0.02916436456143856
Dehydration,mmu-miR-708,0.029163701459765434
Postoperative Complications,mmu-miR-708,0.029161525890231133
Staphylococcal Scalded Skin Syndrome,mmu-miR-708,0.02915637008845806
Skeletal Muscle Dysplasia,hsa-miR-34b-5p,0.02915344573557377
Venous Thrombosis,mmu-miR-708,0.02915327064692974
Thromboangiitis Obliterans,mmu-miR-708,0.029152395203709602
Femur Head Necrosis,mmu-miR-708,0.029152346774935722
Reperfusion Injury and Intestinal Ischemia,mmu-miR-708,0.02915203757584095
Posterior Segment Ocular Diseases,hsa-miR-218-1,0.029150987043976784
White Spot Syndrome Virus  Infection,mmu-miR-708,0.029147854074835777
Tuberculosis and Spinal,mmu-miR-708,0.029147660359740257
ovary adenocarcinoma,mmu-miR-708,0.029143428429961205
Squamous Intraepithelial Lesions and Cervical,mmu-miR-708,0.029143428429961205
Adenomatous Polyposis Coli,mmu-miR-708,0.02914181910455227
Noonan syndrome-like disorder with loose anagen hair,mmu-miR-708,0.029141416773200035
Craniofacial Abnormalities,mmu-miR-708,0.02913997508585453
Bovine Virus Diarrhea-Mucosal Disease,mmu-miR-708,0.029138626530766487
Welander distal myopathy and Swedish type,mmu-miR-708,0.029135288670659065
Encephalomyelitis and Eastern Equine,mmu-miR-708,0.02913467399775982
Arthritis and Juvenile,mmu-miR-708,0.029134558513760567
Gastric Intestinal   Metaplasia,mmu-miR-708,0.029134059324860573
Bone Regeneration,mmu-miR-708,0.029133347794413567
Leptomeningeal Metastasis,mmu-miR-708,0.029132971540093422
Endometrial Fibrosis,mmu-miR-708,0.029130203649401665
Diminished  Ovarian Reserve,hsa-miR-218-1,0.029128937050700188
Wound Healing,mmu-miR-708,0.029128527268767357
Autism Spectrum Disorder,mmu-miR-708,0.029127316549420357
Drug Hypersensitivity,mmu-miR-708,0.029126940295100212
brachydactyly type D,mmu-miR-708,0.0291267242282629
Encephalomyelitis and Enzootic Porcine,mmu-miR-708,0.0291267242282629
Deltaretrovirus Infections,mmu-miR-708,0.029125140979886055
Heart Failure and Ischemic,mmu-miR-708,0.0291226077824831
Multiple Sclerosis and Chronic Progressive,mmu-miR-708,0.029122257605195045
Pancreatitis and Acute Necrotizing,mmu-miR-708,0.02912055142223835
Albuminuria,mmu-miR-708,0.029118327423930168
Hepatopulmonary Syndrome,mmu-miR-708,0.029117973521351814
Neural Tube Defects,mmu-miR-708,0.029116695746779442
Amebiasis,hsa-miR-34b-5p,0.029114386066794395
Hyperparathyroidism and Primary,mmu-miR-708,0.029113618656992912
Periodontal Diseases,mmu-miR-708,0.029110735282301903
Cumulative Trauma Disorders,mmu-miR-708,0.02910938672721386
Lipodystrophy,mmu-miR-708,0.02910851128399372
Morphine Dependence,mmu-miR-708,0.02910754270851612
Primary Graft Dysfunction,mmu-miR-708,0.0291073527187109
Biotinidase Deficiency,mmu-miR-708,0.029106570407748222
Cholera,mmu-miR-708,0.029106145724654198
Rupture,mmu-miR-708,0.029105814173817635
Cleidocranial Dysplasia,mmu-miR-708,0.029105739668011665
Diarrhea 5 and With Tufting Enteropathy and Congenital,mmu-miR-708,0.02910510264337063
Peripheral Blood Leukocytes,mmu-miR-708,0.029104629531502724
Pancreatitis,mmu-miR-708,0.029103612527251244
Exudative Vitreoretinopathy 4,mmu-miR-708,0.029102100059390068
Subarachnoid Hemorrhage,mmu-miR-708,0.029102006927132607
Bronchopulmonary Dysplasia,mmu-miR-708,0.029101839289069176
Malformations of Cortical Development and Group II,mmu-miR-708,0.029100963845849037
Cystic Fibrosis,mmu-miR-708,0.029098832979798317
Neuroleptic Malignant Syndrome,mmu-miR-708,0.02909618429839611
Multicystic renal dysplasia and bilateral,mmu-miR-708,0.02909616194665432
Ape Diseases,mmu-miR-708,0.029094645753502846
Hemangioma and Infantile,mmu-miR-708,0.029093442484736443
Spondylocheirodysplasia and Ehlers-Danlos Syndrome-Like,mmu-miR-708,0.02909308485686779
Adrenocortical Carcinoma,mmu-miR-708,0.029092425480484962
Heart Septal Defects and Atrial,mmu-miR-708,0.029091903939843178
Arrest of spermatogenesis,mmu-miR-708,0.029091479256749153
Bone Neoplasms,mmu-miR-708,0.029090935364365578
Ovarian Insufficiency and Premature,mmu-miR-708,0.02909090928733349
Pleural Effusion and Malignant,mmu-miR-708,0.029090648517012596
Bronchiolitis Obliterans,mmu-miR-708,0.029089374467730522
Choroidal Melanoma,mmu-miR-708,0.02908903919160366
Pleomorphic Sarcoma and Undifferentiated,mmu-miR-708,0.02908814139664173
Vascular System Injuries,mmu-miR-708,0.029087809845805168
Central Nervous System Bacterial Infections,mmu-miR-708,0.029087482020258904
Infarction,mmu-miR-708,0.029087407514452934
Shock and Septic,mmu-miR-708,0.029086532071232796
Gastrinoma,mmu-miR-708,0.029082605615258217
Multiple Organ Failure,mmu-miR-708,0.02907891385257244
Spermatic Cord Torsion,mmu-miR-708,0.029078418388962746
Acne Vulgaris,mmu-miR-708,0.02907797135412693
Acute Lymphoblastic Leukemia and T-Cell,mmu-miR-708,0.02907687984406948
polycystic kidney disease 3,mmu-miR-708,0.029076477512717247
Hemochromatosis,mmu-miR-708,0.029076477512717247
Acute Lymphocytic Leukemia and B-Cell,mmu-miR-708,0.029076123610138893
Hepatitis C and Chronic,mmu-miR-708,0.029075035825371742
Sick Sinus Syndrome,mmu-miR-708,0.029074372723698616
Salpingitis,mmu-miR-708,0.029073568060994148
Oral Ulcer,mmu-miR-708,0.029073307290673256
Folliculotropic Mycosis Fungoides,mmu-miR-708,0.029072126373648643
Kidney Failure and Chronic,mmu-miR-708,0.029070163145661354
Splenic Neoplasms,hsa-miR-218-1,0.029069701209664345
Enterovirus B and Human,mmu-miR-708,0.02906654216349125
Abortion and Septic,mmu-miR-708,0.02906651981174946
Lip and Hamartomatous,mmu-miR-708,0.029066236689686775
Retinal Detachment,mmu-miR-708,0.029065808281302452
Glomus Tumor,mmu-miR-708,0.029065480455756187
Heart Diseases and Congenital,mmu-miR-708,0.02906273491680622
Telangiectasia and Hereditary Hemorrhagic,mmu-miR-708,0.02906249649822712
Teratoid Rhabdoid Tumor and Atypical,mmu-miR-708,0.029062261804938316
Respiratory Syncytial Virus Infections,mmu-miR-708,0.02906152792274952
Neuropathic Lysosomal Storage Diseases,mmu-miR-708,0.02906062640249729
Retinal Dystrophies,mmu-miR-708,0.029059352353215218
Diabetic Keratopathy,mmu-miR-708,0.029057813808321953
Mitral Valve Insufficiency,mmu-miR-708,0.029055921360850334
Cleft Lip,mmu-miR-708,0.029055872932076454
Cirrhotic Cardiomyopathy,mmu-miR-708,0.02905464358627796
Infarction and Middle Cerebral Artery,mmu-miR-708,0.0290514025837183
Hypoxia-Ischemia and Brain,mmu-miR-708,0.029051238670945168
Syphilis,mmu-miR-708,0.029050977900624275
Chromate Resistance,mmu-miR-708,0.02904730848968029
Long Term Adverse Effects,mmu-miR-708,0.029045937582850456
Growth Hormone-Secreting Pituitary Adenoma,mmu-miR-708,0.02904539369046688
Skin Neoplasms,mmu-miR-708,0.029044566676020622
Arthritis,mmu-miR-708,0.029043877497315407
Reticuloendotheliosis Virus Infections,mmu-miR-708,0.029043668881058693
Acute Lung Injury,mmu-miR-708,0.029041560366749763
Hyperoxia-Induced Lung Injury,mmu-miR-708,0.029040614143013954
Obesity and Abdominal,mmu-miR-708,0.029040521010756493
Barrett Esophagus,mmu-miR-708,0.029039716348052025
Heart Defects and Congenital,mmu-miR-708,0.02903921715915203
Enterocolitis,mmu-miR-708,0.029037563130259514
dilated cardiomyopathy 1FF,mmu-miR-708,0.029037469998002052
Chronic recurrent multifocal osteomyelitis,mmu-miR-708,0.029035033658146858
Hereditary pancreatitis,mmu-miR-708,0.02903495915234089
Pulmonary edema of mountaineers,mmu-miR-708,0.029031792655587196
Marfan Syndrome,mmu-miR-708,0.02903141640126705
Primary Central Nervous System Lymphoma,mmu-miR-708,0.029030775651335716
Osteolysis,mmu-miR-708,0.029029568657279015
Hyperlipoproteinemia Type II,mmu-miR-708,0.029028290882706642
Acute Aortic   Dissection,mmu-miR-708,0.02902604453265667
Disorders of Excessive Somnolence,mmu-miR-708,0.029023466631770134
Hyperostosis,mmu-miR-708,0.029022281989455223
Bacterial Infections,mmu-miR-708,0.029020575806498528
Atrial Myosins,mmu-miR-708,0.029017644003033638
Osteoporotic Fractures,mmu-miR-708,0.029017550870776176
Vulvar Neoplasms,mmu-miR-708,0.029017547145485878
Intestinal Neoplasms,mmu-miR-708,0.029016176238656044
Ankle Fractures,mmu-miR-708,0.029010308906435966
Sarcoidosis and Pulmonary,mmu-miR-708,0.029008297249674797
Malaria and Vivax,mmu-miR-708,0.02900770865380764
Tibial Fractures,mmu-miR-708,0.029006974771618843
Ectrodactyly-cleft lip-palate syndrome,mmu-miR-708,0.029002221301198006
Trypanosomiasis,mmu-miR-708,0.02900058962404728
Helicobacter pylori,mmu-miR-708,0.02899940498173237
Neointimal   Hyperplasia,mmu-miR-708,0.028996946290135384
Vascular Calcification,mmu-miR-708,0.028993727639317513
Human T-Cell Leukemia Virus Type 1 Infections,hsa-miR-218-1,0.02899179793894291
cone-rod dystrophy 6,mmu-miR-708,0.028990959748625755
Hypertrophy and Right Ventricular,mmu-miR-708,0.02898639254271984
Multiple Endocrine Neoplasia Type 1,hsa-miR-218-1,0.02898399345576763
Zika virus congenital syndrome,mmu-miR-708,0.028981519863009453
Intestinal Diseases,mmu-miR-708,0.028981095179915428
Otofaciocervical Syndrome,mmu-miR-708,0.028979720547795296
Fissure in Ano,mmu-miR-708,0.028976695612072945
Chorioamnionitis,mmu-miR-708,0.028976010158658028
Urinary Calculi,hsa-miR-192-2,0.028975142166018486
Spinal Cord Diseases,mmu-miR-708,0.028973547741770744
Nonsyndromic sensorineural hearing loss,mmu-miR-708,0.02896992675960064
Carcinoma and Merkel Cell,mmu-miR-708,0.028967848047614098
Adenocarcinoma Of Esophagus,hsa-miR-218-1,0.028965776786208153
Ear Diseases,mmu-miR-708,0.02896399237215519
Dermatitis and Allergic Contact,mmu-miR-708,0.02896302007138729
Alcohol Withdrawal Delirium,mmu-miR-708,0.028957201167941093
Hyperplasia,mmu-miR-708,0.02895459719002247
Amebiasis,hsa-miR-211-5p,0.02895393781363964
Weight Loss,mmu-miR-708,0.028952492401003838
Infarct-Related Artery Total Occlusion,mmu-miR-708,0.028945541009306908
Multiple Trauma,mmu-miR-708,0.028943976387381554
Breast Neoplasms and Basal Cell,mmu-miR-708,0.02893555350601673
"Muscular Atrophy, Spinal",mmu-miR-708,0.02893340401351452
Muscular Diseases,mmu-miR-708,0.028933117166161537
Osteoporosis-pseudoglioma syndrome,mmu-miR-708,0.028931772336363792
Nijmegen Breakage Syndrome,mmu-miR-708,0.02893040142953396
Peripartum Cardiomyopathy ,mmu-miR-708,0.028918923810124397
Extra-Hepatic Portal Venous  Obstruction ,mmu-miR-708,0.028903597965836525
Testicular Neoplasms,hsa-miR-218-1,0.02888498641550541
Sleep Deprivation,mmu-miR-708,0.028884975239634514
Atrophy,mmu-miR-708,0.02888459898531437
Prostatitis and Chronic,mmu-miR-708,0.028883131220936775
Myeloma Bone Disease,hsa-miR-192-2,0.028881533071398735
Coronary Stenosis,mmu-miR-708,0.028878329321742058
Vitamin B Deficiency,mmu-miR-708,0.028873315081000328
Pica,mmu-miR-708,0.028872767463326454
Inflammation and Chronic,hsa-miR-192-2,0.028862914070487022
Nephrocalcinosis,mmu-miR-708,0.028861744329333305
Respiratory Distress Syndrome and Newborn,mmu-miR-708,0.028857605531811714
Idiopathic Condylar Resorption,mmu-miR-708,0.028853723779320717
adhesions of uterus,mmu-miR-708,0.028852591291069984
Erythroblastosis and Fetal,mmu-miR-708,0.028850434347987175
Allograft Rejection and Antibody-Mediated,mmu-miR-708,0.028847577050328255
Diabetes Of The Exocrine Pancreas ,mmu-miR-708,0.02884492464363575
late onset Parkinson's disease,mmu-miR-708,0.028844336047768593
Phyllodes Tumor and Breast,hsa-miR-192-2,0.028843728825449944
Asymptomatic Infections,mmu-miR-708,0.028841661289334297
Acute Coronary Syndrome ,mmu-miR-708,0.028841542080044746
Heart Injuries,mmu-miR-708,0.02883998118340969
Epidermodysplasia Verruciformis,mmu-miR-708,0.0288389865309
Reperfusion Injury and Testicular Ischemia,hsa-miR-192-2,0.028838736936450005
Ventricular Remodeling,mmu-miR-708,0.02883470617234707
Oophoritis,mmu-miR-708,0.02883470617234707
dystonia 5,mmu-miR-708,0.028831319883465767
Poisoning,mmu-miR-708,0.028829241171479225
vulva squamous cell carcinoma,mmu-miR-708,0.028828462585806847
Tricuspid Valve Insufficiency,hsa-miR-192-2,0.02882499061524868
Syphilis and secondary,mmu-miR-708,0.028822900727391243
Rubella Syndrome and Congenital,mmu-miR-708,0.02881850115954876
Histiocytic Sarcoma,mmu-miR-708,0.02881847880780697
Gluteal Muscle Contracture,mmu-miR-708,0.028818404302001
Intestinal Atresia,mmu-miR-708,0.02881748415529728
Fibromatosis and Aggressive,mmu-miR-708,0.02881637029349804
Gastrointestinal Diseases,mmu-miR-708,0.02881358005106449
Early Embryonic Arrestdagger,mmu-miR-708,0.028811143711209297
Endodermal Sinus Tumor,mmu-miR-708,0.0288101714104414
Hernias and Diaphragmatic and Congenital,mmu-miR-708,0.02880953438580036
Eclampsia,mmu-miR-708,0.028809061273932457
Hepatolenticular Degeneration,mmu-miR-708,0.028805868700146675
Granulosa Cell Tumor,mmu-miR-708,0.02880520559847355
Intracranial Arteriovenous Malformations,mmu-miR-708,0.02879912592470646
Migraine Disorders,mmu-miR-708,0.02879909984767437
Hip Dislocation and Congenital,mmu-miR-708,0.028794562444090843
Carotid Artery Diseases,mmu-miR-708,0.028793351724743843
Fibrous Dysplasia of Bone,mmu-miR-708,0.028792524710297585
obstructive nephropathy,mmu-miR-708,0.028790490701794624
Pulmonary Veno-Occlusive Disease,mmu-miR-708,0.028788907453417778
Testicular Germ Cell Tumor,mmu-miR-708,0.028788646683096886
Chemical and Drug Induced Liver Injury,mmu-miR-708,0.028788363561034203
Incontinentia Pigmenti,mmu-miR-708,0.028786448761820793
Brucellosis,mmu-miR-708,0.0287849809974432
von Hippel-Lindau Disease,mmu-miR-708,0.028776085004210472
Combined Saposin Deficiency,mmu-miR-708,0.028769483789801598
Angioedemas and Hereditary,hsa-miR-192-2,0.02876204065978527
Hyperpigmentation,mmu-miR-708,0.028752567246556282
Salivary Gland Pleomorphic Adenoma,mmu-miR-708,0.028752023354172707
Ossification of Posterior Longitudinal Ligament,mmu-miR-708,0.02874651364982128
Fluorosis and Dental,mmu-miR-708,0.02874128706753254
Postural Orthostatic Tachycardia Syndrome,mmu-miR-708,0.028734659776091576
Hepatitis E,mmu-miR-708,0.028734257444739342
Murine Acquired Immunodeficiency Syndrome,mmu-miR-700-5p,0.02872961200773716
Condylomata Acuminata,mmu-miR-708,0.028728129342198372
Amelogenesis Imperfecta,mmu-miR-708,0.028726568445563316
Alopecia Areata,mmu-miR-708,0.0287166815251112
Vitreoretinopathy and Proliferative,mmu-miR-700-5p,0.028711089864373207
Alveolar echinococcosis,mmu-miR-708,0.028710460290312767
Hemoglobin Bart'S Hydrops   Fetalis Syndrome,mmu-miR-700-5p,0.028706712648272514
Infant Nutrition Disorders,mmu-miR-700-5p,0.02869933284819126
Typical Teratoid Rhabdoid Tumor,mmu-miR-700-5p,0.028697935864329338
Virus Diseases,mmu-miR-700-5p,0.028697485104203224
Thyroiditis and Subacute,mmu-miR-700-5p,0.028697414323687553
Ventricular Premature Complexes,mmu-miR-708,0.02869555540382862
Myasthenia Gravis with Thymus Hyperplasia,mmu-miR-700-5p,0.028695331886410713
Benign Paroxysmal Positional Vertigo,mmu-miR-700-5p,0.028693394735455513
Pneumonia and Staphylococcal,mmu-miR-700-5p,0.028690343722701073
Hearing Loss and Unilateral,mmu-miR-700-5p,0.02868799678981304
Hypocalciuric hypercalcemia and familial and type 1,mmu-miR-700-5p,0.02868286706507206
Peptic Ulcer,mmu-miR-700-5p,0.02868061698973179
Polycythemia Vera,mmu-miR-700-5p,0.028678348287940025
Familial primary gastric lymphoma,mmu-miR-700-5p,0.028675341978669167
Heart Valve Diseases,mmu-miR-700-5p,0.028673144057393074
Vertigo,mmu-miR-700-5p,0.0286728348582983
Reperfusion Injury and Steatotic Liver Ischemia,hsa-miR-1975,0.028671564534306526
Enterocolitis and Pseudomembranous,mmu-miR-700-5p,0.028668364509940147
Abortion and Spontaneous,mmu-miR-700-5p,0.028667299076914787
Prostatitis,mmu-miR-700-5p,0.028667205944657326
Cholecystitis,mmu-miR-700-5p,0.028664106503129005
Acute Coronary Syndrome and Non-St  Elevation,mmu-miR-700-5p,0.028662851080298424
Schistosomiasis,mmu-miR-700-5p,0.028662359341979027
Synucleinopathies,mmu-miR-700-5p,0.028658924624323845
Parkinsonian Disorders,mmu-miR-700-5p,0.028657956048846245
Lumbar Disc   Herniation,mmu-miR-700-5p,0.02865220420062542
Brain Ischemia and Acute,mmu-miR-700-5p,0.028645558282732964
Malnutrition,mmu-miR-700-5p,0.028643546625971794
Dehydration,mmu-miR-700-5p,0.02864324115216732
Human T-Cell Leukemia Virus Type 1 Infections,hsa-miR-192-2,0.028643211349844933
Foot-and-Mouth Disease,mmu-miR-700-5p,0.02864297665655613
Keratoconus,mmu-miR-700-5p,0.028642436489462852
Arm Lymphedema,mmu-miR-700-5p,0.028641751036047935
Cystadenocarcinoma and Serous and Endometrial,mmu-miR-700-5p,0.02864130027592182
Postoperative Complications,mmu-miR-700-5p,0.02864130027592182
Bone Diseases,mmu-miR-700-5p,0.028639907017350197
Venous Thrombosis,mmu-miR-700-5p,0.02863280661404133
Thymic aplasia,mmu-miR-700-5p,0.02863108180463314
Low Tension Glaucoma,mmu-miR-700-5p,0.028629755601286888
Acute  Kidney Injury,mmu-miR-700-5p,0.028629308566451073
Corneal Injuries,mmu-miR-700-5p,0.028628690168261528
Fibrous Dysplasia and Polyostotic,mmu-miR-700-5p,0.028628336265683174
Pars Planitis,mmu-miR-700-5p,0.0286280307918787
Tuberculosis and Spinal,mmu-miR-700-5p,0.028627200052142143
Simian Acquired Immunodeficiency Syndrome,mmu-miR-700-5p,0.028625046834349632
End Stage Liver Disease,mmu-miR-700-5p,0.02862490527331829
Adenomatous Polyposis Coli,mmu-miR-700-5p,0.028621597215533257
Noonan syndrome-like disorder with loose anagen hair,mmu-miR-700-5p,0.028621075674891472
Finnish lethal neonatal metabolic syndrome,mmu-miR-700-5p,0.028620010241866112
Craniofacial Abnormalities,mmu-miR-700-5p,0.02861963026225567
Depressive Disorder,mmu-miR-700-5p,0.028617313131690025
Bloom Syndrome,mmu-miR-700-5p,0.02861390821635723
Skin Pigmentation,mmu-miR-700-5p,0.028613479807972908
Dental Caries,mmu-miR-700-5p,0.02861158736050129
Li-Fraumeni syndrome 1,mmu-miR-700-5p,0.028611494228243828
Laryngeal Papilloma,mmu-miR-700-5p,0.028609057888388634
Genital Diseases and Female,mmu-miR-700-5p,0.028608275577425957
Mast Cell Tumors,mmu-miR-700-5p,0.028608178719878197
Pelvic Floor Disorders,mmu-miR-700-5p,0.028607496991753578
Distal myopathy and Nonaka type,mmu-miR-700-5p,0.028606997802853584
Pancreatitis and Acute Necrotizing,mmu-miR-700-5p,0.028600210323929787
Asthma-Chronic Obstructive Pulmonary Disease Overlap Syndrome,mmu-miR-700-5p,0.028599997982382774
Leukemia and Promyelocytic and Acute,mmu-miR-700-5p,0.028599807992577553
Elliptocytosis 2,mmu-miR-700-5p,0.028599759563803673
Osteochondromatosis,mmu-miR-700-5p,0.02859732322394848
Prader-Willi Syndrome,mmu-miR-700-5p,0.02859628014266491
Thalassemia,mmu-miR-700-5p,0.028596045449376106
Hip Fractures,mmu-miR-700-5p,0.0285955723375082
Airway Inflammation,mmu-miR-700-5p,0.028591880574822426
Status Epilepticus,mmu-miR-700-5p,0.02858942188322544
Fibroadenoma,mmu-miR-700-5p,0.02858932502567768
Cumulative Trauma Disorders,mmu-miR-700-5p,0.028588688001036644
Peri-Implantitis,mmu-miR-700-5p,0.028586702421307564
Sarcoidosis,mmu-miR-700-5p,0.028585517778992653
Peripheral Blood Leukocytes,mmu-miR-700-5p,0.028583930805325508
Neuroleptic Malignant Syndrome,mmu-miR-700-5p,0.028575723990797997
Multicystic renal dysplasia and bilateral,mmu-miR-700-5p,0.028575701639056206
Rett Syndrome,mmu-miR-700-5p,0.028573738411068916
Angelman Syndrome,mmu-miR-700-5p,0.02857302688062191
Hemangioma and Infantile,mmu-miR-700-5p,0.02857298217713833
Heart Septal Defects and Atrial,mmu-miR-700-5p,0.028571443632245064
Pleural Effusion and Malignant,mmu-miR-700-5p,0.028570188209414482
Fibrosarcoma,mmu-miR-700-5p,0.028569715097546577
Immune-Mediated Inflammatory Diseases,mmu-miR-700-5p,0.028569193556904793
Choroidal Melanoma,mmu-miR-700-5p,0.028568459674715996
Sensation Disorders,mmu-miR-700-5p,0.028568105772137642
Vascular System Injuries,mmu-miR-700-5p,0.028567230328917503
Tracheal Stenosis,mmu-miR-700-5p,0.02856685407459736
Shock and Hemorrhagic,mmu-miR-700-5p,0.028565315529704094
Coronary Restenosis,mmu-miR-700-5p,0.028565173968672752
Choroidal Neovascularization,mmu-miR-700-5p,0.028564678505063057
arteriosclerotic cardiovascular disease,mmu-miR-700-5p,0.028564294800162315
Pain and Postoperative,mmu-miR-700-5p,0.02856285311281681
Aneurysm,mmu-miR-700-5p,0.02856103517115116
Jaw Abnormalities,mmu-miR-700-5p,0.028560535982251167
Spermatic Cord Torsion,mmu-miR-700-5p,0.028558077290654182
Acute Lymphoblastic Leukemia and T-Cell,mmu-miR-700-5p,0.028556538745760918
polycystic kidney disease 3,mmu-miR-700-5p,0.028556251898407936
Dacryocystitis,mmu-miR-700-5p,0.0285536739975214
Salpingitis,mmu-miR-700-5p,0.028553107753396034
Reperfusion Injury and Pulmonary Ischemia,mmu-miR-700-5p,0.028551453724503517
Folliculotropic Mycosis Fungoides,mmu-miR-700-5p,0.028551427647471428
Hypertensive  Disorder Complicating Pregnancy,mmu-miR-700-5p,0.028549132868647575
Exanthema,mmu-miR-700-5p,0.028549110516905785
Giant Cell Arteritis,mmu-miR-700-5p,0.028548823669552803
Hyperalgesia,mmu-miR-700-5p,0.028548588976264
Lyme Disease,mmu-miR-700-5p,0.028546081855893135
Abortion and Septic,mmu-miR-700-5p,0.028546059504151344
familial multiple nevi flammei,mmu-miR-700-5p,0.028545396402478218
Glomus Tumor,mmu-miR-700-5p,0.028545016422867775
Nephrosis and Lipoid,mmu-miR-700-5p,0.028544733300805092
Kidney Transplant Rejection,mmu-miR-700-5p,0.028542248532176018
Carcinoma and Small Cell,mmu-miR-700-5p,0.028540970757603645
Hcv Associated Disorders,mmu-miR-700-5p,0.02854045294225216
Neuropathic Lysosomal Storage Diseases,mmu-miR-700-5p,0.028540166094899178
Autistic Disorder,mmu-miR-700-5p,0.028539719060063362
SHORT syndrome,mmu-miR-700-5p,0.028536712750792503
Viral Myocarditis,mmu-miR-700-5p,0.028535978868603706
Canine Mammary Carcinoma,mmu-miR-700-5p,0.028535978868603706
Substance Abuse and Intravenous,mmu-miR-700-5p,0.028535695746541023
Mastitis,mmu-miR-700-5p,0.028533758595585823
fibrolamellar carcinoma,mmu-miR-700-5p,0.028532052412629128
Acromegaly,mmu-miR-700-5p,0.02853131853044033
Infarction and Middle Cerebral Artery,mmu-miR-700-5p,0.028530942276120186
Syphilis,mmu-miR-700-5p,0.02853051759302616
Depression and Postpartum,mmu-miR-700-5p,0.028527913615107536
Chromate Resistance,mmu-miR-700-5p,0.028526728972792625
Alveolar Bone Loss,mmu-miR-700-5p,0.02852637507021427
Takayasu Arteritis,mmu-miR-700-5p,0.028525335714221
Growth Hormone-Secreting Pituitary Adenoma,mmu-miR-700-5p,0.028524933382868767
Skin Neoplasms,mmu-miR-700-5p,0.028524106368422508
Gastric   Cancer,mmu-miR-700-5p,0.02852311171591282
Pulmonary Edema,mmu-miR-700-5p,0.02852008305490017
Enterocolitis,mmu-miR-700-5p,0.02851698361337185
Pregnancy Complications,mmu-miR-700-5p,0.028512725606560707
Polyomavirus Infections,mmu-miR-700-5p,0.0285110455006361
Hemangioma,mmu-miR-700-5p,0.028509413823485374
Bisphosphonate-Associated Osteonecrosis of the Jaw,mmu-miR-700-5p,0.028509365394711494
Osteolysis,mmu-miR-700-5p,0.028509104624390602
Movement Disorders,mmu-miR-700-5p,0.028504753485322
Endophthalmitis,mmu-miR-700-5p,0.02850460819900036
Multiple Pulmonary Nodules,mmu-miR-700-5p,0.02850167639553547
ovarian carcinoma,mmu-miR-700-5p,0.028500257059931755
Coronary Artery  Disease,mmu-miR-700-5p,0.028500257059931755
Bacterial Infections,mmu-miR-700-5p,0.028500115498900414
Clubfoot,mmu-miR-700-5p,0.028498152270913124
Vulvar Neoplasms,mmu-miR-700-5p,0.028497206047177315
Colorectal   Adenocarcinoma,mmu-miR-700-5p,0.028496405109763145
Intestinal Neoplasms,mmu-miR-700-5p,0.02849583514034748
Splenic Diseases,mmu-miR-700-5p,0.02849159948527813
Ankle Fractures,mmu-miR-700-5p,0.028489967808127403
Tetralogy of Fallot,mmu-miR-700-5p,0.028489304706454277
Malaria and Vivax,mmu-miR-700-5p,0.028487129136919975
Mesothelioma and Malignant and Pleural,mmu-miR-700-5p,0.028487058356404305
Rhabdoviridae,mmu-miR-700-5p,0.028486156836152077
Burns,mmu-miR-700-5p,0.028484245762228966
Ectrodactyly-cleft lip-palate syndrome,mmu-miR-700-5p,0.028481757268309593
Bk Virus Infections,mmu-miR-700-5p,0.028480006381869316
Cysts,mmu-miR-700-5p,0.028476601466536522
Mycobacterium Infections and Nontuberculous,mmu-miR-700-5p,0.02847243659198284
Parkinson Disease and Familial and Type 1,mmu-miR-700-5p,0.028468584641814232
Hydatidiform Mole,mmu-miR-700-5p,0.028466856107115746
Pulmonary Eosinophilia,mmu-miR-700-5p,0.02846633456647396
Otofaciocervical Syndrome,mmu-miR-700-5p,0.02845914103090763
Stomatitis and Herpetic,mmu-miR-700-5p,0.028457770124077797
Anterior Cruciate Ligament Injuries,mmu-miR-700-5p,0.028456376865506172
Pituitary Diseases,mmu-miR-700-5p,0.028450390323996544
Osteopenic Nonfracture Syndrome,mmu-miR-700-5p,0.028445659205317497
Ear Diseases,mmu-miR-700-5p,0.028443647548556328
Nervous Necrosis Virus Infectious,mmu-miR-700-5p,0.028440499678254128
Alcohol Withdrawal Delirium,mmu-miR-700-5p,0.02843686006963253
Hypersensitivity and Immediate,mmu-miR-700-5p,0.028436148539185524
Primary Ovarian Insufficiency,mmu-miR-700-5p,0.028430519625544548
Trachoma,mmu-miR-700-5p,0.028426991775631905
Placental Insufficiency,mmu-miR-700-5p,0.028425881639122963
Infarct-Related Artery Total Occlusion,mmu-miR-700-5p,0.028425076976418495
Conjunctivitis and Allergic,mmu-miR-700-5p,0.02842155285179615
Meningitis and Fungal,mmu-miR-700-5p,0.02841140143573284
Acute Pulmonary Embolism,mmu-miR-700-5p,0.02838374860584736
Extra-Hepatic Portal Venous  Obstruction ,mmu-miR-700-5p,0.02838301472365856
Orchitis,mmu-miR-700-5p,0.02836577035486698
Sleep Deprivation,mmu-miR-700-5p,0.02836463414132595
Atrophy,mmu-miR-700-5p,0.028364134952425957
Duodenal Ulcer,mmu-miR-700-5p,0.028356684371829033
Pica,mmu-miR-700-5p,0.02835230715572834
Renal Artery Obstruction,hsa-miR-1236-5p,0.02834864892065525
Thymus Neoplasms,mmu-miR-700-5p,0.028347646817564964
Delayed Graft Function,mmu-miR-700-5p,0.02834227867424488
Nephrocalcinosis,mmu-miR-700-5p,0.02834128402173519
Siderosis,mmu-miR-700-5p,0.028335725888609886
adhesions of uterus,mmu-miR-700-5p,0.028332246467471123
Encephalitis,mmu-miR-700-5p,0.028331255540251732
intracranial berry aneurysm 3,mmu-miR-700-5p,0.02833002246916294
Acrodermatitis enteropathica,mmu-miR-700-5p,0.028329478576779366
Pleuropulmonary blastoma,mmu-miR-700-5p,0.028321577236056328
Leukemia and Myeloid and Chronic and Atypical and BCR-ABL Negative,mmu-miR-700-5p,0.028320511803030968
Cholestasis and Intrahepatic,mmu-miR-700-5p,0.02831277810037136
Rotator Cuff,mmu-miR-700-5p,0.028312163427472115
Suppuration,mmu-miR-700-5p,0.028312070295214653
dystonia 5,mmu-miR-700-5p,0.028310978785157204
Breast Diseases,mmu-miR-700-5p,0.028309227898716927
Poisoning,mmu-miR-700-5p,0.02830866165459156
Polycythemia,mmu-miR-700-5p,0.02830558456480503
Thrombosis,mmu-miR-700-5p,0.028303196653723717
Tooth Diseases,mmu-miR-700-5p,0.028303125873208046
Syphilis and secondary,mmu-miR-700-5p,0.02830244041979313
Hyperphosphatemia,mmu-miR-700-5p,0.02830151654779911
Liver Failure and Acute,mmu-miR-700-5p,0.028298160061240196
Histiocytic Sarcoma,mmu-miR-700-5p,0.028297895565629005
Fibromatosis and Aggressive,mmu-miR-700-5p,0.028296029195189476
Arbovirus Infections,mmu-miR-700-5p,0.028290824964642525
Arthritis and Gouty,mmu-miR-700-5p,0.02828834019601345
Myositis,mmu-miR-700-5p,0.02828826941549778
Granulosa Cell Tumor,mmu-miR-700-5p,0.028284745290875435
Erectile Dysfunction,mmu-miR-700-5p,0.028281928971409798
Poikiloderma with Neutropenia,mmu-miR-700-5p,0.02827802486717701
Early-Stage Malignant Melanoma,mmu-miR-700-5p,0.028274545446038246
Carotid Artery Diseases,mmu-miR-700-5p,0.02827301062643528
Hepatic Veno-Occlusive Disease,mmu-miR-700-5p,0.028267284855246544
Cerebral Infarction and Acute,mmu-miR-700-5p,0.028265060856938362
Pheochromocytoma,mmu-miR-700-5p,0.02826274372637272
Intracranial Aneurysm,mmu-miR-700-5p,0.028262386098504066
Rotavirus Infections,mmu-miR-700-5p,0.028260188177227974
Venous Neointimal Hyperplasia,hsa-miR-1236-5p,0.0282538291066885
Upper Tract Urothelial Carcinoma,mmu-miR-700-5p,0.028252193704247475
Sarcopenia,mmu-miR-700-5p,0.028243890032172203
Papillomavirus Infections,mmu-miR-700-5p,0.028240906074643135
Immune System Diseases,mmu-miR-700-5p,0.028239300474524498
Paget Disease and Extramammary,mmu-miR-700-5p,0.028238212689757347
Hyperpigmentation,mmu-miR-700-5p,0.02823222614824772
non-alcoholic fatty liver,mmu-miR-700-5p,0.028231868520379066
Coronavirus Infections,mmu-miR-700-5p,0.02822940982878208
Xerostomia,mmu-miR-700-5p,0.02822408638894558
Cystoid Macular Edema and Diabetic,mmu-miR-700-5p,0.02821282483637333
spondyloepimetaphyseal dysplasia and Strudwick type,mmu-miR-700-5p,0.02821221388876438
Alopecia Areata,mmu-miR-700-5p,0.028196221217513084
Hyperphagia,mmu-miR-697,0.028154315426945686
Amyloidosis,mmu-miR-700-5p,0.02813773788511753
Juvenile gout,hsa-miR-1236-5p,0.028058471158146858
Intra-Articular Fractures,hsa-miR-4482-5p,0.02800494246184826
Chediak-Higashi Syndrome,hsa-miR-1236-5p,0.028003374114632607
Myeloma Bone Disease,hsa-miR-203a,0.02787948213517666
Tibial Neuropathy,hsa-miR-203a,0.02787044830620289
Plaque and Amyloid,hsa-miR-203a,0.02786826901137829
Pasteurella Multocida Infections,hsa-miR-410-5p,0.0278604906052351
Hypoadrenocorticism and Familial,hsa-mir-875,0.02762989141047001
Amebiasis,hsa-miR-203a,0.027551932260394096
Urinary Calculi,hsa-miR-3613-5p,0.027549048885703087
Blind Loop Syndrome,EBV-mir-BART8,0.02721022628247738
Erythema,hsa-mir-875,0.027209261432290077
Intra-Articular Fractures,EBV-mir-BART8,0.026603886857628822
Spinal muscular atrophy with respiratory distress 1,hsa-miR-4437,0.026440272107720375
Vitreoretinopathy and Proliferative,hsa-miR-4437,0.026434501633048058
Sleep Initiation and Maintenance Disorders,hsa-miR-4437,0.026431521400809288
Typical Teratoid Rhabdoid Tumor,hsa-miR-4437,0.02642134763300419
acute myocardial infarction,hsa-miR-4437,0.026419242843985558
Stiff-Person Syndrome,hsa-miR-4437,0.026417823508381844
Human Herpesvirus 6 encephalitis,hsa-miR-4437,0.026402825489640236
Gastric Cancer and Early,hsa-mir-875,0.026402054354548454
Chronic Pain,hsa-miR-4437,0.026398515328764915
Chagas Cardiomyopathy,hsa-miR-4437,0.026394685730338097
Pediatric Obesity,hsa-miR-4437,0.026389600709080696
Cholecystitis,hsa-miR-4437,0.026387756690382957
Synucleinopathies,hsa-miR-4437,0.026382217183709145
Leukokeratosis and Hereditary Mucosal,hsa-miR-4437,0.026375925168395042
Eosinophilic enteropathy,hsa-miR-4437,0.02637067623436451
Leukemia and Myeloid,hsa-miR-4437,0.026367316022515297
Cystadenocarcinoma and Serous and Endometrial,hsa-miR-4437,0.026364712044596672
Mite Infestations,hsa-miR-4437,0.026359600946307182
Facial Nerve Injuries,hsa-miR-4437,0.026358822360634804
Myeloproliferative Disorders,hsa-miR-4437,0.02635846845805645
Epilepsy and Rolandic,hsa-miR-4437,0.0263583492487669
Reperfusion Injury and Intestinal Ischemia,hsa-miR-4437,0.026354989036917686
Cardiomyopathy and Dilated and with Left Ventricular Noncompaction,hsa-miR-4437,0.026353714987635612
Neoplasms and Multiple Primary,hsa-miR-4437,0.02635110728442669
Simian Acquired Immunodeficiency Syndrome,hsa-miR-4437,0.026348339393734932
Bone Marrow Myelofibrosis,hsa-miR-4437,0.02634635753929615
Adenomatous Polyposis Coli,hsa-miR-4437,0.026344889774918556
von Willebrand Diseases,hsa-miR-4437,0.026338832452893257
Bloom Syndrome,hsa-miR-4437,0.02633720077574253
Gastric Intestinal   Metaplasia,hsa-miR-4437,0.02633701078593731
Aortic Diseases,hsa-miR-4437,0.02633504755795002
Tricuspid Valve Insufficiency,hsa-miR-1273g-5p,0.02633441425859928
Genital Diseases and Female,hsa-miR-4437,0.026331806555390358
Pelvic Floor Disorders,hsa-miR-4437,0.02633102796971798
Neuroectodermal Tumors and Primitive,hsa-miR-4437,0.026330647990107536
Staphylococcal Infections,hsa-miR-4437,0.026328420266509056
Post-Cardiac Arrest Syndrome,hsa-miR-4437,0.026327120140194893
Multiple Sclerosis and Chronic Progressive,hsa-miR-4437,0.026325324550271034
Hepatopulmonary Syndrome,hsa-miR-4437,0.0263210441917181
Autoimmune polyendocrinopathy syndrome and type 1,hsa-miR-4437,0.02631966955959797
Lupus Nephritis,hsa-miR-4437,0.02631891332566738
Environmental Illness,hsa-miR-4437,0.026318581774830818
Osteoarthropathy and Primary Hypertrophic,hsa-miR-4437,0.02631479687988758
Urinary Bladder Diseases,hsa-miR-4437,0.026308363303542137
Gingivitis,hsa-miR-4437,0.026307960972189903
Leukemia and Myelomonocytic and Chronic,hsa-miR-4437,0.026305360719561577
Malformations of Cortical Development and Group II,hsa-miR-4437,0.026304034516215324
Osteoarthritis and Post-Traumatic,hsa-miR-4437,0.026302659884095192
Ischemic Stroke and Diabetic,hsa-miR-4437,0.02629956044256687
Neuroleptic Malignant Syndrome,hsa-miR-4437,0.02629937417805195
Parasitic Diseases,hsa-miR-4437,0.0262973140925169
Glaucoma,hsa-miR-4437,0.026293104514479637
Choroidal Melanoma,hsa-miR-4437,0.026291990652680397
Colonic Polyps,hsa-miR-4437,0.026290787383913994
Vascular System Injuries,hsa-miR-4437,0.026290761306881905
Central Nervous System Bacterial Infections,hsa-miR-4437,0.02629031054675579
Palatal Neoplasms,hsa-miR-4437,0.026289695873856544
Neurofibromatosis 2,hsa-miR-4437,0.026287825778126717
Leukemia and Biphenotypic and Acute,hsa-miR-4437,0.026287710294127464
Cerebral Cortical Thinning,hsa-miR-4437,0.02628633938729763
Gastrinoma,hsa-miR-4437,0.026285557076334953
Aneurysm,hsa-miR-4437,0.02628444693982601
Jaw Abnormalities,hsa-miR-4437,0.026283947750926018
Pseudarthrosis,hsa-miR-4437,0.026283876970410347
Cryopyrin-Associated Periodic Syndromes,hsa-miR-4437,0.026282766833901405
Acute Lymphoblastic Leukemia and T-Cell,hsa-miR-4437,0.026279950514435768
Hepatitis C and Chronic,hsa-miR-4437,0.026277868077158928
Sick Sinus Syndrome,hsa-miR-4437,0.026277324184775352
Salpingitis,hsa-miR-4437,0.026276519522070885
Yellow Nail Syndrome,hsa-miR-4437,0.026276258751749992
Encephalomyelitis and Autoimmune and Experimental,hsa-miR-4437,0.026275502517819405
ACTH-independent macronodular adrenal hyperplasia,hsa-miR-4437,0.02626984752714634
Polymyositis,hsa-miR-4437,0.02626684494316578
Hirschsprung Disease,hsa-miR-4437,0.026265474036335945
Hcv Associated Disorders,hsa-miR-4437,0.02626410312950611
Diabetic Keratopathy,hsa-miR-4437,0.02626088447868824
Digitorenocerebral Syndrome,hsa-miR-4437,0.02625984139740467
Polythelia and Familial,hsa-miR-4437,0.02625984139740467
Viral Myocarditis,hsa-miR-4437,0.026259509846568108
Canine Mammary Carcinoma,hsa-miR-4437,0.026259509846568108
External Auditory Canal Squamous Cell Carcinoma,hsa-miR-4437,0.026259465143084526
Rosacea,hsa-miR-4437,0.026258116587996483
Mastitis,hsa-miR-4437,0.026257289573550224
Liver Failure,hsa-miR-4437,0.026257241144776344
esophageal carcinoma,hsa-miR-4437,0.026257148012518883
Cerebral Infarction,hsa-miR-4437,0.026256034150719643
Gastritis and Pediatric,hsa-miR-4437,0.026255132630467415
Hypoxia-Ischemia and Brain,hsa-miR-4437,0.026254190132021904
Gastric   Cancer,hsa-miR-4437,0.02624652348458767
paramyotonia congenita of Von Eulenburg,hsa-miR-4437,0.026246381923556328
rippling muscle disease 1,hsa-miR-4437,0.026243044063448906
Barrett Esophagus,hsa-miR-4437,0.026242783293128014
Carotid Artery Injuries,hsa-miR-4437,0.026237936690449715
Lymphoma and T-Cell and Cutaneous,hsa-miR-4437,0.026236562058329582
Arthrogryposis and ectodermal dysplasia,hsa-miR-4437,0.026231596246361732
Liver Cirrhosis and Hepatitis Virus B-Related,hsa-miR-4437,0.026228735223412514
Movement Disorders,hsa-miR-4437,0.0262280460447073
gastric cardia adenocarcinoma,hsa-miR-4437,0.026227762922644615
Duane Retraction Syndrome,hsa-miR-4437,0.02622714824974537
Disorders of Excessive Somnolence,hsa-miR-4437,0.02622629515826702
Multiple Pulmonary Nodules,hsa-miR-4437,0.026225445792078972
ovarian carcinoma,hsa-miR-4437,0.026223788037896156
Bacterial Infections,hsa-miR-4437,0.026223646476864815
Osteoporotic Fractures,hsa-miR-4437,0.026220617815852165
Intestinal Neoplasms,hsa-miR-4437,0.02621912769973278
Cardiac Complexes and Premature,hsa-miR-4437,0.026217589154839516
Critical Illness,hsa-miR-4437,0.026214847341179848
Malaria and Vivax,hsa-miR-4437,0.026210540905594826
Tibial Fractures,hsa-miR-4437,0.02620980702340603
Spinal Cord Compression,hsa-miR-1273g-5p,0.02620224468410015
Neointimal   Hyperplasia,hsa-miR-4437,0.02620001696050167
Vascular Calcification,hsa-miR-4437,0.0261967945843935
Zika virus congenital syndrome,hsa-miR-4437,0.026184232905507088
Sciatica,hsa-miR-4437,0.026181114837527275
Anterior Cruciate Ligament Injuries,hsa-miR-4437,0.026179788634181023
Neoplasms and Germ Cell and Embryonal,hsa-miR-4437,0.02617640607059002
Adenocarcinoma and Sebaceous and Ocular,hsa-miR-4437,0.026175672188401222
Pituitary Diseases,hsa-miR-4437,0.026173917576670647
Carcinoma and Merkel Cell,hsa-miR-4437,0.026170795783400536
Thrombotic Stroke,hsa-miR-4437,0.026152724400162697
Ventricular Dysfunction,hsa-miR-4437,0.026149434968829155
"Muscular Atrophy, Spinal",hsa-miR-4437,0.026136232540011406
Meningitis and Fungal,hsa-miR-4437,0.026134932413697243
Nijmegen Breakage Syndrome,hsa-miR-4437,0.026133229956030846
Acute Pulmonary Embolism,hsa-miR-4437,0.02610727958381176
Sarcoma and Synovial,hsa-miR-4437,0.02610628493130207
Microphthalmos,hsa-miR-4437,0.02609696425497532
Pica,hsa-miR-4437,0.02607583813369274
Mycobacterium avium-intracellulare Infection,hsa-miR-4437,0.02607155404984951
Thymus Neoplasms,hsa-miR-4437,0.026070939376950264
Scholte syndrome,hsa-miR-4437,0.026069095358252525
Chondrocalcinosis,hsa-miR-4437,0.026065783575177193
Vitiligo,hsa-miR-4437,0.026061998680233955
adhesions of uterus,hsa-miR-4437,0.026055539026856422
intracranial berry aneurysm 3,hsa-miR-4437,0.026053553447127342
Diabetes Of The Exocrine Pancreas ,hsa-miR-4437,0.026047995314002037
Asymptomatic Infections,hsa-miR-4437,0.026044728234410286
Leukemia and Myeloid and Chronic and Atypical and BCR-ABL Negative,hsa-miR-4437,0.02604404278099537
Dilated Cardiomyopathy ,hsa-miR-1229,0.026038160547614098
Ventricular Remodeling,hsa-miR-4437,0.02603789232671261
Bronchiectasis With Or Without Elevated Sweat Chloride 1,hsa-miR-4437,0.026037776842713356
Rotator Cuff,hsa-miR-4437,0.026035694405436516
Suppuration,hsa-miR-4437,0.026035482063889503
dystonia 5,hsa-miR-4437,0.026034509763121605
Leukemia and Monocytic and Acute,hsa-miR-4437,0.02603384666144848
Adenine phosphoribosyltransferase deficiency,hsa-miR-4437,0.02603311650454998
frontotemporal dementia,hsa-miR-4437,0.02603181265294552
colon carcinoma,hsa-miR-4437,0.026031436398625374
Polycythemia,hsa-miR-4437,0.02602899633347988
Hyperphosphatemia,hsa-miR-4437,0.02602492831647396
Cerebral Small Vessel Diseases,hsa-miR-4437,0.026023318991065025
Histiocytic Sarcoma,hsa-miR-4437,0.026021188125014305
Hemangioma and Cavernous,hsa-miR-4437,0.026020148769021034
Myositis,hsa-miR-4437,0.02601180039346218
Myeloproliferative Disorder and Chronic and with Eosinophilia,hsa-miR-4437,0.026011301204562187
Granulosa Cell Tumor,hsa-miR-4437,0.026008157059550285
Bronchopneumonia,hsa-miR-4437,0.026001008227467537
Early-Stage Malignant Melanoma,hsa-miR-4437,0.025998076424002647
Chronic  Rhinosinusitis With Nasal Polyps,hsa-miR-1294,0.0259885024279356
Brucellosis,hsa-miR-4437,0.025987813249230385
Nonsyndromic Deafness,hsa-miR-4437,0.025982866063714027
White Dot Syndromes,hsa-miR-4437,0.02597931958734989
Obesity and Osteosarcopenic,hsa-miR-4437,0.025969596579670906
Vesicular Stomatitis,hsa-miR-4437,0.02596701867878437
Emphysema,hsa-miR-4437,0.025965290144085884
Rectal Diseases,hsa-miR-4437,0.02596382237970829
Paget Disease and Extramammary,hsa-miR-4437,0.02596173994243145
Arteriosclerosis Obliterans,hsa-miR-4437,0.025959210470318794
Salivary Gland Pleomorphic Adenoma,hsa-miR-4437,0.025955094024538994
Neoplastic Cells and Circulating,hsa-miR-4437,0.025947285816073418
Kidney Diseases and Cystic,hsa-miR-4437,0.02594343014061451
non-alcoholic steatohepatitis,hsa-miR-4437,0.025929497554898262
Granulomatous Disease and Chronic,hsa-miR-1244,0.025914033874869347
Nevi and Melanomas,hsa-miR-424-5p,0.025893503800034523
Lung Diseases and Interstitial,hsa-miR-4437,0.025889208540320396
Amyloidosis,hsa-miR-4437,0.02586114965379238
Myeloma Bone Disease,hsa-miR-1244,0.02581571601331234
Visceral Pain,hsa-miR-1244,0.025810277089476585
Peripheral Vascular Diseases,hsa-miR-1244,0.025803038850426674
Neutropenia,hsa-miR-1244,0.025770461186766624
Tricuspid Valve Insufficiency,hsa-miR-1244,0.025759292766451836
Human T-Cell Leukemia Virus Type 1 Infections,hsa-miR-1294,0.025733718648552895
Rhabdoviridae Infections,hsa-miR-1244,0.025679687038064003
Brugada Syndrome,hsa-miR-1244,0.02567443810403347
Adenoma and Pleomorphic,hsa-miR-129-2-3p,0.025657417252659798
Asthma and Chronic,hsa-miR-129-2-3p,0.025633806362748146
Polyposis Syndrome and Hereditary Mixed and 1,hsa-miR-1244,0.02553478814661503
Amebiasis,hsa-miR-129-2-3p,0.02533937431871891
Hyphema,hsa-miR-199a*-2,0.025304337963461876
Acute Uterine Injury,mmu-miR-701,0.02522740699350834
Carcinoma and Mucoepidermoid,EBV-mir-BART8,0.024671511724591255
Urinary Calculi,hsa-miR-422b,0.024547191336750984
Classical Swine Fever,hsa-miR-422b,0.024505389854311943
Hereditary Autoinflammatory Diseases,hsa-miR-181b-2,0.024489572271704674
Arene Oxide Detoxification Defect,hsa-miR-181b-2,0.024477316066622734
Wound Infection,hsa-miR-181b-2,0.02446882426738739
Mouth Diseases,hsa-miR-181b-2,0.024468302726745605
Crisponi syndrome,hsa-miR-181b-2,0.024467119947075844
Posterior Segment Ocular Diseases,hsa-miR-181b-2,0.02441074512898922
Primary Gastrointestinal Diffuse Large B-Cell Lymphoma ,hsa-miR-422b,0.024364253506064415
Stomatitis and Aphthous,hsa-miR-3117-3p,0.024363094940781593
Spinal Cord Compression,hsa-miR-181b-2,0.02430092915892601
Hypocapnia,hsa-miR-1975,0.02426200360059738
Airway Obstruction,hsa-miR-1975,0.02422146685421467
Arteritis,hsa-mir-8061,0.02421814575791359
thyroid gland Hurthle cell carcinoma,hsa-miR-181b-2,0.024196956306695938
Chediak-Higashi Syndrome,hsa-miR-181b-2,0.024194614961743355
Testicular Neoplasms,hsa-miR-181b-2,0.024144792929291725
Scleral Diseases,hsa-miR-422b,0.024144669994711876
Optic atrophy 1 and deafness,hsa-miR-422b,0.02410345897078514
Reperfusion Injury and Testicular Ischemia,hsa-miR-3174,0.02406451106071472
Wiskott-Aldrich Syndrome,hsa-miR-4494,0.023998061195015907
Phyllodes Tumor and Breast,hsa-miR-3610,0.02398708462715149
Liver Diseases and Alcoholic,hsa-miR-4494,0.023984858766198158
Neutropenia,hsa-miR-3610,0.023979468271136284
Lymphoma and Extranodal NK-T-Cell,hsa-miR-4494,0.023973481729626656
Stomatitis and Aphthous,hsa-miR-320b,0.023968860507011414
Hemorrhagic Fever and Ebola,hsa-miR-4494,0.023967092856764793
Brugada Syndrome,hsa-miR-3174,0.02396579086780548
Abnormalities and Multiple,hsa-miR-4494,0.02396572008728981
Kidney Neoplasms,hsa-miR-4494,0.02396489307284355
Cerebral Hemorrhage,hsa-miR-4494,0.023953111842274666
Peptic Ulcer,hsa-miR-4494,0.023950321599841118
Meningitis and Bacterial,hsa-miR-4494,0.023946275934576988
recessive dystrophic epidermolysis bullosa,hsa-miR-4494,0.023941542953252792
Ventricular Dysfunction and Left,hsa-miR-4494,0.023940740153193474
Acute Coronary Syndrome and Non-St  Elevation,hsa-miR-4494,0.023932388052344322
Glucose Intolerance,hsa-miR-4494,0.023931395262479782
Parkinsonian Disorders,hsa-miR-4494,0.023927420377731323
Malformations of Cortical Development,hsa-miR-4494,0.023923279717564583
Hyperpigmentation and Skin,hsa-miR-4494,0.023919541388750076
Brain Ischemia and Acute,hsa-miR-4494,0.023915380239486694
Arm Lymphedema,hsa-miR-4494,0.023911453783512115
Bone Diseases,hsa-miR-4494,0.023909442126750946
Adiposis Dolorosa,hsa-miR-4494,0.02390560694038868
Fetal Macrosomia,hsa-miR-4494,0.02390364557504654
Thyroid Carcinoma and Anaplastic,hsa-miR-4494,0.02390250936150551
Femur Head Necrosis,hsa-miR-4494,0.023901185020804405
Reperfusion Injury and Intestinal Ischemia,hsa-miR-4494,0.023901160806417465
Low Tension Glaucoma,hsa-miR-4494,0.023899339139461517
Corneal Diseases,hsa-miR-4494,0.023898322135210037
Fibrous Dysplasia and Polyostotic,hsa-miR-4494,0.023897871375083923
Graft vs Host Disease,hsa-miR-4494,0.02389463223516941
End Stage Liver Disease,hsa-miR-4494,0.02389456145465374
ovary adenocarcinoma,hsa-miR-4494,0.02389255166053772
Short Stature and Idiopathic and Autosomal,hsa-miR-4494,0.02389245480298996
Adenomatous Polyposis Coli,hsa-miR-4494,0.023890774697065353
Sveinsson Chorioretinal Atrophy,hsa-miR-4494,0.023883987218141556
Arthritis and Juvenile,hsa-miR-4494,0.02388339303433895
Gastric Intestinal   Metaplasia,hsa-miR-4494,0.023883016780018806
Skin Pigmentation,hsa-miR-4494,0.023883016780018806
X-linked juvenile retinoschisis 1,hsa-miR-4494,0.023882588371634483
Influenza in Birds,hsa-miR-4494,0.023882022127509117
Li-Fraumeni syndrome 1,hsa-miR-4494,0.023881029337644577
Adenocarcinoma and Follicular,hsa-miR-4494,0.02388017810881138
Mast Cell Tumors,hsa-miR-4494,0.023878002539277077
Adrenal Cortex Neoplasms,hsa-miR-4494,0.023877717554569244
Distal myopathy and Nonaka type,hsa-miR-4494,0.023876415565609932
Myocarditis,hsa-miR-4494,0.023873530328273773
Alcohol Induced Neurogenic Inflammation,hsa-miR-4494,0.023870574310421944
Pancreatitis and Acute Necrotizing,hsa-miR-4494,0.023869793862104416
Elliptocytosis 2,hsa-miR-4494,0.02386917732656002
T-cell acute lymphoblastic leukemia,hsa-miR-4494,0.0238689873367548
Premature Ovarian Aging,hsa-miR-4494,0.023868586868047714
Albuminuria,hsa-miR-4494,0.023867569863796234
Aneuploidy,hsa-miR-4494,0.023867357522249222
Hepatopulmonary Syndrome,hsa-miR-4494,0.02386721596121788
Prader-Willi Syndrome,hsa-miR-4494,0.02386586368083954
Environmental Illness,hsa-miR-4494,0.023864634335041046
Muscular Dystrophies,hsa-miR-4494,0.023864326998591423
Striatonigral Degeneration,hsa-miR-4494,0.023863617330789566
Skin Ulcer,EBV-mir-BART8,0.023862777277827263
Osteoarthropathy and Primary Hypertrophic,hsa-miR-4494,0.023860802873969078
mucinous cystadenocarcinoma of pancreas,hsa-miR-4494,0.023859474807977676
Hearing Disorders,hsa-miR-4494,0.023858152329921722
Cleidocranial Dysplasia,hsa-miR-4494,0.02385481633245945
Malaria and Cerebral,hsa-miR-4494,0.02385278232395649
Exudative Vitreoretinopathy 4,hsa-miR-4494,0.023851221427321434
Subarachnoid Hemorrhage,hsa-miR-4494,0.02385096065700054
Malformations of Cortical Development and Group II,hsa-miR-4494,0.023850038647651672
Osteoarthritis and Post-Traumatic,hsa-miR-4494,0.02384883351624012
Cystic Fibrosis,hsa-miR-4494,0.02384795807301998
skin melanoma,hsa-miR-4494,0.023847365751862526
Ischemic Stroke and Diabetic,hsa-miR-4494,0.023845447227358818
Seizures and Febrile,hsa-miR-4494,0.02384462021291256
nonsyndromic congenital nail disorder 7,hsa-miR-4494,0.02384452521800995
Rett Syndrome,hsa-miR-4494,0.023843154311180115
Angelman Syndrome,hsa-miR-4494,0.023842325434088707
Lumbosacral Spinal Root Avulsion,hsa-miR-4494,0.023842183873057365
Gastritis and Hypertrophic,hsa-miR-4494,0.023841332644224167
Heart Septal Defects and Atrial,hsa-miR-4494,0.023840978741645813
Wasting Disease and Chronic,hsa-miR-4494,0.023840315639972687
Arrest of spermatogenesis,hsa-miR-4494,0.023840315639972687
Ovarian Insufficiency and Premature,hsa-miR-4494,0.023840270936489105
Pleural Effusion and Malignant,hsa-miR-4494,0.02383948676288128
Fibrosarcoma,hsa-miR-4494,0.023839298635721207
Sleep Apnea Syndromes,hsa-miR-4494,0.02383868210017681
Vascular System Injuries,hsa-miR-4494,0.023837171494960785
Colonic Polyps,hsa-miR-4494,0.023836791515350342
Infarction,hsa-miR-4494,0.02383648417890072
Palatal Neoplasms,hsa-miR-4494,0.023835748434066772
Choroidal Neovascularization,hsa-miR-4494,0.023834213614463806
Leukemia and Biphenotypic and Acute,hsa-miR-4494,0.023833833634853363
ST Elevation Myocardial Infarction,hsa-miR-4494,0.02383248694241047
Coronary Artery Calcification,hsa-miR-4494,0.023832155391573906
Ataxia with vitamin E deficiency,hsa-miR-4494,0.023832010105252266
Gastrinoma,hsa-miR-4494,0.023831682279706
Jaw Abnormalities,hsa-miR-4494,0.023830002173781395
Nephrosclerosis,hsa-miR-4494,0.02382952906191349
Neoplasm and Residual,hsa-miR-4494,0.023827139288187027
Acne Vulgaris,hsa-miR-4494,0.023826925083994865
Acute Lymphoblastic Leukemia and T-Cell,hsa-miR-4494,0.023826003074645996
Hemochromatosis,hsa-miR-4494,0.023825956508517265
High Grade Ovarian Neoplasms,hsa-miR-4494,0.02382325939834118
Dacryocystitis,hsa-miR-4494,0.023822972550988197
Oral Ulcer,hsa-miR-4494,0.02382231317460537
Cystitis and Interstitial,hsa-miR-4494,0.023821532726287842
Anemia,hsa-miR-4494,0.0238190945237875
Fibrosis and Skin,hsa-miR-4494,0.02381819486618042
Cerebral Hemorrhage and Spontaneous,hsa-miR-4494,0.02381713129580021
Enterovirus B and Human,hsa-miR-4494,0.023815618827939034
Rhinitis and Allergic and Seasonal,hsa-miR-4494,0.023815477266907692
Megalencephalic leukoencephalopathy with subcortical cysts,hsa-miR-4494,0.02381526492536068
Arrhythmogenic Heart Diseases,hsa-miR-4494,0.02381512150168419
Heart Diseases and Congenital,hsa-miR-4494,0.023811856284737587
Respiratory Syncytial Virus Infections,hsa-miR-4494,0.023810483515262604
Testicular Diseases,hsa-miR-4494,0.0238102488219738
Neuropathic Lysosomal Storage Diseases,hsa-miR-4494,0.023809749633073807
Obsessive-Compulsive Disorder,hsa-miR-4494,0.023808425292372704
SHORT syndrome,hsa-miR-4494,0.023806296288967133
Polythelia and Familial,hsa-miR-4494,0.023805776610970497
External Auditory Canal Squamous Cell Carcinoma,hsa-miR-4494,0.023805590346455574
Substance Abuse and Intravenous,hsa-miR-4494,0.023805398494005203
Gastric And Colon Cancer,hsa-miR-4494,0.023805206641554832
Gastritis and Pediatric,hsa-miR-4494,0.023801306262612343
Infarction and Middle Cerebral Artery,hsa-miR-4494,0.023800240829586983
Hypoxia-Ischemia and Brain,hsa-miR-4494,0.0238000750541687
Leukemia and Prolymphocytic and T-Cell,hsa-miR-4494,0.023799696937203407
Alveolar Bone Loss,hsa-miR-4494,0.0237960796803236
Inflammation and Post Stroke,hsa-miR-4494,0.023795414716005325
Long Term Adverse Effects,hsa-miR-4494,0.023795180022716522
Warburg micro syndrome 1,hsa-miR-4494,0.023793429136276245
Cardiomyopathy dilated with woolly hair and keratoderma,hsa-miR-4494,0.023791391402482986
Diastrophic dysplasia,hsa-miR-4494,0.023790303617715836
Hyperoxia-Induced Lung Injury,hsa-miR-4494,0.02378973923623562
Pulmonary Edema,hsa-miR-4494,0.023789500817656517
rippling muscle disease 1,hsa-miR-4494,0.023789215832948685
Barrett Esophagus,hsa-miR-4494,0.023789195343852043
Lacrimal Adenoid   Cystic Carcinoma,hsa-miR-4494,0.02378893457353115
Reinjuries,hsa-miR-4494,0.0237868744879961
hyper IgE recurrent infection syndrome 2,hsa-miR-4494,0.023784983903169632
Phenylketonurias,hsa-miR-4494,0.023784911260008812
Glima,hsa-miR-4494,0.02378065139055252
Primary Central Nervous System Lymphoma,hsa-miR-4494,0.023780016228556633
Movement Disorders,hsa-miR-4494,0.023774290457367897
gastric cardia adenocarcinoma,hsa-miR-4494,0.023773768916726112
Ocular Hypertension,hsa-miR-4494,0.023772990331053734
Bacterial Infections,hsa-miR-4494,0.023769699037075043
Peritoneal Hyalinizing Vasculopathy,hsa-miR-4494,0.02376953326165676
Bronchial Hyperreactivity,hsa-miR-4494,0.023768635466694832
Meningioma,hsa-miR-4494,0.023767570033669472
Encephalomyelitis and Western Equine,hsa-miR-4494,0.023766838014125824
Atrial Myosins,hsa-miR-4494,0.023766767233610153
Bone Pain,hsa-miR-4494,0.023765606805682182
Intestinal Neoplasms,hsa-miR-4494,0.02376529946923256
Brain Injury and Chronic,hsa-miR-4494,0.023763077333569527
Aortic Aneurysm,hsa-miR-4494,0.023761490359902382
Critical Illness,hsa-miR-4494,0.023760899901390076
Chagas Disease,hsa-miR-4494,0.023760119453072548
Tuberculosis and Meningeal,hsa-miR-4494,0.023759668692946434
Ankle Fractures,hsa-miR-4494,0.023759551346302032
Tetralogy of Fallot,hsa-miR-4494,0.023758839815855026
Urothelial   Carcinoma,hsa-miR-4494,0.023757940158247948
Tibial Fractures,hsa-miR-4494,0.023755930364131927
Burns,hsa-miR-4494,0.023753827437758446
Ectrodactyly-cleft lip-palate syndrome,hsa-miR-4494,0.02375134266912937
Fragile X Syndrome,hsa-miR-4494,0.023746326565742493
Premature Ejaculation,hsa-miR-4494,0.023745378479361534
Microvascular Rarefaction,hsa-miR-4494,0.023742375895380974
Carcinoma and Cutaneous and Squamous Cell,hsa-miR-4494,0.02373790368437767
Venous Thromboembolism,hsa-miR-4494,0.02373688854277134
Pulmonary Eosinophilia,hsa-miR-4494,0.02373575232923031
Intracranial  Aneurysm,hsa-miR-4494,0.02373293600976467
Otofaciocervical Syndrome,hsa-miR-4494,0.02372896298766136
Stomatitis and Herpetic,hsa-miR-4494,0.023727187886834145
Sciatica,hsa-miR-4494,0.023726999759674072
Anterior Cruciate Ligament Injuries,hsa-miR-4494,0.02372591197490692
Wiskott-Aldrich Syndrome,hsa-miR-4439,0.02372516691684723
Pemphigoid and Bullous,hsa-miR-4494,0.02372375689446926
Spinal Cord Diseases,hsa-miR-4494,0.02372250333428383
Psychotic Disorders,hsa-miR-4494,0.023720161989331245
Pituitary Diseases,hsa-miR-4494,0.023720044642686844
Cartilage Degradation,hsa-miR-4494,0.023719854652881622
Carcinoma and Merkel Cell,hsa-miR-4494,0.02371656522154808
Aphasia and Primary Progressive,hsa-miR-4494,0.02371268719434738
Dermatitis and Allergic Contact,hsa-miR-4494,0.023712262511253357
FG syndrome,hsa-miR-4494,0.02371157333254814
Anodontia,hsa-miR-4494,0.023705212399363518
Hyperplasia,hsa-miR-4494,0.023703956976532936
Hypoadrenocorticism and Familial,hsa-miR-4511,0.02370159514248371
Lymphoma and Extranodal NK-T-Cell,hsa-miR-4439,0.023700587451457977
Ventricular Dysfunction,hsa-miR-4494,0.023695487529039383
Typical Teratoid Rhabdoid Tumor,hsa-miR-4439,0.023694507777690887
Abnormalities and Multiple,hsa-miR-4439,0.023692825809121132
uric acid nephrolithiasis,hsa-miR-4494,0.023689787834882736
Interstitial Fibrosis and Renal,hsa-miR-4439,0.02368859201669693
Breast Neoplasms and Basal Cell,hsa-miR-4494,0.023684795945882797
common variable immunodeficiency 2,hsa-miR-4482,0.02368389070034027
Hemoglobin Bart'S Hydrops   Fetalis Syndrome,hsa-miR-4482,0.02368067391216755
Lymphoma and Extranodal NK-T-Cell,hsa-miR-4482,0.02367778867483139
Peptic Ulcer,hsa-miR-4439,0.02367742732167244
Cholesteatoma,hsa-miR-4494,0.023674221709370613
Werner Syndrome,hsa-miR-4439,0.023674041032791138
Temporomandibular Joint Osteoarthritis,hsa-miR-4494,0.023672115057706833
acute myocardial infarction,hsa-miR-4482,0.02366967499256134
Peripartum Cardiomyopathy ,hsa-miR-4494,0.023668047040700912
Borna Disease,hsa-miR-4439,0.02366640232503414
Laron Syndrome,hsa-miR-4482,0.023666242137551308
Enterocolitis and Pseudomembranous,hsa-miR-4439,0.023664887994527817
Moebius syndrome 1,hsa-miR-4439,0.023663919419050217
Pediatric Obesity,hsa-miR-4439,0.023662831634283066
Pediatric Cystic Fibrosis,hsa-miR-4482,0.023659026250243187
Glucose Intolerance,hsa-miR-4439,0.023658381775021553
arthrogryposis and renal dysfunction and and cholestasis 1,hsa-miR-4439,0.023655591532588005
Peptic Ulcer,hsa-miR-4482,0.023654747754335403
Stillbirth,hsa-miR-4494,0.023654205724596977
Glycogen Storage Disease Type VI,hsa-miR-4439,0.02365279756486416
Renal Tubular Oxidative Injury,hsa-miR-4482,0.02365228533744812
Stress Disorders and Traumatic,hsa-miR-4494,0.023647867143154144
Chronic Renal  Injury,hsa-miR-4439,0.02364695630967617
Hyperpigmentation and Skin,hsa-miR-4439,0.02364676631987095
Vertigo,hsa-miR-4482,0.023646678775548935
Ventricular Dysfunction and Left,hsa-miR-4482,0.02364528551697731
Enterocolitis and Pseudomembranous,hsa-miR-4482,0.02364220842719078
Hepatorenal Syndrome,hsa-miR-4439,0.023641444742679596
Abortion and Spontaneous,hsa-miR-4482,0.02364114299416542
Malnutrition,hsa-miR-4439,0.023640356957912445
Leukemia and Myeloid,hsa-miR-4439,0.023640306666493416
Lumbar Radicular Pain,hsa-miR-4494,0.023639515042304993
Bradycardia,hsa-miR-4439,0.023639172315597534
Brucellosis and Bovine,hsa-miR-4494,0.023638922721147537
Cholecystitis,hsa-miR-4482,0.02363811619579792
Postoperative Complications,hsa-miR-4439,0.02363758534193039
Orchitis,hsa-miR-4494,0.02363518625497818
Brain Ischemia ,hsa-miR-4494,0.023634925484657288
Neuroendocrine Tumors,hsa-miR-4482,0.023634519428014755
Synucleinopathies,hsa-miR-4482,0.023632816970348358
Facial Nerve Injuries,hsa-miR-4439,0.023631980642676353
Myeloproliferative Disorders,hsa-miR-4439,0.02363158017396927
Fetal Macrosomia,hsa-miR-4439,0.02363075129687786
Venous Thrombosis,hsa-miR-4439,0.023629331961274147
Pain and Inflammatory,hsa-miR-4482,0.023628557100892067
Malformations of Cortical Development,hsa-miR-4482,0.02362770587205887
Low Tension Glaucoma,hsa-miR-4439,0.02362656407058239
Meniere Disease,hsa-miR-4439,0.023625830188393593
Tuberculosis and Spinal,hsa-miR-4439,0.023624008521437645
Pica,hsa-miR-4494,0.02362189255654812
Hematoma and Subdural and Chronic,hsa-miR-4482,0.02362172119319439
Brain Neoplasms,hsa-miR-4439,0.02362131141126156
ovary adenocarcinoma,hsa-miR-4439,0.02361965738236904
Cardiomyopathy and Hypertrophic,hsa-miR-4494,0.02361886389553547
Noonan syndrome-like disorder with loose anagen hair,hsa-miR-4439,0.023617645725607872
Dehydration,hsa-miR-4482,0.023617250844836235
Leukemia and Large Granular Lymphocytic,hsa-miR-4482,0.023616114631295204
Arm Lymphedema,hsa-miR-4482,0.02361576072871685
Selenium Deficiency,hsa-miR-4482,0.02361576072871685
Postoperative Complications,hsa-miR-4482,0.023614905774593353
Depressive Disorder,hsa-miR-4439,0.023614002391695976
Bone Diseases,hsa-miR-4482,0.02361362986266613
mitochondrial DNA depletion syndrome 4b,hsa-miR-4439,0.023612605407834053
Infant and Low Birth Weight,hsa-miR-4439,0.02361229807138443
Chondrocalcinosis,hsa-miR-4494,0.02361178956925869
Delayed Graft Function,hsa-miR-4494,0.02361169457435608
Heart Septal Defects and Ventricular,hsa-miR-4482,0.02361045964062214
Bloom Syndrome,hsa-miR-4439,0.02361019141972065
Encephalomyelitis and Acute Disseminated,hsa-miR-4494,0.02360973134636879
Influenza in Birds,hsa-miR-4439,0.023609010502696037
Dental Caries,hsa-miR-4439,0.02360827848315239
Li-Fraumeni syndrome 1,hsa-miR-4439,0.023608136922121048
Endocrine Gland Neoplasms,hsa-miR-4439,0.02360742725431919
Respiratory Distress Syndrome and Newborn,hsa-miR-4494,0.02360684610903263
Thyroid Carcinoma and Anaplastic,hsa-miR-4482,0.023606697097420692
Femur Head Necrosis,hsa-miR-4482,0.02360573038458824
Laryngeal Papilloma,hsa-miR-4439,0.023605579510331154
Skin Neoplasms and Non-Melanoma,hsa-miR-4439,0.023604989051818848
Sarcoma and Ewing,hsa-miR-4482,0.023604806512594223
Thymic aplasia,hsa-miR-4482,0.023604806512594223
Cardiomyopathy and Dilated and with Left Ventricular Noncompaction,hsa-miR-4482,0.023604026064276695
Leigh Disease,hsa-miR-4439,0.02360399439930916
Drug Hypersensitivity,hsa-miR-4439,0.02360312081873417
Acute  Kidney Injury,hsa-miR-4482,0.023603031411767006
adhesions of uterus,hsa-miR-4494,0.02360166609287262
Porphyria and Variegate,hsa-miR-4494,0.02360166609287262
Post-Cardiac Arrest Syndrome,hsa-miR-4439,0.023600351065397263
Erythroblastosis and Fetal,hsa-miR-4494,0.02359955757856369
intracranial berry aneurysm 3,hsa-miR-4494,0.02359944023191929
Rectal Neoplasms,hsa-miR-4439,0.02359924092888832
Acrodermatitis enteropathica,hsa-miR-4494,0.023599015548825264
Hypercholesterolemia,hsa-miR-4482,0.02359825372695923
Pancreatitis and Acute Necrotizing,hsa-miR-4439,0.023596899583935738
Short Stature and Idiopathic and Autosomal,hsa-miR-4482,0.023596763610839844
Adenomatous Polyposis Coli,hsa-miR-4482,0.02359520085155964
Hepatopulmonary Syndrome,hsa-miR-4439,0.0235940832644701
Kahrizi Syndrome,hsa-miR-4482,0.023593734949827194
DNA Repair-Deficiency Disorders,hsa-miR-4439,0.023593254387378693
Hepatitis and Chronic,hsa-miR-4494,0.023593194782733917
Microscopic Polyangiitis,hsa-miR-4482,0.023592978715896606
Prader-Willi Syndrome,hsa-miR-4439,0.02359296940267086
Thalassemia,hsa-miR-4439,0.023592732846736908
Bovine Virus Diarrhea-Mucosal Disease,hsa-miR-4482,0.023592054843902588
Lupus Nephritis,hsa-miR-4439,0.02359190583229065
Environmental Illness,hsa-miR-4439,0.023591740056872368
Polyps,hsa-miR-4439,0.02359100431203842
Retinal Degeneration,hsa-miR-4494,0.023590097203850746
Heart Injuries,hsa-miR-4494,0.023589104413986206
Sveinsson Chorioretinal Atrophy,hsa-miR-4482,0.02358829416334629
Encephalomyelitis and Eastern Equine,hsa-miR-4482,0.02358810417354107
Osteoarthropathy and Primary Hypertrophic,hsa-miR-4439,0.02358802780508995
mucinous cystadenocarcinoma of pancreas,hsa-miR-4439,0.02358669973909855
Periodontal Diseases,hsa-miR-4439,0.023586679250001907
Leptomeningeal Metastasis,hsa-miR-4482,0.02358623594045639
Status Epilepticus,hsa-miR-4439,0.023586111143231392
Endocrine Gland Neoplasms,hsa-miR-4482,0.023584628477692604
Endometrial Fibrosis,hsa-miR-4482,0.023583753034472466
Inflammatory Osteolysis,hsa-miR-4439,0.023583320900797844
Laryngeal Papilloma,hsa-miR-4482,0.023582899942994118
Stanford Type A Aortic   Dissection,hsa-miR-4439,0.023582633584737778
Sarcoidosis,hsa-miR-4439,0.023582326248288155
Wound Healing,hsa-miR-4482,0.023581957444548607
Cleidocranial Dysplasia,hsa-miR-4439,0.02358180284500122
Rectal Prolapse,hsa-miR-4494,0.023581745103001595
Suppuration,hsa-miR-4494,0.02358153462409973
Pelvic Floor Disorders,hsa-miR-4482,0.02358121983706951
Distal myopathy and Nonaka type,hsa-miR-4482,0.023580722510814667
dystonia 5,hsa-miR-4494,0.02358044497668743
Prosthesis Failure,hsa-miR-4494,0.023580042645335197
Pancreatitis,hsa-miR-4439,0.0235796757042408
Adenine phosphoribosyltransferase deficiency,hsa-miR-4494,0.023579001426696777
Deltaretrovirus Infections,hsa-miR-4482,0.023578571155667305
Implantation Failure,hsa-miR-4511,0.02357848361134529
Exudative Vitreoretinopathy 4,hsa-miR-4439,0.023578327149152756
Sepsis Induced Liver Injury,hsa-miR-4482,0.023577958345413208
Myocarditis,hsa-miR-4482,0.023577837273478508
vulva squamous cell carcinoma,hsa-miR-4494,0.023577416315674782
Malformations of Cortical Development and Group II,hsa-miR-4439,0.023577025160193443
Infant and Newborn and Diseases,hsa-miR-4482,0.023575542494654655
Hyperkalemia,hsa-miR-4482,0.023575281724333763
Cystic Fibrosis,hsa-miR-4439,0.023575063794851303
Alcohol Induced Neurogenic Inflammation,hsa-miR-4482,0.02357488125562668
Lipodystrophy and Partial and Acquired,hsa-miR-4494,0.023574765771627426
Lymphoma and Mantle-Cell,hsa-miR-4482,0.023574717342853546
skin melanoma,hsa-miR-4439,0.023574473336338997
Kidney Calculi,hsa-miR-4439,0.02357352338731289
Heart Failure and Systolic,hsa-miR-4494,0.02357299253344536
Tooth Diseases,hsa-miR-4494,0.023572707548737526
Thrombosis,hsa-miR-4494,0.023572614416480064
Neuroleptic Malignant Syndrome,hsa-miR-4439,0.023572364822030067
Syphilis and secondary,hsa-miR-4494,0.023571856319904327
nonsyndromic congenital nail disorder 7,hsa-miR-4439,0.02357151359319687
Hepatopulmonary Syndrome,hsa-miR-4482,0.023571403697133064
Iris Diseases,hsa-miR-4482,0.023571379482746124
Hyperphosphatemia,hsa-miR-4494,0.02357122115790844
Parasitic Diseases,hsa-miR-4439,0.02357059344649315
Autoimmune polyendocrinopathy syndrome and type 1,hsa-miR-4482,0.023570267483592033
Angelman Syndrome,hsa-miR-4439,0.02356943115592003
Lupus Nephritis,hsa-miR-4482,0.023569226264953613
Lumbosacral Spinal Root Avulsion,hsa-miR-4439,0.023569170385599136
Environmental Illness,hsa-miR-4482,0.02356906048953533
Striatonigral Degeneration,hsa-miR-4482,0.02356804348528385
Gluteal Muscle Contracture,hsa-miR-4494,0.023567646741867065
Complex Regional Pain Syndromes,hsa-miR-4439,0.02356760948896408
Liver Failure and Acute,hsa-miR-4494,0.023567575961351395
Hematologic Neoplasms,hsa-miR-4439,0.023567209020256996
Arrhythmias and Cardiac,hsa-miR-4482,0.023566672578454018
Bronchiolitis Obliterans,hsa-miR-4439,0.02356543578207493
Sensation Disorders,hsa-miR-4439,0.02356462925672531
Pleomorphic Sarcoma and Undifferentiated,hsa-miR-4439,0.023564321920275688
mucinous cystadenocarcinoma of pancreas,hsa-miR-4482,0.023564139381051064
Periodontal Diseases,hsa-miR-4482,0.02356399968266487
MPTP Poisoning,hsa-miR-4439,0.023563683032989502
Infarction,hsa-miR-4439,0.02356358990073204
Fibroadenoma,hsa-miR-4482,0.023563455790281296
Hearing Disorders,hsa-miR-4482,0.023562699556350708
Chronic Gastritis,hsa-miR-4439,0.023562287911772728
Hepacivirus,hsa-miR-4482,0.023561300709843636
Intestinal Fistula,hsa-miR-4494,0.023561257869005203
Choroidal Neovascularization,hsa-miR-4439,0.023561200127005577
Primary Graft Dysfunction,hsa-miR-4482,0.02356073446571827
Inflammatory Osteolysis,hsa-miR-4482,0.023560522124171257
Brain Damage and Chronic,hsa-miR-4482,0.023560188710689545
HTLV-II Infections,hsa-miR-4494,0.02355976775288582
Sarcoidosis,hsa-miR-4482,0.02355964668095112
Hypotension,hsa-miR-4439,0.02355940267443657
Rupture,hsa-miR-4482,0.023559195920825005
Urinary Bladder Diseases,hsa-miR-4482,0.02355879358947277
Hernias and Diaphragmatic and Congenital,hsa-miR-4494,0.023558657616376877
Gingivitis,hsa-miR-4482,0.023558154702186584
Multiple Chronic Conditions,hsa-miR-4494,0.02355782873928547
Arteriosclerosis,hsa-miR-4494,0.023557448759675026
salivary gland mucoepidermoid carcinoma,hsa-miR-4439,0.023557178676128387
Cryopyrin-Associated Periodic Syndromes,hsa-miR-4439,0.023555757477879524
Exudative Vitreoretinopathy 4,hsa-miR-4482,0.02355564758181572
Multiple Organ Failure,hsa-miR-4439,0.023555023595690727
Spermatic Cord Torsion,hsa-miR-4439,0.023554479703307152
Acute Lymphoblastic Leukemia and T-Cell,hsa-miR-4439,0.023553108796477318
Sexually Transmitted Diseases,hsa-miR-4494,0.023552220314741135
Viral Respiratory Infections,hsa-miR-4482,0.023552147671580315
Acute Lymphocytic Leukemia and B-Cell,hsa-miR-4439,0.02355206571519375
Infertility and Female,hsa-miR-4482,0.023552002385258675
Hepatitis C and Chronic,hsa-miR-4439,0.023550977930426598
Small Cell Lung Carcinoma,hsa-miR-4439,0.02355024591088295
High Grade Ovarian Neoplasms,hsa-miR-4439,0.02355024591088295
Cyprinid Herpesvirus 3,hsa-miR-4439,0.023549633100628853
Neuroleptic Malignant Syndrome,hsa-miR-4482,0.02354956604540348
Salpingitis,hsa-miR-4439,0.023549510166049004
Multicystic renal dysplasia and bilateral,hsa-miR-4482,0.02354947291314602
Necrosis,hsa-miR-4482,0.023548880591988564
Cystitis and Interstitial,hsa-miR-4439,0.023548519238829613
Migraine Disorders,hsa-miR-4494,0.023548344150185585
Lesch-Nyhan Syndrome,hsa-miR-4439,0.02354811690747738
Rolandic Epilepsy and Mental Retardation and and Speech Dyspraxia and X-Linked,hsa-miR-4439,0.023548023775219917
Hemangioma and Infantile,hsa-miR-4482,0.02354658581316471
Spondylocheirodysplasia and Ehlers-Danlos Syndrome-Like,hsa-miR-4482,0.02354646846652031
Gastritis and Hypertrophic,hsa-miR-4482,0.0235456395894289
Giant Cell Arteritis,hsa-miR-4439,0.023545514792203903
Complex Regional Pain Syndromes,hsa-miR-4482,0.023544810712337494
Arrest of spermatogenesis,hsa-miR-4482,0.023544741794466972
Hematologic Neoplasms,hsa-miR-4482,0.02354452945291996
Bone Neoplasms,hsa-miR-4482,0.02354448288679123
Ovarian Insufficiency and Premature,hsa-miR-4482,0.02354445867240429
Microphthalmia and syndromic 2,hsa-miR-4439,0.02354433201253414
Pleural Effusion and Malignant,hsa-miR-4482,0.023544032126665115
Fibrosarcoma,hsa-miR-4482,0.023543724790215492
Basal Ganglia Hemorrhage,hsa-miR-4511,0.02354341372847557
Immune-Mediated Inflammatory Diseases,hsa-miR-4482,0.023543203249573708
Olfaction Disorders,hsa-miR-4494,0.02354266308248043
Hind Limb Ischemia,hsa-miR-4482,0.0235426127910614
Rhinitis and Allergic and Seasonal,hsa-miR-4439,0.023542463779449463
Megalencephalic leukoencephalopathy with subcortical cysts,hsa-miR-4439,0.023542370647192
Lip and Hamartomatous,hsa-miR-4439,0.02354229800403118
Oral Submucous Fibrosis,hsa-miR-4482,0.023542212322354317
Retinal Detachment,hsa-miR-4439,0.02354203723371029
Glomus Tumor,hsa-miR-4439,0.023541707545518875
Pleomorphic Sarcoma and Undifferentiated,hsa-miR-4482,0.0235415231436491
Tracheal Stenosis,hsa-miR-4482,0.023540696129202843
Cholangitis and Biliary and Primary,hsa-miR-4494,0.023540182039141655
Peripheral Nervous System Diseases,hsa-miR-4482,0.023539843037724495
Heart Diseases and Congenital,hsa-miR-4439,0.02353896200656891
Fatty Liver,hsa-miR-4494,0.023538902401924133
Hirschsprung Disease,hsa-miR-4439,0.023538583889603615
Teratoid Rhabdoid Tumor and Atypical,hsa-miR-4439,0.02353813499212265
Leukemia and Biphenotypic and Acute,hsa-miR-4482,0.023538021370768547
Pulmonary Veno-Occlusive Disease,hsa-miR-4494,0.023537861183285713
Hepatic Veno-Occlusive Disease,hsa-miR-4494,0.02353670261800289
Ataxia with vitamin E deficiency,hsa-miR-4482,0.023536317050457
Autistic Disorder,hsa-miR-4439,0.02353629097342491
Infections,hsa-miR-4439,0.02353629097342491
Incontinentia Pigmenti,hsa-miR-4494,0.02353545092046261
Retinal Dystrophies,hsa-miR-4439,0.023535294458270073
Aneurysm,hsa-miR-4482,0.023534925654530525
Exocrine Pancreatic Insufficiency,hsa-miR-4482,0.023534851148724556
Cachexia,hsa-miR-4439,0.023534657433629036
salivary gland mucoepidermoid carcinoma,hsa-miR-4482,0.02353449910879135
Nephrosclerosis,hsa-miR-4482,0.023533716797828674
Rhinitis and Allergic,hsa-miR-4439,0.023533260449767113
Cryopyrin-Associated Periodic Syndromes,hsa-miR-4482,0.023533077910542488
Mitral Valve Insufficiency,hsa-miR-4439,0.023532148450613022
Cleft Lip,hsa-miR-4439,0.02353193424642086
differentiated thyroid gland carcinoma,hsa-miR-4494,0.023531710729002953
Rosacea,hsa-miR-4439,0.023531513288617134
Rotavirus Infections,hsa-miR-4494,0.023529771715402603
Brain Infarction,hsa-miR-4482,0.023528654128313065
Sick Sinus Syndrome,hsa-miR-4482,0.023527802899479866
Small Cell Lung Carcinoma,hsa-miR-4482,0.023527447134256363
Hypoxia-Ischemia and Brain,hsa-miR-4439,0.023527180776000023
Cyprinid Herpesvirus 3,hsa-miR-4482,0.023526834324002266
Syphilis,hsa-miR-4439,0.02352680079638958
Lesch-Nyhan Syndrome,hsa-miR-4482,0.023525318130850792
Muscular Atrophy and Spinal,hsa-miR-4494,0.023524213582277298
Kidney Failure and Chronic,hsa-miR-4482,0.023523546755313873
lung squamous cell carcinoma,hsa-miR-4494,0.02352338470518589
Myopia,hsa-miR-4482,0.0235232375562191
Exanthema,hsa-miR-4482,0.023522835224866867
Giant Cell Arteritis,hsa-miR-4482,0.023522835224866867
Upper Tract Urothelial Carcinoma,hsa-miR-4494,0.023521656170487404
Microphthalmia and syndromic 2,hsa-miR-4482,0.023521652445197105
Hypogonadism,hsa-miR-4494,0.023520901799201965
Gastric   Cancer,hsa-miR-4439,0.02351992018520832
Rhinitis and Allergic and Seasonal,hsa-miR-4482,0.023519784212112427
Reticuloendotheliosis Virus Infections,hsa-miR-4439,0.02351972833275795
Post-Dural Puncture Headache,hsa-miR-4482,0.023519594222307205
Lip and Hamartomatous,hsa-miR-4482,0.023519499227404594
Glomus Tumor,hsa-miR-4482,0.02351902797818184
Langer mesomelic dysplasia,hsa-miR-4482,0.023518506437540054
Larva Migrans and Visceral,hsa-miR-4482,0.02351696975529194
Obesity and Abdominal,hsa-miR-4439,0.02351686730980873
Bipolar Disorder,hsa-miR-4494,0.023516591638326645
Kidney Transplant Rejection,hsa-miR-4482,0.023516260087490082
Telangiectasia and Hereditary Hemorrhagic,hsa-miR-4482,0.02351616695523262
Lacrimal Adenoid   Cystic Carcinoma,hsa-miR-4439,0.023516040295362473
Hirschsprung Disease,hsa-miR-4482,0.02351590432226658
Carcinoma and Small Cell,hsa-miR-4482,0.02351486310362816
Hcv Associated Disorders,hsa-miR-4482,0.023514414206147194
Epilepsy and Post-Traumatic,hsa-miR-4482,0.0235140360891819
Vesicular Stomatitis,hsa-miR-4494,0.023512903600931168
Retinal Dystrophies,hsa-miR-4482,0.023512614890933037
Obsessive-Compulsive Disorder,hsa-miR-4482,0.023512614890933037
Cachexia,hsa-miR-4482,0.023511977866292
Emphysema,hsa-miR-4494,0.02351129613816738
Rhinitis and Allergic,hsa-miR-4482,0.023510580882430077
Lymphoma and T-Cell and Cutaneous,hsa-miR-4439,0.023509841412305832
Gastric And Colon Cancer,hsa-miR-4482,0.023509515449404716
Rosacea,hsa-miR-4482,0.023508833721280098
Pterygium,hsa-miR-4482,0.02350800298154354
Cirrhotic Cardiomyopathy,hsa-miR-4482,0.02350778691470623
Pulmonary edema of mountaineers,hsa-miR-4439,0.02350773476064205
esophageal carcinoma,hsa-miR-4482,0.023507507517933846
Liver Failure,hsa-miR-4482,0.023507433012127876
Gastritis and Pediatric,hsa-miR-4482,0.023505493998527527
Arteriosclerosis Obliterans,hsa-miR-4494,0.02350526489317417
Arthrogryposis and ectodermal dysplasia,hsa-miR-4439,0.023504992946982384
Precursor T-Cell Lymphoblastic Leukemia-Lymphoma,hsa-miR-4439,0.023502720519900322
Movement Disorders,hsa-miR-4439,0.02350139617919922
Alveolar Bone Loss,hsa-miR-4482,0.023500386625528336
Inflammation and Post Stroke,hsa-miR-4482,0.02349984087049961
Brain Injuries and Traumatic,hsa-miR-4482,0.023498348891735077
Skin Neoplasms,hsa-miR-4482,0.02349782921373844
Reticuloendotheliosis Virus Infections,hsa-miR-4482,0.023497169837355614
Peritoneal Hyalinizing Vasculopathy,hsa-miR-4439,0.023496638983488083
Diastrophic dysplasia,hsa-miR-4482,0.023494848981499672
Rectal Injury,hsa-miR-4494,0.02349471114575863
Hyperoxia-Induced Lung Injury,hsa-miR-4482,0.023494165390729904
Pulmonary Edema,hsa-miR-4482,0.023493926972150803
Vulvar Neoplasms,hsa-miR-4439,0.023493777960538864
Atrial Myosins,hsa-miR-4439,0.023493753746151924
Encephalomyelitis and Western Equine,hsa-miR-4439,0.023493705317378044
Iron Metabolism Disorders,hsa-miR-4482,0.02349364385008812
rippling muscle disease 1,hsa-miR-4482,0.02349364385008812
Xerostomia,hsa-miR-4494,0.023493504151701927
Barrett Esophagus,hsa-miR-4482,0.023493263870477676
Intestinal Neoplasms,hsa-miR-4439,0.02349240705370903
Respirovirus Infections,hsa-miR-4439,0.023489708080887794
hyper IgE recurrent infection syndrome 2,hsa-miR-4482,0.023489052429795265
Blood Platelet Disorders,hsa-miR-4494,0.023488277569413185
Carotid Artery Injuries,hsa-miR-4482,0.023488247767090797
Chagas Disease,hsa-miR-4439,0.02348710596561432
Lymphoma and T-Cell and Cutaneous,hsa-miR-4482,0.023487042635679245
Ankle Fractures,hsa-miR-4439,0.023486537858843803
Tetralogy of Fallot,hsa-miR-4439,0.023485707119107246
Hypoxia and Brain,hsa-miR-4494,0.023484325036406517
Malaria and Vivax,hsa-miR-4439,0.023483650758862495
Mesothelioma and Malignant and Pleural,hsa-miR-4439,0.023483579978346825
Hepatitis E,hsa-miR-4494,0.023483499884605408
Bisphosphonate-Associated Osteonecrosis of the Jaw,hsa-miR-4482,0.02348337695002556
Hemangioma,hsa-miR-4482,0.02348337695002556
Lymphoma and Natural   Killer/T-Cell,hsa-miR-4482,0.02348337695002556
Osteolysis,hsa-miR-4482,0.023483116179704666
Cystoid Macular Edema and Diabetic,hsa-miR-4494,0.023482242599129677
Arthrogryposis and ectodermal dysplasia,hsa-miR-4482,0.023482194170355797
Hyperlipoproteinemia Type II,hsa-miR-4482,0.023481672629714012
Burns,hsa-miR-4439,0.023480933159589767
Chronic  Rhinosinusitis With Nasal Polyps,hsa-miR-335-3p,0.02348037250339985
GATA2 Deficiency,hsa-miR-4482,0.023478882387280464
Nasopharyngeal Neoplasms,hsa-miR-4482,0.023478668183088303
Condylomata Acuminata,hsa-miR-4494,0.02347749099135399
Disorders of Excessive Somnolence,hsa-miR-4482,0.023476727306842804
non-alcoholic steatohepatitis,hsa-miR-4494,0.02347566932439804
Multiple Pulmonary Nodules,hsa-miR-4482,0.023475639522075653
Melanoma and Experimental,hsa-miR-4439,0.02347499504685402
Syphilis and primary,hsa-miR-4482,0.02347433939576149
ovarian carcinoma,hsa-miR-4482,0.02347414940595627
Bacterial Infections,hsa-miR-4482,0.023474007844924927
Neurofibroma and Plexiform,hsa-miR-4482,0.02347242273390293
Papilloma and Choroid Plexus,hsa-miR-4482,0.023471830412745476
Osteoporotic Fractures,hsa-miR-4482,0.023470813408493996
Colorectal   Adenocarcinoma,hsa-miR-4482,0.023470008745789528
Cardiac Complexes and Premature,hsa-miR-4482,0.023467784747481346
Turcot syndrome,hsa-miR-4439,0.023467471823096275
Alopecia Areata,hsa-miR-4494,0.023465923964977264
Critical Illness,hsa-miR-4482,0.02346532605588436
Chagas Disease,hsa-miR-4482,0.023464307188987732
Tetralogy of Fallot,hsa-miR-4482,0.02346302755177021
Pulmonary Eosinophilia,hsa-miR-4439,0.02346297726035118
Hypertrophy and Right Ventricular,hsa-miR-4439,0.023462502285838127
Osteonecrosis,hsa-miR-4439,0.02345971204340458
Otofaciocervical Syndrome,hsa-miR-4439,0.023455949500203133
Necrobiotic Disorders,hsa-miR-4439,0.023455500602722168
Trypanosomiasis,hsa-miR-4482,0.02345401979982853
Melanoma and Experimental,hsa-miR-4482,0.023452196270227432
Ullrich congenital muscular dystrophy,hsa-miR-4482,0.02345210127532482
Neointimal   Hyperplasia,hsa-miR-4482,0.023450495675206184
Cysts,hsa-miR-4482,0.023450443521142006
Premature Ejaculation,hsa-miR-4482,0.02344980649650097
Neoplasms and Germ Cell and Embryonal,hsa-miR-4439,0.02344951592385769
Adenocarcinoma and Sebaceous and Ocular,hsa-miR-4439,0.02344866283237934
Psychotic Disorders,hsa-miR-4439,0.023447267711162567
Vascular Calcification,hsa-miR-4482,0.023447036743164062
Pituitary Diseases,hsa-miR-4439,0.023446911945939064
Ventricular Premature Complexes,hsa-miR-4494,0.023444512858986855
Parkinson Disease and Familial and Type 1,hsa-miR-4482,0.023442307487130165
Osteoporosis and Postmenopausal,hsa-miR-4482,0.02343871258199215
FG syndrome,hsa-miR-4439,0.02343856170773506
Intracranial  Aneurysm,hsa-miR-4482,0.023437362164258957
salivary gland adenoid cystic carcinoma,hsa-miR-4482,0.023435376584529877
Lung Diseases and Interstitial,hsa-miR-4494,0.023435262963175774
Borderline Personality Disorder,hsa-miR-4482,0.023434830829501152
Intestinal Diseases,hsa-miR-4482,0.023434476926922798
Heart Diseases,hsa-miR-4511,0.02343236841261387
Diabetic Neuropathies,hsa-miR-4482,0.023432040587067604
Scapuloperoneal Myopathy and X-Linked Dominant,hsa-miR-4482,0.023429840803146362
Neurosyphilis,hsa-miR-4439,0.02342827059328556
Spinal Cord Diseases,hsa-miR-4482,0.023426929488778114
Thrombotic Stroke,hsa-miR-4439,0.023425763472914696
Azoospermia and Nonobstructive,hsa-miR-4482,0.023424658924341202
Pituitary Diseases,hsa-miR-4482,0.02342435158789158
Hyperuricemia,hsa-miR-4482,0.023424066603183746
Reperfusion Injury and Testicular Ischemia,hsa-miR-335-3p,0.023421112447977066
Shprintzen Golberg craniosynostosis,hsa-miR-27a*,0.023417606949806213
uric acid nephrolithiasis,hsa-miR-4439,0.023416893556714058
Dermatitis and Allergic Contact,hsa-miR-4482,0.023416569456458092
Hallux Valgus,hsa-miR-4482,0.023416072130203247
Breast Neoplasms and Basal Cell,hsa-miR-4439,0.023411782458424568
Meningitis and Fungal,hsa-miR-4439,0.02340797334909439
Amyloidosis,hsa-miR-4494,0.02340732328593731
Nijmegen Breakage Syndrome,hsa-miR-4439,0.023406341671943665
Neurosyphilis,hsa-miR-4482,0.023405591025948524
Carcinoma and Basal Cell and Skin,hsa-miR-4439,0.023404046893119812
Ventricular Dysfunction,hsa-miR-4482,0.02339991368353367
Graves Ophthalmopathy,hsa-miR-4482,0.02339892089366913
Kartagener Syndrome,hsa-miR-4482,0.023397525772452354
uric acid nephrolithiasis,hsa-miR-4482,0.02339409478008747
Carcinogenesis,hsa-miR-4482,0.02339402213692665
Myotonic Dystrophy,hsa-miR-27a*,0.023391466587781906
Hydrocephalus,hsa-miR-4482,0.023387612774968147
Muscular Diseases,hsa-miR-4482,0.023386500775814056
Temporomandibular Joint Osteoarthritis,hsa-miR-4482,0.023376422002911568
Avian Leukosis,hsa-miR-4482,0.023373156785964966
Lumbar Radicular Pain,hsa-miR-4439,0.023366622626781464
Brain Ischemia ,hsa-miR-4439,0.02336191199719906
Myeloma Bone Disease,hsa-miR-27a*,0.023357117548584938
Hereditary Autoinflammatory Diseases,hsa-miR-27a*,0.023357002064585686
neonatal-onset type II citrullinemia,hsa-miR-4482,0.023348059505224228
Thymus Neoplasms,hsa-miR-4439,0.023344216868281364
Calcinosis,hsa-miR-4439,0.023339418694376945
Brain Ischemia ,hsa-miR-4482,0.023339232429862022
Delayed Graft Function,hsa-miR-4439,0.0233388002961874
Sleep Deprivation,hsa-miR-4482,0.023338643833994865
Neoplasm Metastasis,hsa-miR-4439,0.023334544152021408
Vaginosis and Bacterial,hsa-miR-27a*,0.02333071641623974
Idiopathic Condylar Resorption,hsa-miR-4439,0.023329785093665123
Mobility Limitation,hsa-miR-4482,0.02332977205514908
Prion Diseases,hsa-miR-4482,0.02332589216530323
Leukemia and Acute,hsa-miR-4482,0.023324258625507355
Cardiomyopathy and Hypertrophic,hsa-miR-4482,0.023323170840740204
Mycobacterium avium-intracellulare Infection,hsa-miR-4482,0.023321866989135742
Atrial Dilatation,hsa-miR-4439,0.023320607841014862
Hyphema,hsa-miR-4482-5p,0.023319197818636894
Phyllodes Tumor and Breast,hsa-miR-27a*,0.023319194093346596
Leukemia and Myeloid and Chronic and Atypical and BCR-ABL Negative,hsa-miR-4439,0.023317154496908188
Calcinosis,hsa-miR-4482,0.02331661991775036
Thinness,hsa-miR-4439,0.0233162809163332
Encephalomyelitis and Acute Disseminated,hsa-miR-4482,0.023314038291573524
Vitiligo,hsa-miR-4482,0.02331271581351757
Venous Neointimal Hyperplasia,hsa-miR-27a*,0.023312263190746307
Oligospermia,hsa-miR-4482,0.023311011493206024
Bronchiectasis With Or Without Elevated Sweat Chloride 1,hsa-miR-4439,0.023310886695981026
Oophoritis,hsa-miR-4439,0.023310814052820206
Rotator Cuff,hsa-miR-4439,0.023308685049414635
adhesions of uterus,hsa-miR-4482,0.023305973038077354
Uterine Diseases,hsa-miR-4439,0.02330520935356617
hyperekplexia 1,hsa-miR-4439,0.02330520749092102
colon carcinoma,hsa-miR-4439,0.023304475471377373
intracranial berry aneurysm 3,hsa-miR-4482,0.023303747177124023
Acrodermatitis enteropathica,hsa-miR-4482,0.02330332249403
Lattice corneal dystrophy type 1,hsa-miR-27a*,0.02330024726688862
Liver Failure and Acute,hsa-miR-4439,0.023294681683182716
Leukemia and Myeloid and Chronic and Atypical and BCR-ABL Negative,hsa-miR-4482,0.0232943557202816
Retinal Degeneration,hsa-miR-4482,0.02329428493976593
Hemangioma and Cavernous,hsa-miR-4439,0.023293426260352135
Heart Injuries,hsa-miR-4482,0.02329341135919094
Epidermodysplasia Verruciformis,hsa-miR-4482,0.02329237014055252
Lichen Sclerosus et Atrophicus,hsa-miR-4439,0.023291343823075294
Trophoblastic Neoplasms,hsa-miR-4439,0.023291274905204773
Pancreatitis and Acute Hemorrhagic,hsa-miR-27a*,0.023290853947401047
Bronchiectasis With Or Without Elevated Sweat Chloride 1,hsa-miR-4482,0.02328820712864399
Oophoritis,hsa-miR-4482,0.02328813448548317
Arbovirus Infections,hsa-miR-4439,0.023287465795874596
Arthritis and Gouty,hsa-miR-4439,0.02328462526202202
Arteriosclerosis,hsa-miR-4439,0.023284437134861946
Breast Diseases,hsa-miR-4482,0.02328323945403099
Uterine Diseases,hsa-miR-4482,0.023282410576939583
Hepatolenticular Degeneration,hsa-miR-4439,0.02328193001449108
Polycythemia,hsa-miR-4482,0.023279430344700813
Tourette Syndrome,hsa-miR-4482,0.023279335349798203
Thrombosis,hsa-miR-4482,0.02327704057097435
Hyperphosphatemia,hsa-miR-4482,0.023275528103113174
Out-of-Hospital Cardiac Arrest,hsa-miR-4482,0.023274650797247887
Oculocutaneous Albinism Type 3,hsa-miR-4482,0.023272855207324028
Rubella Syndrome and Congenital,hsa-miR-4482,0.02327188290655613
Hip Dislocation and Congenital,hsa-miR-4439,0.02327078953385353
Reperfusion Injury and Renal Ischemia,hsa-miR-4511,0.02326928824186325
Trophoblastic Neoplasms,hsa-miR-4482,0.023268714547157288
Lichen Sclerosus et Atrophicus,hsa-miR-4482,0.023268545046448708
Primary Gastrointestinal Diffuse Large B-Cell Lymphoma ,hsa-miR-27a*,0.02326790802180767
Cholangitis and Biliary and Primary,hsa-miR-4439,0.023267287760972977
Intestinal Fistula,hsa-miR-4482,0.02326580323278904
Large Artery  Atherosclerosis,hsa-miR-4482,0.023265188559889793
Pulmonary Veno-Occlusive Disease,hsa-miR-4439,0.023264728486537933
Early Embryonic Arrestdagger,hsa-miR-4482,0.023264525458216667
Bronchial Diseases,hsa-miR-4482,0.023264219984412193
Hepatic Veno-Occlusive Disease,hsa-miR-4439,0.023263689130544662
Incontinentia Pigmenti,hsa-miR-4439,0.02326255664229393
Cerebral Infarction and Acute,hsa-miR-4439,0.02326158434152603
Diminished  Ovarian Reserve,hsa-miR-27a*,0.023256054148077965
Osteomyelitis,hsa-miR-4482,0.023253902792930603
White Dot Syndromes,hsa-miR-4439,0.02325243130326271
von Hippel-Lindau Disease,hsa-miR-4439,0.023252146318554878
Bronchopneumonia,hsa-miR-4482,0.02325144223868847
Upper Tract Urothelial Carcinoma,hsa-miR-4439,0.023248761892318726
Olfaction Disorders,hsa-miR-4482,0.023246971890330315
Protein-Losing Enteropathies,hsa-miR-4439,0.02324611321091652
C syndrome,hsa-miR-4482,0.023240230977535248
Incontinentia Pigmenti,hsa-miR-4482,0.023239757865667343
Cerebral Infarction and Acute,hsa-miR-4482,0.023238785564899445
Foot Ulcer,hsa-miR-4482,0.023236870765686035
Pheochromocytoma,hsa-miR-4482,0.0232363510876894
Intracranial Aneurysm,hsa-miR-4482,0.02323627844452858
Immune System Diseases,hsa-miR-4439,0.023235822096467018
Urologic Neoplasms,hsa-miR-4439,0.023235753178596497
lung squamous cell carcinoma,hsa-miR-4482,0.023227574303746223
Ossification of Posterior Longitudinal Ligament,hsa-miR-4439,0.023222623392939568
Brain Injury and Ischemic,hsa-miR-4482,0.023221375420689583
Bipolar Disorder,hsa-miR-4482,0.02322101965546608
Rhabdoviridae Infections,hsa-miR-27a*,0.0232209712266922
Neoplastic Cells and Circulating,hsa-miR-4439,0.023220159113407135
Kidney Diseases and Cystic,hsa-miR-4439,0.02321666106581688
Emphysema,hsa-miR-4482,0.023215841501951218
Rectal Diseases,hsa-miR-4482,0.023214256390929222
Immune System Diseases,hsa-miR-4482,0.023213142529129982
Urologic Neoplasms,hsa-miR-4482,0.02321295440196991
non-alcoholic fatty liver,hsa-miR-4482,0.023205595090985298
Osteosarcoma and Juxtacortical,hsa-miR-4482,0.023205431178212166
Coronavirus Infections,hsa-miR-4482,0.023203419521450996
non-alcoholic steatohepatitis,hsa-miR-4439,0.023202775046229362
Ossification of Posterior Longitudinal Ligament,hsa-miR-4482,0.02319982461631298
Hypertension and Renal,hsa-miR-4482,0.023197907954454422
Hypoxia and Brain,hsa-miR-4482,0.0231886338442564
spondyloepimetaphyseal dysplasia and Strudwick type,hsa-miR-4482,0.023186223581433296
Condylomata Acuminata,hsa-miR-4482,0.023181678727269173
Periapical Diseases,hsa-miR-4439,0.02317999117076397
non-alcoholic steatohepatitis,hsa-miR-4482,0.023179976269602776
Hypertriglyceridemia,hsa-miR-4482,0.023177705705165863
Alopecia Areata,hsa-miR-4482,0.023170230910182
Meniscus Degeneration,hsa-miR-335-3p,0.023163912817835808
Periapical Diseases,hsa-miR-4482,0.023157430812716484
Amyloidosis,hsa-miR-4439,0.023134548217058182
Intra-Articular Fractures,hcmv-miR-UL59,0.023063255473971367
Cardiomyopathy and Dilated,hsa-miR-4511,0.02283855527639389
Vitelliform Macular Dystrophy,hsa-miR-3934,0.022831885144114494
Nevi and Melanomas,hsa-miR-3934,0.022808773443102837
Periodontitis and Diabetic,hsa-miR-3934,0.022806547582149506
IMAGe syndrome,hsa-miR-199a*-2,0.022783709689974785
Equine Infectious Anemia,hsa-miR-3934,0.022761033847928047
Hereditary Autoinflammatory Diseases,hsa-miR-3934,0.022757841274142265
Wound Infection,hsa-miR-3934,0.02273709326982498
Phyllodes Tumor and Breast,hsa-miR-3934,0.022720273584127426
Heart   Transplant Rejection,hsa-miR-4511,0.022702468559145927
Retinitis Pigmentosa,hsa-miR-3934,0.022699927911162376
Myocardial Fibrosis,hsa-miR-4511,0.02268693968653679
Posterior Segment Ocular Diseases,hsa-miR-3934,0.02267906256020069
Placenta Accreta,hsa-miR-4511,0.022655701264739037
Obstetric Labor Complications,rno-miR-352,0.02264411561191082
Angioedemas and Hereditary,hsa-miR-3934,0.022638583555817604
Autoimmune Diseases of the Nervous System,EBV-miR-BART5,0.022631598636507988
Rhabdoviridae Infections,hsa-miR-3934,0.02262193150818348
Mite Infestations,rno-miR-352,0.02258818969130516
Facial Nerve Injuries,rno-miR-352,0.022587290033698082
Cerebral Intraventricular Hemorrhage,rno-miR-352,0.02257697656750679
Neural Tube Defects,rno-miR-352,0.02254847250878811
Stanford Type A Aortic   Dissection,rno-miR-352,0.022537704557180405
Subarachnoid Hemorrhage,rno-miR-352,0.022533662617206573
skin melanoma,rno-miR-352,0.022529901936650276
Pain and Postoperative,rno-miR-352,0.02251473441720009
Coronary Artery Calcification,rno-miR-352,0.022514451295137405
Lyme Disease,rno-miR-352,0.022497963160276413
Ovarian Cysts,hsa-miR-3934,0.022482426837086678
Arthritis,rno-miR-352,0.022475536912679672
Sneddon Syndrome,hsa-miR-3934,0.022469816729426384
Osteolysis and Essential,hsa-miR-4511,0.022466598078608513
Polyomavirus Infections,rno-miR-352,0.02246292680501938
Colorectal   Adenocarcinoma,rno-miR-352,0.022448284551501274
Mandibulofacial Dysostosis,rno-miR-352,0.022433828562498093
Mycoplasma pneumoniae pneumonia,hsa-miR-3934,0.022427873685956
Vascular Calcification,rno-miR-352,0.022425265982747078
Turcot syndrome,rno-miR-352,0.022422783076763153
Pulmonary Eosinophilia,rno-miR-352,0.02241833508014679
Tibial Neuropathy,rno-miR-542-3p,0.022416241466999054
salivary gland adenoid cystic carcinoma,rno-miR-352,0.022413533180952072
Asthma and Chronic,hsa-mir-8055,0.022410830482840538
Fissure in Ano,rno-miR-352,0.02240823209285736
Neutropenia,hsa-mir-8055,0.022398410364985466
familial chylomicronemia syndrome,hsa-miR-4511,0.02238650806248188
Spinal muscular atrophy with respiratory distress 1,hsa-mir-8069,0.022378820925951004
Endocrine System Diseases,rno-miR-352,0.022366123273968697
Neurodevelopmental Disorders,hsa-mir-8069,0.022365029901266098
Turner Syndrome,rno-miR-352,0.022352993488311768
Peripartum Cardiomyopathy ,rno-miR-352,0.022350342944264412
Posterior Segment Ocular Diseases,rno-miR-542-3p,0.02234673872590065
Cerebral Hemorrhage,hsa-mir-8069,0.02234577387571335
Human Herpesvirus 6 encephalitis,hsa-mir-8069,0.022341372445225716
recessive dystrophic epidermolysis bullosa,hsa-mir-8069,0.022334204986691475
Chagas Cardiomyopathy,hsa-mir-8069,0.02233359031379223
Enterocolitis and Pseudomembranous,hsa-mir-8069,0.02233044244349003
Schistosomiasis,hsa-mir-8069,0.02232467383146286
Chemical and Drug Induced Liver Injury and Chronic,hsa-miR-4511,0.02232140488922596
Synucleinopathies,hsa-mir-8069,0.022321004420518875
Malformations of Cortical Development,hsa-mir-8069,0.022316060960292816
Cancer-Associated Cachexia,hsa-mir-8069,0.02230915240943432
Foot-and-Mouth Disease,hsa-mir-8069,0.022305414080619812
Bradycardia,hsa-mir-8069,0.022304680198431015
Heart Septal Defects and Ventricular,hsa-mir-8069,0.022298814728856087
Adiposis Dolorosa,hsa-mir-8069,0.022298388183116913
Pars Planitis,hsa-mir-8069,0.022290345281362534
Orofacial Cleft,hsa-miR-371a-3p,0.0222740788012743
Aortic Diseases,hsa-mir-8069,0.0222737155854702
Infectious pancreatic necrosis virus,hsa-miR-4511,0.02226964198052883
Distal myopathy and Nonaka type,hsa-mir-8069,0.022269196808338165
Autism Spectrum Disorder,hsa-mir-8069,0.022268814966082573
Drug Hypersensitivity,hsa-mir-8069,0.02226855605840683
Endothelial Dysfunction ,hsa-mir-8069,0.022267373278737068
Sepsis Induced Liver Injury,hsa-mir-8069,0.022266026586294174
Premature Ovarian Aging,hsa-mir-8069,0.022261247038841248
Aneuploidy,hsa-mir-8069,0.022259971126914024
vulva squamous cell carcinoma,rno-miR-352,0.022259879857301712
Osteochondromatosis,hsa-mir-8069,0.02225952036678791
Thalassemia,hsa-mir-8069,0.02225835993885994
Tourette Syndrome,rno-miR-352,0.022257443517446518
Periodontal Diseases,hsa-mir-8069,0.022252235561609268
Ataxia Neuropathy Spectrum,hsa-mir-8069,0.022249843925237656
Brain Damage and Chronic,hsa-mir-8069,0.02224837616086006
Cleidocranial Dysplasia,hsa-mir-8069,0.022247478365898132
Nevi and Melanomas,hsa-miR-3185,0.022246602922677994
Malaria and Cerebral,hsa-mir-8069,0.02224527671933174
Periodontitis and Diabetic,hsa-miR-3185,0.022244377061724663
Tracheal Diseases,hsa-mir-8069,0.022241491824388504
Kidney Calculi,hsa-mir-8069,0.02223919704556465
Poorly Differentiated Thyroid Gland Carcinoma,hsa-mir-8069,0.022235697135329247
Motor Neuron Disease,EBV-mir-BART8,0.022234568372368813
Bone Neoplasms,hsa-mir-8069,0.022232670336961746
Immune-Mediated Inflammatory Diseases,hsa-mir-8069,0.022231390699744225
Hepatic Veno-Occlusive Disease,rno-miR-352,0.022219285368919373
Acute Lymphoblastic Leukemia and T-Cell,hsa-mir-8069,0.0222186166793108
Hepatitis C and Chronic,hsa-mir-8069,0.02221653424203396
Encephalomyelitis and Autoimmune and Experimental,hsa-mir-8069,0.022214407101273537
Post-Dural Puncture Headache,hsa-mir-8069,0.022207781672477722
Arrhythmogenic Heart Diseases,hsa-mir-8069,0.02220766432583332
Larva Migrans and Visceral,hsa-mir-8069,0.022205157205462456
Respiratory Syncytial Virus Infections,hsa-mir-8069,0.022203262895345688
Digitorenocerebral Syndrome,hsa-mir-8069,0.02219850942492485
Canine Mammary Carcinoma,hsa-mir-8069,0.022198056802153587
Immune System Diseases,rno-miR-352,0.022191299125552177
Arthritis,hsa-mir-8069,0.022185733541846275
Plaque and Amyloid,hsa-miR-3185,0.022184167057275772
Diastrophic dysplasia,hsa-mir-8069,0.02218315564095974
Heart Defects and Congenital,hsa-mir-8069,0.0221810732036829
Reinjuries,hsa-mir-8069,0.022179488092660904
Urticaria,hsa-mir-8055,0.022175893187522888
Marfan Syndrome,hsa-mir-8069,0.02217315137386322
Polyomavirus Infections,hsa-mir-8069,0.022173123434185982
Endophthalmitis,hsa-mir-8069,0.02216680720448494
Hypoxia and Brain,rno-miR-352,0.022166788578033447
Granulomatous Disease and Chronic,hsa-miR-3676-5p,0.022165587171912193
Disorders of Excessive Somnolence,hsa-mir-8069,0.02216508239507675
Granulomatous Disease and Chronic,hsa-miR-371a-3p,0.022162582725286484
Meningioma,hsa-mir-8069,0.022160351276397705
Condylomata Acuminata,rno-miR-352,0.022159786894917488
Vulvar Neoplasms,hsa-mir-8069,0.022159522399306297
Bone Pain,hsa-mir-8069,0.022158507257699966
Alopecia,hsa-mir-8069,0.022155335173010826
Venous Neointimal Hyperplasia,hsa-miR-3185,0.022150693461298943
Neutropenia,hsa-miR-3185,0.022150008007884026
Gallbladder Diseases,hsa-miR-371a-3p,0.022142497822642326
Premature Ejaculation,hsa-mir-8069,0.022138278931379318
Parkinson Disease and Familial and Type 1,hsa-mir-8069,0.022130662575364113
Pancreatitis and Acute Hemorrhagic,hsa-miR-3185,0.022129284217953682
salivary gland adenoid cystic carcinoma,hsa-mir-8069,0.022123849019408226
peripartum cardiomyopathy,rno-miR-30b-3p,0.02212349884212017
Diabetic Neuropathies,hsa-mir-8069,0.02212022803723812
Nevi and Melanomas,hsa-miR-3676-5p,0.02211849018931389
Scapuloperoneal Myopathy and X-Linked Dominant,hsa-mir-8069,0.02211802639067173
Neoplasms and Germ Cell and Embryonal,hsa-mir-8069,0.02211518958210945
Adenocarcinoma and Sebaceous and Ocular,hsa-mir-8069,0.022114457562565804
Alcohol Withdrawal Delirium,hsa-mir-8069,0.022098936140537262
Muscular Diseases,hsa-mir-8069,0.022074734792113304
Carcinoma and Basal Cell and Skin,hsa-mir-8069,0.022069722414016724
Cholesteatoma,hsa-mir-8069,0.022066716104745865
Myeloma Bone Disease,hsa-miR-371a-3p,0.022064384073019028
Peripartum Cardiomyopathy ,hsa-mir-8069,0.022060541436076164
Wound Infection,hsa-miR-371a-3p,0.022043637931346893
Crisponi syndrome,hsa-miR-371a-3p,0.022041695192456245
Vaginosis and Bacterial,hsa-miR-371a-3p,0.022037861868739128
Asthma and Chronic,hsa-miR-371a-3p,0.022031145170331
Facial Nerve Diseases,hsa-mir-8069,0.022027375176548958
Neutropenia,hsa-miR-371a-3p,0.02201872318983078
Thymus Neoplasms,hsa-mir-8069,0.022009724751114845
Spinal Cord Compression,hsa-miR-3185,0.022006668150424957
Retinitis Pigmentosa,hsa-miR-371a-3p,0.022006351500749588
intracranial berry aneurysm 3,hsa-mir-8069,0.02199210226535797
Neuropathic Allodynia,hsa-miR-371a-3p,0.021982505917549133
Prosthesis Failure,hsa-mir-8069,0.02197282388806343
Myeloproliferative Disorder and Chronic and with Eosinophilia,hsa-mir-8069,0.021949967369437218
Preterm Premature Rupture of the Membranes,mmu-miR-697,0.021947458386421204
Early-Stage Malignant Melanoma,hsa-mir-8069,0.021936744451522827
Olfaction Disorders,hsa-mir-8069,0.021935444325208664
Brugada Syndrome,hsa-miR-371a-3p,0.021922700107097626
von Hippel-Lindau Disease,hsa-mir-8069,0.02191770076751709
Polyposis Syndrome and Hereditary Mixed and 1,hsa-miR-3185,0.02191469445824623
Vesicular Stomatitis,hsa-mir-8069,0.02190568298101425
Chediak-Higashi Syndrome,hsa-miR-3185,0.021900713443756104
Kidney Diseases and Cystic,hsa-mir-8069,0.02188221737742424
Postural Orthostatic Tachycardia Syndrome,hsa-mir-8069,0.021876396611332893
Condylomata Acuminata,hsa-mir-8069,0.02186998538672924
Capsule Opacification,hsa-miR-371a-3p,0.021817782893776894
Gastrointestinal Stromal Tumors,hsa-miR-4511,0.021783990785479546
Scleral Diseases,hsa-miR-371a-3p,0.021755756810307503
Costello Syndrome,hsa-miR-4511,0.021748671308159828
Myeloma Bone Disease,hsa-miR-4513,0.021693354472517967
Neonatal Sepsis,hsa-miR-4511,0.021675914525985718
Inflammation and Chronic,hsa-miR-4513,0.021674735471606255
Reperfusion Injury and Testicular Ischemia,hsa-miR-4513,0.021650677546858788
Posterior Segment Ocular Diseases,hsa-miR-4513,0.02161445841193199
Rhabdoviridae Infections,hsa-miR-4513,0.02155732735991478
Encephalocele,hsa-miR-4511,0.021553004160523415
Carcinoma and Brown-Pearce,hsa-miR-412-5p,0.021535292267799377
Respiratory Sounds,EBV-mir-BART8,0.021530386060476303
American Tegumentary Leishmaniasis,hsa-miR-412-5p,0.021516485139727592
Spinal Cord Compression,hsa-miR-4513,0.021505000069737434
Urinary Calculi,hsa-miR-412-5p,0.02149680256843567
Coronary Microcirculation Dysfunction,hsa-miR-412-5p,0.021482443436980247
Tauopathies,hsa-miR-3117-3p,0.021482393145561218
Nevi and Melanomas,hsa-miR-412-5p,0.021454010158777237
Myeloma Bone Disease,hsa-miR-412-5p,0.021403027698397636
Meniscus Degeneration,hsa-miR-4513,0.02139371633529663
Fatigue,hsa-miR-4511,0.021316755563020706
Amebiasis,hsa-miR-34c,0.02130420133471489
Splenic Neoplasms,hsa-miR-412-5p,0.02124284766614437
American Tegumentary Leishmaniasis,hsa-miR-18b-5p,0.021221913397312164
Trypanosomiasis and African,hsa-miR-4511,0.021188320592045784
Chronic  Rhinosinusitis With Nasal Polyps,hsa-miR-18b-5p,0.021125324070453644
Deficiency Diseases,hsa-mir-875,0.021105725318193436
Reperfusion Injury and Testicular Ischemia,hsa-miR-18b-5p,0.02106565795838833
Testicular Neoplasms,hsa-miR-412-5p,0.021058298647403717
Tricuspid Valve Insufficiency,hsa-miR-18b-5p,0.021051915362477303
Implantation Failure,hsa-miR-4428,0.021039661020040512
Primary Gastrointestinal Diffuse Large B-Cell Lymphoma ,hsa-miR-18b-5p,0.02101917378604412
Dysentery and Bacillary,hsa-miR-18b-5p,0.020865168422460556
Guillain-Barre Syndrome,hsa-miR-4511,0.020828204229474068
Multiple Mitochondrial Dysfunctions Syndrome,hsa-miR-29c-3p,0.020802674815058708
Parvoviridae Infections,EBV-mir-BART8,0.02073931135237217
Periodontitis and Diabetic,hsa-miR-131,0.020681992173194885
Neutropenia,hsa-miR-131,0.02058786153793335
Newcastle Disease,rno-miR-369-3p,0.02056852914392948
Myeloma Bone Disease,hsa-miR-222,0.020560188218951225
Proteinuria,hsa-miR-4511,0.020538054406642914
Lattice corneal dystrophy type 1,hsa-miR-222,0.020503317937254906
Reperfusion Injury and Steatotic Liver Ischemia,hsa-miR-3117-3p,0.02046855539083481
Brain Injuries,hsa-miR-4511,0.02042735181748867
Meniscus Degeneration,hsa-miR-29c-3p,0.02042052149772644
Amebiasis,hsa-miR-29c-3p,0.020392321050167084
Human T-Cell Leukemia Virus Type 1 Infections,hsa-miR-222,0.020322104915976524
overactive bladder syndrome,hsa-miR-4511,0.02031506411731243
Polyposis Syndrome and Hereditary Mixed and 1,hsa-miR-222,0.020279262214899063
Polyposis Syndrome and Hereditary Mixed and 1,hsa-miR-3619,0.02023361623287201
Substance-Related Disorders,hsa-mir-7844,0.020213674753904343
Urinary Calculi,hsa-miR-3663-3p,0.02013133093714714
Skeletal Muscle Dysplasia,hsa-miR-1179,0.020089754834771156
Nervous System Neoplasms,hsa-miR-4478,0.02006884478032589
Dilated Cardiomyopathy ,hsa-miR-3117-3p,0.020061608403921127
Wound Infection,hsa-miR-3663-3p,0.020016739144921303
Dilated Cardiomyopathy ,hsa-miR-218-2,0.020006710663437843
Reperfusion Injury and Testicular Ischemia,hsa-miR-3663-3p,0.01999504491686821
Pyelonephritis,hsa-miR-4511,0.019924310967326164
Maxillofacial Abnormalities,hsa-miR-4511,0.01992173120379448
Sialic Acid Storage Disease,hsa-miR-4428,0.019905775785446167
Labyrinth Diseases,hsa-mir-7844,0.01981479488313198
Granulomatous Disease and Chronic,hsa-miR-4325,0.019794346764683723
thyroid gland Hurthle cell carcinoma,hsa-miR-3663-3p,0.019745277240872383
Intrahepatic Cholestasis of Pregnancy,hsa-miR-4428,0.019714154303073883
Amebiasis,hsa-miR-3663-3p,0.019709764048457146
Common Variable Immunodeficiency 2@En,hsa-mir-7844,0.019683239981532097
Wound Infection,hsa-miR-4325,0.019675329327583313
Blind Loop Syndrome,EBV-miR-BART7,0.01964580826461315
Granulomatous Disease and Chronic,hsa-miR-26b,0.01959053985774517
Urinary Calculi,hsa-miR-26b,0.019585948437452316
Neoplasms and Mesothelial,hsa-miR-26b,0.0195844117552042
Ciliary Motility Disorders,hsa-miR-4511,0.019556812942028046
Myotonic Dystrophy,hsa-miR-26b,0.019526690244674683
Hyperleptinemia,hsa-miR-105*,0.01951342262327671
Urinary Incontinence and Stress,hsa-miR-26b,0.019497638568282127
Myeloma Bone Disease,hsa-miR-26b,0.019492221996188164
Swine Diseases,hsa-miR-26b,0.0194897148758173
Light Fixation Seizure Syndrome,hsa-miR-3117-3p,0.019469136372208595
Asthma and Chronic,hsa-miR-26b,0.019458983093500137
Venous Neointimal Hyperplasia,hsa-miR-26b,0.019447604194283485
Intra-Articular Fractures,hsa-miR-213,0.019439831376075745
Adenocarcinoma Of Esophagus,hsa-miR-4325,0.01943204179406166
Urticaria,hsa-miR-4325,0.019428256899118423
childhood acute myeloid leukemia,hsa-mir-7844,0.019403284415602684
Angioedemas and Hereditary,hsa-miR-26b,0.0193728469312191
Sarcoma 37,EBV-mir-BART8,0.019359948113560677
Fluoride Poisoning,EBV-mir-BART8,0.019312314689159393
Cardio-Renal Syndrome,hsa-miR-376b-3p,0.019260773435235023
Meniscus Degeneration,hsa-miR-26b,0.01919270120561123
Short Qt Syndrome,hsa-miR-26b,0.019173257052898407
Mycoplasma pneumoniae pneumonia,hsa-miR-26b,0.019162137061357498
cough variant asthma,hsa-miR-4511,0.019096355885267258
Nephrotic Syndrome,hsa-miR-4511,0.019026177003979683
Stomatitis and Aphthous,hsa-miR-374a-3p,0.01902313157916069
Motor Neuron Disease,hsa-miR-3117-3p,0.018922269344329834
Infectious pancreatic necrosis virus,hsa-mir-7844,0.018859682604670525
Intrahepatic Cholestasis of Pregnancy,hsa-mir-7844,0.018842661753296852
Ossification and Heterotopic,hsa-miR-4511,0.018745867535471916
Aortopathies,hsa-miR-4511,0.01871653087437153
Hypoglycemia,hsa-miR-374a-3p,0.01863439939916134
Costello Syndrome,hsa-mir-7844,0.01833859458565712
Myopia and Degenerative,hsa-miR-4511,0.018271783366799355
Iridocorneal Endothelial Syndrome,EBV-miR-BART7,0.018264008685946465
Nevi and Melanomas,hsa-miR-31-3p,0.01826372928917408
Polycystic Kidney Diseases,hsa-mir-7844,0.01806618459522724
Granulomatous Disease and Chronic,hsa-miR-193b,0.01805713027715683
Liposarcoma and Myxoid,hsa-miR-193b,0.018039273098111153
Renal Artery Obstruction,hsa-miR-193b,0.018009180203080177
Respiratory Sounds,hcmv-miR-UL59,0.0179898701608181
Equine Infectious Anemia,hsa-miR-193b,0.017962172627449036
Intra-Articular Fractures,hsa-miR-374a-3p,0.01795162633061409
Lattice corneal dystrophy type 1,hsa-miR-193b,0.017902180552482605
Elephantiasis,hsa-miR-4511,0.01780296303331852
Equine Infectious Anemia,hsa-miR-19b-1*,0.017712553963065147
Myeloma Bone Disease,hsa-miR-19b-1*,0.017709359526634216
Reperfusion Injury and Testicular Ischemia,hsa-miR-19b-1*,0.017666801810264587
Pancreatitis and Acute Hemorrhagic,hsa-miR-3135a,0.017619535326957703
Angioedemas and Hereditary,hsa-miR-19b-1*,0.017590105533599854
Spinal Cord Compression,hsa-miR-19b-1*,0.017521005123853683
congenital nongoitrous hypothyroidism 4,hsa-mir-7844,0.01747802644968033
Polyposis Syndrome and Hereditary Mixed and 1,hsa-miR-19b-1*,0.017428673803806305
Parvoviridae Infections,hsa-miR-3117-3p,0.017427129670977592
Pyelonephritis,hsa-miR-4428,0.017385369166731834
Maxillofacial Abnormalities,hsa-miR-4428,0.0173827912658453
Parvoviridae Infections,hsa-miR-218-2,0.01737223193049431
Visceral Pain,hsa-miR-135-2,0.017367757856845856
fragile X-associated tremor/ataxia syndrome,hsa-miR-1274a,0.017350273206830025
Substance Withdrawal Syndrome,hsa-miR-4511,0.017345106229186058
Swine Diseases,hcmv-miR-UL22a,0.017344124615192413
aortic atherosclerosis,hsa-miR-4511,0.017292765900492668
UV-Sensitive Syndrome,hsa-miR-3155b,0.01723678968846798
Tauopathies,EBV-miR-BART7,0.01723015494644642
Neuropathic Low Back Pain,hsa-miR-374a-3p,0.01722242683172226
Varicose Ulcer,hsa-miR-4511,0.01720535382628441
Esophageal Neoplasms,hsa-miR-4511,0.017183920368552208
Deficiency Diseases,hsa-miR-4511,0.017177307978272438
Hereditary Autoinflammatory Diseases,hsa-miR-3155b,0.017169393599033356
AIDS-Related Complex,hsa-miR-4511,0.017087755724787712
Chediak-Higashi Syndrome,hsa-miR-135-2,0.01707829162478447
Hypothermia,hsa-mir-7844,0.017046572640538216
Lymphangioleiomyomatosis,hsa-mir-7844,0.01701768860220909
Reperfusion Injury and Ischemia,hsa-miR-3117-3p,0.016985667869448662
Vitelliform Macular Dystrophy,hsa-miR-296-3p,0.016941925510764122
Chediak-Higashi Syndrome,hsa-miR-3155b,0.016874318942427635
ovarian clear cell carcinoma,hsa-miR-296-3p,0.01683506928384304
Diabetic  Retinopathy,hsa-miR-145-3p,0.0168303232640028
Primary Gastrointestinal Diffuse Large B-Cell Lymphoma ,hsa-miR-296-3p,0.01677895523607731
high grade glioma,hsa-mir-7844,0.016772625967860222
Classical Swine Fever,hsa-miR-1282,0.016770826652646065
Angina Pectoris and Variant,hsa-mir-7844,0.016728410497307777
Neonatal Encephalopathy,hsa-miR-1282,0.016719872131943703
Atrial Fibrillation-Valvular Heart Disease,hsa-miR-1282,0.01671970635652542
Myeloma Bone Disease,hsa-miR-1282,0.016718853265047073
Rhabdoid Tumor and Kidney,hsa-miR-1282,0.01670536771416664
Myeloma Bone Disease,hsa-miR-126,0.016684988513588905
Tibial Neuropathy,hsa-miR-126,0.016675714403390884
Adenoma and Pleomorphic,hsa-miR-126,0.01667524315416813
Reperfusion Injury and Testicular Ischemia,hsa-miR-126,0.016642192378640175
Venous Neointimal Hyperplasia,hsa-miR-126,0.016640301793813705
Tricuspid Valve Insufficiency,hsa-miR-126,0.016628447920084
Lung  Adenocarcinoma,hsa-miR-4511,0.01662837341427803
Juvenile gout,hsa-miR-296-3p,0.016628071665763855
Dysentery and Bacillary,hsa-miR-296-3p,0.016624830663204193
Posterior Segment Ocular Diseases,hsa-miR-126,0.01660609245300293
Adenocarcinoma Of Esophagus,hsa-miR-296-3p,0.016604013741016388
Diminished  Ovarian Reserve,hsa-miR-126,0.016584211960434914
Maxillofacial Abnormalities,hsa-mir-7844,0.01651153527200222
Nephrotic Syndrome,hsa-miR-4428,0.016487235203385353
Phyllodes Tumor,hsa-mir-7844,0.016456296667456627
Newcastle Disease,mmu-miR-676-3p,0.016444964334368706
Scleral Diseases,hsa-miR-1282,0.01641022600233555
Spinal Dysraphism,hsa-miR-3117-3p,0.016391918063163757
Graft Occlusion and Vascular,hsa-miR-4428,0.01624487154185772
Histiocytosis,hsa-miR-4511,0.016236331313848495
Ossification and Heterotopic,hsa-miR-4428,0.016207044944167137
Hemoglobin SC Disease,hsa-miR-3117-3p,0.01610853150486946
Niemann-Pick Diseases,hsa-miR-3117-3p,0.016059253364801407
Chorea,hsa-miR-218-2,0.016053618863224983
Oculodentodigital Dysplasia,hsa-miR-3117-3p,0.01604931801557541
Neointima,hsa-miR-3117-3p,0.016043439507484436
Newcastle Disease,rno-miR-27a,0.01601715385913849
Humeral Fractures,hsa-miR-3117-3p,0.016007350757718086
Hypocapnia,hsa-miR-218-2,0.01600409299135208
hereditary fructose intolerance syndrome,hsa-miR-4511,0.01596730574965477
Airway Obstruction,hsa-miR-218-2,0.015963677316904068
nonobstructive coronary artery disease,hsa-miR-333,0.01596161723136902
Neoplasms and Mesothelial,hsa-miR-333,0.015958188101649284
Eye Diseases,hsa-miR-4511,0.01588352583348751
Anemia and Aplastic,hsa-miR-4511,0.015881597995758057
Chorea,hcmv-miR-UL59,0.01588018424808979
hypomelanosis of Ito,hsa-miR-4511,0.0158319640904665
Neutropenia,hsa-miR-333,0.0158205758780241
Airway Obstruction,hcmv-miR-UL59,0.015790002420544624
Canavan Disease,hsa-miR-193b-5p,0.015779731795191765
Humeral Fractures,hcmv-miR-UL59,0.01577877812087536
Hyperleptinemia,hsa-miR-193b-5p,0.0157406497746706
Granulomatous Disease and Chronic,hsa-miR-193b-5p,0.015729770064353943
Anorexia Nervosa,hsa-miR-4511,0.015716128051280975
Periodontitis and Diabetic,hsa-miR-193b-5p,0.015680041164159775
Urethritis,hsa-miR-193b-5p,0.015654612332582474
Lupus Vasculitis and Central Nervous System,hsa-miR-193b-5p,0.015652978792786598
Social Isolation and Post Stroke,hsa-miR-320b,0.01565115712583065
Myeloma Bone Disease,hsa-miR-193b-5p,0.015631569549441338
Ameloblastoma,hsa-miR-4511,0.015606988221406937
Venous Neointimal Hyperplasia,hsa-miR-193b-5p,0.015586834400892258
Meniscus Degeneration,hsa-miR-333,0.015566477552056313
Diminished  Ovarian Reserve,hsa-miR-193b-5p,0.015530506148934364
Angioedemas and Hereditary,hsa-miR-193b-5p,0.015512077137827873
Susac Syndrome,hsa-miR-193b-5p,0.015504863113164902
Folic Acid Deficiency,hsa-miR-4511,0.015451066195964813
Familial Multiple Coagulation Factor Deficiency I,hsa-miR-4511,0.015441827476024628
Choledocholithiasis,hsa-miR-4511,0.015435488894581795
Renal Insufficiency,hsa-miR-4511,0.015432164072990417
Leukemia and Myeloid and Acute and T-Cell,hsa-miR-4511,0.015429610386490822
Brain Diseases,hsa-miR-4511,0.015429597347974777
Pancreatic Intraductal Neoplasms,hsa-miR-4511,0.015420394018292427
Intellectual Disability,hsa-miR-4511,0.015415295958518982
Charcot-Marie-Tooth disease type 1B,hsa-miR-4511,0.01541103795170784
Chondrocyte Hypertrophy,hsa-miR-4511,0.01540699228644371
Scleroderma and Diffuse,hsa-miR-4511,0.015401480719447136
Human T-Cell Leukemia Virus Type 1 Infections,hsa-miR-193b-5p,0.015393605455756187
Hemorrhagic Fever With Renal Syndrome,hsa-miR-4511,0.015393225476145744
Osteitis,hsa-miR-4511,0.015388742089271545
Camptocormia,hsa-miR-4511,0.015379337593913078
Epidural   Fibrosis,hsa-miR-4511,0.015378095209598541
Hyperuricemic Nephropathy,hsa-miR-4511,0.015374179929494858
Actinic cheilitis,hsa-mir-7844,0.015371736139059067
Osteochondrodysplasias,hsa-miR-4511,0.015365652740001678
Tenon Fibroblasts,hsa-miR-193b-5p,0.01535819098353386
Plasmablastic Lymphoma,hsa-miR-4511,0.015342704951763153
Lung Abscess,hsa-miR-4511,0.015334377065300941
Huntington Disease,hsa-miR-4511,0.015325020998716354
Short Qt Syndrome,hsa-miR-193b-5p,0.01531248539686203
Intra-Articular Fractures,hsa-miR-4291,0.015305809676647186
Elephantiasis,hsa-miR-4428,0.01526402123272419
Chlamydia Infections,hsa-miR-4511,0.015245841816067696
Equine Infectious Anemia,hsa-miR-181d-5p,0.015073832124471664
Reperfusion Injury and Testicular Ischemia,hsa-miR-181d-5p,0.015028079971671104
Diminished  Ovarian Reserve,hsa-miR-181d-5p,0.014969812706112862
Iridocorneal Endothelial Syndrome,hsa-miR-186*,0.01485048420727253
Nevi and Melanomas,hsa-miR-136*,0.014850085601210594
Reperfusion Injury and Testicular Ischemia,hsa-miR-136*,0.014756545424461365
Congenital amegakaryocytic thrombocytopenia,hsa-miR-1283-1,0.014685828238725662
Severe Dengue,hsa-miR-4511,0.014550721272826195
Rhabdoid Tumor and Kidney,hsa-miR-20a*,0.01445009931921959
Wound Infection,hsa-miR-20a*,0.014442719519138336
Vaginosis and Bacterial,hsa-miR-20a*,0.014437064528465271
Phyllodes Tumor and Breast,hsa-miR-20a*,0.014425661414861679
Death and Sudden,hsa-mir-8074,0.0144184660166502
Elephantiasis,hsa-mir-7844,0.01439264602959156
Cardiomyopathy and Alcoholic,hsa-mir-8074,0.014378119260072708
Neoplasms and Mesothelial,hsa-miR-136,0.014360221102833748
Tendon Injuries,hsa-miR-4428,0.014304900541901588
Diarrhea,hsa-mir-8074,0.01429646648466587
Tibial Neuropathy,hsa-miR-136,0.01425887644290924
Fatty Liver and Alcoholic,hsa-miR-4428,0.014256864786148071
Hypothyroidism,hsa-miR-4511,0.014162462204694748
Optic Neuritis,mmu-miR-687,0.014146443456411362
Birth Weight,hsa-miR-20a*,0.014145966619253159
Hearing Loss and Sensorineural,hsa-mir-8074,0.014125404879450798
Adenoviridae Infections,hsa-mir-8074,0.014124222099781036
Spinal Cord Compression,hsa-miR-136,0.014079555869102478
Scleral Diseases,hsa-miR-136,0.013959523290395737
Myotonic Dystrophy,EBV-miR-BART12,0.013915156945586205
Tauopathies,hsa-miR-186*,0.013816513121128082
Esophageal Neoplasms,hsa-mir-7844,0.0137738436460495
Encephalopathy and Bovine Spongiform,hsa-mir-8074,0.013752559199929237
childhood acute myeloid leukemia,hsa-mir-8074,0.013542061671614647
Optic Neuritis,hsa-mir-7844,0.013533653691411018
Stress Disorders and Traumatic and Acute,hsa-mir-8074,0.01347363367676735
Electrocardiography and Ambulatory,hsa-miR-1283-1,0.013453163206577301
Myocardial Fibrosis,hsa-mir-8074,0.013415640220046043
Urinary Calculi,hsa-miR-4281,0.013395288959145546
Placenta Accreta,hsa-mir-8074,0.01338428258895874
Acute Uterine Injury,mmu-miR-687,0.013376649469137192
Vitreoretinochoroidopathy,hsa-miR-3117-3p,0.013356832787394524
Synovitis,hsa-mir-7844,0.013335444033145905
Cerebral Hemorrhage and Traumatic,hsa-mir-7844,0.013273462653160095
Agammaglobulinemia,hsa-miR-4428,0.01323624700307846
Rh Deficiency Syndrome,hsa-mir-8074,0.013227883726358414
Penile Neoplasms,hsa-mir-8074,0.013216318562626839
Orofacial Cleft,hsa-miR-17-92,0.013198893517255783
Angioedemas and Hereditary,hsa-miR-4281,0.01318218745291233
Myocardial Dysfunction,hsa-miR-4281,0.013176700100302696
Parvoviridae Infections,EBV-miR-BART7,0.013174893334507942
Vitreoretinochoroidopathy,hcmv-miR-UL59,0.013128498569130898
familial chylomicronemia syndrome,hsa-mir-8074,0.013114970177412033
Heart Failure and Diastolic,hsa-let-7a-1,0.013090625405311584
Granulomatous Disease and Chronic,hsa-miR-17-92,0.013087518513202667
Neoplasms and Mesothelial,hsa-miR-17-92,0.013081271201372147
Multiple Mitochondrial Dysfunctions Syndrome,hsa-miR-17-92,0.013071713969111443
Intra-Articular Fractures,hsa-miR-3124,0.013071337714791298
Chemical and Drug Induced Liver Injury and Chronic,hsa-mir-8074,0.013049986213445663
Autoimmune Diseases of the Nervous System,hsa-miR-17-92,0.013040723279118538
Periodontitis and Diabetic,hsa-miR-17-92,0.0130377896130085
Polyposis Syndrome and Hereditary Mixed and 1,hsa-miR-4281,0.013020755723118782
isolated cleft palate,hsa-mir-8074,0.013019762933254242
Lupus Vasculitis and Central Nervous System,hsa-miR-17-92,0.013010727241635323
Chronic  Rhinosinusitis With Nasal Polyps,hsa-miR-17-92,0.013005899265408516
Meniscus Degeneration,hsa-miR-4281,0.013002041727304459
Submandibular Gland Diseases,hsa-miR-17-92,0.012994401156902313
Hereditary Autoinflammatory Diseases,hsa-miR-17-92,0.012988962233066559
Cervical   Spondylomyelopathy,hsa-miR-17-92,0.012982834130525589
Intrahepatic Cholestasis of Pregnancy,hsa-mir-8074,0.012981439009308815
Amebiasis,hsa-miR-4281,0.012973841279745102
Wound Infection,hsa-miR-17-92,0.012968452647328377
Vaginosis and Bacterial,hsa-miR-17-92,0.01296267844736576
Phyllodes Tumor and Breast,hsa-miR-17-92,0.01295139454305172
Neutropenia,hsa-miR-17-92,0.012943658977746964
Tricuspid Valve Insufficiency,hsa-miR-17-92,0.012932658195495605
Folic Acid Deficiency,hsa-miR-4428,0.012912124395370483
endometriosis in scar of skin,hsa-miR-4428,0.012908056378364563
Choledocholithiasis,hsa-miR-4428,0.012896666303277016
Urinary Calculi,hsa-miR-4280,0.012887539342045784
Digestive System Neoplasms,hsa-miR-4428,0.01288270577788353
Respiratory Sounds,hsa-miR-374a-3p,0.012878242880105972
Rhabdoviridae Infections,hsa-miR-17-92,0.012853052467107773
Carcinoma and Squamous Cell and Skin,hsa-miR-4428,0.012841377407312393
Osteochondrodysplasias,hsa-miR-4428,0.0128268301486969
Vasospasm and Intracranial,hsa-miR-4428,0.01282021589577198
Chronic  Rhinosinusitis With Nasal Polyps,hsa-miR-4280,0.012810630723834038
Acute Uterine Injury,hsa-mir-7844,0.012763740494847298
Electrocardiography and Ambulatory,hsa-miR-4267,0.012756584212183952
Urinary Calculi,hsa-miR-320B,0.012753775343298912
Human T-Cell Leukemia Virus Type 1 Infections,hsa-miR-17-92,0.01275099627673626
Chlamydia Infections,hsa-miR-4428,0.012706780806183815
Anaphylaxis,hsa-miR-17-92,0.01270134188234806
thyroid gland Hurthle cell carcinoma,hsa-miR-17-92,0.012696752324700356
Chediak-Higashi Syndrome,hsa-miR-17-92,0.01269429363310337
Meniscus Degeneration,hsa-miR-17-92,0.012689441442489624
Amebiasis,hsa-miR-17-92,0.012661479413509369
Optic Nerve Glioma,hsa-miR-320B,0.012654343619942665
Diffuse Alveolar Hemorrhage and Autoimmune-Mediated,hsa-mir-8074,0.012644637376070023
Testicular Neoplasms,hsa-miR-17-92,0.012644423171877861
Adrenoleukodystrophy,hsa-mir-7844,0.012632053345441818
Encephalitis and Tick-Borne,mmu-miR-693-5p,0.012576449662446976
Aortic Valve Stenosis,hsa-miR-4511,0.012559732422232628
Human T-Cell Leukemia Virus Type 1 Infections,hsa-miR-4280,0.01255560852587223
Urinary Calculi,hsa-miR-30c-2,0.012543434277176857
Granulomatous Disease and Chronic,mmu-miR-693-5p,0.01251981407403946
UV-Sensitive Syndrome,hsa-miR-30c-2,0.012517103925347328
UV-Sensitive Syndrome,rno-miR-93,0.012499839067459106
Vitelliform Macular Dystrophy,mmu-miR-693-5p,0.012495659291744232
Hearing Loss and Sudden,hsa-miR-30c-2,0.012494703754782677
Embolic Stroke,hsa-mir-8074,0.012480102479457855
Eye Diseases,hsa-mir-7844,0.012473328039050102
Nevi and Melanomas,mmu-miR-693-5p,0.012472715228796005
Thyroiditis,hsa-mir-7844,0.012472085654735565
Lupus Vasculitis and Central Nervous System,hsa-miR-30c-2,0.012471234425902367
Visceral Hypersensitivity,hsa-miR-30c-2,0.012462101876735687
Equine Infectious Anemia,hsa-miR-30c-2,0.012452542781829834
Optic Nerve Glioma,hsa-miR-30c-2,0.01244412362575531
Tibial Neuropathy,hsa-miR-30c-2,0.012440385296940804
hypomelanosis of Ito,hsa-mir-7844,0.01242176815867424
Myeloma Bone Disease,mmu-miR-693-5p,0.012421732768416405
Venous Neointimal Hyperplasia,hsa-miR-30c-2,0.012404851615428925
Neonatal Sepsis,hsa-mir-8074,0.012404495850205421
Dilated Cardiomyopathy ,hsa-miR-186*,0.012395728379487991
Agammaglobulinemia,hsa-mir-7844,0.012365231290459633
Gliosis,hsa-miR-30c-2,0.012354226782917976
Encephalocele,hsa-mir-8074,0.012281585484743118
Nevi and Melanomas,hsa-miR-291-3p,0.012272868305444717
Chronic Urticaria,hsa-mir-7844,0.012241680175065994
Heart Failure and Acute,hsa-mir-8074,0.012223875150084496
Ameloblastoma,hsa-mir-7844,0.012196792289614677
Polyposis Syndrome and Hereditary Mixed and 1,hsa-miR-30c-2,0.012168733403086662
Adrenocortical Adenoma,hsa-miR-30c-2,0.012163646519184113
Neoplasms and Germ Cell and Malignant,hsa-miR-374a-3p,0.012162595987319946
Meniscus Degeneration,hsa-miR-30c-2,0.01215018704533577
Scleral Diseases,hsa-miR-30c-2,0.012140912935137749
Tauopathies,hsa-let-7a-1,0.012128746137022972
Mycoplasma pneumoniae pneumonia,hsa-miR-30c-2,0.012119622901082039
Parvoviridae Infections,hsa-miR-374a-3p,0.012087048962712288
Constriction and Pathologic,hsa-mir-7844,0.012077325955033302
Frontotemporal Lobar Degeneration,hsa-mir-7844,0.012042606249451637
Brain Diseases,hsa-mir-7844,0.012019282206892967
Gastrointestinal Hemorrhage,hsa-mir-7844,0.012019140645861626
Chronic  Kidney Disease,hsa-mir-7844,0.012013545259833336
Pancreatic Intraductal Neoplasms,hsa-mir-7844,0.012010317295789719
Hepatitis and Alcoholic,hsa-mir-7844,0.012004273012280464
Drug-Related Side Effects and Adverse Reactions,hsa-mir-7844,0.01200319454073906
Panniculitis and Peritoneal,hsa-mir-7844,0.011990020051598549
Fused Teeth,hsa-mir-7844,0.011975398287177086
Diabetic Angiopathies,hsa-mir-7844,0.011975068598985672
autosomal recessive congenital bilateral absence of vas deferens,hsa-mir-7844,0.011974131688475609
Arthritis and Temporomandibular,hsa-mir-7844,0.011970726773142815
Squamous Intraepithelial Lesions of the Cervix,hsa-mir-7844,0.011963322758674622
Respiration Disorders,hsa-mir-7844,0.011960731819272041
Supranuclear Palsy and Progressive,hsa-mir-7844,0.011956285685300827
Osteochondrodysplasias,hsa-mir-7844,0.011955693364143372
Vasospasm and Intracranial,hsa-mir-7844,0.011949080973863602
Cardiac Dysfunction,hsa-mir-7844,0.011946527287364006
Plasmablastic Lymphoma,hsa-mir-7844,0.011932628229260445
Lung Abscess,hsa-mir-7844,0.011924298480153084
Chlamydia Infections,hsa-mir-7844,0.011835645884275436
Hypocapnia,EBV-miR-BART7,0.011806635186076164
Dementia and Vascular,hsa-mir-8074,0.011758886277675629
Classical Swine Fever,hsa-miR-335-5p,0.011753803119063377
Lupus Vasculitis and Central Nervous System,hsa-miR-335-5p,0.011723168194293976
Chronic  Rhinosinusitis With Nasal Polyps,hsa-miR-335-5p,0.01171857863664627
Asthma and Chronic,hsa-miR-335-5p,0.011668471619486809
Conjunctival Diseases,hsa-miR-335-5p,0.011632727459073067
Primary Gastrointestinal Diffuse Large B-Cell Lymphoma ,hsa-miR-335-5p,0.011612547561526299
Brugada Syndrome,hsa-miR-335-5p,0.011560194194316864
Opium Dependence,hsa-mir-8074,0.011471172794699669
Scleral Diseases,hsa-miR-335-5p,0.011392844840884209
Cestode Infections,hsa-miR-335-5p,0.011373376473784447
Testicular Neoplasms,hsa-miR-335-5p,0.011356983333826065
Lentivirus Infections,hsa-miR-147b,0.011275440454483032
Proteinuria,hsa-mir-8074,0.011266635730862617
Nevi and Melanomas,hsa-miR-147b,0.011245371773838997
Myotonic Dystrophy,hsa-miR-147b,0.011228905990719795
Angioedemas and Hereditary,hsa-miR-3129-5p,0.011224733665585518
Noma,hsa-miR-4511,0.011198775842785835
Abnormalities and Drug-Induced,hsa-mir-8074,0.011185266077518463
Lipid Metabolism Disorders,hsa-mir-8074,0.011163124814629555
Cranial Nerve Injuries,hsa-miR-1245a,0.011162901297211647
Phyllodes Tumor and Breast,hsa-miR-147b,0.011156752705574036
Reperfusion Injury and Testicular Ischemia,hsa-miR-147b,0.011151880025863647
Vitelliform Macular Dystrophy,hsa-miR-1245a,0.01109701581299305
Renal Artery Obstruction,hsa-miR-1245a,0.011073099449276924
Periodontitis and Diabetic,hsa-miR-1245a,0.01107168011367321
Fetal Hypoxia,hsa-miR-1245a,0.01106048934161663
Visceral Hypersensitivity,hsa-miR-1245a,0.011035770177841187
Chediak-Higashi Syndrome,hsa-miR-216a-3p,0.011029766872525215
Myeloma Bone Disease,hsa-miR-1245a,0.011023089289665222
Primary Aldosteronism ,hsa-mir-7844,0.011023055762052536
Hereditary Autoinflammatory Diseases,hsa-miR-1245a,0.01102297194302082
Tibial Neuropathy,hsa-miR-1245a,0.011013815179467201
Arene Oxide Detoxification Defect,hsa-miR-1245a,0.011010764166712761
Inflammation and Chronic,hsa-miR-1245a,0.01100458949804306
Posterior Segment Ocular Diseases,hsa-miR-1245a,0.010944193229079247
Diminished  Ovarian Reserve,hsa-miR-1245a,0.010922025889158249
high grade glioma,hsa-mir-8074,0.010911403223872185
Angioedemas and Hereditary,hsa-miR-1245a,0.01090371422469616
Meniscus Degeneration,hsa-miR-147b,0.01089491881430149
Splenic Neoplasms,hsa-miR-1245a,0.010863028466701508
Testicular Neoplasms,hsa-miR-147b,0.010849662125110626
Maxillary Fractures,hsa-miR-2392,0.010765358805656433
Lysosomal Storage Diseases,hsa-miR-1245a,0.010752027854323387
Cholestatic Liver Injury,hsa-miR-1245a,0.010749945417046547
Polyposis Syndrome and Hereditary Mixed and 1,hsa-miR-1245a,0.01074216328561306
Skeletal Muscle Dysplasia,hsa-miR-1245a,0.010734308511018753
Meniscus Degeneration,hsa-miR-1245a,0.010723331943154335
Niemann-Pick Diseases,hsa-miR-374a-3p,0.010719290003180504
Periodontitis and Diabetic,hsa-let-7e*,0.010705539956688881
Birth Weight,hsa-miR-1245a,0.010705351829528809
Testicular Neoplasms,hsa-miR-1245a,0.010678194463253021
Humeral Fractures,hsa-miR-374a-3p,0.010667270049452782
Equine Infectious Anemia,hsa-let-7e*,0.010659905150532722
Pyelonephritis,hsa-mir-8074,0.010652892291545868
Transmissible Gastroenteritis,hsa-let-7e*,0.010571664199233055
Encephalitis and Tick-Borne,hsa-miR-3620-5p,0.010539606213569641
Granulomatous Disease and Chronic,hsa-miR-3620-5p,0.010483374819159508
Urinary Calculi,hsa-miR-3620-5p,0.010478783398866653
Multiple Mitochondrial Dysfunctions Syndrome,hsa-miR-3620-5p,0.010467691347002983
Human T-Cell Leukemia Virus Type 1 Infections,hsa-let-7e*,0.010418865829706192
Reperfusion Injury and Testicular Ischemia,hsa-miR-3620-5p,0.010342378169298172
Reperfusion Injury and Steatotic Liver Ischemia,hsa-miR-3124,0.010248184204101562
Splenic Neoplasms,hsa-miR-3620-5p,0.010225115343928337
Neutropenia,hsa-miR-16-1*,0.010180186480283737
Tauopathies,hsa-miR-30a,0.010124323889613152
Mastitis and Bovine,hsa-mir-8074,0.010079720988869667
Dilated Cardiomyopathy ,hsa-miR-4267,0.009934162721037865
Hearing Loss and Age-Related,hsa-miR-186*,0.009872756898403168
Nephrotic Syndrome,hsa-mir-8074,0.009754758328199387
Neoplasms and Mesothelial,hsa-miR-30b,0.009453043341636658
Chronic   Pelvic Pain Syndrome,hsa-miR-30b,0.00945015624165535
Nevi and Melanomas,hsa-miR-30b,0.009411904960870743
Equine Infectious Anemia,hsa-miR-30b,0.009363926947116852
Angioedemas and Hereditary,hsa-miR-30b,0.009241597726941109
Dilated Cardiomyopathy ,hsa-miR-1228*,0.009236665442585945
Pyoderma Gangrenosum,hsa-miR-223-5p,0.009227696806192398
Incisional Pain,hsa-miR-223-5p,0.009201699867844582
Skeletal Muscle Injury,hsa-miR-223-5p,0.009192688390612602
Liposarcoma and Myxoid,hsa-miR-223-5p,0.009188808500766754
Vitelliform Macular Dystrophy,hsa-miR-223-5p,0.009182393550872803
Hyphema,hsa-miR-1283-1,0.009175097569823265
Classical Swine Fever,hsa-miR-223-5p,0.009160559624433517
Periodontitis and Diabetic,hsa-miR-223-5p,0.009157225489616394
Juvenile gout,hsa-miR-30b,0.00912075862288475
Equine Infectious Anemia,hsa-miR-223-5p,0.009111709892749786
Tibial Neuropathy,hsa-miR-223-5p,0.009099075570702553
Inflammation and Chronic,hsa-miR-223-5p,0.009089848026633263
Venous Neointimal Hyperplasia,hsa-miR-223-5p,0.009064017795026302
Lattice corneal dystrophy type 1,hsa-miR-223-5p,0.00905147846788168
Diminished  Ovarian Reserve,hsa-miR-223-5p,0.009007689543068409
Anemia and sideroblastic spinocerebellar ataxia,hsa-mir-8074,0.00898731593042612
Retrognathia,hsa-miR-223-5p,0.00897064246237278
Brugada Syndrome,hsa-miR-223-5p,0.008967189118266106
Angioedemas and Hereditary,hsa-miR-335*,0.008885234594345093
Chediak-Higashi Syndrome,hsa-miR-223-5p,0.00881356094032526
American Tegumentary Leishmaniasis,hsa-miR-3669,0.00879258755594492
Neuralgia and Postherpetic,hsa-miR-186*,0.008785899728536606
UV-Sensitive Syndrome,hsa-miR-3126-5p,0.008745214901864529
Histiocytoma and Malignant Fibrous,hsa-miR-4291,0.008744491264224052
Nevi and Melanomas,hsa-miR-3126-5p,0.008728395216166973
Osteoblastoma,hsa-miR-3669,0.008696258999407291
Chronic  Rhinosinusitis With Nasal Polyps,hsa-miR-3669,0.008695878088474274
Pancreatic Beta-Cell Dysfunction,hsa-miR-3669,0.008680453523993492
Neuropathic Low Back Pain,hsa-miR-3591-3p,0.008667501620948315
Noma,hsa-miR-4428,0.00865983311086893
Wound Infection,hsa-miR-3669,0.008658313192427158
Wound Infection,hsa-miR-3126-5p,0.00865695346146822
Asthma and Chronic,hsa-miR-3669,0.008646057918667793
Lattice corneal dystrophy type 1,hsa-miR-3669,0.0086224265396595
Small-Bowel  Neuroendocrine Tumor,hsa-miR-3126-5p,0.008612784557044506
Posterior Segment Ocular Diseases,hsa-miR-3669,0.008600400760769844
Primary Gastrointestinal Diffuse Large B-Cell Lymphoma ,hsa-miR-3669,0.008589967153966427
Gliosis,hsa-miR-3669,0.008583816699683666
Diminished  Ovarian Reserve,hsa-miR-3669,0.008578352630138397
Brugada Syndrome,hsa-miR-3669,0.008537612855434418
Elephantiasis,hsa-mir-8074,0.008531305938959122
Splenic Neoplasms,hsa-miR-3669,0.008518996648490429
Splenic Neoplasms,hsa-miR-3126-5p,0.008517589420080185
Spinal Cord Compression,hsa-miR-3669,0.008490464650094509
Hyphema,hsa-miR-4267,0.008478399366140366
Human T-Cell Leukemia Virus Type 1 Infections,hsa-miR-3126-5p,0.008439854718744755
Juvenile gout,hsa-miR-3126-5p,0.008437723852694035
Amebiasis,hsa-miR-3669,0.008351457305252552
Mycoplasma pneumoniae pneumonia,hsa-miR-3669,0.008348973467946053
Diminished  Ovarian Reserve,hsa-miR-320b-1,0.008267993107438087
Hypoadrenocorticism and Familial,rno-miR-369-3p,0.00821150653064251
Spinal Cord Compression,hsa-miR-320b-1,0.008180344477295876
Cardiomyopathy and Alcoholic,rno-miR-369-3p,0.008159450255334377
Bursitis,hsa-mir-8074,0.008041302673518658
Still's Disease and Adult-Onset,hsa-mir-8074,0.008038049563765526
Ventricular Dysfunction and Right,rno-miR-369-3p,0.008033216930925846
Testicular Neoplasms,hsa-miR-320b-1,0.008024042472243309
Periodontitis and Diabetic,hsa-miR-1305,0.007935820147395134
Deficiency Diseases,hsa-mir-8074,0.007906009443104267
Myeloma Bone Disease,hsa-miR-1305,0.007887061685323715
Hereditary Autoinflammatory Diseases,hsa-miR-1305,0.007886874489486217
Wound Infection,hsa-miR-1305,0.007866245694458485
Tricuspid Valve Insufficiency,hsa-miR-1305,0.00783052109181881
AIDS-Related Complex,hsa-mir-8074,0.007816217839717865
Posterior Segment Ocular Diseases,hsa-miR-1305,0.007808166556060314
idiopathic scoliosis,hsa-mir-8074,0.007723946124315262
Dysentery and Bacillary,hsa-miR-3925,0.0077187540009617805
Dilated Cardiomyopathy ,hsa-miR-340-3p,0.007672800682485104
Chediak-Higashi Syndrome,hsa-miR-3925,0.007667134515941143
Pelvic Organ Prolapse,hsa-miR-4511,0.00765302125364542
Reperfusion Injury and Ischemia,hsa-let-7a-1,0.007632141001522541
Double Outlet Right Ventricle,EBV-mir-BART8,0.007630639709532261
Skeletal Muscle Dysplasia,hsa-miR-1305,0.007598281837999821
Hashimoto Disease,hsa-miR-4428,0.0075481971725821495
Brain Stem Neoplasms,hsa-miR-320b,0.0075247325003147125
Vitreoretinochoroidopathy,hsa-miR-3689f,0.007449726574122906
Lung  Adenocarcinoma,hsa-mir-8074,0.007356955669820309
childhood acute myeloid leukemia,rno-miR-369-3p,0.007323272526264191
Neoplasms and Mesothelial,hsa-miR-2114*,0.007277593947947025
Neuroinflammatory Diseases,hsa-mir-8074,0.007272335700690746
Placenta Accreta,rno-miR-369-3p,0.007165612652897835
Posterior Segment Ocular Diseases,hsa-miR-184,0.0071489810943603516
Ovarian Neoplasms and Serous,hsa-miR-19a-3p,0.007116934284567833
Maxillary Fractures,hsa-miR-376b-3p,0.007108299061655998
Posterior Segment Ocular Diseases,hsa-miR-2114*,0.007106459699571133
Primary Gastrointestinal Diffuse Large B-Cell Lymphoma ,hsa-miR-2114*,0.007096431218087673
bladder carcinoma,hsa-miR-4511,0.007087325677275658
Angioedemas and Hereditary,hsa-miR-2114*,0.0070660291239619255
Equine Infectious Anemia,hsa-miR-19a-3p,0.007055072113871574
Brugada Syndrome,hsa-miR-2114*,0.007043958641588688
Reperfusion Injury and Testicular Ischemia,hsa-miR-19a-3p,0.00700931902974844
Scleral Diseases,hsa-miR-3664-5p,0.006991414353251457
Gastric Cancer and Early,rno-miR-369-3p,0.0069835493341088295
Posterior Segment Ocular Diseases,hsa-miR-19a-3p,0.006973220966756344
Dysentery and Bacillary,hsa-miR-2114*,0.006942187435925007
Acute Uterine Injury,hsa-mir-8074,0.006902399472892284
familial chylomicronemia syndrome,rno-miR-369-3p,0.006896300241351128
Adrenoleukodystrophy,hsa-mir-8074,0.00677071325480938
Lymphoma and T-Cell and Peripheral,rno-miR-369-3p,0.006767997518181801
Intrahepatic Cholestasis of Pregnancy,rno-miR-369-3p,0.006762770004570484
Meniscus Degeneration,hsa-miR-19a-3p,0.006752477027475834
Cervical Rib Syndrome,hsa-miR-1283-1,0.006739785894751549
Transfusion Reaction,rno-miR-369-3p,0.0067303841933608055
Amebiasis,hsa-miR-19a-3p,0.006724276579916477
Hashimoto Disease,hsa-mir-7844,0.0066769421100616455
Tooth and Supernumerary,hsa-miR-4511,0.006666293367743492
Thyroiditis,hsa-mir-8074,0.006610982120037079
Agammaglobulinemia,hsa-mir-8074,0.006503770127892494
Ataxia Telangiectasia,hsa-mir-8074,0.006488061510026455
Anorexia Nervosa,hsa-mir-8074,0.006444709375500679
Multiple System Atrophy,rno-miR-369-3p,0.006383076310157776
proliferative diabetic retinopathy,hsa-mir-8074,0.0063024722039699554
Mood Disorders,hsa-mir-8074,0.006280248053371906
Sucrase-isomaltase deficiency and congenital,hsa-mir-8074,0.006269305944442749
Constriction and Pathologic,hsa-mir-8074,0.006215984933078289
Frontotemporal Lobar Degeneration,hsa-mir-8074,0.006181265227496624
Folic Acid Deficiency,hsa-mir-8074,0.006179528310894966
Rheumatic Fever,hsa-mir-8074,0.006171025335788727
Chromosome Aberrations,hsa-mir-8074,0.006167653016746044
Dilated Cardiomyopathy ,hsa-miR-3591-3p,0.006166602484881878
Choledocholithiasis,hsa-mir-8074,0.006164069287478924
Gastrointestinal Hemorrhage,hsa-mir-8074,0.0061579179018735886
Chronic  Kidney Disease,hsa-mir-8074,0.006152442656457424
Myeloma Bone Disease,hsa-miR-2467-3p,0.006149607710540295
Repolarization Abnormality,hsa-mir-8074,0.0061471909284591675
Child Development Disorders and Pervasive,hsa-mir-8074,0.006137976422905922
Neurodevelopmental Injuries,hsa-mir-8074,0.006132795475423336
Inflammation and Chronic,hsa-miR-2467-3p,0.006130989640951157
Leukemia and Myeloid and Chronic-Phase,hsa-mir-8074,0.006128441542387009
Hemorrhagic Fever With Renal Syndrome,hsa-mir-8074,0.006121686659753323
Osteitis,hsa-mir-8074,0.006117323413491249
autosomal recessive congenital bilateral absence of vas deferens,hsa-mir-8074,0.006112909875810146
Reperfusion Injury and Cerebral Ischemia,hsa-mir-8074,0.0061123790219426155
Hirschsprung-Associated Enterocolitis,hsa-mir-8074,0.006101532839238644
Grave Disease,hsa-mir-8074,0.006100880913436413
Osteoporosis and Diabetic,hsa-mir-8074,0.006099817343056202
Rh-Negative Hemolytic Disease and Fetus,hsa-mir-8074,0.006095830351114273
Diabetic Ischemia Complication,hsa-mir-8074,0.006088603287935257
Retinal Vein Occlusion,hsa-mir-8074,0.006087503395974636
Cardiac Dysfunction,hsa-mir-8074,0.006085304543375969
Wound Infection,hsa-miR-192-3p,0.006077493540942669
Lung Abscess,hsa-mir-8074,0.006063196808099747
Tricuspid Valve Insufficiency,hsa-miR-192-3p,0.006041769869625568
Reperfusion Injury and Testicular Ischemia,hsa-miR-1226,0.0060219354927539825
Dysentery and Bacillary,hsa-miR-4493,0.005988907068967819
Chlamydia Infections,hsa-mir-8074,0.0059743039309978485
Chediak-Higashi Syndrome,hsa-miR-4493,0.005937287583947182
Hypocapnia,hsa-miR-3124,0.005838621407747269
Reperfusion Injury and Testicular Ischemia,hsa-miR-154,0.005830912850797176
Humeral Fractures,hsa-miR-3124,0.005786861293017864
Vitreoretinochoroidopathy,hsa-miR-186*,0.005690951831638813
congenital fibrosarcoma,EBV-mir-BART9,0.005567483603954315
Diminished  Ovarian Reserve,hsa-miR-4441,0.0055112941190600395
Opium Dependence,rno-miR-369-3p,0.005252383649349213
Postoperative Cognitive Complications,rno-miR-369-3p,0.0052170660346746445
Adrenocorticotropic hormone deficiency,rno-miR-30b-3p,0.005104195326566696
Hypothermia,rno-miR-369-3p,0.004966680891811848
Abnormalities and Drug-Induced,rno-miR-369-3p,0.0049664778634905815
Postoperative Nausea and Vomiting,rno-miR-30b-3p,0.004747957922518253
Iridocorneal Endothelial Syndrome,hsa-miR-3190-3p,0.004718352109193802
Hypocapnia,hsa-miR-30a,0.004700804129242897
Equine Infectious Anemia,hsa-miR-378j,0.00454410444945097
Neurobehavioral Manifestations,rno-miR-369-3p,0.004465758800506592
Pelvic Organ Prolapse,hsa-mir-7844,0.004242943599820137
Urinary Calculi,hsa-miR-199a*-1,0.003931642509996891
Granulomatous Disease and Chronic,hsa-miR-1256,0.0039006052538752556
Periodontitis and Diabetic,hsa-miR-199a*-1,0.003886505961418152
Submandibular Gland Diseases,hsa-miR-199a*-1,0.003843356855213642
Reperfusion Injury and Testicular Ischemia,hsa-miR-199a*-1,0.0037952372804284096
Tibial Neuropathy,hsa-miR-1256,0.003793013282120228
Adenoviridae Infections,mmu-miR-676-3p,0.0037819864228367805
Crisponi syndrome,hsa-miR-1256,0.0037797652184963226
Hypoadrenocorticism and Familial,rno-miR-27a,0.003660130314528942
Testicular Neoplasms,hsa-miR-183*,0.0036296704784035683
Gaucher Disease,rno-miR-27a,0.003618706949055195
cough variant asthma,rno-miR-369-3p,0.0036061489954590797
Human T-Cell Leukemia Virus Type 1 Infections,hsa-miR-199a*-1,0.0035999510437250137
Systemic Inflammatory Response Syndrome,mmu-miR-676-3p,0.0035761957988142967
Femoral Neck Fractures,rno-miR-27a,0.003559352830052376
Liposarcoma,rno-miR-27a,0.0035368790850043297
Parvoviridae Infections,hsa-miR-3591-3p,0.0035321228206157684
Amebiasis,hsa-miR-199a*-1,0.003510076552629471
Optic atrophy 1 and deafness,hsa-miR-1256,0.003452329896390438
colorectal adenocarcinoma,rno-miR-27a,0.0033113686367869377
Reperfusion Injury and Renal Ischemia,rno-miR-27a,0.003227824345231056
Reperfusion Injury and Testicular Ischemia,hsa-miR-1826,0.002963010221719742
Preterm Premature Rupture of the Membranes,hsa-mir-875,0.002919621765613556
Primary Gastrointestinal Diffuse Large B-Cell Lymphoma ,hsa-miR-1826,0.0029164059087634087
Rh Deficiency Syndrome,mmu-miR-676-3p,0.002885769121348858
Edema,hsa-miR-1826,0.002771059051156044
Anemia and sideroblastic spinocerebellar ataxia,rno-miR-369-3p,0.0027686459943652153
Jequier Kozlowski skeletal dysplasia,rno-miR-27a,0.002731834538280964
isolated cleft palate,mmu-miR-676-3p,0.002677648328244686
Intrahepatic Cholestasis of Pregnancy,mmu-miR-676-3p,0.002639324404299259
Knee Injuries,mmu-miR-676-3p,0.002558971755206585
Gastric Cancer and Early,rno-miR-27a,0.002432173117995262
Classical Swine Fever,hsa-miR-29b-1,0.0024053677916526794
Sialic Acid Storage Disease,rno-miR-27a,0.0024032527580857277
Li-Fraumeni Syndrome,rno-miR-369-3p,0.0023848265409469604
Chronic  Rhinosinusitis With Nasal Polyps,hsa-miR-29b-1,0.002369975671172142
Absent corpus callosum cataract immunodeficiency,hsa-miR-29b-1,0.002348661422729492
Fusariosis,rno-miR-27a,0.002334906719624996
Elephantiasis,rno-miR-369-3p,0.002312874421477318
Gliosis,hsa-miR-29b-1,0.002257795073091984
Gastric Cancer and Metachronous,mmu-miR-676-3p,0.0022371578961610794
Angioedemas and Hereditary,hsa-miR-29b-1,0.0022337818518280983
Lymphoma and T-Cell and Peripheral,rno-miR-27a,0.0022165020927786827
Intrahepatic Cholestasis of Pregnancy,rno-miR-27a,0.002211393788456917
Autolysis,rno-miR-27a,0.002197638154029846
Urinary Calculi,hsa-miR-30c-2-3p,0.002129225991666317
Humeral Fractures,hsa-miR-3591-3p,0.002112463116645813
Deglutition Disorders,hsa-miR-29b-1,0.0020853830501437187
Skeletal Muscle Dysplasia,hsa-miR-29b-1,0.002064494416117668
Cardiomyopathy and Hypertrophic and Familial,hsa-miR-30c-2-3p,0.002023812383413315
Papillomavirus Infections,hsa-miR-4511,0.0020087603479623795
Testicular Neoplasms,hsa-miR-29b-1,0.0020083803683519363
Neutropenia,hsa-miR-30c-2-3p,0.0019898395985364914
Chronic Kidney   Disease,hsa-miR-30c-2-3p,0.0019662315025925636
Primary Gastrointestinal Diffuse Large B-Cell Lymphoma ,hsa-miR-30c-2-3p,0.001946168951690197
Myeloma Bone Disease,hsa-miR-3653-3p,0.0019123945385217667
Brugada Syndrome,hsa-miR-30c-2-3p,0.0018938155844807625
Splenic Neoplasms,hsa-miR-30c-2-3p,0.0018753185868263245
Bursitis,rno-miR-369-3p,0.0018225135281682014
Still's Disease and Adult-Onset,rno-miR-369-3p,0.0018193796277046204
aortic atherosclerosis,rno-miR-369-3p,0.0018026772886514664
Rheumatic Heart Disease,rno-miR-369-3p,0.0017964793369174004
Spinal Cord Compression,hsa-miR-3653-3p,0.0017236825078725815
Tuberous Sclerosis,mmu-miR-676-3p,0.0017109094187617302
Embolic Stroke,rno-miR-27a,0.001710057258605957
Costello Syndrome,rno-miR-27a,0.0017070882022380829
Cystadenocarcinoma and Serous and Ovarian,rno-miR-27a,0.0016936277970671654
Deficiency Diseases,rno-miR-369-3p,0.0016872202977538109
Neonatal Sepsis,rno-miR-27a,0.0016344496980309486
Chediak-Higashi Syndrome,hsa-miR-3653-3p,0.0016176076605916023
AIDS-Related Complex,rno-miR-369-3p,0.0015976671129465103
Premature Birth,mmu-miR-697,0.0015941597521305084
Encephalocele,rno-miR-27a,0.00151154026389122
idiopathic scoliosis,rno-miR-369-3p,0.0015051569789648056
Optic Neuritis,rno-miR-369-3p,0.001453762874007225
Polycystic Kidney Diseases,rno-miR-27a,0.0014346791431307793
Myeloma Bone Disease,hsa-miR-100-2,0.001335151493549347
Fatty Liver and Alcoholic,rno-miR-369-3p,0.0013057179749011993
Radiation-Induced Oral Mucositis,hsa-mir-770,0.0012389509938657284
Hypoadrenocorticism and Familial,hsa-mir-873,0.001113449689000845
Nevi and Melanomas,mmu-miR-679,0.0011099963448941708
Kidney Tubular Necrosis and Acute,hsa-miR-186*,0.0010776584967970848
Dihydropyrimidine Dehydrogenase Deficiency,hsa-miR-381-5p,0.0010658199898898602
Neuroinflammatory Diseases,rno-miR-369-3p,0.0010535474866628647
Meniscus Degeneration,hsa-miR-100-2,0.0010356795974075794
Femoral Neck Fractures,hsa-mir-873,0.0010125534608960152
Skeletal Muscle Injury,hsa-miR-124a-2,0.0009515676647424698
Hypoglycemia,hsa-miR-181a,0.0009049861691892147
Encephalitis and Viral,hsa-mir-873,0.0009004166349768639
Reperfusion Injury and Testicular Ischemia,hsa-miR-124a-2,0.0008244304917752743
Adenoviridae Infections,hsa-mir-873,0.0008072564378380775
colorectal adenocarcinoma,hsa-mir-873,0.0007645692676305771
Frailty,hsa-mir-873,0.0007173130288720131
Tibial Neuropathy,hsa-miR-103-as,0.0006972658447921276
Neutropenia,hsa-miR-103-as,0.0006612851284444332
Amebiasis,hsa-miR-200c-5p,0.0005966955795884132
Proteinuria,rno-miR-27a,0.0004965895786881447
Nevi and Melanomas,hsa-miR-29c,0.0004793331027030945
Periodontitis and Diabetic,hsa-miR-29c,0.0004771081730723381
Hearing Loss and Sudden,hsa-miR-29c,0.00047368044033646584
Myotonic Dystrophy,hsa-miR-29c,0.00046262843534350395
Chronic  Rhinosinusitis With Nasal Polyps,hsa-miR-29c,0.0004450990818440914
Hereditary Autoinflammatory Diseases,hsa-miR-29c,0.00042816251516342163
Abnormalities and Drug-Induced,rno-miR-27a,0.00041510211303830147
Vaginosis and Bacterial,hsa-miR-29c,0.00040199654176831245
Eye Diseases,rno-miR-369-3p,0.0003934372216463089
Anemia and Aplastic,rno-miR-369-3p,0.0003913901746273041
Neutropenia,hsa-miR-29c,0.0003828583285212517
Amebiasis,hsa-miR-103-as,0.0003791055642068386
Ulcerative   Colitis,rno-miR-369-3p,0.0003414042294025421
Spinal Dysraphism,hsa-miR-3649,0.0003205793909728527
Angioedemas and Hereditary,hsa-miR-29c,0.00030902447178959846
Maxillofacial Abnormalities,mmu-miR-676-3p,0.00030819792300462723
Brugada Syndrome,hsa-miR-29c,0.00028695352375507355
Intra-Articular Fractures,hsa-miR-181a,0.00022209342569112778
Juvenile gout,hsa-miR-29c,0.00018842332065105438
Adenocarcinoma Of Esophagus,hsa-miR-29c,0.00016429321840405464
Urinary Calculi,hsa-miR-093,0.0001558666117489338
Neoplasms and Mesothelial,hsa-miR-093,0.00015432992950081825
Polyposis Syndrome and Hereditary Mixed and 1,hsa-miR-29c,0.00014759227633476257
Neoplasms and Mesothelial,hsa-miR-34b-3p,0.0001454344019293785
Angina Pectoris and Variant,rno-miR-27a,9.726127609610558e-05
proliferative diabetic retinopathy,rno-miR-369-3p,8.392240852117538e-05
Neoplasms and Mesothelial,hsa-miR-19b-1,7.911305874586105e-05
Chronic  Rhinosinusitis With Nasal Polyps,hsa-miR-093,7.884018123149872e-05
Equine Infectious Anemia,hsa-miR-093,6.521400064229965e-05
Rhabdoid Tumor and Kidney,hsa-miR-34b-3p,3.987690433859825e-05
Wound Infection,hsa-miR-34b-3p,3.249850124120712e-05
Tissue Adhesions,hsa-miR-093,2.4738255888223648e-05
Neointimal Hyperplasia,rno-miR-369-3p,8.977949619293213e-06
Venous Neointimal Hyperplasia,hsa-miR-34b-3p,8.627306669950485e-06
Lattice corneal dystrophy type 1,hsa-miR-093,5.2694231271743774e-06
Chronic Kidney   Disease,hsa-miR-34b-3p,-1.5904195606708527e-05
Posterior Segment Ocular Diseases,hsa-miR-34b-3p,-2.5532208383083344e-05
Primary Gastrointestinal Diffuse Large B-Cell Lymphoma ,hsa-miR-34b-3p,-3.57283279299736e-05
Frontotemporal Lobar Degeneration,rno-miR-369-3p,-3.728456795215607e-05
Asthenozoospermia,rno-miR-369-3p,-5.659880116581917e-05
Pregnancy Complications and Infectious,rno-miR-369-3p,-6.0823746025562286e-05
Asthma ,mmu-miR-676-3p,-7.27255828678608e-05
Charcot-Marie-Tooth disease type 1B,rno-miR-369-3p,-7.916847243905067e-05
Wilms Tumor,rno-miR-369-3p,-7.968954741954803e-05
Neurobehavioral Manifestations,rno-miR-27a,-8.53794626891613e-05
Leukemia and Myeloid and Chronic-Phase,rno-miR-369-3p,-9.034713730216026e-05
Hemorrhagic Fever With Renal Syndrome,rno-miR-369-3p,-9.686360135674477e-05
Neoplasms and Plasma Cell,rno-miR-369-3p,-9.796442463994026e-05
Fused Teeth,rno-miR-369-3p,-0.00010461220517754555
Reperfusion Injury and Cerebral Ischemia,rno-miR-369-3p,-0.00010640919208526611
Fibromyalgia,rno-miR-369-3p,-0.00012497883290052414
Dilated Cardiomyopathy ,hsa-mir-8063,-0.00013594143092632294
Rhabdomyosarcoma,rno-miR-369-3p,-0.00013984926044940948
Plasmablastic Lymphoma,rno-miR-369-3p,-0.0001473827287554741
Phyllodes Tumor,rno-miR-27a,-0.0001749708317220211
Neoplasms and Mesothelial,hsa-miR-223-3p,-0.0001834784634411335
Juvenile gout,hsa-miR-34b-3p,-0.00018673110753297806
Multiple Endocrine Neoplasia Type 1,hsa-miR-34b-3p,-0.00019252626225352287
Prehypertension,hsa-miR-34b-3p,-0.00020385859534144402
Body Weight,hsa-miR-151*,-0.0002192901447415352
Pemphigus and Benign Familial,hsa-miR-093,-0.00022318819537758827
Meniscus Degeneration,hsa-miR-34b-3p,-0.000246275682002306
Amebiasis,hsa-miR-093,-0.00026558060199022293
Myeloma Bone Disease,hsa-miR-223-3p,-0.0002756696194410324
Mycoplasma pneumoniae pneumonia,hsa-miR-34b-3p,-0.0002767215482890606
Optic atrophy 1 and deafness,hsa-miR-093,-0.0002879844978451729
Wound Infection,hsa-miR-223-3p,-0.000296534039080143
Infectious pancreatic necrosis virus,hsa-mir-873,-0.0003185030072927475
Chronic Kidney   Disease,hsa-miR-223-3p,-0.0003450559452176094
Angioedemas and Hereditary,hsa-miR-223-3p,-0.0003950432874262333
ACTH-Secreting Pituitary Adenoma,mmu-miR-676-3p,-0.0004916996695101261
Central Nervous System Diseases,hsa-mir-873,-0.0005188058130443096
Adrenocortical Adenoma,hsa-miR-151*,-0.0005702679045498371
Chediak-Higashi Syndrome,hsa-miR-223-3p,-0.0005705757066607475
Meniscus Degeneration,hsa-miR-151*,-0.0005838456563651562
Stomatognathic Diseases,hsa-miR-4267,-0.0006124461069703102
Diffuse Alveolar Hemorrhage and Autoimmune-Mediated,hsa-mir-873,-0.0006723273545503616
Human T-Cell Leukemia Virus Type 1 Infections,hsa-miR-26a-1,-0.0007128366269171238
Mesothelioma and Malignant,hsa-mir-8074,-0.0008749319240450859
Neonatal Sepsis,hsa-mir-873,-0.0009123501367866993
Premenstrual Syndrome,rno-miR-369-3p,-0.0009483336471021175
Periodontitis and Diabetic,hsa-miR-1258,-0.0010783374309539795
Myotonic Dystrophy,hsa-miR-1258,-0.0010926979593932629
Wound Infection,hsa-miR-1258,-0.00114767299965024
Phyllodes Tumor and Breast,hsa-miR-1258,-0.0011648507788777351
Tricuspid Valve Insufficiency,hsa-miR-1258,-0.0011833971366286278
chikungunya,hsa-mir-873,-0.0011998405680060387
Angioedemas and Hereditary,hsa-miR-1258,-0.0012463019229471684
Graft Occlusion and Vascular,rno-miR-27a,-0.001257532276213169
Fatigue,hsa-mir-873,-0.0012716278433799744
Dysentery and Bacillary,hsa-miR-1258,-0.0013702628202736378
Hemophilia A,hsa-mir-873,-0.0014707716181874275
Testicular Neoplasms,hsa-miR-1258,-0.001471822615712881
Guillain-Barre Syndrome,hsa-mir-873,-0.0017601787112653255
Gastric Antral Vascular Ectasia,hsa-miR-3137,-0.0019926829263567924
Proteinuria,hsa-mir-873,-0.0020503289997577667
Vaginosis and Bacterial,hsa-miR-130b,-0.002064900007098913
Asthma and Chronic,hsa-miR-130b,-0.002071856055408716
Phyllodes Tumor and Breast,hsa-miR-130b,-0.002076659817248583
Reperfusion Injury and Testicular Ischemia,hsa-miR-130b,-0.0020815334282815456
Abnormalities and Drug-Induced,hsa-mir-873,-0.0021316977217793465
Brain Injuries,hsa-mir-873,-0.00216103158891201
Friedreich Ataxia,rno-miR-27a,-0.002184978686273098
Death and Sudden,hsa-miR-4492,-0.002242134418338537
Adenocarcinoma Of Esophagus,hsa-miR-130b,-0.002302722539752722
Still's Disease and Adult-Onset,mmu-miR-676-3p,-0.0023040659725666046
Femoral Neck Fractures,hsa-miR-4492,-0.002331202384084463
Meniscus Degeneration,hsa-miR-130b,-0.0023382557556033134
high grade glioma,hsa-mir-873,-0.002405561041086912
Holt-Oram syndrome,hsa-mir-8074,-0.002440153621137142
Dilated Cardiomyopathy ,hsa-miR-3157,-0.0024698725901544094
Chediak-Higashi Syndrome,hsa-miR-376a-3p,-0.002504514530301094
Hearing Loss and Sensorineural,hsa-miR-4492,-0.0025351964868605137
Tooth and Supernumerary,hsa-mir-8074,-0.0026050060987472534
Frailty,hsa-miR-4492,-0.0026263236068189144
Optic Neuritis,mmu-miR-676-3p,-0.0026696829590946436
Hyalinosis and Systemic,hsa-mir-873,-0.0026871126610785723
Periprosthetic Fractures,hsa-mir-873,-0.0026938330847769976
Labyrinth Diseases,hsa-miR-4492,-0.0027067901100963354
aortic atherosclerosis,rno-miR-27a,-0.00274857971817255
UV-Sensitive Syndrome,hsa-miR-329-2,-0.002858131192624569
Deficiency Diseases,rno-miR-27a,-0.0028641559183597565
Mycobacterium Infections,hsa-miR-4492,-0.0029071886092424393
Chronic  Rhinosinusitis With Nasal Polyps,hsa-miR-329-2,-0.0029086368158459663
idiopathic scoliosis,rno-miR-27a,-0.003046100027859211
Ovarian Failure and Premature ,rno-miR-27a,-0.003107975237071514
Mastitis and Bovine,hsa-mir-873,-0.0032373620197176933
Placenta Accreta,hsa-miR-4492,-0.0032761998008936644
Posterior Segment Ocular Diseases,hsa-miR-27b-3p,-0.003307700389996171
Status Asthmaticus,hsa-miR-3670,-0.0033691064454615116
Gastric Cancer and Early,hsa-miR-4492,-0.003458501538261771
Tibial Neuropathy,hsa-miR-3670,-0.003476392477750778
cough variant asthma,hsa-mir-873,-0.003492026822641492
Adenocarcinoma Of Esophagus,hsa-miR-27b-3p,-0.0034929101821035147
isolated cleft palate,hsa-miR-4492,-0.003640718525275588
Graft Occlusion and Vascular,hsa-mir-873,-0.0038045700639486313
Periodontitis and Diabetic,rno-miR-30e*,-0.003927518613636494
Urinary Calculi,EBV-miR-BART3,-0.003972790203988552
Myeloma Bone Disease,EBV-miR-BART3,-0.00406663678586483
Gluteal Muscle   Contracture,EBV-miR-BART3,-0.004074299242347479
Angioedemas and Hereditary,rno-miR-30e*,-0.004095602780580521
Reperfusion Injury and Testicular Ischemia,EBV-miR-BART3,-0.004109314642846584
Neuromuscular Junction Diseases,mmu-miR-676-3p,-0.004123410675674677
Tauopathies,hsa-miR-411,-0.004140149801969528
Posterior Segment Ocular Diseases,EBV-miR-BART3,-0.004145532380789518
Pregnancy Complications and Infectious,mmu-miR-676-3p,-0.004184269811958075
Branchio-Oto-Renal Syndrome,rno-miR-27a,-0.004188326187431812
Pancreatic Intraductal Neoplasms,mmu-miR-676-3p,-0.00419314019382
Ulcerative   Colitis,rno-miR-27a,-0.004209971986711025
Alcohol Withdrawal Syndrome,mmu-miR-676-3p,-0.004230008460581303
Respiration Disorders,mmu-miR-676-3p,-0.004242843482643366
Supranuclear Palsy and Progressive,mmu-miR-676-3p,-0.004247171804308891
Neonatal Sepsis,hsa-miR-4492,-0.004255986772477627
Rhabdomyosarcoma,mmu-miR-676-3p,-0.004263295326381922
Congenital Abnormalities,mmu-miR-676-3p,-0.004263685084879398
Sepsis-Associated Encephalopathy,mmu-miR-676-3p,-0.004275299608707428
Noma,rno-miR-369-3p,-0.004291431978344917
Arrhythmogenic Right Ventricular Dysplasia,hsa-miR-4492,-0.0043060798197984695
Multiple Endocrine Neoplasia Type 1,EBV-miR-BART3,-0.004312526434659958
Myopia and Degenerative,hsa-mir-873,-0.004316719248890877
Reperfusion Injury and Testicular Ischemia,hsa-miR-26a-1-3p,-0.004319893196225166
Dilated Cardiomyopathy ,hsa-miR-3137,-0.004342414438724518
Pancreatitis and Acute Hemorrhagic,hsa-miR-26a-1-3p,-0.0043433597311377525
Chronic Urticaria,rno-miR-27a,-0.004389586858451366
Ameloblastoma,rno-miR-27a,-0.004434476140886545
Vitreoretinochoroidopathy,hsa-miR-3190-3p,-0.004441061057150364
Mood Disorders,rno-miR-27a,-0.0044897980988025665
Juvenile gout,hsa-miR-26a-1-3p,-0.004517309833317995
Frontotemporal Dementia,rno-miR-27a,-0.004560637287795544
Aspermia,rno-miR-27a,-0.004576157778501511
Meniscus Degeneration,hsa-miR-26a-1-3p,-0.004576735198497772
Choledocholithiasis,rno-miR-27a,-0.004605857189744711
Asthenozoospermia,rno-miR-27a,-0.0046079750172793865
Renal Insufficiency,rno-miR-27a,-0.004609300754964352
Leukemia and Myeloid and Acute and T-Cell,rno-miR-27a,-0.004611735697835684
Pregnancy Complications and Infectious,rno-miR-27a,-0.00461219996213913
Drug-Related Side Effects and Adverse Reactions,rno-miR-27a,-0.004627953749150038
Coxsackievirus Infections,rno-miR-27a,-0.004630129784345627
Chondrocyte Hypertrophy,rno-miR-27a,-0.004634471610188484
Lupus Erythematosus and Cutaneous,rno-miR-27a,-0.004640243016183376
Osteitis,rno-miR-27a,-0.004652722738683224
Mesothelioma,rno-miR-27a,-0.004656210541725159
Camptocormia,rno-miR-27a,-0.004662126302719116
Cataract and Congenital Zonular and with Sutural Opacities,rno-miR-27a,-0.004666942171752453
Hirschsprung-Associated Enterocolitis,rno-miR-27a,-0.004668513312935829
Supranuclear Palsy and Progressive,rno-miR-27a,-0.004675102420151234
Retinal Vein Occlusion,rno-miR-27a,-0.0046826614998281
Diabetes Complications,rno-miR-27a,-0.004687321372330189
Li-Fraumeni Syndrome,hsa-mir-873,-0.004713469184935093
Elephantiasis,hsa-mir-873,-0.004785539582371712
Neoplasms and Mesothelial,hsa-miR-34a-3p,-0.004860284272581339
Encephalitis and Tick-Borne,hsa-miR-28,-0.004879032727330923
Light Fixation Seizure Syndrome,hsa-miR-3137,-0.004935006611049175
Myeloma Bone Disease,hsa-miR-193b*,-0.004940980114042759
Dilated Cardiomyopathy ,hsa-miR-4296,-0.004945342428982258
Myeloma Bone Disease,hsa-miR-34a-3p,-0.004952236544340849
Inflammation and Chronic,hsa-miR-34a-3p,-0.004970855545252562
Cardiomyopathy and Hypertrophic and Familial,hsa-miR-28,-0.005045030266046524
Severe Dengue,mmu-miR-676-3p,-0.005062813404947519
Brugada Syndrome,hsa-miR-193b*,-0.005082258023321629
Granulomatous Disease and Chronic,hsa-miR-3179,-0.005094831343740225
UV-Sensitive Syndrome,hsa-miR-3179,-0.0051255859434604645
Diminished  Ovarian Reserve,hsa-miR-28,-0.0051342882215976715
Dysentery and Bacillary,hsa-miR-34a-3p,-0.005195523612201214
Reperfusion Injury and Testicular Ischemia,hsa-miR-3179,-0.0052357083186507225
Amebiasis,hsa-miR-34a-3p,-0.005280075594782829
aortic atherosclerosis,hsa-mir-873,-0.005295617505908012
Lysosomal Storage Diseases,hsa-miR-28,-0.005304405465722084
Angioedemas and Hereditary,hsa-miR-3179,-0.005312404595315456
Meniscus Degeneration,hsa-miR-28,-0.0053331018425524235
Non-ST Elevated Myocardial Infarction,hsa-mir-873,-0.005367130506783724
Esophageal Neoplasms,hsa-mir-873,-0.0054043433628976345
Abnormalities and Drug-Induced,hsa-miR-4492,-0.005475214682519436
Amebiasis,hsa-miR-3179,-0.005520869977772236
Dilated Cardiomyopathy ,hsa-miR-411,-0.0055609336122870445
Primary Aldosteronism ,rno-miR-27a,-0.005608212202787399
Myocardial Injury,hsa-mir-873,-0.005622046068310738
Tendon Injuries,hsa-mir-873,-0.005744540132582188
Shock and Cardiogenic,hsa-mir-873,-0.005830570124089718
Neuroinflammatory Diseases,hsa-mir-873,-0.006044628564268351
Phyllodes Tumor,hsa-miR-4492,-0.00606552604585886
Respiratory Sounds,hsa-miR-3137,-0.006185699719935656
HIV-Associated Lipodystrophy Syndrome,hsa-mir-873,-0.006354712415486574
Ehlers-Danlos Syndrome and musculocontractural type 1,hsa-mir-873,-0.006458105053752661
Thyroiditis,hsa-mir-873,-0.006705982144922018
hypomelanosis of Ito,hsa-mir-873,-0.00675630010664463
Parvoviridae Infections,hsa-miR-3137,-0.006976893171668053
Neointima,hsa-miR-181a,-0.007026056293398142
Airway Obstruction,hsa-miR-181a,-0.007050919812172651
Neointimal Hyperplasia,hsa-mir-873,-0.007089198101311922
Corneal dystrophy and epithelial basement membrane,hsa-mir-873,-0.0071403454057872295
Rheumatic Fever,hsa-mir-873,-0.007146058138459921
Brain Diseases,hsa-mir-873,-0.007158905267715454
Hereditary Autoinflammatory Diseases,hsa-miR-3133,-0.007175927050411701
Coxsackievirus Infections,hsa-mir-873,-0.007177167572081089
Otitis Media,hsa-mir-873,-0.007180715445429087
hypotrichosis 8,hsa-mir-873,-0.007191432174295187
Epilepsy and Generalized,hsa-mir-873,-0.0071932184509932995
Myocardial Ischemia,hsa-mir-873,-0.007198256906121969
Reperfusion Injury and Cerebral Ischemia,hsa-mir-873,-0.007204823661595583
Salivary Gland Neoplasms,hsa-mir-873,-0.007208879105746746
Hirschsprung-Associated Enterocolitis,hsa-mir-873,-0.007215431891381741
Chilblain lupus,hsa-mir-873,-0.0072156693786382675
Osteochondrodysplasias,hsa-mir-873,-0.007222731132060289
Cerebral Palsy,hsa-mir-873,-0.007223676890134811
Vasospasm and Intracranial,hsa-mir-873,-0.007229106035083532
Papillomavirus Infections,hsa-mir-8074,-0.007262658327817917
Chlamydia Infections,hsa-mir-873,-0.007342779543250799
Radiation-Induced Oral Mucositis,hsa-miR-150-5p,-0.007378248497843742
Chediak-Higashi Syndrome,hsa-miR-3133,-0.00747083593159914
Respiratory Tract Infections,hsa-mir-8074,-0.007616375107318163
Nevi and Melanomas,hsa-miR-3145-5p,-0.007791478186845779
Equine Infectious Anemia,hsa-miR-3145-5p,-0.007839457131922245
Intra-Articular Fractures,hsa-miR-021,-0.007859018631279469
Wound Infection,hsa-miR-3145-5p,-0.007863277569413185
Chediak-Higashi Syndrome,hsa-miR-222-5p,-0.007943172007799149
Reperfusion Injury and Testicular Ischemia,hsa-miR-194-3p,-0.00794964749366045
Aristolochic Acid Induced Nephropathy,hsa-miR-3145-5p,-0.008022489957511425
Cone Dystrophy 3,hsa-miR-181c,-0.008243177086114883
Airway Obstruction,hsa-miR-3137,-0.008385328575968742
Asthma and Chronic,hsa-miR-135a*,-0.00843663141131401
Iridocorneal Endothelial Syndrome,hsa-miR-021,-0.008634360507130623
Reperfusion Injury and Ischemia,hsa-miR-411,-0.00863675493746996
Tooth and Supernumerary,rno-miR-369-3p,-0.00882379524409771
AIDS-Related Complex,hsa-miR-4492,-0.008844144642353058
Postoperative Complications,rno-miR-29c,-0.009038692340254784
Lentivirus Infections,hsa-miR-200b-5p,-0.009235627949237823
Myeloma Bone Disease,hsa-miR-200b-5p,-0.009316559880971909
Inflammation and Chronic,hsa-miR-200b-5p,-0.009335178881883621
Diminished  Ovarian Reserve,hsa-miR-200b-5p,-0.009417337365448475
Polyposis Syndrome and Hereditary Mixed and 1,hsa-miR-200b-5p,-0.00959748588502407
Fluoride Poisoning,hsa-miR-411,-0.009622289799153805
Glucocorticoid Receptor Deficiency,hsa-miR-4492,-0.00962953083217144
Tauopathies,hsa-miR-021,-0.009668095037341118
Brugada Syndrome,hsa-miR-4433-3p,-0.009926644153892994
Polyposis Syndrome and Hereditary Mixed and 1,hsa-miR-4433-3p,-0.010066172108054161
Chediak-Higashi Syndrome,hsa-miR-4433-3p,-0.010080153122544289
Meniscus Degeneration,hsa-miR-4433-3p,-0.010084599256515503
Amebiasis,hsa-miR-4433-3p,-0.01011279970407486
Malaria and Falciparum,hsa-miR-27a-3p,-0.010192100889980793
Pancreatic Intraductal Neoplasms,hsa-miR-4492,-0.010511506348848343
Lipoma,hsa-miR-4492,-0.010516166687011719
autosomal recessive congenital bilateral absence of vas deferens,hsa-miR-4492,-0.010547691024839878
Cholecystolithiasis,hsa-miR-4492,-0.010581647977232933
Plasmablastic Lymphoma,hsa-miR-4492,-0.010589195415377617
Newcastle Disease,hsa-miR-4443,-0.01059810258448124
Autoimmune Diseases of the Nervous System,mmu-miR-744,-0.010636301711201668
Renal Artery Obstruction,mmu-miR-744,-0.010637863539159298
Lupus Vasculitis and Central Nervous System,mmu-miR-744,-0.010666179470717907
Inflammation and Chronic,hsa-miR-133a-1,-0.010688583366572857
Wound Infection,hsa-miR-133a-1,-0.010690662078559399
Asthma and Chronic,hsa-miR-133a-1,-0.010703322477638721
Reperfusion Injury and Testicular Ischemia,hsa-miR-133a-1,-0.01071276143193245
Blind Loop Syndrome,hsa-miR-1284,-0.010714532807469368
Neutropenia,hsa-miR-133a-1,-0.010715337470173836
Asthma and Chronic,mmu-miR-744,-0.010721113532781601
Wound Infection,hsa-miR-1295,-0.010721759870648384
Reperfusion Injury and Testicular Ischemia,mmu-miR-744,-0.010730551555752754
Angioedemas and Hereditary,mmu-miR-744,-0.010807200334966183
Adenocarcinoma Of Esophagus,mmu-miR-744,-0.010951979085803032
Vitreoretinochoroidopathy,hsa-miR-3137,-0.011047071777284145
Adenocarcinoma in Situ,hsa-miR-140-5p,-0.011223038658499718
Newcastle Disease,mmu-miR-743a,-0.011296447366476059
Diminished  Ovarian Reserve,hsa-miR-140-5p,-0.011342977173626423
Noma,hsa-mir-873,-0.011389726772904396
Neuromyelitis Optica,hsa-mir-875,-0.011418970301747322
Hemoptysis,hsa-miR-140-5p,-0.011422770097851753
Mesothelioma and Malignant,rno-miR-27a,-0.011644978076219559
Hyperleptinemia,hsa-miR-342-5p,-0.011727223172783852
Nevi and Melanomas,hsa-miR-342-5p,-0.011785369366407394
Chronic Limb-Threatening Ischemia,hsa-miR-3689b-3p,-0.011810912750661373
Equine Infectious Anemia,hsa-miR-342-5p,-0.01183346752077341
Myeloma Bone Disease,hsa-miR-342-5p,-0.011836471036076546
Venous Neointimal Hyperplasia,hsa-miR-342-5p,-0.01188115868717432
Neoplasms and Mesothelial,hsa-miR-206,-0.011981664225459099
Myeloma Bone Disease,hsa-miR-3141,-0.012001166120171547
Lattice corneal dystrophy type 1,hsa-miR-3141,-0.012057917192578316
Equine Infectious Anemia,hsa-miR-206,-0.012070899829268456
Inflammation and Chronic,hsa-miR-206,-0.012092473916709423
Reperfusion Injury and Testicular Ischemia,hsa-miR-206,-0.012116532772779465
Cardiomyopathy and Right Ventricular Dilated,hsa-miR-206,-0.012130536139011383
Reperfusion Injury and Steatotic Liver Ischemia,hsa-miR-135b-3p,-0.012165166437625885
Scleral Diseases,hsa-miR-3689b-3p,-0.012167658656835556
Heart Failure and Diastolic,hsa-miR-1284,-0.01216854341328144
Gastric Antral Vascular Ectasia,hsa-miR-1284,-0.012201355770230293
Brugada Syndrome,hsa-miR-134,-0.01221742294728756
Vitreoretinochoroidopathy,hsa-miR-411,-0.012265710160136223
Chediak-Higashi Syndrome,hsa-miR-206,-0.012368641793727875
Respiratory Sounds,hsa-miR-219a-1-3p,-0.012489279732108116
Hashimoto Disease,hsa-mir-873,-0.012501244433224201
Sepsis and Intensive Care Unit-Acquired,hsa-miR-125b-2,-0.012515967711806297
Inflammation and Chronic,hsa-miR-125b-2,-0.012566168792545795
Reperfusion Injury and Testicular Ischemia,hsa-miR-125b-2,-0.012590227648615837
Tricuspid Valve Insufficiency,hsa-miR-125b-2,-0.012604091316461563
Diminished  Ovarian Reserve,hsa-miR-125b-2,-0.01264849491417408
Reperfusion Injury and Testicular Ischemia,hsa-miR-130b-3p,-0.01268387958407402
Iridocorneal Endothelial Syndrome,hsa-miR-200a-3p,-0.012742496095597744
Adenocarcinoma Of Esophagus,hsa-miR-125b-2,-0.012811774387955666
Chediak-Higashi Syndrome,hsa-miR-125b-2,-0.012842575088143349
bladder carcinoma,rno-miR-27a,-0.01295390073210001
Autoimmune Diseases of the Nervous System,hsa-miR-23a,-0.013398533686995506
Myotonic Dystrophy,hsa-miR-23a,-0.013415828347206116
alpha-Thalassemia,hsa-miR-30d-3p,-0.013610819354653358
Costello Syndrome,hsa-mir-802,-0.013664188794791698
Polyposis Syndrome and Hereditary Mixed and 1,hsa-miR-23a,-0.013731030747294426
Tauopathies,hsa-miR-200a-3p,-0.013776348903775215
Urinary Calculi,hsa-mir-8078,-0.013963146135210991
Intra-Articular Fractures,hsa-miR-101-5p,-0.014004355296492577
Autoimmune Diseases of the Nervous System,hsa-mir-8078,-0.01400522980839014
Equine Infectious Anemia,hsa-mir-8078,-0.014053917489945889
Neoplasms and Mesothelial,EBV-miR-BART16,-0.014055448584258556
Tibial Neuropathy,hsa-mir-8078,-0.01406619418412447
Reperfusion Injury and Testicular Ischemia,hsa-mir-8078,-0.01409983728080988
Intra-Articular Fractures,hsa-miR-30d-3p,-0.014102930203080177
Carcinoma and Intraductal and Noninfiltrating,hsa-mir-8078,-0.01410437561571598
Parkinson Disease and Secondary,hsa-mir-873,-0.014129359275102615
Lymphohistiocytosis and Hemophagocytic,EBV-miR-BART16,-0.014130912721157074
Inflammation and Chronic,EBV-miR-BART16,-0.01416613906621933
Asthma and Chronic,EBV-miR-BART16,-0.014180639758706093
Lattice corneal dystrophy type 1,EBV-miR-BART16,-0.014204271137714386
Gliosis,EBV-miR-BART16,-0.014243118464946747
Hypocapnia,hsa-miR-27a-3p,-0.014329476282000542
Polyposis Syndrome and Hereditary Mixed and 1,hsa-mir-8078,-0.014337847009301186
Adrenocortical Adenoma,hsa-mir-8078,-0.014342933893203735
Metabolic  Syndrome,rno-miR-369-3p,-0.014346199110150337
Hereditary Autoinflammatory Diseases,hsa-miR-3074-5p,-0.014354446902871132
thyroid gland Hurthle cell carcinoma,EBV-miR-BART16,-0.014439966529607773
Meniscus Degeneration,EBV-miR-BART16,-0.014447158202528954
Reperfusion Injury and Testicular Ischemia,rno-miR-25,-0.014524881727993488
Dilated Cardiomyopathy ,hsa-miR-1284,-0.014551087282598019
Orofaciodigital Syndromes,hsa-miR-30d-3p,-0.014561058022081852
Transmissible Gastroenteritis,rno-miR-25,-0.01456708274781704
Hyperphagia,rno-miR-27a,-0.014843341894447803
Airway Obstruction,hsa-miR-021,-0.01513191219419241
Newcastle Disease,hsa-miR-4459,-0.015196484513580799
Wallerian Degeneration,hsa-miR-4511,-0.01553596742451191
Reperfusion Injury and Ischemia,hsa-miR-135b-3p,-0.01564781367778778
Neuropathic Low Back Pain,hsa-miR-329-3p,-0.01592041552066803
Tooth and Supernumerary,hsa-mir-873,-0.01592209003865719
Lattice corneal dystrophy type 1,hsa-miR-296,-0.015964452177286148
Hyphema,hsa-miR-1284,-0.016006849706172943
Brugada Syndrome,hsa-miR-296,-0.0160490982234478
Tauopathies,hsa-let-7a-3p,-0.01611112803220749
Hypoadrenocorticism and Familial,hsa-miR-4444,-0.016374848783016205
Substance-Related Disorders,hsa-miR-4444,-0.016452809795737267
Basal Ganglia Hemorrhage,hsa-miR-4444,-0.016533028334379196
IMAGe syndrome,hsa-miR-135b-3p,-0.016548383980989456
Lentivirus Infections,hsa-miR-193a,-0.01662064902484417
Newcastle Disease,hsa-mir-8080,-0.0166266318410635
Hearing Loss and Sensorineural,hsa-miR-4444,-0.016679618507623672
Adenoviridae Infections,hsa-miR-4444,-0.016680803149938583
Hereditary Autoinflammatory Diseases,hsa-miR-193a,-0.016701888293027878
Vaginosis and Bacterial,hsa-miR-193a,-0.016728054732084274
Asthma and Chronic,hsa-miR-193a,-0.0167347714304924
Frailty,hsa-miR-4444,-0.016770746558904648
Ischaemic Heart Disease,hsa-miR-2355,-0.01678900234401226
Neuropathic Low Back Pain,hsa-miR-338-5p,-0.016802247613668442
Iridocorneal Endothelial Syndrome,hsa-miR-338-5p,-0.016848627477884293
Systemic Inflammatory Response Syndrome,hsa-miR-4444,-0.016886591911315918
Respiratory Sounds,hsa-miR-200a-3p,-0.017040656879544258
Multiple Mitochondrial Dysfunctions Syndrome,hsa-miR-152,-0.01708441600203514
Sepsis and Intensive Care Unit-Acquired,hsa-miR-152,-0.017135513946413994
Parvoviridae Infections,hsa-miR-1284,-0.01718556508421898
Wound Infection,hsa-miR-152,-0.01718791201710701
Cardiomyopathy and Dilated,hsa-miR-4444,-0.017237767577171326
Neointima,hsa-miR-4303,-0.017254523932933807
Angioedemas and Hereditary,hsa-miR-152,-0.017286304384469986
Autoimmune Diseases of the Nervous System,hsa-miR-337-3p,-0.017353838309645653
Periodontitis and Diabetic,hsa-miR-337-3p,-0.01735665276646614
Urethritis,hsa-miR-337-3p,-0.017382320016622543
Myocardial Fibrosis,hsa-miR-4444,-0.017389502376317978
Smith-McCort Dysplasia,rno-miR-369-3p,-0.017405590042471886
Craniocerebral Trauma,mmu-miR-708,-0.017440486699342728
Testicular Neoplasms,hsa-miR-152,-0.017511943355202675
Osteolysis and Essential,hsa-miR-4444,-0.017609722912311554
Reperfusion Injury and Ischemia,hsa-miR-1284,-0.01762690767645836
Maxillary Fractures,hsa-miR-186*,-0.017651287838816643
familial chylomicronemia syndrome,hsa-miR-4444,-0.017689934000372887
Male Germ Cell Tumor,hsa-miR-1284,-0.017714817076921463
Amebiasis,hsa-miR-337-3p,-0.017733082175254822
Thyroid cancer and medullary,hsa-miR-4444,-0.01774667389690876
Granulomatous Disease and Chronic,hsa-miR-324-5p,-0.01775329001247883
Lymphoma and T-Cell and Peripheral,hsa-miR-4444,-0.017818357795476913
Transfusion Reaction,hsa-miR-4444,-0.017855970188975334
Wound Infection,hsa-miR-324-5p,-0.01787230744957924
Knee Injuries,hsa-miR-4444,-0.01790381595492363
Reperfusion Injury and Steatotic Liver Ischemia,hsa-miR-329-3p,-0.018014486879110336
Mandibular Diseases,hsa-miR-4444,-0.018160458654165268
Testicular Damage,hsa-mir-8074,-0.01818731427192688
Pneumothorax,hsa-miR-1284,-0.018247371539473534
Postoperative Complications,hsa-miR-4510,-0.018406730145215988
Motor Neuron Disease,hsa-miR-30d-3p,-0.018472369760274887
Encephalocele,hsa-miR-4444,-0.018523437902331352
Tetralogy of Fallot,hsa-miR-4510,-0.01855849102139473
Intra-Articular Fractures,hsa-miR-1229-3p,-0.01856771484017372
cone-rod dystrophy 6,hsa-miR-4510,-0.018577653914690018
Heart Failure and Acute,hsa-miR-4444,-0.018581148236989975
Tachycardia and Sinus,hsa-miR-1284,-0.018585439771413803
Humeral Fractures,hsa-miR-1284,-0.018605463206768036
Avian Leukosis,hsa-miR-4510,-0.018648598343133926
Acute Coronary Syndrome ,hsa-miR-4510,-0.018726546317338943
Neuromyelitis Optica,hsa-mir-7844,-0.01875770278275013
Fatigue,hsa-miR-4444,-0.01875968649983406
Cholesteatoma and Middle Ear,hsa-miR-4511,-0.01881345361471176
Urinary Calculi,hsa-miR-3655,-0.018850291147828102
Myotonic Dystrophy,hsa-miR-3655,-0.018909551203250885
Wound Infection,hsa-miR-3655,-0.01896488294005394
Reperfusion Injury and Testicular Ischemia,hsa-miR-3655,-0.018986815586686134
Angioedemas and Hereditary,hsa-miR-3655,-0.019063273444771767
Gastric Antral Vascular Ectasia,hsa-miR-020,-0.019109509885311127
Hypocapnia,hsa-miR-3614-5p,-0.019132068380713463
Malaria and Falciparum,hsa-miR-338-5p,-0.019168149679899216
congenital nongoitrous hypothyroidism 4,hsa-miR-4444,-0.01918833702802658
Hyperglycinemia and Nonketotic,hsa-miR-4444,-0.019236549735069275
Campomelia Cumming type,hsa-miR-4444,-0.019243387505412102
Guillain-Barre Syndrome,hsa-miR-4444,-0.0192482378333807
Scleral Diseases,hsa-miR-3655,-0.01925264671444893
Vitreoretinochoroidopathy,hsa-miR-135b-3p,-0.01927664875984192
Postoperative Cognitive Complications,hsa-miR-4444,-0.01936928927898407
Teratoma,rno-miR-27a,-0.01944589614868164
Motor Neuron Disease,hsa-miR-329-3p,-0.01956053450703621
Wound Infection,hsa-miR-3065-5p,-0.019594259560108185
Stomatitis and Aphthous,hsa-miR-3125,-0.01961270533502102
Abnormalities and Drug-Induced,hsa-miR-4444,-0.019619755446910858
Tooth and Impacted,hsa-miR-329-3p,-0.019630618393421173
Gonadotoxicity,hsa-mir-802,-0.01972568780183792
Granulomatous Disease and Chronic,hsa-miR-1251,-0.01973065733909607
Multiple Mitochondrial Dysfunctions Syndrome,hsa-miR-3677,-0.019828449934720993
Vaginosis and Bacterial,hsa-miR-1251,-0.019855137914419174
Respiratory Tract Neoplasms,hsa-miR-3942-5p,-0.01986011117696762
Asthma and Chronic,hsa-miR-1251,-0.019861973822116852
Pigmented Paravenous Chorioretinal Atrophy,hsa-miR-1225-3p,-0.019870780408382416
Hyphema,hsa-miR-329-3p,-0.019876958802342415
high grade glioma,hsa-miR-4444,-0.019893500953912735
Posterior Segment Ocular Diseases,hsa-miR-1251,-0.0199076309800148
Leishmaniasis and Diffuse Cutaneous,hsa-mir-802,-0.019944312050938606
Parvoviridae Infections,hsa-miR-30d-3p,-0.01996762678027153
Rheumatic Fever,hsa-mir-802,-0.01997053623199463
Intellectual Disability,hsa-mir-802,-0.01999768428504467
Diabetes Complications,hsa-mir-802,-0.02005871757864952
Chediak-Higashi Syndrome,hsa-miR-1251,-0.020123522728681564
Maxillofacial Abnormalities,hsa-miR-4444,-0.020154830068349838
Maxillary Fractures,hsa-miR-3124,-0.020205777138471603
Newcastle Disease,hsa-miR-4437,-0.020221401005983353
Periodontitis and Diabetic,hsa-miR-26a-1*,-0.02044050022959709
Reperfusion Injury and Testicular Ischemia,hsa-miR-26a-1*,-0.02053188718855381
Niemann-Pick Diseases,hsa-miR-1271-3p,-0.02059388905763626
Preterm Premature Rupture of the Membranes,mmu-miR-676-3p,-0.02062232792377472
Rhabdoid Tumor and Kidney,hsa-miR-210-3p,-0.020737599581480026
Inflammation and Chronic,hsa-miR-210-3p,-0.020742613822221756
Deglutition Disorders,hsa-miR-26a-1*,-0.020756982266902924
Reperfusion Injury and Testicular Ischemia,hsa-miR-210-3p,-0.020766671746969223
Hereditary Autoinflammatory Diseases,hsa-miR-433,-0.020845569670200348
Tibial Neuropathy,hsa-miR-149*,-0.020871516317129135
Skeletal Muscle Dysplasia,hsa-miR-210-3p,-0.02101265639066696
Nephrotic Syndrome,hsa-miR-4444,-0.021050384268164635
Human T-Cell Leukemia Virus Type 1 Infections,hsa-miR-433,-0.021083535626530647
thyroid gland Hurthle cell carcinoma,hsa-miR-433,-0.02113790065050125
Graft Occlusion and Vascular,hsa-miR-4444,-0.021292628720402718
IMAGe syndrome,hsa-miR-30d-3p,-0.021309420466423035
Kidney Cortex Necrosis,hsa-miR-30d-3p,-0.02131195366382599
Hypocapnia,hsa-miR-30d-3p,-0.021335646510124207
Premature Birth,hsa-miR-4511,-0.021361973136663437
Tachycardia and Sinus,hsa-miR-30d-3p,-0.021367382258176804
Metabolic  Syndrome,hsa-mir-873,-0.02144431695342064
Hypocapnia,hsa-let-7a-3p,-0.021534647792577744
Airway Obstruction,hsa-miR-320,-0.02154705300927162
Neointima,hsa-let-7a-3p,-0.02155008167028427
Gastric Antral Vascular Ectasia,hsa-miR-3125,-0.021564338356256485
Fluoride Poisoning,hsa-let-7a-3p,-0.021593386307358742
D-bifunctional protein deficiency,hsa-miR-23a-5p,-0.021892916411161423
Tibial Neuropathy,hsa-miR-4328,-0.021979521960020065
Teratoma,hsa-mir-873,-0.021992754191160202
Neuralgia and Postherpetic,hsa-miR-329-3p,-0.022031143307685852
Trichosporonosis,hsa-miR-374a-3p,-0.022127149626612663
Heart Failure and Diastolic,hsa-miR-320c,-0.022234879434108734
Carcinoma and Adenoid Cystic and Lacrimal Gland,hsa-miR-329-3p,-0.022389816120266914
IMAGe syndrome,hsa-miR-329-3p,-0.022397587075829506
Inflammation and Chronic,hsa-miR-190,-0.022461680695414543
Humeral Fractures,hsa-miR-329-3p,-0.022475572302937508
Fluoride Poisoning,hsa-miR-329-3p,-0.022482670843601227
Reperfusion Injury and Testicular Ischemia,hsa-miR-190,-0.02248562127351761
Posterior Segment Ocular Diseases,hsa-miR-190,-0.022521957755088806
Angioedemas and Hereditary,hsa-miR-190,-0.022562269121408463
Inhalant Abuse,hsa-miR-4444,-0.022737842053174973
Still's Disease and Adult-Onset,hsa-miR-4444,-0.022766973823308945
Varicose Ulcer,hsa-miR-4444,-0.02287108823657036
Astrocytoma,hsa-miR-4444,-0.022929107770323753
Dilated Cardiomyopathy ,hsa-miR-138-1*,-0.022956544533371925
Newcastle Disease,hsa-miR-4482,-0.022971123456954956
hearing loss,hsa-miR-4443,-0.022973472252488136
Diarrhea,hsa-miR-4443,-0.023088596761226654
Optic Neuritis,hsa-miR-4444,-0.02313270978629589
Tendon Injuries,hsa-miR-4444,-0.0232327189296484
Fatty Liver and Alcoholic,hsa-miR-4444,-0.023280635476112366
Inflammation-Related  Depression,hsa-miR--196a-2,-0.023300811648368835
Airway Obstruction,hsa-miR-338-5p,-0.023346180096268654
Gastric Antral Vascular Ectasia,hsa-let-7a*,-0.02341676503419876
Arterial Occlusive Diseases,hsa-miR-151-3p,-0.023422351107001305
Pathologic Processes,hsa-mir-8074,-0.023430874571204185
Hyphema,hsa-miR--196a-2,-0.02348126657307148
Neuroinflammatory Diseases,hsa-miR-4444,-0.02353268675506115
Amyloidosis and Hereditary and Transthyretin-Related,hsa-miR-4443,-0.023534176871180534
hearing loss,mmu-miR-743a,-0.023671936243772507
Gaucher Disease,mmu-miR-743a,-0.023694774135947227
Implantation Failure,mmu-miR-743a,-0.0237764623016119
Liposarcoma,mmu-miR-743a,-0.023776721209287643
Dilated Cardiomyopathy ,hsa-miR-365b-5p,-0.023809043690562248
Ossification of the posterior longitudinal ligament of the spine,mmu-miR-743a,-0.023809652775526047
Aging and Premature,mmu-miR-743a,-0.02386382780969143
Encephalitis and Viral,mmu-miR-743a,-0.02386602573096752
Jequier Kozlowski skeletal dysplasia,hsa-miR-4443,-0.02388330176472664
Acute Uterine Injury,hsa-miR-4444,-0.02390274405479431
Dilated Cardiomyopathy ,hsa-miR-3125,-0.023914070799946785
Anhedonia,mmu-miR-743a,-0.023937685415148735
Ehlers-Danlos Syndrome and musculocontractural type 1,hsa-miR-4444,-0.023946164175868034
Ganglion Cysts,hsa-miR-4443,-0.023964790627360344
Lentivirus Infections,hsa-let-7i-3p,-0.02404673583805561
Labyrinth Diseases,mmu-miR-743a,-0.024130074307322502
Rh Deficiency Syndrome,hsa-miR-4443,-0.024157298728823662
Systemic Inflammatory Response Syndrome,mmu-miR-743a,-0.024165334179997444
Penile Neoplasms,hsa-miR-4443,-0.024168863892555237
Thyroiditis,hsa-miR-4444,-0.02419404126703739
Anemia and Aplastic,hsa-miR-4444,-0.02419484406709671
Sialic Acid Storage Disease,hsa-miR-4443,-0.024212121963500977
Chondrosarcoma,hsa-miR-4444,-0.024213440716266632
Amyloidosis and Hereditary and Transthyretin-Related,mmu-miR-743a,-0.024232519790530205
hypomelanosis of Ito,hsa-miR-4444,-0.024244477972388268
Common Variable Immunodeficiency 2@En,mmu-miR-743a,-0.024261629208922386
Agammaglobulinemia,hsa-miR-4444,-0.024301372468471527
Anorexia Nervosa,hsa-miR-4444,-0.02436019480228424
Infectious pancreatic necrosis virus,hsa-miR-4443,-0.02438672073185444
Lymphoma and T-Cell and Peripheral,hsa-miR-4443,-0.02439875341951847
Autolysis,hsa-miR-4443,-0.024417618289589882
Knee Injuries,hsa-miR-4443,-0.024483976885676384
Mixed Connective Tissue Disease,hsa-miR-4444,-0.024487562477588654
Nevi and Melanomas,hsa-miR-197,-0.024507978931069374
Mood Disorders,hsa-miR-4444,-0.02452489547431469
Neuromuscular Junction Diseases,hsa-miR-4444,-0.02458631806075573
Central Nervous System Diseases,hsa-miR-4443,-0.02458714321255684
Constriction and Pathologic,hsa-miR-4444,-0.024589039385318756
Craniosynostoses,hsa-miR-4444,-0.0246203001588583
Chromosome Aberrations,hsa-miR-4444,-0.024637369439005852
Encephalocraniocutaneous lipomatosis,hsa-miR-4444,-0.024637598544359207
Choledocholithiasis,hsa-miR-4444,-0.02464083395898342
Heart   Transplant Rejection,mmu-miR-743a,-0.024652477353811264
Chronic  Kidney Disease,hsa-miR-4444,-0.024652700871229172
Charcot-Marie-Tooth disease type 1B,hsa-miR-4444,-0.024665404111146927
Wilms Tumor,hsa-miR-4444,-0.024665923789143562
Myocardial Fibrosis,mmu-miR-743a,-0.024668006226420403
Chondrocyte Hypertrophy,hsa-miR-4444,-0.024669449776411057
Scleroderma and Diffuse,hsa-miR-4444,-0.02467496134340763
Primary Myelofibrosis,hsa-miR-4444,-0.024677598848938942
Epilepsy and Generalized,hsa-miR-4444,-0.024681158363819122
Hemorrhagic Fever With Renal Syndrome,hsa-miR-4444,-0.024683218449354172
Myocardial Ischemia,hsa-miR-4444,-0.024686316028237343
Temporomandibular Joint Disorders,hsa-miR-4444,-0.02469746023416519
Spinal Curvatures,hsa-miR-4444,-0.02469766139984131
Developmental Dysplasia of the Hip,hsa-miR-4444,-0.024702131748199463
Respiration Disorders,hsa-miR-4444,-0.024705514311790466
Edwardsiella tarda,hsa-miR-4444,-0.024732092395424843
Respiratory Sounds,hsa-miR-3193,-0.024735070765018463
Diffuse Alveolar Hemorrhage and Autoimmune-Mediated,hsa-miR-4443,-0.024740545079112053
Lung Abscess,hsa-miR-4444,-0.024741945788264275
Congenital amegakaryocytic thrombocytopenia,hsa-miR-4255,-0.024756230413913727
Wound Infection,hsa-miR-1274a_v16.0,-0.0247631948441267
Chlamydia Infections,hsa-miR-4444,-0.024830719456076622
Gastrointestinal Stromal Tumors,hsa-miR-4443,-0.024872610345482826
Skin Ulcer,hsa-miR-23a-5p,-0.02490091137588024
Embolic Stroke,hsa-miR-4443,-0.02490519918501377
Costello Syndrome,hsa-miR-4443,-0.024907929822802544
Cystadenocarcinoma and Serous and Ovarian,hsa-miR-4443,-0.024921627715229988
Fusariosis,mmu-miR-743a,-0.024978574365377426
isolated cleft palate,mmu-miR-743a,-0.025063883513212204
Infectious pancreatic necrosis virus,mmu-miR-743a,-0.02508518472313881
Fluoride Poisoning,hsa-miR-1225-3p,-0.025102123618125916
Vitreoretinochoroidopathy,hsa-miR-329-3p,-0.02512597106397152
Periodontitis and Diabetic,hsa-let-7a_c,-0.025129564106464386
Equine Infectious Anemia,hsa-let-7a_c,-0.025175198912620544
Swine Diseases,hsa-let-7a_c,-0.02518089860677719
Tibial Neuropathy,hsa-let-7a_c,-0.025187714025378227
Reperfusion Injury and Testicular Ischemia,hsa-let-7a_c,-0.025221118703484535
Hyperleptinemia,hsa-miR-3190-5p,-0.025301091372966766
Fatigue,hsa-miR-4443,-0.025339964777231216
Mandibular Diseases,mmu-miR-743a,-0.025439081713557243
Reperfusion Injury and Testicular Ischemia,hsa-miR-130b-1,-0.025479940697550774
Premenstrual Syndrome,hsa-miR-4444,-0.02553480677306652
Brugada Syndrome,hsa-miR-423-5p_1,-0.025551259517669678
Hypoadrenocorticism and Familial,hsa-miR-4456,-0.02555546537041664
Cardiomyopathy and Alcoholic,hsa-miR-4456,-0.02560763992369175
Ossification of the posterior longitudinal ligament of the spine,hsa-miR-4456,-0.025711767375469208
Dilated Cardiomyopathy ,hsa-let-7a*,-0.02576649747788906
Scleral Diseases,hsa-miR-320e-1095,-0.025770215317606926
Hyperglycinemia and Nonketotic,hsa-miR-4443,-0.02581670880317688
Guillain-Barre Syndrome,hsa-miR-4443,-0.025828396901488304
Heart Failure and Acute,mmu-miR-743a,-0.0258596520870924
colorectal adenocarcinoma,hsa-miR-4456,-0.025904225185513496
Fibrosis and Pancreas,hsa-mir-8074,-0.025993069633841515
Fluoride Poisoning,hsa-miR-125b-2-3p,-0.02603107877075672
Oculodentodigital Dysplasia,hsa-miR--196a-2,-0.02603779546916485
Neointima,hsa-miR--196a-2,-0.02604367397725582
Motion Sickness,hsa-miR-4428,-0.026149988174438477
Reperfusion Injury and Testicular Ischemia,hsa-miR-196b-5p,-0.026186298578977585
Neuropathic Low Back Pain,hsa-miR-4255,-0.02631053701043129
Pulmonary Hypertension and Thromboembolic and Chronic,hsa-mir-7844,-0.026319555938243866
Heart Diseases,hsa-miR-450a-5p,-0.026452062651515007
Campomelia Cumming type,mmu-miR-743a,-0.026522010564804077
Postoperative Cognitive Complications,mmu-miR-743a,-0.026647791266441345
Inflammation and Chronic,hsa-miR-128b,-0.026655491441488266
Gastric Antral Vascular Ectasia,hsa-miR-374c-5p,-0.026670517399907112
Neurobehavioral Manifestations,hsa-miR-4443,-0.026700874790549278
Reperfusion Injury and Testicular Ischemia,hsa-miR-123,-0.02672879584133625
Hyalinosis and Systemic,hsa-miR-4443,-0.026755450293421745
Dilated Cardiomyopathy ,hsa-miR-4271,-0.02677832543849945
Gastric Cancer and Early,hsa-miR-4456,-0.026783540844917297
Phyllodes Tumor,hsa-miR-4443,-0.026790346950292587
Periodontitis and Diabetic,hsa-miR-2681-5p,-0.026844099164009094
Mycobacterium Infections,hsa-miR-450a-5p,-0.026859480887651443
Stomatitis and Aphthous,hsa-miR-20b*,-0.026905518025159836
Inflammation and Chronic,hsa-miR-2681-5p,-0.026911238208413124
Intrahepatic Cholestasis of Pregnancy,hsa-miR-4456,-0.027004320174455643
Fluoride Poisoning,hsa-miR-138-1*,-0.027018021792173386
Anemia and Iron-Deficiency,hsa-miR-1975,-0.02703043445944786
hsv1-miR-H7,hsa-miR-4511,-0.027079833671450615
Ciliary Motility Disorders,hsa-miR-4443,-0.027099907398223877
Jequier Kozlowski skeletal dysplasia,hsa-miR-450a-5p,-0.027111012488603592
high grade glioma,mmu-miR-743a,-0.02717224322259426
Myocardial Fibrosis,hsa-miR-450a-5p,-0.027197374030947685
Placenta Accreta,hsa-miR-450a-5p,-0.027228493243455887
Radiation-Induced Oral Mucositis,hsa-miR-24-1,-0.027412081137299538
Pyelonephritis,mmu-miR-743a,-0.027430754154920578
Phyllodes Tumor,mmu-miR-743a,-0.027488570660352707
familial chylomicronemia syndrome,hsa-miR-450a-5p,-0.027497923001646996
Embolic Stroke,hsa-miR-4456,-0.027505775913596153
Costello Syndrome,hsa-miR-4456,-0.027508387342095375
Pregnancy Complications and Infectious,hsa-miR-4316,-0.027545129880309105
Thyroid cancer and medullary,hsa-miR-450a-5p,-0.02755478210747242
cough variant asthma,hsa-miR-4443,-0.027560364454984665
Death and Sudden,hsa-miR-4459,-0.02756509743630886
Gaucher Disease,hsa-miR-4459,-0.027594810351729393
Neoplasms and Mesothelial,hsa-miR-3682-3p,-0.02759874425828457
Substance-Related Disorders,hsa-miR-4459,-0.027631111443042755
Intrahepatic Cholestasis of Pregnancy,hsa-miR-450a-5p,-0.027631454169750214
Implantation Failure,hsa-miR-4459,-0.027676260098814964
Hereditary Autoinflammatory Diseases,hsa-miR-3682-3p,-0.027691051363945007
Visceral Pain,hsa-miR-3682-3p,-0.02769649215042591
Arene Oxide Detoxification Defect,hsa-miR-3682-3p,-0.027703139930963516
Asthma and Chronic,hsa-miR-3682-3p,-0.02772405371069908
Ventricular Dysfunction and Right,hsa-miR-4459,-0.027731677517294884
Neutropenia,hsa-miR-3682-3p,-0.027736473828554153
Tricuspid Valve Insufficiency,hsa-miR-3682-3p,-0.02774723619222641
Pyoderma Gangrenosum,hsa-miR-181b,-0.0277546439319849
Aging and Premature,hsa-miR-4459,-0.027763744816184044
Encephalitis and Viral,hsa-miR-4459,-0.027765944600105286
Posterior Segment Ocular Diseases,hsa-miR-3682-3p,-0.02776971086859703
Heart Diseases,hsa-miR-4459,-0.02782261371612549
Anhedonia,hsa-miR-4459,-0.02783760242164135
lacrimal gland adenoid cystic carcinoma,hsa-miR-17-3p,-0.027841966599225998
Adenoviridae Infections,hsa-miR-4459,-0.027859343215823174
Graft Occlusion and Vascular,hsa-miR-4443,-0.027872787788510323
colorectal adenocarcinoma,hsa-miR-4459,-0.0279020294547081
Tuberous Sclerosis,hsa-miR-4456,-0.02793273515999317
Frailty,hsa-miR-4459,-0.02794940583407879
Mandibular Diseases,hsa-miR-450a-5p,-0.027968328446149826
Erythema,hsa-miR-4459,-0.027974018827080727
Intra-Articular Fractures,hsa-miR-20b*,-0.027976904064416885
Reperfusion Injury and Renal Ischemia,hsa-miR-4459,-0.027985813096165657
Scleral Diseases,hsa-miR-3682-3p,-0.02799956128001213
Hyperoxia,hsa-miR-4456,-0.028073493391275406
Cholesteatoma and Middle Ear,hsa-mir-8074,-0.028084930032491684
peripartum cardiomyopathy,mmu-miR-697,-0.02813342772424221
Costello Syndrome,hsa-miR-450a-5p,-0.028135640546679497
Hemorrhage,hsa-mir-8074,-0.028213148936629295
Dementia and Vascular,hsa-miR-4456,-0.028226753696799278
Intra-Articular Fractures,hsa-miR-1224-5p,-0.02834416553378105
Fractures and Bone,hsa-miR-4456,-0.028359292075037956
Polycystic Kidney Diseases,hsa-miR-450a-5p,-0.028408287093043327
Cardiomyopathy and Dilated,hsa-miR-4459,-0.028416546061635017
Intra-Articular Fractures,hsa-miR-181b-3p,-0.028425833210349083
childhood acute myeloid leukemia,hsa-miR-4459,-0.028441620990633965
Neoplasms and Mesothelial,hsa-miR-15a-5p,-0.0284758061170578
Anemia and Iron-Deficiency,hsa-miR-199a*-2,-0.028535012155771255
Heart   Transplant Rejection,hsa-miR-4459,-0.028552275151014328
Plaque and Amyloid,hsa-miR-15a-5p,-0.028578970581293106
Acute Disease,mmu-miR-743a,-0.028626253828406334
Spinal Cord Compression,hsa-miR-155-5p,-0.02863541804254055
Neointima,hsa-miR-320c,-0.02863571234047413
Posterior Segment Ocular Diseases,hsa-miR-15a-5p,-0.02864653430879116
Diminished  Ovarian Reserve,hsa-miR-15a-5p,-0.02866882085800171
Periodontitis and Diabetic,hsa-miR-1251-5p,-0.028742767870426178
Iridocorneal Endothelial Syndrome,hsa-miR-20b*,-0.028752485290169716
Spinal Cord Compression,hsa-miR-15a-5p,-0.02875646948814392
Hypothermia,hsa-miR-4456,-0.02880052849650383
Inflammation and Chronic,hsa-miR-1251-5p,-0.02880990505218506
Dilated Cardiomyopathy ,hsa-miR-4255,-0.028811555355787277
Heart Failure and Diastolic,hsa-miR-3928-3p,-0.02882702276110649
Tendinopathy,hsa-mir-8074,-0.028864651918411255
Noma,hsa-miR-4444,-0.02887778729200363
Stomatitis and Aphthous,hsa-miR-3202,-0.028938747942447662
congenital nongoitrous hypothyroidism 4,hsa-miR-450a-5p,-0.028996208682656288
Autolysis,hsa-miR-4459,-0.029015760868787766
Chediak-Higashi Syndrome,hsa-miR-3154,-0.029032008722424507
Hyperglycinemia and Nonketotic,hsa-miR-450a-5p,-0.029044421389698982
high grade glioma,hsa-miR-4456,-0.029074236750602722
Knee Injuries,hsa-miR-4459,-0.02908235788345337
Blind Loop Syndrome,hsa-miR-19a-5p,-0.029089108109474182
Anemia and sideroblastic spinocerebellar ataxia,mmu-miR-743a,-0.0290962103754282
Angina Pectoris and Variant,hsa-miR-4456,-0.029118452221155167
Hyperparathyroidism 2,hsa-miR-4459,-0.029124926775693893
Dilated Cardiomyopathy ,hsa-miR-23c,-0.029143914580345154
Radiation-Induced Oral Mucositis,hsa-miR-216,-0.02914729341864586
Encephalitis and Viral,hsa-mir-8080,-0.029196448624134064
alpha-Thalassemia,hsa-miR-19a-5p,-0.02920345403254032
Hearing Loss and Sensorineural,hsa-mir-8080,-0.02928842604160309
Marek Disease,hsa-miR-450a-5p,-0.029305877164006233
Hypoglycemia,hsa-miR-3202,-0.029327241703867912
Maxillofacial Abnormalities,hsa-miR-4456,-0.029335327446460724
Uterine Neoplasms,hsa-mir-8074,-0.029336273670196533
Mastocytoma and Skin,hsa-let-7a*,-0.029342498630285263
Hyalinosis and Systemic,hsa-miR-4456,-0.029355907812714577
Rheumatic Heart Disease,hsa-miR-4443,-0.029370034113526344
Phyllodes Tumor,hsa-miR-4456,-0.029390685260295868
Non-ST Elevated Myocardial Infarction,hsa-miR-4443,-0.02943546697497368
Humeral Fractures,hsa-miR-23a-5p,-0.029444396495819092
Deficiency Diseases,hsa-miR-4443,-0.029479293152689934
Costello Syndrome,hsa-miR-4459,-0.029506191611289978
Angioedemas and Hereditary,hsa-miR-379*,-0.029618853703141212
Mycobacterium Infections,hsa-mir-8080,-0.029660537838935852
Encephalopathy and Bovine Spongiform,hsa-mir-8080,-0.02966115064918995
idiopathic scoliosis,hsa-miR-4443,-0.029661355540156364
Sialorrhea,hsa-miR-379*,-0.02966739796102047
Ciliary Motility Disorders,hsa-miR-4456,-0.029700245708227158
Encephalocele,hsa-miR-4459,-0.029701977968215942
Optic Neuritis,hsa-miR-4443,-0.029712988063693047
Ovarian Failure and Premature ,hsa-miR-4443,-0.029723230749368668
hearing loss,mmu-miR-708,-0.029799720272421837
Fluoride Poisoning,hsa-let-7a*,-0.02982785366475582
Fatty Liver and Alcoholic,hsa-miR-4443,-0.02986079454421997
pancreatic adenocarcinoma,hsa-mir-8074,-0.029884925112128258
Shock and Cardiogenic,hsa-miR-4443,-0.029898907989263535
Implantation Failure,mmu-miR-708,-0.029904484748840332
Liposarcoma,mmu-miR-708,-0.029904743656516075
Synovitis,hsa-miR-4443,-0.029910961166024208
Diarrhea,mmu-miR-708,-0.029914963990449905
Tuberous Sclerosis,hsa-miR-4459,-0.029930537566542625
Pyelonephritis,hsa-miR-450a-5p,-0.02996012009680271
Cerebral Hemorrhage and Traumatic,hsa-miR-4443,-0.02997317910194397
Heart   Transplant Rejection,hsa-mir-8080,-0.029982661828398705
Phyllodes Tumor,hsa-miR-450a-5p,-0.03001793846487999
Bursitis,mmu-miR-743a,-0.030042344704270363
Heart Diseases,mmu-miR-708,-0.030050719156861305
aortic atherosclerosis,mmu-miR-743a,-0.030062299221754074
Non-ST Elevated Myocardial Infarction,mmu-miR-743a,-0.03013393096625805
Hemophilia A,hsa-miR-4459,-0.03013737127184868
Frailty,mmu-miR-708,-0.030177272856235504
Penile Neoplasms,hsa-mir-8080,-0.030197512358427048
Erythema,mmu-miR-708,-0.030202124267816544
Gastric Cancer and Early,hsa-mir-8080,-0.030211612582206726
Gastric Antral Vascular Ectasia,hsa-miR-3591-5p,-0.030291257426142693
Systemic Inflammatory Response Syndrome,mmu-miR-708,-0.030293237417936325
Canavan Disease,hsa-miR-2681,-0.030343828722834587
Cardiomyopathy and Alcoholic,mmu-miR-700-5p,-0.030354009941220284
congenital nongoitrous hypothyroidism 4,hsa-miR-4459,-0.03036687895655632
Severe Fever with Thrombocytopenia Syndrome,hsa-miR-4459,-0.030368734151124954
Common Variable Immunodeficiency 2@En,mmu-miR-708,-0.030389532446861267
Hyperglycinemia and Nonketotic,hsa-miR-4459,-0.030415089800953865
Campomelia Cumming type,hsa-miR-4459,-0.030422046780586243
Implantation Failure,mmu-miR-700-5p,-0.030424708500504494
Guillain-Barre Syndrome,hsa-miR-4459,-0.03042665868997574
Diarrhea,mmu-miR-700-5p,-0.03043542429804802
Autolysis,hsa-mir-8080,-0.030446147546172142
Mycobacterium Infections,mmu-miR-708,-0.03045813739299774
Aging and Premature,mmu-miR-700-5p,-0.030512191355228424
Fatty Liver and Alcoholic,mmu-miR-743a,-0.03055925853550434
Heart Diseases,mmu-miR-700-5p,-0.03057117946445942
Premature Birth,hsa-mir-8074,-0.03063345141708851
Brugada Syndrome,hsa-miR-2681,-0.030633673071861267
Jequier Kozlowski skeletal dysplasia,mmu-miR-708,-0.03070966899394989
Diffuse Alveolar Hemorrhage and Autoimmune-Mediated,hsa-mir-8080,-0.030769312754273415
Hypocapnia,hsa-miR-4271,-0.030780822038650513
Myocardial Fibrosis,mmu-miR-708,-0.030796028673648834
Hypothermia,hsa-miR-4459,-0.030798213556408882
Abnormalities and Drug-Induced,hsa-miR-4459,-0.030798297375440598
Branchio-Oto-Renal Syndrome,hsa-miR-4443,-0.030803462490439415
Neuroinflammatory Diseases,mmu-miR-743a,-0.030811190605163574
Multiple System Atrophy,hsa-mir-8080,-0.030812203884124756
Lipid Metabolism Disorders,hsa-miR-4459,-0.030820557847619057
hypomelanosis of Ito,hsa-miR-4443,-0.030824756249785423
Placenta Accreta,mmu-miR-708,-0.030827267095446587
Lymphangioleiomyomatosis,hsa-miR-4459,-0.030827336013317108
Fluoride Poisoning,hsa-miR-4271,-0.03083968162536621
Transposition of Great Vessels,hsa-miR-4443,-0.03084767796099186
Amyloidosis and Hereditary and Transthyretin-Related,mmu-miR-700-5p,-0.030880765989422798
Agammaglobulinemia,hsa-miR-4443,-0.030881650745868683
Ataxia Telangiectasia,hsa-miR-4443,-0.030897239223122597
Gastrointestinal Stromal Tumors,hsa-mir-8080,-0.030901139602065086
Costello Syndrome,hsa-mir-8080,-0.030936697497963905
overactive bladder syndrome,hsa-miR-4459,-0.030939918011426926
Carcinoma and Mucoepidermoid,hsa-miR-329-5p,-0.030948150902986526
Gonadotoxicity,hsa-miR-4443,-0.030969547107815742
Renal Artery Obstruction,hsa-miR-1234-3p,-0.030969858169555664
Hypoglycemia,hsa-miR-1236-5p,-0.030971329659223557
Germ Cell Tumor and Non-Teratomatous,mmu-miR-708,-0.03097655437886715
Penile Neoplasms,mmu-miR-708,-0.030995111912488937
Osteolysis and Essential,mmu-miR-708,-0.03101637028157711
Myeloma Bone Disease,hsa-miR-1234-3p,-0.031019749119877815
Wound Infection,hsa-miR-1234-3p,-0.03104044683277607
Fabry   Nephropathy,hsa-miR-1234-3p,-0.03105267882347107
Wound Infection,hsa-miR-18a-5p,-0.031058117747306824
Graft Occlusion and Vascular,hsa-miR-450a-5p,-0.031100379303097725
Encephalocele,hsa-mir-8080,-0.031132245436310768
Parvoviridae Infections,hsa-miR-1277,-0.031141124665737152
Diabetes Mellitus and Experimental,hsa-mir-8074,-0.031150247901678085
Neointimal Hyperplasia,hsa-miR-4443,-0.031157534569501877
Chemical and Drug Induced Liver Injury and Chronic,mmu-miR-708,-0.031161563470959663
Gout,hsa-miR-4443,-0.031166348606348038
Neuromuscular Junction Diseases,hsa-miR-4443,-0.031166596338152885
Splenic Neoplasms,hsa-miR-1234-3p,-0.03117992915213108
Aspermia,hsa-miR-4443,-0.03119141422212124
Corneal dystrophy and epithelial basement membrane,hsa-miR-4443,-0.031208563596010208
Chromosome Aberrations,hsa-miR-4443,-0.031217647716403008
Choledocholithiasis,hsa-miR-4443,-0.031221231445670128
Digestive System Neoplasms,hsa-miR-4443,-0.031234953552484512
Repolarization Abnormality,hsa-miR-4443,-0.03123811073601246
Lipoma,hsa-miR-4443,-0.03124086745083332
Autolysis,mmu-miR-708,-0.031243866309523582
Humeral Fractures,hsa-miR-3064-5p,-0.03126484155654907
Prostatic Diseases,hsa-miR-4443,-0.03126515448093414
Osteitis,hsa-miR-4443,-0.03126797825098038
Fused Teeth,hsa-miR-4443,-0.03127112612128258
Alcohol Withdrawal Syndrome,hsa-miR-4443,-0.03127307444810867
Camptocormia,hsa-miR-4443,-0.031277380883693695
Epidural   Fibrosis,hsa-miR-4443,-0.03127850592136383
Chilblain lupus,hsa-miR-4443,-0.03128400444984436
Grave Disease,hsa-miR-4443,-0.031284183263778687
Respiration Disorders,hsa-miR-4443,-0.03128591179847717
Osteochondrodysplasias,hsa-miR-4443,-0.03129094839096069
Fibromyalgia,hsa-miR-4443,-0.03129149228334427
Cerebral Palsy,hsa-miR-4443,-0.0312918946146965
Disseminated Intravascular Coagulation,hsa-miR-4443,-0.03129586949944496
Diabetic Ischemia Complication,hsa-miR-4443,-0.03129658102989197
Diabetes Complications,hsa-miR-4443,-0.03130234032869339
Knee Injuries,mmu-miR-708,-0.031310223042964935
Ganglion Cysts,mmu-miR-700-5p,-0.03131149709224701
Edwardsiella tarda,hsa-miR-4443,-0.0313122496008873
Sepsis-Associated Encephalopathy,hsa-miR-4443,-0.03131836652755737
Hyperparathyroidism 2,mmu-miR-708,-0.03135303407907486
Hyalinosis and Systemic,hsa-miR-4459,-0.03135383129119873
hereditary fructose intolerance syndrome,mmu-miR-743a,-0.03138776123523712
Neoplasms and Mesothelial,hsa-miR-1979,-0.031434543430805206
Multiple Mitochondrial Dysfunctions Syndrome,hsa-miR-3652,-0.03145075589418411
Thyroiditis,mmu-miR-743a,-0.03147266432642937
Iridocorneal Endothelial Syndrome,hsa-miR-218-1,-0.03149808198213577
Hyperoxia,hsa-mir-8080,-0.031501561403274536
Rh Deficiency Syndrome,mmu-miR-700-5p,-0.03150412440299988
Osteolysis and Essential,mmu-miR-700-5p,-0.03153671324253082
Mandibular Diseases,mmu-miR-708,-0.031566984951496124
Reperfusion Injury and Testicular Ischemia,hsa-miR-1979,-0.0315694622695446
Tricuspid Valve Insufficiency,hsa-miR-3652,-0.03158985823392868
Posterior Segment Ocular Diseases,hsa-miR-1979,-0.03160567954182625
Primary Gastrointestinal Diffuse Large B-Cell Lymphoma ,hsa-miR-1979,-0.03161594644188881
Fusariosis,mmu-miR-700-5p,-0.03162693977355957
Chemical and Drug Induced Liver Injury and Chronic,mmu-miR-700-5p,-0.03168202564120293
isolated cleft palate,mmu-miR-700-5p,-0.0317123681306839
Asthma ,hsa-miR-4459,-0.031714290380477905
Hoyeraal Hreidarsson syndrome,hsa-miR-135b*,-0.031722091138362885
Nevi and Melanomas,hsa-miR-135b*,-0.031723011285066605
Infectious pancreatic necrosis virus,mmu-miR-700-5p,-0.03173355013132095
Costello Syndrome,mmu-miR-708,-0.0317344143986702
Pigmented Paravenous Chorioretinal Atrophy,hsa-miR-19a-5p,-0.031755559146404266
Severe Fever with Thrombocytopenia Syndrome,hsa-mir-8080,-0.03179923817515373
Sucrase-isomaltase deficiency and congenital,mmu-miR-743a,-0.0318143405020237
Neointimal Hyperplasia,mmu-miR-743a,-0.031855881214141846
Gout,mmu-miR-743a,-0.03186469525098801
Hyperparathyroidism 2,mmu-miR-700-5p,-0.031873494386672974
Craniosynostoses,mmu-miR-743a,-0.031898923218250275
Brain Diseases,mmu-miR-743a,-0.031925588846206665
Chronic  Kidney Disease,mmu-miR-743a,-0.031931322067976
Central Nervous System Diseases,mmu-miR-700-5p,-0.031933851540088654
Pancreatic Intraductal Neoplasms,mmu-miR-743a,-0.031934671103954315
Renal Interstitial Fibrosis,mmu-miR-743a,-0.031936053186655045
Hepatitis and Alcoholic,mmu-miR-743a,-0.03194071352481842
Charcot-Marie-Tooth disease type 1B,mmu-miR-743a,-0.031944144517183304
Otitis Media,mmu-miR-743a,-0.03194727748632431
Lymphoma and Follicular,hsa-miR-4459,-0.031950443983078
Scleroderma and Diffuse,mmu-miR-743a,-0.031953465193510056
Primary Myelofibrosis,mmu-miR-743a,-0.03195633739233017
hypotrichosis 8,mmu-miR-743a,-0.03195823356509209
Plant Poisoning,mmu-miR-743a,-0.03196362406015396
Mesothelioma,mmu-miR-743a,-0.031969811767339706
Diabetic Angiopathies,mmu-miR-743a,-0.03196991980075836
Rheumatic Heart Disease,hsa-miR-4456,-0.031970493495464325
Epidural   Fibrosis,mmu-miR-743a,-0.03197672963142395
Hyperuricemic Nephropathy,mmu-miR-743a,-0.031980883330106735
Hirschsprung-Associated Enterocolitis,mmu-miR-743a,-0.03198223561048508
Fibromyalgia,mmu-miR-743a,-0.03198983520269394
Bronchiolitis Obliterans Syndrome,mmu-miR-743a,-0.03199657052755356
Congenital Abnormalities,mmu-miR-743a,-0.03200509399175644
Plasmablastic Lymphoma,mmu-miR-743a,-0.03201223909854889
Elephantiasis,hsa-miR-450a-5p,-0.032081469893455505
Diffuse Alveolar Hemorrhage and Autoimmune-Mediated,mmu-miR-700-5p,-0.03208737447857857
Precursor B-Cell Lymphoblastic Leukemia-Lymphoma,hsa-mir-7844,-0.03210011497139931
Severe Dengue,hsa-miR-4443,-0.03210599720478058
Adenocarcinoma Of Esophagus,hsa-miR-128-1-5p,-0.032111503183841705
Fatigue,mmu-miR-708,-0.03216621279716492
Pulmonary Hypertension and Thromboembolic and Chronic,hsa-mir-8074,-0.0321807786822319
Gastrointestinal Stromal Tumors,mmu-miR-700-5p,-0.03221943974494934
Dilated Cardiomyopathy ,hsa-miR-329-5p,-0.032245755195617676
Costello Syndrome,mmu-miR-700-5p,-0.03225475549697876
Trypanosomiasis and African,mmu-miR-708,-0.03229452669620514
Kidney Tubular Necrosis and Acute,hsa-miR-1225-3p,-0.032358840107917786
Hemophilia A,mmu-miR-708,-0.03236524015665054
Dysentery and Bacillary,rno-miR-340-5p,-0.03238065540790558
Fatty Liver and Alcoholic,hsa-miR-4456,-0.0324612520635128
Aortopathies,hsa-miR-4459,-0.03253845125436783
Substance Withdrawal Syndrome,hsa-miR-450a-5p,-0.03253920376300812
Cerebral Hemorrhage and Traumatic,hsa-miR-4456,-0.03257351741194725
hearing loss,hsa-miR-4437,-0.03259676694869995
Severe Fever with Thrombocytopenia Syndrome,mmu-miR-708,-0.03259684145450592
Gaucher Disease,hsa-miR-4437,-0.03261972963809967
Dilated Cardiomyopathy ,hsa-miR-3591-5p,-0.03264110907912254
Fatigue,mmu-miR-700-5p,-0.03268667310476303
Diarrhea,hsa-miR-4437,-0.03271201252937317
Ossification of the posterior longitudinal ligament of the spine,hsa-miR-4437,-0.03273472562432289
Opium Dependence,mmu-miR-708,-0.03274037688970566
Ventricular Dysfunction and Right,hsa-miR-4437,-0.03275671228766441
Postoperative Cognitive Complications,mmu-miR-708,-0.032775696367025375
Periprosthetic Fractures,hsa-mir-8080,-0.03279069811105728
Hypocapnia,hsa-miR-4255,-0.03281405195593834
Phyllodes Tumor,hsa-mir-8080,-0.03281887620687485
Humeral Fractures,hsa-miR-4255,-0.03286581486463547
Tauopathies,hsa-miR-192-2,-0.032880641520023346
Hearing Loss and Sensorineural,hsa-miR-4437,-0.03288307785987854
Renal Artery Obstruction,hsa-miR-219b-5p,-0.03288896381855011
Optic Neuritis,hsa-miR-450a-5p,-0.0329405814409256
Dilated Cardiomyopathy ,hsa-miR-378d,-0.03298124298453331
Reperfusion Injury and Testicular Ischemia,hsa-miR-219b-5p,-0.03298176825046539
Posterior Segment Ocular Diseases,hsa-miR-219b-5p,-0.03301798924803734
Hypothermia,mmu-miR-708,-0.03302619978785515
Primary Gastrointestinal Diffuse Large B-Cell Lymphoma ,hsa-miR-219b-5p,-0.03302813693881035
Lipid Metabolism Disorders,mmu-miR-708,-0.03304842486977577
Respiratory Sounds,hsa-miR-20b*,-0.033050525933504105
Angioedemas and Hereditary,hsa-miR-219b-5p,-0.033058300614356995
Stomatitis and Aphthous,hsa-miR-1244,-0.033065639436244965
Fractures and Bone,mmu-miR-700-5p,-0.03310530632734299
congenital nongoitrous hypothyroidism 4,mmu-miR-700-5p,-0.03311532735824585
Ehlers-Danlos Syndrome and musculocontractural type 1,hsa-miR-4456,-0.03312689810991287
Motor Disorders,hsa-miR-218-1,-0.033133670687675476
Amyloidosis and Hereditary and Transthyretin-Related,hsa-miR-4437,-0.0331573560833931
Reperfusion Injury and Testicular Ischemia,hsa-miR-224,-0.03320978209376335
Posterior Segment Ocular Diseases,hsa-miR-224,-0.033245999366045
Scleral Diseases,hsa-miR-219b-5p,-0.03324772045016289
Primary Gastrointestinal Diffuse Large B-Cell Lymphoma ,hsa-miR-224,-0.03325615078210831
 Lymph  Node Metastasis,hsa-miR-2392,-0.0332794263958931
Mastitis and Bovine,hsa-mir-8080,-0.03333422541618347
UV-Sensitive Syndrome,hsa-miR-378a-5p,-0.03333844989538193
Neuroinflammatory Diseases,hsa-miR-450a-5p,-0.03334067761898041
Spinal Cord Compression,hsa-miR-224,-0.03335581719875336
Li-Fraumeni Syndrome,hsa-miR-4459,-0.03337994962930679
Tooth and Supernumerary,hsa-miR-4444,-0.033410027623176575
Plaque and Amyloid,hsa-miR-378a-5p,-0.03341710940003395
Ulcerative   Colitis,hsa-miR-4456,-0.03342556953430176
Neutropenia,hsa-miR-378a-5p,-0.033451147377491
Elephantiasis,hsa-miR-4459,-0.03345213830471039
Adrenocortical Adenoma,hsa-miR-224,-0.033453118056058884
Proteinuria,mmu-miR-700-5p,-0.03346549719572067
Susac Syndrome,hsa-miR-378a-5p,-0.033532436937093735
Anorexia Nervosa,hsa-miR-4456,-0.03354104980826378
Hypothermia,mmu-miR-700-5p,-0.03354677930474281
Pyelonephritis,mmu-miR-708,-0.03355854004621506
Splenic Neoplasms,hsa-miR-378a-5p,-0.033565837889909744
Heart   Transplant Rejection,hsa-miR-4437,-0.03357731178402901
Myocardial Fibrosis,hsa-miR-4437,-0.033592961728572845
Phobic Disorders,hsa-miR-4456,-0.03359714895486832
Placenta Accreta,hsa-miR-4437,-0.033624317497015
Histiocytosis,hsa-miR-450a-5p,-0.03364809975028038
Chediak-Higashi Syndrome,hsa-miR-378a-5p,-0.03370080143213272
Hyphema,hsa-miR-329-5p,-0.033701397478580475
Dilated Cardiomyopathy ,hsa-miR-34b-5p,-0.0337405800819397
Neointimal Hyperplasia,hsa-miR-4456,-0.03375811129808426
Dry Eye Syndromes,hsa-miR-4511,-0.03378356620669365
Dermatitis Herpetiformis,hsa-miR-4456,-0.03380268067121506
Osteolysis and Essential,hsa-miR-4437,-0.033813416957855225
Choledocholithiasis,hsa-miR-4456,-0.03382157161831856
Gastrointestinal Hemorrhage,hsa-miR-4456,-0.03382784128189087
Chondrocyte Hypertrophy,hsa-miR-4456,-0.03385006636381149
Panniculitis and Peritoneal,hsa-miR-4456,-0.033856961876153946
Plant Poisoning,hsa-miR-4456,-0.03386586159467697
Myocardial Ischemia,hsa-miR-4456,-0.03386705368757248
Alcohol Withdrawal Syndrome,hsa-miR-4456,-0.0338735356926918
Carcinoma and Squamous Cell and Skin,hsa-miR-4456,-0.03387673944234848
Camptocormia,hsa-miR-4456,-0.033877722918987274
Temporomandibular Joint Disorders,hsa-miR-4456,-0.03387807682156563
Hyperuricemic Nephropathy,hsa-miR-4456,-0.033882878720760345
Squamous Intraepithelial Lesions of the Cervix,hsa-miR-4456,-0.03388378024101257
Hirschsprung-Associated Enterocolitis,hsa-miR-4456,-0.03388422727584839
Grave Disease,hsa-miR-4456,-0.03388475999236107
Osteochondrodysplasias,hsa-miR-4456,-0.03389140963554382
Disseminated Intravascular Coagulation,hsa-miR-4456,-0.03389608860015869
Retinal Vein Occlusion,hsa-miR-4456,-0.033898256719112396
Dilated Cardiomyopathy ,hsa-miR-211-5p,-0.033901147544384
Fusariosis,hsa-miR-4437,-0.03390352800488472
Carcinoma,hsa-miR-4456,-0.03391960263252258
Asthma ,mmu-miR-708,-0.03394204005599022
Eye Diseases,hsa-miR-450a-5p,-0.03400066867470741
Infectious pancreatic necrosis virus,hsa-miR-4437,-0.03401001915335655
Neurobehavioral Manifestations,mmu-miR-700-5p,-0.03404746204614639
hypomelanosis of Ito,hsa-miR-450a-5p,-0.034052468836307526
Deficiency Diseases,hsa-miR-4459,-0.03407755494117737
Hyalinosis and Systemic,mmu-miR-700-5p,-0.03410227596759796
Periprosthetic Fractures,mmu-miR-700-5p,-0.034108757972717285
Phyllodes Tumor,mmu-miR-700-5p,-0.03413693606853485
Pathologic Processes,rno-miR-27a,-0.03420092165470123
Ovarian Failure and Premature ,hsa-miR-4459,-0.03432149440050125
Sucrase-isomaltase deficiency and congenital,hsa-miR-450a-5p,-0.03434370458126068
cough variant asthma,mmu-miR-708,-0.034386612474918365
Neuromuscular Junction Diseases,hsa-miR-450a-5p,-0.034394070506095886
Multiple System Atrophy,hsa-miR-4437,-0.03440685570240021
Asthenozoospermia,hsa-miR-450a-5p,-0.034450940787792206
Renal Interstitial Fibrosis,hsa-miR-450a-5p,-0.034465301781892776
Repolarization Abnormality,hsa-miR-450a-5p,-0.03446581959724426
Lipoma,hsa-miR-450a-5p,-0.034468576312065125
Otitis Media,hsa-miR-450a-5p,-0.03447664529085159
Hemorrhagic Fever With Renal Syndrome,hsa-miR-450a-5p,-0.03449108824133873
Prostatic Diseases,hsa-miR-450a-5p,-0.034492745995521545
Osteitis,hsa-miR-450a-5p,-0.03449568897485733
Mesothelioma,hsa-miR-450a-5p,-0.03449917584657669
autosomal recessive congenital bilateral absence of vas deferens,hsa-miR-450a-5p,-0.03450010344386101
Arthritis and Temporomandibular,hsa-miR-450a-5p,-0.0345035083591938
Osteochondrodysplasias,hsa-miR-450a-5p,-0.034518659114837646
Cardiac Dysfunction,hsa-miR-450a-5p,-0.03452770784497261
Costello Syndrome,hsa-miR-4437,-0.03453122824430466
Cholecystolithiasis,hsa-miR-450a-5p,-0.03453405946493149
Cerebral Hemorrhage and Traumatic,hsa-miR-4459,-0.034571439027786255
Lung  Adenocarcinoma,hsa-miR-4459,-0.034626610577106476
Encephalocele,hsa-miR-4437,-0.03472689539194107
Ossification and Heterotopic,mmu-miR-708,-0.034737102687358856
Acute Disease,mmu-miR-708,-0.034754037857055664
Respiratory Sounds,hsa-miR-19a-5p,-0.03476895019412041
Heart Failure and Acute,hsa-miR-4437,-0.034784842282533646
cough variant asthma,mmu-miR-700-5p,-0.03490719199180603
Tuberous Sclerosis,hsa-miR-4437,-0.0349554568529129
Neuromyelitis Optica,mmu-miR-676-3p,-0.03496103733778
Nephrotic Syndrome,mmu-miR-700-5p,-0.034977369010448456
Heart Failure and Diastolic,hsa-miR-1244,-0.03498458117246628
Tricuspid Valve Insufficiency,hsa-miR-136-5p,-0.034998729825019836
Acute Uterine Injury,hsa-miR-4459,-0.0350811630487442
Respiratory Sounds,hsa-miR-3202,-0.03508351743221283
Cardiomyopathy and Alcoholic,hsa-miR-4494,-0.03508438915014267
Hypothyroidism,hsa-miR-4456,-0.035094596445560455
Ehlers-Danlos Syndrome and musculocontractural type 1,hsa-miR-4459,-0.035124823451042175
Drug-Induced Kidney Injury,hsa-mir-8074,-0.03514224290847778
Liposarcoma,hsa-miR-4494,-0.035155586898326874
Hemophilia A,hsa-miR-4437,-0.03516216576099396
Ossification of the posterior longitudinal ligament of the spine,hsa-miR-4494,-0.03518851846456528
Ceroid lipofuscinosis and neuronal 5,hsa-miR-3928-3p,-0.03518947213888168
Niemann-Pick Diseases,hsa-miR-3928-3p,-0.03521168231964111
Anemia and sideroblastic spinocerebellar ataxia,mmu-miR-708,-0.03522411733865738
Tachycardia and Sinus,hsa-miR-20b*,-0.03524135425686836
Airway Obstruction,hsa-miR-20b*,-0.03525003790855408
Ossification and Heterotopic,mmu-miR-700-5p,-0.03525756299495697
Fluoride Poisoning,hsa-miR-20b*,-0.03526835888624191
Hypoadrenocorticism and Familial,hsa-miR-4482,-0.035327788442373276
Adenoviridae Infections,hsa-miR-4494,-0.03533829003572464
Death and Sudden,hsa-miR-4482,-0.03533961623907089
Inhalant Abuse,hsa-mir-8080,-0.03534664958715439
Gaucher Disease,hsa-miR-4482,-0.035369209945201874
Bursitis,hsa-mir-8080,-0.035372525453567505
aortic atherosclerosis,hsa-mir-8080,-0.035392485558986664
Branchio-Oto-Renal Syndrome,hsa-miR-4459,-0.03540172427892685
Substance-Related Disorders,hsa-miR-4482,-0.03540575131773949
Reperfusion Injury and Ischemia,hsa-miR-219-1-3p,-0.035422563552856445
Implantation Failure,hsa-miR-4439,-0.03542821854352951
Liposarcoma,hsa-miR-4439,-0.035428598523139954
Diarrhea,hsa-miR-4439,-0.03543882071971893
Implantation Failure,hsa-miR-4482,-0.03545089811086655
Primary Aldosteronism ,hsa-miR-450a-5p,-0.03545118123292923
Liposarcoma,hsa-miR-4482,-0.03545127809047699
Noma,hsa-miR-4443,-0.03545806556940079
Varicose Ulcer,hsa-mir-8080,-0.035480014979839325
Multiple Endocrine Neoplasia Type 1,hsa-miR-199b,-0.03548136353492737
Intra-Articular Fractures,hsa-miR-422b,-0.035499125719070435
Peritoneal Fibrosis,hsa-mir-8080,-0.03550982102751732
Aging and Premature,hsa-miR-4439,-0.03551570326089859
Vitreoretinochoroidopathy,hsa-miR-4255,-0.03551620990037918
Encephalitis and Viral,hsa-miR-4482,-0.03554069995880127
Gonadotoxicity,hsa-miR-4459,-0.03556780889630318
Maxillary Fractures,hsa-miR-411,-0.03560782968997955
Li-Fraumeni Syndrome,mmu-miR-708,-0.03560793399810791
Adenoviridae Infections,hsa-miR-4439,-0.03561118245124817
Amyloidosis and Hereditary and Transthyretin-Related,hsa-miR-4494,-0.035611383616924286
Familial encephalopathy with neuroserpin inclusion bodies,hsa-miR-4459,-0.03561675548553467
Classical Swine Fever,hsa-miR-181a-3p,-0.03569282591342926
Lupus Vasculitis and Central Nervous System,hsa-miR-181a-3p,-0.03572334349155426
Frailty,hsa-miR-4482,-0.03572392463684082
Reperfusion Injury and Testicular Ischemia,hsa-miR-4485-3p,-0.035726163536310196
Dilated Cardiomyopathy ,hsa-miR-3613-5p,-0.0357276052236557
Spherocytosis and Hereditary,mmu-miR-708,-0.03572933003306389
Anemia and sideroblastic spinocerebellar ataxia,mmu-miR-700-5p,-0.03574457764625549
Erythema,hsa-miR-4482,-0.03574866056442261
Frontotemporal Dementia,hsa-miR-4459,-0.03577427566051483
Phyllodes Tumor and Breast,hsa-miR-181a-3p,-0.035782672464847565
Lattice corneal dystrophy type 1,hsa-miR-181a-3p,-0.03580179065465927
Retinitis Pigmentosa,hsa-miR-181a-3p,-0.03580278158187866
Folic Acid Deficiency,hsa-miR-4459,-0.035804033279418945
Rheumatic Fever,hsa-miR-4459,-0.035812657326459885
Chromosome Aberrations,hsa-miR-4459,-0.03581590950489044
Leukemia and Myeloid and Acute and T-Cell,hsa-miR-4459,-0.035825371742248535
Brain Diseases,hsa-miR-4459,-0.03582562506198883
Chronic  Kidney Disease,hsa-miR-4459,-0.03583124279975891
Repolarization Abnormality,hsa-miR-4459,-0.03583625331521034
Drug-Related Side Effects and Adverse Reactions,hsa-miR-4459,-0.03584159165620804
Charcot-Marie-Tooth disease type 1B,hsa-miR-4459,-0.035843946039676666
Diminished  Ovarian Reserve,hsa-miR-181a-3p,-0.03584569692611694
Otitis Media,hsa-miR-4459,-0.03584743291139603
Epilepsy and Generalized,hsa-miR-4459,-0.035859815776348114
Plant Poisoning,hsa-miR-4459,-0.035863664001226425
Fused Teeth,hsa-miR-4459,-0.03586938604712486
autosomal recessive congenital bilateral absence of vas deferens,hsa-miR-4459,-0.03587077558040619
Susac Syndrome,hsa-miR-181a-3p,-0.035871461033821106
Temporomandibular Joint Disorders,hsa-miR-4459,-0.03587599843740463
Squamous Intraepithelial Lesions of the Cervix,hsa-miR-4459,-0.03588158264756203
Osteoporosis and Diabetic,hsa-miR-4459,-0.035883866250514984
Disseminated Intravascular Coagulation,hsa-miR-4459,-0.035894133150577545
Cardiomyopathy and Dilated,hsa-miR-4494,-0.03589537367224693
Vasospasm and Intracranial,hsa-miR-4459,-0.03589582443237305
Rhabdomyosarcoma,hsa-miR-4459,-0.035904623568058014
Cholecystolithiasis,hsa-miR-4459,-0.03590472787618637
Plasmablastic Lymphoma,hsa-miR-4459,-0.035912156105041504
Jequier Kozlowski skeletal dysplasia,hsa-miR-4494,-0.03596051037311554
Mycobacterium Infections,hsa-miR-4439,-0.03598210960626602
Chlamydia Infections,hsa-miR-4459,-0.03600937873125076
Retroviridae Infections,hsa-mir-8074,-0.036021992564201355
Inhalant Abuse,mmu-miR-708,-0.03614436835050583
Mesangial sclerosis and diffuse,rno-miR-369-3p,-0.036153070628643036
Still's Disease and Adult-Onset,mmu-miR-708,-0.03617338091135025
Pigmented Paravenous Chorioretinal Atrophy,hsa-miR-1244,-0.03619714081287384
Elephantiasis,mmu-miR-700-5p,-0.03620046749711037
Neutropenia,hsa-miR-3927-5p,-0.03623682260513306
Gastric Cancer and Early,hsa-miR-4494,-0.03626041114330292
Sialic Acid Storage Disease,hsa-miR-4494,-0.03628933057188988
Heart   Transplant Rejection,hsa-miR-4439,-0.03630423545837402
Peritoneal Fibrosis,mmu-miR-708,-0.03630754351615906
Heart   Transplant Rejection,hsa-miR-4482,-0.03632691502571106
Astrocytoma,mmu-miR-708,-0.03633551299571991
familial chylomicronemia syndrome,hsa-miR-4494,-0.036347538232803345
hsv2-miR-H19,hsa-mir-8074,-0.03634768724441528
Nerve Degeneration,mmu-miR-697,-0.03638094663619995
Airway Obstruction,hsa-miR-219-1-3p,-0.036389537155628204
Fluoride Poisoning,hsa-miR-219-1-3p,-0.03640809655189514
Intrahepatic Cholestasis of Pregnancy,hsa-miR-4494,-0.03648095205426216
Meniscus Degeneration,hsa-miR-3927-5p,-0.036491163074970245
Optic Neuritis,mmu-miR-708,-0.0365392342209816
Osteolysis and Essential,hsa-miR-4439,-0.03654022514820099
Sialic Acid Storage Disease,hsa-miR-4439,-0.036562226712703705
Blind Loop Syndrome,hsa-miR-3934,-0.036588408052921295
Hyperparathyroidism 2,hsa-miR-4494,-0.03660375624895096
Gaucher Disease,hsa-mir-8069,-0.03668094426393509
Chemical and Drug Induced Liver Injury and Chronic,hsa-miR-4439,-0.03668553754687309
Fatty Liver and Alcoholic,mmu-miR-708,-0.03668716177344322
Still's Disease and Adult-Onset,mmu-miR-700-5p,-0.036693960428237915
Chemical and Drug Induced Liver Injury and Chronic,hsa-miR-4482,-0.03670821711421013
aortic atherosclerosis,mmu-miR-700-5p,-0.03671066462993622
isolated cleft palate,hsa-miR-4439,-0.03671552240848541
Infectious pancreatic necrosis virus,hsa-miR-4439,-0.03673694282770157
Lymphoma and T-Cell and Peripheral,hsa-miR-4439,-0.0367487370967865
Lymphoma and T-Cell and Peripheral,hsa-miR-4482,-0.036771416664123535
Non-ST Elevated Myocardial Infarction,mmu-miR-700-5p,-0.036782413721084595
Varicose Ulcer,mmu-miR-700-5p,-0.03679807484149933
Mandibular Diseases,hsa-miR-4494,-0.036817945539951324
Esophageal Neoplasms,mmu-miR-700-5p,-0.03681951016187668
Primary Aldosteronism ,hsa-miR-4459,-0.03682184964418411
Peritoneal Fibrosis,mmu-miR-700-5p,-0.03682812303304672
Knee Injuries,hsa-miR-4439,-0.036834198981523514
Hyperparathyroidism 2,hsa-miR-4482,-0.036899566650390625
Hypocapnia,hsa-miR-19a-5p,-0.03692816197872162
 Lymph  Node Metastasis,hsa-miR-376b-3p,-0.03693624585866928
Hearing Loss and Sensorineural,hsa-mir-8069,-0.03694453090429306
Gastrointestinal Stromal Tumors,hsa-miR-4494,-0.036949820816516876
Reperfusion Injury and Steatotic Liver Ischemia,hsa-miR-1244,-0.0369601771235466
Airway Obstruction,hsa-miR-19a-5p,-0.03696846216917038
Cystadenocarcinoma and Serous and Ovarian,hsa-miR-4494,-0.03699895739555359
Lattice corneal dystrophy type 1,hsa-miR-194-5p,-0.037006642669439316
Chronic Urticaria,hsa-mir-8080,-0.03703349083662033
American Tegumentary Leishmaniasis,hsa-miR-155-3p,-0.03704376891255379
Granulomatous Disease and Chronic,hsa-miR-155-3p,-0.03705902770161629
Hypothyroidism,hsa-miR-4459,-0.03709240257740021
Polyposis Syndrome and Hereditary Mixed and 1,hsa-miR-3658,-0.03711312636733055
Diffuse Alveolar Hemorrhage and Autoimmune-Mediated,hsa-miR-4482,-0.03711356595158577
Multiple System Atrophy,hsa-miR-4439,-0.037133656442165375
Equine Infectious Anemia,hsa-miR-155-3p,-0.03715398535132408
Plaque and Amyloid,hsa-miR-155-3p,-0.03716856241226196
Chronic   Pelvic Pain Syndrome,hsa-miR-219a-5p,-0.03717290237545967
Encephalocele,hsa-miR-4494,-0.03718080371618271
Vaginosis and Bacterial,hsa-miR-155-3p,-0.03718346357345581
Neointimal Hyperplasia,hsa-mir-8080,-0.03718618303537369
Asthma and Chronic,hsa-miR-155-3p,-0.03719046711921692
Gout,hsa-mir-8080,-0.0371948778629303
IMAGe syndrome,hsa-miR-3202,-0.03721650689840317
Monoclonal Gammopathy of Undetermined Significance,mmu-miR-708,-0.037222541868686676
Craniosynostoses,hsa-mir-8080,-0.037229105830192566
Hypocapnia,hsa-miR-3202,-0.03724273294210434
Primary Gastrointestinal Diffuse Large B-Cell Lymphoma ,hsa-miR-155-3p,-0.03724627196788788
Histiocytosis,mmu-miR-708,-0.03724675625562668
HIV-Associated Lipodystrophy Syndrome,mmu-miR-708,-0.03724929690361023
Pancreatic Intraductal Neoplasms,hsa-mir-8080,-0.037264734506607056
Hashimoto Disease,mmu-miR-743a,-0.03726792708039284
Lipoma,hsa-mir-8080,-0.03726963326334953
Angioedemas and Hereditary,hsa-miR-155-3p,-0.037276312708854675
Otitis Media,hsa-mir-8080,-0.03727757930755615
Scleroderma and Diffuse,hsa-mir-8080,-0.037283651530742645
Panniculitis and Peritoneal,hsa-mir-8080,-0.037285029888153076
Primary Myelofibrosis,hsa-mir-8080,-0.03728640452027321
hypotrichosis 8,hsa-mir-8080,-0.03728853911161423
Hemorrhagic Fever With Renal Syndrome,hsa-mir-8080,-0.03729202598333359
Neoplasms and Plasma Cell,hsa-mir-8080,-0.037293124943971634
Esophageal Achalasia,hsa-miR-3202,-0.037293367087841034
Diabetic Angiopathies,hsa-mir-8080,-0.03730010241270065
Chilblain lupus,hsa-mir-8080,-0.03731253743171692
Osteoporosis and Diabetic,hsa-mir-8080,-0.03731413185596466
Respiration Disorders,hsa-mir-8080,-0.037314437329769135
Osteochondrodysplasias,hsa-mir-8080,-0.037319716066122055
Cardiac Dysfunction,hsa-mir-8080,-0.03732852637767792
Plasmablastic Lymphoma,hsa-mir-8080,-0.03734266385436058
Neonatal Sepsis,hsa-miR-4482,-0.03735347092151642
Huntington Disease,hsa-mir-8080,-0.03736022859811783
Arrhythmogenic Right Ventricular Dysplasia,hsa-miR-4439,-0.0373811200261116
Juvenile gout,hsa-miR-155-3p,-0.03739703446626663
Arrhythmogenic Right Ventricular Dysplasia,hsa-miR-4482,-0.03740379959344864
Chlamydia Infections,hsa-mir-8080,-0.03743940591812134
Adrenoleukodystrophy,mmu-miR-708,-0.037440717220306396
Heart Failure and Diastolic,hsa-miR-27a*,-0.03744305670261383
Actinic cheilitis,hsa-miR-4437,-0.03749808669090271
Cardiomyopathy and Dilated,hsa-mir-8069,-0.037502676248550415
Heart Failure and Acute,hsa-miR-4439,-0.03751152753829956
Polycystic Kidney Diseases,hsa-miR-4482,-0.03755323961377144
Penile Neoplasms,rno-miR-352,-0.03756348788738251
Nervous System Neoplasms,hsa-miR-4428,-0.03758212924003601
Hypocapnia,hsa-miR-3934-5p,-0.03758743032813072
Eye Diseases,mmu-miR-708,-0.03759956359863281
Thyroiditis,mmu-miR-708,-0.03760068863630295
Hemophilia A,hsa-miR-4494,-0.03761620074510574
Branchio-Oto-Renal Syndrome,mmu-miR-708,-0.037629708647727966
Nevus and Halo,hsa-mir-7844,-0.03772697597742081
Anorexia Nervosa,mmu-miR-708,-0.0377667210996151
HIV-Associated Lipodystrophy Syndrome,mmu-miR-700-5p,-0.037769876420497894
Glycogen Storage Disease and Type IXD,mmu-miR-700-5p,-0.03777400404214859
Gonadotoxicity,mmu-miR-708,-0.03779579699039459
Hyperoxia,hsa-miR-4439,-0.0378231406211853
Acute Uterine Injury,mmu-miR-700-5p,-0.03782973438501358
Trypanosomiasis and African,hsa-miR-4482,-0.037840940058231354
Progeria,mmu-miR-700-5p,-0.03784329444169998
Gastric Cancer and Early,hsa-mir-8069,-0.0378677174448967
Ehlers-Danlos Syndrome and musculocontractural type 1,mmu-miR-700-5p,-0.037873148918151855
Intra-Articular Fractures,hsa-miR-371a-3p,-0.03788835555315018
Hemophilia A,hsa-miR-4439,-0.037889331579208374
Campomelia Cumming type,hsa-miR-4494,-0.03790087252855301
Sucrase-isomaltase deficiency and congenital,mmu-miR-708,-0.03794236481189728
Airway Obstruction,hsa-miR-211-5p,-0.03794430196285248
Hypocapnia,hsa-miR-218-1,-0.03795545548200607
Reperfusion Injury and Ischemia,hsa-miR-1236-5p,-0.03796014189720154
Precursor B-Cell Lymphoblastic Leukemia-Lymphoma,hsa-mir-8074,-0.0379614531993866
Opium Dependence,hsa-miR-4494,-0.03799145668745041
Gout,mmu-miR-708,-0.03799259662628174
Leishmaniasis and Diffuse Cutaneous,mmu-miR-708,-0.03801430016756058
Anemia and sideroblastic spinocerebellar ataxia,hsa-miR-4437,-0.038021162152290344
Craniosynostoses,mmu-miR-708,-0.038026824593544006
Frontotemporal Lobar Degeneration,mmu-miR-708,-0.03803016245365143
Rheumatic Fever,mmu-miR-708,-0.0380406454205513
Heart Failure and Diastolic,hsa-miR-3934,-0.038042061030864716
Encephalocraniocutaneous lipomatosis,mmu-miR-708,-0.03804400563240051
Asthenozoospermia,mmu-miR-708,-0.03804948180913925
Renal Insufficiency,mmu-miR-708,-0.038050808012485504
Brain Diseases,mmu-miR-708,-0.038053251802921295
Renal Interstitial Fibrosis,mmu-miR-708,-0.038063958287239075
Repolarization Abnormality,mmu-miR-708,-0.03806436061859131
Papillomavirus Infections,hsa-miR-4444,-0.03806762397289276
Drug-Related Side Effects and Adverse Reactions,mmu-miR-708,-0.038069576025009155
Wilms Tumor,mmu-miR-708,-0.03807257115840912
hypotrichosis 8,mmu-miR-708,-0.03808613866567612
cervical squamous cell carcinoma,mmu-miR-708,-0.038087330758571625
Neoplasms and Plasma Cell,mmu-miR-708,-0.03809084743261337
Prostatic Diseases,mmu-miR-708,-0.038091279566287994
Fused Teeth,mmu-miR-708,-0.03809737414121628
Mesothelioma,mmu-miR-708,-0.03809783607721329
autosomal recessive congenital bilateral absence of vas deferens,mmu-miR-708,-0.038098759949207306
Temporomandibular Joint Disorders,mmu-miR-708,-0.0381038635969162
Epidural   Fibrosis,mmu-miR-708,-0.03810475766658783
Cataract and Congenital Zonular and with Sutural Opacities,mmu-miR-708,-0.038108326494693756
Fractures and Bone,hsa-miR-4439,-0.03810881823301315
Hirschsprung-Associated Enterocolitis,mmu-miR-708,-0.03811013698577881
Respiration Disorders,mmu-miR-708,-0.038112156093120575
Osteochondrodysplasias,mmu-miR-708,-0.03811720013618469
Diabetic Ischemia Complication,mmu-miR-708,-0.03812282532453537
Cardiac Dysfunction,mmu-miR-708,-0.03812636435031891
Cholecystolithiasis,mmu-miR-708,-0.038132838904857635
congenital nongoitrous hypothyroidism 4,hsa-miR-4482,-0.0381413996219635
Lung Abscess,mmu-miR-708,-0.03814847022294998
Marek Disease,hsa-miR-4494,-0.03815537691116333
Huntington Disease,mmu-miR-708,-0.03815782815217972
Hyperglycinemia and Nonketotic,hsa-miR-4439,-0.03816681355237961
Guillain-Barre Syndrome,hsa-miR-4439,-0.038178734481334686
Hyperglycinemia and Nonketotic,hsa-miR-4482,-0.038189612329006195
Proteinuria,hsa-miR-4494,-0.03819587826728821
Tachycardia,hsa-miR-4511,-0.0382361114025116
Nevi and Melanomas,hsa-miR-216a-5p,-0.0382557213306427
Sepsis and Intensive Care Unit-Acquired,hsa-miR-216a-5p,-0.03827524185180664
Abnormalities and Drug-Induced,hsa-miR-4494,-0.03827724605798721
Reperfusion Injury and Steatotic Liver Ischemia,hsa-miR-181b-2,-0.038286492228507996
Opium Dependence,hsa-miR-4482,-0.038287028670310974
Reperfusion Injury and Testicular Ischemia,hsa-miR-216a-5p,-0.03834938257932663
Neonatal Sepsis,rno-miR-352,-0.038375191390514374
Mixed Connective Tissue Disease,mmu-miR-700-5p,-0.03841455280780792
Cholesteatoma and Middle Ear,mmu-miR-676-3p,-0.038427047431468964
Ischemic Stroke and Cerebral,hsa-miR-216a-5p,-0.038431547582149506
Airway Obstruction,hsa-miR-200c-3p,-0.038454338908195496
Neuromuscular Junction Diseases,mmu-miR-700-5p,-0.03851318359375
Hypothyroidism,hsa-mir-8080,-0.038522787392139435
Aspermia,mmu-miR-700-5p,-0.038538120687007904
endometriosis in scar of skin,mmu-miR-700-5p,-0.038556553423404694
Diabetic Nephropathies and Proliferative,hsa-miR-4511,-0.038556911051273346
Familial Multiple Coagulation Factor Deficiency I,mmu-miR-700-5p,-0.03856172412633896
Renal Insufficiency,mmu-miR-700-5p,-0.03857126832008362
Lipid Metabolism Disorders,hsa-miR-4439,-0.03857240080833435
Leukemia and Myeloid and Acute and T-Cell,mmu-miR-700-5p,-0.038573697209358215
Gastrointestinal Hemorrhage,mmu-miR-700-5p,-0.03857409209012985
Addison Disease,hsa-miR-216a-5p,-0.038584135472774506
Repolarization Abnormality,mmu-miR-700-5p,-0.03858482092618942
Lipoma,mmu-miR-700-5p,-0.038587816059589386
Embolic Stroke,hsa-mir-8069,-0.038589708507061005
Neurodevelopmental Injuries,mmu-miR-700-5p,-0.03859921544790268
Panniculitis and Peritoneal,mmu-miR-700-5p,-0.03860333561897278
Meniscus Degeneration,hsa-miR-216a-5p,-0.038606300950050354
Hemorrhagic Fever With Renal Syndrome,mmu-miR-700-5p,-0.03861020505428314
Scleral Diseases,hsa-miR-216a-5p,-0.038615450263023376
Reperfusion Injury and Cerebral Ischemia,mmu-miR-700-5p,-0.0386197492480278
Alcohol Withdrawal Syndrome,mmu-miR-700-5p,-0.03861990571022034
Hirschsprung-Associated Enterocolitis,mmu-miR-700-5p,-0.03863047808408737
Diabetes Complications,mmu-miR-700-5p,-0.03864928334951401
Testicular Neoplasms,hsa-miR-216a-5p,-0.03865155577659607
Cholecystolithiasis,mmu-miR-700-5p,-0.0386531800031662
Congenital Abnormalities,mmu-miR-700-5p,-0.03865334391593933
Edwardsiella tarda,mmu-miR-700-5p,-0.03865908086299896
Chlamydia Infections,mmu-miR-700-5p,-0.03875770419836044
Gastric Antral Vascular Ectasia,hsa-miR-371a-3p,-0.03876860439777374
high grade glioma,hsa-miR-4439,-0.03882388025522232
Hyalinosis and Systemic,hsa-miR-4494,-0.0388326570391655
IMAGe syndrome,rno-miR-409-3p,-0.0388886034488678
Angina Pectoris and Variant,hsa-miR-4482,-0.0388907790184021
Severe Dengue,mmu-miR-708,-0.03893236815929413
Premenstrual Syndrome,mmu-miR-708,-0.03894121199846268
Mesothelioma and Malignant,mmu-miR-743a,-0.03895851969718933
Pelvic Organ Prolapse,hsa-miR-4443,-0.039003461599349976
UV-Sensitive Syndrome,hsa-miR-3175,-0.03904210776090622
Primary Aldosteronism ,mmu-miR-708,-0.03904971480369568
Neurobehavioral Manifestations,hsa-miR-4439,-0.03905097395181656
Deficiency Diseases,hsa-miR-4437,-0.03910259157419205
Urinary Incontinence and Stress,hsa-miR-3175,-0.03910396993160248
Pyelonephritis,hsa-miR-4482,-0.039105191826820374
Periprosthetic Fractures,hsa-miR-4439,-0.039112389087677
Hyalinosis and Systemic,hsa-miR-4482,-0.03912834823131561
Gestational Trophoblastic Disease,hsa-miR-3686,-0.03913049399852753
Periprosthetic Fractures,hsa-miR-4482,-0.03913494944572449
Hyperoxia,hsa-mir-8069,-0.03915766626596451
Pancreatitis and Acute Hemorrhagic,hsa-miR-3175,-0.03917577117681503
Ciliary Motility Disorders,hsa-miR-4494,-0.039177000522613525
Respiratory Sounds,hsa-miR-424-5p,-0.03918340057134628
Diminished  Ovarian Reserve,hsa-miR-3175,-0.039210207760334015
Susac Syndrome,hsa-miR-3175,-0.03923609107732773
Rhabdoviridae Infections,hsa-miR-3175,-0.03924558311700821
Hypothyroidism,mmu-miR-708,-0.039320506155490875
Optic Neuritis,hsa-miR-4437,-0.03933628648519516
Hypocapnia,hsa-miR-30b*,-0.03934419900178909
Fluoride Poisoning,hsa-miR-203a,-0.03936447203159332
Meniscus Degeneration,hsa-miR-3686,-0.039371319115161896
thyroid gland Hurthle cell carcinoma,hsa-miR-3175,-0.03940200060606003
Lymphoma and Follicular,hsa-miR-4494,-0.039429277181625366
Mycoplasma pneumoniae pneumonia,hsa-miR-3175,-0.03943946957588196
Severe Dengue,mmu-miR-700-5p,-0.03945270925760269
Ciliary Motility Disorders,hsa-miR-4482,-0.03947269171476364
Marek Disease,rno-miR-352,-0.0394727885723114
Teratoma,hsa-miR-4444,-0.03948081284761429
Guillain-Barre Syndrome,hsa-mir-8069,-0.03951302915811539
Pelvic Organ Prolapse,mmu-miR-743a,-0.0397019237279892
Lymphoma and Follicular,hsa-miR-4439,-0.039702288806438446
Lymphoma and Follicular,hsa-miR-4482,-0.03972496837377548
Neuroinflammatory Diseases,hsa-miR-4437,-0.03973638266324997
Holt-Oram syndrome,hsa-miR-4443,-0.03982533514499664
ACTH-Secreting Pituitary Adenoma,hsa-miR-4482,-0.0399077907204628
cough variant asthma,hsa-miR-4439,-0.039910465478897095
Intra-Articular Fractures,hsa-miR-3663-3p,-0.039915017783641815
cough variant asthma,hsa-miR-4482,-0.03993314504623413
Tooth and Supernumerary,hsa-miR-4443,-0.039990365505218506
Uterine Neoplasms,rno-miR-27a,-0.04010631889104843
Aortic Valve Stenosis,hsa-mir-8080,-0.040125519037246704
Graft Occlusion and Vascular,hsa-miR-4439,-0.04022300988435745
Actinic cheilitis,hsa-miR-4439,-0.04022512584924698
Ossification and Heterotopic,hsa-miR-4482,-0.04028363525867462
UV-Sensitive Syndrome,hsa-miR-29b-2*,-0.04042496532201767
Myopia and Degenerative,hsa-miR-4494,-0.04046214371919632
Anemia and sideroblastic spinocerebellar ataxia,hsa-miR-4494,-0.04047495871782303
Anorexia Nervosa,hsa-miR-4437,-0.04056365042924881
Splenic Neoplasms,hsa-miR-4436a,-0.04058178514242172
Lupus Vasculitis and Central Nervous System,hsa-miR-3925-5p,-0.04059882462024689
Tooth and Supernumerary,mmu-miR-743a,-0.040688708424568176
Mesangial sclerosis and diffuse,rno-miR-27a,-0.0407043918967247
Myopia and Degenerative,hsa-miR-4482,-0.04075772315263748
Neuromuscular Junction Diseases,hsa-miR-4437,-0.040789894759655
Constriction and Pathologic,hsa-miR-4437,-0.040792614221572876
Craniosynostoses,hsa-miR-4437,-0.04082375764846802
Rheumatic Fever,hsa-miR-4437,-0.040837690234184265
Encephalocraniocutaneous lipomatosis,hsa-miR-4437,-0.040841057896614075
Asthenozoospermia,hsa-miR-4437,-0.04084652662277222
Chronic  Kidney Disease,hsa-miR-4437,-0.04085627943277359
Pancreatic Intraductal Neoplasms,hsa-miR-4437,-0.04085950553417206
Renal Interstitial Fibrosis,hsa-miR-4437,-0.04086101055145264
Charcot-Marie-Tooth disease type 1B,hsa-miR-4437,-0.040868982672691345
Severe Acute Respiratory Syndrome,hsa-mir-873,-0.04087518900632858
hypotrichosis 8,hsa-miR-4437,-0.04088318347930908
Myocardial Ischemia,hsa-miR-4437,-0.040889889001846313
Alcohol Withdrawal Syndrome,hsa-miR-4437,-0.04089649021625519
Polyposis Syndrome and Hereditary Mixed and 1,hsa-miR-3925-5p,-0.04090144485235214
Osteochondrodysplasias,hsa-miR-4437,-0.04091436415910721
Rhabdomyosarcoma,hsa-miR-4437,-0.04092966020107269
Edwardsiella tarda,hsa-miR-4437,-0.040935665369033813
Plasmablastic Lymphoma,hsa-miR-4437,-0.040937311947345734
Sepsis-Associated Encephalopathy,hsa-miR-4437,-0.04094178229570389
cough variant asthma,rno-miR-352,-0.040954992175102234
Urinary Calculi,hsa-miR-320c-1,-0.04096361994743347
Dilated Cardiomyopathy ,hsa-miR-3185,-0.040987223386764526
Reperfusion Injury and Testicular Ischemia,hsa-miR-320c-1,-0.0410999059677124
Dilated Cardiomyopathy ,hsa-miR-371a-3p,-0.04111845791339874
Posterior Segment Ocular Diseases,hsa-miR-320c-1,-0.04113612323999405
Anemia and Iron-Deficiency,hsa-miR-3689f,-0.041140370070934296
Diminished  Ovarian Reserve,hsa-miR-320c-1,-0.04115816950798035
Friedreich Ataxia,hsa-miR-4482,-0.041172899305820465
Elephantiasis,hsa-miR-4439,-0.04120386391878128
Spherocytosis and Hereditary,hsa-miR-4482,-0.0412759855389595
Gastric Antral Vascular Ectasia,hsa-miR-26b,-0.04134085029363632
IMAGe syndrome,hsa-miR-1244,-0.04134339839220047
Parvoviridae Infections,hsa-miR-422b,-0.04136370122432709
Reperfusion Injury and Steatotic Liver Ischemia,hsa-miR-412-5p,-0.041372865438461304
Intra-Articular Fractures,hsa-miR-425-5p,-0.041462771594524384
Venous Neointimal Hyperplasia,hsa-miR-378f,-0.041485778987407684
Dilated Cardiomyopathy ,hsa-miR-4513,-0.041489243507385254
Dilated Cardiomyopathy ,hsa-miR-34c,-0.04155080020427704
Liposarcoma and Myxoid,hsa-miR-29b-3p,-0.0416264608502388
Tachycardia,hsa-mir-7844,-0.04164624959230423
Substance Withdrawal Syndrome,hsa-miR-4439,-0.041661716997623444
Substance Withdrawal Syndrome,hsa-miR-4482,-0.04168427735567093
Lupus Vasculitis and Central Nervous System,hsa-miR-29b-3p,-0.041684992611408234
Lymphohistiocytosis and Hemophagocytic,hsa-miR-29b-3p,-0.041690193116664886
Tibial Neuropathy,hsa-miR-29b-3p,-0.0417158380150795
Rheumatic Heart Disease,hsa-miR-4439,-0.04172013700008392
aortic atherosclerosis,hsa-miR-4482,-0.04173673689365387
idiopathic scoliosis,hsa-miR-4494,-0.041738443076610565
Rheumatic Heart Disease,hsa-miR-4482,-0.04174293577671051
Stomatognathic Diseases,hsa-miR-3928-3p,-0.04175593703985214
Lattice corneal dystrophy type 1,hsa-miR-29b-3p,-0.0417635515332222
Posterior Segment Ocular Diseases,hsa-miR-29b-3p,-0.0417855829000473
Ovarian Failure and Premature ,hsa-miR-4494,-0.04180032014846802
Varicose Ulcer,hsa-miR-4482,-0.04182402789592743
Canavan Disease,hsa-miR-185*,-0.04184915870428085
Deficiency Diseases,hsa-miR-4482,-0.0418521910905838
Astrocytoma,hsa-miR-4482,-0.04188205301761627
AIDS-Related Complex,hsa-miR-4439,-0.04191918671131134
Fatty Liver and Alcoholic,hsa-miR-4494,-0.04193812608718872
Shock and Cardiogenic,hsa-miR-4494,-0.041976116597652435
Chronic  Rhinosinusitis With Nasal Polyps,hsa-miR-185*,-0.04198061674833298
Equine Infectious Anemia,hsa-miR-185*,-0.0419943630695343
Ovarian Failure and Premature ,hsa-miR-4439,-0.04207345098257065
Dilated Cardiomyopathy ,hsa-miR-18b-5p,-0.042074382305145264
Angioedemas and Hereditary,hsa-miR-185*,-0.042116694152355194
Motor Neuron Disease,hsa-miR-3185,-0.04212667793035507
Hyperphagia,mmu-miR-743a,-0.042156882584095
Friedreich Ataxia,rno-miR-352,-0.04219473898410797
Neuropathic Allodynia,hsa-miR-4419b,-0.04222285747528076
Synovitis,hsa-miR-4439,-0.04226118326187134
Tauopathies,hsa-miR-26b,-0.04226979613304138
Penile Induration,hsa-miR-3610,-0.04227308928966522
Brugada Syndrome,hsa-miR-4419b,-0.04228254407644272
Noma,mmu-miR-708,-0.042284250259399414
Meniscus Degeneration,hsa-miR-185*,-0.042296960949897766
Cerebral Hemorrhage and Traumatic,hsa-miR-4439,-0.0423232838511467
Cerebral Hemorrhage and Traumatic,hsa-miR-4482,-0.042345963418483734
Lung  Adenocarcinoma,hsa-miR-4482,-0.04240100830793381
Neuroinflammatory Diseases,hsa-miR-4439,-0.04246307164430618
Histiocytosis,hsa-miR-4494,-0.04249747842550278
Progeria,hsa-miR-4494,-0.04257391393184662
Rhabdomyosarcoma and Alveolar,hsa-miR-143,-0.04259946942329407
Periodontitis and Diabetic,hsa-miR-143,-0.04260748624801636
Equine Infectious Anemia,hsa-miR-143,-0.04265324026346207
Wound Infection,hsa-miR-181b-5p,-0.042710237205028534
Histiocytosis,hsa-miR-4439,-0.04277049005031586
HIV-Associated Lipodystrophy Syndrome,hsa-miR-4439,-0.04277314990758896
Brugada Syndrome,hsa-miR-143,-0.0427977591753006
Eye Diseases,hsa-miR-4494,-0.04285028576850891
Progeria,hsa-miR-4482,-0.042869485914707184
Plaque and Amyloid,hsa-miR-29,-0.04287486523389816
Agammaglobulinemia,hsa-miR-4494,-0.04295874387025833
Ataxia Telangiectasia,hsa-miR-4494,-0.04297444969415665
Fabry   Nephropathy,hsa-miR-181a-2-3p,-0.04301155358552933
Gonadotoxicity,hsa-miR-4494,-0.04304663836956024
Dry Eye Syndromes,hsa-mir-8074,-0.043054983019828796
hereditary fructose intolerance syndrome,hsa-miR-4482,-0.04306219518184662
Heart Failure and Diastolic,hsa-miR-19b-1*,-0.04309045523405075
Papilloma and Inverted,EBV-mir-BART8,-0.04310564696788788
Eye Diseases,hsa-miR-4482,-0.04314609616994858
Anemia and Aplastic,hsa-miR-4482,-0.04314802587032318
Lattice corneal dystrophy type 1,hsa-miR-1225-5p,-0.043158188462257385
Oculodentodigital Dysplasia,hsa-miR-3610,-0.04317040741443634
Mood Disorders,hsa-miR-4494,-0.043182142078876495
Sucrase-isomaltase deficiency and congenital,hsa-miR-4494,-0.04319320619106293
Neointimal Hyperplasia,hsa-miR-4494,-0.04323474317789078
Brugada Syndrome,hsa-miR-1225-5p,-0.043242715299129486
Neuromuscular Junction Diseases,hsa-miR-4494,-0.043243683874607086
Ataxia Telangiectasia,hsa-miR-4439,-0.04324746131896973
Stomatitis and Aphthous,hsa-miR-193b-5p,-0.04324974864721298
Frontotemporal Dementia,hsa-miR-4494,-0.0432531014084816
Agammaglobulinemia,hsa-miR-4482,-0.04325443506240845
Hemolysis,hsa-miR-4494,-0.043263182044029236
Aspermia,hsa-miR-4494,-0.04326850175857544
Craniosynostoses,hsa-miR-4494,-0.04327778518199921
Dermatitis Herpetiformis,hsa-miR-4494,-0.04327943176031113
Spinal Cord Compression,hsa-miR-1225-5p,-0.04329003393650055
Familial Multiple Coagulation Factor Deficiency I,hsa-miR-4494,-0.043292105197906494
Choledocholithiasis,hsa-miR-4494,-0.04329831898212433
Asthenozoospermia,hsa-miR-4494,-0.04330044239759445
Anorexia Nervosa,hsa-miR-4482,-0.04331337660551071
Renal Interstitial Fibrosis,hsa-miR-4494,-0.043314799666404724
Absent corpus callosum cataract immunodeficiency,hsa-let-7f-2-3p,-0.043319396674633026
Gonadotoxicity,hsa-miR-4439,-0.04331953078508377
Coxsackievirus Infections,hsa-miR-4494,-0.043322473764419556
Otitis Media,hsa-miR-4494,-0.04332613945007324
Inflammation and Chronic,hsa-let-7f-2-3p,-0.04333328455686569
Leukemia and Myeloid and Chronic-Phase,hsa-miR-4494,-0.04333406686782837
hypotrichosis 8,hsa-miR-4494,-0.043336980044841766
Plant Poisoning,hsa-miR-4494,-0.04334249347448349
Asthma and Chronic,hsa-let-7f-2-3p,-0.04334802180528641
Carcinoma and Squamous Cell and Skin,hsa-miR-4494,-0.043353371322155
Cataract and Congenital Zonular and with Sutural Opacities,hsa-miR-4494,-0.043359167873859406
Squamous Intraepithelial Lesions of the Cervix,hsa-miR-4494,-0.04336041212081909
Osteochondrodysplasias,hsa-miR-4494,-0.04336816072463989
Disseminated Intravascular Coagulation,hsa-miR-4494,-0.04337295889854431
Vasospasm and Intracranial,hsa-miR-4494,-0.04337453097105026
Bronchiolitis Obliterans Syndrome,hsa-miR-4494,-0.04337555170059204
Chronic Urticaria,hsa-miR-4482,-0.04337774217128754
Diabetes Complications,hsa-miR-4494,-0.04337966442108154
Rhabdomyosarcoma,hsa-miR-4494,-0.04338344931602478
Ameloblastoma,hsa-miR-4482,-0.0434223935008049
proliferative diabetic retinopathy,hsa-miR-4439,-0.0434328094124794
Angioedemas and Hereditary,hsa-let-7f-2-3p,-0.043434277176856995
Reperfusion Injury and Ischemia,hsa-miR-3934,-0.04350066930055618
Spinal Cord Compression,hsa-let-7f-2-3p,-0.043503500521183014
Human T-Cell Leukemia Virus Type 1 Infections,hsa-let-7f-2-3p,-0.04355274885892868
Frontotemporal Lobar Degeneration,hsa-miR-4439,-0.043554022908210754
Corneal dystrophy and epithelial basement membrane,hsa-miR-4439,-0.04355890303850174
Chromosome Aberrations,hsa-miR-4439,-0.043567754328250885
Encephalocraniocutaneous lipomatosis,hsa-miR-4439,-0.04356785863637924
Choledocholithiasis,hsa-miR-4439,-0.043571338057518005
Craniosynostoses,hsa-miR-4482,-0.04357336461544037
Brain Diseases,hsa-miR-4439,-0.043577343225479126
Folic Acid Deficiency,hsa-miR-4482,-0.043578557670116425
Chromosome Aberrations,hsa-miR-4482,-0.04359043389558792
Encephalocraniocutaneous lipomatosis,hsa-miR-4482,-0.04359053820371628
Lipoma,hsa-miR-4439,-0.0435909703373909
Drug-Related Side Effects and Adverse Reactions,hsa-miR-4439,-0.043593309819698334
Polyposis Syndrome and Hereditary Mixed and 1,hsa-let-7f-2-3p,-0.04359570890665054
Charcot-Marie-Tooth disease type 1B,hsa-miR-4439,-0.04359590262174606
Asthenozoospermia,hsa-miR-4482,-0.04359601438045502
Leukemia and Myeloid and Acute and T-Cell,hsa-miR-4482,-0.043600015342235565
Chronic  Kidney Disease,hsa-miR-4482,-0.04360575973987579
Panniculitis and Peritoneal,hsa-miR-4439,-0.043606728315353394
Primary Myelofibrosis,hsa-miR-4439,-0.04360809922218323
Miliaria,hsa-miR-4439,-0.043609172105789185
Mycoplasma pneumoniae pneumonia,hsa-miR-3920,-0.04361365735530853
Hemorrhagic Fever With Renal Syndrome,hsa-miR-4439,-0.04361371695995331
Lipoma,hsa-miR-4482,-0.04361376911401749
Drug-Related Side Effects and Adverse Reactions,hsa-miR-4482,-0.04361598938703537
Myocardial Ischemia,hsa-miR-4439,-0.04361681640148163
Spondylarthropathies,hsa-miR-4482,-0.043617069721221924
Osteitis,hsa-miR-4439,-0.043618083000183105
Charcot-Marie-Tooth disease type 1B,hsa-miR-4482,-0.0436185821890831
Wilms Tumor,hsa-miR-4482,-0.043619222939014435
Mesothelioma,hsa-miR-4439,-0.04362168908119202
Respiratory Sounds,hsa-miR-412-5p,-0.043623097240924835
Neurodevelopmental Injuries,hsa-miR-4482,-0.04362516850233078
Spinal Curvatures,hsa-miR-4439,-0.04362816363573074
Leukemia and Myeloid and Chronic-Phase,hsa-miR-4482,-0.04362964630126953
Pneumoconiosis,hsa-miR-4517,-0.04363017529249191
Miliaria,hsa-miR-4482,-0.04363185167312622
Pregnancy and Ectopic,hsa-miR-4439,-0.043632782995700836
Osteoporosis and Diabetic,hsa-miR-4439,-0.04363570362329483
Prostatic Diseases,hsa-miR-4482,-0.04363793879747391
Myocardial Ischemia,hsa-miR-4482,-0.043639376759529114
Osteochondrodysplasias,hsa-miR-4439,-0.04364129155874252
Mesothelioma,hsa-miR-4482,-0.04364436864852905
Reperfusion Injury and Cerebral Ischemia,hsa-miR-4482,-0.0436457023024559
Retinal Vein Occlusion,hsa-miR-4439,-0.043648019433021545
Bronchiolitis Obliterans Syndrome,hsa-miR-4439,-0.04364856332540512
Arthritis and Temporomandibular,hsa-miR-4482,-0.043648697435855865
Diabetes Complications,hsa-miR-4439,-0.04365268349647522
Developmental Dysplasia of the Hip,hsa-miR-4482,-0.04365519434213638
Rhabdomyosarcoma,hsa-miR-4439,-0.04365670680999756
Osteochondrodysplasias,hsa-miR-4482,-0.04366397112607956
Plasmablastic Lymphoma,hsa-miR-4439,-0.04366400092840195
Fibromyalgia,hsa-miR-4482,-0.043664515018463135
Sepsis-Associated Encephalopathy,hsa-miR-4439,-0.0436684712767601
Carcinoma,hsa-miR-4439,-0.04366936534643173
Retinal Vein Occlusion,hsa-miR-4482,-0.04367057979106903
Spinal Cord Ischemia,hsa-miR-4482,-0.04367881268262863
Plasmablastic Lymphoma,hsa-miR-4482,-0.04368668049573898
Sepsis-Associated Encephalopathy,hsa-miR-4482,-0.04369115084409714
Carcinoma,hsa-miR-4482,-0.04369192570447922
Histiocytoma and Malignant Fibrous,hsa-miR-3934,-0.043756186962127686
Hyperphagia,hsa-miR-4456,-0.044058993458747864
hereditary fructose intolerance syndrome,rno-miR-352,-0.04408380389213562
bladder carcinoma,hsa-miR-4459,-0.04416754096746445
Premenstrual Syndrome,hsa-miR-4494,-0.04419217258691788
Equine Infectious Anemia,mmu-miR-712,-0.044265709817409515
Swine Diseases,mmu-miR-712,-0.04427140951156616
Parvoviridae Infections,hsa-miR-412-5p,-0.04441428929567337
Polyposis Syndrome and Hereditary Mixed and 1,hsa-miR-4485-5p,-0.04445045441389084
Arteritis,mmu-miR-697,-0.044562384486198425
Primary Aldosteronism ,hsa-miR-4439,-0.04457368701696396
Ataxia Telangiectasia,hsa-mir-8069,-0.04458186775445938
Renal Insufficiency,rno-miR-352,-0.044619180262088776
Charcot-Marie-Tooth disease type 1B,rno-miR-352,-0.04464031010866165
Anemia and Iron-Deficiency,hsa-miR-1283-1,-0.044664256274700165
Diabetic Angiopathies,rno-miR-352,-0.04466608166694641
Cardiac Dysfunction,rno-miR-352,-0.04469474405050278
Parvoviridae Infections,hsa-miR-18b-5p,-0.0447087436914444
Ameloblastoma,hsa-mir-8069,-0.04473436623811722
Humeral Fractures,rno-miR-542-3p,-0.04481158405542374
Fluoride Poisoning,rno-miR-542-3p,-0.0448184460401535
Hypothyroidism,hsa-miR-4439,-0.044844359159469604
Neoplasms and Mesothelial,hsa-miR-302a,-0.044850610196590424
Vitelliform Macular Dystrophy,hsa-miR-302a,-0.04486863315105438
Hemorrhage,hsa-miR-4492,-0.044873811304569244
Renal Artery Obstruction,hsa-miR-302a,-0.04489254951477051
Corneal dystrophy and epithelial basement membrane,hsa-mir-8069,-0.04489331692457199
Pancreatic Intraductal Neoplasms,hsa-mir-8069,-0.04492095857858658
Otitis Media,hsa-mir-8069,-0.044933564960956573
Neurodevelopmental Injuries,hsa-mir-8069,-0.0449371337890625
Panniculitis and Peritoneal,hsa-mir-8069,-0.0449412539601326
Myocardial Ischemia,hsa-mir-8069,-0.04495110362768173
Osteitis,hsa-mir-8069,-0.04495260864496231
Pregnancy and Ectopic,hsa-mir-8069,-0.04496707767248154
Fibromyalgia,hsa-mir-8069,-0.04497624188661575
Rhabdoid Tumor and Kidney,hsa-miR-3150b-3p,-0.04505394399166107
Noma,hsa-miR-4437,-0.045081183314323425
Airway Obstruction,hsa-miR-371a-3p,-0.045161373913288116
Fluoride Poisoning,hsa-miR-371a-3p,-0.0451798141002655
Splenic Neoplasms,hsa-miR-3150b-3p,-0.0452004000544548
Pancoast Syndrome,hsa-miR-4443,-0.045345693826675415
Neuralgia and Postherpetic,hsa-miR-412-5p,-0.04538964480161667
Dilated Cardiomyopathy ,hsa-miR-3135a,-0.045496925711631775
Postoperative Nausea and Vomiting,mmu-miR-697,-0.04550882428884506
Metabolic  Syndrome,hsa-miR-4443,-0.04551265388727188
Tendinopathy,hsa-miR-4492,-0.04552513360977173
Pelvic Organ Prolapse,mmu-miR-708,-0.04582976549863815
Intra-Articular Fractures,hsa-miR-23a-3p,-0.0459122434258461
Vision and Low,rno-miR-369-3p,-0.04594779014587402
Anemia and Iron-Deficiency,hsa-miR-1228*,-0.04605826735496521
Metabolic  Syndrome,mmu-miR-743a,-0.0462111160159111
Stomatitis and Aphthous,hsa-miR-320B,-0.046221472322940826
Canavan Disease,hsa-miR-135b,-0.0462370440363884
Iridocorneal Endothelial Syndrome,hsa-miR-20a*,-0.046264663338661194
Dilated Cardiomyopathy ,hsa-miR-296-3p,-0.04631464183330536
Vitreoretinochoroidopathy,hsa-miR-335-3p,-0.046424031257629395
Dilated Cardiomyopathy ,hsa-miR-126,-0.04649776965379715
Carcinoma and Adenoid Cystic and Lacrimal Gland,hsa-miR-131,-0.046518146991729736
Sezary Syndrome,hsa-let-7c-5p,-0.046529874205589294
Neoplasms and Mesothelial,hsa-miR-302b,-0.04656073451042175
Reperfusion Injury and Ischemia,hsa-miR-4325,-0.04656263440847397
Holt-Oram syndrome,mmu-miR-708,-0.04665164649486542
Reperfusion Injury and Testicular Ischemia,hsa-miR-302b,-0.0466955304145813
Reperfusion Injury and Ischemia,hsa-miR-26b,-0.046766526997089386
Tooth and Supernumerary,mmu-miR-708,-0.04681655764579773
Chediak-Higashi Syndrome,hsa-miR-23a*,-0.04685811698436737
Human T-Cell Leukemia Virus Type 1 Infections,hsa-miR-302b,-0.04689065366983414
Leukopenia,hsa-miR-324,-0.04694560915231705
 Lymph  Node Metastasis,hsa-miR-199a*-2,-0.047331757843494415
Tooth and Supernumerary,mmu-miR-700-5p,-0.047337137162685394
Nevi and Melanomas,hsa-miR-220b,-0.04746956378221512
Tachycardia,hsa-mir-8074,-0.04750759154558182
Myotonic Dystrophy,hsa-miR-150*,-0.047649361193180084
Milk Hypersensitivity,hsa-miR-150*,-0.047738127410411835
Stomatitis and Aphthous,hsa-miR-1245a,-0.047858111560344696
Mesothelioma and Malignant,hsa-miR-4437,-0.047883473336696625
Antiphospholipid Syndrome,mmu-miR-708,-0.047986842691898346
Macular dystrophy and corneal type 1,mmu-miR-676-3p,-0.04798895865678787
Intra-Articular Fractures,hsa-miR-335-5p,-0.04825091361999512
Gastric Antral Vascular Ectasia,hsa-miR-30c-2,-0.04838348180055618
Pelvic Organ Prolapse,hsa-miR-4437,-0.04862687736749649
Intra-Articular Fractures,hsa-miR-28-3p,-0.04872993379831314
Nevi and Melanomas,hsa-miR-29a-5p,-0.04874274134635925
Urinary Calculi,hsa-miR-1301-3p,-0.048748478293418884
Neoplasms and Mesothelial,hsa-miR-1301-3p,-0.0487501323223114
Wound Infection,hsa-miR-192-3,-0.048830971121788025
Phyllodes Tumor and Breast,hsa-miR-192-3,-0.04884803295135498
Intra-Articular Fractures,hsa-miR-1245a,-0.04892973601818085
Hashimoto Disease,hsa-miR-4482,-0.04894236475229263
Testicular Damage,hsa-miR-4444,-0.0489923357963562
Airway Obstruction,hsa-miR-31-3p,-0.04901280254125595
Scleral Diseases,mmu-miR-699,-0.04904327541589737
Adrenocortical Adenoma,hsa-miR-1301-3p,-0.04912826418876648
Smith-McCort Dysplasia,mmu-miR-743a,-0.049270689487457275
Ovarian Diseases,hsa-mir-8074,-0.049295082688331604
Dilated Cardiomyopathy ,EBV-miR-BART12,-0.049302034080028534
Respiratory Sounds,hsa-miR-193b-5p,-0.04939451813697815
Reperfusion Injury and Ischemia,hsa-miR-126,-0.049573712050914764
Leukopenia,EBV-mir-BART8,-0.04964420199394226
miR-142-y,hsa-mir-873,-0.049662597477436066
hsv1-miR-H9,hsa-mir-873,-0.049664534628391266
miR-675-y,hsa-mir-873,-0.04966984689235687
Heart Failure and Diastolic,hsa-miR-1245a,-0.04977729171514511
Dilated Cardiomyopathy ,hsa-miR-4281,-0.04988127946853638
Respiratory Sounds,hsa-miR-181d-5p,-0.04995536804199219
Metabolic  Syndrome,hsa-miR-4459,-0.05011115223169327
Vitreoretinochoroidopathy,hsa-miR-26b,-0.050395362079143524
Wound Infection,hsa-miR-3177,-0.050493329763412476
Nevi and Melanomas,hsa-miR-16-2-3p,-0.05049927532672882
Airway Obstruction,hsa-miR-1282,-0.05050678551197052
Tibial Neuropathy,hsa-miR-1199-3p,-0.05053114891052246
Perinatal Asphyxia,hsa-miR-4482,-0.050572723150253296
Chediak-Higashi Syndrome,hsa-miR-4256,-0.05074197053909302
Radiation-Induced Oral Mucositis,hsa-miR-376b-3p,-0.05107121914625168
Maxillary Fractures,hsa-miR-1225-3p,-0.05108778178691864
Wound Infection,hsa-miR-212-3p,-0.05124320834875107
Intra-Articular Fractures,hsa-miR-3669,-0.051273442804813385
Parvoviridae Infections,hsa-miR-20a*,-0.051353782415390015
Papillomavirus Infections,mmu-miR-708,-0.05147426575422287
Hemoglobin SC Disease,hsa-miR-193b-5p,-0.05150419473648071
Amebiasis,hsa-miR-212-3p,-0.051550060510635376
Neointima,hsa-miR-193b-5p,-0.05156928300857544
bladder carcinoma,hsa-miR-4494,-0.05164636671543121
Papilloma and Inverted,hsa-miR-374a-3p,-0.05175790935754776
bladder carcinoma,hsa-miR-4482,-0.05194205790758133
Tooth and Supernumerary,hsa-miR-4494,-0.052067458629608154
Maxillary Fractures,hsa-miR--196a-2,-0.052072517573833466
Holt-Oram syndrome,hsa-miR-4482,-0.05219823867082596
Tooth and Supernumerary,hsa-miR-4439,-0.05234052985906601
Tooth and Supernumerary,hsa-miR-4482,-0.052363209426403046
 Lymph  Node Metastasis,hsa-miR-138-2*,-0.052532270550727844
Respiratory Sounds,mmu-miR-693-5p,-0.05260451138019562
Pelvic Organ Prolapse,hsa-mir-8069,-0.05268809199333191
Leukopenia,hsa-miR-3117-3p,-0.05295649915933609
Nervous System Diseases,rno-miR-27a,-0.05295775830745697
bladder carcinoma,rno-miR-352,-0.05296378582715988
Angioedemas and Hereditary,hsa-miR-196a-1,-0.05321841686964035
Parvoviridae Infections,hsa-miR-30c-2,-0.053367577493190765
Hyperphagia,hsa-miR-4494,-0.05353574454784393
Preterm Premature Rupture of the Membranes,hsa-mir-8080,-0.05369403958320618
Dry Eye Syndromes,rno-miR-27a,-0.053825147449970245
Rhabdoid Tumor and Kidney,hsa-miR-130a*,-0.054004378616809845
Dilated Cardiomyopathy ,hsa-miR-223-5p,-0.05407428741455078
Papilloma and Inverted,hsa-miR-186*,-0.054083772003650665
Reperfusion Injury and Steatotic Liver Ischemia,hsa-miR-3126-5p,-0.05409824103116989
Fluoride Poisoning,hsa-let-7c-5p,-0.054188959300518036
systemic primary carnitine deficiency disease,hsa-miR-4459,-0.05419394373893738
Humeral Fractures,hsa-miR-17-92,-0.0542479008436203
Fluoride Poisoning,hsa-miR-17-92,-0.05425499379634857
Macular dystrophy and corneal type 1,hsa-miR-4492,-0.05430738627910614
Preterm Premature Rupture of the Membranes,mmu-miR-708,-0.05449170619249344
Humeral Fractures,hsa-miR-320B,-0.054577335715293884
Fluoride Poisoning,hsa-miR-320B,-0.05458443611860275
Precursor B-Cell Lymphoblastic Leukemia-Lymphoma,hsa-miR-4492,-0.054621994495391846
Respiratory Tract Infections,hsa-miR-4437,-0.05462491512298584
Niemann-Pick Diseases,hsa-miR-30c-2,-0.05473533272743225
Fluoride Poisoning,hsa-miR-30c-2,-0.05479445308446884
Dilated Cardiomyopathy ,hsa-miR-320b-1,-0.05481377989053726
Gastric Antral Vascular Ectasia,hsa-miR-154,-0.05495928227901459
Tendinopathy,hsa-mir-802,-0.05500597506761551
Keratitis,hsa-mir-873,-0.05520779639482498
Trichosporonosis,hsa-miR-329-3p,-0.05527005344629288
Smith-McCort Dysplasia,mmu-miR-708,-0.05539841204881668
Neuromyelitis Optica,hsa-miR-4444,-0.055423885583877563
Nervous System Diseases,hsa-mir-873,-0.055504560470581055
Blind Loop Syndrome,hsa-miR-199a*-1,-0.055508486926555634
Mastocytoma and Skin,hsa-miR-1245a,-0.055735595524311066
Maxillary Fractures,hsa-let-7a*,-0.055813513696193695
Hypocapnia,hsa-miR-216a-3p,-0.055860668420791626
Dilated Cardiomyopathy ,hsa-miR-2114*,-0.05599728226661682
Lymphoma and AIDS-Related,hsa-miR-147b,-0.05606257915496826
Dilated Cardiomyopathy ,hsa-miR-19a-3p,-0.05613072216510773
Hypocapnia,hsa-miR-1245a,-0.056162215769290924
Ophthalmoplegia and Chronic Progressive External,hsa-miR-020,-0.056244686245918274
Testicular Damage,mmu-miR-743a,-0.056270845234394073
Respiratory Sounds,hsa-miR-3669,-0.0563468262553215
Papilloma and Inverted,hsa-miR-4267,-0.056545279920101166
Respiratory Sounds,hsa-miR-320b-1,-0.05665706843137741
Parvoviridae Infections,hsa-miR-223-5p,-0.056708768010139465
Papillomavirus Infections,hsa-miR-4494,-0.056725166738033295
Epilepsies and Partial,hsa-miR-4444,-0.05709236115217209
Tinnitus,hsa-miR-223-5p,-0.0570945143699646
Dilated Cardiomyopathy ,hsa-miR-1226,-0.05711811035871506
Equine Infectious Anemia,hsa-miR-130a,-0.05728553980588913
Blind Loop Syndrome,hsa-miR-3653-3p,-0.05743356794118881
Reperfusion Injury and Ischemia,hsa-miR-3669,-0.057579487562179565
Myeloma Bone Disease,hsa-miR-4327,-0.05775517225265503
Intermittent Claudication,hcmv-miR-UL59,-0.0577763095498085
Metabolic  Syndrome,hsa-miR-4482,-0.057885557413101196
Calcification of Joints and Arteries,hsa-miR-3669,-0.05838704854249954
Teratoma,hsa-miR-4439,-0.05841125547885895
Nevi and Melanomas,hcmv-miR-UL148d,-0.05844682455062866
IMAGe syndrome,hsa-miR-3669,-0.05847993493080139
Hypocapnia,hsa-miR-3669,-0.058506160974502563
Airway Obstruction,hsa-miR-3126-5p,-0.0585479810833931
Lattice corneal dystrophy type 1,hcmv-miR-UL148d,-0.05855462700128555
Maxillary Fractures,hsa-miR-4255,-0.05885845422744751
Blind Loop Syndrome,hsa-miR-29c,-0.05891776829957962
Spinal Dysraphism,hsa-miR-1305,-0.05896550416946411
Hemorrhage,hsa-miR-4444,-0.05901829153299332
Adrenocorticotropic hormone deficiency,mmu-miR-701,-0.05905541032552719
Fluoride Poisoning,hsa-miR-3925,-0.05928191542625427
Niemann-Pick Diseases,hsa-miR-1305,-0.05929793417453766
Vision Disorders,hsa-miR-1305,-0.05932777374982834
 Lymph  Node Metastasis,hsa-miR-374a-3p,-0.05937003344297409
Preterm Premature Rupture of the Membranes,hsa-miR-4494,-0.05974266678094864
Intra-Articular Fractures,hsa-miR-093,-0.059890687465667725
 Lymph  Node Metastasis,hsa-miR-3689f,-0.0599370002746582
Ovarian Diseases,rno-miR-27a,-0.06006518751382828
Testicular Damage,hsa-miR-4459,-0.060170821845531464
Venous Neointimal Hyperplasia,hsa-miR-30c-1,-0.06028195470571518
UV-Sensitive Syndrome,hsa-let-7g-5p,-0.06031307578086853
peripartum cardiomyopathy,hsa-mir-8074,-0.06036122143268585
Heart Failure and Diastolic,hsa-miR-29c,-0.06037154048681259
Neuropathic Low Back Pain,hsa-miR-093,-0.06061988323926926
pancreatic adenocarcinoma,hsa-miR-4444,-0.060690008103847504
Leukopenia,hsa-miR-1225,-0.06072460114955902
Heart Failure and Diastolic,hsa-miR-19b-1,-0.06081313639879227
Smith-McCort Dysplasia,hsa-miR-4439,-0.060922443866729736
Airway Obstruction,hsa-miR-2467-3p,-0.061076149344444275
Intra-Articular Fractures,hsa-miR-1258,-0.061079755425453186
Gastric Antral Vascular Ectasia,hsa-miR-151*,-0.06111719459295273
Vitreoretinochoroidopathy,hsa-miR-3669,-0.06120826303958893
Maxillary Fractures,hsa-miR-3928-3p,-0.061256520450115204
Dilated Cardiomyopathy ,hsa-miR-3653-3p,-0.06127024441957474
Radiation-Induced Oral Mucositis,hsa-miR-199a*-2,-0.061466529965400696
Pathologic Processes,mmu-miR-743a,-0.06151451915502548
Kidney Cortex Necrosis,hsa-miR-4441,-0.06154940277338028
Equine Infectious Anemia,hsa-miR-34a-5p,-0.06157240271568298
Tauopathies,hsa-miR-19b-1,-0.06177489459514618
 Lymph  Node Metastasis,hsa-miR-1225,-0.06179811805486679
Equine Infectious Anemia,hsa-miR-1293,-0.06185402721166611
systemic primary carnitine deficiency disease,hsa-miR-4482,-0.06196834146976471
Dysentery and Bacillary,hsa-miR-1293,-0.06210043281316757
Wallerian Degeneration,hsa-miR-4443,-0.06219268590211868
Neutropenia,hsa-miR-1914*,-0.062234602868556976
Tricuspid Valve Insufficiency,hsa-miR-1914*,-0.06224560737609863
Smith-McCort Dysplasia,hsa-mir-8069,-0.062256790697574615
Reperfusion Injury and Steatotic Liver Ischemia,hsa-miR-29c,-0.062347255647182465
Leukopenia,hsa-miR-1283-1,-0.062387511134147644
Polyposis Syndrome and Hereditary Mixed and 1,hsa-miR-1914*,-0.06247010827064514
Dilated Cardiomyopathy ,hsa-miR-103-as,-0.062476061284542084
thyroid gland Hurthle cell carcinoma,hsa-miR-1914*,-0.062481626868247986
Pneumococcal Infections,hsa-miR-4255,-0.06252685189247131
Reperfusion Injury and Testicular Ischemia,hsa-miR-1273h-3p,-0.06262008845806122
Humeral Fractures,hsa-miR-378j,-0.06269611418247223
Reperfusion Injury and Steatotic Liver Ischemia,hsa-miR-093,-0.06271395832300186
Nerve Degeneration,hsa-mir-7844,-0.06274741142988205
Maxillary Fractures,hsa-miR-19a-5p,-0.06297256052494049
Leukopenia,hsa-miR-4267,-0.06308388710021973
Ischaemic Heart Disease,hsa-miR-199a*-1,-0.06315123289823532
Leukopenia,hsa-miR-3124,-0.06317683309316635
Dilated Cardiomyopathy ,hsa-miR-19b-1,-0.06319580227136612
Radiation-Induced Oral Mucositis,hsa-miR-4482-5p,-0.06345157325267792
Epilepsies and Partial,hsa-miR-4443,-0.06367257982492447
Tauopathies,hsa-miR-130b,-0.06380055099725723
Spinal Injuries,hsa-miR-4511,-0.06388223171234131
Wallerian Degeneration,hsa-miR-4456,-0.06479302793741226
Intra-Articular Fractures,hsa-miR-193b*,-0.06489340215921402
Respiratory Sounds,hsa-miR-093,-0.0649641901254654
Skin Ulcer,hsa-miR-20a-3p,-0.06518381088972092
Testicular Damage,hsa-miR-4437,-0.06519573926925659
Dilated Cardiomyopathy ,hsa-miR-130b,-0.06522133946418762
Cone Dystrophy 3,hsa-miR-3125,-0.06534135341644287
 Lymph  Node Metastasis,hsa-miR-30a,-0.06538808345794678
Pathologic Processes,hsa-miR-4459,-0.06541449576616287
Cholesteatoma and Middle Ear,hsa-miR-4443,-0.06547011435031891
IgA Vasculitis,rno-miR-369-3p,-0.06580207496881485
Vitreoretinochoroidopathy,hsa-miR-199a*-1,-0.06604958325624466
Follicular Atresia,hsa-miR-4459,-0.06606088578701019
Dermatomyositis,hsa-miR-4511,-0.06606536358594894
Hypocapnia,hsa-miR-29c,-0.06675682216882706
Enterovirus A Infection,mmu-miR-743a,-0.06689420342445374
Intermittent Claudication,hsa-let-7a-1,-0.06690152734518051
IMAGe syndrome,hsa-miR-093,-0.06709694117307663
Hypocapnia,hsa-miR-093,-0.06712327897548676
miR-142-y,hsa-miR-4444,-0.06715065240859985
hsv1-miR-H7,hsa-miR-4444,-0.06715627759695053
miR-BART21,hsa-miR-4444,-0.06716138124465942
Drug Resistant Epilepsy,hsa-miR-4511,-0.06724468618631363
Dilated Cardiomyopathy ,hsa-miR-1307-5p,-0.06725224107503891
Niemann-Pick Diseases,hsa-miR-223-3p,-0.06746058911085129
Hypocapnia,hsa-miR-223-3p,-0.06746096909046173
Vitreoretinochoroidopathy,hsa-miR-29b-1,-0.06753436475992203
Pathologic Processes,mmu-miR-708,-0.06764242798089981
Toxoplasmosis and Cerebral,hsa-mir-8080,-0.0677848681807518
Testicular Damage,hsa-miR-4439,-0.06792271882295609
Testicular Damage,hsa-miR-4482,-0.06794539839029312
pancreatic adenocarcinoma,mmu-miR-743a,-0.06796856969594955
Neurotoxicity Syndromes,hsa-mir-8080,-0.0680190846323967
Neuromyelitis Optica,hsa-mir-8080,-0.0680326372385025
Trichosporonosis,hsa-miR-20b*,-0.06805580109357834
Cholesteatoma and Middle Ear,hsa-miR-4456,-0.06807056814432144
Granulomatous Disease and Chronic,hsa-miR-101b,-0.06820442527532578
Multiple Mitochondrial Dysfunctions Syndrome,hsa-miR-101b,-0.06821994483470917
UV-Sensitive Syndrome,hsa-miR-101b,-0.06823506206274033
Epilepsies and Partial,hsa-miR-4459,-0.0682709589600563
Lupus Vasculitis and Central Nervous System,hsa-miR-101b,-0.06828092783689499
Follicular Atresia,mmu-miR-708,-0.06828881055116653
Niemann-Pick Diseases,hsa-miR-1258,-0.0683121457695961
Intra-Articular Fractures,hsa-miR-135a*,-0.06835605204105377
Posterior Segment Ocular Diseases,hsa-miR-101b,-0.06838151812553406
Optic Nerve Injuries,hsa-miR-4511,-0.06842722743749619
Toxoplasmosis and Cerebral,mmu-miR-708,-0.06858276575803757
Cholesteatoma and Middle Ear,hsa-miR-450a-5p,-0.06869788467884064
Anemia and Iron-Deficiency,hsa-miR-1275,-0.06872964650392532
Neuromyelitis Optica,mmu-miR-708,-0.06883035600185394
Spinal Dysraphism,hsa-miR-130b,-0.0688910260796547
Intermittent Claudication,hsa-miR-30a,-0.06890592724084854
Persistent Fetal Circulation Syndrome,mmu-miR-708,-0.06910540163516998
Airway Obstruction,hsa-miR-130b,-0.06926430761814117
Neurotoxicity Syndromes,mmu-miR-700-5p,-0.0693371370434761
Tendinopathy,hsa-miR-450a-5p,-0.06947754323482513
Respiratory Sounds,hsa-miR-3667-3p,-0.06957154721021652
Intra-Articular Fractures,hsa-miR-4433-3p,-0.06973790377378464
Anemia and Iron-Deficiency,hsa-miR-1284,-0.0698462575674057
Fluoride Poisoning,hsa-miR-3646,-0.06985007226467133
Hyperoxaluria,EBV-miR-BART3,-0.07001633942127228
Cholesteatoma and Middle Ear,hsa-miR-4459,-0.07006843388080597
American Tegumentary Leishmaniasis,hsa-miR-4461,-0.07012835144996643
Pulmonary Hypertension and Thromboembolic and Chronic,mmu-miR-743a,-0.07026436179876328
Posterior Segment Ocular Diseases,hsa-miR-4461,-0.07032082229852676
Fluoride Poisoning,hsa-miR-1303,-0.07046259939670563
Intra-Articular Fractures,mmu-miR-744,-0.07064049690961838
Enterovirus A Infection,hsa-miR-4459,-0.07079412043094635
Lymphoproliferative Disorders,hsa-miR-4428,-0.0707947239279747
Tendinopathy,hsa-miR-4459,-0.07084815204143524
Severe Acute Respiratory Syndrome,hsa-mir-8080,-0.07097204774618149
Cholesteatoma and Middle Ear,hsa-mir-8080,-0.07149875909090042
Esophageal Achalasia,hsa-miR-26a-1-3p,-0.07151327282190323
Adrenocorticotropic hormone deficiency,hsa-mir-7844,-0.07151911407709122
Hemorrhage,hsa-mir-8080,-0.07162709534168243
Lymphohistiocytosis and Hemophagocytic,mmu-miR-707,-0.07164599746465683
Fabry   Nephropathy,mmu-miR-707,-0.07169546186923981
Neuropathic Low Back Pain,hsa-miR-140-5p,-0.07192393392324448
 Lymph  Node Metastasis,hsa-miR-3155,-0.07211408019065857
Neutropenia,hsa-miR-212,-0.07217483222484589
Fluoride Poisoning,hsa-miR-34a-3p,-0.07219645380973816
Brain Edema,hsa-miR-3164,-0.07223019748926163
D-bifunctional protein deficiency,hsa-miR-125b-2,-0.07223337143659592
Severe Acute Respiratory Syndrome,mmu-miR-700-5p,-0.07229017466306686
Endothelial Barrier Dysfunction,hsa-miR-4444,-0.07229390740394592
Cone Dystrophy 3,hsa-miR-3156-5p,-0.072419174015522
Scleral Diseases,hsa-miR-212,-0.07243827730417252
Polymyalgia Rheumatica,hsa-miR-3164,-0.07244601845741272
Intra-Articular Fractures,hsa-miR-125b-2,-0.07250037044286728
Pathologic Processes,hsa-miR-4494,-0.07289320230484009
IgA Vasculitis,hsa-mir-873,-0.07290030270814896
Gliosis,hsa-miR-2114,-0.07297524809837341
Nervous System Diseases,hsa-miR-4444,-0.07299255579710007
Airway Obstruction,hsa-miR-3917,-0.07301495969295502
Enterovirus A Infection,mmu-miR-708,-0.07302210479974747
Spinal Injuries,hsa-mir-8074,-0.07315374910831451
Chediak-Higashi Syndrome,hsa-miR-2114,-0.07317467033863068
Meniscus Degeneration,hsa-miR-2114,-0.07317952066659927
Chills,hsa-miR-1908,-0.07322157174348831
Lupus Vasculitis and Central Nervous System,hsa-miR-3914,-0.07328292727470398
pancreatic adenocarcinoma,hsa-mir-8080,-0.07329875230789185
Heart Failure and Diastolic,hsa-miR-125b-2,-0.07334792613983154
Gastric Antral Vascular Ectasia,hsa-miR-125b-2,-0.0733807384967804
Transmissible Gastroenteritis,hsa-miR-3914,-0.07338956743478775
Radiation-Induced Oral Mucositis,hsa-miR-374a-3p,-0.07350490242242813
Deglutition Disorders,hsa-miR-3914,-0.07357222586870193
thyroid gland Hurthle cell carcinoma,hsa-miR-1908,-0.07360479235649109
Chediak-Higashi Syndrome,hsa-miR-1908,-0.07360725104808807
Anemia and Iron-Deficiency,hsa-miR-329-3p,-0.07371624559164047
Cholangitis and Sclerosing and Primary,hsa-mir-8074,-0.07379106432199478
Toxoplasmosis and Cerebral,hsa-miR-4494,-0.07383360713720322
Follicular Atresia,hsa-miR-4482,-0.0738353431224823
Bardet-Biedl Syndrome 11,hsa-miR-4443,-0.07401645928621292
Mesangial sclerosis and diffuse,mmu-miR-708,-0.07414595037698746
Vitreoretinochoroidopathy,hsa-miR-26a-1-3p,-0.0741647332906723
Neurotoxicity Syndromes,hsa-miR-4439,-0.07434059679508209
Urinary Bladder Neck Obstruction,hsa-mir-8074,-0.07437826693058014
Myotonic Dystrophy,hsa-miR-3928-5p,-0.0744151696562767
Wallerian Degeneration,hsa-miR-4482,-0.07456552982330322
Brugada Syndrome,hsa-miR-3928-5p,-0.07459108531475067
Reperfusion Injury and Testicular Ischemia,hsa-miR-3199,-0.0749097540974617
Heart Failure and Diastolic,EBV-miR-BART16,-0.07494769245386124
Nervous System Neoplasms,hsa-miR-4444,-0.075119748711586
Optic atrophy 1 and deafness,hsa-miR-3199,-0.07521691173315048
Precursor B-Cell Lymphoblastic Leukemia-Lymphoma,hsa-miR-4443,-0.07534681260585785
Maxillary Fractures,hsa-miR-19b-1*,-0.07552013546228409
Trichosporonosis,hsa-miR-181b-2,-0.07554211467504501
Respiratory Sounds,mmu-miR-744,-0.07571399956941605
Cerebellar Diseases,hsa-mir-8078,-0.07579217106103897
Dilated Cardiomyopathy ,hsa-miR-130b-3p,-0.07582391798496246
Radiation-Induced Oral Mucositis,hsa-miR-186*,-0.07583070546388626
Arsenic Poisoning,hsa-mir-8074,-0.07587725669145584
Diabetes Mellitus and Experimental,mmu-miR-700-5p,-0.07588231563568115
Exfoliation Syndrome,hsa-mir-8074,-0.07605563849210739
Motion Sickness,hsa-mir-8080,-0.07629623264074326
Pulmonary Hypertension and Thromboembolic and Chronic,mmu-miR-708,-0.07639232277870178
Drug Resistant Epilepsy,hsa-mir-8074,-0.07651620358228683
Intra-Articular Fractures,hsa-miR-193a,-0.07665427029132843
Arteritis,hsa-mir-8074,-0.07679017633199692
Motion Sickness,mmu-miR-708,-0.07709401100873947
Chediak-Higashi Syndrome,hsa-miR-195,-0.07725419849157333
Adrenocorticotropic hormone deficiency,hsa-mir-8074,-0.07738049328327179
Liposarcoma,hsa-miR-4510,-0.07747327536344528
Cholesteatoma and Middle Ear,hsa-miR-4494,-0.07754725962877274
Premature Birth,hsa-miR-4437,-0.0776420459151268
Optic Nerve Injuries,hsa-mir-8074,-0.07769880443811417
Postoperative Nausea and Vomiting,hsa-mir-8074,-0.07773661613464355
Periapical Periodontitis,hsa-mir-8074,-0.07793503254652023
Hemorrhage,hsa-miR-4439,-0.07794861495494843
Hemorrhage,hsa-miR-4482,-0.07797123491764069
Tachycardia,hsa-miR-4444,-0.07831255346536636
Tendinopathy,hsa-miR-4494,-0.07832703739404678
hsv-miR-H1,hsa-miR-4459,-0.0783361867070198
Renal Insufficiency and Chronic,hsa-miR-4510,-0.07839423418045044
Neointima,hsa-miR-140-5p,-0.07844312489032745
Tendinopathy,hsa-miR-4439,-0.07860005646944046
Skin Ulcer,hsa-miR-296,-0.07860147207975388
Adrenocortical Adenoma,EBV-mir-BART12,-0.07866302877664566
Uterine Neoplasms,hsa-miR-4494,-0.07879872620105743
Endothelial Barrier Dysfunction,hsa-miR-4443,-0.0788741260766983
Tauopathies,hsa-miR-152,-0.07892914861440659
 Lymph  Node Metastasis,hsa-miR-4254,-0.0790010616183281
Dilated Cardiomyopathy ,hsa-miR-296,-0.07909045368432999
Uterine Neoplasms,hsa-miR-4482,-0.079094298183918
Pulmonary Hypertension and Thromboembolic and Chronic,hsa-miR-4437,-0.07918931543827057
Fluoride Poisoning,hsa-miR-206,-0.07931795716285706
Radiation-Induced Oral Mucositis,hsa-miR-30a,-0.07952296733856201
Disease Progression,hsa-miR-4437,-0.07960591465234756
Urinary Calculi,hsa-miR-4449,-0.0796278715133667
pancreatic adenocarcinoma,hsa-miR-4482,-0.07964300364255905
 Lymph  Node Metastasis,hsa-miR-411,-0.07965255528688431
Mesangial sclerosis and diffuse,hsa-miR-4439,-0.07966974377632141
Posterior Segment Ocular Diseases,hsa-miR-4475,-0.07968416064977646
Vaginosis and Bacterial,hsa-miR-155*,-0.0797090083360672
Ophthalmoplegia and Chronic Progressive External,hsa-miR-193b,-0.0800091102719307
Ovarian Diseases,hsa-miR-4444,-0.0801001638174057
Dry Eye Syndromes,hsa-miR-4443,-0.08044028282165527
Vitreoretinochoroidopathy,mmu-miR-744,-0.0805753692984581
Equine Infectious Anemia,hsa-let-7f-2*,-0.08059558272361755
Adenocarcinoma Of Esophagus,hsa-miR-1323,-0.08072415739297867
Meniscus Degeneration,hsa-let-7f-2*,-0.08089818060398102
Nevus and Halo,hsa-miR-4443,-0.0809735581278801
Anemia and Iron-Deficiency,hsa-let-7a*,-0.08106160908937454
Fluoride Poisoning,hsa-mir-8078,-0.08130121231079102
Airway Obstruction,EBV-miR-BART16,-0.08137321472167969
Dermatomyositis,rno-miR-369-3p,-0.08155554533004761
Nervous System Neoplasms,hsa-miR-4443,-0.08169996738433838
Airway Obstruction,rno-miR-25,-0.0817076563835144
Vision and Low,hsa-miR-4459,-0.08171280473470688
Skeletal Muscle Injury,hsa-miR-1277-3p,-0.08209950476884842
Rift Valley Fever,rno-miR-27a,-0.08215714246034622
Disease Progression,hsa-miR-4439,-0.08233277499675751
Motion Sickness,hsa-miR-4494,-0.08234485238790512
Disease Progression,hsa-miR-4482,-0.08235545456409454
Scleral Diseases,hsa-miR-1283,-0.08240588009357452
Meniscus Degeneration,hsa-miR-1277-3p,-0.0824831947684288
Maxillary Fractures,hsa-miR-3620-5p,-0.08284450322389603
Neutropenia,hsa-miR-3680-3p,-0.0833871141076088
Optic atrophy 1 and deafness,hsa-miR-1260b,-0.083487369120121
Neuralgia and Postherpetic,hsa-miR-193a,-0.0834941416978836
Nevus and Halo,hsa-miR-4456,-0.08357395976781845
Heat Stroke,hsa-miR-4456,-0.08357682079076767
Classical Swine Fever,hsa-miR-4265,-0.08361291140317917
Reperfusion Injury and Steatotic Liver Ischemia,hsa-miR-433,-0.083621546626091
Dry Eye Syndromes,hsa-miR-450a-5p,-0.083668053150177
Tibial Neuropathy,hsa-miR-4265,-0.08367415517568588
Neutropenia,hsa-miR-4265,-0.08371037989854813
Lymphoproliferative Disorders,rno-miR-369-3p,-0.08374588191509247
Stenosis and Pulmonary Artery,hsa-miR-193a,-0.08385542780160904
Keratitis,hsa-miR-4459,-0.08387427031993866
Vision and Low,mmu-miR-700-5p,-0.08446142822504044
Heart Neoplasms,hsa-miR-4444,-0.08477342873811722
Anemia and Refractory and with Excess of Blasts,hsa-miR-4444,-0.08479509502649307
Drug-Induced Kidney Injury,hsa-miR-4439,-0.08487764745950699
Dry Eye Syndromes,hsa-miR-4459,-0.08503837138414383
Radiation-Induced Oral Mucositis,hsa-miR-1285-5p,-0.08521134406328201
Equine Infectious Anemia,hsa-miR-374c-3p,-0.08521424978971481
Nerve Degeneration,hsa-miR-4492,-0.08526937663555145
Susac Syndrome,hsa-miR-130,-0.0853356122970581
White Coat Hypertension,hsa-miR-4443,-0.08539524674415588
Peritonsillar Abscess,hsa-miR-3155,-0.08543138206005096
Endothelial Barrier Dysfunction,mmu-miR-708,-0.08570049703121185
Stomach Ulcer,rno-miR-27a,-0.08595491200685501
Radiation-Induced Oral Mucositis,hsa-miR-3190-3p,-0.08596275746822357
Granulomatous Disease and Chronic,hsa-miR-3152-3p,-0.08611416071653366
Familial Hypophosphatemic Rickets,hsa-mir-873,-0.08621587604284286
Pneumococcal Infections,hsa-let-7e*,-0.08624127507209778
Nervous System Neoplasms,hsa-miR-4459,-0.08629810810089111
Dry Eye Syndromes,hsa-mir-8080,-0.08646887540817261
Arsenic Poisoning,rno-miR-27a,-0.08664727956056595
Posterior Segment Ocular Diseases,hsa-miR-3615,-0.08678362518548965
Heat Stroke,hsa-mir-8080,-0.0870048925280571
Vitreoretinochoroidopathy,hsa-miR-152,-0.08705483376979828
Chromosome Duplication,hsa-miR-4444,-0.08709762245416641
Dry Eye Syndromes,mmu-miR-708,-0.08726659417152405
Macular dystrophy and corneal type 1,hsa-miR-4482,-0.08740492165088654
Lymphoma and T-Cell,hsa-miR-4444,-0.0874982476234436
Arteritis,rno-miR-27a,-0.08756031841039658
Urinary Bladder Neck Obstruction,hsa-mir-873,-0.0876951515674591
Scleral Diseases,hsa-miR-27a-5p,-0.08790933340787888
Airway Obstruction,hsa-miR-210-3p,-0.08794974535703659
Heat Stroke,mmu-miR-700-5p,-0.08832307159900665
Anemia and Iron-Deficiency,hsa-miR-3202,-0.08853528648614883
Precursor B-Cell Lymphoblastic Leukemia-Lymphoma,rno-miR-352,-0.08874138444662094
Dilated Cardiomyopathy ,hsa-miR-3650,-0.08884274959564209
Ophthalmoplegia and Chronic Progressive External,hsa-miR-223-5p,-0.08885972946882248
Keratitis,hsa-miR-4437,-0.08889930695295334
Adenocarcinoma Of Esophagus,rno-miR-99a,-0.08896439522504807
Arsenic Poisoning,hsa-mir-873,-0.08919414132833481
Tricuspid Valve Insufficiency,hsa-miR-30c-2*,-0.08919819444417953
 Lymph  Node Metastasis,hsa-miR-3614-5p,-0.08922107517719269
 Lymph  Node Metastasis,hsa-miR-200a-3p,-0.0892888754606247
Exfoliation Syndrome,hsa-mir-873,-0.08937252312898636
Polyposis Syndrome and Hereditary Mixed and 1,hsa-miR-30c-2*,-0.08942269533872604
Maxillary Fractures,hsa-miR-1256,-0.08942736685276031
Vision and Low,hsa-miR-4482,-0.08948732167482376
Tachycardia,hsa-miR-4459,-0.08949097245931625
Reperfusion Injury and Steatotic Liver Ischemia,hsa-miR-17-5p,-0.08951643109321594
Gastric Antral Vascular Ectasia,hsa-miR-1251-5p,-0.08962474763393402
Tauopathies,hsa-miR-1301-5p,-0.08969178050756454
Diabetic Nephropathies and Proliferative,hsa-miR-4459,-0.089811772108078
Drug Resistant Epilepsy,hsa-mir-873,-0.0898330882191658
Dilated Cardiomyopathy ,hsa-miR-2681-5p,-0.09007561206817627
Arteritis,hsa-mir-873,-0.09010712057352066
Gastric Antral Vascular Ectasia,hsa-miR-379*,-0.09033279120922089
IgA Vasculitis,hsa-miR-4444,-0.09038842469453812
Intra-Articular Fractures,hsa-miR-3146,-0.09057047963142395
Nevus and Halo,hsa-miR-4437,-0.09059673547744751
Heat Stroke,hsa-miR-4437,-0.09059960395097733
Skeletal Muscle Injury,hsa-miR-432*,-0.09082037955522537
Dilated Cardiomyopathy ,hsa-miR-3682-3p,-0.09087377041578293
Endothelial Barrier Dysfunction,hsa-miR-4494,-0.09095121920108795
Asthma and Allergic and Seasonal,mmu-miR-743a,-0.09097923338413239
Urinary Bladder Neck Obstruction,hsa-miR-4492,-0.09103884547948837
peripartum cardiomyopathy,hsa-miR-4444,-0.09116615355014801
Ovarian Diseases,hsa-miR-4459,-0.09127846360206604
Heart Failure and Diastolic,hsa-miR-3146,-0.09141803532838821
Intra-Articular Fractures,hsa-miR-1979,-0.09147944301366806
Cone Dystrophy 3,hsa-miR-17-92,-0.0916208028793335
 Lymph  Node Metastasis,hsa-let-7a-3p,-0.0916234701871872
Nervous System Diseases,hsa-miR-4494,-0.09164998680353165
Reperfusion Injury and Testicular Ischemia,hsa-miR-383,-0.0922371968626976
Radiation-Induced Oral Mucositis,hsa-miR-3137,-0.09256896376609802
Airway Obstruction,hsa-miR-371-5p,-0.09263350814580917
Dry Eye Syndromes,hsa-miR-4439,-0.09279044717550278
 Lymph  Node Metastasis,hsa-miR-3619-3p,-0.0928604006767273
Asthma and Allergic and Seasonal,hsa-miR-4456,-0.09288134425878525
Parvoviridae Infections,hsa-miR-4447,-0.09288482367992401
Heat Stroke,hsa-miR-4494,-0.09305333346128464
Heat Stroke,hsa-miR-4439,-0.09332646429538727
Nevus and Halo,hsa-miR-4482,-0.09334622323513031
Radiation-Induced Oral Mucositis,hsa-miR-411,-0.09378742426633835
Diffuse Malignant Peritoneal Mesothelioma,hsa-mir-8078,-0.09380476176738739
Heart Neoplasms,hsa-miR-4456,-0.0939541608095169
Ovarian Diseases,mmu-miR-700-5p,-0.09402714669704437
Adrenocorticotropic hormone deficiency,hsa-miR-4492,-0.09404096007347107
Myeloma Bone Disease,hsa-miR-183-5p,-0.09407203644514084
Lymphoma and T-Cell,hsa-miR-4443,-0.09407858550548553
Neuropathic Low Back Pain,hsa-miR-378a-5p,-0.09408774971961975
Vaginosis and Bacterial,hsa-miR-183-5p,-0.0940980315208435
Dilated Cardiomyopathy ,hsa-miR-1234-3p,-0.09420262277126312
Splenic Neoplasms,hsa-miR-183-5p,-0.094231978058815
Postoperative Nausea and Vomiting,hsa-miR-4492,-0.09439725428819656
Heart Neoplasms,hsa-miR-450a-5p,-0.0945814773440361
Ophthalmoplegia and Chronic Progressive External,hsa-miR-1826,-0.09496250748634338
 Lymph  Node Metastasis,hsa-miR-020,-0.09555098414421082
 Lymph  Node Metastasis,hsa-miR--196a-2,-0.09611724317073822
Reperfusion Injury and Steatotic Liver Ischemia,hsa-miR-378a-5p,-0.0961814671754837
Ovarian Diseases,hsa-miR-4437,-0.09630361944437027
Lymphoma and T-Cell,hsa-miR-4456,-0.09667898714542389
Tachycardia,hsa-miR-4482,-0.09726555645465851
Amebiasis,hsa-miR-146b-3p,-0.09741198271512985
White Coat Hypertension,hsa-miR-4494,-0.09747221320867538
 Lymph  Node Metastasis,hsa-miR-1255b,-0.09758966416120529
Adrenocortical Adenoma,hsa-miR-15a,-0.09763897210359573
White Coat Hypertension,hsa-miR-4482,-0.0977679044008255
IMAGe syndrome,hsa-miR-1234-3p,-0.09817883372306824
X-linked spermatogenic failure 1,hsa-miR-1914,-0.09825542569160461
Primary Gastrointestinal Diffuse Large B-Cell Lymphoma ,hsa-miR-1914,-0.09832748770713806
Reperfusion Injury and Steatotic Liver Ischemia,hsa-miR-181a-3p,-0.09852086752653122
Reperfusion Injury and Testicular Ischemia,hsa-miR-3074-3p,-0.09869621694087982
Tibial Neuropathy,hsa-miR-328-1,-0.09874144196510315
Peripheral Vascular Diseases,hsa-miR-328-1,-0.0987449660897255
Rhabdoid Tumor and Kidney,hsa-miR-328-1,-0.09874560683965683
Humeral Fractures,hsa-miR-1979,-0.09876379370689392
Ovarian Diseases,hsa-miR-4482,-0.09905315935611725
Intra-Articular Fractures,hsa-miR-3175,-0.09906205534934998
Nerve Degeneration,hsa-miR-4444,-0.09941377490758896
Asthma and Chronic,hsa-miR-33a*,-0.09943148493766785
Chromosome Duplication,hsa-mir-8080,-0.09970642626285553
Neutropenia,hsa-miR-2115-5p,-0.09985404461622238
Polyposis Syndrome and Hereditary Mixed and 1,hsa-miR-2115-5p,-0.10008971393108368
IgA Vasculitis,hsa-miR-450a-5p,-0.10019635409116745
Nevi and Melanomas,hsa-miR-138,-0.10027650743722916
Neuralgia,hsa-miR-4444,-0.10063058882951736
Heart Neoplasms,hsa-miR-4437,-0.10097700357437134
Intra-Articular Fractures,hsa-miR-378f,-0.10139386355876923
Periodontitis and Diabetic,hsa-miR-196a*,-0.10152510553598404
IgA Vasculitis,hsa-miR-4459,-0.101566843688488
Reperfusion Injury and Testicular Ischemia,hsa-miR-196a*,-0.10161661356687546
Amebiasis,hsa-miR-196a*,-0.10190153121948242
Intra-Articular Fractures,hsa-miR-185*,-0.10194998979568481
Stomatitis and Aphthous,hsa-miR-1225-5p,-0.1019824743270874
Trichosporonosis,hsa-miR-19b-3p,-0.10264893621206284
Heart Failure and Diastolic,hsa-miR-185*,-0.10279778391122818
Blind Loop Syndrome,hsa-miR-4517,-0.10284307599067688
Anemia and Iron-Deficiency,hsa-miR-193b-5p,-0.1028464064002037
 Lymph  Node Metastasis,hsa-miR-4255,-0.10290323197841644
Chromosome Duplication,hsa-miR-4437,-0.10330107808113098
Heart Neoplasms,hsa-miR-4494,-0.10343073308467865
Lymphoma and T-Cell,hsa-miR-4437,-0.10370182245969772
Familial Hypophosphatemic Rickets,hsa-miR-4444,-0.10370396822690964
Heart Neoplasms,hsa-miR-4482,-0.10372636467218399
Equine Infectious Anemia,hsa-miR-4433a-3p,-0.10380008816719055
Spinal Injuries,hsa-miR-4444,-0.10395879298448563
Amebiasis,hsa-miR-4433a-3p,-0.10413087904453278
Splenic Neoplasms,hsa-miR-3156-3p,-0.10437512397766113
Segmental Vitiligo,hsa-miR-30b-5p,-0.10443726927042007
Scleral Diseases,hsa-miR-3156-3p,-0.10452356934547424
Tauopathies,hsa-miR-181a-2-3p,-0.10474065691232681
peripartum cardiomyopathy,mmu-miR-700-5p,-0.10509314388036728
Primary Gastrointestinal Diffuse Large B-Cell Lymphoma ,hsa-miR-3674,-0.10530202835798264
Stress Disorders and Post-Traumatic,hsa-miR-4444,-0.10537520051002502
Iridocorneal Endothelial Syndrome,hsa-miR-302a,-0.10567072778940201
Dilated Cardiomyopathy ,hsa-miR-181b-5p,-0.10587231814861298
Nevi and Melanomas,hsa-miR-2114-3p,-0.10627690702676773
Dilated Cardiomyopathy ,hsa-miR-1225-5p,-0.10628407448530197
Fluoride Poisoning,hsa-miR-3175,-0.10635356605052948
Nerve Degeneration,mmu-miR-743a,-0.10669233649969101
Granulomatous Disease and Chronic,hsa-miR-20b-5p,-0.10670533776283264
Myotonic Dystrophy,hsa-miR-20b-5p,-0.10676918923854828
Genetic Diseases and Inborn,hsa-miR-4444,-0.10678710043430328
Meniscus Degeneration,hsa-miR-20b-5p,-0.10710317641496658
Drug Resistant Epilepsy,hsa-miR-4444,-0.10732118785381317
Chromosome Duplication,hsa-mir-8069,-0.10736241191625595
Posterior Segment Ocular Diseases,hsa-miR-2681*,-0.10742145031690598
Anemia and Iron-Deficiency,hsa-miR-1245a,-0.10745470970869064
Nevi and Melanomas,hsa-miR-362,-0.10760610550642014
Lymphoma and T-Cell,hsa-mir-8069,-0.10776321589946747
Neuralgia,mmu-miR-743a,-0.10790909826755524
Renal Artery Obstruction,hsa-miR-221-5p,-0.1081540584564209
Lymphoproliferative Disorders,hsa-miR-4444,-0.10833225399255753
Spinal Dysraphism,hsa-miR-29b-3p,-0.10855915397405624
Rift Valley Fever,hsa-miR-4443,-0.1087724044919014
Parvoviridae Infections,hsa-miR-1225-5p,-0.10891861468553543
Vitreoretinochoroidopathy,hsa-miR-3175,-0.10899698734283447
IgA Vasculitis,hsa-miR-4482,-0.10934142768383026
Neuropathic Low Back Pain,mmu-miR-699,-0.10941652953624725
Lattice corneal dystrophy type 1,hsa-miR-189,-0.10968242585659027
Familial Hypophosphatemic Rickets,hsa-miR-4443,-0.11028427630662918
Hypocapnia,hsa-let-7f-2-3p,-0.11050017923116684
Myeloma Bone Disease,hsa-miR-3182,-0.11055086553096771
Homozygous Familial Hypercholesterolemia,hsa-miR-3182,-0.11089270561933517
Nevi and Melanomas,hsa-miR-136-3p,-0.11122985184192657
Meniscus Degeneration,hsa-miR-136-3p,-0.11158030480146408
Urinary Bladder Neck Obstruction,hsa-miR-4443,-0.11176349222660065
Neuralgia,hsa-miR-4459,-0.11180903762578964
Dilated Cardiomyopathy ,mmu-miR-699,-0.11191736906766891
Leukemia and Erythroblastic and Acute,mmu-miR-743a,-0.11206658184528351
Nondisjunction and Genetic,hsa-miR-4443,-0.11271457374095917
Neutropenia,hsa-miR-3675-3p,-0.11300086230039597
Posterior Segment Ocular Diseases,hsa-miR-3675-3p,-0.11303409934043884
Arsenic Poisoning,hsa-miR-4443,-0.11326248198747635
Stomach Ulcer,mmu-miR-743a,-0.11326836794614792
Rift Valley Fever,hsa-miR-4459,-0.11337054520845413
Encephalitis and Tick-Borne,hcmv-miR-UL148D,-0.11348368972539902
Inflammation and Chronic,hcmv-miR-UL148D,-0.11365673691034317
Wound Infection,hcmv-miR-UL148D,-0.11365910619497299
Hemangiosarcoma,hcmv-miR-UL148D,-0.11365912854671478
Brugada Syndrome,hsa-miR-224-5p,-0.11376773566007614
Leukemia and Erythroblastic and Acute,hsa-miR-4456,-0.1139688566327095
Neoplasms and Second Primary,hsa-miR-4443,-0.1146155297756195
 Lymph  Node Metastasis,hsa-mir-8055,-0.11483033001422882
Postoperative Nausea and Vomiting,hsa-miR-4443,-0.11512196063995361
Adrenocorticotropic hormone deficiency,mmu-miR-743a,-0.11546391993761063
Optic Nerve Injuries,mmu-miR-743a,-0.11578240990638733
Stomach Ulcer,hsa-miR-450a-5p,-0.11579777300357819
Postoperative Nausea and Vomiting,mmu-miR-743a,-0.11582022160291672
Dermatomyositis,hsa-miR-450a-5p,-0.11594989150762558
Rift Valley Fever,mmu-miR-700-5p,-0.11611920595169067
Phyllodes Tumor and Breast,hsa-miR-1268a,-0.11634810268878937
Stress Disorders and Post-Traumatic,hsa-miR-4459,-0.1165536418557167
Chediak-Higashi Syndrome,hsa-miR-1268a,-0.11660520732402802
 Lymph  Node Metastasis,hsa-miR-222,-0.11671427637338638
Cryptococcosis,hsa-miR-4439,-0.1167251244187355
Cryptococcosis,hsa-miR-4482,-0.11674762517213821
Fluoride Poisoning,hsa-miR-374a-5p,-0.11703028529882431
Stomach Ulcer,hsa-miR-4459,-0.11716824769973755
Chronic  Rhinosinusitis With Nasal Polyps,hsa-miR-125b-1*,-0.11750122159719467
Urinary Calculi,hsa-miR-3960,-0.11751720309257507
Nevi and Melanomas,hsa-miR-3676-3p,-0.1175813153386116
obsolete Helicobacter pylori infectious disease,hsa-miR-329-2,-0.11765923351049423
Tricuspid Valve Insufficiency,hsa-miR-3972,-0.11766587197780609
Optic Nerve Injuries,hsa-miR-4456,-0.117684505879879
Postoperative Nausea and Vomiting,hsa-miR-4456,-0.11772231757640839
 Lymph  Node Metastasis,hsa-miR-26b,-0.11778232455253601
spinal cord glioma,hsa-miR-193b-5p,-0.11787276715040207
Genetic Diseases and Inborn,hsa-miR-4459,-0.11796543002128601
Adrenocorticotropic hormone deficiency,hsa-miR-450a-5p,-0.11799339205026627
Polymyalgia Rheumatica,hsa-miR-129-5p,-0.1181415319442749
Rift Valley Fever,hsa-miR-4437,-0.11839565634727478
Venous Neointimal Hyperplasia,hsa-miR-3130-3p,-0.11855404824018478
Urinary Bladder Neck Obstruction,mmu-miR-700-5p,-0.11911023408174515
Condylar Hyperplasia,mmu-miR-708,-0.11938473582267761
Genetic Diseases and Inborn,hsa-mir-8080,-0.11939579248428345
Radiation-Induced Oral Mucositis,hsa-miR-20b*,-0.11943351477384567
Postoperative Nausea and Vomiting,hsa-miR-4459,-0.11972004175186157
Stomach Ulcer,mmu-miR-700-5p,-0.11991684883832932
Meningitis and Escherichia coli,mmu-miR-708,-0.1199377253651619
Hypocapnia,hsa-miR-3191-3p,-0.12009294331073761
 Lymph  Node Metastasis,hsa-miR-296-3p,-0.12040625512599945
Leukopenia,hsa-miR-193b-5p,-0.12056946009397507
Genetic Diseases and Inborn,mmu-miR-700-5p,-0.12071409076452255
Heart Failure and Diastolic,hsa-miR-3116,-0.12086901068687439
Papilloma and Inverted,hsa-miR-3669,-0.12098280340433121
Leukemia and Erythroblastic and Acute,hsa-miR-4437,-0.12099163979291916
Postoperative Nausea and Vomiting,hsa-mir-8080,-0.12115046381950378
Inflammation and Chronic,hsa-miR-3190,-0.1215733140707016
Dermatomyositis,hsa-miR-4437,-0.12234547734260559
Dilated Cardiomyopathy ,hsa-miR-30c-1,-0.12342001497745514
Papilloma and Inverted,hsa-miR-192-3p,-0.12356400489807129
Parvoviridae Infections,hsa-miR-4327,-0.1235724538564682
Urinary Bladder Neck Obstruction,hsa-miR-4494,-0.12384043633937836
Neoplasms and Second Primary,hsa-miR-4437,-0.12423872202634811
Nondisjunction and Genetic,hsa-miR-4494,-0.12479157745838165
Stomach Ulcer,hsa-miR-4482,-0.124942846596241
Tricuspid Valve Insufficiency,hsa-miR-1277-5p,-0.12548331916332245
Primary Gastrointestinal Diffuse Large B-Cell Lymphoma ,hsa-miR-1277-5p,-0.12551622092723846
Exfoliation Syndrome,hsa-miR-4439,-0.1257910132408142
Parvoviridae Infections,hsa-miR-30c-1,-0.12605443596839905
 Lymph  Node Metastasis,hsa-miR-1245a,-0.12625133991241455
Neoplasms and Second Primary,hsa-miR-4439,-0.12696567177772522
Optic Nerve Injuries,hsa-miR-4494,-0.12716104090213776
Optic Nerve Injuries,hsa-miR-4482,-0.12745682895183563
Postoperative Nausea and Vomiting,hsa-miR-4439,-0.12747204303741455
Postoperative Nausea and Vomiting,hsa-miR-4482,-0.12749458849430084
Papilloma and Inverted,hsa-miR-30c-2-3p,-0.12762689590454102
Anemia and Iron-Deficiency,hsa-miR-4433-3p,-0.1282629370689392
Airway Obstruction,hsa-miR-1914*,-0.12941482663154602
Intermittent Claudication,hsa-miR-1245a,-0.12976916134357452
Tricuspid Valve Insufficiency,hsa-miR-20b,-0.13080039620399475
Reperfusion Injury and Testicular Ischemia,hsa-miR-326,-0.13088390231132507
Neutropenia,hsa-miR-326,-0.13088664412498474
Amebiasis,hsa-miR-326,-0.13116894662380219
 Lymph  Node Metastasis,hsa-miR-3622b-3p,-0.13271686434745789
D-bifunctional protein deficiency,hsa-miR-3914,-0.13299007713794708
Esophageal Achalasia,hsa-miR-330,-0.1331777572631836
Chronic  Rhinosinusitis With Nasal Polyps,hsa-miR-32*,-0.13323663175106049
Reperfusion Injury and Testicular Ischemia,hsa-miR-32*,-0.13329589366912842
Brugada Syndrome,hsa-mir-885,-0.1350596696138382
Chediak-Higashi Syndrome,hsa-let-7b*,-0.13507351279258728
Hereditary Autoinflammatory Diseases,hsa-miR-140,-0.13569962978363037
Visceral Pain,hsa-miR-301a-5p,-0.13650736212730408
Myeloma Bone Disease,hsa-miR-365b-3p,-0.1365315020084381
Visceral Pain,hsa-miR-365b-3p,-0.13653706014156342
Myeloma Bone Disease,hsa-miR-1295b-5p,-0.13757702708244324
Extramedullary Multiple Myeloma,hsa-miR-320d,-0.1376158446073532
Inflammation and Chronic,hsa-miR-34,-0.13774919509887695
Testicular Neoplasms,hsa-miR-125b-2*,-0.13790525496006012
Intermittent Claudication,hsa-miR-30c-2-3p,-0.13875679671764374
Radiation-Induced Oral Mucositis,mmu-miR-693-5p,-0.13898742198944092
Reperfusion Injury and Testicular Ischemia,hsa-miR-3151,-0.14110355079174042
 Lymph  Node Metastasis,EBV-miR-BART3,-0.14134100079536438
Polyposis Syndrome and Hereditary Mixed and 1,hsa-miR-3151,-0.14134180545806885
Periodontitis and Diabetic,hsa-miR-1269b,-0.14219169318675995
Neutropenia,hsa-miR-1269b,-0.14228582382202148
Myotonic Dystrophy,hsa-miR-3621,-0.14233793318271637
Milk Hypersensitivity,hsa-miR-3621,-0.14242681860923767
Radiation-Induced Oral Mucositis,hsa-miR-3126-5p,-0.14273174107074738
Urinary Calculi,hsa-miR-142-5p,-0.14286793768405914
Periodontitis and Diabetic,hsa-miR-142-5p,-0.1429130733013153
Polyposis Syndrome and Hereditary Mixed and 1,hsa-miR-142-5p,-0.1432424634695053
Gastric Antral Vascular Ectasia,hsa-miR-3680-3p,-0.14417468011379242
Extramedullary Multiple Myeloma,hsa-miR-4433a-5p,-0.14500093460083008
Wound Infection,hsa-miR-219-2-3p,-0.14541944861412048
Oculodentodigital Dysplasia,hsa-miR-155*,-0.14687776565551758
Vision Disorders,hsa-miR-4449,-0.14693649113178253
Amebiasis,hsa-miR-17,-0.14711405336856842
 Lymph  Node Metastasis,hsa-miR-342-5p,-0.1491108536720276
Neointima,hsa-miR-1277-3p,-0.14938443899154663
Asthma and Chronic,hsa-miR-3934-3p,-0.15121711790561676
Neutropenia,hsa-miR-3934-3p,-0.15122953057289124
Splenic Neoplasms,hsa-miR-3934-3p,-0.15134404599666595
Scleral Diseases,hsa-miR-103-1,-0.1517765372991562
Radiation-Induced Oral Mucositis,hsa-miR-130b,-0.15344789624214172
Myotonic Dystrophy,hsa-miR-4485,-0.15436597168445587
osteogenesis imperfecta type 1,hsa-miR-4433-5p,-0.15438248217105865
Phyllodes Tumor and Breast,hsa-miR-3689c,-0.15442834794521332
Brugada Syndrome,hsa-miR-3144-3p,-0.15457162261009216
Plaque and Amyloid,hsa-miR-370,-0.15458881855010986
Angioedemas and Hereditary,hsa-miR-1238-5p,-0.1545914262533188
Radiation-Induced Oral Mucositis,hsa-miR-1307-5p,-0.15547870099544525
Vitelliform Macular Dystrophy,hsa-miR-376b,-0.1556408554315567
Hypocapnia,hsa-miR-30c-2*,-0.1563272923231125
Dilated Cardiomyopathy ,hsa-miR-1263,-0.1564604490995407
Dilated Cardiomyopathy ,hsa-miR-151,-0.15646590292453766
Dilated Cardiomyopathy ,hsa-miR-425-3p,-0.15665550529956818
Prekallikrein Deficiency,hsa-miR-4324,-0.1567607820034027
Urinary Calculi,EBV-miR-BART11,-0.15709538757801056
Inflammation and Chronic,EBV-miR-BART11,-0.15720760822296143
Hypoglycemia,hsa-miR-153-5p,-0.1586223542690277
Blind Loop Syndrome,hsa-miR-3606-5p,-0.15870845317840576
Tricuspid Valve Insufficiency,hsa-miR-3123,-0.15997879207134247
Respiratory Insufficiency,hsa-miR-200b-5p,-0.16001522541046143
Dilated Cardiomyopathy ,hsa-miR-15a,-0.16053590178489685
Myeloma Bone Disease,hsa-miR-181c-3p,-0.1606118232011795
Reperfusion Injury and Testicular Ischemia,hsa-miR-373,-0.1613827645778656
Fetal Membranes and Premature Rupture,hsa-miR-103b,-0.1614622175693512
UV-Sensitive Syndrome,hsa-miR-3611,-0.1614800989627838
Tibial Neuropathy,hsa-miR-4258,-0.1628136932849884
 Lymph  Node Metastasis,hsa-miR-3650,-0.16293449699878693
Tibial Neuropathy,hsa-miR-3613-3p,-0.1632826179265976
Chediak-Higashi Syndrome,hsa-miR-3613-3p,-0.16356848180294037
Vaginosis and Bacterial,hcmv-miR-UL36,-0.16542430222034454
Reperfusion Injury and Testicular Ischemia,hcmv-miR-UL36,-0.16544057428836823
Hypocapnia,hsa-miR-3074-3p,-0.16583876311779022
Tauopathies,hsa-miR-30b-5p,-0.1663246750831604
Scleral Diseases,hsa-miR-30e*,-0.1666477769613266
Polyposis Syndrome and Hereditary Mixed and 1,hsa-miR-216b-3p,-0.1666828691959381
Tricuspid Valve Insufficiency,hsa-miR-425,-0.16709180176258087
Reperfusion Injury and Testicular Ischemia,hsa-miR-3187-5p,-0.16712024807929993
Reperfusion Injury and Testicular Ischemia,hsa-miR-1285,-0.16712789237499237
Wound Infection,hsa-miR-3148,-0.1671406626701355
Rhabdoid Tumor and Kidney,hsa-miR-3647-5p,-0.16714759171009064
Tibial Neuropathy,hsa-miR-219,-0.16716346144676208
Myeloma Bone Disease,hsa-miR-4427,-0.1671878844499588
Myotonic Dystrophy,hsa-miR-185-5p,-0.16723965108394623
Skeletal Muscle Injury,hsa-miR-24-3p,-0.16732154786586761
Myotonic Dystrophy,hsa-miR-219-5p,-0.16734132170677185
UV-Sensitive Syndrome,hsa-miR-200c*,-0.16740724444389343
Reperfusion Injury and Steatotic Liver Ischemia,hsa-miR-4279,-0.16741646826267242
Neutropenia,EBV-miR-BART1,-0.1680505871772766
Reperfusion Injury and Testicular Ischemia,hsa-miR-33a-3p,-0.16853560507297516
 Lymph  Node Metastasis,hsa-miR-1979,-0.16880103945732117
Cholestatic Liver Injury,hsa-miR-3171,-0.16889077425003052
 Lymph  Node Metastasis,hsa-miR-135b*,-0.16904854774475098
Dilated Cardiomyopathy ,hsa-miR-20b-5p,-0.16998620331287384
Asthma and Chronic,hsa-let-7a-2*,-0.17142035067081451
Humeral Fractures,hsa-miR-3156-3p,-0.17145198583602905
Dilated Cardiomyopathy ,hsa-miR-31-5p,-0.1723891645669937
Fluoride Poisoning,hsa-miR-4270,-0.1729084998369217
 Lymph  Node Metastasis,hsa-miR-181a-3p,-0.17301931977272034
Venous Neointimal Hyperplasia,hsa-miR-223*,-0.17335106432437897
Skeletal Muscle Dysplasia,hsa-miR-223*,-0.17359499633312225
Scleral Diseases,hsa-miR-223*,-0.173614963889122
Primary Gastrointestinal Diffuse Large B-Cell Lymphoma ,hsa-miR-4297,-0.1737779974937439
Periodontitis and Diabetic,hsa-miR-103a-2-5p,-0.17546817660331726
Intermittent Claudication,hsa-miR-155-3p,-0.17794907093048096
Neoplasms and Mesothelial,hsa-miR-3119,-0.178810253739357
Encephalitis and Tick-Borne,hsa-miR-302d-3p,-0.17890557646751404
Tricuspid Valve Insufficiency,hsa-miR-302d-3p,-0.17911659181118011
Lattice corneal dystrophy type 1,hsa-miR-3176,-0.18073002994060516
Multiple Mitochondrial Dysfunctions Syndrome,hsa-miR-3912-3p,-0.18316729366779327
Periodontitis and Diabetic,hsa-miR-3912-3p,-0.18320120871067047
Kidney Tubular Necrosis and Acute,hsa-miR-3160-3p,-0.18334878981113434
Angioedemas and Hereditary,hsa-miR-16a,-0.18427444994449615
Trichosporonosis,hsa-miR-3615,-0.1867363154888153
Renal Artery Obstruction,hsa-miR-345,-0.1876235455274582
Canavan Disease,hsa-miR-3166,-0.1876872032880783
Classical Swine Fever,hsa-miR-1251-3p,-0.18775145709514618
Lattice corneal dystrophy type 1,hsa-miR-3166,-0.18789240717887878
Reperfusion Injury and Testicular Ischemia,hsa-miR-187,-0.18821072578430176
Encephalitis and Tick-Borne,hsa-miR-1245b-5p,-0.18849709630012512
Hemoglobin SC Disease,hsa-miR-3190,-0.18869063258171082
transient infantile liver failure,hsa-miR-3910,-0.1887170523405075
Reperfusion Injury and Testicular Ischemia,hsa-let-7e-5p,-0.1887224167585373
Intra-Articular Fractures,hsa-miR-101-3p,-0.1888003796339035
Rhabdoid Tumor and Kidney,hsa-miR-30c,-0.1926104873418808
Polyposis Syndrome and Hereditary Mixed and 1,hsa-miR-1255a,-0.19478565454483032
Intra-Articular Fractures,hsa-miR-191,-0.19510500133037567
Venous Neointimal Hyperplasia,hsa-miR-3159,-0.1960211992263794
Acute Heart Failure,hsa-miR-3545-5p,-0.19667942821979523
Tricuspid Valve Insufficiency,hsa-miR-132,-0.19724881649017334
Maxillary Fractures,hsa-miR-30b-5p,-0.19779235124588013
Granulomatous Disease and Chronic,hsa-miR-204-5p,-0.19855938851833344
Myeloma Bone Disease,hsa-miR-204-5p,-0.19865770637989044
Splenic Neoplasms,hsa-miR-133,-0.19890500605106354
Intra-Articular Fractures,hsa-miR-142-5p,-0.20291443169116974
Chronic Inflammation,hsa-miR-196b,-0.20433533191680908
Myeloma Bone Disease,hsa-miR-3927-3p,-0.20439471304416656
Asthma and Chronic,hsa-miR-196b,-0.20440715551376343
Venous Neointimal Hyperplasia,hsa-miR-3189,-0.2045438289642334
Amebiasis,hsa-miR-421,-0.2050478160381317
Amebiasis,hsa-miR-164,-0.20572160184383392
Reperfusion Injury and Testicular Ischemia,hsa-miR-372-5p,-0.20582625269889832
Chorioamnionitis,mmu-miR-760-5p,-0.206027552485466
Posterior Segment Ocular Diseases,mmu-miR-681,-0.2060912400484085
Reperfusion Injury and Testicular Ischemia,EBV-mir-BART11,-0.2061310112476349
Urinary Calculi,hsa-miR-4299,-0.20615865290164948
Plaque and Amyloid,hsa-miR-3178,-0.20616745948791504
Tibial Neuropathy,hsa-miR-302e,-0.2061755359172821
Tibial Neuropathy,hsa-miR-3165,-0.20617930591106415
Myeloma Bone Disease,hsa-miR-138-2-3p,-0.20619171857833862
Posterior Segment Ocular Diseases,hsa-miR-30a-5P,-0.20623980462551117
Chronic Inflammation,hsa-miR-3191,-0.20624902844429016
Pasteurella Multocida Infections,hsa-miR-187-3p,-0.2062610685825348
Pediatric Enteritis,hsa-miR-4496,-0.20628012716770172
Intra-Articular Fractures,hsa-let-7f-2,-0.20811104774475098
Lattice corneal dystrophy type 1,hsa-miR-1243,-0.20899337530136108
Reperfusion Injury and Testicular Ischemia,hsa-miR-3200-3p,-0.20902054011821747
Meniscus Degeneration,hsa-miR-4314,-0.21049083769321442
Reperfusion Injury and Testicular Ischemia,hsa-miR-3660,-0.21237166225910187
Angioedemas and Hereditary,EBV-miR-BART19,-0.2127782702445984
Hypocapnia,hsa-miR-374a,-0.2132982462644577
Reperfusion Injury and Testicular Ischemia,hsa-miR-191-5p,-0.213495671749115
Angioedemas and Hereditary,hsa-miR-3929,-0.21353837847709656
Reperfusion Injury and Testicular Ischemia,hsa-let-7c,-0.21358779072761536
Canavan Disease,hsa-miR-187-5p,-0.21362468600273132
Phyllodes Tumor and Breast,hsa-miR-302c-3p,-0.21366167068481445
Urinary Calculi,hsa-miR-187*,-0.21373574435710907
UV-Sensitive Syndrome,hsa-miR-1184,-0.2137898951768875
Nevi and Melanomas,hsa-miR-342-3p,-0.21383751928806305
Nevi and Melanomas,hsa-let-7f,-0.21383823454380035
Nevi and Melanomas,hsa-miR-1538,-0.21383921802043915
Myotonic Dystrophy,hsa-miR-296-5p,-0.2138540893793106
Spindle Cell Oncocytomas,hsa-miR-4462,-0.21386843919754028
Chronic  Rhinosinusitis With Nasal Polyps,rno-miR-99b,-0.21388870477676392
Equine Infectious Anemia,hsa-miR-153-2,-0.21391834318637848
Equine Infectious Anemia,EBV-miR-BHRF12-1,-0.21391858160495758
Hereditary Autoinflammatory Diseases,mmu-miR-702,-0.2139250636100769
Tibial Neuropathy,hsa-miR-128-3p,-0.21393698453903198
Rhabdoid Tumor and Kidney,hsa-miR-3682,-0.21394062042236328
Rhabdoid Tumor and Kidney,hsa-miR-1273,-0.2139422446489334
Rhabdoid Tumor and Kidney,hsa-miR-371b-3p,-0.2139427214860916
Peripheral Vascular Diseases,hsa-miR-21,-0.2139522135257721
Inflammation and Chronic,hsa-miR-29b,-0.2139553427696228
Reperfusion Injury and Testicular Ischemia,hsa-miR-146b,-0.21401524543762207
Reperfusion Injury and Testicular Ischemia,hsa-miR-1185-1,-0.21401548385620117
Reperfusion Injury and Testicular Ischemia,hsa-miR-376a,-0.2140166312456131
Reperfusion Injury and Testicular Ischemia,hsa-let-7a-3,-0.2140171080827713
Neutropenia,hsa-miR-3162,-0.21402733027935028
Neutropenia,hsa-miR-33a,-0.21402738988399506
Neutropenia,hsa-miR-214-3p,-0.21402762830257416
Neutropenia,hsa-miR-3147,-0.21402841806411743
Neuropathic Allodynia,hsa-miR-129*,-0.21408909559249878
Angioedemas and Hereditary,hsa-miR-181a-1,-0.21417072415351868
Angioedemas and Hereditary,hsa-miR-155,-0.21417155861854553
Ischemic Stroke and Cerebral,hsa-miR-344,-0.21418757736682892
Fibrosis and Airway,hsa-miR-376c-3p,-0.21419349312782288
Vaginosis and Bacterial,hsa-miR-23b-3p,-0.21425394713878632
Equine Infectious Anemia,hsa-miR-3667-5p,-0.21427519619464874
Nevi and Melanomas,hsa-miR-29a*,-0.21429267525672913
Spinal Cord Compression,hsa-miR-199a-1,-0.21431183815002441
Autoimmune Diseases of the Nervous System,hsa-let-7b,-0.2143581509590149
Dysentery and Bacillary,hsa-miR-411-5p,-0.21440474689006805
Adenocarcinoma Of Esophagus,hsa-miR-3622a-5p,-0.21444930136203766
Polyposis Syndrome and Hereditary Mixed and 1,hcmv-miR-US33,-0.2144770324230194
Scleral Diseases,rno-miR-340-3p,-0.2145422399044037
Short Qt Syndrome,hsa-miR-3145-3p,-0.21455463767051697
Inflammation and Chronic,hsa-miR-4314,-0.21493138372898102
Rhabdoid Tumor and Kidney,hsa-miR-378e,-0.21513688564300537
Myeloma Bone Disease,EBV-miR-BART22,-0.21694843471050262
Nevi and Melanomas,hsa-miR-199a,-0.2178468257188797
Giardiasis,hsa-miR-1268b,-0.21846725046634674
Tauopathies,hsa-miR-103a-2*,-0.21978482604026794
Reperfusion Injury and Steatotic Liver Ischemia,EBV-miR-BART11,-0.2199651449918747
Posterior Segment Ocular Diseases,hsa-miR-1261,-0.22074614465236664
Dilated Cardiomyopathy ,hsa-miR-181c-3p,-0.2237945795059204
Dilated Cardiomyopathy ,mmu-miR-691,-0.22536616027355194
Spinal Cord Compression,hsa-miR-33,-0.22553801536560059
D-bifunctional protein deficiency,hsa-miR-24-2,-0.22748956084251404
Fluoride Poisoning,hsa-miR-199a-3p,-0.23010176420211792
Hypoglycemia,hsa-miR-1915,-0.2326710820198059
Meniscus Degeneration,hsa-miR-4301,-0.23414850234985352
Classical Swine Fever,hsa-miR-1227-5p,-0.23591594398021698
Scleral Diseases,hsa-miR-3135,-0.23631377518177032
Reperfusion Injury and Testicular Ischemia,mmu-miR-762,-0.2363283783197403
Meniscus Degeneration,hsa-miR-3675-5p,-0.23646458983421326
Dilated Cardiomyopathy ,hsa-miR-30e-5p,-0.23878604173660278
Reperfusion Injury and Steatotic Liver Ischemia,hsa-miR-3169,-0.23896685242652893
Reperfusion Injury and Steatotic Liver Ischemia,hsa-miR-4257,-0.23896776139736176
Gliosis,hsa-miR-4330,-0.23992829024791718
Radiation-Induced Oral Mucositis,hsa-miR-220a,-0.24118433892726898
Juvenile gout,hsa-miR-378,-0.24290192127227783
Meniscus Degeneration,hsa-miR-4295,-0.24712590873241425
Iridocorneal Endothelial Syndrome,hsa-miR-25-5p,-0.24712912738323212
Reperfusion Injury and Testicular Ischemia,hsa-miR-34b*,-0.24742378294467926
Antisynthetase syndrome,hsa-miR-3201,-0.24751661717891693
Amebiasis,hsa-miR-1912,-0.24835273623466492
Myeloma Bone Disease,hsa-miR-4323,-0.24844320118427277
Urinary Calculi,hsa-miR-4460,-0.2487877905368805
Reperfusion Injury and Testicular Ischemia,hsa-miR-1915-3p,-0.2489582747220993
Spinal Cord Compression,hsa-miR-4293,-0.24924680590629578
Spinal Cord Compression,hsa-miR-193,-0.2493126094341278
Inflammation and Chronic,hsa-miR-377,-0.24935513734817505
Urinary Calculi,hcmv-miR-UL70,-0.24948950111865997
Scleral Diseases,hsa-miR-3684,-0.2497440129518509
Chediak-Higashi Syndrome,hsa-miR-431-5p,-0.24990200996398926
Primary Gastrointestinal Diffuse Large B-Cell Lymphoma ,hsa-miR-1252,-0.2499517947435379
Encephalitis and Tick-Borne,hsa-miR-4488,-0.25008419156074524
Reperfusion Injury and Testicular Ischemia,hsa-miR-301a,-0.2501131594181061
Encephalitis Virus and Japanese,hsa-miR-1287-5p,-0.2501486539840698
Granulomatous Disease and Chronic,hsa-miR-144,-0.2501909136772156
Granulomatous Disease and Chronic,hsa-miR-4433b-3p,-0.25019213557243347
Multiple Mitochondrial Dysfunctions Syndrome,hsa-miR-1587,-0.25020429491996765
Periodontitis and Diabetic,hsa-miR-197-3p,-0.2502727210521698
Periodontitis and Diabetic,hsa-miR-125a-3p,-0.25027337670326233
Nevi and Melanomas,hsa-let-7b_c,-0.2502860724925995
Pancreatic Beta-Cell Dysfunction,hsa-miR-1185-1-3p,-0.25035497546195984
Swine Diseases,hsa-miR-431,-0.25035637617111206
Myeloma Bone Disease,hsa-miR-135-1,-0.250365287065506
Asthma and Chronic,hsa-let-7f-1,-0.25041618943214417
Reperfusion Injury and Testicular Ischemia,hsa-miR-4282,-0.25043922662734985
Neutropenia,hsa-miR-301,-0.25045064091682434
Posterior Segment Ocular Diseases,hsa-miR-4466,-0.2505050599575043
Diminished  Ovarian Reserve,hsa-miR-4440,-0.25052666664123535
Uveomeningoencephalitic Syndrome,hsa-miR-4266,-0.25055110454559326
Neoplasms and Mesothelial,hsa-miR-101-1,-0.25057294964790344
Splenic Neoplasms,hsa-mir-8073,-0.2506423592567444
Splenic Neoplasms,hsa-miR-4468,-0.25065112113952637
Multiple Endocrine Neoplasia Type 1,hsa-miR-32-5p,-0.2507917284965515
Prethrombotic State,hsa-miR-148b,-0.2508254051208496
Adenocarcinoma Of Esophagus,hsa-miR-129-3p,-0.25082927942276
Polyposis Syndrome and Hereditary Mixed and 1,hsa-miR-1229-5p,-0.2508535087108612
Chediak-Higashi Syndrome,EBV-miR-BHRF1-1,-0.25087299942970276
Meniscus Degeneration,hsa-miR-3681-5p,-0.2508814334869385
Scleral Diseases,hsa-miR-15b-3p,-0.2508871853351593
Myotonic Dystrophy,hsa-mir-7695,-0.25095415115356445
Tibial Neuropathy,hsa-miR-3201,-0.2518402338027954
Myeloma Bone Disease,hsa-miR-4295,-0.25185874104499817
Reperfusion Injury and Testicular Ischemia,hsa-miR-3130-5p,-0.2519749701023102
Wound Infection,hsa-miR-3130-5p,-0.2523163855075836
Tibial Neuropathy,EBV-miR-BART4,-0.25244876742362976
Reperfusion Injury and Testicular Ischemia,hsa-miR-103-2,-0.25265946984291077
Diminished  Ovarian Reserve,hsa-miR-103-2,-0.2527175843715668
Reperfusion Injury and Testicular Ischemia,hsa-miR-1197,-0.2527673840522766
Human T-Cell Leukemia Virus Type 1 Infections,hsa-miR-153,-0.2529740333557129
Sezary Syndrome,hsa-miR-30e-3p,-0.25343069434165955
D-bifunctional protein deficiency,hsa-miR-4260,-0.2534624934196472
Equine Infectious Anemia,hsa-miR-1912,-0.25357770919799805
Stomatitis and Aphthous,hsa-miR-146a-3p,-0.2572260797023773
Reperfusion Injury and Steatotic Liver Ischemia,hsa-miR-3156,-0.270792692899704
Gastric Antral Vascular Ectasia,hsa-miR-135a,-0.27205145359039307
Airway Obstruction,hsa-miR-378c,-0.2843855023384094
Intra-Articular Fractures,hsa-miR-196-1,-0.288166344165802
Dilated Cardiomyopathy ,hsa-miR-202,-0.2894628643989563
Pneumococcal Infections,hsa-miR-3163,-0.3030069172382355
Airway Obstruction,hsa-miR-100-5p,-0.308673620223999
Splenic Neoplasms,hsa-miR-212-5p,-0.3236742615699768
Parvoviridae Infections,hsa-miR-100-5p,-0.3309244215488434
Intra-Articular Fractures,hsa-miR-2467-5p,-0.3566927909851074
Granulomatous Disease and Chronic,hsa-miR-3926,-0.3838174343109131
Posterior Segment Ocular Diseases,hsa-miR-3926,-0.38399451971054077
 Lymph  Node Metastasis,hsa-miR-380-3p,-0.40239930152893066
 Lymph  Node Metastasis,hsa-miR-3977,-0.4469069540500641
Kidney Tubular Necrosis and Acute,hsa-miR-3158-5p,-0.6957436203956604
IMAGe syndrome,hsa-miR-24-2*,-0.725807785987854
IMAGe syndrome,hsa-miR-3127-3p,-0.7345219850540161
Spinal Dysraphism,hcmv-miR-US29,-0.7375336289405823
Humeral Fractures,hsa-miR-1911-5p,-0.7751669883728027
Iridocorneal Endothelial Syndrome,hsa-miR-339-5p,-0.8225129246711731
Calcification of Joints and Arteries,hsa-miR-3177-5p,-0.8252195119857788
Heart Failure and Diastolic,hsa-miR-3135b,-0.8751069903373718
Trichosporonosis,hsa-miR-3662,-0.8922882676124573
Heart Failure and Diastolic,hsa-miR-3187,-0.9119793772697449
Neuropathic Low Back Pain,mmu-miR-708*,-0.9319024085998535
DiGeorge Syndrome,hsa-miR-378i,-1.1439439058303833
Spinal Cord Compression,hsa-miR-378i,-1.146011233329773
Inflammation and Chronic,hsa-miR-3180-5p,-1.1532117128372192
Diminished  Ovarian Reserve,hsa-miR-103a-2*,-1.1938607692718506
Sepsis and Intensive Care Unit-Acquired,hsa-miR-103a-2*,-1.1959526538848877
Posterior Segment Ocular Diseases,hsa-miR-3156,-1.261234998703003
Neoplasms and Mesothelial,hsa-miR-374a,-1.276100516319275
Tricuspid Valve Insufficiency,hsa-miR-202,-1.2866895198822021
Neoplasms and Mesothelial,hsa-miR-1255b-5p,-1.3410707712173462
Reperfusion Injury and Testicular Ischemia,hsa-miR-2964a-5p,-1.3458632230758667
Neutropenia,hsa-miR-186,-1.6375797986984253
