source,destination,score
EBV-miR-BART2,Lymphoma,0.0001
Radiation-Induced Oral Mucositis,hsa-miR-24-1,1.3018193244934100
Hereditary Autoinflammatory Diseases,hsa-miR-192,1.2972381114959700
Postoperative Nausea and Vomiting,hsa-miR-4446-5p,1.2962249517440800
Visceral Pain,hsa-miR-295,1.294861078262330
Genetic Diseases and Inborn,hsa-miR-4492,1.2928544282913200
Status Asthmaticus,hsa-miR-103-2*,1.2924559116363500
Autoimmune Diseases of the Nervous System,hsa-miR-103-2*,1.2924420833587600
Varicose Veins,hsa-miR-103a,1.292176365852360
Genital Diseases and Male,mmu-miR-718,1.2920187711715700
Spinal Injuries,hsa-miR-4444,1.2903716564178500
Arsenic Poisoning,hsa-mir-873,1.2902672290802000
Familial Hypophosphatemic Rickets,hsa-miR-4443,1.2900034189224200
Asthma and Chronic,hsa-miR-4285,1.2887399196624800
Postoperative Nausea and Vomiting,hsa-miR-4492,1.2886180877685500
Spinal Injuries,hsa-miR-4437,1.288558006286620
Drug Resistant Epilepsy,hsa-miR-4456,1.2882804870605500
Genetic Diseases and Inborn,hsa-miR-4444,1.2873187065124500
Radiation-Induced Oral Mucositis,hsa-miR-4291,1.2872722148895300
Exfoliation Syndrome,hsa-miR-4444,1.2872602939605700
Postoperative Nausea and Vomiting,hsa-mir-873,1.285878300666810
Primary Gastrointestinal Diffuse Large B-Cell Lymphoma ,hsa-miR-126-3p,1.2858048677444500
Arteritis,hsa-miR-4459,1.2855256795883200
Exfoliation Syndrome,hsa-miR-4439,1.2852168083190900
Arsenic Poisoning,hsa-miR-4494,1.2851183414459200
Genetic Diseases and Inborn,mmu-miR-708,1.2850786447525000
Exfoliation Syndrome,mmu-miR-708,1.285020351409910
Drug Resistant Epilepsy,mmu-miR-700-5p,1.284752607345580
Tenon Fibroblasts,hsa-miR-1292-5p,1.2846957445144700
Postoperative Nausea and Vomiting,hsa-miR-4456,1.2846674919128400
Arteritis,hsa-miR-4439,1.28413724899292
Exfoliation Syndrome,hsa-miR-4482,1.284044861793520
Postoperative Nausea and Vomiting,mmu-miR-743a,1.2838696241378800
Arteritis,hsa-miR-4494,1.2838280200958300
Periapical Periodontitis,hsa-miR-4492,1.2834982872009300
Hypoglycemia and leucine-induced,mmu-miR-715,1.2831701040267900
Postoperative Nausea and Vomiting,hsa-miR-4444,1.2830822467804000
Neoplasms and Mesothelial,hsa-miR-29c*,1.2827943563461300
Peripheral Vascular Diseases,hsa-mir-78,1.2827900648117100
Postoperative Nausea and Vomiting,hsa-miR-4459,1.2824269533157300
Brugada Syndrome,hsa-miR-102,1.2818529605865500
Reperfusion Injury and Testicular Ischemia,hsa-miR-31-3p,1.2816575765609700
Adrenocorticotropic hormone deficiency,mmu-miR-701,1.2816399335861200
Peripheral Blood Leukocytes,hsa-miR-4497,1.2809388637542700
Platelet Storage Pool Deficiency,hsa-miR-4497,1.2808423042297400
Allograft Rejection and Antibody-Mediated,hsa-miR-4497,1.2808414697647100
Periapical Periodontitis,hsa-mir-873,1.2807586193084700
High Grade Ovarian Neoplasms,mmu-miR-678,1.2797940969467200
Bronchiolitis Obliterans,mmu-miR-678,1.2797813415527300
Nevus and Halo,hsa-miR-4478,1.279731035232540
Dry Eye Syndromes,hsa-miR-4478,1.2796419858932500
Testicular Neoplasms,hsa-miR-183*,1.2795181274414100
Canavan Disease,hsa-miR-2681,1.2793052196502700
Brugada Syndrome,hsa-miR-2681,1.2791810035705600
Adrenocorticotropic hormone deficiency,hsa-miR-450a-5p,1.278847575187680
thyroid gland Hurthle cell carcinoma,hsa-miR-18b*,1.2787244319915800
Hereditary Autoinflammatory Diseases,hsa-miR-24-1,1.2786599397659300
Diminished  Ovarian Reserve,hsa-miR-26a-2-3p,1.2784959077835100
Periapical Periodontitis,hsa-miR-4444,1.2779626846313500
Optic Nerve Injuries,mmu-miR-743a,1.2779576778411900
Canavan Disease,hsa-let7i,1.2770609855651900
Myeloma Bone Disease,hsa-let7i,1.276999831199650
Asthma and Chronic,hsa-miR-135a*,1.2769888639450100
Angioedemas and Hereditary,hsa-let7i,1.2769489288330100
Human T-Cell Leukemia Virus Type 1 Infections,hsa-let7i,1.2769120931625400
Neoplasms and Second Primary,mmu-miR-743a,1.2767488956451400
Adrenocorticotropic hormone deficiency,hsa-mir-8080,1.276368498802190
Rift Valley Fever,hsa-miR-4492,1.2762517929077100
Periapical Periodontitis,hsa-miR-4437,1.2761489152908300
Hyperpigmentation and Skin,hsa-miR-4478,1.2761422395706200
Polyps,hsa-miR-4478,1.2761225700378400
Halal syndrome,hsa-miR-4478,1.2761143445968600
Hepacivirus,hsa-miR-4478,1.2761094570159900
Neonatal hemochromatosis,hsa-miR-4478,1.2761025428772000
Angelman Syndrome,hsa-miR-4478,1.2761025428772000
Urinary Bladder Neck Obstruction,mmu-miR-676-3p,1.2760939598083500
Infections,hsa-miR-4478,1.2760921716690100
Acromegaly,hsa-miR-4478,1.2760906219482400
Bacterial Infections,hsa-miR-4478,1.2760740518569900
GATA2 Deficiency,hsa-miR-4478,1.2760727405548100
Burns,hsa-miR-4478,1.276059627532960
Allograft Rejection and Antibody-Mediated,hsa-miR-4478,1.2760035991668700
Lipodystrophy and Partial and Acquired,hsa-miR-4478,1.2759987115860000
Rotator Cuff,hsa-miR-4478,1.275994896888730
Cerebral Small Vessel Diseases,hsa-miR-4478,1.275992751121520
Liver Failure and Acute,hsa-miR-4478,1.2759910821914700
Incontinentia Pigmenti,hsa-miR-4478,1.2759819030761700
Pyloric Hypomotility,hsa-miR-4478,1.2759782075882000
Neoplastic Cells and Circulating,hsa-miR-4478,1.2759648561477700
Amelogenesis Imperfecta,hsa-miR-4478,1.2759491205215500
Periodontitis and Diabetic,hsa-miR-1268,1.2759203910827600
Wound Infection,hsa-miR-1268,1.2758901119232200
Radiation-Induced Oral Mucositis,hsa-miR-1284,1.275671362876890
Neoplasms and Second Primary,hsa-miR-4443,1.2754064798355100
Optic Nerve Injuries,mmu-miR-700-5p,1.2752279043197600
Primary Gastrointestinal Diffuse Large B-Cell Lymphoma ,hsa-miR-3917,1.2751544713974
Optic Nerve Injuries,hsa-miR-4439,1.2751268148422200
Radiation-Induced Oral Mucositis,hsa-miR-30d-3p,1.2750085592269900
Asthma and Chronic,hsa-miR-1185,1.274767518043520
Autoimmune Diseases of the Nervous System,hsa-miR-30e,1.27476167678833
Equine Infectious Anemia,mmu-miR-712,1.2747544050216700
Dermatomyositis,hsa-miR-4456,1.2746200561523400
Adrenocorticotropic hormone deficiency,hsa-miR-4437,1.2745009660720800
Adrenocorticotropic hormone deficiency,mmu-miR-700-5p,1.2743722200393700
Adrenocorticotropic hormone deficiency,hsa-miR-4439,1.2742711305618300
Wound Infection,hsa-miR-129-2-3p,1.2739462852478000
fibrolamellar carcinoma,rno-miR-409-5p,1.2736798524856600
Langer-Giedion Syndrome,rno-miR-409-5p,1.2736481428146400
Leukemia and Erythroblastic and Acute,hsa-miR-4456,1.2736270427703900
Primary Gastrointestinal Diffuse Large B-Cell Lymphoma ,hsa-miR-129-1-3p,1.273505687713620
Bradycardia,hsa-miR-4446-5p,1.2734260559082000
Periodontal Diseases,hsa-miR-4446-5p,1.2734180688858000
Sarcoidosis,hsa-miR-4446-5p,1.2734030485153200
Choroidal Neovascularization,hsa-miR-4446-5p,1.2733972072601300
Glaucoma,hsa-miR-4446-5p,1.2733871936798100
Retinal Dystrophies,hsa-miR-4446-5p,1.2733795642852800
Rosacea,hsa-miR-4446-5p,1.2733789682388300
paramyotonia congenita of Von Eulenburg,hsa-miR-4446-5p,1.2733778953552200
Bacterial Infections,hsa-miR-4446-5p,1.2733676433563200
Liver Failure,hsa-miR-4446-5p,1.2733654975891100
Enterocolitis,hsa-miR-4446-5p,1.273360013961790
Anterior Cruciate Ligament Injuries,hsa-miR-4446-5p,1.2733402252197300
Cerebral Small Vessel Diseases,hsa-miR-4446-5p,1.2732861042022700
Poikiloderma with Neutropenia,hsa-miR-4446-5p,1.2732813358306900
Sarcopenia,hsa-miR-4446-5p,1.2732670307159400
Lung Diseases and Interstitial,hsa-miR-4446-5p,1.2732371091842700
Anemia and Iron-Deficiency,hsa-miR-4433-3p,1.273122787475590
Nondisjunction and Genetic,hsa-mir-8080,1.2731119394302400
Adrenocorticotropic hormone deficiency,hsa-miR-4482,1.2730991840362500
Urinary Bladder Neck Obstruction,mmu-miR-743a,1.2730915546417200
Dermatomyositis,hsa-miR-4444,1.273034930229190
Neuromyelitis Optica,rno-miR-409-5p,1.2729978561401400
Neuralgia,hsa-mir-873,1.2728958129882800
Leukemia and Erythroblastic and Acute,mmu-miR-743a,1.2728289365768400
Nondisjunction and Genetic,hsa-miR-4443,1.2725030183792100
Stress Disorders and Post-Traumatic,hsa-mir-8080,1.2724411487579300
Leukemia and Erythroblastic and Acute,hsa-mir-8069,1.2723923921585100
Stomach Ulcer,hsa-miR-4443,1.2723451852798500
Inflammatory Osteolysis,mmu-miR-687,1.2720470428466800
Leukemia and Erythroblastic and Acute,hsa-miR-4444,1.2720417976379400
Cysts,mmu-miR-687,1.271991491317750
Respiratory Distress Syndrome and Newborn,mmu-miR-687,1.271944284439090
Diminished  Ovarian Reserve,hsa-miR-329,1.2718687057495100
Radiation-Induced Oral Mucositis,hsa-miR-17-92,1.2715322971344000
Leukemia and Erythroblastic and Acute,hsa-miR-4443,1.2714866399765000
Myeloma Bone Disease,hsa-miR-4433-3p,1.2714745998382600
Diminished  Ovarian Reserve,hsa-miR-4433-3p,1.2714241743087800
Polyposis Syndrome and Hereditary Mixed and 1,hsa-miR-4433-3p,1.2713675498962400
Nerve Degeneration,hsa-miR-4456,1.2711966037750200
Radiation-Induced Oral Mucositis,hsa-miR-26b,1.271130919456480
Stomach Ulcer,mmu-miR-700-5p,1.2709578275680500
Dihydropyrimidine Dehydrogenase Deficiency,mmu-miR-743a,1.2709418535232500
Dermatomyositis,mmu-miR-708,1.2707948684692400
Rift Valley Fever,hsa-mir-8080,1.2707699537277200
Urinary Bladder Neck Obstruction,hsa-miR-4437,1.2704906463623000
Stress Disorders and Post-Traumatic,mmu-miR-700-5p,1.2704445123672500
Urinary Bladder Neck Obstruction,hsa-miR-4439,1.2702606916427600
UV-Sensitive Syndrome,hsa-miR-29b-2*,1.2701947689056400
Leukemia and Erythroblastic and Acute,mmu-miR-700-5p,1.2700989246368400
Urinary Bladder Neck Obstruction,mmu-miR-708,1.270064353942870
Rift Valley Fever,hsa-miR-4459,1.2700607776641800
Urinary Bladder Neck Obstruction,hsa-miR-4494,1.269951343536380
Inflammation and Chronic,hsa-miR-3649,1.269652247428890
Amebiasis,hsa-miR-3649,1.2695270776748700
Vertebral fusion posterior lumbosacral blepharoptosis,hsa-miR-021,1.2694896459579500
Neutropenia,hsa-miR-29,1.269232153892520
Urinary Bladder Neck Obstruction,hsa-miR-4482,1.2690889835357700
Cryptococcosis,hsa-miR-4444,1.2689474821090700
Hyperphagia,hsa-miR-4497,1.2689405679702800
IgA Vasculitis,hsa-miR-450a-5p,1.2689224481582600
Rift Valley Fever,hsa-miR-4439,1.268672227859500
Rift Valley Fever,mmu-miR-708,1.268475890159610
Wiskott-Aldrich Syndrome,hsa-miR-4492,1.268347144126890
Kidney Neoplasms,hsa-miR-4492,1.2683444023132300
Werner Syndrome,hsa-miR-4492,1.2683403491973900
Ventricular Dysfunction and Left,hsa-miR-4492,1.268334984779360
Hearing Loss and Unilateral,hsa-miR-4492,1.26833176612854
Hyperpigmentation and Skin,hsa-miR-4492,1.2683240175247200
Postoperative Complications,hsa-miR-4492,1.2683238983154300
Facial Nerve Injuries,hsa-miR-4492,1.2683191299438500
Polycythemia Vera,hsa-miR-4492,1.268319010734560
Staphylococcal Scalded Skin Syndrome,hsa-miR-4492,1.2683147192001300
Heart Septal Defects and Ventricular,hsa-miR-4492,1.2683123350143400
Laryngeal Papilloma,hsa-miR-4492,1.268310785293580
Acute  Kidney Injury,hsa-miR-4492,1.2683100700378400
Polyps,hsa-miR-4492,1.2683041095733600
brachydactyly type D,hsa-miR-4492,1.2683006525039700
Lupus Nephritis,hsa-miR-4492,1.2682985067367600
Neural Tube Defects,hsa-miR-4492,1.2682963609695400
Halal syndrome,hsa-miR-4492,1.2682961225509600
Pancreatitis,hsa-miR-4492,1.268295407295230
Brain Damage and Chronic,hsa-miR-4492,1.2682933807373000
Cryptococcosis,hsa-miR-4459,1.2682923078537000
Skin Neoplasms and Non-Melanoma,hsa-miR-4492,1.2682921886444100
Neuroleptic Malignant Syndrome,hsa-miR-4492,1.2682900428772000
Glomus Tumor,hsa-miR-4492,1.268289566040040
SHORT syndrome,hsa-miR-4492,1.2682857513427700
Sleep Apnea Syndromes,hsa-miR-4492,1.2682846784591700
Glomerulonephritis and Membranoproliferative,hsa-miR-4492,1.2682831287384000
Giant Cell Arteritis,hsa-miR-4492,1.2682827711105300
Fibrosarcoma,hsa-miR-4492,1.2682795524597200
Langer mesomelic dysplasia,hsa-miR-4492,1.268277645111080
Larva Migrans and Visceral,hsa-miR-4492,1.2682745456695600
Rhinitis and Allergic and Seasonal,hsa-miR-4492,1.2682735919952400
Rhinitis and Allergic,hsa-miR-4492,1.2682712078094500
Carotid Artery Injuries,hsa-miR-4492,1.2682677507400500
Heart Defects and Congenital,hsa-miR-4492,1.2682666778564500
Obesity and Abdominal,hsa-miR-4492,1.2682627439498900
Mastitis,hsa-miR-4492,1.268262267112730
Movement Disorders,hsa-miR-4492,1.2682554721832300
Reinjuries,hsa-miR-4492,1.2682549953460700
Liver Failure,hsa-miR-4492,1.2682536840438800
Bronchial Hyperreactivity,hsa-miR-4492,1.2682515382766700
Neointimal   Hyperplasia,hsa-miR-4492,1.2682491540908800
Osteonecrosis,hsa-miR-4492,1.2682379484176600
Neoplasms and Germ Cell and Embryonal,hsa-miR-4492,1.2682372331619300
Carcinoma and Merkel Cell,hsa-miR-4492,1.2682323455810500
Zika virus congenital syndrome,hsa-miR-4492,1.2682251930236800
Muscular Diseases,hsa-miR-4492,1.268217921257020
"Muscular Atrophy, Spinal",hsa-miR-4492,1.2682172060012800
Osteoporosis-pseudoglioma syndrome,hsa-miR-4492,1.268215537071230
late onset Parkinson's disease,hsa-miR-4492,1.2681877613067600
Sarcoma and Synovial,hsa-miR-4492,1.2681870460510300
Intestinal Atresia,hsa-miR-4492,1.2681803703308100
Cerebral Small Vessel Diseases,hsa-miR-4492,1.2681745290756200
Rubella Syndrome and Congenital,hsa-miR-4492,1.268174171447750
Liver Failure and Acute,hsa-miR-4492,1.2681729793548600
Nephrocalcinosis,hsa-miR-4492,1.2681701183319100
Migraine Disorders,hsa-miR-4492,1.2681692838668800
Osteochondritis Dissecans,hsa-miR-4492,1.2681643962860100
Incontinentia Pigmenti,hsa-miR-4492,1.2681636810302700
Cerebral Infarction and Acute,hsa-miR-4492,1.268160343170170
Muscular Atrophy and Spinal,hsa-miR-4492,1.268156886100770
lung squamous cell carcinoma,hsa-miR-4492,1.2681567668914800
Fluorosis and Dental,hsa-miR-4492,1.2681466341018700
Parasitic Diseases,mmu-miR-701,1.268146276474000
Palatal Neoplasms,mmu-miR-701,1.2681450843811000
Recurrence,mmu-miR-701,1.2681440114975000
Ethylmalonic encephalopathy,hsa-miR-4492,1.268140196800230
Quadruple Negative Breast Cancer,hsa-miR-4492,1.268139123916630
Warburg micro syndrome 1,mmu-miR-701,1.2681286334991500
Cerebral Infarction,mmu-miR-701,1.2681218385696400
Cardiac Complexes and Premature,mmu-miR-701,1.268112301826480
Cone Dystrophy 3,hsa-miR-3156-5p,1.2681119441986100
Cholelithiasis,mmu-miR-701,1.268093466758730
Lattice corneal dystrophy type 1,hsa-miR-296,1.2680420875549300
Sinus Thrombosis and Intracranial,mmu-miR-701,1.2680202722549400
Rift Valley Fever,hsa-miR-4482,1.2675005197525000
Plaque and Amyloid,hsa-miR-378a-5p,1.2674769163131700
Gliosis,hsa-miR-378a-5p,1.2674399614334100
Diminished  Ovarian Reserve,hsa-miR-378a-5p,1.2674269676208500
Angioedemas and Hereditary,hsa-miR-378a-5p,1.267426609992980
Nerve Degeneration,mmu-miR-708,1.267371416091920
Myeloma Bone Disease,hsa-miR-1224-5p,1.267364740371700
Tricuspid Valve Insufficiency,hsa-miR-136-5p,1.2672622203826900
Polyposis Syndrome and Hereditary Mixed and 1,hsa-miR-1224-5p,1.267257571220400
Wiskott-Aldrich Syndrome,mmu-miR-676-3p,1.2671736478805500
Kidney Neoplasms,mmu-miR-676-3p,1.267171025276180
Myeloma Bone Disease,hsa-miR-1245b-3p,1.2671699523925800
Pneumonia and Staphylococcal,mmu-miR-676-3p,1.2671626806259200
Interstitial Fibrosis and Renal,mmu-miR-676-3p,1.2671624422073400
Carotid Stenosis,mmu-miR-676-3p,1.267161250114440
Cerebral Hemorrhage,mmu-miR-676-3p,1.2671500444412200
Parkinsonian Disorders,mmu-miR-676-3p,1.2671475410461400
Neoplasms and Multiple Primary,mmu-miR-676-3p,1.2671393156051600
Cardiomyopathy and Dilated and with Left Ventricular Noncompaction,mmu-miR-676-3p,1.267138123512270
Leigh Disease,mmu-miR-676-3p,1.2671364545822100
Selenium Deficiency,mmu-miR-676-3p,1.2671359777450600
Dental Caries,mmu-miR-676-3p,1.2671358585357700
Pain and Inflammatory,mmu-miR-676-3p,1.2671356201171900
Human Herpesvirus 6 encephalitis,mmu-miR-676-3p,1.2671345472335800
Reperfusion Injury and Intestinal Ischemia,mmu-miR-676-3p,1.2671315670013400
Genital Diseases and Male,mmu-miR-676-3p,1.2671284675598100
Papillon-Lefevre Disease,mmu-miR-676-3p,1.267128348350530
Sveinsson Chorioretinal Atrophy,mmu-miR-676-3p,1.2671278715133700
HBV-related cirrhosis,mmu-miR-676-3p,1.2671276330947900
Finnish lethal neonatal metabolic syndrome,mmu-miR-676-3p,1.2671252489090000
Low Back Pain,mmu-miR-676-3p,1.2671231031417800
Primary Graft Dysfunction,mmu-miR-676-3p,1.2671229839325000
von Willebrand Diseases,mmu-miR-676-3p,1.2671223878860500
Sarcoidosis,mmu-miR-676-3p,1.2671180963516200
Hepacivirus,mmu-miR-676-3p,1.267117977142330
Hemangioma and Infantile,mmu-miR-676-3p,1.2671170234680200
Neuroleptic Malignant Syndrome,mmu-miR-676-3p,1.2671165466308600
Exanthema,mmu-miR-676-3p,1.267115592956540
Peri-Implantitis,mmu-miR-676-3p,1.2671151161193800
Alzheimer Disease ,mmu-miR-676-3p,1.2671140432357800
Oral Ulcer,mmu-miR-676-3p,1.2671129703521700
Lip and Hamartomatous,mmu-miR-676-3p,1.2671117782592800
Adrenocortical Carcinoma,mmu-miR-676-3p,1.2671116590499900
Zoonoses,mmu-miR-676-3p,1.2671113014221200
Infertility and Female,mmu-miR-676-3p,1.2671093940734900
Glossitis and Benign Migratory,mmu-miR-676-3p,1.2671079635620100
Leukemia and Prolymphocytic and T-Cell,mmu-miR-676-3p,1.2671074867248500
Diabetic Keratopathy,mmu-miR-676-3p,1.267107367515560
Langer mesomelic dysplasia,mmu-miR-676-3p,1.2671043872833300
Encephalomyelitis and Autoimmune and Experimental,mmu-miR-676-3p,1.2671035528183000
Rhinitis and Allergic and Seasonal,mmu-miR-676-3p,1.2671000957489000
Congenital central hypoventilation syndrome,mmu-miR-676-3p,1.2670996189117400
Retinal Detachment,mmu-miR-676-3p,1.267099380493160
Cleft Lip,mmu-miR-676-3p,1.267099142074590
Myopia,mmu-miR-676-3p,1.2670981884002700
Rhinitis and Allergic,mmu-miR-676-3p,1.2670978307724
Warburg micro syndrome 1,mmu-miR-676-3p,1.2670968770980800
esophageal carcinoma,mmu-miR-676-3p,1.2670936584472700
Pseudarthrosis,mmu-miR-676-3p,1.2670929431915300
Diastrophic dysplasia,mmu-miR-676-3p,1.2670899629592900
Gastric And Colon Cancer,mmu-miR-676-3p,1.2670893669128400
Acute Lung Injury,mmu-miR-676-3p,1.2670880556106600
Brain Injury and Chronic,mmu-miR-676-3p,1.2670823335647600
Alopecia,mmu-miR-676-3p,1.2670693397522000
limb ischemia,mmu-miR-676-3p,1.2670660018920900
Otofaciocervical Syndrome,mmu-miR-676-3p,1.2670637369155900
FG syndrome,mmu-miR-676-3p,1.2670618295669600
Anodontia,mmu-miR-676-3p,1.267060399055480
Anterior Cruciate Ligament Injuries,mmu-miR-676-3p,1.2670552730560300
Meniscus Degeneration,hsa-miR-1245b-3p,1.267054557800290
Infarct-Related Artery Total Occlusion,mmu-miR-676-3p,1.2670512199401900
Turner Syndrome,mmu-miR-676-3p,1.2670351266861000
Sleep Deprivation,mmu-miR-676-3p,1.2670336961746200
Hydrocephalus,mmu-miR-676-3p,1.2670317888259900
Optic atrophy 1 and deafness,hsa-miR-1245b-3p,1.2670214176178000
Siderosis,mmu-miR-676-3p,1.2670202255249000
Erythroblastosis and Fetal,mmu-miR-676-3p,1.267016887664800
Cholestasis and Intrahepatic,mmu-miR-676-3p,1.2670080661773700
Acrodermatitis enteropathica,mmu-miR-676-3p,1.267005205154420
Cryptococcosis,mmu-miR-700-5p,1.2670048475265500
Syphilis and secondary,mmu-miR-676-3p,1.2670047283172600
Oculocutaneous Albinism Type 3,mmu-miR-676-3p,1.2669929265976000
Cerebral Infarction and Acute,mmu-miR-676-3p,1.2669869661331200
Carotid Artery Diseases,mmu-miR-676-3p,1.2669867277145400
Bipolar Disorder,mmu-miR-676-3p,1.266984224319460
Venous Neointimal Hyperplasia,hsa-miR-378f,1.2669802904129000
Papillomavirus Infections,mmu-miR-676-3p,1.2669795751571700
non-alcoholic fatty liver,mmu-miR-676-3p,1.2669775485992400
Coronavirus Infections,mmu-miR-676-3p,1.2669756412506100
Varicose Veins,mmu-miR-676-3p,1.2669724225997900
Hypertension and Pregnancy-Induced,mmu-miR-676-3p,1.2669682502746600
Alveolar echinococcosis,mmu-miR-676-3p,1.2669579982757600
Reperfusion Injury and Testicular Ischemia,hsa-miR-101-5p,1.2667828798294100
Periodontitis and Diabetic,hsa-miR-181b-3p,1.2667324542999300
Myotonic Dystrophy,hsa-miR-340-3p,1.2666778564453100
Lattice corneal dystrophy type 1,hsa-miR-340-3p,1.2666399478912400
Thyroiditis and Subacute,hsa-mir-873,1.2665109634399400
Tibial Neuropathy,hsa-miR-021,1.2665095329284700
Pancreatic Beta-Cell Dysfunction,hsa-miR-021,1.2665077447891200
Vitreoretinopathy and Proliferative,hsa-mir-873,1.2665067911148100
Infant Nutrition Disorders,hsa-mir-873,1.266506314277650
Wiskott-Aldrich Syndrome,hsa-mir-873,1.2665061950683600
Lupus Vasculitis and Central Nervous System,hsa-miR-021,1.2665050029754600
Myasthenia Gravis with Thymus Hyperplasia,hsa-mir-873,1.266503930091860
Hereditary Autoinflammatory Diseases,hsa-miR-021,1.2664992809295700
Lymphoma and Extranodal NK-T-Cell,hsa-mir-873,1.2664945125579800
Pediatric Obesity,hsa-mir-873,1.266493558883670
Arene Oxide Detoxification Defect,hsa-miR-021,1.266493558883670
Leukoplakia and Oral,hsa-mir-873,1.2664934396743800
Typical Teratoid Rhabdoid Tumor,hsa-mir-873,1.2664930820465100
Wound Infection,hsa-miR-021,1.2664927244186400
sporatic amyotrophic lateral sclerosis,hsa-mir-873,1.26649010181427
Esophageal Diseases,hsa-miR-021,1.2664895057678200
Phyllodes Tumor and Breast,hsa-miR-021,1.2664870023727400
Tuberous Sclerosis 1,hsa-mir-873,1.2664839029312100
Hyperpigmentation and Skin,hsa-mir-873,1.266483187675480
uterine corpus endometrial carcinoma,hsa-mir-873,1.2664830684661900
Postoperative Complications,hsa-mir-873,1.2664828300476100
Cholecystitis,hsa-mir-873,1.2664825916290300
Vitamin D Deficiency,hsa-mir-873,1.2664821147918700
White Spot Syndrome Virus  Infection,hsa-mir-873,1.2664813995361300
Carcinoma and Adenoid Cystic,hsa-mir-873,1.2664811611175500
Moebius syndrome 1,hsa-mir-873,1.2664802074432400
Adiposis Dolorosa,hsa-mir-873,1.2664780616760300
Hepatorenal Syndrome,hsa-mir-873,1.2664767503738400
Tuberculosis and Spinal,hsa-mir-873,1.2664742469787600
Thrombocythemia and Essential,hsa-mir-873,1.2664740085601800
Staphylococcal Scalded Skin Syndrome,hsa-mir-873,1.2664737701416000
Bone Diseases,hsa-mir-873,1.266473650932310
Primary Gastrointestinal Diffuse Large B-Cell Lymphoma ,hsa-miR-021,1.2664735317230200
Thromboangiitis Obliterans,hsa-mir-873,1.2664730548858600
Heart Septal Defects and Ventricular,hsa-mir-873,1.266471266746520
Neutropenia,hsa-miR-021,1.2664703130722000
Corneal Injuries,hsa-mir-873,1.2664698362350500
Hypospadias,hsa-mir-873,1.2664685249328600
Pain and Inflammatory,hsa-mir-873,1.2664680480957000
Simian Acquired Immunodeficiency Syndrome,hsa-mir-873,1.2664674520492600
Endometrial Fibrosis,hsa-mir-873,1.2664672136306800
ACTH Syndrome and Ectopic,hsa-mir-873,1.2664660215377800
Periodontal Diseases,hsa-mir-873,1.2664655447006200
Premature Ovarian Aging,hsa-mir-873,1.2664645910263100
Hepatitis A,hsa-mir-873,1.2664622068405200
Elliptocytosis 2,hsa-mir-873,1.2664610147476200
Growth Disorders,hsa-mir-873,1.2664610147476200
Posterior Segment Ocular Diseases,hsa-miR-021,1.2664597034454300
Aortic Diseases,hsa-mir-873,1.2664563655853300
Primary Graft Dysfunction,hsa-mir-873,1.2664556503295900
Pancreatitis,hsa-mir-873,1.2664544582366900
Inflammatory Osteolysis,hsa-mir-873,1.2664542198181200
Cumulative Trauma Disorders,hsa-mir-873,1.2664533853530900
Aneuploidy,hsa-mir-873,1.2664518356323200
Endometrial Hyperplasia,hsa-mir-873,1.2664517164230300
Hypotension,hsa-mir-873,1.266451358795170
Autism Spectrum Disorder,hsa-mir-873,1.2664507627487200
Neuroleptic Malignant Syndrome,hsa-mir-873,1.266448974609380
Wasting Disease and Chronic,hsa-mir-873,1.2664480209350600
Coronary Restenosis,hsa-mir-873,1.2664480209350600
Striatonigral Degeneration,hsa-mir-873,1.2664477825164800
Leukemia and Biphenotypic and Acute,hsa-mir-873,1.2664474248886100
Vascular System Injuries,hsa-mir-873,1.2664469480514500
Ataxia with vitamin E deficiency,hsa-mir-873,1.2664467096328700
Vasospasm and Intracranial and Postoperative,hsa-mir-873,1.2664464712142900
Colorectal Neoplasms and Hereditary Nonpolyposis,hsa-mir-873,1.2664457559585600
Morphine Dependence,hsa-mir-873,1.2664453983306900
Choroidal Melanoma,hsa-mir-873,1.2664446830749500
Choroidal Neovascularization,hsa-mir-873,1.2664446830749500
SHORT syndrome,hsa-mir-873,1.2664445638656600
Malformations of Cortical Development and Group II,hsa-mir-873,1.2664443254470800
Adrenocortical Carcinoma,hsa-mir-873,1.2664440870285000
Sleep Apnea Syndromes,hsa-mir-873,1.2664437294006300
Angelman Syndrome,hsa-mir-873,1.2664434909820600
Prader-Willi Syndrome,hsa-mir-873,1.266443133354190
Seizures and Febrile,hsa-mir-873,1.266442894935610
Hearing Disorders,hsa-mir-873,1.2664419412612900
Glossitis and Benign Migratory,hsa-mir-873,1.2664402723312400
Folliculotropic Mycosis Fungoides,hsa-mir-873,1.266439437866210
Nephrosis and Lipoid,hsa-mir-873,1.2664391994476300
Fibrosarcoma,hsa-mir-873,1.2664387226104700
Hypoxia-Ischemia and Brain,hsa-mir-873,1.2664371728897100
Sensation Disorders,hsa-mir-873,1.2664358615875200
Salpingitis,hsa-mir-873,1.2664333581924400
Neuropathic Lysosomal Storage Diseases,hsa-mir-873,1.2664333581924400
Rhinitis and Allergic,hsa-mir-873,1.266430377960210
Testicular Diseases,hsa-mir-873,1.266430377960210
Dacryocystitis,hsa-mir-873,1.2664300203323400
Polythelia and Familial,hsa-mir-873,1.2664273977279700
Retinal Dystrophies,hsa-mir-873,1.266426920890810
Rosacea,hsa-mir-873,1.2664265632629400
Bicuspid Aortic Valve Disease,hsa-mir-873,1.2664254903793300
Yellow Nail Syndrome,hsa-mir-873,1.2664250135421800
Arthritis,hsa-mir-873,1.2664240598678600
Long Term Adverse Effects,hsa-mir-873,1.2664239406585700
Intracranial Hemorrhages,hsa-mir-873,1.2664231061935400
Clubfoot,hsa-mir-873,1.2664209604263300
Nager acrofacial dysostosis,hsa-mir-873,1.2664196491241500
diarrhea predominant irritable bowel syndrome (IBS-D),hsa-mir-873,1.2664191722869900
Vulvar Neoplasms,hsa-mir-873,1.266416072845460
Aortic Aneurysm,hsa-mir-873,1.266416072845460
Primary Central Nervous System Lymphoma,hsa-mir-873,1.266414999961850
Sensory ataxic neuropathy and dysarthria and and ophthalmoparesis,hsa-mir-873,1.2664148807525600
ovarian carcinoma,hsa-mir-873,1.266414761543270
Human T-Cell Leukemia Virus Type 1 Infections,hsa-miR-021,1.2664134502410900
Pulmonary edema of mountaineers,hsa-mir-873,1.266412615776060
Hypoglycemia and leucine-induced,hsa-mir-873,1.266408920288090
Glima,hsa-mir-873,1.2664088010788000
Mycobacterium Infections and Nontuberculous,hsa-mir-873,1.2664045095443700
Cardiovascular Complications,hsa-mir-873,1.2664024829864500
Pulmonary Eosinophilia,hsa-mir-873,1.2664008140564000
Ear Diseases,hsa-mir-873,1.266398549079900
Otofaciocervical Syndrome,hsa-mir-873,1.2663962841033900
Polyposis Syndrome and Hereditary Mixed and 1,hsa-miR-021,1.2663941383361800
Carcinoma and Merkel Cell,hsa-mir-873,1.266391396522520
IgA Vasculitis,hsa-miR-4444,1.2663894891738900
Weight Loss,hsa-mir-873,1.266389012336730
Placental Insufficiency,hsa-mir-873,1.2663859128952000
Adrenocortical Adenoma,hsa-miR-021,1.2663841247558600
Aphasia and Primary Progressive,hsa-mir-873,1.266377329826360
Scleral Diseases,hsa-miR-021,1.2663731575012200
Neurosyphilis,hsa-mir-873,1.2663729190826400
Meningitis and Fungal,hsa-mir-873,1.2663708925247200
Hemorrhoids,hsa-mir-873,1.2663706541061400
Optic atrophy 1 and deafness,hsa-miR-021,1.2663530111312900
Opioid-Related Disorders,hsa-mir-873,1.2663508653640700
Pleuropulmonary blastoma,hsa-mir-873,1.2663483619689900
Leukemia and Acute,hsa-mir-873,1.2663466930389400
Oophoritis,hsa-mir-873,1.266340970993040
Shoulder Injuries,hsa-mir-873,1.2663397789001500
Asymptomatic Infections,hsa-mir-873,1.26633882522583
Leukemia and Monocytic and Acute,hsa-mir-873,1.2663382291793800
Polycythemia,hsa-mir-873,1.266337275505070
Heart Failure and Systolic,hsa-mir-873,1.2663366794586200
hyperekplexia 1,hsa-mir-873,1.2663363218307500
Rotator Cuff,hsa-mir-873,1.2663358449935900
Prosthesis Failure,hsa-mir-873,1.2663354873657200
Rabies,hsa-mir-873,1.2663347721099900
Hemangioma and Cavernous,hsa-mir-873,1.2663341760635400
Liver Failure and Acute,hsa-mir-873,1.2663320302963300
Wiskott-Aldrich Syndrome,hsa-miR-450a-5p,1.266329288482670
Oculocutaneous Albinism Type 3,hsa-mir-873,1.2663254737854000
Erectile Dysfunction,hsa-mir-873,1.266324520111080
Ichthyosis and Lamellar,hsa-mir-873,1.2663242816925000
Arbovirus Infections,hsa-mir-873,1.2663240432739300
Neurodevelopmental Disorders,hsa-miR-450a-5p,1.2663239240646400
Stiff-Person Syndrome,hsa-miR-450a-5p,1.266321063041690
Cerebral Infarction and Acute,hsa-mir-873,1.2663196325302100
Prolactinoma,hsa-mir-873,1.2663154602050800
Pulmonary Veno-Occlusive Disease,hsa-mir-873,1.2663145065307600
sporatic amyotrophic lateral sclerosis,hsa-miR-450a-5p,1.2663133144378700
Abortion and Spontaneous,hsa-miR-450a-5p,1.2663127183914200
Upper Tract Urothelial Carcinoma,hsa-mir-873,1.266311764717100
Muscular Dystrophy and Facioscapulohumeral,hsa-mir-873,1.2663110494613600
Paget Disease and Extramammary,hsa-mir-873,1.266309142112730
Hyperlipoproteinemia Type III,hsa-mir-873,1.266308307647710
Hyperpigmentation and Skin,hsa-miR-450a-5p,1.2663062810897800
Cholecystitis,hsa-miR-450a-5p,1.2663060426712000
Hypertension and Renal,hsa-mir-873,1.266304850578310
Malnutrition,hsa-miR-450a-5p,1.266303539276120
Parkinsonian Disorders,hsa-miR-450a-5p,1.2663030624389600
Leukemia and Myeloid,hsa-miR-450a-5p,1.2663030624389600
mitochondrial DNA depletion syndrome 4b,hsa-miR-450a-5p,1.2663018703460700
Facial Nerve Injuries,hsa-miR-450a-5p,1.2663015127182000
Ossification of Posterior Longitudinal Ligament,hsa-mir-873,1.2663012742996200
Xerostomia,hsa-mir-873,1.2663010358810400
Hypertension and Pregnancy-Induced,hsa-mir-873,1.2663004398345900
Hepatorenal Syndrome,hsa-miR-450a-5p,1.2662999629974400
Ethylmalonic encephalopathy,hsa-mir-873,1.2662992477417000
Quadruple Negative Breast Cancer,hsa-mir-873,1.2662980556488000
Glycogen Storage Disease Type VI,hsa-miR-450a-5p,1.2662973403930700
Diabetic Retinopathy ,hsa-miR-450a-5p,1.2662972211837800
Thromboangiitis Obliterans,hsa-miR-450a-5p,1.2662965059280400
Meniere Disease,hsa-miR-450a-5p,1.2662956714630100
Cardiomyopathy and Dilated and with Left Ventricular Noncompaction,hsa-miR-450a-5p,1.2662935256958000
Laryngeal Papilloma,hsa-miR-450a-5p,1.266292929649350
Bovine Virus Diarrhea-Mucosal Disease,hsa-miR-450a-5p,1.266292929649350
Corneal Injuries,hsa-miR-450a-5p,1.2662928104400600
Wound Healing,hsa-miR-450a-5p,1.2662923336029100
Mast Cell Tumors,hsa-miR-450a-5p,1.2662919759750400
Periodontal Diseases,hsa-miR-450a-5p,1.2662887573242200
Premature Ovarian Aging,hsa-miR-450a-5p,1.2662878036499000
Alopecia Areata,hsa-mir-873,1.2662873268127400
brachydactyly type D,hsa-miR-450a-5p,1.2662829160690300
Sepsis Induced Liver Injury,hsa-miR-450a-5p,1.266281008720400
DNA Repair-Deficiency Disorders,hsa-miR-450a-5p,1.266280174255370
Halal syndrome,hsa-miR-450a-5p,1.2662783861160300
Ataxia Neuropathy Spectrum,hsa-miR-450a-5p,1.2662781476974500
Pancreatitis,hsa-miR-450a-5p,1.26627779006958
Hematologic Neoplasms,hsa-miR-450a-5p,1.26627779006958
Distal myopathy and Nonaka type,hsa-miR-450a-5p,1.2662767171859700
Mitochondrial Diseases,hsa-miR-450a-5p,1.2662757635116600
Cervical Intraepithelial Neoplasia,hsa-miR-450a-5p,1.2662756443023700
Autism Spectrum Disorder,hsa-miR-450a-5p,1.266273856163030
Hyperalgesia,hsa-miR-450a-5p,1.2662729024887100
Hemangioma and Infantile,hsa-miR-450a-5p,1.2662725448608400
Neuroleptic Malignant Syndrome,hsa-miR-450a-5p,1.2662720680236800
Cleidocranial Dysplasia,hsa-miR-450a-5p,1.2662708759307900
Striatonigral Degeneration,hsa-miR-450a-5p,1.2662707567215000
Leukemia and Myelomonocytic and Chronic,hsa-miR-450a-5p,1.2662699222564700
Vasospasm and Intracranial and Postoperative,hsa-miR-450a-5p,1.266269564628600
Malformations of Cortical Development and Group II,hsa-miR-450a-5p,1.2662676572799700
Gastritis and Hypertrophic,hsa-miR-450a-5p,1.2662667036056500
Meibomian Gland Carcinoma  ,hsa-miR-450a-5p,1.266266107559200
High Grade Ovarian Neoplasms,hsa-miR-450a-5p,1.2662659883499100
Thymic epithelial tumor,hsa-miR-450a-5p,1.2662633657455400
Spermatic Cord Torsion,hsa-miR-450a-5p,1.2662619352340700
Amyloidosis,hsa-mir-873,1.2662619352340700
Fibrosarcoma,hsa-miR-450a-5p,1.2662616968154900
Hepatitis C and Chronic,hsa-miR-450a-5p,1.2662605047226000
Hcv Associated Disorders,hsa-miR-450a-5p,1.266258716583250
Respiratory Syncytial Virus Infections,hsa-miR-450a-5p,1.2662568092346200
Psoriasis,hsa-miR-450a-5p,1.266256332397460
Infections,hsa-miR-450a-5p,1.2662559747695900
Retinal Detachment,hsa-miR-450a-5p,1.2662550210952800
 Equine Hepacivirus Infections,hsa-miR-450a-5p,1.2662533521652200
Coronary Artery Calcification,hsa-miR-450a-5p,1.266253113746640
Phenylketonurias,hsa-miR-450a-5p,1.266252875328060
Cleft Lip,hsa-miR-450a-5p,1.2662510871887200
Adenocarcinoma,hsa-miR-450a-5p,1.2662508487701400
Bicuspid Aortic Valve Disease,hsa-miR-450a-5p,1.2662487030029300
Osteoporotic Fracture and Tibial,hsa-miR-450a-5p,1.2662466764450100
Growth Hormone-Secreting Pituitary Adenoma,hsa-miR-450a-5p,1.2662465572357200
Chromate Resistance,hsa-miR-450a-5p,1.2662461996078500
Hyperostosis,hsa-miR-450a-5p,1.2662458419799800
Nager acrofacial dysostosis,hsa-miR-450a-5p,1.2662426233291600
Meningioma,hsa-miR-450a-5p,1.2662421464920000
Cushing Syndrome,hsa-miR-450a-5p,1.266241192817690
Cardiomyopathy dilated with woolly hair and keratoderma,hsa-miR-450a-5p,1.2662391662597700
Bacterial Infections,hsa-miR-450a-5p,1.2662382125854500
Encephalomyelitis and Western Equine,hsa-miR-450a-5p,1.2662373781204200
GATA2 Deficiency,hsa-miR-450a-5p,1.2662370204925500
Vascular Calcification,hsa-miR-450a-5p,1.266234278678890
rippling muscle disease 1,hsa-miR-450a-5p,1.266233205795290
Neurofibroma and Plexiform,hsa-miR-450a-5p,1.266233205795290
Mandibulofacial Dysostosis,hsa-miR-450a-5p,1.2662312984466600
Premature Ejaculation,hsa-miR-450a-5p,1.2662309408187900
Papilloma and Choroid Plexus,hsa-miR-450a-5p,1.2662267684936500
Tuberculosis and Meningeal,hsa-miR-450a-5p,1.2662183046340900
Carcinoma and Cutaneous and Squamous Cell,hsa-miR-450a-5p,1.2662171125412000
Psychotic Disorders,hsa-miR-450a-5p,1.2662168741226200
Azoospermia and Nonobstructive,hsa-miR-450a-5p,1.2662098407745400
Spinal Cord Diseases,hsa-miR-450a-5p,1.2662080526351900
Endocrine System Diseases,hsa-miR-450a-5p,1.2662070989608800
Meningitis and Fungal,hsa-miR-450a-5p,1.2661939859390300
Vitamin B Deficiency,hsa-miR-450a-5p,1.2661795616149900
Urinary Calculi,hsa-miR-433,1.2661683559417700
Poisoning,hsa-miR-450a-5p,1.26616632938385
Acute Coronary Syndrome ,hsa-miR-450a-5p,1.2661656141281100
Propofol Infusion Syndrome,hsa-miR-450a-5p,1.2661617994308500
Arteriosclerosis,hsa-miR-450a-5p,1.2661566734314000
Myositis,hsa-miR-450a-5p,1.26615571975708
Hip Dislocation and Congenital,hsa-miR-450a-5p,1.2661552429199200
Hepatic Veno-Occlusive Disease,hsa-miR-450a-5p,1.2661513090133700
HTLV-II Infections,hsa-miR-450a-5p,1.2661503553390500
Fatty Liver,hsa-miR-450a-5p,1.2661466598510700
Incontinentia Pigmenti,hsa-miR-450a-5p,1.2661458253860500
Cholangitis and Biliary and Primary,hsa-miR-450a-5p,1.2661457061767600
Heroin Dependence,hsa-miR-450a-5p,1.266143798828130
Digestive System Diseases,hsa-miR-450a-5p,1.2661406993866000
White Dot Syndromes,hsa-miR-450a-5p,1.2661397457122800
Lung Carcinoid,hsa-miR-450a-5p,1.266136884689330
Rectal Diseases,hsa-miR-450a-5p,1.2661367654800400
Tibial Neuropathy,hsa-miR-433,1.2661361694335900
Upper Tract Urothelial Carcinoma,hsa-miR-450a-5p,1.2661349773407000
Coronavirus Infections,hsa-miR-450a-5p,1.2661314010620100
Neoplastic Cells and Circulating,hsa-miR-450a-5p,1.2661288976669300
Periapical Diseases,hsa-miR-450a-5p,1.2661120891571000
Polyposis Syndrome and Hereditary Mixed and 1,hsa-miR-3658,1.2661042213439900
Posterior Segment Ocular Diseases,hsa-miR-433,1.2660863399505600
Premature Birth,hsa-miR-4492,1.2659273147583000
Primary Gastrointestinal Diffuse Large B-Cell Lymphoma ,hsa-miR-1826,1.2658791542053200
Edema,hsa-miR-1826,1.2658041715621900
N acetyltransferase deficiency,hsa-miR-4456,1.2656992673873900
Abnormalities and Multiple,hsa-miR-4456,1.2656936645507800
Renal Tubular Oxidative Injury,hsa-miR-4456,1.2656919956207300
Adrenocortical Carcinoma and Pediatric,hsa-miR-4456,1.2656834125518800
Glucose Intolerance,hsa-miR-4456,1.2656829357147200
Leg Ulcer,hsa-miR-4456,1.265682339668270
Chronic Pain,hsa-miR-4456,1.2656804323196400
Pediatric Cystic Fibrosis,hsa-miR-4456,1.265680193901060
Hypocalciuric hypercalcemia and familial and type 1,hsa-miR-4456,1.2656790018081700
Cystadenocarcinoma and Serous and Endometrial,hsa-miR-4456,1.2656786441803000
Hearing Loss and Unilateral,hsa-miR-4456,1.2656773328781100
sporatic amyotrophic lateral sclerosis,hsa-miR-4456,1.2656763792038000
Familial primary gastric lymphoma,hsa-miR-4456,1.2656738758087200
Leukokeratosis and Hereditary Mucosal,hsa-miR-4456,1.2656723260879500
Acute Coronary Syndrome and Non-St  Elevation,hsa-miR-4456,1.2656710147857700
Hyperpigmentation and Skin,hsa-miR-4456,1.2656694650650000
Postoperative Complications,hsa-miR-4456,1.2656692266464200
Adenomatous Polyposis Coli,hsa-miR-4456,1.265667200088500
Brain Ischemia and Acute,hsa-miR-4456,1.2656669616699200
mitochondrial DNA depletion syndrome 4b,hsa-miR-4456,1.265665054321290
Thyroid Carcinoma and Anaplastic,hsa-miR-4456,1.2656646966934200
Adiposis Dolorosa,hsa-miR-4456,1.2656643390655500
Distal arthrogryposis type 2B,hsa-miR-4456,1.2656638622283900
Synucleinopathies,hsa-miR-4456,1.2656633853912400
Hepatorenal Syndrome,hsa-miR-4456,1.2656631469726600
Diabetic Retinopathy ,hsa-miR-4456,1.265660285949710
Arthritis and Juvenile,hsa-miR-4456,1.2656599283218400
Neuroendocrine Tumors,hsa-miR-4456,1.2656596899032600
Keratoconus,hsa-miR-4456,1.2656588554382300
primary biliary cholangitis 1,hsa-miR-4456,1.2656582593917800
Neoplasms and Multiple Primary,hsa-miR-4456,1.2656582593917800
Noonan syndrome-like disorder with loose anagen hair,hsa-miR-4456,1.2656573057174700
Hepatopulmonary Syndrome,hsa-miR-4456,1.2656546831131000
Reperfusion Injury and Testicular Ischemia,hsa-miR-323b-3p,1.265654444694520
Li-Fraumeni syndrome 1,hsa-miR-4456,1.2656539678573600
Human Herpesvirus 6 encephalitis,hsa-miR-4456,1.2656534910202000
Endometrial Fibrosis,hsa-miR-4456,1.2656534910202000
Adenocarcinoma and Follicular,hsa-miR-4456,1.2656530141830400
Angina and Unstable,hsa-miR-4456,1.2656528949737500
ACTH Syndrome and Ectopic,hsa-miR-4456,1.2656524181366000
Cerebral Intraventricular Hemorrhage,hsa-miR-4456,1.265651822090150
Premature Ovarian Aging,hsa-miR-4456,1.2656508684158300
Viral Respiratory Infections,hsa-miR-4456,1.2656506299972500
Dehydration,hsa-miR-4456,1.2656490802764900
Elliptocytosis 2,hsa-miR-4456,1.2656474113464400
low grade glioma,hsa-miR-4456,1.2656461000442500
Dmd-Associated Dilated Cardiomyopathy,hsa-miR-4456,1.2656437158584600
Mite Infestations,hsa-miR-4456,1.26564359664917
Welander distal myopathy and Swedish type,hsa-miR-4456,1.2656426429748500
Oral Submucous Fibrosis,hsa-miR-4456,1.2656424045562700
Ataxia Neuropathy Spectrum,hsa-miR-4456,1.265641212463380
Hematologic Neoplasms,hsa-miR-4456,1.2656410932540900
Nephritis,hsa-miR-4456,1.2656408548355100
Hemoglobinopathies,hsa-miR-4456,1.2656408548355100
Distal myopathy and Nonaka type,hsa-miR-4456,1.2656399011611900
Status Epilepticus,hsa-miR-4456,1.2656395435333300
Mitochondrial Diseases,hsa-miR-4456,1.2656391859054600
Encephalomyelitis and Enzootic Porcine,hsa-miR-4456,1.265639066696170
Airway Inflammation,hsa-miR-4456,1.2656389474868800
Necrosis,hsa-miR-4456,1.2656378746032700
Exudative Vitreoretinopathy 4,hsa-miR-4456,1.2656375169754000
Infarction,hsa-miR-4456,1.2656371593475300
Heart Septal Defects and Atrial,hsa-miR-4456,1.2656368017196700
Tracheal Diseases,hsa-miR-4456,1.2656365633010900
Rupture,hsa-miR-4456,1.2656363248825100
Coronary Restenosis,hsa-miR-4456,1.265634536743160
Ataxia with vitamin E deficiency,hsa-miR-4456,1.265633225440980
Vasospasm and Intracranial and Postoperative,hsa-miR-4456,1.2656327486038200
Colorectal Neoplasms and Hereditary Nonpolyposis,hsa-miR-4456,1.2656322717666600
Staphylococcal Infections,hsa-miR-4456,1.265632152557370
Hemochromatosis,hsa-miR-4456,1.2656316757202100
Dwarfism,hsa-miR-4456,1.2656307220459000
Hearing Disorders,hsa-miR-4456,1.265628457069400
Multicystic renal dysplasia and bilateral,hsa-miR-4456,1.2656283378601100
skin melanoma,hsa-miR-4456,1.2656282186508200
Poorly Differentiated Thyroid Gland Carcinoma,hsa-miR-4456,1.2656259536743200
Cystic Fibrosis,hsa-miR-4456,1.2656258344650300
salivary gland mucoepidermoid carcinoma,hsa-miR-4456,1.265625
Acute Lymphocytic Leukemia and B-Cell,hsa-miR-4456,1.2656238079071000
Langer mesomelic dysplasia,hsa-miR-4456,1.2656230926513700
Viral Myocarditis,hsa-miR-4456,1.2656227350235000
Hcv Associated Disorders,hsa-miR-4456,1.2656219005584700
Gastritis and Pediatric,hsa-miR-4456,1.2656214237213100
Atrial Premature Complexes,hsa-miR-4456,1.2656203508377100
Infant and Newborn and Diseases,hsa-miR-4456,1.2656199932098400
Cerebral Hemorrhage and Spontaneous,hsa-miR-4456,1.2656199932098400
Infections,hsa-miR-4456,1.2656192779541000
Rhinitis and Allergic and Seasonal,hsa-miR-4456,1.2656188011169400
Collagen Diseases,hsa-miR-4456,1.2656184434890700
Takayasu Arteritis,hsa-miR-4456,1.2656170129776
 Equine Hepacivirus Infections,hsa-miR-4456,1.265616536140440
Cystitis and Interstitial,hsa-miR-4456,1.2656159400939900
Phenylketonurias,hsa-miR-4456,1.2656159400939900
Warburg micro syndrome 1,hsa-miR-4456,1.2656158208847000
Eunuchism,hsa-miR-4456,1.2656142711639400
Cleft Lip,hsa-miR-4456,1.2656141519546500
Tendinopathy,hsa-miR-4492,1.2656135559082000
Syphilis,hsa-miR-4456,1.265613317489620
gastric cardia adenocarcinoma,hsa-miR-4456,1.265613079071050
Hypertensive  Disorder Complicating Pregnancy,hsa-miR-4456,1.265613079071050
Barrett Esophagus,hsa-miR-4456,1.2656127214431800
esophageal carcinoma,hsa-miR-4456,1.2656126022338900
Bicuspid Aortic Valve Disease,hsa-miR-4456,1.265612006187440
Shock and Hemorrhagic,hsa-miR-4456,1.2656118869781500
Reperfusion Injury and Pulmonary Ischemia,hsa-miR-4456,1.2656112909317000
Frontonasal dysplasia,hsa-miR-4456,1.265611171722410
Intestinal Neoplasms,hsa-miR-4456,1.265609860420230
Obesity and Abdominal,hsa-miR-4456,1.2656081914901700
Lymphoma and Natural   Killer/T-Cell,hsa-miR-4456,1.2656071186065700
Pulmonary Edema,hsa-miR-4456,1.2656038999557500
External Auditory Canal Squamous Cell Carcinoma,hsa-miR-4456,1.2656028270721400
Aortic Aneurysm,hsa-miR-4456,1.265602469444280
Brain Injury and Chronic,hsa-miR-4456,1.2656012773513800
Hemangioma,hsa-miR-4456,1.2656009197235100
Movement Disorders,hsa-miR-4456,1.2656009197235100
Acute Aortic   Dissection,hsa-miR-4456,1.2656009197235100
Reinjuries,hsa-miR-4456,1.2656004428863500
Liver Failure,hsa-miR-4456,1.2655993700027500
Lymphoma and T-Cell,hsa-mir-8080,1.265598177909850
Bronchial Hyperreactivity,hsa-miR-4456,1.2655971050262500
Colorectal   Adenocarcinoma,hsa-miR-4456,1.2655969858169600
Syphilis and primary,hsa-miR-4456,1.2655956745147700
Urothelial   Carcinoma,hsa-miR-4456,1.2655948400497400
Premature Ejaculation,hsa-miR-4456,1.265594244003300
Venous Thromboembolism,hsa-miR-4456,1.2655919790267900
Ankle Fractures,hsa-miR-4456,1.2655892372131300
Cardiovascular Complications,hsa-miR-4456,1.2655888795852700
Alopecia,hsa-miR-4456,1.2655881643295300
Pituitary Diseases,hsa-miR-4456,1.2655861377716100
Bk Virus Infections,hsa-miR-4456,1.2655847072601300
Cartilage Degradation,hsa-miR-4456,1.2655837535858200
Toxoplasmosis and Ocular,hsa-miR-4456,1.2655824422836300
Tuberculosis and Meningeal,hsa-miR-4456,1.265581727027890
Rhegmatogenous Retinal Detachment and Autosomal Dominant,hsa-miR-4456,1.265579342842100
Reflex Sympathetic Dystrophy,hsa-miR-4456,1.265579342842100
Weight Loss,hsa-miR-4456,1.2655752897262600
Anterior Cruciate Ligament Injuries,hsa-miR-4456,1.2655740976333600
Conjunctivitis and Allergic,hsa-miR-4456,1.265572428703310
Spinal Cord Diseases,hsa-miR-4456,1.2655712366104100
Nonsyndromic sensorineural hearing loss,hsa-miR-4456,1.265570878982540
Focal Infection,hsa-miR-4456,1.2655707597732500
Infarct-Related Artery Total Occlusion,hsa-miR-4456,1.2655701637268100
Dermatitis and Allergic Contact,hsa-miR-4456,1.2655696868896500
Hypersensitivity and Immediate,hsa-miR-4456,1.2655692100524900
Carcinogenesis,hsa-miR-4456,1.2655659914016700
Graves Ophthalmopathy,hsa-miR-4456,1.2655607461929300
Brain Ischemia ,hsa-miR-4456,1.265552282333370
Lumbar Radicular Pain,hsa-miR-4456,1.2655521631240800
Tibial Neuropathy,hsa-miR-103-as,1.2655507326126100
Brucellosis and Bovine,hsa-miR-4456,1.2655490636825600
Atrophy,hsa-miR-4456,1.2655484676361100
Extra-Hepatic Portal Venous  Obstruction ,hsa-miR-4456,1.2655470371246300
Lupus Vasculitis and Central Nervous System,hsa-miR-103-as,1.265546202659610
Microphthalmos,hsa-miR-4456,1.265546202659610
Vitamin B Deficiency,hsa-miR-4456,1.265542984008790
Thymus Neoplasms,hsa-miR-4456,1.2655410766601600
Hepatoblastoma,hsa-miR-4456,1.265540361404420
Siderosis,hsa-miR-4456,1.2655390501022300
Leukemia and Myeloid and Accelerated Phase,hsa-miR-4456,1.265537977218630
Arene Oxide Detoxification Defect,hsa-miR-103-as,1.2655346393585200
Mycobacterium avium-intracellulare Infection,hsa-miR-4456,1.265534520149230
Urinary Incontinence and Stress,hsa-miR-103-as,1.2655341625213600
late onset Parkinson's disease,hsa-miR-4456,1.265533208847050
Blast Crisis,hsa-miR-4456,1.2655314207077000
Ventricular Remodeling,hsa-miR-4456,1.2655295133590700
Heart Injuries,hsa-miR-4456,1.2655293941497800
Rectal Prolapse,hsa-miR-4456,1.265528917312620
Adenine phosphoribosyltransferase deficiency,hsa-miR-4456,1.2655285596847500
frontotemporal dementia,hsa-miR-4456,1.2655278444290200
Lipodystrophy and Partial and Acquired,hsa-miR-4456,1.2655259370803800
Propofol Infusion Syndrome,hsa-miR-4456,1.2655251026153600
Bronchiectasis With Or Without Elevated Sweat Chloride 1,hsa-miR-4456,1.2655245065689100
Arteriosclerosis,hsa-miR-4456,1.2655199766159100
Hair Diseases,hsa-miR-4456,1.2655198574066200
vulva squamous cell carcinoma,hsa-miR-4456,1.2655198574066200
Rubella Syndrome and Congenital,hsa-miR-4456,1.2655194997787500
Myositis,hsa-miR-4456,1.2655189037323000
Multiple Chronic Conditions,hsa-miR-4456,1.265518307685850
Myeloproliferative Disorder and Chronic and with Eosinophilia,hsa-miR-4456,1.2655175924301100
ABCD syndrome,hsa-miR-4456,1.2655171155929600
Eclampsia,hsa-miR-4456,1.265516757965090
Microvascular Obstruction,hsa-miR-4456,1.2655129432678200
Sexual Dysfunctions and Psychological,hsa-miR-4456,1.2655119895935100
Erectile Dysfunction,hsa-miR-4456,1.2655109167099
Ichthyosis and Lamellar,hsa-miR-4456,1.2655106782913200
Brucellosis,hsa-miR-4456,1.2655091285705600
Cerebral Infarction and Acute,hsa-miR-4456,1.2655057907104500
Hypogonadism,hsa-miR-4456,1.2655054330825800
Digestive System Diseases,hsa-miR-4456,1.2655038833618200
Foot Ulcer,hsa-miR-4456,1.265501618385320
Lung Carcinoid,hsa-miR-4456,1.2655000686645500
Muscular Dystrophy and Facioscapulohumeral,hsa-miR-4456,1.2654975652694700
Tongue Neoplasms,hsa-miR-4456,1.2654963731765700
non-alcoholic fatty liver,hsa-miR-4456,1.2654961347580000
Protein-Losing Enteropathies,hsa-miR-4456,1.265496015548710
Salivary Gland Pleomorphic Adenoma,hsa-miR-4456,1.265494704246520
Varicose Veins,hsa-miR-4456,1.265491247177120
spondyloepimetaphyseal dysplasia and Strudwick type,hsa-miR-4456,1.2654902935028100
Hepatitis E,hsa-miR-4456,1.2654848098754900
Cystoid Macular Edema and Diabetic,hsa-miR-4456,1.2654848098754900
Quadruple Negative Breast Cancer,hsa-miR-4456,1.2654845714569100
Blood Platelet Disorders,hsa-miR-4456,1.2654820680618300
Brugada Syndrome,hsa-miR-103-as,1.2654794454574600
Hypertriglyceridemia,hsa-miR-4456,1.2654728889465300
Amyloidosis,hsa-miR-4456,1.2654483318328900
Chromosome Duplication,hsa-miR-4444,1.2654306888580300
thyroid gland Hurthle cell carcinoma,hsa-miR-103-as,1.2654216289520300
Amebiasis,hsa-miR-103-as,1.2654132843017600
Intermittent Claudication,hsa-miR-1245a,1.2653615474700900
Nevus and Halo,hsa-mir-873,1.265356421470640
Periodontitis and Diabetic,hsa-miR-3065-5p,1.265280842781070
Chorioamnionitis,mmu-miR-692,1.2652806043624900
Angioedemas and Hereditary,hsa-miR-3065-5p,1.2652084827423100
Hemorrhagic Fever and Ebola,mmu-miR-743a,1.2651631832122800
Sleep Initiation and Maintenance Disorders,mmu-miR-743a,1.2651631832122800
Infant Nutrition Disorders,mmu-miR-743a,1.2651563882827800
Kidney Neoplasms,mmu-miR-743a,1.2651536464691200
Liver Diseases and Alcoholic,mmu-miR-743a,1.265153408050540
Neurodevelopmental Disorders,mmu-miR-743a,1.265151023864750
Werner Syndrome,mmu-miR-743a,1.2651492357254000
Obstetric Labor Complications,mmu-miR-743a,1.265147089958190
Typical Teratoid Rhabdoid Tumor,mmu-miR-743a,1.2651429176330600
sporatic amyotrophic lateral sclerosis,mmu-miR-743a,1.2651400566101100
Meningitis and Bacterial,mmu-miR-743a,1.2651357650756800
Acute Coronary Syndrome and Non-St  Elevation,mmu-miR-743a,1.2651346921920800
Hyperpigmentation and Skin,mmu-miR-743a,1.2651333808898900
Pars Planitis,mmu-miR-743a,1.2651327848434400
Borna Disease,mmu-miR-743a,1.2651327848434400
torsion dystonia 1,mmu-miR-743a,1.265131950378420
Leukemia and Myeloid,mmu-miR-743a,1.2651300430297900
Hematoma and Subdural and Chronic,mmu-miR-743a,1.2651290893554700
Brain Neoplasms,mmu-miR-743a,1.265124797821050
Blood Coagulation Disorders,mmu-miR-743a,1.2651244401931800
Glycogen Storage Disease Type VI,mmu-miR-743a,1.2651243209838900
Tuberculosis and Spinal,mmu-miR-743a,1.2651242017746000
Diabetic Retinopathy ,mmu-miR-743a,1.2651242017746000
Thrombocythemia and Essential,mmu-miR-743a,1.2651240825653100
Keratoconus,mmu-miR-743a,1.265122652053830
Platelet Storage Lesion,mmu-miR-743a,1.2651221752166700
primary biliary cholangitis 1,mmu-miR-743a,1.2651219367981000
Heart Septal Defects and Ventricular,mmu-miR-743a,1.265121579170230
Laryngeal Papilloma,mmu-miR-743a,1.265120029449460
Mast Cell Tumors,mmu-miR-743a,1.265118956565860
Dental Caries,mmu-miR-743a,1.2651184797287000
Pain and Inflammatory,mmu-miR-743a,1.2651180028915400
Niemann-Pick disease type C1,mmu-miR-743a,1.2651162147522000
ACTH Syndrome and Ectopic,mmu-miR-743a,1.2651160955429100
Microscopic Polyangiitis,mmu-miR-743a,1.2651147842407200
Drug Hypersensitivity,mmu-miR-743a,1.2651126384735100
Genital Diseases and Female,mmu-miR-743a,1.265112280845640
Low Tension Glaucoma,mmu-miR-743a,1.2651114463806200
Elliptocytosis 2,mmu-miR-743a,1.2651112079620400
low grade glioma,mmu-miR-743a,1.265109896659850
Autoimmune polyendocrinopathy syndrome and type 1,mmu-miR-743a,1.2651095390319800
Osteoarthropathy and Primary Hypertrophic,mmu-miR-743a,1.2651093006134000
Alcohol Induced Neurogenic Inflammation,mmu-miR-743a,1.2651069164276100
Welander distal myopathy and Swedish type,mmu-miR-743a,1.2651063203811600
Low Back Pain,mmu-miR-743a,1.2651056051254300
Inflammatory Osteolysis,mmu-miR-743a,1.2651042938232400
mucinous cystadenocarcinoma of pancreas,mmu-miR-743a,1.2651035785675000
Cervical Intraepithelial Neoplasia,mmu-miR-743a,1.2651026248931900
Chronic Disease,mmu-miR-743a,1.2651022672653200
Chronic Gastritis,mmu-miR-743a,1.2651020288467400
Colonic Polyps,mmu-miR-743a,1.265100121498110
Central Nervous System Bacterial Infections,mmu-miR-743a,1.2650994062423700
Pain and Postoperative,mmu-miR-743a,1.265099048614500
Glomus Tumor,mmu-miR-743a,1.2650988101959200
Uremia,mmu-miR-743a,1.265098214149480
Exanthema,mmu-miR-743a,1.2650980949401900
Coronary Restenosis,mmu-miR-743a,1.2650980949401900
Wasting Disease and Chronic,mmu-miR-743a,1.2650980949401900
Parasitic Diseases,mmu-miR-743a,1.2650970220565800
Vascular System Injuries,mmu-miR-743a,1.2650967836380000
Palatal Neoplasms,mmu-miR-743a,1.2650957107543900
Hemochromatosis,mmu-miR-743a,1.2650954723358200
MPTP Poisoning,mmu-miR-743a,1.2650943994522100
Angelman Syndrome,mmu-miR-743a,1.2650936841964700
Cerebral Cortical Thinning,mmu-miR-743a,1.2650935649871800
Neoplasm and Residual,mmu-miR-743a,1.2650929689407300
Hind Limb Ischemia,mmu-miR-743a,1.2650926113128700
Giant Cell Arteritis,mmu-miR-743a,1.2650920152664200
Diabetic Keratopathy,mmu-miR-743a,1.2650898694992100
Folliculotropic Mycosis Fungoides,mmu-miR-743a,1.2650893926620500
polycystic kidney disease 3,mmu-miR-743a,1.2650889158248900
salivary gland mucoepidermoid carcinoma,mmu-miR-743a,1.265088677406310
Spermatic Cord Torsion,mmu-miR-743a,1.265088677406310
Cirrhotic Cardiomyopathy,mmu-miR-743a,1.265088438987730
Bronchopulmonary Dysplasia,mmu-miR-743a,1.2650877237319900
Acute Lymphocytic Leukemia and B-Cell,mmu-miR-743a,1.265087604522710
Rett Syndrome,mmu-miR-743a,1.2650867700576800
Viral Myocarditis,mmu-miR-743a,1.26508629322052
Pleural Effusion and Malignant,mmu-miR-743a,1.2650851011276200
Larva Migrans and Visceral,mmu-miR-743a,1.2650837898254400
Infant and Newborn and Diseases,mmu-miR-743a,1.2650837898254400
Salpingitis,mmu-miR-743a,1.2650834321975700
Reperfusion Injury and Hepatic Ischemia,mmu-miR-743a,1.2650833129882800
Collagen Diseases,mmu-miR-743a,1.2650821208953900
Acromegaly,mmu-miR-743a,1.265081763267520
Cachexia,mmu-miR-743a,1.2650809288024900
Myopia,mmu-miR-743a,1.2650805711746200
Bronchiolitis Obliterans,mmu-miR-743a,1.265080213546750
Lissencephaly,mmu-miR-743a,1.2650798559188800
Carcinoma and Small Cell,mmu-miR-743a,1.265079379081730
Post-Dural Puncture Headache,mmu-miR-743a,1.2650779485702500
Eunuchism,mmu-miR-743a,1.2650779485702500
Cleft Lip,mmu-miR-743a,1.2650779485702500
Polymyositis,mmu-miR-743a,1.2650773525238000
Hypertensive  Disorder Complicating Pregnancy,mmu-miR-743a,1.265076756477360
esophageal carcinoma,mmu-miR-743a,1.2650762796402000
paramyotonia congenita of Von Eulenburg,mmu-miR-743a,1.265075445175170
Yellow Nail Syndrome,mmu-miR-743a,1.2650753259658800
Bone Diseases and Metabolic,mmu-miR-743a,1.2650744915008500
Intestinal Neoplasms,mmu-miR-743a,1.2650736570358300
Osteoporotic Fracture and Tibial,mmu-miR-743a,1.265073299407960
Hyperostosis,mmu-miR-743a,1.2650725841522200
Nasopharyngeal Neoplasms,mmu-miR-743a,1.2650723457336400
Pulmonary Edema,mmu-miR-743a,1.2650675773620600
Chagas Disease,mmu-miR-743a,1.2650669813156100
Aortic Aneurysm,mmu-miR-743a,1.2650660276413000
Reticuloendotheliosis Virus Infections,mmu-miR-743a,1.2650651931762700
Brain Infarction,mmu-miR-743a,1.26506507396698
Syphilis and primary,mmu-miR-743a,1.2650593519210800
Osteolysis,mmu-miR-743a,1.265056848526000
Osteoporotic Fractures,mmu-miR-743a,1.2650527954101600
Ocular Hypertension,mmu-miR-743a,1.2650516033172600
Intracranial  Aneurysm,mmu-miR-743a,1.2650505304336500
Stomatitis and Herpetic,mmu-miR-743a,1.2650504112243700
Osteonecrosis,mmu-miR-743a,1.2650471925735500
Toxoplasmosis and Ocular,mmu-miR-743a,1.2650460004806500
Urinary Retention,mmu-miR-743a,1.2650455236434900
Psychotic Disorders,mmu-miR-743a,1.2650439739227300
Diabetic Neuropathies,mmu-miR-743a,1.2650429010391200
Reflex Sympathetic Dystrophy,mmu-miR-743a,1.2650429010391200
Thrombotic Stroke,mmu-miR-743a,1.2650425434112500
Hypertrophy and Right Ventricular,mmu-miR-743a,1.2650419473648100
Chorioamnionitis,mmu-miR-743a,1.265040397644040
Anterior Cruciate Ligament Injuries,mmu-miR-743a,1.2650377750396700
Placental Insufficiency,mmu-miR-743a,1.2650361061096200
Carcinogenesis,mmu-miR-743a,1.265029788017270
Ventricular Dysfunction,mmu-miR-743a,1.2650293111801100
Meningitis and Fungal,mmu-miR-743a,1.2650208473205600
Lumbar Radicular Pain,mmu-miR-743a,1.265015721321110
Coronary Stenosis,mmu-miR-743a,1.2650126218795800
Pica,mmu-miR-743a,1.2650095224380500
Idiopathic Condylar Resorption,mmu-miR-743a,1.2650094032287600
Oropharyngeal Neoplasms,mmu-miR-743a,1.265007495880130
intracranial berry aneurysm 3,mmu-miR-743a,1.2650014162063600
Respiratory Distress Syndrome and Newborn,mmu-miR-743a,1.2650011777877800
Prion Diseases,mmu-miR-743a,1.2650004625320400
Retinal Degeneration,mmu-miR-743a,1.2649999856948900
Porphyria and Variegate,mmu-miR-743a,1.2649998664856000
Neoplasm Metastasis,mmu-miR-743a,1.2649996280670200
adhesions of uterus,mmu-miR-743a,1.264999270439150
Tourette Syndrome,mmu-miR-743a,1.2649966478347800
Breast Diseases,mmu-miR-743a,1.2649933099746700
Heart Injuries,mmu-miR-743a,1.2649929523468000
Rectal Prolapse,mmu-miR-743a,1.264992594718930
frontotemporal dementia,mmu-miR-743a,1.2649915218353300
Cholestasis and Intrahepatic,mmu-miR-743a,1.2649904489517200
Shoulder Injuries,mmu-miR-743a,1.264989972114560
Suppuration,mmu-miR-743a,1.2649896144866900
Asymptomatic Infections,mmu-miR-743a,1.2649892568588300
Lymphoma and T-Cell,hsa-miR-4443,1.2649891376495400
Trophoblastic Neoplasms,mmu-miR-743a,1.2649874687194800
Pigmentation Disorders,mmu-miR-743a,1.264986515045170
Lichen Sclerosus et Atrophicus,mmu-miR-743a,1.2649837732315100
Rubella Syndrome and Congenital,mmu-miR-743a,1.2649832963943500
Lymphoma and B-Cell and Diffuse,mmu-miR-743a,1.2649829387664800
Multiple Chronic Conditions,mmu-miR-743a,1.2649821043014500
Intracranial Arteriovenous Malformations,mmu-miR-743a,1.2649818658828700
Early Embryonic Arrestdagger,mmu-miR-743a,1.2649803161621100
Early-Stage Malignant Melanoma,mmu-miR-743a,1.2649791240692100
Poikiloderma with Neutropenia,mmu-miR-743a,1.2649790048599200
Peritoneal Diseases,mmu-miR-743a,1.2649778127670300
Oculocutaneous Albinism Type 3,mmu-miR-743a,1.2649754285812400
Erectile Dysfunction,mmu-miR-743a,1.26497483253479
Brain Neoplasms,hsa-mir-802,1.264974594116210
Fibrous Dysplasia of Bone,mmu-miR-743a,1.2649744749069200
Fatty Liver,mmu-miR-743a,1.2649736404418900
Cardiovascular And   Cerebrovascular Diseases,mmu-miR-743a,1.2649728059768700
Osteomyelitis,mmu-miR-743a,1.264971137046810
Sinus Thrombosis and Intracranial,mmu-miR-743a,1.2649707794189500
obstructive nephropathy,mmu-miR-743a,1.2649695873260500
Smooth Muscle Tumor,mmu-miR-743a,1.2649680376052900
Pain and Inflammatory,hsa-mir-802,1.2649677991867100
Bipolar Disorder,mmu-miR-743a,1.2649667263031000
Intracranial Arteriosclerosis,mmu-miR-743a,1.2649660110473600
Cerebral Intraventricular Hemorrhage,hsa-mir-802,1.2649651765823400
Pulmonary Veno-Occlusive Disease,mmu-miR-743a,1.2649648189544700
Sarcopenia,mmu-miR-743a,1.2649645805358900
Upper Tract Urothelial Carcinoma,mmu-miR-743a,1.264961838722230
non-alcoholic fatty liver,mmu-miR-743a,1.2649599313736000
Kidney Diseases and Cystic,mmu-miR-743a,1.264958143234250
Sarcoma and Ewing,hsa-mir-802,1.2649580240249600
Finnish lethal neonatal metabolic syndrome,hsa-mir-802,1.2649576663970900
Inflammatory Osteolysis,hsa-mir-802,1.2649539709091200
Cumulative Trauma Disorders,hsa-mir-802,1.2649530172348000
Brain Damage and Chronic,hsa-mir-802,1.264952540397640
Obesity and Osteosarcopenic,mmu-miR-743a,1.2649524211883500
Infarction,hsa-mir-802,1.2649506330490100
Neuroleptic Malignant Syndrome,hsa-mir-802,1.264948844909670
Hind Limb Ischemia,hsa-mir-802,1.2649424076080300
Alopecia Areata,mmu-miR-743a,1.2649376392364500
Heart Defects and Congenital,hsa-mir-802,1.2649255990982100
Kidney Failure and Chronic,hsa-mir-802,1.264923334121700
Brain Injury and Chronic,hsa-mir-802,1.2649147510528600
Amyloidosis,mmu-miR-743a,1.2649120092392000
cone-rod dystrophy 6,hsa-mir-802,1.2648993730545000
Adenocarcinoma and Sebaceous and Ocular,hsa-mir-802,1.264891266822820
Lymphoma and T-Cell,hsa-miR-4459,1.264888882637020
Alcohol Withdrawal Delirium,hsa-mir-802,1.2648824453353900
Thyroiditis and Subacute,hsa-mir-8069,1.2648675441741900
Enterocolitis and Pseudomembranous,hsa-mir-8069,1.264853596687320
Carotid Stenosis,hsa-mir-8069,1.2648504972457900
Trichohepatoenteric Syndrome,hsa-mir-802,1.2648473978042600
Jaundice and Acute,hsa-mir-8069,1.264843225479130
Cerebral Hemorrhage,hsa-mir-8069,1.2648392915725700
torsion dystonia 1,hsa-mir-8069,1.2648385763168300
Trophoblastic Neoplasms,hsa-mir-802,1.264837384223940
Moebius syndrome 1,hsa-mir-8069,1.2648370265960700
Facial Nerve Injuries,hsa-mir-8069,1.2648348808288600
Schistosomiasis,hsa-mir-8069,1.2648346424102800
Synucleinopathies,hsa-mir-8069,1.264833688735960
Myositis,hsa-mir-802,1.264832615852360
Diabetic Retinopathy ,hsa-mir-8069,1.2648308277130100
Heart Septal Defects and Ventricular,hsa-mir-8069,1.2648282051086400
Selenium Deficiency,hsa-mir-8069,1.2648252248764000
Hepatopulmonary Syndrome,hsa-mir-8069,1.2648249864578200
Bone Regeneration,hsa-mir-8069,1.2648223638534500
Premature Ovarian Aging,hsa-mir-8069,1.2648212909698500
Thoracic Aortic   Dissection,hsa-mir-8069,1.264817237854000
Adrenal Cortex Neoplasms,hsa-mir-8069,1.2648171186447100
Emphysema,hsa-mir-802,1.264815330505370
Sepsis Induced Liver Injury,hsa-mir-8069,1.2648144960403400
Pancreatitis and Acute Necrotizing,hsa-mir-8069,1.2648131847381600
Biotinidase Deficiency,hsa-mir-8069,1.2648122310638400
Distal myopathy and Nonaka type,hsa-mir-8069,1.26481032371521
Brain Damage and Chronic,hsa-mir-8069,1.2648091316223100
Chronic Gastritis,hsa-mir-8069,1.2648087739944500
Aneuploidy,hsa-mir-8069,1.2648086547851600
Fibroadenoma,hsa-mir-8069,1.264808177948000
Liver Cirrhosis and Alcoholic,hsa-mir-8069,1.2648066282272300
Neuroleptic Malignant Syndrome,hsa-mir-8069,1.2648059129715000
Glomus Tumor,hsa-mir-8069,1.2648054361343400
Hypertension and Renal,hsa-mir-802,1.2648048400878900
Immune-Mediated Inflammatory Diseases,hsa-mir-8069,1.2648043632507300
Oral Ulcer,hsa-mir-8069,1.2648022174835200
Arrhythmogenic Heart Diseases,hsa-mir-8069,1.2647993564605700
Telangiectasia and Hereditary Hemorrhagic,hsa-mir-8069,1.264795184135440
Arrest of spermatogenesis,hsa-mir-8069,1.2647935152053800
Viral Myocarditis,hsa-mir-8069,1.2647931575775100
Glaucoma,hsa-mir-8069,1.2647910118103000
Alveolar echinococcosis,hsa-mir-802,1.2647902965545700
Takayasu Arteritis,hsa-mir-8069,1.2647873163223300
Hereditary pancreatitis,hsa-mir-8069,1.2647860050201400
Osteoporotic Fracture and Tibial,hsa-mir-8069,1.2647801637649500
Intestinal Neoplasms,hsa-mir-8069,1.2647801637649500
Diastrophic dysplasia,hsa-mir-8069,1.2647792100906400
Graves Disease,hsa-mir-8069,1.2647780179977400
Chromosome Duplication,hsa-miR-4459,1.2647755146026600
Reticuloendotheliosis Virus Infections,hsa-mir-8069,1.2647719383239700
Tibial Fractures,hsa-mir-8069,1.2647708654403700
Anemia and Refractory and with Excess of Blasts,hsa-miR-4444,1.2647700309753400
Turcot syndrome,hsa-mir-8069,1.2647678852081300
Syphilis and primary,hsa-mir-8069,1.2647660970687900
Glima,hsa-mir-8069,1.2647655010223400
Urothelial   Carcinoma,hsa-mir-8069,1.2647652626037600
Premature Ejaculation,hsa-mir-8069,1.264764428138730
Alopecia,hsa-mir-8069,1.264758586883550
salivary gland adenoid cystic carcinoma,hsa-mir-8069,1.2647513151168800
Diabetic Neuropathies,hsa-mir-8069,1.2647494077682500
Adenocarcinoma and Sebaceous and Ocular,hsa-mir-8069,1.2647480964660600
Dermatitis and Allergic Contact,hsa-mir-8069,1.2647401094436600
Neurosyphilis,hsa-mir-8069,1.2647297382354700
Brucellosis and Bovine,hsa-mir-8069,1.2647194862365700
Pica,hsa-mir-8069,1.2647160291671800
Stillbirth,hsa-mir-8069,1.2647126913070700
Facial Nerve Diseases,hsa-mir-8069,1.264708161354070
Leukemia and Myeloid and Chronic and Atypical and BCR-ABL Negative,hsa-mir-8069,1.264699101448060
Bronchiectasis With Or Without Elevated Sweat Chloride 1,hsa-mir-8069,1.2646950483322100
Myositis,hsa-mir-8069,1.2646894454956100
Myeloproliferative Disorder and Chronic and with Eosinophilia,hsa-mir-8069,1.2646878957748400
Eclampsia,hsa-mir-8069,1.2646870613098100
Depression and Post Stroke,hsa-mir-8069,1.2646859884262100
Poikiloderma with Neutropenia,hsa-mir-8069,1.2646856307983400
Arthritis and Gouty,hsa-mir-8069,1.2646843194961500
Olfaction Disorders,hsa-mir-8069,1.2646764516830400
Sleep Initiation and Maintenance Disorders,hsa-mir-8080,1.264670491218570
Pheochromocytoma,hsa-mir-8069,1.2646671533584600
Hemoglobin Bart'S Hydrops   Fetalis Syndrome,hsa-mir-8080,1.26466703414917
Sexually Transmitted Diseases and Viral,hsa-mir-8069,1.2646666765213000
common variable immunodeficiency 2,hsa-mir-8080,1.2646660804748500
Infant Nutrition Disorders,hsa-mir-8080,1.264663815498350
Obesity and Osteosarcopenic,hsa-mir-8069,1.2646594047546400
Vesicular Stomatitis,hsa-mir-8069,1.2646576166153000
Thyroid Diseases,hsa-mir-8080,1.2646560668945300
Stiff-Person Syndrome,hsa-mir-8080,1.2646552324295000
Leg Ulcer,hsa-mir-8080,1.2646533250808700
Pneumonia and Staphylococcal,hsa-mir-8080,1.2646524906158400
Blood Platelet Disorders,hsa-mir-8069,1.2646523714065600
Bowen-Conradi syndrome,hsa-mir-8080,1.2646503448486300
Hypocalciuric hypercalcemia and familial and type 1,hsa-mir-8080,1.2646498680114700
Cystadenocarcinoma and Serous and Endometrial,hsa-mir-8080,1.264649510383610
Spinal muscular atrophy with respiratory distress 1,hsa-miR-4444,1.2646485567092900
Community-Acquired Pneumonia,hsa-miR-4444,1.2646479606628400
Meningitis and Bacterial,hsa-mir-8080,1.2646430730819700
End Stage Liver Disease,hsa-mir-8080,1.264642357826230
Thymoma,hsa-mir-8080,1.264641523361210
Tuberous Sclerosis 1,hsa-mir-8080,1.2646411657333400
Murine Acquired Immunodeficiency Syndrome,hsa-miR-4444,1.264640212059020
Cholecystitis,hsa-mir-8080,1.264639973640440
Brain Ischemia and Acute,hsa-mir-8080,1.26463782787323
Malnutrition,hsa-mir-8080,1.2646375894546500
Parkinsonian Disorders,hsa-mir-8080,1.2646371126174900
Hematoma and Subdural and Chronic,hsa-mir-8080,1.2646362781524700
mitochondrial DNA depletion syndrome 4b,hsa-mir-8080,1.2646361589431800
Skin Pigmentation,hsa-mir-8080,1.264634132385250
Hepatorenal Syndrome,hsa-mir-8080,1.2646340131759600
Fibrous Dysplasia and Polyostotic,hsa-mir-8080,1.2646329402923600
Leptomeningeal Metastasis,hsa-mir-8080,1.264632225036620
Tuberculosis and Spinal,hsa-mir-8080,1.2646315097808800
Diabetic Retinopathy ,hsa-mir-8080,1.2646313905715900
Staphylococcal Scalded Skin Syndrome,hsa-mir-8080,1.264630913734440
Hemoglobin Bart'S Hydrops   Fetalis Syndrome,hsa-miR-4444,1.264630675315860
Meniere Disease,hsa-mir-8080,1.2646299600601200
Noonan syndrome-like disorder with loose anagen hair,hsa-mir-8080,1.264628291130070
Renal Tubular Oxidative Injury,hsa-miR-4444,1.2646267414093000
Acute  Kidney Injury,hsa-mir-8080,1.264626383781430
Leigh Disease,hsa-mir-8080,1.264626145362850
Mast Cell Tumors,hsa-mir-8080,1.264626145362850
Hypospadias,hsa-mir-8080,1.2646257877349900
Dental Caries,hsa-mir-8080,1.2646255493164100
Li-Fraumeni syndrome 1,hsa-mir-8080,1.264625072479250
Kidney Neoplasms,hsa-miR-4444,1.2646247148513800
Liver Diseases and Alcoholic,hsa-miR-4444,1.2646244764328000
Periodontal Diseases,hsa-mir-8080,1.264622688293460
Cancer-Associated Cachexia,hsa-mir-8080,1.2646217346191400
Short Stature and Idiopathic and Autosomal,hsa-mir-8080,1.2646211385726900
Asthma-Chronic Obstructive Pulmonary Disease Overlap Syndrome,hsa-mir-8080,1.2646210193634000
Werner Syndrome,hsa-miR-4444,1.2646204233169600
Elliptocytosis 2,hsa-mir-8080,1.2646185159683200
Papillon-Lefevre Disease,hsa-mir-8080,1.264618158340450
Thoracic Aortic   Dissection,hsa-mir-8080,1.264617919921880
Enterocolitis and Pseudomembranous,hsa-miR-4444,1.264617919921880
Adrenal Cortex Neoplasms,hsa-mir-8080,1.2646178007125900
Sveinsson Chorioretinal Atrophy,hsa-mir-8080,1.2646178007125900
Glucose Intolerance,hsa-miR-4444,1.2646174430847200
Leg Ulcer,hsa-miR-4444,1.2646172046661400
low grade glioma,hsa-mir-8080,1.2646172046661400
Femur Head Necrosis,hsa-mir-8080,1.2646167278289800
Environmental Illness,hsa-mir-8080,1.2646163702011100
Interstitial Fibrosis and Renal,hsa-miR-4444,1.2646161317825300
Sepsis Induced Liver Injury,hsa-mir-8080,1.2646149396896400
Carotid Stenosis,hsa-miR-4444,1.2646148204803500
Typical Teratoid Rhabdoid Tumor,hsa-miR-4444,1.264614224433900
Welander distal myopathy and Swedish type,hsa-mir-8080,1.2646135091781600
Multiple Sclerosis and Chronic Progressive,hsa-mir-8080,1.2646121978759800
Mitochondrial Diseases,hsa-mir-8080,1.2646101713180500
Lumbar Disc   Herniation,hsa-miR-4444,1.264609932899480
nonsyndromic congenital nail disorder 7,hsa-mir-8080,1.2646093368530300
Familial primary gastric lymphoma,hsa-miR-4444,1.26460862159729
Chagas Cardiomyopathy,hsa-miR-4444,1.2646085023880000
Sarcoidosis,hsa-mir-8080,1.2646077871322600
Colonic Polyps,hsa-mir-8080,1.2646074295043900
Malaria and Cerebral,hsa-mir-8080,1.264607310295110
Leukokeratosis and Hereditary Mucosal,hsa-miR-4444,1.2646069526672400
Hemangioma and Infantile,hsa-mir-8080,1.2646067142486600
Vertigo,hsa-miR-4444,1.2646065950393700
Neuroleptic Malignant Syndrome,hsa-mir-8080,1.2646061182022100
Glomus Tumor,hsa-mir-8080,1.2646057605743400
Acute Coronary Syndrome and Non-St  Elevation,hsa-miR-4444,1.2646056413650500
Thymoma,hsa-miR-4444,1.2646054029464700
Uremia,hsa-mir-8080,1.264605164527890
Hyperpigmentation and Skin,hsa-miR-4444,1.2646042108535800
Oral Ulcer,hsa-mir-8080,1.2646028995513900
Immunoglobulin G4-Related Disease,hsa-mir-8080,1.264601707458500
MPTP Poisoning,hsa-mir-8080,1.2646015882492100
Moebius syndrome 1,hsa-miR-4444,1.264601469039920
Foot-and-Mouth Disease,hsa-miR-4444,1.2646007537841800
Bone Neoplasms,hsa-mir-8080,1.2646000385284400
Hind Limb Ischemia,hsa-mir-8080,1.2646000385284400
Venous Thrombosis,hsa-miR-4444,1.264599323272710
Facial Nerve Injuries,hsa-miR-4444,1.264599323272710
Thyroid Carcinoma and Anaplastic,hsa-miR-4444,1.2645992040634200
skin melanoma,hsa-mir-8080,1.264599084854130
Adiposis Dolorosa,hsa-miR-4444,1.2645989656448400
Distal arthrogryposis type 2B,hsa-miR-4444,1.2645984888076800
Synucleinopathies,hsa-miR-4444,1.26459801197052
Leiomyosarcoma,hsa-miR-4444,1.2645972967147800
polycystic kidney disease 3,hsa-mir-8080,1.2645962238311800
Spermatic Cord Torsion,hsa-mir-8080,1.2645959854126000
salivary gland mucoepidermoid carcinoma,hsa-mir-8080,1.264595866203310
Depression and Postpartum,hsa-mir-8080,1.264595866203310
Rolandic Epilepsy and Mental Retardation and and Speech Dyspraxia and X-Linked,hsa-mir-8080,1.26459538936615
Diabetic Retinopathy ,hsa-miR-4444,1.2645952701568600
Multiple Organ Failure,hsa-mir-8080,1.2645951509475700
Thrombocythemia and Essential,hsa-miR-4444,1.2645950317382800
Craniofacial Abnormalities,hsa-miR-4444,1.2645949125289900
Autoimmune enteropathy,hsa-miR-4444,1.2645944356918300
Thromboangiitis Obliterans,hsa-miR-4444,1.264594316482540
Kidney Transplant Rejection,hsa-mir-8080,1.2645937204361000
Anemia,hsa-mir-8080,1.2645933628082300
Platelet Storage Lesion,hsa-miR-4444,1.264593243598940
primary biliary cholangitis 1,hsa-miR-4444,1.2645930051803600
Neoplasms and Multiple Primary,hsa-miR-4444,1.2645928859710700
Glaucoma,hsa-mir-8080,1.2645918130874600
Pyruvate Kinase Deficiency of Red Cells,hsa-mir-8080,1.2645918130874600
Salpingitis,hsa-mir-8080,1.264590859413150
Nephrosclerosis,hsa-mir-8080,1.264590859413150
Squamous Intraepithelial Lesions and Cervical,hsa-miR-4444,1.2645907402038600
Leigh Disease,hsa-miR-4444,1.2645900249481200
invasive aspergillosis,hsa-mir-8080,1.2645894289016700
Vascular Remodeling,hsa-mir-8080,1.2645894289016700
Dental Caries,hsa-miR-4444,1.2645894289016700
Abortion,hsa-mir-8080,1.2645891904830900
Pain and Inflammatory,hsa-miR-4444,1.2645891904830900
Jaw Abnormalities,hsa-mir-8080,1.2645888328552200
Human Herpesvirus 6 encephalitis,hsa-miR-4444,1.2645882368087800
Testicular Diseases,hsa-mir-8080,1.2645875215530400
Lesch-Nyhan Syndrome,hsa-mir-8080,1.2645875215530400
Tembusu virus,hsa-mir-8080,1.2645872831344600
Lissencephaly,hsa-mir-8080,1.264587163925170
Fetal Macrosomia,hsa-miR-4444,1.2645869255065900
Periodontal Diseases,hsa-miR-4444,1.2645866870880100
Myeloproliferative Disorders,hsa-miR-4444,1.2645865678787200
Brachial Plexus Injury,hsa-miR-4444,1.2645857334137000
Viral Respiratory Infections,hsa-miR-4444,1.2645854949951200
Post-Dural Puncture Headache,hsa-mir-8080,1.264585256576540
Polythelia and Familial,hsa-mir-8080,1.2645848989486700
Retinal Dystrophies,hsa-mir-8080,1.2645843029022200
gastric cardia adenocarcinoma,hsa-mir-8080,1.2645840644836400
Ehlers-Danlos Syndrome,hsa-mir-8080,1.2645840644836400
Dehydration,hsa-miR-4444,1.2645838260650600
Skin Neoplasms,hsa-mir-8080,1.264583706855770
Bicuspid Aortic Valve Disease,hsa-mir-8080,1.264582872390750
Heart Failure and Ischemic,hsa-miR-4444,1.2645827531814600
Yellow Nail Syndrome,hsa-mir-8080,1.2645825147628800
Reperfusion Injury and Pulmonary Ischemia,hsa-mir-8080,1.2645821571350100
Growth Disorders,hsa-miR-4444,1.2645820379257200
Papillon-Lefevre Disease,hsa-miR-4444,1.2645819187164300
Genital Diseases and Male,hsa-miR-4444,1.2645817995071400
Bloom Syndrome,hsa-miR-4444,1.2645817995071400
Bone Diseases and Metabolic,hsa-mir-8080,1.2645817995071400
Thoracic Aortic   Dissection,hsa-miR-4444,1.264581561088560
Sveinsson Chorioretinal Atrophy,hsa-miR-4444,1.2645814418792700
Arthritis,hsa-mir-8080,1.264581322669980
Growth Hormone-Secreting Pituitary Adenoma,hsa-mir-8080,1.2645807266235400
Intestinal Neoplasms,hsa-mir-8080,1.2645807266235400
Autoimmune polyendocrinopathy syndrome and type 1,hsa-miR-4444,1.264580488204960
Hyperparathyroidism and Primary,hsa-miR-4444,1.2645800113678000
Myocarditis,hsa-miR-4444,1.2645800113678000
Leukemia and Megakaryoblastic and Acute,hsa-miR-4444,1.264579176902770
Finnish lethal neonatal metabolic syndrome,hsa-miR-4444,1.2645790576934800
Endotoxemia,hsa-mir-8080,1.2645788192749000
Mastitis,hsa-mir-8080,1.2645785808563200
Endophthalmitis,hsa-mir-8080,1.2645784616470300
Mite Infestations,hsa-miR-4444,1.2645782232284500
Aortic Diseases,hsa-miR-4444,1.2645777463913000
Oral Submucous Fibrosis,hsa-miR-4444,1.2645773887634300
diarrhea predominant irritable bowel syndrome (IBS-D),hsa-mir-8080,1.2645765542984000
Neural Tube Defects,hsa-miR-4444,1.2645763158798200
Autistic Disorder,hsa-mir-8080,1.2645763158798200
Ataxia Neuropathy Spectrum,hsa-miR-4444,1.2645758390426600
Hematologic Neoplasms,hsa-miR-4444,1.264575719833370
Pancreatitis,hsa-miR-4444,1.264575719833370
Thalassemia,hsa-miR-4444,1.2645752429962200
Inflammatory Osteolysis,hsa-miR-4444,1.2645752429962200
Leukemia and Promyelocytic and Acute,hsa-miR-4444,1.2645750045776400
Duane Retraction Syndrome,hsa-mir-8080,1.2645748853683500
Distal myopathy and Nonaka type,hsa-miR-4444,1.264574646949770
mucinous cystadenocarcinoma of pancreas,hsa-miR-4444,1.264574408531190
Gastric Precancerous Lesion,hsa-miR-4444,1.2645742893219000
External Auditory Canal Squamous Cell Carcinoma,hsa-mir-8080,1.2645738124847400
Cervical Intraepithelial Neoplasia,hsa-miR-4444,1.2645734548568700
Carcinoma and Ductal and Breast,hsa-miR-4444,1.2645734548568700
Endometrial Hyperplasia,hsa-miR-4444,1.2645727396011400
Fibroadenoma,hsa-miR-4444,1.2645726203918500
Ectrodactyly-cleft lip-palate syndrome,hsa-mir-8080,1.2645725011825600
Reticuloendotheliosis Virus Infections,hsa-mir-8080,1.2645723819732700
Necrosis,hsa-miR-4444,1.264572262763980
Brain Injury and Chronic,hsa-mir-8080,1.264572262763980
Sarcoidosis,hsa-miR-4444,1.2645715475082400
Cardiac Complexes and Premature,hsa-mir-8080,1.2645703554153400
Pain and Postoperative,hsa-miR-4444,1.2645699977874800
AIDS Dementia Complex,hsa-miR-4444,1.264569878578190
Multiple Pulmonary Nodules,hsa-mir-8080,1.264569878578190
Hyperinsulinism,hsa-mir-8080,1.2645697593689000
Wasting Disease and Chronic,hsa-miR-4444,1.2645692825317400
Urinary Bladder Diseases,hsa-miR-4444,1.2645691633224500
Uremia,hsa-miR-4444,1.2645690441131600
Polyomavirus Infections,hsa-mir-8080,1.2645689249038700
Leukemia and Biphenotypic and Acute,hsa-miR-4444,1.264568567276000
Splenic Diseases,hsa-mir-8080,1.2645680904388400
Parasitic Diseases,hsa-miR-4444,1.2645678520202600
Ataxia with vitamin E deficiency,hsa-miR-4444,1.2645678520202600
Vascular System Injuries,hsa-miR-4444,1.2645677328109700
Alzheimer Disease ,hsa-miR-4444,1.264567494392400
rippling muscle disease 1,hsa-mir-8080,1.264567255973820
Amnesia,hsa-miR-4444,1.2645666599273700
Oral Ulcer,hsa-miR-4444,1.2645665407180800
Atrial Myosins,hsa-mir-8080,1.26456618309021
Choroidal Neovascularization,hsa-miR-4444,1.2645655870437600
Lip and Hamartomatous,hsa-miR-4444,1.2645654678344700
Bone Pain,hsa-mir-8080,1.2645654678344700
Tetralogy of Fallot,hsa-mir-8080,1.2645652294158900
Enterocolitis,hsa-mir-8080,1.2645646333694500
Neonatal hemochromatosis,hsa-miR-4444,1.2645645141601600
Sarcoma and Kaposi,hsa-miR-4444,1.2645643949508700
Fragile X Syndrome,hsa-mir-8080,1.264563798904420
Polycystic lipomembranous osteodysplasia with sclerosing leukoencephalopathy,hsa-miR-4444,1.2645624876022300
Fibrosis and Skin,hsa-miR-4444,1.2645622491836500
Sarcoidosis and Pulmonary,hsa-mir-8080,1.2645621299743700
Heart Diseases and Congenital,hsa-miR-4444,1.2645620107650800
Mycobacterium Infections and Nontuberculous,hsa-mir-8080,1.2645617723465000
Shock and Septic,hsa-miR-4444,1.2645611763000500
Poorly Differentiated Thyroid Gland Carcinoma,hsa-miR-4444,1.264560580253600
Folliculotropic Mycosis Fungoides,hsa-miR-4444,1.264560341835020
Fibrosarcoma,hsa-miR-4444,1.2645596265792800
salivary gland mucoepidermoid carcinoma,hsa-miR-4444,1.2645595073700000
Cirrhotic Cardiomyopathy,hsa-miR-4444,1.264559268951420
Acute Lymphoblastic Leukemia and T-Cell,hsa-miR-4444,1.2645589113235500
Spondylocheirodysplasia and Ehlers-Danlos Syndrome-Like,hsa-miR-4444,1.2645587921142600
Bronchopulmonary Dysplasia,hsa-miR-4444,1.2645585536956800
Hypoxia-Ischemia and Brain,hsa-miR-4444,1.2645584344863900
Rett Syndrome,hsa-miR-4444,1.2645577192306500
Viral Myocarditis,hsa-miR-4444,1.2645574808120700
Seizures,hsa-miR-4444,1.2645573616027800
Pituitary Diseases,hsa-mir-8080,1.264557123184200
Cryopyrin-Associated Periodic Syndromes,hsa-miR-4444,1.2645567655563400
cone-rod dystrophy 6,hsa-mir-8080,1.264556646347050
Acne Vulgaris,hsa-miR-4444,1.2645562887191800
Gastritis and Pediatric,hsa-miR-4444,1.2645562887191800
Ear Diseases,hsa-mir-8080,1.264555811882020
Bk Virus Infections,hsa-mir-8080,1.26455557346344
Larva Migrans and Visceral,hsa-miR-4444,1.264554738998410
Meier-Gorlin syndrome,hsa-mir-8080,1.2645543813705400
Osteonecrosis,hsa-mir-8080,1.2645543813705400
Otofaciocervical Syndrome,hsa-mir-8080,1.2645535469055200
Hirschsprung Disease,hsa-miR-4444,1.2645525932312000
Cachexia,hsa-miR-4444,1.2645519971847500
Teratoid Rhabdoid Tumor and Atypical,hsa-miR-4444,1.2645517587661700
Myopia,hsa-miR-4444,1.2645517587661700
Hypopharyngeal Neoplasms,hsa-miR-4444,1.2645516395568800
Rhinitis and Allergic,hsa-miR-4444,1.2645514011383100
Tembusu virus,hsa-miR-4444,1.264551043510440
Gastric   Cancer,hsa-miR-4444,1.2645509243011500
Lissencephaly,hsa-miR-4444,1.264550805091860
Polycythemia and High Altitude,hsa-miR-4444,1.2645504474639900
Rhegmatogenous Retinal Detachment and Autosomal Dominant,hsa-mir-8080,1.2645502090454100
Anodontia,hsa-mir-8080,1.2645500898361200
Thrombotic Stroke,hsa-mir-8080,1.264549732208250
Enzootic Bovine Leukosis,hsa-miR-4444,1.264549732208250
Lyme Disease,hsa-miR-4444,1.2645494937896700
Hypertrophy and Right Ventricular,hsa-mir-8080,1.2645492553710900
Eunuchism,hsa-miR-4444,1.2645490169525100
Post-Dural Puncture Headache,hsa-miR-4444,1.264548897743230
Marfan Syndrome,hsa-miR-4444,1.264548420906070
Polymyositis,hsa-miR-4444,1.2645483016967800
Canine Mammary Carcinoma,hsa-miR-4444,1.2645480632782000
Small Cell Lung Carcinoma,hsa-miR-4444,1.2645479440689100
Chorioamnionitis,hsa-mir-8080,1.2645477056503300
gastric cardia adenocarcinoma,hsa-miR-4444,1.2645477056503300
Ehlers-Danlos Syndrome,hsa-miR-4444,1.26454758644104
Rosacea,hsa-miR-4444,1.2645472288131700
esophageal carcinoma,hsa-miR-4444,1.2645472288131700
Heart Defects and Congenital,hsa-miR-4444,1.2645468711853000
Yellow Nail Syndrome,hsa-miR-4444,1.2645463943481400
Pseudarthrosis,hsa-miR-4444,1.2645463943481400
paramyotonia congenita of Von Eulenburg,hsa-miR-4444,1.264546275138860
Reperfusion Injury and Pulmonary Ischemia,hsa-miR-4444,1.2645460367202800
Frontonasal dysplasia,hsa-miR-4444,1.2645459175109900
Scapuloperoneal Myopathy and X-Linked Dominant,hsa-mir-8080,1.2645453214645400
Arthritis,hsa-miR-4444,1.2645450830459600
Osteoporotic Fracture and Tibial,hsa-miR-4444,1.2645444869995100
Intracranial Hemorrhages,hsa-miR-4444,1.2645442485809300
Hyperplasia,hsa-mir-8080,1.264544129371640
Cerebral Infarction,hsa-miR-4444,1.2645435333252000
Endophthalmitis,hsa-miR-4444,1.2645423412323000
Spinal Cord Diseases,hsa-mir-8080,1.2645422220230100
Clubfoot,hsa-miR-4444,1.2645419836044300
Trachoma,hsa-mir-8080,1.2645418643951400
Lacrimal Adenoid   Cystic Carcinoma,hsa-miR-4444,1.264541745185850
Acute Lung Injury,hsa-miR-4444,1.2645416259765600
Zika virus congenital syndrome,hsa-mir-8080,1.2645413875579800
Dermatitis and Allergic Contact,hsa-mir-8080,1.2645407915115400
Autistic Disorder,hsa-miR-4444,1.2645399570465100
Hyperoxia-Induced Lung Injury,hsa-miR-4444,1.2645394802093500
renal fibrosis,hsa-miR-4444,1.2645388841629000
Duane Retraction Syndrome,hsa-miR-4444,1.2645386457443200
Chagas Disease,hsa-miR-4444,1.2645378112793000
Carcinogenesis,hsa-mir-8080,1.26453697681427
Bird Diseases,hsa-miR-4444,1.2645361423492400
Brain Infarction,hsa-miR-4444,1.2645360231399500
Brain Injury and Chronic,hsa-miR-4444,1.2645360231399500
Reticuloendotheliosis Virus Infections,hsa-miR-4444,1.2645360231399500
Acute Aortic   Dissection,hsa-miR-4444,1.264535665512090
Tibial Fractures,hsa-miR-4444,1.2645350694656400
GATA2 Deficiency,hsa-miR-4444,1.2645349502563500
Cardiac Complexes and Premature,hsa-miR-4444,1.2645339965820300
Parathyroid Neoplasms,hsa-miR-4444,1.264533519744870
Hyperinsulinism,hsa-miR-4444,1.264533519744870
Coronary Artery  Disease,hsa-miR-4444,1.2645328044891400
Bronchial Hyperreactivity,hsa-miR-4444,1.2645318508148200
Peritoneal Hyalinizing Vasculopathy,hsa-miR-4444,1.2645314931869500
Stress Disorders and Traumatic,hsa-mir-8080,1.2645314931869500
Neurofibroma and Plexiform,hsa-miR-4444,1.264531135559080
Neurosyphilis,hsa-mir-8080,1.2645304203033400
Glima,hsa-miR-4444,1.2645299434661900
Tetralogy of Fallot,hsa-miR-4444,1.2645292282104500
Osteolysis,hsa-miR-4444,1.264527678489690
Fragile X Syndrome,hsa-miR-4444,1.2645275592804000
Colon   Adenocarcinoma,hsa-miR-4444,1.2645273208618200
Mycobacterium Infections and Nontuberculous,hsa-miR-4444,1.2645255327224700
Peripartum Cardiomyopathy ,hsa-mir-8080,1.2645254135131800
Neovascularization and Pathologic,hsa-miR-4444,1.2645246982574500
Papilloma and Choroid Plexus,hsa-miR-4444,1.2645246982574500
Ankle Fractures,hsa-miR-4444,1.264523983001710
Cardiovascular Complications,hsa-miR-4444,1.2645236253738400
Lumbar Radicular Pain,hsa-mir-8080,1.2645231485366800
Ocular Hypertension,hsa-miR-4444,1.2645227909088100
Jaundice and Obstructive,hsa-miR-4444,1.2645225524902300
Ullrich congenital muscular dystrophy,hsa-miR-4444,1.264521837234500
Hydrocephalus,hsa-mir-8080,1.2645217180252100
Ear Diseases,hsa-miR-4444,1.264519453048710
Bk Virus Infections,hsa-miR-4444,1.2645193338394200
Meier-Gorlin syndrome,hsa-miR-4444,1.2645182609558100
Tuberculosis and Meningeal,hsa-miR-4444,1.2645163536071800
salivary gland adenoid cystic carcinoma,hsa-miR-4444,1.2645158767700200
FG syndrome,hsa-miR-4444,1.2645155191421500
Cholelithiasis,hsa-miR-4444,1.2645151615142800
Decompression Sickness,hsa-miR-4444,1.2645150423049900
Rhegmatogenous Retinal Detachment and Autosomal Dominant,hsa-miR-4444,1.2645140886306800
Stillbirth,hsa-mir-8080,1.2645132541656500
Hypertrophy and Right Ventricular,hsa-miR-4444,1.2645128965377800
CREST Syndrome,hsa-mir-8080,1.2645106315612800
Delayed Graft Function,hsa-mir-8080,1.2645093202590900
Leukemia and Myeloid and Accelerated Phase,hsa-mir-8080,1.2645090818405200
Anterior Cruciate Ligament Injuries,hsa-miR-4444,1.2645087242126500
Hyperplasia,hsa-miR-4444,1.2645078897476200
Neoplasm Metastasis,hsa-mir-8080,1.2645069360733000
Spinal Cord Diseases,hsa-miR-4444,1.2645058631897000
Infarct-Related Artery Total Occlusion,hsa-miR-4444,1.2645047903060900
Hypersensitivity and Immediate,hsa-miR-4444,1.264504075050350
Thinness,hsa-mir-8080,1.264503002166750
Blast Crisis,hsa-mir-8080,1.2645025253295900
Hepatitis and Chronic,hsa-mir-8080,1.2645021677017200
Allograft Rejection and Antibody-Mediated,hsa-mir-8080,1.2645018100738500
Legg-Calve-Perthes Disease,hsa-miR-4444,1.2644999027252200
Aphasia and Primary Progressive,hsa-miR-4444,1.2644984722137500
dystonia 5,hsa-mir-8080,1.2644981145858800
Shoulder Injuries,hsa-mir-8080,1.2644972801208500
Gastrointestinal Diseases,hsa-mir-8080,1.264496922492980
Carcinoma and Basal Cell and Skin,hsa-miR-4444,1.264496922492980
Hyperphosphatemia,hsa-mir-8080,1.2644959688186600
Osteoporosis-pseudoglioma syndrome,hsa-miR-4444,1.264495611190800
Leukemia and Monocytic and Acute,hsa-mir-8080,1.264495611190800
Bronchiectasis With Or Without Elevated Sweat Chloride 1,hsa-mir-8080,1.264495611190800
Histiocytic Sarcoma,hsa-mir-8080,1.2644953727722200
Multiple Trauma,hsa-miR-4444,1.2644938230514500
hyperekplexia 1,hsa-mir-8080,1.2644935846328700
uric acid nephrolithiasis,hsa-miR-4444,1.2644935846328700
Prosthesis Failure,hsa-mir-8080,1.2644925117492700
Hemangioma and Cavernous,hsa-mir-8080,1.2644914388656600
Cerebral Small Vessel Diseases,hsa-mir-8080,1.2644908428192100
Gluteal Muscle Contracture,hsa-mir-8080,1.2644904851913500
Bronchopneumonia,hsa-mir-8080,1.2644903659820600
Lymphoma and B-Cell and Diffuse,hsa-mir-8080,1.2644901275634800
Orchitis,hsa-miR-4444,1.2644898891449000
Peripartum Cardiomyopathy ,hsa-miR-4444,1.2644894123077400
Brain Ischemia ,hsa-miR-4444,1.2644869089126600
Early-Stage Malignant Melanoma,hsa-mir-8080,1.26448655128479
Large Artery  Atherosclerosis,hsa-mir-8080,1.2644864320755000
Intestinal Fistula,hsa-mir-8080,1.264486312866210
Poikiloderma with Neutropenia,hsa-mir-8080,1.2644861936569200
Endodermal Sinus Tumor,hsa-mir-8080,1.2644860744476300
Hepatic Veno-Occlusive Disease,hsa-mir-8080,1.2644853591918900
Peritoneal Diseases,hsa-mir-8080,1.264485239982610
HTLV-II Infections,hsa-mir-8080,1.2644846439361600
Brucellosis and Bovine,hsa-miR-4444,1.2644836902618400
Duodenal Ulcer,hsa-miR-4444,1.2644805908203100
Scholte syndrome,hsa-miR-4444,1.2644805908203100
Osteomyelitis,hsa-mir-8080,1.2644784450531000
Hyperandrogenism,hsa-miR-4444,1.2644779682159400
Vitamin B Deficiency,hsa-miR-4444,1.2644776105880700
Sexually Transmitted Diseases,hsa-mir-8080,1.2644771337509200
Cerebral Infarction and Acute,hsa-mir-8080,1.2644767761230500
Encephalomyelitis and Acute Disseminated,hsa-miR-4444,1.2644761800766000
Facial Nerve Diseases,hsa-miR-4444,1.2644723653793300
Opioid-Related Disorders,hsa-miR-4444,1.2644718885421800
Prion Diseases,hsa-miR-4444,1.2644715309143100
Neoplasm Metastasis,hsa-miR-4444,1.2644708156585700
Dementia,hsa-mir-8080,1.2644699811935400
Rotavirus Infections,hsa-mir-8080,1.2644696235656700
Papillary Thyroid Microcarcinoma,hsa-mir-8080,1.2644691467285200
Trichohepatoenteric Syndrome,hsa-miR-4444,1.264468789100650
late onset Parkinson's disease,hsa-miR-4444,1.2644678354263300
Tourette Syndrome,hsa-miR-4444,1.2644675970077500
Leukemia and Acute,hsa-miR-4444,1.2644675970077500
Protein-Losing Enteropathies,hsa-mir-8080,1.2644668817520100
Hepatitis and Chronic,hsa-miR-4444,1.2644658088684100
Ventricular Remodeling,hsa-miR-4444,1.264464259147640
Adenine phosphoribosyltransferase deficiency,hsa-miR-4444,1.2644633054733300
spondyloepimetaphyseal dysplasia and Strudwick type,hsa-mir-8080,1.2644610404968300
Darier Disease,hsa-miR-4444,1.2644606828689600
Bronchiectasis With Or Without Elevated Sweat Chloride 1,hsa-miR-4444,1.264459490776060
Histiocytic Sarcoma,hsa-miR-4444,1.2644593715667700
Xerostomia,hsa-mir-8080,1.264458417892460
Polycythemia,hsa-miR-4444,1.264458417892460
Thrombosis,hsa-miR-4444,1.264456868171690
Rotator Cuff,hsa-miR-4444,1.2644566297531100
Fahr's disease,hsa-mir-8080,1.2644561529159500
Bronchial Diseases,hsa-miR-4444,1.2644559144973800
Schopf-Schulz-Passarge Syndrome,hsa-miR-4444,1.2644556760788000
Cerebral Small Vessel Diseases,hsa-miR-4444,1.26445472240448
Arteriosclerosis,hsa-miR-4444,1.2644546031951900
Bronchopneumonia,hsa-miR-4444,1.2644541263580300
Myeloproliferative Disorder and Chronic and with Eosinophilia,hsa-miR-4444,1.2644522190094000
Eclampsia,hsa-miR-4444,1.264451265335080
Nephrocalcinosis,hsa-miR-4444,1.2644503116607700
Large Artery  Atherosclerosis,hsa-miR-4444,1.2644503116607700
Poikiloderma with Neutropenia,hsa-miR-4444,1.2644498348236100
Fibromatosis and Aggressive,hsa-miR-4444,1.264448642730710
Microvascular Obstruction,hsa-miR-4444,1.264447808265690
Alveolar echinococcosis,hsa-mir-8080,1.264447808265690
Osteochondritis Dissecans,hsa-miR-4444,1.2644444704055800
Brucellosis,hsa-miR-4444,1.2644439935684200
Cardiovascular And   Cerebrovascular Diseases,hsa-miR-4444,1.2644437551498400
Sinus Thrombosis and Intracranial,hsa-miR-4444,1.264441967010500
Retinal Neovascularization,hsa-miR-4444,1.2644411325454700
Olfaction Disorders,hsa-miR-4444,1.264440894126890
Sexually Transmitted Diseases,hsa-miR-4444,1.2644407749176000
obstructive nephropathy,hsa-miR-4444,1.264440655708310
Carotid Artery Diseases,hsa-miR-4444,1.2644402980804400
Pyloric Hypomotility,hsa-miR-4444,1.2644401788711500
Testicular Germ Cell Tumor,hsa-miR-4444,1.2644401788711500
Digestive System Diseases,hsa-miR-4444,1.264438509941100
von Hippel-Lindau Disease,hsa-miR-4444,1.2644379138946500
Prostate Cancer ,hsa-miR-4444,1.2644370794296300
Prolactinoma,hsa-miR-4444,1.2644367218017600
C syndrome,hsa-miR-4444,1.2644360065460200
Pulmonary Veno-Occlusive Disease,hsa-miR-4444,1.264435887336730
Dementia,hsa-miR-4444,1.2644338607788100
Upper Tract Urothelial Carcinoma,hsa-miR-4444,1.2644329071044900
Periodontal Cyst,hsa-miR-4444,1.2644318342208900
Hyperlipoproteinemia Type III,hsa-miR-4444,1.2644293308258100
Fluorosis and Dental,hsa-miR-4444,1.264426827430730
Neoplastic Cells and Circulating,hsa-miR-4444,1.2644267082214400
Arteriosclerosis Obliterans,hsa-miR-4444,1.2644264698028600
Quadruple Negative Breast Cancer,hsa-miR-4444,1.2644193172454800
Condylomata Acuminata,hsa-miR-4444,1.2644169330596900
Alopecia Areata,hsa-miR-4444,1.2644087076187100
Hypertriglyceridemia,hsa-miR-4444,1.264407992362980
Ventricular Premature Complexes,hsa-miR-4444,1.2644009590148900
Neoplasms and Mesothelial,hsa-miR-203a,1.2643831968307500
Urinary Calculi,hsa-miR-203a,1.264374017715450
Chronic Limb-Threatening Ischemia,hsa-miR-203a,1.2643665075302100
Tibial Neuropathy,hsa-miR-203a,1.264341950416570
Plaque and Amyloid,hsa-miR-203a,1.2643332481384300
Nervous System Neoplasms,hsa-miR-4456,1.2642756700515700
Spinal muscular atrophy with respiratory distress 1,hsa-miR-4443,1.2642754316330000
Sleep Initiation and Maintenance Disorders,hsa-miR-4443,1.2642611265182500
N acetyltransferase deficiency,hsa-miR-4443,1.2642607688903800
Thyroiditis and Subacute,hsa-miR-4443,1.2642589807510400
Abnormalities and Multiple,hsa-miR-4443,1.2642552852630600
Myasthenia Gravis with Thymus Hyperplasia,hsa-miR-4443,1.2642521858215300
Kidney Neoplasms,hsa-miR-4443,1.264251708984380
Neurodevelopmental Disorders,hsa-miR-4443,1.2642488479614300
Obstetric Labor Complications,hsa-miR-4443,1.2642451524734500
acute myocardial infarction,hsa-miR-4443,1.2642449140548700
Interstitial Fibrosis and Renal,hsa-miR-4443,1.2642430067062400
Pediatric Cystic Fibrosis,hsa-miR-4443,1.2642419338226300
Typical Teratoid Rhabdoid Tumor,hsa-miR-4443,1.264241099357610
Abortion and Spontaneous,hsa-miR-4443,1.2642375230789200
Lumbar Disc   Herniation,hsa-miR-4443,1.2642368078231800
Benign Paroxysmal Positional Vertigo,hsa-miR-4443,1.2642344236373900
Leukokeratosis and Hereditary Mucosal,hsa-miR-4443,1.264233946800230
Vertigo,hsa-miR-4443,1.2642335891723600
Postoperative Complications,hsa-miR-4443,1.2642309665679900
Pars Planitis,hsa-miR-4443,1.264230728149410
Borna Disease,hsa-miR-4443,1.2642306089401200
White Spot Syndrome Virus  Infection,hsa-miR-4443,1.264229416847230
Adenomatous Polyposis Coli,hsa-miR-4443,1.2642287015914900
Malnutrition,hsa-miR-4443,1.2642284631729100
Foot-and-Mouth Disease,hsa-miR-4443,1.2642277479171800
Parkinsonian Disorders,hsa-miR-4443,1.2642277479171800
Lymphoma and Mantle-Cell,hsa-miR-4443,1.264227271080020
Hematoma and Subdural and Chronic,hsa-miR-4443,1.264227032661440
mitochondrial DNA depletion syndrome 4b,hsa-miR-4443,1.2642267942428600
Adiposis Dolorosa,hsa-miR-4443,1.2642260789871200
Schistosomiasis,hsa-miR-4443,1.264225959777830
Brain Neoplasms,hsa-miR-4443,1.2642227411270100
Leptomeningeal Metastasis,hsa-miR-4443,1.2642227411270100
Graft vs Host Disease,hsa-miR-4443,1.264222264289860
Tuberculosis and Spinal,hsa-miR-4443,1.2642221450805700
Maternal   Cholestasis,hsa-miR-203a,1.2642220258712800
Thromboangiitis Obliterans,hsa-miR-4443,1.26422119140625
Platelet Storage Lesion,hsa-miR-4443,1.264220118522640
primary biliary cholangitis 1,hsa-miR-4443,1.2642199993133500
Bone Marrow Myelofibrosis,hsa-miR-4443,1.2642194032669100
Noonan syndrome-like disorder with loose anagen hair,hsa-miR-4443,1.264219045639040
Bovine Virus Diarrhea-Mucosal Disease,hsa-miR-4443,1.2642176151275600
Wound Healing,hsa-miR-4443,1.2642172574996900
Acute  Kidney Injury,hsa-miR-4443,1.2642172574996900
Hypospadias,hsa-miR-4443,1.264216661453250
Infant and Low Birth Weight,hsa-miR-4443,1.2642152309417700
Human Herpesvirus 6 encephalitis,hsa-miR-4443,1.264215111732480
Angina and Unstable,hsa-miR-4443,1.2642145156860400
Niemann-Pick disease type C1,hsa-miR-4443,1.264214277267460
Fetal Macrosomia,hsa-miR-4443,1.264214038848880
Bone Regeneration,hsa-miR-4443,1.2642136812210100
Periodontal Diseases,hsa-miR-4443,1.2642134428024300
Cerebral Intraventricular Hemorrhage,hsa-miR-4443,1.2642134428024300
Myeloproliferative Disorders,hsa-miR-4443,1.2642134428024300
Microscopic Polyangiitis,hsa-miR-4443,1.264212727546690
Genital Diseases and Female,hsa-miR-4443,1.2642103433609000
Starvation,hsa-miR-4443,1.2642097473144500
Adrenal Cortex Neoplasms,hsa-miR-4443,1.2642085552215600
Thoracic Aortic   Dissection,hsa-miR-4443,1.2642085552215600
Sveinsson Chorioretinal Atrophy,hsa-miR-4443,1.264208436012270
low grade glioma,hsa-miR-4443,1.2642079591751100
brachydactyly type D,hsa-miR-4443,1.2642077207565300
Kidney Calculi,hsa-miR-4443,1.264207124710080
Environmental Illness,hsa-miR-4443,1.264207124710080
Mite Infestations,hsa-miR-4443,1.2642053365707400
Aortic Diseases,hsa-miR-4443,1.2642046213150000
Pruritus,hsa-miR-4443,1.2642037868499800
Biotinidase Deficiency,hsa-miR-4443,1.2642035484314000
Neural Tube Defects,hsa-miR-4443,1.2642033100128200
Halal syndrome,hsa-miR-4443,1.2642031908035300
Thalassemia,hsa-miR-4443,1.2642021179199200
Influenza in Birds,hsa-miR-4443,1.2642017602920500
Mitochondrial Diseases,hsa-miR-4443,1.2642006874084500
Aneuploidy,hsa-miR-4443,1.264200210571290
nonsyndromic congenital nail disorder 7,hsa-miR-4443,1.2642000913620000
Chronic Gastritis,hsa-miR-4443,1.2642000913620000
Skin Neoplasms and Non-Melanoma,hsa-miR-4443,1.2641993761062600
Exudative Vitreoretinopathy 4,hsa-miR-4443,1.2641993761062600
Ischemic Cerebral Infarction,hsa-miR-4443,1.2641993761062600
Stanford Type A Aortic   Dissection,hsa-miR-4443,1.264199137687680
Infarction,hsa-miR-4443,1.2641990184783900
Autism Spectrum Disorder,hsa-miR-4443,1.2641987800598100
Heart Septal Defects and Atrial,hsa-miR-4443,1.2641984224319500
Liver Cirrhosis and Alcoholic,hsa-miR-4443,1.2641977071762100
Central Nervous System Bacterial Infections,hsa-miR-4443,1.2641974687576300
Cleidocranial Dysplasia,hsa-miR-4443,1.2641959190368700
Uremia,hsa-miR-4443,1.2641959190368700
Neuroectodermal Tumors and Primitive,hsa-miR-4443,1.2641948461532600
Leukemia and Myelomonocytic and Chronic,hsa-miR-4443,1.2641948461532600
Sleep Initiation and Maintenance Disorders,hsa-miR-4459,1.2641938924789400
Palatal Neoplasms,hsa-miR-4443,1.2641937732696500
Hemochromatosis,hsa-miR-4443,1.2641934156417800
Arrhythmias and Cardiac,hsa-miR-4443,1.2641934156417800
Oral Ulcer,hsa-miR-4443,1.2641934156417800
Choroidal Melanoma,hsa-miR-4443,1.2641927003860500
Malformations of Cortical Development and Group II,hsa-miR-4443,1.2641925811767600
Gingivitis,hsa-miR-4443,1.2641924619674700
Lip and Hamartomatous,hsa-miR-4443,1.2641922235488900
Adrenocortical Carcinoma,hsa-miR-4443,1.2641921043396000
Angelman Syndrome,hsa-miR-4443,1.2641916275024400
Prader-Willi Syndrome,hsa-miR-4443,1.2641912698745700
Arrhythmogenic Heart Diseases,hsa-miR-4443,1.2641905546188400
skin melanoma,hsa-miR-4443,1.2641900777816800
Multicystic renal dysplasia and bilateral,hsa-miR-4443,1.2641900777816800
Infertility and Female,hsa-miR-4443,1.2641900777816800
common variable immunodeficiency 2,hsa-miR-4459,1.2641891241073600
Cystic Fibrosis,hsa-miR-4443,1.2641875743866000
Nephrosis and Lipoid,hsa-miR-4443,1.2641870975494400
polycystic kidney disease 3,hsa-miR-4443,1.264186978340150
Fibrosarcoma,hsa-miR-4443,1.2641866207122800
Telangiectasia and Hereditary Hemorrhagic,hsa-miR-4443,1.2641865015029900
Bronchopulmonary Dysplasia,hsa-miR-4443,1.2641854286193800
Kidney Neoplasms,hsa-miR-4459,1.2641843557357800
Encephalomyelitis and Autoimmune and Experimental,hsa-miR-4443,1.2641841173172000
Hcv Associated Disorders,hsa-miR-4443,1.2641836404800400
Glaucoma,hsa-miR-4443,1.2641825675964400
Pyruvate Kinase Deficiency of Red Cells,hsa-miR-4443,1.2641823291778600
Cerebral Hemorrhage and Spontaneous,hsa-miR-4443,1.2641818523407000
Neuropathic Lysosomal Storage Diseases,hsa-miR-4443,1.2641814947128300
Mitral Valve Insufficiency,hsa-miR-4443,1.26418137550354
Psoriasis,hsa-miR-4443,1.264181137084960
Rhinitis and Allergic and Seasonal,hsa-miR-4443,1.2641807794570900
ACTH-independent macronodular adrenal hyperplasia,hsa-miR-4443,1.2641799449920700
Epilepsy and Post-Traumatic,hsa-miR-4443,1.2641798257827800
Thyroid Diseases,hsa-miR-4459,1.2641795873642000
Stiff-Person Syndrome,hsa-miR-4459,1.26417875289917
Bronchiolitis Obliterans,hsa-miR-4443,1.2641783952713000
Dacryocystitis,hsa-miR-4443,1.2641781568527200
Lesch-Nyhan Syndrome,hsa-miR-4443,1.2641781568527200
Lissencephaly,hsa-miR-4443,1.264177680015560
acute myocardial infarction,hsa-miR-4459,1.2641774415969800
Arthrogryposis and ectodermal dysplasia,hsa-miR-4443,1.2641764879226700
Eunuchism,hsa-miR-4443,1.2641758918762200
Adenocarcinoma,hsa-miR-4443,1.2641757726669300
Polythelia and Familial,hsa-miR-4443,1.2641756534576400
Allergic Inflammation,hsa-miR-4443,1.2641749382019000
Small Cell Lung Carcinoma,hsa-miR-4443,1.2641749382019000
Canine Mammary Carcinoma,hsa-miR-4443,1.2641748189926100
Carotid Artery Injuries,hsa-miR-4443,1.2641748189926100
Chronic Pain,hsa-miR-4459,1.2641746997833300
Carotid Stenosis,hsa-miR-4459,1.2641745805740400
Barrett Esophagus,hsa-miR-4443,1.2641743421554600
Shock and Hemorrhagic,hsa-miR-4443,1.2641735076904300
Reperfusion Injury and Pulmonary Ischemia,hsa-miR-4443,1.264172911643980
Virus Diseases,hsa-miR-4459,1.2641727924346900
Arthritis,hsa-miR-4443,1.264172077178960
hyper IgE recurrent infection syndrome 2,hsa-miR-4443,1.264172077178960
Long Term Adverse Effects,hsa-miR-4443,1.264171838760380
Intracranial Hemorrhages,hsa-miR-4443,1.2641713619232200
Diastrophic dysplasia,hsa-miR-4443,1.264170527458190
Obesity and Abdominal,hsa-miR-4443,1.2641699314117400
Mastitis,hsa-miR-4443,1.2641693353653000
Lacrimal Adenoid   Cystic Carcinoma,hsa-miR-4443,1.2641687393188500
Jaundice and Acute,hsa-miR-4459,1.264167308807370
Meningioma,hsa-miR-4443,1.264167070388790
Autistic Disorder,hsa-miR-4443,1.2641668319702100
Leukokeratosis and Hereditary Mucosal,hsa-miR-4459,1.2641665935516400
Meningitis and Bacterial,hsa-miR-4459,1.2641664743423500
Cushing Syndrome,hsa-miR-4443,1.2641661167144800
Thymoma,hsa-miR-4459,1.264164924621580
Postoperative Complications,hsa-miR-4459,1.264163613319400
Brain Infarction,hsa-miR-4443,1.2641630172729500
Vitamin D Deficiency,hsa-miR-4459,1.2641630172729500
Primary Central Nervous System Lymphoma,hsa-miR-4443,1.2641630172729500
Brain Injury and Chronic,hsa-miR-4443,1.2641628980636600
Acute Aortic   Dissection,hsa-miR-4443,1.2641626596450800
Encephalomyelitis and Western Equine,hsa-miR-4443,1.264162302017210
White Spot Syndrome Virus  Infection,hsa-miR-4459,1.2641621828079200
Adenomatous Polyposis Coli,hsa-miR-4459,1.2641613483429000
Leukemia and Myeloid,hsa-miR-4459,1.2641606330871600
Parkinsonian Disorders,hsa-miR-4459,1.2641605138778700
Multiple Pulmonary Nodules,hsa-miR-4443,1.2641605138778700
mitochondrial DNA depletion syndrome 4b,hsa-miR-4459,1.2641594409942600
Bronchial Hyperreactivity,hsa-miR-4443,1.2641587257385300
Adiposis Dolorosa,hsa-miR-4459,1.2641587257385300
Peritoneal Hyalinizing Vasculopathy,hsa-miR-4443,1.2641584873199500
Synucleinopathies,hsa-miR-4459,1.264157772064210
Leiomyosarcoma,hsa-miR-4459,1.2641568183898900
Mandibulofacial Dysostosis,hsa-miR-4443,1.2641561031341600
Enterocolitis,hsa-miR-4443,1.2641555070877100
Gynatresia,hsa-miR-4459,1.2641547918319700
Arthritis and Juvenile,hsa-miR-4459,1.2641544342041000
Trypanosomiasis,hsa-miR-4443,1.264154314994810
Meniere Disease,hsa-miR-4459,1.2641533613205000
Keratoconus,hsa-miR-4459,1.264153242111210
Sarcoidosis and Pulmonary,hsa-miR-4443,1.2641528844833400
Platelet Storage Lesion,hsa-miR-4459,1.2641528844833400
primary biliary cholangitis 1,hsa-miR-4459,1.2641525268554700
Mycobacterium Infections and Nontuberculous,hsa-miR-4443,1.2641525268554700
Heart Septal Defects and Ventricular,hsa-miR-4459,1.2641520500183100
Noonan syndrome-like disorder with loose anagen hair,hsa-miR-4459,1.2641518115997300
Ankle Fractures,hsa-miR-4443,1.264150857925420
Laryngeal Papilloma,hsa-miR-4459,1.264150619506840
Cardiovascular Complications,hsa-miR-4443,1.264150619506840
Corneal Injuries,hsa-miR-4459,1.2641505002975500
Necrobiotic Disorders,hsa-miR-4443,1.2641505002975500
Bovine Virus Diarrhea-Mucosal Disease,hsa-miR-4459,1.2641503810882600
Borderline Personality Disorder,hsa-miR-4443,1.2641500234603900
Mast Cell Tumors,hsa-miR-4459,1.26414954662323
Dental Caries,hsa-miR-4459,1.2641490697860700
Post-Cardiac Arrest Syndrome,hsa-miR-4459,1.2641488313674900
Intracranial  Aneurysm,hsa-miR-4443,1.2641485929489100
Li-Fraumeni syndrome 1,hsa-miR-4459,1.264148235321050
Simian Acquired Immunodeficiency Syndrome,hsa-miR-4459,1.2641481161117600
Endometrial Fibrosis,hsa-miR-4459,1.2641481161117600
Pituitary Diseases,hsa-miR-4443,1.2641478776931800
Fissure in Ano,hsa-miR-4443,1.2641476392746000
Sciatica,hsa-miR-4443,1.2641469240188600
ACTH Syndrome and Ectopic,hsa-miR-4459,1.2641466856002800
Fetal Macrosomia,hsa-miR-4459,1.2641466856002800
Parkinson Disease and Familial and Type 1,hsa-miR-4443,1.2641465663909900
Ear Diseases,hsa-miR-4443,1.2641465663909900
Myeloproliferative Disorders,hsa-miR-4459,1.2641459703445400
Cartilage Degradation,hsa-miR-4443,1.2641454935073900
Cancer-Associated Cachexia,hsa-miR-4459,1.2641451358795200
Osteoporosis and Postmenopausal,hsa-miR-4443,1.2641444206237800
Otofaciocervical Syndrome,hsa-miR-4443,1.2641443014144900
Hypercholesterolemia,hsa-miR-4459,1.2641440629959100
Toxoplasmosis and Ocular,hsa-miR-4443,1.2641440629959100
Drug Hypersensitivity,hsa-miR-4459,1.2641433477401700
Genital Diseases and Female,hsa-miR-4459,1.2641428709030200
rectum adenocarcinoma,hsa-miR-4459,1.2641428709030200
FG syndrome,hsa-miR-4443,1.264142394065860
Malformations of Cortical Development,hsa-miR-4459,1.2641422748565700
Low Tension Glaucoma,hsa-miR-4459,1.2641421556472800
Growth Disorders,hsa-miR-4459,1.2641419172287000
Psychotic Disorders,hsa-miR-4443,1.2641419172287000
Bloom Syndrome,hsa-miR-4459,1.2641414403915400
Reflex Sympathetic Dystrophy,hsa-miR-4443,1.2641409635543800
Anodontia,hsa-miR-4443,1.2641408443450900
Thrombotic Stroke,hsa-miR-4443,1.2641403675079300
brachydactyly type D,hsa-miR-4459,1.2641403675079300
Hypertrophy and Right Ventricular,hsa-miR-4443,1.2641398906707800
Osteoarthropathy and Primary Hypertrophic,hsa-miR-4459,1.2641397714614900
Kahrizi Syndrome,hsa-miR-4459,1.2641396522522000
Endocrine Gland Neoplasms,hsa-miR-4459,1.2641385793685900
Mite Infestations,hsa-miR-4459,1.2641379833221400
DNA Repair-Deficiency Disorders,hsa-miR-4459,1.264137864112850
Pancreatitis and Acute Necrotizing,hsa-miR-4459,1.2641371488571200
Weight Loss,hsa-miR-4443,1.2641371488571200
Low Back Pain,hsa-miR-4459,1.2641363143920900
Scapuloperoneal Myopathy and X-Linked Dominant,hsa-miR-4443,1.2641360759735100
Bone Marrow Diseases,hsa-miR-4459,1.2641360759735100
T-cell acute lymphoblastic leukemia,hsa-miR-4459,1.2641353607177700
Inflammatory Osteolysis,hsa-miR-4459,1.2641347646713300
mucinous cystadenocarcinoma of pancreas,hsa-miR-4459,1.264134168624880
Pelvic Floor Disorders,hsa-miR-4459,1.2641340494155900
Conjunctivitis and Allergic,hsa-miR-4443,1.2641340494155900
Mitochondrial Diseases,hsa-miR-4459,1.2641336917877200
Encephalomyelitis and Enzootic Porcine,hsa-miR-4459,1.2641335725784300
Brain Damage and Chronic,hsa-miR-4459,1.2641332149505600
Spinal Cord Diseases,hsa-miR-4443,1.264133095741270
Chronic Gastritis,hsa-miR-4459,1.2641328573226900
nonsyndromic congenital nail disorder 7,hsa-miR-4459,1.2641327381134000
Aneuploidy,hsa-miR-4459,1.2641327381134000
Trachoma,hsa-miR-4443,1.2641322612762500
Skin Neoplasms and Non-Melanoma,hsa-miR-4459,1.264132022857670
Endocrine System Diseases,hsa-miR-4443,1.264132022857670
Dermatitis and Allergic Contact,hsa-miR-4443,1.2641313076019300
Heart Septal Defects and Atrial,hsa-miR-4459,1.2641311883926400
Tracheal Diseases,hsa-miR-4459,1.2641310691833500
Central Nervous System Bacterial Infections,hsa-miR-4459,1.2641303539276100
Hemangioma and Infantile,hsa-miR-4459,1.2641302347183200
Glomus Tumor,hsa-miR-4459,1.2641291618347200
Leukemia and Biphenotypic and Acute,hsa-miR-4459,1.2641282081604000
Parasitic Diseases,hsa-miR-4459,1.2641276121139500
Ataxia with vitamin E deficiency,hsa-miR-4459,1.264127492904660
Alzheimer Disease ,hsa-miR-4459,1.264127254486080
Vasospasm and Intracranial and Postoperative,hsa-miR-4459,1.2641271352767900
Ventricular Dysfunction,hsa-miR-4443,1.2641271352767900
Palatal Neoplasms,hsa-miR-4459,1.2641264200210600
Amnesia,hsa-miR-4459,1.2641263008117700
Hemochromatosis,hsa-miR-4459,1.2641260623931900
Aphasia and Primary Progressive,hsa-miR-4443,1.2641255855560300
Malformations of Cortical Development and Group II,hsa-miR-4459,1.2641252279281600
Gingivitis,hsa-miR-4459,1.2641252279281600
MPTP Poisoning,hsa-miR-4459,1.2641249895095800
Adrenocortical Carcinoma,hsa-miR-4459,1.264124870300290
Sleep Apnea Syndromes,hsa-miR-4459,1.2641245126724200
Angelman Syndrome,hsa-miR-4459,1.2641243934631300
High Grade Ovarian Neoplasms,hsa-miR-4459,1.264123558998110
Hind Limb Ischemia,hsa-miR-4459,1.2641233205795300
Multicystic renal dysplasia and bilateral,hsa-miR-4459,1.264122724533080
skin melanoma,hsa-miR-4459,1.2641226053237900
Giant Cell Arteritis,hsa-miR-4459,1.2641226053237900
Thymic epithelial tumor,hsa-miR-4459,1.2641212940216100
Shock and Septic,hsa-miR-4459,1.2641210556030300
Neurosyphilis,hsa-miR-4443,1.2641208171844500
Diabetic Keratopathy,hsa-miR-4459,1.2641204595565800
Poorly Differentiated Thyroid Gland Carcinoma,hsa-miR-4459,1.26412034034729
polycystic kidney disease 3,hsa-miR-4459,1.2641196250915500
Spermatic Cord Torsion,hsa-miR-4459,1.2641193866729700
Hemorrhoids,hsa-miR-4443,1.2641187906265300
Multiple Organ Failure,hsa-miR-4459,1.2641185522079500
Obsessive-Compulsive Disorder,hsa-miR-4459,1.2641183137893700
Spondylocheirodysplasia and Ehlers-Danlos Syndrome-Like,hsa-miR-4459,1.2641183137893700
Hypoxia-Ischemia and Brain,hsa-miR-4459,1.264117956161500
Nijmegen Breakage Syndrome,hsa-miR-4443,1.264117956161500
Arrest of spermatogenesis,hsa-miR-4459,1.2641175985336300
Kidney Transplant Rejection,hsa-miR-4459,1.2641173601150500
Viral Myocarditis,hsa-miR-4459,1.2641171216964700
Seizures,hsa-miR-4459,1.2641170024871800
Hcv Associated Disorders,hsa-miR-4459,1.2641161680221600
Peripartum Cardiomyopathy ,hsa-miR-4443,1.2641161680221600
Atrial Premature Complexes,hsa-miR-4459,1.2641146183013900
Larva Migrans and Visceral,hsa-miR-4459,1.2641143798828100
Chronic  Rhinosinusitis With Nasal Polyps,hsa-miR-335-3p,1.2641143798828100
Nephrosclerosis,hsa-miR-4459,1.2641143798828100
Salpingitis,hsa-miR-4459,1.2641141414642300
Lumbar Radicular Pain,hsa-miR-4443,1.2641137838363600
Brain Ischemia ,hsa-miR-4443,1.2641137838363600
Rhinitis and Allergic and Seasonal,hsa-miR-4459,1.264113426208500
invasive aspergillosis,hsa-miR-4459,1.2641128301620500
Testicular Diseases,hsa-miR-4459,1.2641111612319900
 Equine Hepacivirus Infections,hsa-miR-4459,1.264110803604130
Coronary Stenosis,hsa-miR-4443,1.2641106843948400
Tembusu virus,hsa-miR-4459,1.2641106843948400
Cystitis and Interstitial,hsa-miR-4459,1.2641104459762600
Atrophy,hsa-miR-4443,1.2641102075576800
Eunuchism,hsa-miR-4459,1.264108657836910
Exocrine Pancreatic Insufficiency,hsa-miR-4459,1.264108657836910
Cleft Lip,hsa-miR-4459,1.2641085386276200
Marfan Syndrome,hsa-miR-4459,1.2641079425811800
Digitorenocerebral Syndrome,hsa-miR-4459,1.2641078233718900
Canine Mammary Carcinoma,hsa-miR-4459,1.264107584953310
Duodenal Ulcer,hsa-miR-4443,1.264107346534730
paramyotonia congenita of Von Eulenburg,hsa-miR-4459,1.2641059160232500
Yellow Nail Syndrome,hsa-miR-4459,1.2641057968139600
Bone Diseases and Metabolic,hsa-miR-4459,1.2641053199768100
hyper IgE recurrent infection syndrome 2,hsa-miR-4459,1.2641048431396500
Intracranial Hemorrhages,hsa-miR-4459,1.2641040086746200
Stillbirth,hsa-miR-4443,1.264103889465330
Chromate Resistance,hsa-miR-4459,1.2641037702560400
Obesity and Abdominal,hsa-miR-4459,1.264102578163150
Alveolar Bone Loss,hsa-miR-4459,1.2641021013259900
Wound Infection,hsa-miR-335-3p,1.2641005516052200
Respiration Disorders and Infant,hsa-miR-4459,1.2641003131866500
diarrhea predominant irritable bowel syndrome (IBS-D),hsa-miR-4459,1.2641000747680700
Leukemia and Myeloid and Accelerated Phase,hsa-miR-4443,1.2640995979309100
Opioid-Related Disorders,hsa-miR-4443,1.2640987634658800
Tricuspid Valve Insufficiency,hsa-miR-335-3p,1.2640984058380100
Prion Diseases,hsa-miR-4443,1.2640984058380100
Chagas Disease,hsa-miR-4459,1.2640975713729900
adhesions of uterus,hsa-miR-4443,1.2640973329544100
Erythroblastosis and Fetal,hsa-miR-4443,1.2640973329544100
Calcinosis,hsa-miR-4443,1.264096975326540
Bird Diseases,hsa-miR-4459,1.2640960216522200
Bacterial Infections,hsa-miR-4459,1.2640957832336400
Acute Aortic   Dissection,hsa-miR-4459,1.264095425605770
Encephalomyelitis and Western Equine,hsa-miR-4459,1.2640950679779100
late onset Parkinson's disease,hsa-miR-4443,1.2640949487686200
Leukemia and Acute,hsa-miR-4443,1.264094591140750
Lattice corneal dystrophy type 1,hsa-miR-335-3p,1.264094352722170
Craniosynostosis radial aplasia syndrome,hsa-miR-4443,1.2640936374664300
Platelet Storage Pool Deficiency,hsa-miR-4443,1.2640933990478500
Parathyroid Neoplasms,hsa-miR-4459,1.2640931606292700
Acidosis and Respiratory,hsa-miR-4443,1.2640928030014000
Helicobacter pylori,hsa-miR-4459,1.264091968536380
Vascular Calcification,hsa-miR-4459,1.2640918493270900
Splenic Diseases,hsa-miR-4459,1.2640914916992200
Peritoneal Hyalinizing Vasculopathy,hsa-miR-4459,1.26409113407135
Neurofibroma and Plexiform,hsa-miR-4459,1.2640907764434800
Leukemia and Myeloid and Chronic and Atypical and BCR-ABL Negative,hsa-miR-4443,1.2640904188156100
Syphilis and primary,hsa-miR-4459,1.2640900611877400
Mandibulofacial Dysostosis,hsa-miR-4459,1.2640888690948500
colon carcinoma,hsa-miR-4443,1.264088749885560
Enterocolitis,hsa-miR-4459,1.2640881538391100
Shoulder Injuries,hsa-miR-4443,1.2640879154205300
Gastrointestinal Diseases,hsa-miR-4443,1.2640875577926600
Asymptomatic Infections,hsa-miR-4443,1.264087200164800
Bronchiectasis With Or Without Elevated Sweat Chloride 1,hsa-miR-4443,1.2640862464904800
Histiocytic Sarcoma,hsa-miR-4443,1.2640862464904800
Diabetes Of The Exocrine Pancreas ,hsa-miR-4443,1.264085292816160
hyperekplexia 1,hsa-miR-4443,1.2640844583511400
Prosthesis Failure,hsa-miR-4443,1.2640835046768200
Uterine Diseases,hsa-miR-4443,1.2640833854675300
Schopf-Schulz-Passarge Syndrome,hsa-miR-4443,1.2640827894210800
Cervical Cancer and Hpv Infected,hsa-miR-4459,1.2640827894210800
Borderline Personality Disorder,hsa-miR-4459,1.264082670211790
Ocular Hypertension,hsa-miR-4459,1.2640823125839200
Rubella Syndrome and Congenital,hsa-miR-4443,1.264081358909610
Gluteal Muscle Contracture,hsa-miR-4443,1.2640810012817400
Lymphoma and B-Cell and Diffuse,hsa-miR-4443,1.2640808820724500
Parkinson Disease and Familial and Type 1,hsa-miR-4459,1.2640793323516800
ABCD syndrome,hsa-miR-4443,1.2640787363052400
Early Embryonic Arrestdagger,hsa-miR-4443,1.264078140258790
Osteonecrosis,hsa-miR-4459,1.2640777826309200
Early-Stage Malignant Melanoma,hsa-miR-4443,1.2640773057937600
Depression and Post Stroke,hsa-miR-4443,1.264077067375180
Migraine Disorders,hsa-miR-4443,1.2640764713287400
Microvascular Rarefaction,hsa-miR-4459,1.264075517654420
HTLV-II Infections,hsa-miR-4443,1.2640751600265500
Primary Ovarian Insufficiency,hsa-miR-4459,1.2640743255615200
Rhegmatogenous Retinal Detachment and Autosomal Dominant,hsa-miR-4459,1.2640737295150800
Oculocutaneous Albinism Type 3,hsa-miR-4443,1.2640734910965000
Hypertrophy and Right Ventricular,hsa-miR-4459,1.2640726566314700
Erectile Dysfunction,hsa-miR-4443,1.2640726566314700
Brucellosis,hsa-miR-4443,1.264070987701420
Incontinentia Pigmenti,hsa-miR-4443,1.2640708684921300
Cholangitis and Biliary and Primary,hsa-miR-4443,1.2640706300735500
Azoospermia and Nonobstructive,hsa-miR-4459,1.2640674114227300
Cerebral Infarction and Acute,hsa-miR-4443,1.2640674114227300
Carotid Artery Diseases,hsa-miR-4443,1.26406729221344
Placental Insufficiency,hsa-miR-4459,1.2640668153762800
Digestive System Diseases,hsa-miR-4443,1.2640655040741000
Zika virus congenital syndrome,hsa-miR-4459,1.2640647888183600
White Dot Syndromes,hsa-miR-4443,1.2640646696090700
Muscular Atrophy and Spinal,hsa-miR-4443,1.2640639543533300
Foot Ulcer,hsa-miR-4443,1.2640634775161700
Lung Carcinoid,hsa-miR-4443,1.2640618085861200
Rotavirus Infections,hsa-miR-4443,1.2640602588653600
Legg-Calve-Perthes Disease,hsa-miR-4459,1.2640595436096200
Muscular Dystrophy and Facioscapulohumeral,hsa-miR-4443,1.2640591859817500
Pheochromocytoma,hsa-miR-4443,1.2640583515167200
Intracranial Aneurysm,hsa-miR-4443,1.264057993888860
non-alcoholic fatty liver,hsa-miR-4443,1.2640576362609900
"Muscular Atrophy, Spinal",hsa-miR-4459,1.2640568017959600
Dry Eye Syndromes,hsa-miR-4456,1.2640565633773800
Salivary Gland Pleomorphic Adenoma,hsa-miR-4443,1.2640564441680900
Carcinoma and Basal Cell and Skin,hsa-miR-4459,1.2640564441680900
Coronavirus Infections,hsa-miR-4443,1.2640563249588000
Kidney Diseases and Cystic,hsa-miR-4443,1.2640562057495100
Temporomandibular Joint Osteoarthritis,hsa-miR-4459,1.2640557289123500
Stress Disorders and Traumatic,hsa-miR-4459,1.2640548944473300
Urologic Neoplasms,hsa-miR-4443,1.2640531063079800
Liver Disease and Alcohol-Associated ,hsa-miR-4459,1.264052391052250
spondyloepimetaphyseal dysplasia and Strudwick type,hsa-miR-4443,1.2640520334243800
Hemorrhoids,hsa-miR-4459,1.2640514373779300
Nijmegen Breakage Syndrome,hsa-miR-4459,1.2640507221221900
Rectal Injury,hsa-miR-4443,1.2640506029129000
Hepatitis E,hsa-miR-4443,1.2640466690063500
Lumbar Radicular Pain,hsa-miR-4459,1.264046549797060
Hydrocephalus,hsa-miR-4459,1.264045000076290
Brucellosis and Bovine,hsa-miR-4459,1.2640433311462400
Coronary Stenosis,hsa-miR-4459,1.2640432119369500
Extra-Hepatic Portal Venous  Obstruction ,hsa-miR-4459,1.2640413045883200
Scholte syndrome,hsa-miR-4459,1.264040470123290
Idiopathic Condylar Resorption,hsa-miR-4459,1.2640401124954200
Thymus Neoplasms,hsa-miR-4459,1.2640354633331300
Hypertriglyceridemia,hsa-miR-4443,1.2640348672866800
Siderosis,hsa-miR-4459,1.264033555984500
Delayed Graft Function,hsa-miR-4459,1.2640326023101800
Lung Diseases and Interstitial,hsa-miR-4443,1.2640324831008900
Respiratory Distress Syndrome and Newborn,hsa-miR-4459,1.2640321254730200
Facial Nerve Diseases,hsa-miR-4459,1.2640321254730200
Prion Diseases,hsa-miR-4459,1.264031171798710
Mycobacterium avium-intracellulare Infection,hsa-miR-4459,1.2640290260314900
Tourette Syndrome,hsa-miR-4459,1.2640273571014400
Platelet Storage Pool Deficiency,hsa-miR-4459,1.2640259265899700
Acidosis and Respiratory,hsa-miR-4459,1.2640254497528100
Allograft Rejection and Antibody-Mediated,hsa-miR-4459,1.2640252113342300
Heart Injuries,hsa-miR-4459,1.264023780822750
Adenine phosphoribosyltransferase deficiency,hsa-miR-4459,1.2640231847763100
Out-of-Hospital Cardiac Arrest,hsa-miR-4459,1.2640222311019900
Asymptomatic Infections,hsa-miR-4459,1.2640198469162000
Bronchiectasis With Or Without Elevated Sweat Chloride 1,hsa-miR-4459,1.2640190124511700
Heart Failure and Systolic,hsa-miR-4459,1.2640174627304100
Thrombosis,hsa-miR-4459,1.2640165090560900
Uterine Diseases,hsa-miR-4459,1.2640162706375100
Arteriosclerosis,hsa-miR-4459,1.2640141248703000
Cerebral Small Vessel Diseases,hsa-miR-4459,1.2640141248703000
Gluteal Muscle Contracture,hsa-miR-4459,1.2640137672424300
Myositis,hsa-miR-4459,1.2640135288238500
Hip Dislocation and Congenital,hsa-miR-4459,1.2640129327774000
ABCD syndrome,hsa-miR-4459,1.2640115022659300
Arthritis and Gouty,hsa-miR-4459,1.2640082836151100
Hepatolenticular Degeneration,hsa-miR-4459,1.2640069723129300
Sexual Dysfunctions and Psychological,hsa-miR-4459,1.264006495475770
Oculocutaneous Albinism Type 3,hsa-miR-4459,1.26400625705719
Erectile Dysfunction,hsa-miR-4459,1.2640053033828700
Osteochondritis Dissecans,hsa-miR-4459,1.2640042304992700
Incontinentia Pigmenti,hsa-miR-4459,1.2640036344528200
Glaucoma and Open-Angle,hsa-miR-4459,1.2640020847320600
Sinus Thrombosis and Intracranial,hsa-miR-4459,1.264001727104190
Olfaction Disorders,hsa-miR-4459,1.2640005350112900
Cerebral Infarction and Acute,hsa-miR-4459,1.2640001773834200
Pyloric Hypomotility,hsa-miR-4459,1.2639998197555500
Testicular Germ Cell Tumor,hsa-miR-4459,1.2639998197555500
Emphysema,hsa-miR-4459,1.2639964818954500
Prolactinoma,hsa-miR-4459,1.2639962434768700
C syndrome,hsa-miR-4459,1.2639954090118400
Rectal Diseases,hsa-miR-4459,1.2639943361282300
Papillomavirus Infections,hsa-miR-4459,1.2639929056167600
Rotavirus Infections,hsa-miR-4459,1.2639929056167600
Pheochromocytoma,hsa-miR-4459,1.263991117477420
Intracranial Aneurysm,hsa-miR-4459,1.2639909982681300
non-alcoholic fatty liver,hsa-miR-4459,1.2639906406402600
Sexually Transmitted Diseases and Viral,hsa-miR-4459,1.2639906406402600
Protein-Losing Enteropathies,hsa-miR-4459,1.2639905214309700
Salivary Gland Pleomorphic Adenoma,hsa-miR-4459,1.2639893293380700
Neoplastic Cells and Circulating,hsa-miR-4459,1.263986587524410
Urologic Neoplasms,hsa-miR-4459,1.2639859914779700
Hypertension and Renal,hsa-miR-4459,1.2639856338501000
Hypoxia and Brain,hsa-miR-4459,1.263985276222230
Vesicular Stomatitis,hsa-miR-4459,1.263981580734250
Hepatitis E,hsa-miR-4459,1.2639793157577500
Mycoplasma pneumoniae pneumonia,hsa-miR-335-3p,1.263975977897640
Myotonic Disorders,hsa-miR-4459,1.2639741897583000
Intermittent Claudication,hsa-miR-1284,1.2639714479446400
Obstructive   Kidney Disease,hsa-miR-335-3p,1.2639710903167700
Alveolar echinococcosis,hsa-miR-4459,1.2639710903167700
Cholesteatoma and Middle Ear,mmu-miR-676-3p,1.263769268989560
Chromosome Duplication,hsa-miR-4437,1.2636170387268100
Myotonic Dystrophy,hsa-miR-3619,1.263606309890750
Lymphoma and T-Cell,mmu-miR-700-5p,1.2636016607284500
Plaque and Amyloid,hsa-miR-3619,1.263582706451420
Lymphoma and T-Cell,hsa-miR-4439,1.263500452041630
Chromosome Duplication,mmu-miR-700-5p,1.2634881734848000
Nervous System Neoplasms,mmu-miR-743a,1.2634778022766100
Polyposis Syndrome and Hereditary Mixed and 1,hsa-miR-3619,1.2634761333465600
Disease Progression,hsa-mir-873,1.2634649276733400
Spinal muscular atrophy with respiratory distress 1,hsa-miR-4437,1.2634296417236300
Sleep Initiation and Maintenance Disorders,hsa-miR-4437,1.2634152173996000
Liver Diseases and Alcoholic,hsa-miR-4437,1.2634055614471400
White Coat Hypertension,hsa-miR-4444,1.2634024620056200
Peptic Ulcer,hsa-miR-4437,1.263401746749880
Thyroid Diseases,hsa-miR-4437,1.2634010314941400
Leukokeratosis and Hereditary Mucosal,hsa-miR-4437,1.2633882761001600
End Stage Liver Disease,hsa-miR-4437,1.2633873224258400
Postoperative Complications,hsa-miR-4437,1.26338529586792
Borna Disease,hsa-miR-4437,1.2633846998214700
Hematoma and Subdural and Chronic,hsa-miR-4437,1.2633812427520800
Schistosomiasis,hsa-miR-4437,1.2633802890777600
Craniofacial Abnormalities,hsa-miR-4437,1.2633761167526200
Bone Diseases,hsa-miR-4437,1.263375997543340
Laryngeal Papilloma,hsa-miR-4437,1.2633721828460700
Wound Healing,hsa-miR-4437,1.263371467590330
Selenium Deficiency,hsa-miR-4437,1.2633708715438800
Simian Acquired Immunodeficiency Syndrome,hsa-miR-4437,1.2633696794509900
Bone Regeneration,hsa-miR-4437,1.2633681297302200
Periodontal Diseases,hsa-miR-4437,1.2633678913116500
Brachial Plexus Injury,hsa-miR-4437,1.2633670568466200
Dehydration,hsa-miR-4437,1.2633651494979900
Genital Diseases and Female,hsa-miR-4437,1.2633644342422500
Albuminuria,hsa-miR-4437,1.2633640766143800
Growth Disorders,hsa-miR-4437,1.2633634805679300
brachydactyly type D,hsa-miR-4437,1.263361930847170
Environmental Illness,hsa-miR-4437,1.2633614540100100
Osteoarthropathy and Primary Hypertrophic,hsa-miR-4437,1.2633612155914300
Finnish lethal neonatal metabolic syndrome,hsa-miR-4437,1.2633600234985400
Mite Infestations,hsa-miR-4437,1.263359785079960
Lupus Nephritis,hsa-miR-4437,1.2633596658706700
Dmd-Associated Dilated Cardiomyopathy,hsa-miR-4437,1.2633596658706700
Pancreatitis and Acute Necrotizing,hsa-miR-4437,1.26335871219635
Biotinidase Deficiency,hsa-miR-4437,1.2633578777313200
Rectal Neoplasms,hsa-miR-4437,1.2633575201034500
Halal syndrome,hsa-miR-4437,1.263357400894170
Osteochondromatosis,hsa-miR-4437,1.2633565664291400
Cervical Intraepithelial Neoplasia,hsa-miR-4437,1.2633546590805100
nonsyndromic congenital nail disorder 7,hsa-miR-4437,1.2633545398712200
Aneuploidy,hsa-miR-4437,1.2633540630340600
Cholera,hsa-miR-4437,1.263352394104000
Uremia,hsa-miR-4437,1.2633503675460800
Urinary Bladder Diseases,hsa-miR-4437,1.2633503675460800
Vascular System Injuries,hsa-miR-4437,1.263349175453190
Parasitic Diseases,hsa-miR-4437,1.263349175453190
Vasospasm and Intracranial and Postoperative,hsa-miR-4437,1.2633488178253200
Ovarian Insufficiency and Premature,hsa-miR-4437,1.2633485794067400
Staphylococcal Infections,hsa-miR-4437,1.2633479833602900
Angelman Syndrome,hsa-miR-4437,1.2633459568023700
Cerebral Cortical Thinning,hsa-miR-4437,1.263345718383790
Tachycardia,hsa-mir-8080,1.2633435726165800
Thymic epithelial tumor,hsa-miR-4437,1.2633427381515500
Poorly Differentiated Thyroid Gland Carcinoma,hsa-miR-4437,1.263342022895810
Cystic Fibrosis,hsa-miR-4437,1.2633417844772300
polycystic kidney disease 3,hsa-miR-4437,1.2633410692215000
Hepatitis C and Chronic,hsa-miR-4437,1.2633397579193100
Arrest of spermatogenesis,hsa-miR-4437,1.2633391618728600
Kidney Transplant Rejection,hsa-miR-4437,1.2633389234542800
Viral Myocarditis,hsa-miR-4437,1.2633386850357100
Encephalomyelitis and Autoimmune and Experimental,hsa-miR-4437,1.263338565826420
Sick Sinus Syndrome,hsa-miR-4437,1.2633377313613900
Cerebral Hemorrhage and Spontaneous,hsa-miR-4437,1.2633360624313400
Respiratory Syncytial Virus Infections,hsa-miR-4437,1.263335943222050
Infant and Newborn and Diseases,hsa-miR-4437,1.263335943222050
Neuropathic Lysosomal Storage Diseases,hsa-miR-4437,1.2633357048034700
Collagen Diseases,hsa-miR-4437,1.2633343935012800
Acromegaly,hsa-miR-4437,1.263333797454830
Hirschsprung Disease,hsa-miR-4437,1.263333797454830
Substance Abuse and Intravenous,hsa-miR-4437,1.263331651687620
Hereditary pancreatitis,hsa-miR-4437,1.2633315324783300
Post-Dural Puncture Headache,hsa-miR-4437,1.263330101966860
Cleft Lip,hsa-miR-4437,1.263330101966860
Polythelia and Familial,hsa-miR-4437,1.2633296251297000
Marfan Syndrome,hsa-miR-4437,1.2633296251297000
Hypertensive  Disorder Complicating Pregnancy,hsa-miR-4437,1.263329029083250
Carotid Artery Injuries,hsa-miR-4437,1.2633289098739600
Pseudarthrosis,hsa-miR-4437,1.2633275985717800
Hemoglobin Bart'S Hydrops   Fetalis Syndrome,mmu-miR-700-5p,1.2633253335952800
Gastric And Colon Cancer,hsa-miR-4437,1.2633241415023800
Laron Syndrome,mmu-miR-700-5p,1.2633212804794300
Renal Tubular Oxidative Injury,mmu-miR-700-5p,1.2633212804794300
Myasthenia Gravis with Thymus Hyperplasia,mmu-miR-700-5p,1.2633196115493800
Kidney Neoplasms,mmu-miR-700-5p,1.2633192539215100
External Auditory Canal Squamous Cell Carcinoma,hsa-miR-4437,1.263318657875060
Aortic Aneurysm,hsa-miR-4437,1.263318419456480
Lymphoma and T-Cell and Cutaneous,hsa-miR-4437,1.2633178234100300
Reticuloendotheliosis Virus Infections,hsa-miR-4437,1.2633174657821700
Bacterial Infections,hsa-miR-4437,1.263317346572880
Brain Infarction,hsa-miR-4437,1.263317346572880
Acute Aortic   Dissection,hsa-miR-4437,1.2633169889450100
Neurodevelopmental Disorders,mmu-miR-700-5p,1.2633166313171400
Encephalomyelitis and Western Equine,hsa-miR-4437,1.2633163928985600
Werner Syndrome,mmu-miR-700-5p,1.2633150815963700
Parathyroid Neoplasms,hsa-miR-4437,1.2633148431778000
Multiple Pulmonary Nodules,hsa-miR-4437,1.2633148431778000
Hyperinsulinism,hsa-miR-4437,1.2633146047592200
Obstetric Labor Complications,mmu-miR-700-5p,1.263312816619870
rippling muscle disease 1,hsa-miR-4437,1.2633121013641400
Leg Ulcer,mmu-miR-700-5p,1.263311743736270
Pneumonia and Staphylococcal,mmu-miR-700-5p,1.2633109092712400
Enterocolitis,hsa-miR-4437,1.2633097171783400
Pediatric Cystic Fibrosis,mmu-miR-700-5p,1.2633095979690600
Carotid Stenosis,mmu-miR-700-5p,1.2633094787597700
Ankle Fractures,hsa-miR-4437,1.2633051872253400
Abortion and Spontaneous,mmu-miR-700-5p,1.2633051872253400
Lumbar Disc   Herniation,mmu-miR-700-5p,1.263304591178890
Heart Valve Diseases,mmu-miR-700-5p,1.263304591178890
Lymphoma and T-Cell,mmu-miR-708,1.2633042335510300
Pituitary Diseases,hsa-miR-4437,1.2633020877838100
Jaundice and Acute,mmu-miR-700-5p,1.2633020877838100
Meningitis and Bacterial,mmu-miR-700-5p,1.2633012533187900
Tuberous Sclerosis 1,mmu-miR-700-5p,1.2632994651794400
Osteonecrosis,hsa-miR-4437,1.2632992267608600
Hyperpigmentation and Skin,mmu-miR-700-5p,1.263298749923710
Neoplasms and Germ Cell and Embryonal,hsa-miR-4437,1.2632986307144200
Borna Disease,mmu-miR-700-5p,1.2632981538772600
Prostatitis,mmu-miR-700-5p,1.2632979154586800
salivary gland adenoid cystic carcinoma,hsa-miR-4437,1.2632970809936500
White Spot Syndrome Virus  Infection,mmu-miR-700-5p,1.2632970809936500
Leukemia and Myeloid,mmu-miR-700-5p,1.2632954120636000
Foot-and-Mouth Disease,mmu-miR-700-5p,1.263295292854310
mitochondrial DNA depletion syndrome 4b,mmu-miR-700-5p,1.2632943391799900
Polycythemia Vera,mmu-miR-700-5p,1.2632936239242600
Adiposis Dolorosa,mmu-miR-700-5p,1.2632935047149700
Distal arthrogryposis type 2B,mmu-miR-700-5p,1.2632931470871000
Depressive Disorder,mmu-miR-700-5p,1.2632925510406500
Graft vs Host Disease,mmu-miR-700-5p,1.2632900476455700
Tuberculosis and Spinal,mmu-miR-700-5p,1.2632899284362800
Diabetic Retinopathy ,mmu-miR-700-5p,1.2632898092269900
Gynatresia,mmu-miR-700-5p,1.2632895708084100
Craniofacial Abnormalities,mmu-miR-700-5p,1.2632895708084100
Bradycardia,mmu-miR-700-5p,1.2632890939712500
Hip Fractures,mmu-miR-700-5p,1.2632877826690700
primary biliary cholangitis 1,mmu-miR-700-5p,1.2632875442504900
Corneal Injuries,mmu-miR-700-5p,1.2632853984832800
Bovine Virus Diarrhea-Mucosal Disease,mmu-miR-700-5p,1.2632852792739900
Wound Healing,mmu-miR-700-5p,1.2632848024368300
Mast Cell Tumors,mmu-miR-700-5p,1.26328444480896
Hypospadias,mmu-miR-700-5p,1.2632842063903800
Pain and Inflammatory,mmu-miR-700-5p,1.2632838487625100
Dental Caries,mmu-miR-700-5p,1.2632838487625100
Li-Fraumeni syndrome 1,mmu-miR-700-5p,1.263283371925350
Adenocarcinoma and Follicular,mmu-miR-700-5p,1.2632824182510400
ACTH Syndrome and Ectopic,mmu-miR-700-5p,1.2632817029953000
Periodontal Diseases,mmu-miR-700-5p,1.263281226158140
Cerebral Intraventricular Hemorrhage,mmu-miR-700-5p,1.263280987739560
Brachial Plexus Injury,mmu-miR-700-5p,1.2632802724838300
Asthma-Chronic Obstructive Pulmonary Disease Overlap Syndrome,mmu-miR-700-5p,1.2632795572280900
Polyps,mmu-miR-700-5p,1.2632791996002200
"Muscular Atrophy, Spinal",hsa-miR-4437,1.2632783651351900
Genital Diseases and Female,mmu-miR-700-5p,1.2632778882980300
Growth Disorders,mmu-miR-700-5p,1.2632766962051400
Carcinoma and Squamous Cell and Cutaneous,mmu-miR-700-5p,1.26327645778656
Thoracic Aortic   Dissection,mmu-miR-700-5p,1.263276219367980
Adrenal Cortex Neoplasms,mmu-miR-700-5p,1.263276219367980
Femur Head Necrosis,mmu-miR-700-5p,1.263274908065800
Multiple Trauma,hsa-miR-4437,1.263274908065800
Osteoarthropathy and Primary Hypertrophic,mmu-miR-700-5p,1.2632746696472200
Environmental Illness,mmu-miR-700-5p,1.2632746696472200
Sarcoma and Ewing,mmu-miR-700-5p,1.26327383518219
Sepsis Induced Liver Injury,mmu-miR-700-5p,1.2632733583450300
DNA Repair-Deficiency Disorders,mmu-miR-700-5p,1.2632728815078700
Aortic Diseases,mmu-miR-700-5p,1.2632724046707200
Pancreatitis and Acute Necrotizing,mmu-miR-700-5p,1.2632720470428500
Low Back Pain,mmu-miR-700-5p,1.2632713317871100
Rectal Neoplasms,mmu-miR-700-5p,1.2632710933685300
Ataxia Neuropathy Spectrum,mmu-miR-700-5p,1.263270616531370
von Willebrand Diseases,mmu-miR-700-5p,1.2632704973220800
Peripartum Cardiomyopathy ,hsa-miR-4437,1.263270378112790
Thalassemia,mmu-miR-700-5p,1.2632697820663500
Distal myopathy and Nonaka type,mmu-miR-700-5p,1.2632691860199000
mucinous cystadenocarcinoma of pancreas,mmu-miR-700-5p,1.263269066810610
Sleep Deprivation,hsa-miR-4437,1.2632684707641600
Airway Inflammation,mmu-miR-700-5p,1.263268232345580
Brain Damage and Chronic,mmu-miR-700-5p,1.2632681131362900
Lumbar Radicular Pain,hsa-miR-4437,1.2632678747177100
nonsyndromic congenital nail disorder 7,mmu-miR-700-5p,1.2632677555084200
Ischemic Cerebral Infarction,mmu-miR-700-5p,1.263267159461980
Infarction,mmu-miR-700-5p,1.2632665634155300
Hepacivirus,mmu-miR-700-5p,1.2632662057876600
Colonic Polyps,mmu-miR-700-5p,1.26326584815979
Central Nervous System Bacterial Infections,mmu-miR-700-5p,1.2632652521133400
Hemangioma and Infantile,mmu-miR-700-5p,1.2632652521133400
Coronary Restenosis,mmu-miR-700-5p,1.2632637023925800
Neuroectodermal Tumors and Primitive,mmu-miR-700-5p,1.263262391090390
Ovarian Insufficiency and Premature,mmu-miR-700-5p,1.2632620334625200
Scholte syndrome,hsa-miR-4437,1.2632619142532300
Idiopathic Condylar Resorption,hsa-miR-4437,1.2632616758346600
Oral Ulcer,mmu-miR-700-5p,1.2632611989975000
Malformations of Cortical Development and Group II,mmu-miR-700-5p,1.2632602453231800
MPTP Poisoning,mmu-miR-700-5p,1.2632598876953100
Neurofibromatosis 2,mmu-miR-700-5p,1.2632598876953100
Angelman Syndrome,mmu-miR-700-5p,1.2632592916488600
Sarcoma and Kaposi,mmu-miR-700-5p,1.263258934021000
arteriosclerotic cardiovascular disease,mmu-miR-700-5p,1.2632585763931300
High Grade Ovarian Neoplasms,mmu-miR-700-5p,1.2632585763931300
Seizures and Febrile,mmu-miR-700-5p,1.263258457183840
Hind Limb Ischemia,mmu-miR-700-5p,1.2632582187652600
Tracheal Stenosis,mmu-miR-700-5p,1.2632577419281000
Autoimmune Diseases of the Nervous System,hsa-miR-200a-3p,1.2632577419281000
Giant Cell Arteritis,mmu-miR-700-5p,1.2632575035095200
skin melanoma,mmu-miR-700-5p,1.2632575035095200
Encephalomyelitis and Acute Disseminated,hsa-miR-4437,1.2632575035095200
Infertility and Female,mmu-miR-700-5p,1.2632575035095200
Hemoglobin Bart'S Hydrops   Fetalis Syndrome,hsa-miR-4439,1.263257384300230
Thymus Neoplasms,hsa-miR-4437,1.2632570266723600
Fibrosis and Skin,mmu-miR-700-5p,1.2632566690444900
Vitelliform Macular Dystrophy,hsa-miR-200a-3p,1.2632564306259200
Poorly Differentiated Thyroid Gland Carcinoma,mmu-miR-700-5p,1.2632551193237300
Siderosis,hsa-miR-4437,1.2632551193237300
Folliculotropic Mycosis Fungoides,mmu-miR-700-5p,1.263255000114440
Nephrosis and Lipoid,mmu-miR-700-5p,1.2632548809051500
polycystic kidney disease 3,mmu-miR-700-5p,1.2632546424865700
Spermatic Cord Torsion,mmu-miR-700-5p,1.2632542848587000
Depression and Postpartum,mmu-miR-700-5p,1.2632542848587000
Cirrhotic Cardiomyopathy,mmu-miR-700-5p,1.263253927230840
Prostatitis and Chronic,hsa-miR-4437,1.2632535696029700
Renal Tubular Oxidative Injury,hsa-miR-4439,1.2632533311843900
Spondylocheirodysplasia and Ehlers-Danlos Syndrome-Like,mmu-miR-700-5p,1.2632533311843900
Prion Diseases,hsa-miR-4437,1.26325261592865
Arrest of spermatogenesis,mmu-miR-700-5p,1.2632523775100700
Anemia,mmu-miR-700-5p,1.2632516622543300
Cryopyrin-Associated Periodic Syndromes,mmu-miR-700-5p,1.2632513046264600
Gastritis and Pediatric,mmu-miR-700-5p,1.2632508277893100
Precursor T-Cell Lymphoblastic Leukemia-Lymphoma,mmu-miR-700-5p,1.263250470161440
Glaucoma,mmu-miR-700-5p,1.2632501125335700
Inflammation and Post Stroke,mmu-miR-700-5p,1.2632496356964100
Cerebral Hemorrhage and Spontaneous,mmu-miR-700-5p,1.2632495164871200
Nephrosclerosis,mmu-miR-700-5p,1.263249158859250
Psoriasis,mmu-miR-700-5p,1.2632489204406700
Mitral Valve Insufficiency,mmu-miR-700-5p,1.2632489204406700
Reperfusion Injury and Hepatic Ischemia,mmu-miR-700-5p,1.2632488012313800
Pterygium,mmu-miR-700-5p,1.2632488012313800
Rhinitis and Allergic and Seasonal,mmu-miR-700-5p,1.2632482051849400
Collagen Diseases,mmu-miR-700-5p,1.2632478475570700
Epilepsy and Post-Traumatic,mmu-miR-700-5p,1.2632476091384900
Blast Crisis,hsa-miR-4437,1.2632473707199100
Hepatitis and Chronic,hsa-miR-4437,1.2632471323013300
Cachexia,mmu-miR-700-5p,1.2632464170455900
Takayasu Arteritis,mmu-miR-700-5p,1.2632462978363000
Rhinitis and Allergic,mmu-miR-700-5p,1.2632460594177200
Lesch-Nyhan Syndrome,mmu-miR-700-5p,1.2632458209991500
Gastric   Cancer,mmu-miR-700-5p,1.2632453441619900
Carcinoma and Small Cell,mmu-miR-700-5p,1.2632449865341200
Diabetes Mellitus and Experimental,hsa-mir-873,1.263244390487670
Glucose Intolerance,hsa-miR-4439,1.2632441520690900
frontotemporal dementia,hsa-miR-4437,1.2632437944412200
Post-Dural Puncture Headache,mmu-miR-700-5p,1.2632436752319300
dystonia 5,hsa-miR-4437,1.2632431983947800
Polymyositis,mmu-miR-700-5p,1.2632430791854900
Marfan Syndrome,mmu-miR-700-5p,1.2632429599762000
Interstitial Fibrosis and Renal,hsa-miR-4439,1.2632428407669100
Cholestasis and Intrahepatic,hsa-miR-4437,1.2632427215576200
Digitorenocerebral Syndrome,mmu-miR-700-5p,1.2632427215576200
Retinal Dystrophies,mmu-miR-700-5p,1.2632426023483300
gastric cardia adenocarcinoma,mmu-miR-700-5p,1.263242483139040
Canine Mammary Carcinoma,mmu-miR-700-5p,1.263242483139040
Carotid Artery Injuries,mmu-miR-700-5p,1.2632423639297500
Lymphoma and Extranodal NK-T-Cell,hsa-miR-4439,1.263242244720460
Shoulder Injuries,hsa-miR-4437,1.2632421255111700
Rosacea,mmu-miR-700-5p,1.2632420063018800
Lipodystrophy and Partial and Acquired,hsa-miR-4437,1.2632417678833000
Pediatric Obesity,hsa-miR-4439,1.2632412910461400
Heart Defects and Congenital,mmu-miR-700-5p,1.2632412910461400
Bicuspid Aortic Valve Disease,mmu-miR-700-5p,1.263241171836850
Shock and Hemorrhagic,mmu-miR-700-5p,1.263241171836850
Typical Teratoid Rhabdoid Tumor,hsa-miR-4439,1.2632408142089800
Tooth Diseases,hsa-miR-4437,1.2632404565811200
Pregnancy Complications,mmu-miR-700-5p,1.2632403373718300
Hypocalciuric hypercalcemia and familial and type 1,hsa-miR-4439,1.2632403373718300
Histiocytic Sarcoma,hsa-miR-4437,1.2632403373718300
Peripheral Arterial Occlusive Disease 1,hsa-miR-4439,1.263240098953250
Polycythemia,hsa-miR-4437,1.2632397413253800
Trophoblastic Neoplasms,hsa-miR-4437,1.2632397413253800
Cerebral Infarction,mmu-miR-700-5p,1.2632380723953200
Nasopharyngeal Neoplasms,mmu-miR-700-5p,1.2632378339767500
Disorders of Excessive Somnolence,mmu-miR-700-5p,1.263237714767460
Lymphoma and Natural   Killer/T-Cell,mmu-miR-700-5p,1.263236403465270
Hair Diseases,hsa-miR-4437,1.2632358074188200
Rubella Syndrome and Congenital,hsa-miR-4437,1.2632354497909500
Bronchopneumonia,hsa-miR-4437,1.2632354497909500
Respiration Disorders and Infant,mmu-miR-700-5p,1.2632352113723800
Chagas Cardiomyopathy,hsa-miR-4439,1.263235092163090
Benign Paroxysmal Positional Vertigo,hsa-miR-4439,1.2632343769073500
Granulosa Cell Tumor,hsa-miR-4437,1.2632337808609000
renal fibrosis,mmu-miR-700-5p,1.2632336616516100
Cushing Syndrome,mmu-miR-700-5p,1.2632336616516100
Leukokeratosis and Hereditary Mucosal,hsa-miR-4439,1.2632336616516100
Vertigo,hsa-miR-4439,1.2632334232330300
End Stage Liver Disease,hsa-miR-4439,1.2632328271865800
Acute Coronary Syndrome and Non-St  Elevation,hsa-miR-4439,1.2632323503494300
Cardiomyopathy dilated with woolly hair and keratoderma,mmu-miR-700-5p,1.263231635093690
Hyperlipoproteinemia Type II,mmu-miR-700-5p,1.2632315158844000
Early-Stage Malignant Melanoma,hsa-miR-4437,1.2632313966751100
Poikiloderma with Neutropenia,hsa-miR-4437,1.2632313966751100
Ectrodactyly-cleft lip-palate syndrome,mmu-miR-700-5p,1.2632309198379500
Bacterial Infections,mmu-miR-700-5p,1.263230800628660
Cerebral Hemorrhage,hsa-miR-4439,1.2632306814193700
ovarian carcinoma,mmu-miR-700-5p,1.263230323791500
Hepatic Veno-Occlusive Disease,hsa-miR-4437,1.2632302045822100
Hemangioma,mmu-miR-700-5p,1.2632300853729200
Reinjuries,mmu-miR-700-5p,1.2632298469543500
Liver Failure,mmu-miR-700-5p,1.2632286548614500
Brain Ischemia and Acute,hsa-miR-4439,1.2632282972335800
Myeloma Bone Disease,hsa-miR-200a-3p,1.2632280588150000
Coronary Artery  Disease,mmu-miR-700-5p,1.2632272243499800
Polyomavirus Infections,mmu-miR-700-5p,1.2632272243499800
Helicobacter pylori,mmu-miR-700-5p,1.2632269859314000
Vascular Calcification,mmu-miR-700-5p,1.2632267475128200
mitochondrial DNA depletion syndrome 4b,hsa-miR-4439,1.2632266283035300
Splenic Diseases,mmu-miR-700-5p,1.2632265090942400
Adiposis Dolorosa,hsa-miR-4439,1.26322603225708
Polycythemia Vera,hsa-miR-4439,1.2632259130477900
rippling muscle disease 1,mmu-miR-700-5p,1.2632256746292100
Incontinentia Pigmenti,hsa-miR-4437,1.2632251977920500
Cholangitis and Biliary and Primary,hsa-miR-4437,1.2632248401641800
Glima,mmu-miR-700-5p,1.263224482536320
Atrial Myosins,mmu-miR-700-5p,1.263224482536320
Neointimal   Hyperplasia,mmu-miR-700-5p,1.2632240056991600
Inflammation and Chronic,hsa-miR-200a-3p,1.2632237672805800
Mandibulofacial Dysostosis,mmu-miR-700-5p,1.263223648071290
Bone Pain,mmu-miR-700-5p,1.263223648071290
Enterocolitis,mmu-miR-700-5p,1.2632230520248400
Brain Neoplasms,hsa-miR-4439,1.263222575187680
Blood Coagulation Disorders,hsa-miR-4439,1.2632222175598100
Sexually Transmitted Diseases,hsa-miR-4437,1.2632219791412400
Diabetic Retinopathy ,hsa-miR-4439,1.2632218599319500
Colon   Adenocarcinoma,mmu-miR-700-5p,1.2632217407226600
Craniofacial Abnormalities,hsa-miR-4439,1.2632216215133700
Gynatresia,hsa-miR-4439,1.2632216215133700
Staphylococcal Scalded Skin Syndrome,hsa-miR-4439,1.2632215023040800
Bradycardia,hsa-miR-4439,1.263221025466920
primary biliary cholangitis 1,hsa-miR-4439,1.2632195949554400
Hydatidiform Mole,mmu-miR-700-5p,1.2632192373275800
Bipolar Disorder,hsa-miR-4437,1.2632189989090000
Cardiovascular Complications,mmu-miR-700-5p,1.2632182836532600
Foot Ulcer,hsa-miR-4437,1.2632176876068100
Bovine Virus Diarrhea-Mucosal Disease,hsa-miR-4439,1.2632173299789400
Wound Healing,hsa-miR-4439,1.2632170915603600
Sarcopenia,hsa-miR-4437,1.2632168531417800
Pulmonary Eosinophilia,mmu-miR-700-5p,1.2632166147232100
Burns,mmu-miR-700-5p,1.263216257095340
Lung Carcinoid,hsa-miR-4437,1.2632161378860500
Post-Cardiac Arrest Syndrome,hsa-miR-4439,1.2632158994674700
Li-Fraumeni syndrome 1,hsa-miR-4439,1.26321542263031
Pituitary Diseases,mmu-miR-700-5p,1.26321542263031
Infant and Low Birth Weight,hsa-miR-4439,1.2632153034210200
cone-rod dystrophy 6,mmu-miR-700-5p,1.263215184211730
Simian Acquired Immunodeficiency Syndrome,hsa-miR-4439,1.2632150650024400
Intracranial Aneurysm,hsa-miR-4437,1.2632125616073600
Premature Ovarian Aging,hsa-miR-4439,1.2632124423980700
Otofaciocervical Syndrome,mmu-miR-700-5p,1.2632118463516200
Short Stature and Idiopathic and Autosomal,hsa-miR-4439,1.2632116079330400
Hepatitis A,hsa-miR-4439,1.2632100582122800
Psychotic Disorders,mmu-miR-700-5p,1.263209581375120
Albuminuria,hsa-miR-4439,1.263209581375120
Low Tension Glaucoma,hsa-miR-4439,1.2632091045379600
Papillon-Lefevre Disease,hsa-miR-4439,1.2632085084915200
Bloom Syndrome,hsa-miR-4439,1.2632085084915200
Anodontia,mmu-miR-700-5p,1.2632083892822300
Carcinoma and Squamous Cell and Cutaneous,hsa-miR-4439,1.2632083892822300
Sveinsson Chorioretinal Atrophy,hsa-miR-4439,1.263208270072940
Carcinoma and Merkel Cell,mmu-miR-700-5p,1.263207197189330
Kahrizi Syndrome,hsa-miR-4439,1.263206958770750
Dmd-Associated Dilated Cardiomyopathy,hsa-miR-4439,1.2632051706314100
Corneal Neovascularization,hsa-miR-4439,1.26320481300354
Weight Loss,mmu-miR-700-5p,1.26320481300354
Obesity and Osteosarcopenic,hsa-miR-4437,1.26320481300354
Aortic Diseases,hsa-miR-4439,1.2632044553756700
Pancreatitis and Acute Necrotizing,hsa-miR-4439,1.2632043361663800
Welander distal myopathy and Swedish type,hsa-miR-4439,1.2632040977478000
Nervous Necrosis Virus Infectious,mmu-miR-700-5p,1.2632038593292200
Low Back Pain,hsa-miR-4439,1.263203501701360
Halal syndrome,hsa-miR-4439,1.2632030248642000
T-cell acute lymphoblastic leukemia,hsa-miR-4439,1.2632023096084600
Placental Insufficiency,mmu-miR-700-5p,1.2632017135620100
Influenza in Birds,hsa-miR-4439,1.2632015943527200
Status Epilepticus,hsa-miR-4439,1.2632008790969800
Gastric Intestinal   Metaplasia,hsa-miR-4439,1.2632005214691200
Cervical Intraepithelial Neoplasia,hsa-miR-4439,1.263200283050540
Focal Infection,mmu-miR-700-5p,1.263200044631960
Chronic Disease,hsa-miR-4439,1.263200044631960
nonsyndromic congenital nail disorder 7,hsa-miR-4439,1.263200044631960
Aneuploidy,hsa-miR-4439,1.2631996870040900
Exudative Vitreoretinopathy 4,hsa-miR-4439,1.2631990909576400
Hypotension,hsa-miR-4439,1.2631990909576400
Sarcoidosis,hsa-miR-4439,1.2631983757019000
Heart Septal Defects and Atrial,hsa-miR-4439,1.2631981372833300
Liver Cirrhosis and Alcoholic,hsa-miR-4439,1.263197422027590
Osteoarthritis and Post-Traumatic,hsa-miR-4439,1.263196587562560
Urinary Bladder Diseases,hsa-miR-4439,1.2631959915161100
Carcinogenesis,mmu-miR-700-5p,1.2631953954696700
Aphasia and Primary Progressive,mmu-miR-700-5p,1.263193130493160
Malformations of Cortical Development and Group II,hsa-miR-4439,1.2631922960281400
Amelogenesis Imperfecta,hsa-miR-4437,1.2631922960281400
Gingivitis,hsa-miR-4439,1.2631921768188500
Lymphoma and T-Cell,hsa-miR-4494,1.2631912231445300
Periapical Diseases,hsa-miR-4437,1.2631912231445300
Neonatal hemochromatosis,hsa-miR-4439,1.2631911039352400
Cerebral Cortical Thinning,hsa-miR-4439,1.2631911039352400
Neoplasm and Residual,hsa-miR-4439,1.2631908655166600
High Grade Ovarian Neoplasms,hsa-miR-4439,1.263190746307370
Chromosome Duplication,mmu-miR-708,1.263190746307370
Osteoporosis-pseudoglioma syndrome,mmu-miR-700-5p,1.2631902694702100
Hearing Disorders,hsa-miR-4439,1.2631897926330600
Fibrosis and Skin,hsa-miR-4439,1.2631888389587400
Microphthalmia and syndromic 2,hsa-miR-4439,1.2631871700286900
Cystic Fibrosis,hsa-miR-4439,1.2631871700286900
Nephrosis and Lipoid,hsa-miR-4439,1.2631869316101100
Acute Lymphoblastic Leukemia and T-Cell,hsa-miR-4439,1.2631856203079200
Spondylocheirodysplasia and Ehlers-Danlos Syndrome-Like,hsa-miR-4439,1.2631855010986300
Hepatitis C and Chronic,hsa-miR-4439,1.2631851434707600
Neoplasms and Glandular and Epithelial,mmu-miR-700-5p,1.263184905052190
Orchitis,mmu-miR-700-5p,1.263184666633610
Arrest of spermatogenesis,hsa-miR-4439,1.263184666633610
Langer mesomelic dysplasia,hsa-miR-4439,1.2631845474243200
Sensation Disorders,hsa-miR-4439,1.263183832168580
Hcv Associated Disorders,hsa-miR-4439,1.2631832361221300
Sick Sinus Syndrome,hsa-miR-4439,1.2631832361221300
Acne Vulgaris,hsa-miR-4439,1.2631831169128400
Hearing Loss,mmu-miR-700-5p,1.2631816864013700
Brain Ischemia ,mmu-miR-700-5p,1.2631815671920800
Larva Migrans and Visceral,hsa-miR-4439,1.2631813287735000
Nephrosclerosis,hsa-miR-4439,1.263181209564210
Keratitis and Herpetic,hsa-miR-4439,1.2631808519363400
Infections,hsa-miR-4439,1.2631807327270500
Acromegaly,hsa-miR-4439,1.2631793022155800
Enterovirus B and Human,hsa-miR-4439,1.2631789445877100
Cachexia,hsa-miR-4439,1.2631785869598400
Atrophy,mmu-miR-700-5p,1.2631778717041000
Enzootic Bovine Leukosis,hsa-miR-4439,1.2631765604019200
Arthrogryposis and ectodermal dysplasia,hsa-miR-4439,1.263176441192630
Lyme Disease,hsa-miR-4439,1.2631762027740500
Cleft Lip,hsa-miR-4439,1.2631758451461800
Post-Dural Puncture Headache,hsa-miR-4439,1.2631758451461800
Microphthalmos,mmu-miR-700-5p,1.2631756067276
Idiopathic Condylar Resorption,mmu-miR-700-5p,1.2631752490997300
Duodenal Ulcer,mmu-miR-700-5p,1.2631752490997300
Allergic Inflammation,hsa-miR-4439,1.2631748914718600
gastric cardia adenocarcinoma,hsa-miR-4439,1.2631744146347000
Rosacea,hsa-miR-4439,1.2631741762161300
Long Term Adverse Effects,hsa-miR-4439,1.263171672821050
Encephalomyelitis and Acute Disseminated,mmu-miR-700-5p,1.263170838356020
Thymus Neoplasms,mmu-miR-700-5p,1.2631703615188600
Nasopharyngeal Neoplasms,hsa-miR-4439,1.2631698846817000
Endotoxemia,hsa-miR-4439,1.263169288635250
CREST Syndrome,mmu-miR-700-5p,1.2631691694259600
Alveolar Bone Loss,hsa-miR-4439,1.2631690502166700
Siderosis,mmu-miR-700-5p,1.2631683349609400
Hypoxia-Ischemia and Brain and Newborn,hsa-miR-4439,1.263167381286620
intracranial berry aneurysm 3,mmu-miR-700-5p,1.2631670236587500
Respiratory Distress Syndrome and Newborn,mmu-miR-700-5p,1.263166904449460
Facial Nerve Diseases,mmu-miR-700-5p,1.263166904449460
Meningioma,hsa-miR-4439,1.263166904449460
Opioid-Related Disorders,mmu-miR-700-5p,1.2631666660308800
Autistic Disorder,hsa-miR-4439,1.2631666660308800
Hyperoxia-Induced Lung Injury,hsa-miR-4439,1.263166069984440
Prion Diseases,mmu-miR-700-5p,1.2631659507751500
adhesions of uterus,mmu-miR-700-5p,1.263164758682250
Chagas Disease,hsa-miR-4439,1.263164758682250
Calcinosis,mmu-miR-700-5p,1.263164758682250
Pleuropulmonary blastoma,mmu-miR-700-5p,1.2631640434265100
Cardiomyopathy dilated with woolly hair and keratoderma,hsa-miR-4439,1.2631639242172200
Vulvar Neoplasms,hsa-miR-4439,1.2631639242172200
Acute Aortic   Dissection,hsa-miR-4439,1.263162612915040
late onset Parkinson's disease,mmu-miR-700-5p,1.263162612915040
ovarian carcinoma,hsa-miR-4439,1.263162612915040
Hemangioma,hsa-miR-4439,1.2631622552871700
Encephalomyelitis and Western Equine,hsa-miR-4439,1.2631620168685900
Tibial Fractures,hsa-miR-4439,1.2631618976593000
Reinjuries,hsa-miR-4439,1.2631618976593000
GATA2 Deficiency,hsa-miR-4439,1.263161540031430
Encephalitis,mmu-miR-700-5p,1.263161301612850
Hepatitis and Chronic,mmu-miR-700-5p,1.2631605863571200
Epidermodysplasia Verruciformis,mmu-miR-700-5p,1.2631603479385400
Acidosis and Respiratory,mmu-miR-700-5p,1.263160228729250
Turcot syndrome,hsa-miR-4439,1.263158917427060
Bronchial Hyperreactivity,hsa-miR-4439,1.2631586790084800
Colorectal   Adenocarcinoma,hsa-miR-4439,1.2631584405899000
rippling muscle disease 1,hsa-miR-4439,1.2631577253341700
Glima,hsa-miR-4439,1.2631566524505600
Bone Pain,hsa-miR-4439,1.2631559371948200
Tetralogy of Fallot,hsa-miR-4439,1.2631558179855300
Shoulder Injuries,mmu-miR-700-5p,1.2631555795669600
Acrodermatitis enteropathica,mmu-miR-700-5p,1.263153314590450
Polycythemia,mmu-miR-700-5p,1.263153076171880
Zika Virus Infection,mmu-miR-700-5p,1.263153076171880
Papilloma and Choroid Plexus,hsa-miR-4439,1.2631515264511100
Uterine Diseases,mmu-miR-700-5p,1.2631511688232400
Cardiovascular Complications,hsa-miR-4439,1.2631504535675000
Schopf-Schulz-Passarge Syndrome,mmu-miR-700-5p,1.2631503343582200
Lichen Sclerosus et Atrophicus,mmu-miR-700-5p,1.2631494998931900
Hair Diseases,mmu-miR-700-5p,1.2631492614746100
Rubella Syndrome and Congenital,mmu-miR-700-5p,1.2631489038467400
Pulmonary Eosinophilia,hsa-miR-4439,1.2631487846374500
Lymphoma and B-Cell and Diffuse,mmu-miR-700-5p,1.263148546218870
Burns,hsa-miR-4439,1.263148546218870
Hip Dislocation and Congenital,mmu-miR-700-5p,1.2631480693817100
Malaria and Vivax,hsa-miR-4439,1.2631477117538500
Pituitary Diseases,hsa-miR-4439,1.2631474733352700
Parkinson Disease and Familial and Type 1,hsa-miR-4439,1.2631465196609500
Bk Virus Infections,hsa-miR-4439,1.263146162033080
Early-Stage Malignant Melanoma,mmu-miR-700-5p,1.2631449699401900
Osteonecrosis,hsa-miR-4439,1.2631447315216100
Osteoporosis and Postmenopausal,hsa-miR-4439,1.2631441354751600
Otofaciocervical Syndrome,hsa-miR-4439,1.2631441354751600
Hernias and Diaphragmatic and Congenital,mmu-miR-700-5p,1.26314377784729
Hepatic Veno-Occlusive Disease,mmu-miR-700-5p,1.2631436586380000
Peritoneal Diseases,mmu-miR-700-5p,1.263143539428710
HTLV-II Infections,mmu-miR-700-5p,1.2631429433822600
salivary gland adenoid cystic carcinoma,hsa-miR-4439,1.263142704963680
Diabetic Neuropathies,hsa-miR-4439,1.2631405591964700
Adenocarcinoma and Sebaceous and Ocular,hsa-miR-4439,1.263139247894290
Juvenile gout,hsa-miR-200a-3p,1.2631384134292600
Anterior Cruciate Ligament Injuries,hsa-miR-4439,1.2631354331970200
Sexually Transmitted Diseases,mmu-miR-700-5p,1.2631354331970200
obstructive nephropathy,mmu-miR-700-5p,1.2631351947784400
Cerebral Infarction and Acute,mmu-miR-700-5p,1.2631351947784400
Carotid Artery Diseases,mmu-miR-700-5p,1.2631349563598600
Pyloric Hypomotility,mmu-miR-700-5p,1.2631347179412800
Brain Injury and Ischemic,mmu-miR-700-5p,1.2631347179412800
Smooth Muscle Tumor,mmu-miR-700-5p,1.2631335258483900
Granuloma,hsa-miR-200a-3p,1.2631330490112300
Spinal Cord Diseases,hsa-miR-4439,1.2631326913833600
Nonsyndromic sensorineural hearing loss,hsa-miR-4439,1.2631323337554900
Focal Infection,hsa-miR-4439,1.2631322145462000
Emphysema,mmu-miR-700-5p,1.2631312608718900
Lung Carcinoid,mmu-miR-700-5p,1.263129472732540
Rectal Diseases,mmu-miR-700-5p,1.2631291151046800
Hemorrhagic Fever and Ebola,mmu-miR-708,1.2631291151046800
Dementia,mmu-miR-700-5p,1.2631282806396500
Rotavirus Infections,mmu-miR-700-5p,1.2631278038024900
Carcinogenesis,hsa-miR-4439,1.2631275653839100
Ventricular Dysfunction,hsa-miR-4439,1.2631272077560400
Thyroiditis and Subacute,mmu-miR-708,1.2631269693374600
Coronavirus Infections,mmu-miR-700-5p,1.2631237506866500
Carcinoma and Basal Cell and Skin,hsa-miR-4439,1.263123631477360
Vitreoretinopathy and Proliferative,mmu-miR-708,1.263122797012330
Infant Nutrition Disorders,mmu-miR-708,1.263122320175170
Immune System Diseases,mmu-miR-700-5p,1.263122320175170
Wiskott-Aldrich Syndrome,mmu-miR-708,1.2631220817565900
Graves Ophthalmopathy,hsa-miR-4439,1.2631220817565900
Fluorosis and Dental,mmu-miR-700-5p,1.263121485710140
Arteriosclerosis Obliterans,mmu-miR-700-5p,1.263121247291570
Polyposis Syndrome and Hereditary Mixed and 1,hsa-miR-200a-3p,1.2631210088729900
spondyloepimetaphyseal dysplasia and Strudwick type,mmu-miR-700-5p,1.2631195783615100
Vesicular Stomatitis,mmu-miR-700-5p,1.2631165981292700
Peripartum Cardiomyopathy ,hsa-miR-4439,1.2631160020828200
Cystoid Macular Edema and Diabetic,mmu-miR-700-5p,1.263114094734190
Coronary Stenosis,hsa-miR-4439,1.2631103992462200
Chediak-Higashi Syndrome,hsa-miR-200a-3p,1.2631101608276400
Chronic Pain,mmu-miR-708,1.2631099224090600
Pediatric Cystic Fibrosis,mmu-miR-708,1.2631096839904800
Leukoplakia and Oral,mmu-miR-708,1.2631094455719000
Pediatric Obesity,mmu-miR-708,1.2631094455719000
Cystadenocarcinoma and Serous and Endometrial,mmu-miR-708,1.2631080150604200
Duodenal Ulcer,hsa-miR-4439,1.2631072998046900
Hearing Loss and Unilateral,mmu-miR-708,1.2631068229675300
Chondrocalcinosis,hsa-miR-4439,1.2631065845489500
sporatic amyotrophic lateral sclerosis,mmu-miR-708,1.2631057500839200
Abortion and Spontaneous,mmu-miR-708,1.2631053924560500
Oropharyngeal Neoplasms,hsa-miR-4439,1.263105034828190
Altitude Sickness,mmu-miR-708,1.2631046772003200
Vitamin B Deficiency,hsa-miR-4439,1.2631043195724500
Thymus Neoplasms,hsa-miR-4439,1.263102412223820
Vertigo,mmu-miR-708,1.263101577758790
Thymoma,mmu-miR-708,1.263100266456600
Delayed Graft Function,hsa-miR-4439,1.2630997896194500
Leukemia and Myeloid and Accelerated Phase,hsa-miR-4439,1.2630993127822900
uterine corpus endometrial carcinoma,mmu-miR-708,1.2630990743637100
Postoperative Complications,mmu-miR-708,1.2630988359451300
Amebiasis,hsa-miR-200a-3p,1.2630985975265500
Prostatitis,mmu-miR-708,1.2630982398986800
torsion dystonia 1,mmu-miR-708,1.2630977630615200
Neoplasm Metastasis,hsa-miR-4439,1.2630974054336500
Erythroblastosis and Fetal,hsa-miR-4439,1.2630971670150800
Adenomatous Polyposis Coli,mmu-miR-708,1.2630966901779200
Brain Ischemia and Acute,mmu-miR-708,1.2630963325500500
Mycobacterium avium-intracellulare Infection,hsa-miR-4439,1.2630960941314700
Ventricular Premature Complexes,mmu-miR-700-5p,1.263095736503600
Leukemia and Myeloid,mmu-miR-708,1.263095736503600
Foot-and-Mouth Disease,mmu-miR-708,1.2630956172943100
Hematoma and Subdural and Chronic,mmu-miR-708,1.2630947828292800
late onset Parkinson's disease,hsa-miR-4439,1.2630946636200000
Thyroid Carcinoma and Anaplastic,mmu-miR-708,1.263094186782840
Thinness,hsa-miR-4439,1.2630937099456800
Distal arthrogryposis type 2B,mmu-miR-708,1.26309335231781
Blast Crisis,hsa-miR-4439,1.2630929946899400
Testicular Neoplasms,hsa-miR-200a-3p,1.263090968132020
Ventricular Remodeling,hsa-miR-4439,1.2630908489227300
Leptomeningeal Metastasis,mmu-miR-708,1.2630906105041500
Brain Neoplasms,mmu-miR-708,1.2630903720855700
Rectal Prolapse,hsa-miR-4439,1.2630902528762800
Tuberculosis and Spinal,mmu-miR-708,1.2630901336669900
Diabetic Retinopathy ,mmu-miR-708,1.2630900144577000
Glycogen Storage Disease Type VI,mmu-miR-708,1.2630900144577000
Gynatresia,mmu-miR-708,1.263089656829830
Bradycardia,mmu-miR-708,1.2630894184112500
Staphylococcal Scalded Skin Syndrome,mmu-miR-708,1.2630894184112500
Oophoritis,hsa-miR-4439,1.2630888223648100
colon carcinoma,hsa-miR-4439,1.2630887031555200
Meniere Disease,mmu-miR-708,1.2630884647369400
Intestinal Atresia,hsa-miR-4439,1.263087511062620
Lipodystrophy and Partial and Acquired,hsa-miR-4439,1.263087272644040
Heart Septal Defects and Ventricular,mmu-miR-708,1.2630871534347500
Noonan syndrome-like disorder with loose anagen hair,mmu-miR-708,1.2630869150161700
Cardiomyopathy and Dilated and with Left Ventricular Noncompaction,mmu-miR-708,1.2630865573883100
Laryngeal Papilloma,mmu-miR-708,1.2630857229232800
Wound Healing,mmu-miR-708,1.2630850076675400
Mast Cell Tumors,mmu-miR-708,1.2630847692489600
Selenium Deficiency,mmu-miR-708,1.2630844116210900
Pain and Inflammatory,mmu-miR-708,1.2630839347839400
Rotator Cuff,hsa-miR-4439,1.2630836963653600
Li-Fraumeni syndrome 1,mmu-miR-708,1.2630834579467800
Rabies,hsa-miR-4439,1.26308274269104
Angina and Unstable,mmu-miR-708,1.2630822658538800
Hemangioma and Cavernous,hsa-miR-4439,1.2630821466445900
PEHO syndrome,mmu-miR-708,1.2630821466445900
Bone Regeneration,mmu-miR-708,1.2630815505981400
Myeloproliferative Disorders,mmu-miR-708,1.263081431388860
Hair Diseases,hsa-miR-4439,1.263081431388860
Rubella Syndrome and Congenital,hsa-miR-4439,1.2630810737609900
Bronchopneumonia,hsa-miR-4439,1.2630808353424100
Reperfusion Injury and Intestinal Ischemia,mmu-miR-708,1.26308012008667
Iris Diseases,mmu-miR-708,1.2630800008773800
Multiple Chronic Conditions,hsa-miR-4439,1.2630796432495100
Endothelial Dysfunction ,mmu-miR-708,1.2630796432495100
Hepatitis A,mmu-miR-708,1.263078212738040
Early Embryonic Arrestdagger,hsa-miR-4439,1.263077974319460
Genital Diseases and Female,mmu-miR-708,1.263077974319460
Low Tension Glaucoma,mmu-miR-708,1.2630773782730100
Adrenal Cortex Neoplasms,mmu-miR-708,1.2630764245986900
Migraine Disorders,hsa-miR-4439,1.2630761861801100
Peritoneal Diseases,hsa-miR-4439,1.2630757093429600
Femur Head Necrosis,mmu-miR-708,1.2630752325058000
Pleomorphic Sarcoma and Undifferentiated,mmu-miR-708,1.2630749940872200
Osteoarthropathy and Primary Hypertrophic,mmu-miR-708,1.2630748748779300
Mesangial sclerosis and diffuse,hsa-mir-873,1.2630747556686400
Finnish lethal neonatal metabolic syndrome,mmu-miR-708,1.2630738019943200
Dmd-Associated Dilated Cardiomyopathy,mmu-miR-708,1.263073444366460
Alcohol Induced Neurogenic Inflammation,mmu-miR-708,1.2630726099014300
Erectile Dysfunction,hsa-miR-4439,1.2630723714828500
Pancreatitis and Acute Necrotizing,mmu-miR-708,1.2630723714828500
Arbovirus Infections,hsa-miR-4439,1.2630716562271100
Low Back Pain,mmu-miR-708,1.2630714178085300
Rectal Neoplasms,mmu-miR-708,1.2630711793899500
Halal syndrome,mmu-miR-708,1.263071060180660
Incontinentia Pigmenti,hsa-miR-4439,1.2630707025528000
Pancreatitis,mmu-miR-708,1.2630704641342200
Cholangitis and Biliary and Primary,hsa-miR-4439,1.2630704641342200
Inflammatory Osteolysis,mmu-miR-708,1.2630698680877700
Distal myopathy and Nonaka type,mmu-miR-708,1.2630695104599
mucinous cystadenocarcinoma of pancreas,mmu-miR-708,1.2630693912506100
Cumulative Trauma Disorders,mmu-miR-708,1.2630693912506100
Influenza in Birds,mmu-miR-708,1.2630693912506100
Glaucoma and Open-Angle,hsa-miR-4439,1.2630692720413200
Pelvic Floor Disorders,mmu-miR-708,1.2630692720413200
Gastric Precancerous Lesion,mmu-miR-708,1.2630691528320300
Sinus Thrombosis and Intracranial,hsa-miR-4439,1.263068675994870
Brain Damage and Chronic,mmu-miR-708,1.2630685567855800
Aneuploidy,mmu-miR-708,1.2630679607391400
Olfaction Disorders,hsa-miR-4439,1.2630677223205600
Carotid Artery Diseases,hsa-miR-4439,1.2630671262741100
Exudative Vitreoretinopathy 4,mmu-miR-708,1.2630670070648200
Sarcoidosis,mmu-miR-708,1.2630664110183700
Encephalomyelitis and Eastern Equine,mmu-miR-708,1.263066291809080
Rupture,mmu-miR-708,1.2630659341812100
Neuroleptic Malignant Syndrome,mmu-miR-708,1.2630648612976100
AIDS Dementia Complex,mmu-miR-708,1.2630647420883200
Wasting Disease and Chronic,mmu-miR-708,1.2630640268325800
Coronary Restenosis,mmu-miR-708,1.263063907623290
Immune-Mediated Inflammatory Diseases,mmu-miR-708,1.263063669204710
Foot Ulcer,hsa-miR-4439,1.2630631923675500
Neuroectodermal Tumors and Primitive,mmu-miR-708,1.2630627155304000
Parasitic Diseases,mmu-miR-708,1.263062596321110
Vasospasm and Intracranial and Postoperative,mmu-miR-708,1.2630623579025300
Alzheimer Disease ,mmu-miR-708,1.2630622386932400
Ovarian Insufficiency and Premature,mmu-miR-708,1.2630621194839500
Amnesia,mmu-miR-708,1.2630615234375
Palatal Neoplasms,mmu-miR-708,1.2630615234375
Choroidal Melanoma,mmu-miR-708,1.2630608081817600
Malformations of Cortical Development and Group II,mmu-miR-708,1.263060450553890
Gingivitis,mmu-miR-708,1.263060212135320
Rotavirus Infections,hsa-miR-4439,1.2630600929260300
Upper Tract Urothelial Carcinoma,hsa-miR-4439,1.2630596160888700
Angelman Syndrome,mmu-miR-708,1.263059377670290
Prader-Willi Syndrome,mmu-miR-708,1.263059139251710
Muscular Dystrophy and Facioscapulohumeral,hsa-miR-4439,1.263059139251710
Periodontal Cyst,hsa-miR-4439,1.2630587816238400
arteriosclerotic cardiovascular disease,mmu-miR-708,1.2630586624145500
Neoplasm and Residual,mmu-miR-708,1.2630586624145500
Tracheal Stenosis,mmu-miR-708,1.2630581855773900
non-alcoholic fatty liver,hsa-miR-4439,1.2630577087402300
Sexually Transmitted Diseases and Viral,hsa-miR-4439,1.2630575895309400
Infertility and Female,mmu-miR-708,1.2630575895309400
Fibrosis and Skin,mmu-miR-708,1.2630568742752100
Shock and Septic,mmu-miR-708,1.2630559206008900
Spermatic Cord Torsion,mmu-miR-708,1.263054609298710
salivary gland mucoepidermoid carcinoma,mmu-miR-708,1.2630544900894200
Immune System Diseases,hsa-miR-4439,1.2630544900894200
Gastrinoma,mmu-miR-708,1.263054370880130
Rolandic Epilepsy and Mental Retardation and and Speech Dyspraxia and X-Linked,mmu-miR-708,1.2630540132522600
Cyprinid Herpesvirus 3,mmu-miR-708,1.2630537748336800
Neoplastic Cells and Circulating,hsa-miR-4439,1.2630536556243900
Acute Lymphocytic Leukemia and B-Cell,mmu-miR-708,1.2630534172058100
Hepatitis C and Chronic,mmu-miR-708,1.263053297996520
Bronchopulmonary Dysplasia,mmu-miR-708,1.263053297996520
Hypoxia-Ischemia and Brain,mmu-miR-708,1.2630531787872300
Arrest of spermatogenesis,mmu-miR-708,1.2630527019500700
Cryopyrin-Associated Periodic Syndromes,mmu-miR-708,1.2630517482757600
Thyroiditis and Subacute,hsa-miR-4494,1.2630510330200200
Iron Metabolism Disorders,mmu-miR-708,1.2630506753921500
Subarachnoid Hemorrhage,mmu-miR-708,1.2630504369735700
Colitis and Ulcerative,mmu-miR-708,1.2630503177642800
Hemoglobin Bart'S Hydrops   Fetalis Syndrome,hsa-miR-4494,1.2630494832992600
Respiratory Syncytial Virus Infections,mmu-miR-708,1.2630493640899700
Nephrosclerosis,mmu-miR-708,1.2630493640899700
Ossification of Posterior Longitudinal Ligament,hsa-miR-4439,1.2630492448806800
Salpingitis,mmu-miR-708,1.2630492448806800
Psoriasis,mmu-miR-708,1.2630491256713900
Pterygium,mmu-miR-708,1.2630488872528100
Infections,mmu-miR-708,1.2630486488342300
Collagen Diseases,mmu-miR-708,1.2630480527877800
Congenital central hypoventilation syndrome,mmu-miR-708,1.2630480527877800
ACTH-independent macronodular adrenal hyperplasia,mmu-miR-708,1.2630475759506200
Enterovirus B and Human,mmu-miR-708,1.2630470991134600
Cachexia,mmu-miR-708,1.2630468606948900
Teratoid Rhabdoid Tumor and Atypical,mmu-miR-708,1.263046383857730
Infant Nutrition Disorders,hsa-miR-4494,1.2630462646484400
Lissencephaly,mmu-miR-708,1.2630456686019900
Substance Abuse and Intravenous,mmu-miR-708,1.2630455493927000
Post-Dural Puncture Headache,mmu-miR-708,1.2630438804626500
Adenocarcinoma,mmu-miR-708,1.263043761253360
Liver Diseases and Alcoholic,hsa-miR-4494,1.2630434036254900
Polythelia and Familial,mmu-miR-708,1.2630432844162000
Retinal Dystrophies,mmu-miR-708,1.26304292678833
Small Cell Lung Carcinoma,mmu-miR-708,1.2630428075790400
gastric cardia adenocarcinoma,mmu-miR-708,1.2630424499511700
Rosacea,mmu-miR-708,1.2630423307418800
Heart Defects and Congenital,mmu-miR-708,1.2630417346954300
Bicuspid Aortic Valve Disease,mmu-miR-708,1.263041377067570
Pregnancy Complications,mmu-miR-708,1.263040542602540
Arthritis,mmu-miR-708,1.2630398273468000
Peptic Ulcer,hsa-miR-4494,1.263039469718930
Intracranial Hemorrhages,mmu-miR-708,1.263038992881780
Diastrophic dysplasia,mmu-miR-708,1.2630382776260400
Cerebral Infarction,mmu-miR-708,1.2630382776260400
Nasopharyngeal Neoplasms,mmu-miR-708,1.263038158416750
Stiff-Person Syndrome,hsa-miR-4494,1.263037919998170
Amelogenesis Imperfecta,hsa-miR-4439,1.263037919998170
Graves Disease,mmu-miR-708,1.2630372047424300
Obstetric Labor Complications,hsa-miR-4494,1.263037085533140
Clubfoot,mmu-miR-708,1.263036847114560
Glucose Intolerance,hsa-miR-4494,1.2630362510681200
Nager acrofacial dysostosis,mmu-miR-708,1.2630354166030900
Meningioma,mmu-miR-708,1.2630350589752200
Ventricular Dysfunction and Left,hsa-miR-4494,1.2630339860916100
Duane Retraction Syndrome,mmu-miR-708,1.263033390045170
Pulmonary Edema,mmu-miR-708,1.2630332708358800
Typical Teratoid Rhabdoid Tumor,hsa-miR-4494,1.2630327939987200
Hypocalciuric hypercalcemia and familial and type 1,hsa-miR-4494,1.2630324363708500
Cystadenocarcinoma and Serous and Endometrial,hsa-miR-4494,1.263032078742980
Bird Diseases,mmu-miR-708,1.2630311250686600
Ectrodactyly-cleft lip-palate syndrome,mmu-miR-708,1.2630311250686600
ovarian carcinoma,mmu-miR-708,1.2630305290222200
Encephalomyelitis and Western Equine,mmu-miR-708,1.2630301713943500
GATA2 Deficiency,mmu-miR-708,1.26302969455719
Liver Failure,mmu-miR-708,1.263028860092160
Parathyroid Neoplasms,mmu-miR-708,1.2630285024642900
Multiple Pulmonary Nodules,mmu-miR-708,1.2630285024642900
Vascular Calcification,mmu-miR-708,1.2630270719528200
Splenic Diseases,mmu-miR-708,1.2630265951156600
Peritoneal Hyalinizing Vasculopathy,mmu-miR-708,1.263026475906370
Jaundice and Acute,hsa-miR-4494,1.2630263566970800
Neurofibroma and Plexiform,mmu-miR-708,1.2630259990692100
Meningitis and Bacterial,hsa-miR-4494,1.2630257606506300
Syphilis and primary,mmu-miR-708,1.263025164604190
Acute Coronary Syndrome and Non-St  Elevation,hsa-miR-4494,1.2630245685577400
Mandibulofacial Dysostosis,mmu-miR-708,1.2630242109298700
Tuberous Sclerosis 1,hsa-miR-4494,1.263023853302000
uterine corpus endometrial carcinoma,hsa-miR-4494,1.2630231380462600
Hyperpigmentation and Skin,hsa-miR-4494,1.263023018836980
Cholecystitis,hsa-miR-4494,1.263022780418400
Pars Planitis,hsa-miR-4494,1.263022780418400
Trypanosomiasis,mmu-miR-708,1.2630220651626600
Brain Ischemia and Acute,hsa-miR-4494,1.263020634651180
Mycobacterium Infections and Nontuberculous,mmu-miR-708,1.263020396232610
Moebius syndrome 1,hsa-miR-4494,1.263020396232610
Foot-and-Mouth Disease,hsa-miR-4494,1.2630198001861600
Lymphoma and Mantle-Cell,hsa-miR-4494,1.26301908493042
Hematoma and Subdural and Chronic,hsa-miR-4494,1.2630189657211300
Osteoporotic Fractures,mmu-miR-708,1.2630187273025500
Ankle Fractures,mmu-miR-708,1.2630187273025500
Cardiovascular Complications,mmu-miR-708,1.2630183696746800
Schistosomiasis,hsa-miR-4494,1.2630177736282300
Respirovirus Infections,mmu-miR-708,1.2630170583725000
Synucleinopathies,hsa-miR-4494,1.2630168199539200
Stomatitis and Herpetic,mmu-miR-708,1.2630162239074700
Malaria and Vivax,mmu-miR-708,1.2630157470703100
Pituitary Diseases,mmu-miR-708,1.263015627861020
Fibrous Dysplasia and Polyostotic,hsa-miR-4494,1.263015627861020
Brain Neoplasms,hsa-miR-4494,1.2630146741867100
Tuberculosis and Spinal,hsa-miR-4494,1.2630141973495500
Craniofacial Abnormalities,hsa-miR-4494,1.2630137205123900
Staphylococcal Scalded Skin Syndrome,hsa-miR-4494,1.2630136013031000
Bone Diseases,hsa-miR-4494,1.263013482093810
Bradycardia,hsa-miR-4494,1.2630133628845200
Meniere Disease,hsa-miR-4494,1.2630125284194900
Keratoconus,hsa-miR-4494,1.263012409210210
primary biliary cholangitis 1,hsa-miR-4494,1.2630118131637600
Tuberculosis and Meningeal,mmu-miR-708,1.2630112171173100
Microvascular Rarefaction,mmu-miR-708,1.2630109786987300
FG syndrome,mmu-miR-708,1.2630105018615700
Cardiomyopathy and Dilated and with Left Ventricular Noncompaction,hsa-miR-4494,1.2630105018615700
Cholelithiasis,mmu-miR-708,1.2630099058151200
Amyloidosis,hsa-miR-4439,1.263009786605840
Corneal Injuries,hsa-miR-4494,1.2630096673965500
Psychotic Disorders,mmu-miR-708,1.2630095481872600
Bovine Virus Diarrhea-Mucosal Disease,hsa-miR-4494,1.2630094289779700
Wound Healing,hsa-miR-4494,1.2630091905593900
Rhegmatogenous Retinal Detachment and Autosomal Dominant,mmu-miR-708,1.263008713722230
Mast Cell Tumors,hsa-miR-4494,1.263008713722230
Diabetic Neuropathies,mmu-miR-708,1.2630085945129400
Thrombotic Stroke,mmu-miR-708,1.2630082368850700
Hepatopulmonary Syndrome,hsa-miR-4494,1.2630082368850700
Li-Fraumeni syndrome 1,hsa-miR-4494,1.2630075216293300
Simian Acquired Immunodeficiency Syndrome,hsa-miR-4494,1.2630072832107500
Angina and Unstable,hsa-miR-4494,1.2630064487457300
Niemann-Pick disease type C1,hsa-miR-4494,1.2630059719085700
Fetal Macrosomia,hsa-miR-4494,1.2630059719085700
Myeloproliferative Disorders,hsa-miR-4494,1.2630053758621200
Premature Ovarian Aging,hsa-miR-4494,1.2630045413970900
Viral Respiratory Infections,hsa-miR-4494,1.2630040645599400
Iris Diseases,hsa-miR-4494,1.263003945350650
Nervous Necrosis Virus Infectious,mmu-miR-708,1.263003945350650
Short Stature and Idiopathic and Autosomal,hsa-miR-4494,1.2630035877227800
Polyps,hsa-miR-4494,1.2630033493042000
Dehydration,hsa-miR-4494,1.2630027532577500
Hyperplasia,mmu-miR-708,1.2630027532577500
Conjunctivitis and Allergic,mmu-miR-708,1.2630020380020100
Bloom Syndrome,hsa-miR-4494,1.263000726699830
Thoracic Aortic   Dissection,hsa-miR-4494,1.26300048828125
Sveinsson Chorioretinal Atrophy,hsa-miR-4494,1.26300048828125
Hand and Foot and Mouth Disease,mmu-miR-708,1.263000249862670
Femur Head Necrosis,hsa-miR-4494,1.2629992961883500
Osteoarthropathy and Primary Hypertrophic,hsa-miR-4494,1.2629989385604900
Hyperparathyroidism and Primary,hsa-miR-4494,1.2629989385604900
Alcohol Withdrawal Delirium,mmu-miR-708,1.2629984617233300
Sepsis Induced Liver Injury,hsa-miR-4494,1.2629976272583000
Dmd-Associated Dilated Cardiomyopathy,hsa-miR-4494,1.2629973888397200
Alcohol Induced Neurogenic Inflammation,hsa-miR-4494,1.262996792793270
Carcinogenesis,mmu-miR-708,1.262995719909670
Biotinidase Deficiency,hsa-miR-4494,1.2629954814910900
Low Back Pain,hsa-miR-4494,1.2629954814910900
Rectal Neoplasms,hsa-miR-4494,1.2629953622818000
Pancreatitis,hsa-miR-4494,1.262994408607480
T-cell acute lymphoblastic leukemia,hsa-miR-4494,1.262994408607480
Status Epilepticus,hsa-miR-4494,1.2629930973053000
Mitochondrial Diseases,hsa-miR-4494,1.2629927396774300
Brain Damage and Chronic,hsa-miR-4494,1.26299250125885
Endometrial Hyperplasia,hsa-miR-4494,1.2629917860031100
Carcinoma and Basal Cell and Skin,mmu-miR-708,1.2629915475845300
Skin Neoplasms and Non-Melanoma,hsa-miR-4494,1.2629914283752400
Ischemic Cerebral Infarction,hsa-miR-4494,1.2629914283752400
Heart Septal Defects and Atrial,hsa-miR-4494,1.2629903554916400
Liver Cirrhosis and Alcoholic,hsa-miR-4494,1.2629897594451900
Urinary Bladder Diseases,hsa-miR-4494,1.2629879713058500
Cleidocranial Dysplasia,hsa-miR-4494,1.262987732887270
Ataxia with vitamin E deficiency,hsa-miR-4494,1.2629865407943700
Parasitic Diseases,hsa-miR-4494,1.2629865407943700
Vasospasm and Intracranial and Postoperative,hsa-miR-4494,1.262986421585080
Colorectal Neoplasms and Hereditary Nonpolyposis,hsa-miR-4494,1.2629859447479200
Amnesia,hsa-miR-4494,1.2629854679107700
peripartum cardiomyopathy,mmu-miR-676-3p,1.2629849910736100
Malformations of Cortical Development and Group II,hsa-miR-4494,1.2629845142364500
Gingivitis,hsa-miR-4494,1.262984275817870
Gastritis and Hypertrophic,hsa-miR-4494,1.2629832029342700
Cerebral Cortical Thinning,hsa-miR-4494,1.2629832029342700
High Grade Ovarian Neoplasms,hsa-miR-4494,1.2629826068878200
Hearing Loss,mmu-miR-708,1.26298189163208
skin melanoma,hsa-miR-4494,1.2629817724227900
Lumbosacral Spinal Root Avulsion,hsa-miR-4494,1.2629812955856300
Folliculotropic Mycosis Fungoides,hsa-miR-4494,1.2629791498184200
Nephrosis and Lipoid,hsa-miR-4494,1.2629791498184200
polycystic kidney disease 3,hsa-miR-4494,1.2629786729812600
Coronary Stenosis,mmu-miR-708,1.262978434562680
Spondylocheirodysplasia and Ehlers-Danlos Syndrome-Like,hsa-miR-4494,1.2629776000976600
Hypoxia-Ischemia and Brain,hsa-miR-4494,1.262977123260500
Langer mesomelic dysplasia,hsa-miR-4494,1.2629767656326300
Kidney Transplant Rejection,hsa-miR-4494,1.2629765272140500
Extra-Hepatic Portal Venous  Obstruction ,mmu-miR-708,1.2629765272140500
Rett Syndrome,hsa-miR-4494,1.2629765272140500
Encephalomyelitis and Autoimmune and Experimental,hsa-miR-4494,1.262976050376890
Anemia,hsa-miR-4494,1.2629759311676000
Microphthalmos,mmu-miR-708,1.262975811958310
Sensation Disorders,hsa-miR-4494,1.2629756927490200
Acne Vulgaris,hsa-miR-4494,1.2629753351211500
Scholte syndrome,mmu-miR-708,1.2629753351211500
Duodenal Ulcer,mmu-miR-708,1.2629752159118700
Subarachnoid Hemorrhage,hsa-miR-4494,1.2629743814468400
Cardiomyopathy and Hypertrophic,mmu-miR-708,1.2629741430282600
Nephrosclerosis,hsa-miR-4494,1.2629735469818100
Neuropathic Lysosomal Storage Diseases,hsa-miR-4494,1.2629733085632300
Psoriasis,hsa-miR-4494,1.2629731893539400
Pterygium,hsa-miR-4494,1.2629729509353600
Vascular Remodeling,hsa-miR-4494,1.262972116470340
Congenital central hypoventilation syndrome,hsa-miR-4494,1.2629719972610500
Jaw Abnormalities,hsa-miR-4494,1.2629717588424700
Acromegaly,hsa-miR-4494,1.2629715204238900
Hirschsprung Disease,hsa-miR-4494,1.2629714012146000
Rhinitis and Allergic,hsa-miR-4494,1.2629703283309900
Coronary Artery Calcification,hsa-miR-4494,1.2629698514938400
Warburg micro syndrome 1,hsa-miR-4494,1.2629692554473900
Enteropathy-Associated T-Cell Lymphoma,mmu-miR-708,1.2629687786102300
Enzootic Bovine Leukosis,hsa-miR-4494,1.2629687786102300
Arthrogryposis and ectodermal dysplasia,hsa-miR-4494,1.2629685401916500
Megalencephalic leukoencephalopathy with subcortical cysts,hsa-miR-4494,1.2629685401916500
Delayed Graft Function,mmu-miR-708,1.262967586517330
Polymyositis,hsa-miR-4494,1.2629672288894700
intracranial berry aneurysm 3,mmu-miR-708,1.2629671096801800
Digitorenocerebral Syndrome,hsa-miR-4494,1.2629671096801800
Allergic Inflammation,hsa-miR-4494,1.2629668712616000
Canine Mammary Carcinoma,hsa-miR-4494,1.2629668712616000
Skin Neoplasms,hsa-miR-4494,1.2629663944244400
Prion Diseases,mmu-miR-708,1.262966275215150
esophageal carcinoma,hsa-miR-4494,1.2629660367965700
Pseudarthrosis,hsa-miR-4494,1.2629653215408300
Reperfusion Injury and Pulmonary Ischemia,hsa-miR-4494,1.2629648447036700
Bone Diseases and Metabolic,hsa-miR-4494,1.2629643678665200
Mycobacterium avium-intracellulare Infection,mmu-miR-708,1.2629643678665200
Optic Nerve Diseases,mmu-miR-708,1.2629635334014900
Growth Hormone-Secreting Pituitary Adenoma,hsa-miR-4494,1.2629634141922000
Trichohepatoenteric Syndrome,mmu-miR-708,1.2629634141922000
Disorders of Excessive Somnolence,hsa-miR-4494,1.2629622220993000
Sarcoma and Synovial,mmu-miR-708,1.2629621028900100
Obesity and Abdominal,hsa-miR-4494,1.262961745262150
Thinness,mmu-miR-708,1.2629616260528600
Encephalitis,mmu-miR-708,1.2629613876342800
Graves Disease,hsa-miR-4494,1.2629613876342800
Alveolar Bone Loss,hsa-miR-4494,1.2629612684249900
Hepatitis and Chronic,mmu-miR-708,1.26296067237854
Epidermodysplasia Verruciformis,mmu-miR-708,1.26296067237854
Allograft Rejection and Antibody-Mediated,mmu-miR-708,1.262960433959960
Breast Diseases,mmu-miR-708,1.2629592418670700
Liver Cirrhosis and Hepatitis Virus B-Related,hsa-miR-4494,1.2629591226577800
Ventricular Remodeling,mmu-miR-708,1.2629587650299100
frontotemporal dementia,mmu-miR-708,1.2629573345184300
Oophoritis,mmu-miR-708,1.262956976890560
dystonia 5,mmu-miR-708,1.2629567384719800
Cholestasis and Intrahepatic,mmu-miR-708,1.2629563808441200
Vulvar Neoplasms,hsa-miR-4494,1.2629557847976700
Intestinal Atresia,mmu-miR-708,1.2629554271698000
Bacterial Infections,hsa-miR-4494,1.2629549503326400
ovarian carcinoma,hsa-miR-4494,1.2629544734954800
Encephalomyelitis and Western Equine,hsa-miR-4494,1.2629543542861900
Reinjuries,hsa-miR-4494,1.2629539966583300
Tibial Fractures,hsa-miR-4494,1.2629539966583300
hyperekplexia 1,mmu-miR-708,1.2629523277282700
Parathyroid Neoplasms,hsa-miR-4494,1.2629523277282700
Rotator Cuff,mmu-miR-708,1.2629516124725300
Melanoma and Experimental,hsa-miR-4494,1.2629516124725300
Bronchial Hyperreactivity,hsa-miR-4494,1.2629505395889300
Splenic Diseases,hsa-miR-4494,1.2629505395889300
Colorectal   Adenocarcinoma,hsa-miR-4494,1.2629504203796400
Schopf-Schulz-Passarge Syndrome,mmu-miR-708,1.2629504203796400
Lichen Sclerosus et Atrophicus,mmu-miR-708,1.2629497051239000
Gluteal Muscle Contracture,mmu-miR-708,1.2629491090774500
Bronchopneumonia,mmu-miR-708,1.2629491090774500
Urothelial   Carcinoma,hsa-miR-4494,1.2629482746124300
Multiple Chronic Conditions,mmu-miR-708,1.262947916984560
Hunner-Type Interstitial Cystitis,mmu-miR-708,1.262947916984560
Premature Ejaculation,hsa-miR-4494,1.262947678565980
Uterine Neoplasms,hsa-mir-873,1.2629474401474
Fragile X Syndrome,hsa-miR-4494,1.262946367263790
Colon   Adenocarcinoma,hsa-miR-4494,1.2629462480545000
Eclampsia,mmu-miR-708,1.2629462480545000
Venous Thromboembolism,hsa-miR-4494,1.262945532798770
Large Artery  Atherosclerosis,mmu-miR-708,1.2629450559616100
Mycobacterium Infections and Nontuberculous,hsa-miR-4494,1.2629444599151600
Hepatic Veno-Occlusive Disease,mmu-miR-708,1.2629438638687100
Neovascularization and Pathologic,hsa-miR-4494,1.2629437446594200
Ankle Fractures,hsa-miR-4494,1.2629430294036900
Cardiovascular Complications,hsa-miR-4494,1.2629424333572400
Oculocutaneous Albinism Type 3,mmu-miR-708,1.2629414796829200
Pulmonary Eosinophilia,hsa-miR-4494,1.2629408836364700
Intracranial  Aneurysm,hsa-miR-4494,1.2629402875900300
Erectile Dysfunction,mmu-miR-708,1.2629402875900300
Fibrous Dysplasia of Bone,mmu-miR-708,1.2629401683807400
Arbovirus Infections,mmu-miR-708,1.2629399299621600
Incontinentia Pigmenti,mmu-miR-708,1.2629387378692600
Olfaction Disorders,mmu-miR-708,1.2629356384277300
Cerebral Infarction and Acute,mmu-miR-708,1.2629354000091600
Carotid Artery Diseases,mmu-miR-708,1.2629352807998700
salivary gland adenoid cystic carcinoma,hsa-miR-4494,1.262934684753420
Carcinoma and Cutaneous and Squamous Cell,hsa-miR-4494,1.2629340887069700
Reflex Sympathetic Dystrophy,hsa-miR-4494,1.2629327774047900
von Hippel-Lindau Disease,mmu-miR-708,1.2629326581955000
Anodontia,hsa-miR-4494,1.262932538986210
Hypertrophy and Right Ventricular,hsa-miR-4494,1.2629317045211800
Prolactinoma,mmu-miR-708,1.2629314661026
Emphysema,mmu-miR-708,1.2629314661026
Dementia,mmu-miR-708,1.2629284858703600
Rotavirus Infections,mmu-miR-708,1.2629282474517800
Papillomavirus Infections,mmu-miR-708,1.2629281282424900
Papillary Thyroid Microcarcinoma,mmu-miR-708,1.262927770614620
Anterior Cruciate Ligament Injuries,hsa-miR-4494,1.2629276514053300
Azoospermia and Nonobstructive,hsa-miR-4494,1.2629265785217300
Intracranial Aneurysm,mmu-miR-708,1.2629261016845700
Tongue Neoplasms,mmu-miR-708,1.2629259824752800
Conjunctivitis and Allergic,hsa-miR-4494,1.2629259824752800
Nonsyndromic sensorineural hearing loss,hsa-miR-4494,1.2629244327545200
Focal Infection,hsa-miR-4494,1.2629244327545200
Salivary Gland Pleomorphic Adenoma,mmu-miR-708,1.262924313545230
Kidney Diseases and Cystic,mmu-miR-708,1.262924075126650
Zika virus congenital syndrome,hsa-miR-4494,1.2629239559173600
Arteriosclerosis Obliterans,mmu-miR-708,1.2629214525222800
Varicose Veins,mmu-miR-708,1.26292085647583
spondyloepimetaphyseal dysplasia and Strudwick type,mmu-miR-708,1.2629197835922200
Ventricular Dysfunction,hsa-miR-4494,1.2629191875457800
Legg-Calve-Perthes Disease,hsa-miR-4494,1.2629188299179100
Ossification of Posterior Longitudinal Ligament,mmu-miR-708,1.2629172801971400
Vesicular Stomatitis,mmu-miR-708,1.2629168033599900
"Muscular Atrophy, Spinal",hsa-miR-4494,1.2629159688949600
Temporomandibular Joint Osteoarthritis,hsa-miR-4494,1.262915015220640
Graves Ophthalmopathy,hsa-miR-4494,1.2629141807556200
Stress Disorders and Traumatic,hsa-miR-4494,1.2629140615463300
uric acid nephrolithiasis,hsa-miR-4494,1.2629122734069800
Condylomata Acuminata,mmu-miR-708,1.2629116773605300
Meningitis and Fungal,hsa-miR-4494,1.2629107236862200
Alveolar echinococcosis,mmu-miR-708,1.2629063129425000
Amelogenesis Imperfecta,mmu-miR-708,1.2629058361053500
Periapical Diseases,mmu-miR-708,1.2629048824310300
Lung Diseases and Interstitial,mmu-miR-708,1.2629002332687400
Pica,hsa-miR-4494,1.2628992795944200
Vitamin B Deficiency,hsa-miR-4494,1.2628965377807600
Thymus Neoplasms,hsa-miR-4494,1.262894630432130
Leukemia and Myeloid and Accelerated Phase,hsa-miR-4494,1.262891411781310
Respiratory Distress Syndrome and Newborn,hsa-miR-4494,1.262891173362730
Facial Nerve Diseases,hsa-miR-4494,1.262891173362730
adhesions of uterus,hsa-miR-4494,1.26288902759552
late onset Parkinson's disease,hsa-miR-4494,1.262886881828310
Platelet Storage Pool Deficiency,hsa-miR-4494,1.262885332107540
Epidermodysplasia Verruciformis,hsa-miR-4494,1.2628846168518100
Allograft Rejection and Antibody-Mediated,hsa-miR-4494,1.262884497642520
Shoulder Injuries,hsa-miR-4494,1.2628798484802200
Suppuration,hsa-miR-4494,1.2628796100616500
Intestinal Atresia,hsa-miR-4494,1.2628796100616500
Hyperphosphatemia,hsa-miR-4494,1.2628785371780400
Trophoblastic Neoplasms,hsa-miR-4494,1.262877345085140
Pigmentation Disorders,hsa-miR-4494,1.2628763914108300
hyperekplexia 1,hsa-miR-4494,1.262876272201540
Prosthesis Failure,hsa-miR-4494,1.2628753185272200
Bronchial Diseases,hsa-miR-4494,1.2628748416900600
Schopf-Schulz-Passarge Syndrome,hsa-miR-4494,1.2628744840621900
Gluteal Muscle Contracture,hsa-miR-4494,1.2628730535507200
Liver Failure and Acute,hsa-miR-4494,1.2628719806671100
Myeloproliferative Disorder and Chronic and with Eosinophilia,hsa-miR-4494,1.2628711462020900
Depression and Post Stroke,hsa-miR-4494,1.262869119644170
Large Artery  Atherosclerosis,hsa-miR-4494,1.262869119644170
Migraine Disorders,hsa-miR-4494,1.2628681659698500
Arthritis and Gouty,hsa-miR-4494,1.2628675699234000
HTLV-II Infections,hsa-miR-4494,1.2628670930862400
Sexual Dysfunctions and Psychological,hsa-miR-4494,1.262865662574770
Erectile Dysfunction,hsa-miR-4494,1.2628644704818700
Arbovirus Infections,hsa-miR-4494,1.2628638744354200
Fatty Liver,hsa-miR-4494,1.2628635168075600
Incontinentia Pigmenti,hsa-miR-4494,1.2628626823425300
Cholangitis and Biliary and Primary,hsa-miR-4494,1.2628624439239500
Cardiovascular And   Cerebrovascular Diseases,hsa-miR-4494,1.2628624439239500
Cerebral Infarction and Acute,hsa-miR-4494,1.2628594636917100
Hypogonadism,hsa-miR-4494,1.2628591060638400
Bipolar Disorder,hsa-miR-4494,1.2628566026687600
lung squamous cell carcinoma,hsa-miR-4494,1.262855887413030
Muscular Atrophy and Spinal,hsa-miR-4494,1.262855887413030
Prolactinoma,hsa-miR-4494,1.2628556489944500
Emphysema,hsa-miR-4494,1.2628555297851600
Sarcopenia,hsa-miR-4494,1.2628543376922600
Lung Carcinoid,hsa-miR-4494,1.262853741645810
Dementia,hsa-miR-4494,1.2628525495529200
Paget Disease and Extramammary,hsa-miR-4494,1.26284921169281
Immune System Diseases,hsa-miR-4494,1.2628467082977300
Fluorosis and Dental,hsa-miR-4494,1.262845754623410
Arteriosclerosis Obliterans,hsa-miR-4494,1.262845516204830
Varicose Veins,hsa-miR-4494,1.2628449201583900
Ethylmalonic encephalopathy,hsa-miR-4494,1.2628391981124900
Condylomata Acuminata,hsa-miR-4494,1.2628356218338000
non-alcoholic steatohepatitis,hsa-miR-4494,1.2628328800201400
Hypertriglyceridemia,hsa-miR-4494,1.262826681137090
Dry Eye Syndromes,hsa-mir-8069,1.2628220319747900
Ventricular Premature Complexes,hsa-miR-4494,1.2628198862075800
Diabetic Nephropathies and Proliferative,hsa-miR-4443,1.2627915143966700
Tachycardia,hsa-miR-4443,1.2627345323562600
Diabetic Nephropathies and Proliferative,hsa-miR-4459,1.2626912593841600
Severe Acute Respiratory Syndrome,hsa-mir-873,1.2626653909683200
Tendinopathy,hsa-miR-450a-5p,1.2626107931137100
Heat Stroke,hsa-mir-8080,1.2626093626022300
Cholesteatoma and Middle Ear,hsa-miR-450a-5p,1.2625126838684100
N acetyltransferase deficiency,hsa-miR-4482,1.2624733448028600
common variable immunodeficiency 2,hsa-miR-4482,1.262468934059140
Wiskott-Aldrich Syndrome,hsa-miR-4482,1.262466549873350
Enterocolitis and Pseudomembranous,hsa-miR-4482,1.2624574899673500
Pediatric Cystic Fibrosis,hsa-miR-4482,1.2624541521072400
Leukoplakia and Oral,hsa-miR-4482,1.2624540328979500
Hypocalciuric hypercalcemia and familial and type 1,hsa-miR-4482,1.2624530792236300
recessive dystrophic epidermolysis bullosa,hsa-miR-4482,1.2624484300613400
Chagas Cardiomyopathy,hsa-miR-4482,1.2624478340148900
End Stage Liver Disease,hsa-miR-4482,1.2624452114105200
Chronic Renal  Injury,hsa-miR-4482,1.262445092201230
Acute Coronary Syndrome and Non-St  Elevation,hsa-miR-4482,1.2624449729919400
uterine corpus endometrial carcinoma,hsa-miR-4482,1.2624436616897600
Hyperpigmentation and Skin,hsa-miR-4482,1.2624434232711800
White Spot Syndrome Virus  Infection,hsa-miR-4482,1.2624419927597000
Synucleinopathies,hsa-miR-4482,1.2624374628067000
Leptomeningeal Metastasis,hsa-miR-4482,1.2624351978302000
Brain Neoplasms,hsa-miR-4482,1.2624350786209100
Tuberculosis and Spinal,hsa-miR-4482,1.262434720993040
Craniofacial Abnormalities,hsa-miR-4482,1.2624342441558800
Staphylococcal Scalded Skin Syndrome,hsa-miR-4482,1.2624341249465900
Neuroendocrine Tumors,hsa-miR-4482,1.2624337673187300
Thromboangiitis Obliterans,hsa-miR-4482,1.2624337673187300
Noonan syndrome-like disorder with loose anagen hair,hsa-miR-4482,1.2624313831329300
Cardiomyopathy and Dilated and with Left Ventricular Noncompaction,hsa-miR-4482,1.262431263923650
Acute  Kidney Injury,hsa-miR-4482,1.2624294757843000
Mast Cell Tumors,hsa-miR-4482,1.2624293565750100
Selenium Deficiency,hsa-miR-4482,1.262428879737850
Simian Acquired Immunodeficiency Syndrome,hsa-miR-4482,1.2624276876449600
Human Herpesvirus 6 encephalitis,hsa-miR-4482,1.262427568435670
Angina and Unstable,hsa-miR-4482,1.2624270915985100
Premature Ovarian Aging,hsa-miR-4482,1.2624253034591700
Polyps,hsa-miR-4482,1.2624237537384000
Dehydration,hsa-miR-4482,1.2624233961105300
Deltaretrovirus Infections,hsa-miR-4482,1.2624233961105300
Drug Hypersensitivity,hsa-miR-4482,1.2624231576919600
Hepatitis A,hsa-miR-4482,1.262422800064090
Genital Diseases and Female,hsa-miR-4482,1.2624225616455100
Growth Disorders,hsa-miR-4482,1.2624214887619000
Carcinoma and Squamous Cell and Cutaneous,hsa-miR-4482,1.2624211311340300
Adrenal Cortex Neoplasms,hsa-miR-4482,1.262420892715450
low grade glioma,hsa-miR-4482,1.2624202966690100
Leukemia and Megakaryoblastic and Acute,hsa-miR-4482,1.262418508529660
Endocrine Gland Neoplasms,hsa-miR-4482,1.262418270111080
X-linked juvenile retinoschisis 1,hsa-miR-4482,1.2624177932739300
Mite Infestations,hsa-miR-4482,1.2624176740646400
Biotinidase Deficiency,hsa-miR-4482,1.262416124343870
Low Back Pain,hsa-miR-4482,1.262415885925290
Halal syndrome,hsa-miR-4482,1.2624157667160000
Complex Regional Pain Syndromes,hsa-miR-4482,1.2624154090881300
Nephritis,hsa-miR-4482,1.2624152898788500
Aspergillosis and Allergic Bronchopulmonary,hsa-miR-4482,1.2624142169952400
Influenza in Birds,hsa-miR-4482,1.2624140977859500
Pelvic Floor Disorders,hsa-miR-4482,1.2624136209487900
Brain Damage and Chronic,hsa-miR-4482,1.2624129056930500
Carcinoma and Ductal and Breast,hsa-miR-4482,1.2624129056930500
Exudative Vitreoretinopathy 4,hsa-miR-4482,1.2624117136001600
Encephalomyelitis and Eastern Equine,hsa-miR-4482,1.2624108791351300
Colonic Polyps,hsa-miR-4482,1.2624106407165500
Liver Cirrhosis and Alcoholic,hsa-miR-4482,1.2624101638793900
Hemangioma and Infantile,hsa-miR-4482,1.2624099254608200
Coronary Restenosis,hsa-miR-4482,1.2624084949493400
Cleidocranial Dysplasia,hsa-miR-4482,1.2624082565307600
Ataxia with vitamin E deficiency,hsa-miR-4482,1.2624071836471600
Alzheimer Disease ,hsa-miR-4482,1.2624070644378700
Choroidal Melanoma,hsa-miR-4482,1.2624051570892300
Malformations of Cortical Development and Group II,hsa-miR-4482,1.2624050378799400
MPTP Poisoning,hsa-miR-4482,1.2624046802520800
Sleep Apnea Syndromes,hsa-miR-4482,1.262404203414920
High Grade Ovarian Neoplasms,hsa-miR-4482,1.2624032497406000
Arrhythmogenic Heart Diseases,hsa-miR-4482,1.262403130531310
Hind Limb Ischemia,hsa-miR-4482,1.2624030113220200
Multicystic renal dysplasia and bilateral,hsa-miR-4482,1.2624024152755700
Infertility and Female,hsa-miR-4482,1.2624022960662800
skin melanoma,hsa-miR-4482,1.2624022960662800
Giant Cell Arteritis,hsa-miR-4482,1.2624022960662800
Heart Diseases and Congenital,hsa-miR-4482,1.2624013423919700
Thymic epithelial tumor,hsa-miR-4482,1.26240074634552
Poorly Differentiated Thyroid Gland Carcinoma,hsa-miR-4482,1.2623999118804900
Folliculotropic Mycosis Fungoides,hsa-miR-4482,1.2623997926712000
Nephrosis and Lipoid,hsa-miR-4482,1.262399673461910
Peripheral Nervous System Diseases,hsa-miR-4482,1.2623995542526200
polycystic kidney disease 3,hsa-miR-4482,1.2623993158340500
Spermatic Cord Torsion,hsa-miR-4482,1.2623990774154700
Depression and Postpartum,hsa-miR-4482,1.2623988389968900
Telangiectasia and Hereditary Hemorrhagic,hsa-miR-4482,1.2623988389968900
Rolandic Epilepsy and Mental Retardation and and Speech Dyspraxia and X-Linked,hsa-miR-4482,1.262398600578310
Obsessive-Compulsive Disorder,hsa-miR-4482,1.2623978853225700
Bronchopulmonary Dysplasia,hsa-miR-4482,1.2623977661132800
Arrest of spermatogenesis,hsa-miR-4482,1.2623971700668300
Viral Myocarditis,hsa-miR-4482,1.2623969316482500
Encephalomyelitis and Autoimmune and Experimental,hsa-miR-4482,1.2623964548111000
Hcv Associated Disorders,hsa-miR-4482,1.2623960971832300
Cryopyrin-Associated Periodic Syndromes,hsa-miR-4482,1.2623960971832300
Sick Sinus Syndrome,hsa-miR-4482,1.2623960971832300
Gastritis and Pediatric,hsa-miR-4482,1.2623957395553600
Acne Vulgaris,hsa-miR-4482,1.2623957395553600
Precursor T-Cell Lymphoblastic Leukemia-Lymphoma,hsa-miR-4482,1.2623952627182000
Infant and Newborn and Diseases,hsa-miR-4482,1.2623940706253100
Respiratory Syncytial Virus Infections,hsa-miR-4482,1.2623940706253100
Neuropathic Lysosomal Storage Diseases,hsa-miR-4482,1.262393832206730
Salpingitis,hsa-miR-4482,1.262393832206730
familial multiple nevi flammei,hsa-miR-4482,1.262393593788150
Keratitis and Herpetic,hsa-miR-4482,1.262393593788150
invasive aspergillosis,hsa-miR-4482,1.2623927593231200
Cachexia,hsa-miR-4482,1.2623913288116500
Rhinitis and Allergic,hsa-miR-4482,1.2623907327652000
Testicular Diseases,hsa-miR-4482,1.2623907327652000
Lesch-Nyhan Syndrome,hsa-miR-4482,1.2623906135559100
Coronary Artery Calcification,hsa-miR-4482,1.2623902559280400
Carcinoma and Small Cell,hsa-miR-4482,1.262389898300170
Warburg micro syndrome 1,hsa-miR-4482,1.2623897790908800
Cleft Lip,hsa-miR-4482,1.2623883485794100
Marfan Syndrome,hsa-miR-4482,1.2623878717422500
Digitorenocerebral Syndrome,hsa-miR-4482,1.2623875141143800
Syphilis,hsa-miR-4482,1.2623873949050900
Canine Mammary Carcinoma,hsa-miR-4482,1.2623872756958000
Small Cell Lung Carcinoma,hsa-miR-4482,1.2623872756958000
Carotid Artery Injuries,hsa-miR-4482,1.2623870372772200
Hypertensive  Disorder Complicating Pregnancy,hsa-miR-4482,1.2623869180679300
Barrett Esophagus,hsa-miR-4482,1.2623869180679300
Bicuspid Aortic Valve Disease,hsa-miR-4482,1.2623862028121900
Pseudarthrosis,hsa-miR-4482,1.2623857259750400
paramyotonia congenita of Von Eulenburg,hsa-miR-4482,1.262385606765750
Yellow Nail Syndrome,hsa-miR-4482,1.262385606765750
Frontonasal dysplasia,hsa-miR-4482,1.2623852491378800
Pregnancy Complications,hsa-miR-4482,1.2623852491378800
Long Term Adverse Effects,hsa-miR-4482,1.262384295463560
Intracranial Hemorrhages,hsa-miR-4482,1.2623835802078200
Diastrophic dysplasia,hsa-miR-4482,1.2623828649520900
Endotoxemia,hsa-miR-4482,1.262381911277770
Alveolar Bone Loss,hsa-miR-4482,1.262381672859190
Lymphoma and Natural   Killer/T-Cell,hsa-miR-4482,1.2623813152313200
Nager acrofacial dysostosis,hsa-miR-4482,1.2623798847198500
Autistic Disorder,hsa-miR-4482,1.2623794078826900
Chronic recurrent multifocal osteomyelitis,hsa-miR-4482,1.2623794078826900
Meningioma,hsa-miR-4482,1.2623794078826900
renal fibrosis,hsa-miR-4482,1.262378454208370
Pulmonary Edema,hsa-miR-4482,1.2623777389526400
Aortic Aneurysm,hsa-miR-4482,1.2623765468597400
Brain Infarction,hsa-miR-4482,1.2623754739761400
Brain Injury and Chronic,hsa-miR-4482,1.2623753547668500
Acute Aortic   Dissection,hsa-miR-4482,1.2623748779296900
Tibial Fractures,hsa-miR-4482,1.2623745203018200
Cardiac Complexes and Premature,hsa-miR-4482,1.262373447418210
Multiple Pulmonary Nodules,hsa-miR-4482,1.2623730897903400
Hyperinsulinism,hsa-miR-4482,1.2623728513717700
Coronary Artery  Disease,hsa-miR-4482,1.2623722553253200
Melanoma and Experimental,hsa-miR-4482,1.2623721361160300
Vascular Calcification,hsa-miR-4482,1.2623714208602900
Mesothelioma and Malignant and Pleural,hsa-miR-4482,1.2623714208602900
Neurofibroma and Plexiform,hsa-miR-4482,1.2623704671859700
Syphilis and primary,hsa-miR-4482,1.2623697519302400
Tetralogy of Fallot,hsa-miR-4482,1.2623686790466300
Mandibulofacial Dysostosis,hsa-miR-4482,1.2623685598373400
Enterocolitis,hsa-miR-4482,1.262367844581600
Colon   Adenocarcinoma,hsa-miR-4482,1.2623666524887100
Sarcoidosis and Pulmonary,hsa-miR-4482,1.2623653411865200
Mycobacterium Infections and Nontuberculous,hsa-miR-4482,1.2623649835586500
Critical Illness,hsa-miR-4482,1.2623642683029200
Cardiovascular Complications,hsa-miR-4482,1.2623629570007300
Ocular Hypertension,hsa-miR-4482,1.2623621225357100
Respirovirus Infections,hsa-miR-4482,1.262361764907840
Ullrich congenital muscular dystrophy,hsa-miR-4482,1.2623611688613900
Burns,hsa-miR-4482,1.2623610496521000
Osteopenic Nonfracture Syndrome,hsa-miR-4482,1.262360692024230
cone-rod dystrophy 6,hsa-miR-4482,1.2623599767684900
Fissure in Ano,hsa-miR-4482,1.262359857559200
Cysts,hsa-miR-4482,1.2623591423034700
Ear Diseases,hsa-miR-4482,1.2623589038848900
Bk Virus Infections,hsa-miR-4482,1.2623586654663100
Intestinal Diseases,hsa-miR-4482,1.26235830783844
Osteonecrosis,hsa-miR-4482,1.2623573541641200
Neoplasms and Germ Cell and Embryonal,hsa-miR-4482,1.2623565196991000
salivary gland adenoid cystic carcinoma,hsa-miR-4482,1.2623552083969100
FG syndrome,hsa-miR-4482,1.2623549699783300
Carcinoma and Cutaneous and Squamous Cell,hsa-miR-4482,1.2623546123504600
Psychotic Disorders,hsa-miR-4482,1.2623542547226000
Primary Ovarian Insufficiency,hsa-miR-4482,1.2623540163040200
Rhegmatogenous Retinal Detachment and Autosomal Dominant,hsa-miR-4482,1.2623534202575700
Diabetic Neuropathies,hsa-miR-4482,1.2623531818389900
Thrombotic Stroke,hsa-miR-4482,1.2623528242111200
Hypertrophy and Right Ventricular,hsa-miR-4482,1.2623523473739600
Hyperuricemia,hsa-miR-4482,1.2623506784439100
Weight Loss,hsa-miR-4482,1.2623494863510100
Nervous Necrosis Virus Infectious,hsa-miR-4482,1.2623486518859900
Conjunctivitis and Allergic,hsa-miR-4482,1.262346625328060
Placental Insufficiency,hsa-miR-4482,1.2623463869094800
Kartagener Syndrome,hsa-miR-4482,1.2623459100723300
Spinal Cord Diseases,hsa-miR-4482,1.262345552444460
Focal Infection,hsa-miR-4482,1.2623448371887200
Zika virus congenital syndrome,hsa-miR-4482,1.2623443603515600
Temporomandibular Joint Osteoarthritis,hsa-miR-4482,1.2623354196548500
Graves Ophthalmopathy,hsa-miR-4482,1.2623348236084000
Stress Disorders and Traumatic,hsa-miR-4482,1.2623344659805300
uric acid nephrolithiasis,hsa-miR-4482,1.262332797050480
Motion Sickness,hsa-miR-4456,1.2623298168182400
Hearing Loss,hsa-miR-4482,1.2623264789581300
Hydrocephalus,hsa-miR-4482,1.2623248100280800
Coronary Stenosis,hsa-miR-4482,1.2623231410980200
Brucellosis and Bovine,hsa-miR-4482,1.2623231410980200
Atrophy,hsa-miR-4482,1.2623227834701500
Microphthalmos,hsa-miR-4482,1.2623203992843600
Scholte syndrome,hsa-miR-4482,1.2623200416564900
Stillbirth,hsa-miR-4482,1.2623164653778100
Thymus Neoplasms,hsa-miR-4482,1.2623151540756200
Keratitis,hsa-mir-8080,1.2623149156570400
CREST Syndrome,hsa-miR-4482,1.262313961982730
Siderosis,hsa-miR-4482,1.2623131275177000
Leukemia and Myeloid and Accelerated Phase,hsa-miR-4482,1.2623119354248000
Respiratory Distress Syndrome and Newborn,hsa-miR-4482,1.2623116970062300
intracranial berry aneurysm 3,hsa-miR-4482,1.2623116970062300
Mobility Limitation,hsa-miR-4482,1.2623116970062300
Opioid-Related Disorders,hsa-miR-4482,1.2623112201690700
Neoplasm Metastasis,hsa-miR-4482,1.2623100280761700
Erythroblastosis and Fetal,hsa-miR-4482,1.2623097896575900
adhesions of uterus,hsa-miR-4482,1.2623095512390100
Angioedemas and Hereditary,hsa-miR-3687,1.262309193611150
Mycobacterium avium-intracellulare Infection,hsa-miR-4482,1.2623087167739900
late onset Parkinson's disease,hsa-miR-4482,1.2623074054718000
Tourette Syndrome,hsa-miR-4482,1.262307047843930
Thinness,hsa-miR-4482,1.2623063325882000
Breast Diseases,hsa-miR-4482,1.2623038291931200
Acute Coronary Syndrome ,hsa-miR-4482,1.2623029947280900
Oophoritis,hsa-miR-4482,1.2623013257980300
Leukemia and Monocytic and Acute,hsa-miR-4482,1.262298583984380
Tooth Diseases,hsa-miR-4482,1.262298583984380
Syphilis and secondary,hsa-miR-4482,1.2622976303100600
Uterine Diseases,hsa-miR-4482,1.2622958421707200
Rabies,hsa-miR-4482,1.2622953653335600
Arteriosclerosis,hsa-miR-4482,1.262294054031370
Cerebral Small Vessel Diseases,hsa-miR-4482,1.2622939348220800
Rubella Syndrome and Congenital,hsa-miR-4482,1.2622935771942100
Hip Dislocation and Congenital,hsa-miR-4482,1.2622926235199000
Fibromatosis and Aggressive,hsa-miR-4482,1.2622878551483200
HTLV-II Infections,hsa-miR-4482,1.2622874975204500
Erectile Dysfunction,hsa-miR-4482,1.2622849941253700
Arbovirus Infections,hsa-miR-4482,1.2622843980789200
Brucellosis,hsa-miR-4482,1.2622833251953100
Glaucoma and Open-Angle,hsa-miR-4482,1.2622817754745500
Olfaction Disorders,hsa-miR-4482,1.2622801065444900
Carotid Artery Diseases,hsa-miR-4482,1.2622796297073400
Digestive System Diseases,hsa-miR-4482,1.2622779607772800
Nonsyndromic Deafness,hsa-miR-4482,1.2622746229171800
Dementia,hsa-miR-4482,1.2622731924057000
Rotavirus Infections,hsa-miR-4482,1.2622727155685400
Upper Tract Urothelial Carcinoma,hsa-miR-4482,1.2622723579406700
Immune System Diseases,hsa-miR-4482,1.2622671127319300
Wallerian Degeneration,hsa-mir-873,1.2622663974762000
Hypertension and Renal,hsa-miR-4482,1.2622654438018800
Hypoxia and Brain,hsa-miR-4482,1.2622650861740100
spondyloepimetaphyseal dysplasia and Strudwick type,hsa-miR-4482,1.262264370918270
Rectal Injury,hsa-miR-4482,1.2622628211975100
Vesicular Stomatitis,hsa-miR-4482,1.2622613906860400
Hepatitis E,hsa-miR-4482,1.2622590065002400
Periapical Diseases,hsa-miR-4482,1.2622493505477900
Alopecia Areata,hsa-miR-4482,1.262247920036320
Epilepsies and Partial,hsa-miR-450a-5p,1.262233853340150
Neuromyelitis Optica,hsa-mir-873,1.262218952178960
Follicular Atresia,hsa-mir-873,1.262152910232540
miR-142-y,hsa-mir-873,1.262144923210140
Classical Swine Fever,hsa-miR-125b-2,1.2621322870254500
Equine Infectious Anemia,hsa-miR-125b-2,1.2621248960495000
Hereditary Autoinflammatory Diseases,hsa-miR-125b-2,1.2621203660965000
Tricuspid Valve Insufficiency,hsa-miR-125b-2,1.2621119022369400
Hyperleptinemia,hsa-miR-3190-5p,1.262110710144040
Cranial Nerve Injuries,hsa-miR-1245a,1.2620943784713700
Fatigue Syndrome and Chronic,mmu-miR-708,1.2620935440063500
Diminished  Ovarian Reserve,hsa-miR-125b-2,1.2620723247528100
Nervous System Neoplasms,hsa-miR-4459,1.2620351314544700
Human T-Cell Leukemia Virus Type 1 Infections,hsa-miR-125b-2,1.2620347738266000
Hypertrophy Of Ligamentum Flavum,hsa-miR-1245a,1.2620338201522800
succinic semialdehyde dehydrogenase deficiency,hsa-miR-1245a,1.2620328664779700
Lupus Vasculitis and Central Nervous System,hsa-miR-1245a,1.2620295286178600
Swine Diseases,hsa-miR-1245a,1.262028694152830
Myeloma Bone Disease,hsa-miR-1245a,1.262026071548460
Peripheral Vascular Diseases,hsa-miR-1245a,1.2620258331298800
Hereditary Autoinflammatory Diseases,hsa-miR-1245a,1.262023687362670
Arene Oxide Detoxification Defect,hsa-miR-1245a,1.262018084526060
Venous Neointimal Hyperplasia,hsa-miR-1245a,1.2620140314102200
Autographa californica multiple nuclear polyhedrosis virus,hsa-miR-1245a,1.2620136737823500
Meniscus Degeneration,hsa-miR-125b-2,1.262007474899290
Arthritis and Gouty and Chronic,hsa-miR-1245a,1.2620047330856300
thyroid gland Hurthle cell carcinoma,hsa-miR-125b-2,1.2620015144348100
Neutropenia,hsa-miR-1245a,1.2619948387146000
Angioedemas and Hereditary,hsa-miR-1245a,1.2619750499725300
Rhabdoviridae Infections,hsa-miR-1245a,1.261968731880190
Brugada Syndrome,hsa-miR-1245a,1.2619627714157100
Holoprosencephaly 7,hsa-miR-30d-3p,1.2619261741638200
Cholestatic Liver Injury,hsa-miR-1245a,1.2619214057922400
Polyposis Syndrome and Hereditary Mixed and 1,hsa-miR-1245a,1.2619186639785800
Adrenocortical Adenoma,hsa-miR-1245a,1.2619085311889600
Scleral Diseases,hsa-miR-1245a,1.2618978023529100
Amebiasis,hsa-miR-1245a,1.2618962526321400
Hay-Wells syndrome,hsa-miR-1245a,1.2618882656097400
Brain Edema,hsa-miR-3164,1.261810302734380
Ovarian Diseases,mmu-miR-700-5p,1.2617307901382400
Keratitis,hsa-miR-4443,1.2617058753967300
Adenocarcinoma in Situ,hsa-miR-346,1.2616260051727300
Keratitis,hsa-miR-4459,1.2616057395935100
Reperfusion Injury and Testicular Ischemia,hsa-miR-130b-1,1.2615985870361300
Cholesteatoma and Middle Ear,hsa-miR-4456,1.261565089225770
Endothelial Barrier Dysfunction,hsa-miR-4459,1.2615278959274300
peripartum cardiomyopathy,hsa-miR-4456,1.2615036964416500
Ovarian Diseases,mmu-miR-708,1.261433482170110
Pulmonary Hypertension and Thromboembolic and Chronic,mmu-miR-743a,1.2613911628723100
UV-Sensitive Syndrome,hsa-miR-3925,1.2613900899887100
Renal Artery Obstruction,hsa-miR-3925,1.2613849639892600
Brugada Syndrome,hsa-miR-1285-5p,1.26133394241333
Retroviridae Infections,hsa-mir-8080,1.2613292932510400
Spinal Cord Compression,hsa-miR-3925,1.2612802982330300
Reperfusion Injury and Testicular Ischemia,hsa-miR-128-1-5p,1.2612669467926000
Multiple Mitochondrial Dysfunctions Syndrome,hsa-miR-2114*,1.2612384557724
 Lymph  Node Metastasis,hsa-miR-181a-1*,1.2612141370773300
Rhabdoid Tumor and Kidney,hsa-miR-2114*,1.261189579963680
Pyoderma Gangrenosum,hsa-miR-1284,1.2611546516418500
Hyperleptinemia,hsa-miR-1284,1.261141061782840
Multiple Mitochondrial Dysfunctions Syndrome,hsa-miR-1284,1.2611374855041500
Liposarcoma and Myxoid,hsa-miR-1284,1.2611371278762800
Otitis Media with Effusion,hsa-miR-1284,1.2611360549926800
Status Asthmaticus,hsa-miR-1284,1.2611355781555200
Brugada Syndrome,hsa-miR-2114*,1.26112961769104
Skeletal Muscle Injury,hsa-miR-1284,1.2611281871795700
Autoimmune Diseases of the Nervous System,hsa-miR-1284,1.261121392250060
UV-Sensitive Syndrome,hsa-miR-1284,1.261120319366460
Fetal Hypoxia,hsa-miR-1284,1.2611087560653700
Human T-Cell Leukemia Virus Type 1 Infections,hsa-miR-2114*,1.2611048221588100
Nevi and Melanomas,hsa-miR-1284,1.2611029148101800
autoimmune uveitis,hsa-miR-1284,1.261102318763730
Classical Swine Fever,hsa-miR-1284,1.2611011266708400
Tibial Neuropathy,hsa-miR-1284,1.2610998153686500
Visceral Hypersensitivity,hsa-miR-1284,1.2610995769500700
Chronic  Rhinosinusitis With Nasal Polyps,hsa-miR-1284,1.2610968351364100
Lupus Vasculitis and Central Nervous System,hsa-miR-1284,1.2610952854156500
Chorioamnionitis,hsa-miR-4512,1.2610942125320400
Hereditary Autoinflammatory Diseases,hsa-miR-1284,1.2610894441604600
Asthma and Chronic,hsa-miR-1284,1.2610872983932500
Wound Infection,hsa-miR-1284,1.2610830068588300
Maxillary Sinus Neoplasms,hsa-miR-1284,1.2610806226730300
Vaginosis and Bacterial,hsa-miR-1284,1.261070966720580
Mesangial sclerosis and diffuse,mmu-miR-743a,1.26106595993042
Retinitis Pigmentosa,hsa-miR-1284,1.2610657215118400
Reperfusion Injury and Testicular Ischemia,hsa-miR-1284,1.2610656023025500
Primary Gastrointestinal Diffuse Large B-Cell Lymphoma ,hsa-miR-1284,1.2610639333725000
Extramedullary Multiple Myeloma,hsa-miR-147b,1.261061668396000
Reperfusion Injury and Testicular Ischemia,hsa-miR-147b,1.2610541582107500
Tachycardia,mmu-miR-708,1.2610496282577500
Neoplasms and Hormone-Dependent,hsa-miR-1284,1.2610450983047500
Asymptomatic Infections,hsa-miR-4512,1.2610429525375400
Angioedemas and Hereditary,hsa-miR-1284,1.2610408067703200
Precursor B-Cell Lymphoblastic Leukemia-Lymphoma,hsa-miR-4443,1.2610201835632300
Disease Progression,hsa-mir-8069,1.2610197067260700
Polyposis Syndrome and Hereditary Mixed and 1,hsa-miR-1284,1.2609845399856600
Adrenocortical Adenoma,hsa-miR-1284,1.2609745264053300
Meniscus Degeneration,hsa-miR-147b,1.2609649896621700
Amebiasis,hsa-miR-147b,1.2609505653381300
Macular dystrophy and corneal type 1,hsa-miR-4459,1.2608789205551100
Nevus and Halo,hsa-miR-4437,1.2607468366622900
Premature Birth,hsa-mir-8069,1.2607421875
Heat Stroke,hsa-miR-4437,1.2607418298721300
Disease Progression,hsa-mir-8080,1.2607228755950900
Periodontitis and Diabetic,hsa-miR-337-3p,1.2607145309448200
Urethritis,hsa-miR-337-3p,1.2607070207595800
Multiple Mitochondrial Dysfunctions Syndrome,hsa-miR-30d-3p,1.2606921195983900
Otitis Media with Effusion,hsa-miR-30d-3p,1.2606908082962000
Urinary Calculi,hsa-miR-30d-3p,1.2606863975524900
Temporomandibular Joint Dysfunction Syndrome,hsa-miR-30d-3p,1.260674238204960
Periodontitis and Diabetic,hsa-miR-30d-3p,1.2606679201126100
Dry Eye Syndromes,hsa-miR-4437,1.260657548904420
Corneal Ulcer,hsa-miR-30d-3p,1.2606563568115200
Swine Diseases,hsa-miR-30d-3p,1.2606490850448600
Asthma and Chronic,hsa-miR-30d-3p,1.2606419324874900
Tendinopathy,hsa-mir-802,1.2606415748596200
Arene Oxide Detoxification Defect,hsa-miR-30d-3p,1.2606384754180900
Bone-Associated Metastatic Breast Cancer,hsa-miR-30d-3p,1.2606335878372200
Phyllodes Tumor and Breast,hsa-miR-30d-3p,1.260631799697880
Vaginosis and Bacterial,hsa-miR-30d-3p,1.2606253623962400
Reperfusion Injury and Testicular Ischemia,hsa-miR-30d-3p,1.2606202363967900
Inflammation and Chronic,EBV-miR-BHRF16-1,1.260615587234500
Neutropenia,hsa-miR-30d-3p,1.2606151103973400
Vitelliform Macular Dystrophy,hsa-miR-302a,1.2606048583984400
Nevi and Melanomas,hsa-miR-302a,1.2605878114700300
Classical Swine Fever,hsa-miR-302a,1.2605862617492700
Susac Syndrome,hsa-miR-30d-3p,1.2605825662612900
Hereditary Autoinflammatory Diseases,hsa-miR-302a,1.2605743408203100
Spinal Cord Compression,hsa-miR-30d-3p,1.2605652809143100
Human T-Cell Leukemia Virus Type 1 Infections,hsa-miR-30d-3p,1.2605583667755100
Juvenile gout,hsa-miR-30d-3p,1.2605564594268800
Prethrombotic State,hsa-miR-30d-3p,1.2605494260788000
Tenon Fibroblasts,hsa-miR-30d-3p,1.260538101196290
Antisynthetase syndrome,hsa-miR-30d-3p,1.260532021522520
Meniscus Degeneration,hsa-miR-30d-3p,1.2605311870575000
immunodeficiency 35,hsa-miR-30d-3p,1.2605310678482100
Adrenocortical Adenoma,hsa-miR-30d-3p,1.2605289220809900
Dry Eye Syndromes,mmu-miR-700-5p,1.260528564453130
thyroid gland Hurthle cell carcinoma,hsa-miR-30d-3p,1.2605252265930200
Heat Stroke,hsa-miR-4439,1.2605117559433000
Epilepsies and Partial,mmu-miR-743a,1.2604881525039700
Premature Birth,hsa-mir-8080,1.260445475578310
Premature Birth,hsa-miR-4444,1.2603917121887200
Nevus and Halo,mmu-miR-708,1.2603206634521500
Heat Stroke,mmu-miR-708,1.2603154182434100
pancreatic adenocarcinoma,hsa-mir-8080,1.2603012323379500
Granulomatous Disease and Chronic,hsa-miR-211-5p,1.2602771520614600
Inflammation and Chronic,hsa-miR-211-5p,1.2602342367172200
Dry Eye Syndromes,mmu-miR-708,1.2602314949035600
Phyllodes Tumor and Breast,hsa-miR-211-5p,1.2602239847183200
Keratitis,hsa-miR-4439,1.2602171897888200
Heat Stroke,hsa-miR-4494,1.2602022886276200
Motion Sickness,hsa-miR-4443,1.260189414024350
Diminished  Ovarian Reserve,hsa-miR-211-5p,1.2601882219314600
fragile X-associated tremor/ataxia syndrome,hsa-miR-181a-1*,1.2601553201675400
Tricuspid Valve Insufficiency,hsa-miR-181a-1*,1.260146141052250
Endothelial Barrier Dysfunction,hsa-miR-4439,1.2601395845413200
Dry Eye Syndromes,hsa-miR-4494,1.2601183652877800
Scleral Diseases,hsa-miR-211-5p,1.2601103782653800
Amebiasis,hsa-miR-211-5p,1.2601089477539100
Neoplasms and Mesothelial,hsa-miR-193b,1.260104775428770
Liposarcoma and Myxoid,hsa-miR-193b,1.2601006031036400
Granulomatous Disease and Chronic,hsa-miR-193b,1.2600940465927100
Spinal Cord Compression,hsa-miR-181a-1*,1.2600756883621200
Tachycardia,hsa-miR-4482,1.260074257850650
Lattice corneal dystrophy type 1,hsa-miR-193b,1.260040521621700
Keratitis,mmu-miR-708,1.2600210905075100
Disease Progression,hsa-miR-4459,1.2600136995315600
Juvenile gout,hsa-miR-193b,1.2599656581878700
Endothelial Barrier Dysfunction,mmu-miR-708,1.2599433660507200
Chediak-Higashi Syndrome,hsa-miR-193b,1.2599374055862400
Finnish lethal neonatal metabolic syndrome,hsa-mir-8084,1.259934663772580
Amebiasis,hsa-miR-193b,1.2599258422851600
Severe Acute Respiratory Syndrome,hsa-mir-8080,1.2599232196807900
Keratitis,hsa-miR-4494,1.259907841682430
Chorioamnionitis,hsa-mir-8084,1.2598670721054100
Endothelial Barrier Dysfunction,hsa-miR-4494,1.2598302364349400
Encephalitis and Tick-Borne,hsa-miR-3202,1.2598005533218400
Fetal Hypoxia,hsa-let-7a*,1.2597813606262200
Granulomatous Disease and Chronic,hsa-miR-3202,1.2597770690918000
Myeloma Bone Disease,hsa-let-7a*,1.259764313697820
Inflammation and Chronic,hsa-miR-2681-5p,1.2597631216049200
Inflammation and Chronic,hsa-let-7a*,1.2597601413726800
Tricuspid Valve Insufficiency,hsa-miR-2681-5p,1.2597566843032800
Sepsis and Intensive Care Unit-Acquired,hsa-miR-3202,1.2597509622573900
Premature Birth,hsa-miR-4459,1.2597362995147700
Lattice corneal dystrophy type 1,hsa-miR-3202,1.2597235441207900
Angioedemas and Hereditary,hsa-let-7a*,1.2597134113311800
Autoimmune Diseases of the Nervous System,hsa-miR-3125,1.2597068548202500
Splenic Neoplasms,hsa-let-7a*,1.2596923112869300
Sepsis and Intensive Care Unit-Acquired,hsa-miR-3125,1.2596895694732700
Angioedemas and Hereditary,hsa-miR-3202,1.2596876621246300
Spinal Cord Compression,hsa-let-7a*,1.2596832513809200
Brugada Syndrome,hsa-miR-3202,1.2596755027771000
Rhabdoid Tumor and Kidney,hsa-miR-3125,1.259673833847050
Venous Neointimal Hyperplasia,hsa-miR-3125,1.2596650123596200
Spinal Cord Compression,hsa-miR-3202,1.259657382965090
Fibrosis and Pancreas,hsa-miR-4444,1.2596515417099
Neutropenia,hsa-miR-3125,1.259645938873290
Adenocarcinoma Of Esophagus,hsa-miR-3202,1.2596315145492600
Polyposis Syndrome and Hereditary Mixed and 1,hsa-miR-3202,1.2596313953399700
Diminished  Ovarian Reserve,hsa-miR-3125,1.259626865386960
American Tegumentary Leishmaniasis,hsa-miR-412-5p,1.2596213817596400
Sneddon Syndrome,hsa-miR-3202,1.2596211433410600
Scleral Diseases,hsa-miR-3202,1.2596100568771400
Autoimmune Diseases of the Nervous System,hsa-miR-412-5p,1.2596070766449000
Hay-Wells syndrome,hsa-miR-3202,1.2596009969711300
Juvenile gout,hsa-miR-3125,1.2595871686935400
Tibial Neuropathy,hsa-miR-412-5p,1.2595852613449100
Myeloma Bone Disease,hsa-miR-412-5p,1.2595773935318000
Asthma and Chronic,hsa-miR-412-5p,1.2595728635788000
thyroid gland Hurthle cell carcinoma,hsa-miR-3125,1.2595559358596800
Enterovirus A Infection,hsa-miR-4443,1.259515643119810
Splenic Neoplasms,hsa-miR-412-5p,1.259505033493040
Retroviridae Infections,hsa-miR-4437,1.2594616413116500
Testicular Neoplasms,hsa-miR-412-5p,1.2594401836395300
Cholesteatoma and Middle Ear,hsa-miR-4443,1.2594243288040200
Tendinopathy,hsa-miR-4459,1.2594225406646700
Heat Stroke,hsa-miR-4482,1.2593401670455900
Dry Eye Syndromes,hsa-miR-4482,1.2592560052871700
Neurodevelopmental Disorders,rno-miR-352,1.2591438293457000
Obstetric Labor Complications,rno-miR-352,1.259140133857730
peripartum cardiomyopathy,mmu-miR-700-5p,1.2591331005096400
Nervous System Diseases,hsa-miR-4482,1.2591038942337000
Pleomorphic Sarcoma and Undifferentiated,rno-miR-352,1.2591019868850700
Sarcoma and Ewing,rno-miR-352,1.2591010332107500
Fibrosis and Pancreas,hsa-miR-4443,1.2590961456298800
Pain and Postoperative,rno-miR-352,1.2590919733047500
Ovarian Insufficiency and Premature,rno-miR-352,1.2590893507003800
Gingivitis,rno-miR-352,1.2590874433517500
Lumbosacral Spinal Root Avulsion,rno-miR-352,1.2590844631195100
Spermatic Cord Torsion,rno-miR-352,1.2590816020965600
Subarachnoid Hemorrhage,rno-miR-352,1.2590774297714200
Chagas Disease,rno-miR-352,1.2590599060058600
Colorectal   Adenocarcinoma,rno-miR-352,1.2590534687042200
Pulmonary Eosinophilia,rno-miR-352,1.2590439319610600
Wallerian Degeneration,hsa-mir-8080,1.2590352296829200
Lentivirus Infections,hsa-miR-4325,1.2590340375900300
Vitelliform Macular Dystrophy,hsa-miR-4325,1.2590285539627100
Endocrine System Diseases,rno-miR-352,1.259027123451230
Periodontitis and Diabetic,hsa-miR-4325,1.2590218782424900
Peripartum Cardiomyopathy ,rno-miR-352,1.259011149406430
Facial Nerve Diseases,rno-miR-352,1.258994221687320
Diabetes Of The Exocrine Pancreas ,rno-miR-352,1.2589802742004400
Reperfusion Injury and Testicular Ischemia,hsa-miR-4325,1.2589744329452500
Early-Stage Malignant Melanoma,rno-miR-352,1.2589722871780400
Erectile Dysfunction,rno-miR-352,1.2589675188064600
Hypoxia and Brain,rno-miR-352,1.258947491645810
Disease Progression,hsa-miR-4437,1.2588552236557000
Motion Sickness,mmu-miR-700-5p,1.258801817893980
Neoplasms and Mesothelial,hsa-miR-193a,1.2587577104568500
Status Asthmaticus,hsa-miR-193a,1.2587522268295300
Pasteurella Multocida Infections,hsa-miR-193a,1.2587318420410200
Visceral Pain,hsa-miR-193a,1.2587090730667100
Myeloma Bone Disease,hsa-miR-193a,1.2587083578109700
Wound Infection,hsa-miR-193a,1.2586995363235500
Tricuspid Valve Insufficiency,hsa-miR-193a,1.258697509765630
Phyllodes Tumor and Breast,hsa-miR-193a,1.2586939334869400
Dysentery and Bacillary,rno-miR-340-5p,1.2586555480957000
Spinal Cord Compression,hsa-miR-193a,1.2586270570755000
Cholestatic Liver Injury,hsa-miR-193a,1.2586036920547500
Adrenocortical Adenoma,hsa-miR-193a,1.2585910558700600
Posterior Segment Ocular Diseases,hsa-let-7a-2,1.258586049079900
Mesangial sclerosis and diffuse,hsa-miR-4437,1.258465051651000
American Tegumentary Leishmaniasis,hsa-miR-4281,1.2584091424942000
Precursor B-Cell Lymphoblastic Leukemia-Lymphoma,hsa-miR-4482,1.2583600282669100
Phyllodes Tumor and Breast,hsa-miR-4281,1.2583504915237400
Granulomatous Disease and Chronic,hsa-miR-17-92,1.258349061012270
 Lymph  Node Metastasis,hsa-miR-3928-3p,1.25834321975708
Autoimmune Diseases of the Nervous System,hsa-miR-17-92,1.2583401203155500
Reperfusion Injury and Testicular Ischemia,hsa-miR-4281,1.2583390474319500
Mesangial sclerosis and diffuse,mmu-miR-700-5p,1.2583359479904200
Classical Swine Fever,hsa-miR-17-92,1.2583199739456200
Cervical   Spondylomyelopathy,hsa-miR-17-92,1.25831937789917
Angioedemas and Hereditary,hsa-miR-4281,1.2583142518997200
Lupus Vasculitis and Central Nervous System,hsa-miR-17-92,1.2583140134811400
Myeloma Bone Disease,hsa-miR-17-92,1.2583105564117400
Fabry   Nephropathy,hsa-miR-17-92,1.258301019668580
Neuromyelitis Optica,hsa-miR-4444,1.2583004236221300
Vaginosis and Bacterial,hsa-miR-17-92,1.2582894563674900
Neutropenia,hsa-miR-17-92,1.2582794427871700
Hyperleptinemia,hsa-miR-3928-3p,1.258277177810670
Multiple Mitochondrial Dysfunctions Syndrome,hsa-miR-3928-3p,1.2582736015319800
Liposarcoma and Myxoid,hsa-miR-3928-3p,1.2582730054855300
Posterior Segment Ocular Diseases,hsa-miR-17-92,1.2582685947418200
Biliary Tract Diseases,hsa-miR-3928-3p,1.258263111114500
Enterovirus A Infection,hsa-miR-4437,1.2582569122314500
UV-Sensitive Syndrome,hsa-miR-3928-3p,1.2582563161850000
Vitelliform Macular Dystrophy,hsa-miR-3928-3p,1.2582558393478400
Immunologic Deficiency Syndromes,hsa-miR-3928-3p,1.2582435607910200
Optic Nerve Glioma,hsa-miR-3928-3p,1.2582389116287200
Chronic Inflammation,hsa-miR-3928-3p,1.2582383155822800
Amebiasis,hsa-miR-4281,1.2582355737686200
Dermatitis and Atopic and 1,hsa-miR-3928-3p,1.258232831954960
Inflammation and Chronic,hsa-miR-3928-3p,1.258223295211790
Dyspepsia,hsa-miR-3928-3p,1.2582200765609700
Carcinoma and Intraductal and Noninfiltrating,hsa-miR-3928-3p,1.2582175731658900
Adenocarcinoma Of Esophagus,hsa-miR-17-92,1.2582037448883100
pancreatic adenocarcinoma,hsa-miR-4439,1.2582036256790200
Chediak-Higashi Syndrome,hsa-miR-17-92,1.2581924200058000
Short Qt Syndrome,hsa-miR-17-92,1.2581862211227400
Scleral Diseases,hsa-miR-17-92,1.258182168006900
Amebiasis,hsa-miR-17-92,1.258180856704710
Myotonic Dystrophy,hsa-miR-130b,1.2581783533096300
Diminished  Ovarian Reserve,hsa-miR-3928-3p,1.2581775188446000
Periodontitis and Diabetic,hsa-miR-130b,1.2581766843795800
Angioedemas and Hereditary,hsa-miR-3928-3p,1.2581766843795800
Nevi and Melanomas,hsa-miR-130b,1.258166790008550
Cardiomyopathy and Hypertrophic and Familial,hsa-miR-130b,1.25816011428833
Myeloma Bone Disease,hsa-miR-130b,1.258155345916750
Arene Oxide Detoxification Defect,hsa-miR-130b,1.2581474781036400
Spinal Cord Compression,hsa-miR-3928-3p,1.2581464052200300
Polydactyly,hsa-miR-130b,1.2581454515457200
Venous Neointimal Hyperplasia,hsa-miR-130b,1.2581435441970800
Phyllodes Tumor and Breast,hsa-miR-130b,1.258141040802000
Juvenile gout,hsa-miR-3928-3p,1.2581379413604700
Granuloma,hsa-miR-3928-3p,1.2581326961517300
Enterovirus A Infection,mmu-miR-700-5p,1.258128046989440
Urinary Calculi,EBV-miR-BART3,1.258118987083440
Testicular Neoplasms,hsa-miR-3928-3p,1.2580904960632300
Nevi and Melanomas,EBV-miR-BART3,1.2580897808075000
Swine Diseases,hsa-miR-221-3p,1.2580829858779900
Urinary Calculi,hsa-miR-26b,1.2580809593200700
Multiple Endocrine Neoplasia Type 1,hsa-miR-130b,1.2580628395080600
Periodontitis and Diabetic,hsa-miR-26b,1.2580620050430300
Pyoderma Gangrenosum,hsa-miR-223-5p,1.258055329322820
Swine Diseases,hsa-miR-26b,1.2580435276031500
Meniscus Degeneration,hsa-miR-130b,1.2580403089523300
Liposarcoma and Myxoid,hsa-miR-223-5p,1.2580376863479600
Cholesteatoma and Middle Ear,mmu-miR-700-5p,1.2580369710922200
Otitis Media with Effusion,hsa-miR-223-5p,1.2580366134643600
Tendinopathy,hsa-miR-4439,1.2580339908599900
Scleral Diseases,hsa-miR-130b,1.258027195930480
Amebiasis,hsa-miR-130b,1.258025884628300
Autoimmune Diseases of the Nervous System,hsa-miR-223-5p,1.2580219507217400
Vitelliform Macular Dystrophy,hsa-miR-223-5p,1.2580204010009800
Classical Swine Fever,hsa-miR-223-5p,1.2580018043518100
Tibial Neuropathy,hsa-miR-223-5p,1.2580004930496200
Hereditary Autoinflammatory Diseases,hsa-miR-223-5p,1.2579900026321400
Angioedemas and Hereditary,hsa-miR-26b,1.2579896450042700
Wound Infection,hsa-miR-223-5p,1.2579835653305100
Nonseminomatous germ cell tumor,hsa-miR-223-5p,1.2579742670059200
Hemorrhage,hsa-miR-4439,1.2579584121704100
Brugada Syndrome,hsa-miR-223-5p,1.2579292058944700
Retrognathia,hsa-miR-223-5p,1.2579278945922900
Meniscus Degeneration,hsa-miR-26b,1.2579253911972000
Chediak-Higashi Syndrome,hsa-miR-26b,1.2579225301742600
Uterine Neoplasms,mmu-miR-708,1.2579114437103300
Mycoplasma pneumoniae pneumonia,hsa-miR-26b,1.2579073905944800
Homozygous Familial Hypercholesterolemia,hsa-miR-26b,1.2579057216644300
Epilepsies and Partial,mmu-miR-700-5p,1.2577581405639600
Neoplasms and Mesothelial,hsa-miR-136,1.257744312286380
Skeletal Muscle Injury,hsa-miR-136,1.2577310800552400
Lupus Vasculitis and Central Nervous System,hsa-miR-136,1.2576985359191900
Brain   Ventricle Enlargement,hsa-miR-136,1.2576721906662000
Reperfusion Injury and Testicular Ischemia,hsa-miR-136,1.2576688528060900
Wallerian Degeneration,hsa-miR-4459,1.2576611042022700
Brugada Syndrome,hsa-miR-136,1.257631778717040
Reperfusion Injury and Testicular Ischemia,hsa-miR-3653-3p,1.2576004266738900
Granulomatous Disease and Chronic,hsa-miR-3925-5p,1.2575594186782800
Testicular Neoplasms,hsa-miR-136,1.25755774974823
 Lymph  Node Metastasis,hsa-miR-136,1.2575502395629900
Spinal Cord Compression,hsa-miR-3653-3p,1.2575453519821200
Motion Sickness,hsa-miR-4482,1.2575290203094500
Myeloma Bone Disease,hsa-miR-3925-5p,1.2575207948684700
Severe Acute Respiratory Syndrome,hsa-miR-4494,1.2575163841247600
Renal Artery Obstruction,hsa-miR-1244,1.2575147151947000
Chediak-Higashi Syndrome,hsa-miR-3653-3p,1.257508397102360
Tibial Neuropathy,hsa-miR-1244,1.2574994564056400
succinic semialdehyde dehydrogenase deficiency,hsa-miR-1244,1.2574982643127400
Asthma and Chronic,hsa-miR-1244,1.2574870586395300
Lattice corneal dystrophy type 1,hsa-miR-1244,1.2574763298034700
Rhabdoviridae Infections,hsa-miR-3925-5p,1.2574632167816200
Epilepsies and Partial,mmu-miR-708,1.2574609518051100
Follicular Atresia,hsa-miR-4444,1.2574199438095100
Polyposis Syndrome and Hereditary Mixed and 1,hsa-miR-3925-5p,1.2574135065078700
Orofacial Cleft,hsa-miR-19a-5p,1.2574042081832900
Canavan Disease,hsa-miR-19a-5p,1.257392168045040
Polyposis Syndrome and Hereditary Mixed and 1,hsa-miR-1244,1.257384181022640
Choroid Diseases,hsa-miR-19a-5p,1.2573816776275600
Neoplasms and Mesothelial,hsa-miR-19a-5p,1.2573802471160900
Meniscus Degeneration,hsa-miR-1244,1.2573760747909500
Otitis Media with Effusion,hsa-miR-19a-5p,1.2573753595352200
Chediak-Higashi Syndrome,hsa-miR-1244,1.257373332977300
Chills,hsa-miR-19a-5p,1.2573720216751100
Autoimmune Diseases of the Nervous System,hsa-miR-19a-5p,1.257360816001890
Laryngopharyngeal Neoplasms,hsa-miR-19a-5p,1.2573535442352300
Chronic Inflammation,hsa-miR-19a-5p,1.257341742515560
Neonatal Encephalopathy,hsa-miR-19a-5p,1.257338047027590
Chronic  Rhinosinusitis With Nasal Polyps,hsa-miR-19a-5p,1.257335901260380
Equine Infectious Anemia,hsa-miR-19a-5p,1.2573331594467200
Rhabdoid Tumor and Kidney,hsa-miR-19a-5p,1.257327914237980
hsv1-miR-H18,hsa-miR-4444,1.257318377494810
Phyllodes Tumor and Breast,hsa-miR-19a-5p,1.2573164701461800
Esophageal Atresia,hsa-miR-19a-5p,1.2573139667511000
Neoplasms by Histologic Type,hsa-miR-19a-5p,1.2572907209396400
Pneumoconiosis,hsa-miR-19a-5p,1.2572742700576800
Adenocarcinoma Of Esophagus,hsa-miR-19a-5p,1.257224202156070
Maternal   Cholestasis,hsa-miR-19a-5p,1.2572194337844800
Meniscus Degeneration,hsa-miR-19a-5p,1.2572158575058000
Adrenocortical Adenoma,hsa-miR-19a-5p,1.2572135925293000
Chediak-Higashi Syndrome,hsa-miR-19a-5p,1.2572129964828500
Amebiasis,hsa-miR-19a-5p,1.2572014331817600
Intermittent Claudication,hsa-miR-20b*,1.2571994066238400
Liposarcoma and Myxoid,hsa-miR-30c-2-3p,1.2571614980697600
Plaque and Amyloid,hsa-miR-30c-2-3p,1.257115364074710
Inflammation and Chronic,hsa-miR-30c-2-3p,1.2571117877960200
Chronic Kidney   Disease,hsa-miR-30c-2-3p,1.2570927143096900
Angioedemas and Hereditary,hsa-miR-30c-2-3p,1.2570650577545200
Splenic Neoplasms,hsa-miR-30c-2-3p,1.2570439577102700
Intermittent Claudication,hsa-miR-30c-2,1.2570303678512600
 Lymph  Node Metastasis,hsa-miR-19a-5p,1.2570087909698500
Brugada Syndrome,hsa-miR-185*,1.2569756507873500
Uterine Neoplasms,hsa-miR-4482,1.2569360733032200
Amebiasis,hsa-miR-185*,1.2569093704223600
Visceral Pain,hsa-miR-3682-3p,1.2568399906158400
Inflammation and Chronic,hsa-miR-3682-3p,1.256834864616390
Arene Oxide Detoxification Defect,hsa-miR-3682-3p,1.256831169128420
Neutropenia,hsa-miR-3682-3p,1.2568080425262500
Neuroaxonal Dystrophies,hsa-miR-3682-3p,1.256807804107670
Posterior Segment Ocular Diseases,hsa-miR-3682-3p,1.256797432899480
Cholesteatoma and Middle Ear,hsa-miR-4482,1.2567641735076900
Scleral Diseases,hsa-miR-3682-3p,1.2567107677459700
Canavan Disease,hsa-miR-20b*,1.2566025257110600
Anemia and Diamond-Blackfan,hsa-miR-20b*,1.2565919160842900
Multiple Mitochondrial Dysfunctions Syndrome,hsa-miR-20b*,1.256587266922000
Urinary Calculi,hsa-miR-20b*,1.2565815448761000
Myotonic Dystrophy,hsa-miR-20b*,1.2565640211105300
Periodontitis and Diabetic,hsa-miR-20b*,1.25656259059906
Chronic  Rhinosinusitis With Nasal Polyps,hsa-miR-20b*,1.2565463781356800
Swine Diseases,hsa-miR-20b*,1.2565438747406000
Crisponi syndrome,hsa-miR-20b*,1.2565362453460700
Venous Neointimal Hyperplasia,hsa-miR-20b*,1.2565292119979900
Primary Gastrointestinal Diffuse Large B-Cell Lymphoma ,hsa-miR-20b*,1.256513237953190
Small-Bowel  Neuroendocrine Tumor,hsa-miR-20b*,1.2565081119537400
Non-Segmental Vitiligo,hsa-miR-20b*,1.2564679384231600
Granulomatous Disease and Chronic,hsa-miR-30c-2,1.256466269493100
Hemorrhagic Fever with Renal Syndrome,hsa-miR-30c-2,1.256466269493100
Autoimmune Diseases of the Nervous System,hsa-miR-30c-2,1.2564574480056800
Muscular Dystrophies and Limb-Girdle,hsa-miR-30c-2,1.2564491033554100
Dysentery and Bacillary,hsa-miR-20b*,1.2564438581466700
cervical adenocarcinoma,hsa-miR-30c-2,1.2564431428909300
Chronic Inflammation,hsa-miR-30c-2,1.2564383745193500
Classical Swine Fever,hsa-miR-30c-2,1.2564373016357400
Tibial Neuropathy,hsa-miR-30c-2,1.256435751914980
Disorders of Sex Development,hsa-miR-30c-2,1.2564352750778200
Polyposis Syndrome and Hereditary Mixed and 1,hsa-miR-20b*,1.2564340829849200
Lymphohistiocytosis and Hemophagocytic,hsa-miR-30c-2,1.2564334869384800
Hereditary Autoinflammatory Diseases,hsa-miR-30c-2,1.2564254999160800
Wound Infection,hsa-miR-30c-2,1.2564189434051500
Hemangiosarcoma,hsa-miR-30c-2,1.2564189434051500
Scleral Diseases,hsa-miR-20b*,1.2564128637313800
Reperfusion Injury and Testicular Ischemia,hsa-miR-30c-2,1.2564016580581700
Neutropenia,hsa-miR-30c-2,1.2563966512680100
Neoplasms and Mesothelial,hsa-miR-218-1,1.2563954591751100
Gliosis,hsa-miR-30c-2,1.25639009475708
American Tegumentary Leishmaniasis,hsa-miR-218-1,1.25639009475708
Lentivirus Infections,hsa-miR-218-1,1.2563798427581800
Diminished  Ovarian Reserve,hsa-miR-30c-2,1.2563772201538100
Periodontitis and Diabetic,hsa-miR-218-1,1.2563674449920700
Brugada Syndrome,hsa-miR-30c-2,1.2563645839691200
Splenic Neoplasms,hsa-miR-30c-2,1.2563555240631100
Myeloma Bone Disease,hsa-miR-218-1,1.2563461065292400
Follicular Atresia,hsa-miR-4443,1.256343960762020
Inflammation and Chronic,hsa-miR-218-1,1.256341814994810
Tissue Adhesions,hsa-miR-218-1,1.2563385963439900
Meniscus Degeneration,hsa-miR-30c-2,1.2563124895095800
Encephalitis and Tick-Borne,hsa-miR-422b,1.2563114166259800
Chediak-Higashi Syndrome,hsa-miR-30c-2,1.2563096284866300
Amebiasis,hsa-miR-30c-2,1.2562981843948400
Classical Swine Fever,hsa-miR-216a-5p,1.2562923431396500
Neoplasms and Mesothelial,hsa-miR-29c,1.256284236907960
Splenic Neoplasms,hsa-miR-218-1,1.2562741041183500
Granulomatous Disease and Chronic,hsa-miR-29c,1.2562735080719000
Human T-Cell Leukemia Virus Type 1 Infections,hsa-miR-218-1,1.256258249282840
Reperfusion Injury and Testicular Ischemia,hsa-miR-216a-5p,1.2562568187713600
Periodontitis and Diabetic,hsa-miR-29c,1.2562562227249100
Myeloma Bone Disease,hsa-miR-422b,1.2562493085861200
Hereditary Autoinflammatory Diseases,hsa-miR-422b,1.2562469244003300
Adenocarcinoma Of Esophagus,hsa-miR-218-1,1.2562392950058000
miR-142-y,hsa-miR-4443,1.2562379837036100
Meniscus Degeneration,hsa-miR-218-1,1.2562309503555300
Wound Infection,hsa-miR-29c,1.2562260627746600
Phyllodes Tumor and Breast,hsa-miR-29c,1.2562203407287600
Vaginosis and Bacterial,hsa-miR-29c,1.2562140226364100
Testicular Neoplasms,hsa-miR-218-1,1.2562090158462500
Diminished  Ovarian Reserve,hsa-miR-422b,1.256198763847350
Diminished  Ovarian Reserve,hsa-miR-29c,1.256184458732610
Scleral Diseases,hsa-miR-216a-5p,1.2561542987823500
Amebiasis,hsa-miR-216a-5p,1.2561532258987400
Granuloma,hsa-miR-29c,1.2561396360397300
Adenocarcinoma Of Esophagus,hsa-miR-29c,1.2561280727386500
Polyposis Syndrome and Hereditary Mixed and 1,hsa-miR-29c,1.2561275959014900
Chediak-Higashi Syndrome,hsa-miR-29c,1.2561169862747200
Optic atrophy 1 and deafness,hsa-miR-422b,1.2561008930206300
Testicular Neoplasms,hsa-miR-29c,1.256097674369810
Granulomatous Disease and Chronic,hsa-miR-378d,1.2560653686523400
Periodontitis and Diabetic,hsa-miR-29b-1,1.2560595273971600
hsv-miR-H1,hsa-miR-4459,1.2560514211654700
Pediatric Enteritis,hsa-miR-29b-1,1.2560495138168300
Classical Swine Fever,hsa-miR-29b-1,1.2560477256774900
Wound Infection,hsa-miR-29b-1,1.2560293674469000
Venous Neointimal Hyperplasia,hsa-miR-29b-1,1.256026029586790
ovarian clear cell carcinoma,hsa-miR-29b-1,1.2560248374939000
Transmissible Gastroenteritis,hsa-miR-29b-1,1.2560049295425400
Gliosis,hsa-miR-29b-1,1.2560006380081200
Splenic Neoplasms,hsa-miR-29b-1,1.255966067314150
Human T-Cell Leukemia Virus Type 1 Infections,hsa-miR-29b-1,1.2559504508972200
Cestode Infections,hsa-miR-29b-1,1.2559053897857700
Vitelliform Macular Dystrophy,hsa-miR-4255,1.255871057510380
Periodontitis and Diabetic,hsa-miR-4255,1.2558643817901600
Classical Swine Fever,hsa-miR-4255,1.255852460861210
Tibial Neuropathy,hsa-miR-4255,1.255851149559020
Chronic  Rhinosinusitis With Nasal Polyps,hsa-miR-4255,1.2558480501174900
Cardiomyopathy and Hypertrophic and Familial,hsa-miR-4255,1.2558478116989100
Visceral Pain,hsa-miR-4255,1.2558437585830700
Myeloma Bone Disease,hsa-miR-4255,1.2558430433273300
Hereditary Autoinflammatory Diseases,hsa-miR-4255,1.255840539932250
Asthma and Chronic,hsa-miR-4255,1.255838394165040
Lattice corneal dystrophy type 1,hsa-miR-4255,1.2558281421661400
Pancreatitis and Acute Hemorrhagic,hsa-miR-4255,1.2558234930038500
Vaginosis and Bacterial,hsa-miR-4255,1.2558220624923700
Cardiomyopathy and Right Ventricular Dilated,hsa-miR-4255,1.2558157444000200
Gliosis,hsa-miR-4255,1.2558053731918300
Diminished  Ovarian Reserve,hsa-miR-4255,1.2557926177978500
Brugada Syndrome,hsa-miR-4255,1.2557798624038700
Human T-Cell Leukemia Virus Type 1 Infections,hsa-miR-4255,1.255755066871640
Juvenile gout,hsa-miR-4255,1.2557531595230100
Prethrombotic State,hsa-miR-4255,1.2557461261749300
Polyposis Syndrome and Hereditary Mixed and 1,hsa-miR-4255,1.2557361125946000
Papilloma and Inverted,hsa-miR-223-5p,1.255669355392460
Anemia and Iron-Deficiency,hsa-miR-3202,1.2556575536727900
Encephalitis and Tick-Borne,hsa-miR-193b-5p,1.255656123161320
Canavan Disease,hsa-miR-193b-5p,1.25565505027771
Urologic Diseases,hsa-miR-193b-5p,1.2556469440460200
Hyperleptinemia,hsa-miR-193b-5p,1.255643367767330
Autoimmune Diseases of the Nervous System,hsa-miR-193b-5p,1.2556238174438500
Vitelliform Macular Dystrophy,hsa-miR-193b-5p,1.255622148513790
Neoplasms and Mesothelial,hsa-miR-3606-3p,1.2556182146072400
Myotonic Dystrophy,hsa-miR-193b-5p,1.2556167840957600
Nevi and Melanomas,hsa-miR-193b-5p,1.2556052207946800
Hereditary Autoinflammatory Diseases,hsa-miR-193b-5p,1.255591630935670
Inflammation and Chronic,hsa-miR-193b-5p,1.2555896043777500
Asthma and Chronic,hsa-miR-193b-5p,1.255589485168460
Urinary Incontinence and Stress,hsa-miR-193b-5p,1.255585789680480
Wound Infection,hsa-miR-193b-5p,1.2555851936340300
Pancreatitis and Acute Hemorrhagic,hsa-miR-193b-5p,1.2555744647979700
 Lymph  Node Metastasis,hsa-miR-218-1,1.2555431127548200
Inflammation and Chronic,hsa-miR-3154,1.255541443824770
Juvenile gout,hsa-miR-193b-5p,1.2555042505264300
Polyposis Syndrome and Hereditary Mixed and 1,hsa-miR-193b-5p,1.2554867267608600
Tenon Fibroblasts,hsa-miR-193b-5p,1.2554856538772600
Lymphoma and Nk-T-Cell,hsa-miR-193b-5p,1.255480170249940
Scleral Diseases,hsa-miR-193b-5p,1.2554657459259000
Optic atrophy 1 and deafness,hsa-miR-193b-5p,1.2554457187652600
Chediak-Higashi Syndrome,hsa-miR-3154,1.2554278373718300
Intermittent Claudication,hsa-miR-329-3p,1.25542414188385
Myotonic Dystrophy,hsa-miR-150*,1.2554233074188200
Wallerian Degeneration,hsa-miR-4437,1.2554165124893200
Encephalitis and Tick-Borne,hsa-miR-329-3p,1.2554105520248400
Chills,hsa-miR-329-3p,1.2553894519805900
Urinary Calculi,hsa-miR-329-3p,1.255388617515560
Skeletal Muscle Injury,hsa-miR-329-3p,1.2553845643997200
Lentivirus Infections,hsa-miR-329-3p,1.2553820610046400
Vitelliform Macular Dystrophy,hsa-miR-329-3p,1.2553763389587400
Submandibular Gland Diseases,hsa-miR-329-3p,1.255356788635250
Visceral Hypersensitivity,hsa-miR-329-3p,1.2553563117981000
Peripheral Vascular Diseases,hsa-miR-329-3p,1.2553483247757000
Arene Oxide Detoxification Defect,hsa-miR-329-3p,1.2553404569625900
Wound Infection,hsa-miR-329-3p,1.255339503288270
Lattice corneal dystrophy type 1,hsa-miR-329-3p,1.2553335428237900
Brain   Ventricle Enlargement,hsa-miR-329-3p,1.2553257942199700
Primary Gastrointestinal Diffuse Large B-Cell Lymphoma ,hsa-miR-329-3p,1.255320429801940
congenital fibrosarcoma,hsa-miR-329-3p,1.2553167343139600
Encephalitis Virus and Japanese,hsa-miR-329-3p,1.255303144454960
Non-Segmental Vitiligo,hsa-miR-329-3p,1.255275011062620
Scleral Diseases,hsa-miR-150*,1.2552722692489600
Polyposis Syndrome and Hereditary Mixed and 1,hsa-miR-329-3p,1.2552412748336800
Meniscus Degeneration,hsa-miR-329-3p,1.2552330493927000
Amebiasis,hsa-miR-329-3p,1.2552188634872400
Spinal Diseases,hsa-miR-329-3p,1.255217432975770
Periodontitis and Diabetic,hsa-miR-093,1.2552034854888900
Chronic  Rhinosinusitis With Nasal Polyps,hsa-miR-093,1.2551870346069300
Equine Infectious Anemia,hsa-miR-093,1.255184292793270
Inflammation and Chronic,hsa-miR-093,1.2551778554916400
Tissue Adhesions,hsa-miR-093,1.2551743984222400
Colonic Diseases,hsa-miR-093,1.2551604509353600
Posterior Segment Ocular Diseases,hsa-miR-093,1.2551401853561400
Diminished  Ovarian Reserve,hsa-miR-093,1.255131483078000
Skeletal Muscle Dysplasia,hsa-miR-093,1.2550688982009900
Pemphigus and Benign Familial,hsa-miR-093,1.2550667524337800
Scleral Diseases,hsa-miR-093,1.2550537586212200
Optic atrophy 1 and deafness,hsa-miR-093,1.2550338506698600
Asthma and Severe,hsa-miR-335-5p,1.2548168897628800
Nevi and Melanomas,hsa-miR-335-5p,1.254809021949770
Chronic  Rhinosinusitis With Nasal Polyps,hsa-miR-335-5p,1.254802942276000
Plaque and Amyloid,hsa-miR-335-5p,1.254797339439390
Hereditary Autoinflammatory Diseases,hsa-miR-335-5p,1.2547956705093400
 Lymph  Node Metastasis,hsa-miR-4255,1.2547944784164400
Sepsis and Intensive Care Unit-Acquired,hsa-miR-29b-3p,1.2547930479049700
Classical Swine Fever,hsa-miR-29b-3p,1.25478994846344
Wound Infection,hsa-miR-335-5p,1.2547889947891200
Tibial Neuropathy,hsa-miR-29b-3p,1.2547886371612500
Lattice corneal dystrophy type 1,hsa-miR-335-5p,1.254783034324650
Rhabdoid Tumor and Kidney,hsa-miR-29b-3p,1.254777431488040
Inflammation and Chronic,hsa-miR-29b-3p,1.2547762393951400
Arene Oxide Detoxification Defect,hsa-miR-29b-3p,1.2547725439071700
Lattice corneal dystrophy type 1,hsa-miR-29b-3p,1.2547656297683700
Angioedemas and Hereditary,hsa-miR-335-5p,1.254746913909910
Rhabdoviridae Infections,hsa-miR-335-5p,1.2547403573989900
Neurotoxicity Syndromes,hsa-miR-4437,1.254721999168400
Meniscus Degeneration,hsa-miR-335-5p,1.2546827793121300
Chediak-Higashi Syndrome,hsa-miR-29b-3p,1.2546626329422000
Wallerian Degeneration,mmu-miR-708,1.2545905113220200
Papilloma and Inverted,hsa-miR-30c-2-3p,1.254365086555480
Nevi and Melanomas,hsa-miR-30b*,1.2543039321899400
UV-Sensitive Syndrome,hsa-miR-26a-1-3p,1.2542644739151
Urinary Calculi,hsa-miR-3689f,1.2541528940200800
Arene Oxide Detoxification Defect,hsa-miR-3689f,1.2541046142578100
Toxoplasmosis and Cerebral,mmu-miR-700-5p,1.2540048360824600
Hypopharyngeal Neoplasms,mmu-miR-712-3p,1.2539902925491300
Follicular Atresia,hsa-miR-4437,1.2539055347442600
 Lymph  Node Metastasis,hsa-miR-093,1.2538108825683600
Leukopenia,hsa-miR-329-3p,1.2537221908569300
Kidney Tubular Necrosis and Acute,hsa-miR-19b-2,1.253608226776120
Toxoplasmosis and Cerebral,mmu-miR-708,1.2534286975860600
Neutropenia,hsa-miR-3613-5p,1.2533442974090600
Hepatocellular Carcinoma and Hbv-Related,rno-miR-326,1.2532942295074500
Splenic Neoplasms,rno-miR-326,1.2532488107681300
 Lymph  Node Metastasis,hsa-miR-335-5p,1.2532391548156700
Toxoplasmosis and Cerebral,hsa-miR-4494,1.2532098293304400
Venous Neointimal Hyperplasia,hsa-miR-4517,1.2530772686004600
Extramedullary Multiple Myeloma,hsa-miR-4517,1.2530708312988300
Reperfusion Injury and Testicular Ischemia,hsa-miR-4517,1.2530630826950100
Posterior Segment Ocular Diseases,hsa-miR-4517,1.2530474662780800
Granulomatous Disease and Chronic,hsa-miR-3175,1.2525688409805300
UV-Sensitive Syndrome,hsa-miR-3175,1.252558946609500
Vitelliform Macular Dystrophy,hsa-miR-3175,1.2525583505630500
Classical Swine Fever,hsa-miR-3175,1.2525397539138800
Tibial Neuropathy,hsa-miR-3175,1.2525385618209800
Lupus Vasculitis and Central Nervous System,hsa-miR-3175,1.2525339126586900
Hereditary Autoinflammatory Diseases,hsa-miR-3175,1.2525279521942100
Pancreatitis and Acute Hemorrhagic,hsa-miR-3175,1.252510905265810
Reperfusion Injury and Testicular Ischemia,hsa-miR-3175,1.2525041103363000
Susac Syndrome,hsa-miR-3175,1.2524664402008100
Spinal Cord Compression,hsa-miR-3175,1.2524491548538200
Adrenocortical Adenoma,hsa-miR-3175,1.252413034439090
thyroid gland Hurthle cell carcinoma,hsa-miR-3175,1.2524093389511100
Mycoplasma pneumoniae pneumonia,hsa-miR-3175,1.252397060394290
Papillomavirus Infections,hsa-miR-4446-5p,1.2522486448288000
ovarian clear cell carcinoma,hsa-miR-131,1.2520883083343500
Neutropenia,hsa-miR-131,1.2520703077316300
Angioedemas and Hereditary,hsa-miR-131,1.252050518989560
Neurotoxicity Syndromes,hsa-miR-4482,1.252005934715270
Pathologic Processes,mmu-miR-700-5p,1.2519629001617400
Lentivirus Infections,hsa-miR-155-3p,1.2518202066421500
Vitelliform Macular Dystrophy,hsa-miR-155-3p,1.2518147230148300
Tibial Neuropathy,hsa-miR-155-3p,1.2517948150634800
Plaque and Amyloid,hsa-miR-155-3p,1.2517858743667600
Asthma and Chronic,hsa-miR-155-3p,1.2517821788787800
Wound Infection,hsa-miR-155-3p,1.2517778873443600
Roberts Syndrome,hsa-miR-155-3p,1.251700758934020
American Tegumentary Leishmaniasis,hsa-miR-3669,1.2514413595199600
Urinary Calculi,hsa-miR-3669,1.2514376640319800
Vitelliform Macular Dystrophy,hsa-miR-3669,1.2514255046844500
Renal Artery Obstruction,hsa-miR-3669,1.2514207363128700
Nevi and Melanomas,hsa-miR-3669,1.2514084577560400
Osteoblastoma,hsa-miR-3669,1.2514064311981200
Pancreatic Beta-Cell Dysfunction,hsa-miR-3669,1.251403570175170
Myeloma Bone Disease,hsa-miR-3669,1.2513973712921100
Arene Oxide Detoxification Defect,hsa-miR-3669,1.2513892650604200
Phyllodes Tumor and Breast,hsa-miR-3669,1.25138258934021
Gliosis,hsa-miR-3669,1.2513598203659100
Clear-cell metastatic renal cell carcinoma,hsa-miR-3669,1.2513562440872200
Posterior Segment Ocular Diseases,hsa-miR-3669,1.2513556480407700
Angioedemas and Hereditary,hsa-miR-3669,1.2513463497161900
Anemia and Iron-Deficiency,hsa-miR-3682-3p,1.2513427734375
Canavan Disease,hsa-miR-134,1.2513238191604600
Juvenile gout,hsa-miR-3669,1.2513076066970800
Chronic Limb-Threatening Ischemia,hsa-miR-134,1.2512953281402600
Adenocarcinoma Of Esophagus,hsa-miR-3669,1.2512905597686800
Polyposis Syndrome and Hereditary Mixed and 1,hsa-miR-3669,1.251289963722230
Scleral Diseases,hsa-miR-3669,1.251268982887270
Pseudomonas Infections,hsa-miR-3669,1.2512685060501100
Mycoplasma pneumoniae pneumonia,hsa-miR-3669,1.251263976097110
Reproductive Tract Infections,hsa-miR-3669,1.2512623071670500
Obstructive   Kidney Disease,hsa-miR-3669,1.2512589693069500
Reperfusion Injury and Testicular Ischemia,hsa-miR-134,1.2512366771698000
Brugada Syndrome,hsa-miR-134,1.2511996030807500
Lattice corneal dystrophy type 1,hsa-miR-365b-5p,1.2510815858840900
Splenic Neoplasms,hsa-miR-365b-5p,1.2510243654251100
Radiation-Induced Oral Mucositis,hsa-miR-4513,1.2509934902191200
Dwarfism,hsa-miR-4434,1.250797152519230
Fibrosarcoma,hsa-miR-4434,1.2507915496826200
Myeloma Bone Disease,hsa-miR-181a-2-3p,1.2505403757095300
Inflammation and Chronic,hsa-miR-181a-2-3p,1.2505360841751100
Neutropenia,hsa-miR-1301-3p,1.2505155801773100
Angioedemas and Hereditary,hsa-miR-181a-2-3p,1.250489354133610
Adrenocortical Adenoma,hsa-miR-1301-3p,1.250429391860960
Amebiasis,hsa-miR-181a-2-3p,1.250410795211790
Multiple Mitochondrial Dysfunctions Syndrome,hsa-miR-1293,1.250331163406370
Meniscus Degeneration,hsa-miR-196a-1,1.2502601146698000
Canavan Disease,hsa-miR-26a-1*,1.250235676765440
Dysentery and Bacillary,hsa-miR-1293,1.250187635421750
Inflammation and Chronic,hsa-miR-26a-1*,1.2501702308654800
Venous Neointimal Hyperplasia,hsa-miR-26a-1*,1.2501628398895300
Reperfusion Injury and Testicular Ischemia,hsa-miR-26a-1*,1.2501485347747800
Polyposis Syndrome and Hereditary Mixed and 1,hsa-miR-320c-1,1.249955177307130
Periodontitis and Diabetic,hsa-miR-18b-5p,1.249942660331730
Prekallikrein Deficiency,hsa-miR-18b-5p,1.2499334812164300
Myeloma Bone Disease,hsa-miR-18b-5p,1.249921202659610
Asthma and Chronic,hsa-miR-18b-5p,1.249916911125180
Tricuspid Valve Insufficiency,hsa-miR-18b-5p,1.249910593032840
Primary Gastrointestinal Diffuse Large B-Cell Lymphoma ,hsa-miR-18b-5p,1.249893307685850
Urinary Calculi,hsa-miR-4280,1.2498717308044400
Dysentery and Bacillary,hsa-miR-18b-5p,1.2498236894607500
Periodontitis and Diabetic,hsa-miR-3646,1.249769926071170
Juvenile gout,hsa-miR-4280,1.2497419118881200
Urinary Calculi,hsa-miR-20a*,1.2496519088745100
Chediak-Higashi Syndrome,hsa-miR-3646,1.2496302127838100
Rhabdoid Tumor and Kidney,hsa-miR-20a*,1.2496083974838300
Wound Infection,hsa-miR-20a*,1.2496026754379300
Phyllodes Tumor and Breast,hsa-miR-20a*,1.2495970726013200
Intermittent Claudication,hsa-miR-3669,1.2495442628860500
Testicular Neoplasms,hsa-miR-194-5p,1.2495057582855200
Pathologic Processes,hsa-miR-4482,1.2494966983795200
Anemia and Iron-Deficiency,hsa-miR-193b-5p,1.2494899034500100
Anemia and Iron-Deficiency,hsa-miR-329-3p,1.24912428855896
Ophthalmoplegia and Chronic Progressive External,hsa-miR-2114*,1.2485710382461500
Craniocerebral Trauma,mmu-miR-701,1.2482997179031400
Anemia and Iron-Deficiency,hsa-miR-3689f,1.247285008430480
Angioedemas and Hereditary,hsa-miR-152,1.2469407320022600
Lattice corneal dystrophy type 1,hsa-miR-3942-5p,1.2468347549438500
Neutropenia,hsa-miR-3942-5p,1.2468184232711800
Chediak-Higashi Syndrome,hsa-miR-3942-5p,1.2467314004898100
Newcastle Disease,hsa-mir-873,1.2466065883636500
 Lymph  Node Metastasis,hsa-miR-18b-5p,1.2459818124771100
Multiple Mitochondrial Dysfunctions Syndrome,hsa-miR-219b-5p,1.2458643913269000
Equine Infectious Anemia,hsa-miR-219b-5p,1.2458205223083500
Uveomeningoencephalitic Syndrome,hsa-miR-219b-5p,1.2457693815231300
Spinal Cord Compression,hsa-miR-219b-5p,1.2457371950149500
Multiple Endocrine Neoplasia Type 1,hsa-miR-219b-5p,1.2457256317138700
Deglutition Disorders,hsa-miR-219b-5p,1.2457176446914700
Nevi and Melanomas,hsa-miR-220b,1.2457051277160600
Equine Infectious Anemia,hsa-miR-374c-3p,1.2454462051391600
Chronic  Rhinosinusitis With Nasal Polyps,hsa-miR-329-2,1.2454410791397100
Polyneuropathies,hsa-miR-3918,1.2454345226287800
Asthma and Chronic,hsa-miR-329-2,1.2454315423965500
Venous Neointimal Hyperplasia,hsa-miR-329-2,1.2454240322113000
Short Qt Syndrome,hsa-miR-329-2,1.2453114986419700
Canavan Disease,hsa-miR-2114,1.245255947113040
Nevi and Melanomas,hsa-miR-2114,1.2452059984207200
Renal Artery Obstruction,hsa-miR-210-3p,1.245171070098880
Reperfusion Injury and Testicular Ischemia,hsa-miR-210-3p,1.2451215982437100
Nevi and Melanomas,hsa-miR-1273h-3p,1.2451049089431800
Brugada Syndrome,hsa-miR-1273h-3p,1.2450308799743700
Tibial Neuropathy,hsa-miR-376b-5p,1.244977355003360
Maxillary Fractures,hsa-miR-200a-3p,1.2447148561477700
UV-Sensitive Syndrome,hsa-miR-4513,1.244537591934200
Posterior Segment Ocular Diseases,hsa-miR-4513,1.2444673776626600
Chediak-Higashi Syndrome,hsa-miR-4513,1.2443909645080600
Myeloma Bone Disease,hsa-miR-3622b-3p,1.2441887855529800
Pelvic Organ Prolapse,hsa-miR-4446-5p,1.2441755533218400
Reperfusion Injury and Testicular Ischemia,hsa-miR-3622b-3p,1.2441627979278600
Posterior Segment Ocular Diseases,hsa-miR-320b-1,1.2439199686050400
Diminished  Ovarian Reserve,hsa-miR-320b-1,1.2439113855361900
Inflammation and Chronic,hsa-miR-4447,1.2436912059783900
Diminished  Ovarian Reserve,hsa-miR-4447,1.243645191192630
Adenocarcinoma Of Esophagus,hsa-miR-4447,1.2435886859893800
Smith-McCort Dysplasia,hsa-miR-4492,1.2435694932937600
Newcastle Disease,hsa-miR-4437,1.2435088157653800
Multiple Mitochondrial Dysfunctions Syndrome,hsa-miR-3677,1.243181824684140
Myotonic Dystrophy,hsa-miR-3677,1.2431586980819700
Neutropenia,hsa-miR-1228*,1.2430963516235400
Brugada Syndrome,hsa-miR-1228*,1.243064522743230
Gonadotoxicity,hsa-miR-4492,1.24285089969635
Myotonic Dystrophy,hsa-miR-219a-5p,1.2426518201828000
Craniocerebral Trauma,hsa-miR-4482,1.242560625076290
Chediak-Higashi Syndrome,hsa-miR-34c,1.242254614830020
Scleral Diseases,hsa-miR-34c,1.2422443628311200
Multiple Mitochondrial Dysfunctions Syndrome,mmu-miR-744,1.2419134378433200
Sepsis and Intensive Care Unit-Acquired,mmu-miR-744,1.241880178451540
Classical Swine Fever,mmu-miR-744,1.2418768405914300
Asthma and Chronic,mmu-miR-744,1.2418632507324200
Wound Infection,mmu-miR-744,1.2418586015701300
Aristolochic Acid Induced Nephropathy,mmu-miR-744,1.2417948246002200
Spinal Cord Compression,mmu-miR-744,1.2417863607406600
Chediak-Higashi Syndrome,mmu-miR-744,1.2417495250701900
Scleral Diseases,mmu-miR-744,1.2417391538620000
Amebiasis,mmu-miR-744,1.241737961769100
Gluteal Muscle   Contracture,hsa-miR-3655,1.2415306568145800
Reperfusion Injury and Testicular Ischemia,hsa-miR-3655,1.2415046691894500
Polyposis Syndrome and Hereditary Mixed and 1,hsa-miR-30c-2*,1.2414673566818200
Amebiasis,rno-miR-99a,1.2413066625595100
Vision and Low,hsa-miR-4444,1.241253137588500
Maxillary Fractures,hsa-miR-1245a,1.241248369216920
Dilated Cardiomyopathy ,hsa-miR-2681,1.2412384748458900
Sepsis and Intensive Care Unit-Acquired,hsa-miR-213,1.2411959171295200
Testicular Damage,hsa-miR-4439,1.241188883781430
Equine Infectious Anemia,hsa-miR-213,1.2411855459213300
Gonadotoxicity,hsa-mir-873,1.241010069847110
Testicular Damage,mmu-miR-708,1.2408086061477700
Testicular Damage,hsa-miR-4494,1.2405894994735700
Radiation-Induced Oral Mucositis,mmu-miR-693-5p,1.2405409812927200
Scleral Diseases,hsa-miR-3191-3p,1.2405146360397300
Nevi and Melanomas,hsa-miR-424-5p,1.2403534650802600
Radiation-Induced Oral Mucositis,hsa-miR-3126-5p,1.2402538061142000
Nevi and Melanomas,hsa-let-7f-2*,1.2401695251464800
Vitreoretinochoroidopathy,hsa-miR-30e,1.2400059700012200
Vision and Low,mmu-miR-700-5p,1.23994779586792
Liposarcoma and Myxoid,hsa-miR-33a*,1.2398772239685100
Ophthalmoplegia and Chronic Progressive External,hsa-miR-130b,1.2398130893707300
Reperfusion Injury and Testicular Ischemia,hsa-miR-33a*,1.239806056022640
Primary Gastrointestinal Diffuse Large B-Cell Lymphoma ,hsa-miR-33a*,1.2398040294647200
Amebiasis,hsa-miR-33a*,1.2397024631500200
Gout,mmu-miR-743a,1.2396174669265700
Absent corpus callosum cataract immunodeficiency,rno-miR-25,1.2395813465118400
Tibial Neuropathy,rno-miR-25,1.2395801544189500
Reperfusion Injury and Testicular Ischemia,rno-miR-25,1.2395459413528400
Angioedemas and Hereditary,rno-miR-25,1.2395210266113300
Gonadotoxicity,hsa-mir-802,1.2395099401474
Lentivirus Infections,hsa-miR-219-1-3p,1.2395063638687100
UV-Sensitive Syndrome,hsa-miR-219-1-3p,1.2395013570785500
Lupus Vasculitis and Central Nervous System,hsa-miR-219-1-3p,1.239476203918460
Crisponi syndrome,hsa-miR-219-1-3p,1.2394675016403200
Angioedemas and Hereditary,hsa-miR-219-1-3p,1.2394217252731300
Dilated Cardiomyopathy ,hsa-let-7i-5p,1.2394013404846200
Nevi and Melanomas,hsa-miR-342-5p,1.2393717765808100
Wound Infection,hsa-miR-342-5p,1.239351749420170
Chediak-Higashi Syndrome,hsa-miR-342-5p,1.2392425537109400
Gonadotoxicity,hsa-mir-8080,1.239167332649230
Gout,hsa-mir-8080,1.2391247749328600
Neoplasms and Mesothelial,hsa-miR-1979,1.2389929294586200
Urinary Calculi,hsa-miR-1979,1.2389838695526100
Inflammation and Chronic,hsa-miR-1979,1.2389394044876100
Skeletal Muscle Dysplasia,hsa-miR-1252-5p,1.2389384508132900
Wound Infection,hsa-miR-1979,1.2389347553253200
Primary Gastrointestinal Diffuse Large B-Cell Lymphoma ,hsa-miR-1979,1.2389158010482800
Human T-Cell Leukemia Virus Type 1 Infections,hsa-miR-1979,1.2388557195663500
Adrenocortical Adenoma,hsa-miR-1979,1.2388262748718300
Lattice corneal dystrophy type 1,hsa-miR-1225-5p,1.2387264966964700
Gout,hsa-miR-4443,1.2387152910232500
Gonadotoxicity,hsa-miR-4459,1.238690733909610
Brugada Syndrome,hsa-miR-1225-5p,1.238677978515630
Spinal Cord Compression,hsa-miR-1225-5p,1.2386599779129000
Gout,hsa-miR-4459,1.2386479377746600
Diarrhea and Bacterial,hsa-miR-1908,1.2386387586593600
Posterior Segment Ocular Diseases,hsa-miR-1908,1.238572120666500
Inflammation and Chronic,hsa-miR-3116,1.2385585308075000
Brugada Syndrome,hsa-miR-3670,1.2383911609649700
Splenic Neoplasms,hsa-miR-3670,1.2383822202682500
Scleral Diseases,hsa-miR-3670,1.2383257150650000
Splenic Neoplasms,hsa-mir-8055,1.2382856607437100
Myeloma Bone Disease,hsa-miR-1234-3p,1.2381553649902300
Polyposis Syndrome and Hereditary Mixed and 1,hsa-miR-1234-3p,1.2380480766296400
Gout,hsa-miR-4437,1.2378695011138900
Gout,mmu-miR-700-5p,1.2377829551696800
Encephalitis and Tick-Borne,mmu-miR-693-5p,1.2375473976135300
Vitelliform Macular Dystrophy,mmu-miR-693-5p,1.2375131845474200
Gout,hsa-miR-4494,1.2375074625015300
Granulomatous Disease and Chronic,hsa-miR-3674,1.237475037574770
 Lymph  Node Metastasis,hsa-miR-3622b-3p,1.2374509572982800
Rhabdoid Tumor and Kidney,hsa-miR-3674,1.2374331951141400
Primary Gastrointestinal Diffuse Large B-Cell Lymphoma ,hsa-miR-3674,1.2374085187912000
Scleral Diseases,mmu-miR-693-5p,1.2373570203781100
Granulomatous Disease and Chronic,hsa-miR-3126-5p,1.2373307943344100
UV-Sensitive Syndrome,hsa-miR-3126-5p,1.2373207807540900
Neonatal Encephalopathy,hsa-miR-3126-5p,1.2372994422912600
Corneal Dystrophy and Juvenile Epithelial of Meesmann,hsa-miR-3126-5p,1.2372875213623000
Renal Allograft Dysfunction,hsa-miR-3126-5p,1.2372703552246100
Maxillary Fractures,hsa-miR-30d-3p,1.2372697591781600
Small-Bowel  Neuroendocrine Tumor,hsa-miR-3126-5p,1.2372592687606800
Splenic Neoplasms,hsa-miR-3126-5p,1.237220287323000
Juvenile gout,hsa-miR-3126-5p,1.237202525138860
Granulomatous Disease and Chronic,mmu-miR-707,1.2370811700820900
Disorders of Sex Development,mmu-miR-707,1.2370500564575200
Lymphohistiocytosis and Hemophagocytic,mmu-miR-707,1.2370485067367600
Wound Infection,mmu-miR-707,1.2370339632034300
Persistent Fetal Circulation Syndrome,hsa-miR-4444,1.2369027137756300
Lupus Vasculitis and Central Nervous System,hsa-miR-4262,1.2359336614608800
Renal Artery Obstruction,hsa-miR-1255b,1.2356315851211500
Tibial Neuropathy,hsa-miR-1255b,1.2356162071228000
Transmissible Gastroenteritis,hsa-miR-1255b,1.2355749607086200
Equine Infectious Anemia,hsa-miR-103a-3p,1.2355135679245000
Angioedemas and Hereditary,hsa-miR-103a-3p,1.235460638999940
Persistent Fetal Circulation Syndrome,mmu-miR-708,1.235397458076480
Preterm Premature Rupture of the Membranes,hsa-miR-4456,1.2349975109100300
Multiple Mitochondrial Dysfunctions Syndrome,hsa-miR-181a-3p,1.2343673706054700
Granulomatous Disease and Chronic,hsa-miR-181a-3p,1.2343602180481000
Skeletal Muscle Injury,hsa-miR-181a-3p,1.2343579530715900
Classical Swine Fever,hsa-miR-181a-3p,1.2343311309814500
Posterior Segment Ocular Diseases,hsa-miR-181a-3p,1.234279751777650
Diminished  Ovarian Reserve,hsa-miR-181a-3p,1.2342710494995100
Angioedemas and Hereditary,hsa-miR-181a-3p,1.2342703342437700
Myeloma Bone Disease,hsa-miR-212,1.2342431545257600
Spinal Cord Compression,hsa-miR-181a-3p,1.2342402935028100
Chronic Kidney   Disease,hsa-miR-212,1.234220027923580
Primary Gastrointestinal Diffuse Large B-Cell Lymphoma ,hsa-miR-212,1.2342151403427100
Diminished  Ovarian Reserve,hsa-miR-212,1.2341927289962800
Multiple Endocrine Neoplasia Type 1,hsa-miR-30c-5p,1.2331414222717300
Testicular Neoplasms,hsa-miR-30c-5p,1.233096718788150
Urinary Calculi,hsa-miR-221-5p,1.2329692840576200
Renal Artery Obstruction,hsa-miR-221-5p,1.23295259475708
Tibial Neuropathy,hsa-miR-221-5p,1.2329370975494400
Polyposis Syndrome and Hereditary Mixed and 1,hsa-miR-221-5p,1.2328218221664400
Amebiasis,hsa-miR-221-5p,1.2327996492385900
Reperfusion Injury and Testicular Ischemia,hsa-miR-3972,1.232466697692870
Reperfusion Injury and Testicular Ischemia,hsa-miR-3960,1.2324645519256600
Nevi and Melanomas,hsa-miR-3676-3p,1.232454538345340
Papilloma and Inverted,hsa-miR-34c,1.2324246168136600
Reperfusion Injury and Testicular Ischemia,hsa-miR-3676-3p,1.2324174642562900
Preterm Premature Rupture of the Membranes,hsa-mir-8080,1.2320301532745400
Teratoma,hsa-miR-4456,1.2318129539489700
Absent corpus callosum cataract immunodeficiency,hsa-let-7f-2-3p,1.2317701578140300
Tibial Neuropathy,hsa-let-7f-2-3p,1.23176908493042
Asthma and Chronic,hsa-let-7f-2-3p,1.2317566871643100
Autoimmune Diseases of the Nervous System,hsa-miR-15a,1.2317492961883500
Myeloma Bone Disease,hsa-miR-15a,1.2317196130752600
Ophthalmoplegia and Chronic Progressive External,hsa-miR-329-3p,1.2317183017730700
Human T-Cell Leukemia Virus Type 1 Infections,hsa-let-7f-2-3p,1.2316731214523300
Polyposis Syndrome and Hereditary Mixed and 1,hsa-let-7f-2-3p,1.2316535711288500
Autoimmune Diseases of the Nervous System,hsa-miR-3920,1.2316229343414300
Venous Neointimal Hyperplasia,hsa-miR-3130-3p,1.2314680814743000
Reperfusion Injury and Testicular Ischemia,hsa-miR-3130-3p,1.2314538955688500
Spinal Cord Compression,hsa-miR-3130-3p,1.2313989400863600
Canavan Disease,hsa-miR-425-3p,1.2306275367736800
Maxillary Fractures,hsa-miR-3928-3p,1.2302955389022800
 Lymph  Node Metastasis,hsa-miR-342-5p,1.2302656173706100
systemic primary carnitine deficiency disease,mmu-miR-708,1.2301779985427900
systemic primary carnitine deficiency disease,hsa-miR-4494,1.2299588918685900
Papillomavirus Infections,hsa-miR-4456,1.2298537492752100
 Lymph  Node Metastasis,hsa-miR-1979,1.2296451330184900
Adenocarcinoma Of Esophagus,hsa-miR-4300,1.2294858694076500
Teratoma,hsa-mir-8069,1.2294206619262700
Metabolic  Syndrome,mmu-miR-743a,1.2292112112045300
Trichosporonosis,hsa-miR-20b*,1.2291134595871000
Esophageal Neoplasms,hsa-miR-4446-5p,1.228835940361020
Abnormalities and Drug-Induced,hsa-miR-4478,1.2285534143447900
Tricuspid Valve Insufficiency,hsa-miR-3182,1.2283424139022800
Polyposis Syndrome and Hereditary Mixed and 1,hsa-miR-3182,1.2282460927963300
Homozygous Familial Hypercholesterolemia,hsa-miR-3182,1.2282183170318600
Metabolic  Syndrome,hsa-mir-8080,1.227790117263790
Human T-Cell Leukemia Virus Type 1 Infections,hsa-miR-136-3p,1.227745771408080
Ape Diseases,hsa-mir-8082,1.2275763750076300
Teratoma,hsa-miR-4459,1.2274713516235400
Hyperphagia,hsa-mir-873,1.2271369695663500
Hyperphagia,hsa-miR-450a-5p,1.2266271114349400
Pancoast Syndrome,hsa-miR-4459,1.226466178894040
Juvenile gout,hsa-miR-1307-5p,1.226383924484250
Reperfusion Injury and Testicular Ischemia,hsa-miR-1199-3p,1.2263250350952100
Anaphylaxis,hsa-miR-3675-3p,1.2261754274368300
Respiratory Tract Infections,hsa-miR-4443,1.2258516550064100
Papillomavirus Infections,hsa-miR-4443,1.2257062196731600
Chediak-Higashi Syndrome,hsa-miR-4256,1.2255994081497200
Anemia and Iron-Deficiency,hsa-miR-219-1-3p,1.2254985570907600
Testicular Neoplasms,hsa-miR-1914*,1.2253940105438200
Teratoma,hsa-miR-4437,1.225226640701290
Inflammation and Chronic,hsa-miR-183-5p,1.2251546382904100
Vaginosis and Bacterial,hsa-miR-183-5p,1.2251383066177400
Brugada Syndrome,hsa-miR-1976,1.2250672578811600
Tooth and Supernumerary,hsa-mir-873,1.22504723072052
Diminished  Ovarian Reserve,hsa-miR-1283,1.224724292755130
 Lymph  Node Metastasis,hsa-miR-1255b,1.2246814966201800
Scleral Diseases,hsa-miR-1283,1.2246462106704700
Metabolic  Syndrome,hsa-miR-4437,1.2241712808609000
Radiation-Induced Oral Mucositis,hsa-miR-1307-5p,1.2241542339325000
Metabolic  Syndrome,mmu-miR-700-5p,1.2239214181900000
Pancoast Syndrome,hsa-miR-4439,1.223775863647460
Autoimmune Diseases of the Nervous System,hsa-miR-3192,1.2234523296356200
Maxillary Fractures,hsa-miR-4255,1.2234190702438400
Respiratory Tract Infections,hsa-miR-4437,1.2234129905700700
thyroid gland Hurthle cell carcinoma,hsa-miR-3192,1.2233014106750500
Papillomavirus Infections,hsa-miR-4437,1.223267674446110
Hyperphagia,mmu-miR-743a,1.223244547843930
Metabolic  Syndrome,hsa-miR-4494,1.2231264114379900
Papillomavirus Infections,mmu-miR-708,1.222441554069520
Myeloma Bone Disease,hsa-miR-365b-3p,1.2220594882965100
Visceral Pain,hsa-miR-301a-5p,1.2220072746276900
Transmissible Gastroenteritis,hsa-miR-301a-5p,1.2219732999801600
Myotonic Dystrophy,hsa-miR-224,1.2219384908676100
Primary Gastrointestinal Diffuse Large B-Cell Lymphoma ,hsa-miR-224,1.2218877077102700
Polyposis Syndrome and Hereditary Mixed and 1,hsa-miR-224,1.221808671951290
Scleral Diseases,hsa-miR-224,1.221787452697750
Metabolic  Syndrome,hsa-miR-4482,1.2214553356170700
Tricuspid Valve Insufficiency,hsa-miR-196a*,1.2208974361419700
Reperfusion Injury and Testicular Ischemia,hsa-miR-196a*,1.2208822965621900
Amebiasis,hsa-miR-196a*,1.2207787036895800
Brugada Syndrome,hsa-miR-1247-5p,1.2205010652542100
Polyposis Syndrome and Hereditary Mixed and 1,hsa-miR-184,1.220380187034610
Skeletal Muscle Dysplasia,hsa-miR-184,1.2203742265701300
thyroid gland Hurthle cell carcinoma,hsa-miR-184,1.220366358757020
Reperfusion Injury and Testicular Ischemia,hsa-miR-4279,1.2201701402664200
Posterior Segment Ocular Diseases,hsa-miR-4279,1.2201544046402000
Tooth and Supernumerary,hsa-miR-4444,1.2196296453476000
bladder carcinoma,hsa-miR-4444,1.2192243337631200
Lymphohistiocytosis and Hemophagocytic,hsa-miR-3151,1.2185710668563800
Tooth and Supernumerary,hsa-miR-4443,1.2185536623001100
Reperfusion Injury and Testicular Ischemia,hsa-miR-3151,1.2185393571853600
Hyperphagia,mmu-miR-700-5p,1.2179547548294100
bladder carcinoma,hsa-miR-4459,1.217954397201540
Hashimoto Disease,hsa-miR-4456,1.2178255319595300
Mesothelioma and Malignant,hsa-mir-8080,1.2173073291778600
Chronic Inflammation,hsa-miR-320a,1.217223048210140
Mesothelioma and Malignant,hsa-miR-4444,1.21720290184021
Wounds and Nonpenetrating,hsa-mir-873,1.2165757417678800
Autoimmune Diseases of the Nervous System,hsa-miR-30c-1,1.2165629863739000
Chronic Inflammation,hsa-miR-30c-1,1.2165437936782800
Meniscus Degeneration,hsa-miR-25,1.216513991355900
Wound Infection,hsa-miR-196a-3p,1.2155827283859300
Reperfusion Injury and Testicular Ischemia,hsa-let-7b-3p,1.2154818773269700
bladder carcinoma,hsa-miR-4494,1.2146646976470900
Testicular Neoplasms,hsa-miR-148b-3p,1.2144553661346400
Mesothelioma and Malignant,hsa-miR-4437,1.2136884927749600
Hashimoto Disease,hsa-miR-4443,1.2136777639389000
Holt-Oram syndrome,hsa-miR-4482,1.213291049003600
Polyposis Syndrome and Hereditary Mixed and 1,hsa-miR-4485-5p,1.2132762670517000
bladder carcinoma,hsa-miR-4482,1.212993860244750
Hypothyroidism,hsa-miR-450a-5p,1.2129651308059700
Mesothelioma and Malignant,hsa-miR-4494,1.2126433849334700
Noma,hsa-miR-4443,1.2122867107391400
Myeloma Bone Disease,hsa-miR-130a*,1.2118091583252000
Placenta Accreta,hsa-miR-4446-5p,1.2117559909820600
Neutropenia,hsa-miR-4306,1.2113786935806300
Posterior Segment Ocular Diseases,hsa-miR-4306,1.211368203163150
hereditary fructose intolerance syndrome,hsa-mir-873,1.2111318111419700
Wound Infection,hsa-miR-192-3p,1.2110389471054100
Tricuspid Valve Insufficiency,hsa-miR-192-3p,1.2110369205474900
Mesothelioma and Malignant,hsa-miR-4482,1.2109724283218400
Still's Disease and Adult-Onset,mmu-miR-676-3p,1.210823655128480
Aortic Valve Stenosis,hsa-miR-4444,1.2108051776886000
Intra-Articular Fractures,hsa-miR-31-3p,1.2102174758911100
Hashimoto Disease,hsa-miR-4494,1.2101941108703600
Noma,hsa-miR-4437,1.2098479270935100
Aortic Valve Stenosis,hsa-miR-4459,1.2095353603363000
Heart Diseases,hsa-miR-4478,1.2093945741653400
Vitreoretinochoroidopathy,hsa-miR-335-3p,1.2093740701675400
 Lymph  Node Metastasis,hsa-miR-1976,1.209088921546940
Optic Neuritis,rno-miR-652,1.2090262174606300
Noma,hsa-miR-4494,1.2088028192520100
Hypothyroidism,hsa-mir-8080,1.208161473274230
Aortic Valve Stenosis,mmu-miR-700-5p,1.2070409059524500
Primary Aldosteronism ,hsa-miR-4443,1.206791877746580
Hypothyroidism,hsa-miR-4459,1.2067872285842900
Severe Dengue,hsa-miR-4459,1.2067571878433200
Premenstrual Syndrome,hsa-miR-4459,1.2064117193222000
Aortic Valve Stenosis,hsa-miR-4494,1.2062455415725700
Absent corpus callosum cataract immunodeficiency,hsa-miR-3928-5p,1.2058331966400100
Nephritis and Hereditary,hsa-miR-3928-5p,1.2058086395263700
Brugada Syndrome,hsa-miR-3928-5p,1.2057609558105500
Reperfusion Injury and Steatotic Liver Ischemia,hsa-miR-378a-5p,1.205735683441160
Dysentery and Bacillary,hsa-miR-3928-5p,1.2057266235351600
Chlamydia Infections,hsa-miR-4459,1.2052104473114000
Dilated Cardiomyopathy ,hsa-miR-181b-3p,1.205098032951360
hereditary fructose intolerance syndrome,hsa-miR-4443,1.2046382427215600
Premenstrual Syndrome,mmu-miR-700-5p,1.203917145729070
Still's Disease and Adult-Onset,hsa-miR-4444,1.2034807205200200
Esophageal Neoplasms,hsa-mir-8080,1.2034740447998000
Esophageal Neoplasms,hsa-miR-4444,1.2033697366714500
Primary Aldosteronism ,hsa-miR-4494,1.2033079862594600
Double Outlet Right Ventricle,hsa-miR-19a-5p,1.2031588554382300
chronic myeloid leukemia (CML),hsa-miR-17*,1.2024611234664900
Chlamydia Infections,mmu-miR-708,1.2021397352218600
Dilated Cardiomyopathy ,hsa-miR-103-as,1.2017290592193600
Primary Aldosteronism ,hsa-miR-4482,1.2016371488571200
Premenstrual Syndrome,hsa-miR-4482,1.2014509439468400
Arrhythmogenic Right Ventricular Dysplasia,hsa-miR-4492,1.2012442350387600
HIV-Associated Lipodystrophy Syndrome,mmu-miR-708,1.2005176544189500
Esophageal Neoplasms,hsa-miR-4437,1.1998552083969100
Still's Disease and Adult-Onset,mmu-miR-700-5p,1.199716567993160
Vitreoretinochoroidopathy,hsa-miR-30d-3p,1.1993886232376100
Sepsis-Associated Encephalopathy,mmu-miR-674,1.1990257501602200
Still's Disease and Adult-Onset,hsa-miR-4494,1.1989212036132800
congenital nongoitrous hypothyroidism 4,hsa-miR-450a-5p,1.198843240737920
Esophageal Neoplasms,hsa-miR-4494,1.19881010055542
Polycystic Kidney Diseases,mmu-miR-676-3p,1.1986061334610000
High Grade Ovarian Neoplasms,hsa-miR-448,1.1981252431869500
Dilated Cardiomyopathy ,hsa-miR-335-3p,1.197595477104190
Persian Gulf Syndrome,hsa-mir-8064,1.1973975896835300
high grade glioma,hsa-mir-8080,1.1965034008026100
Polycystic Kidney Diseases,hsa-miR-450a-5p,1.1961712837219200
Lymphangioleiomyomatosis,hsa-mir-8080,1.196109414100650
Lymphangioleiomyomatosis,hsa-miR-4444,1.1960049867630000
Arrhythmogenic Right Ventricular Dysplasia,hsa-mir-873,1.1959354877471900
Spinal Cord Compression,hsa-let-7g*,1.1959105730056800
Chanarin-Dorfman Syndrome,hsa-miR-367-3p,1.195726752281190
Graft Occlusion and Vascular,hsa-miR-4494,1.1955249309539800
Gastrointestinal Stromal Tumors,hsa-mir-873,1.1954835653305100
congenital nongoitrous hypothyroidism 4,mmu-miR-743a,1.195460557937620
Guillain-Barre Syndrome,hsa-mir-8069,1.1953637599945100
Abnormalities and Drug-Induced,hsa-miR-4444,1.1952825784683200
Mandibular Diseases,hsa-miR-450a-5p,1.1952568292617800
Neuropathic Low Back Pain,hsa-miR-021,1.1950712203979500
Dilated Cardiomyopathy ,hsa-miR-200a-3p,1.1950548887252800
Reperfusion Injury and Testicular Ischemia,hsa-miR-32*,1.1946519613266000
Equine Infectious Anemia,hsa-miR-32*,1.1946452856063800
Chronic  Rhinosinusitis With Nasal Polyps,hsa-miR-32*,1.194644570350650
Intraoperative Awareness,hsa-miR-32*,1.1946402788162200
Vitelliform Macular Dystrophy,hsa-miR-32*,1.1946392059326200
Lentivirus Infections,hsa-miR-32*,1.1946377754211400
Fractures and Bone,hsa-miR-4444,1.1945632696151700
Fatigue,mmu-miR-743a,1.194534420967100
Brain Injuries,hsa-miR-4443,1.194258689880370
Hypothermia,hsa-miR-4459,1.1940070390701300
congenital nongoitrous hypothyroidism 4,hsa-miR-4444,1.1939352750778200
Fractures and Bone,hsa-miR-4443,1.1934874057769800
Pyelonephritis,hsa-miR-4437,1.1933234930038500
Pyelonephritis,mmu-miR-700-5p,1.1930736303329500
Campomelia Cumming type,hsa-miR-4443,1.1929409503936800
congenital nongoitrous hypothyroidism 4,hsa-miR-4443,1.1928596496582000
Campomelia Cumming type,hsa-miR-4459,1.192746877670290
congenital nongoitrous hypothyroidism 4,hsa-miR-4459,1.1926653385162400
high grade glioma,mmu-miR-700-5p,1.1926348209381100
Encephalocele,mmu-miR-743a,1.1926244497299200
Brugada Syndrome,hsa-miR-30c-1*,1.192486047744750
Classical Swine Fever,hsa-miR-30c-1*,1.1924690008163500
high grade glioma,hsa-miR-4439,1.1924388408660900
Cystadenocarcinoma and Serous and Ovarian,mmu-miR-743a,1.1921745538711500
Vitreoretinochoroidopathy,hsa-miR-26b,1.1918751001358000
familial chylomicronemia syndrome,hsa-miR-450a-5p,1.1918070316314700
Encephalocele,hsa-mir-8069,1.1917786598205600
Hypothermia,hsa-miR-4437,1.1917624473571800
Fatigue,hsa-miR-4459,1.1917389631271400
Abnormalities and Drug-Induced,mmu-miR-700-5p,1.1915181875228900
Abnormalities and Drug-Induced,hsa-miR-4439,1.1913223266601600
Polycystic Kidney Diseases,hsa-miR-4444,1.1912633180618300
Encephalocele,hsa-miR-4444,1.1910991668701200
Abnormalities and Drug-Induced,mmu-miR-708,1.1909419298172000
Hypothermia,mmu-miR-708,1.1909364461898800
Guillain-Barre Syndrome,mmu-miR-700-5p,1.190920114517210
Fractures and Bone,mmu-miR-700-5p,1.1907987594604500
Cardiomyopathies and Uremic,mmu-miR-708,1.1904046535491900
Mandibular Diseases,hsa-miR-4444,1.190348744392400
Guillain-Barre Syndrome,mmu-miR-708,1.190343976020810
Embolic Stroke,hsa-mir-8080,1.1902800798416100
congenital nongoitrous hypothyroidism 4,mmu-miR-700-5p,1.1901708841323900
Guillain-Barre Syndrome,hsa-miR-4494,1.1901248693466200
Encephalocele,hsa-miR-4443,1.1900231838226300
Fractures and Bone,hsa-miR-4494,1.1900036334991500
Frailty,hsa-miR-4492,1.189978003501890
congenital nongoitrous hypothyroidism 4,hsa-miR-4439,1.1899751424789400
Skin Ulcer,hsa-miR-183*,1.1899420022964500
Encephalocele,hsa-miR-4459,1.1898292303085300
Dilated Cardiomyopathy ,hsa-miR-3925,1.1896723508834800
Osteolysis and Essential,hsa-miR-4456,1.1895908117294300
Spinal Cord Compression,hsa-miR-3934-3p,1.1892696619033800
Posterior Segment Ocular Diseases,hsa-miR-3934-3p,1.1892603635788000
Arrhythmogenic Right Ventricular Dysplasia,hsa-miR-4459,1.1892478466033900
Fatigue,mmu-miR-700-5p,1.1892446279525800
Abnormalities and Drug-Induced,hsa-miR-4482,1.1890519857406600
Hypothermia,hsa-miR-4482,1.1890463829040500
Dilated Cardiomyopathy ,hsa-miR-147b,1.18886137008667
Parvoviridae Infections,hsa-miR-102,1.188632607460020
familial chylomicronemia syndrome,mmu-miR-743a,1.1884243488311800
Diffuse Alveolar Hemorrhage and Autoimmune-Mediated,hsa-miR-4443,1.1883246898651100
congenital nongoitrous hypothyroidism 4,hsa-miR-4482,1.1877049207687400
Encephalitis and Viral,hsa-miR-4492,1.187556505203250
Infectious pancreatic necrosis virus,hsa-mir-8080,1.1874151229858400
Alopecia,hsa-miR-4423-5p,1.1873891353607200
Asphyxia,hsa-miR-4423-5p,1.187376618385320
Infectious pancreatic necrosis virus,hsa-miR-4444,1.1873109340667700
Polycystic Kidney Diseases,hsa-miR-4439,1.187303066253660
Encephalocele,hsa-miR-4439,1.1871389150619500
Germ Cell Tumor and Non-Teratomatous,hsa-mir-8080,1.187137484550480
familial chylomicronemia syndrome,hsa-mir-8080,1.187003493309020
Reperfusion Injury and Ischemia,hsa-miR-1290,1.186782717704770
Osteolysis and Essential,hsa-mir-8080,1.186623454093930
Gastrointestinal Stromal Tumors,hsa-miR-4437,1.1865513324737500
Dilated Cardiomyopathy ,hsa-miR-211-5p,1.186434268951420
Placenta Accreta,hsa-mir-8080,1.186394214630130
Chronic  Rhinosinusitis With Nasal Polyps,hsa-miR-380*,1.1863455772399900
Optic Neuritis,hsa-miR-4497,1.1862510442733800
Embolic Stroke,hsa-miR-4439,1.1862157583236700
Arrhythmogenic Right Ventricular Dysplasia,mmu-miR-708,1.1861772537231400
Mycobacterium Infections,hsa-miR-450a-5p,1.1860533952713000
Mandibular Diseases,mmu-miR-708,1.1860082149505600
Germ Cell Tumor and Non-Teratomatous,hsa-miR-4443,1.1859571933746300
Cardiomyopathy and Dilated,hsa-miR-4456,1.1859310865402200
Fatty Liver and Alcoholic,hsa-miR-4497,1.1858725547790500
Mandibular Diseases,hsa-miR-4494,1.1857892274856600
Iridocorneal Endothelial Syndrome,hsa-miR-200a-3p,1.1856845617294300
Diffuse Alveolar Hemorrhage and Autoimmune-Mediated,mmu-miR-700-5p,1.185636281967160
Vitreoretinochoroidopathy,hsa-miR-4255,1.1855380535125700
Diffuse Alveolar Hemorrhage and Autoimmune-Mediated,hsa-miR-4439,1.1854403018951400
Polyposis Syndrome and Hereditary Mixed and 1,hsa-miR-200b-5p,1.1854236125946000
Neutropenia,hsa-miR-200b-5p,1.1854057312011700
Wound Infection,hsa-miR-200b-5p,1.185400366783140
Inflammation and Chronic,hsa-miR-200b-5p,1.1853992938995400
Myeloma Bone Disease,hsa-miR-200b-5p,1.1853985786438000
Airway Obstruction,hsa-miR-31-3p,1.185326099395750
Lattice corneal dystrophy type 1,hsa-miR-340*,1.185168743133550
Parvoviridae Infections,hsa-miR-3160-5p,1.1851046085357700
Dilated Cardiomyopathy ,hsa-miR-2681-5p,1.185076117515560
Dilated Cardiomyopathy ,hsa-let-7a*,1.1850669384002700
Placenta Accreta,hsa-miR-4459,1.185020089149480
Dilated Cardiomyopathy ,hsa-miR-3125,1.1848149299621600
Jequier Kozlowski skeletal dysplasia,hsa-mir-8069,1.1846354007720900
Arrhythmogenic Right Ventricular Dysplasia,hsa-miR-4482,1.184287428855900
Papilloma and Inverted,hsa-miR-192-3p,1.184273362159730
Swine Diseases,hsa-miR-1234,1.1842089891433700
Vitreoretinochoroidopathy,hsa-miR-329-3p,1.18411123752594
Splenic Neoplasms,hsa-miR-4288,1.1838407516479500
Reperfusion Injury and Renal Ischemia,hsa-mir-873,1.1836013793945300
Infectious pancreatic necrosis virus,mmu-miR-700-5p,1.1835464239120500
Systemic Inflammatory Response Syndrome,hsa-miR-4456,1.1834408044815100
Knee Injuries,hsa-miR-4494,1.1833196878433200
Heart Failure and Diastolic,hsa-miR-125b-2,1.1831989288330100
childhood acute myeloid leukemia,hsa-miR-4444,1.183169960975650
Diffuse Alveolar Hemorrhage and Autoimmune-Mediated,hsa-miR-4482,1.183169960975650
Plasmablastic Lymphoma,hsa-miR-4497,1.1831159591674800
Cardiomyopathy and Dilated,hsa-miR-4444,1.1828595399856600
Nevi and Melanomas,hsa-miR-4284,1.1827975511550900
Infectious pancreatic necrosis virus,hsa-miR-4494,1.1827512979507400
Osteolysis and Essential,hsa-miR-4439,1.1825590133667000
Vitreoretinochoroidopathy,hsa-miR-29b-3p,1.182474136352540
Airway Obstruction,hsa-miR-3160-5p,1.182468295097350
Frailty,hsa-miR-4456,1.1823233366012600
Ophthalmoplegia and Chronic Progressive External,hsa-miR-1234-3p,1.1821404695510900
Osteolysis and Essential,hsa-miR-4494,1.181959629058840
childhood acute myeloid leukemia,hsa-miR-4459,1.1819000244140600
Cardiomyopathy and Dilated,hsa-miR-4443,1.1817835569381700
Costello Syndrome,hsa-miR-4446-5p,1.1813790798187300
Reperfusion Injury and Renal Ischemia,hsa-miR-4456,1.1812552213668800
Mycobacterium Infections,hsa-miR-4444,1.181145191192630
Dilated Cardiomyopathy ,hsa-miR-4281,1.1810321807861300
Heart Diseases,hsa-miR-450a-5p,1.1810314655304000
Respiratory Sounds,hsa-miR-26a-2-3p,1.180953025817870
familial chylomicronemia syndrome,hsa-miR-4482,1.180668592453000
Dilated Cardiomyopathy ,hsa-miR-3928-3p,1.1806358098983800
Dilated Cardiomyopathy ,hsa-miR-130b,1.1804274320602400
Osteolysis and Essential,hsa-miR-4482,1.180288553237920
Heart Failure and Diastolic,hsa-miR-1284,1.1802265644073500
Jequier Kozlowski skeletal dysplasia,mmu-miR-700-5p,1.1801915168762200
Dilated Cardiomyopathy ,hsa-miR-26b,1.1800965070724500
Placenta Accreta,hsa-miR-4482,1.1800594329834000
Stomatitis and Aphthous,hsa-miR-1245b-3p,1.1799041032791100
Jequier Kozlowski skeletal dysplasia,mmu-miR-708,1.1796154975891100
Brain Injuries,rno-miR-352,1.1795381307601900
Iridocorneal Endothelial Syndrome,hsa-miR-1284,1.179524302482610
Reperfusion Injury and Renal Ischemia,hsa-mir-802,1.179275631904600
Frailty,hsa-miR-4444,1.179251790046690
Labyrinth Diseases,hsa-mir-8069,1.1790475845336900
Cardiomyopathy and Alcoholic,hsa-mir-873,1.1784279346466100
Cardiomyopathy and Dilated,hsa-miR-4494,1.1782997846603400
Reperfusion Injury and Renal Ischemia,hsa-miR-4444,1.178183674812320
Chorioamnionitis,mmu-miR-698,1.1781426668167100
Leukemia and Promyelocytic and Acute,mmu-miR-698,1.178127646446230
Gaucher Disease,hsa-mir-873,1.1777721643447900
Meniscus Degeneration,hsa-miR-3132,1.1777673959732100
Tibial Neuropathy,hsa-miR-3132,1.1777384281158400
Jequier Kozlowski skeletal dysplasia,hsa-miR-4482,1.1777254343032800
Heart Diseases,mmu-miR-743a,1.1776487827301000
colorectal adenocarcinoma,hsa-mir-8080,1.177627444267270
Aging and Premature,mmu-miR-743a,1.1773977279663100
Labyrinth Diseases,hsa-miR-4443,1.1772922277450600
Diarrhea,mmu-miR-743a,1.1772385835647600
Reperfusion Injury and Renal Ischemia,hsa-miR-4443,1.177107810974120
Liposarcoma,mmu-miR-743a,1.1771045923233000
childhood acute myeloid leukemia,hsa-miR-4482,1.1769392490387000
Encephalitis and Viral,hsa-miR-4444,1.1768301725387600
Hypoadrenocorticism and Familial,hsa-mir-873,1.1767419576644900
Dilated Cardiomyopathy ,hsa-miR-3682-3p,1.1766315698623700
Systemic Inflammatory Response Syndrome,mmu-miR-700-5p,1.1766047477722200
Mycobacterium Infections,hsa-miR-4494,1.1765857934951800
Adenoviridae Infections,hsa-mir-8080,1.176386833190920
hearing loss,hsa-miR-450a-5p,1.1762911081314100
colorectal adenocarcinoma,hsa-miR-4459,1.1762529611587500
Heart Diseases,hsa-mir-8080,1.1762279272079500
Respiratory Paralysis,hsa-miR-1284,1.17598557472229
Dilated Cardiomyopathy ,hsa-miR-20b*,1.1757726669311500
Frailty,hsa-miR-4437,1.1757372617721600
Pasteurella Multocida Infections,hsa-miR-1255b-2-3p,1.175701379776000
Common Variable Immunodeficiency 2@En,mmu-miR-708,1.1756958961486800
Encephalitis and Viral,hsa-miR-4459,1.1755603551864600
Myeloma Bone Disease,hsa-miR-365a-5p,1.1755146980285600
Plaque and Amyloid,hsa-miR-4283,1.1754966974258400
Sneddon Syndrome,hsa-miR-3186-5p,1.1752352714538600
Pneumoconiosis,hsa-miR-3186-5p,1.1752209663391100
Myeloma Bone Disease,hsa-miR-3186-5p,1.1752076148986800
Adenoviridae Infections,hsa-miR-4443,1.1752066612243700
Myotonic Dystrophy,hsa-miR-3186-5p,1.1752022504806500
Femoral Neck Fractures,mmu-miR-743a,1.1751952171325700
Heart Diseases,hsa-miR-4443,1.175047755241390
Frailty,mmu-miR-708,1.1749112606048600
Frailty,hsa-miR-4494,1.1746922731399500
Diarrhea,hsa-miR-4443,1.1746373176574700
Labyrinth Diseases,mmu-miR-700-5p,1.1746037006378200
Testicular Neoplasms,hsa-miR-30d*,1.1745461225509600
Parvoviridae Infections,hsa-let7i,1.174456238746640
Hypoadrenocorticism and Familial,hsa-miR-4456,1.1743959188461300
Dilated Cardiomyopathy ,hsa-miR-29b-1,1.1743221282959000
Acute Uterine Injury,hsa-miR-4455,1.1742979288101200
Basal Ganglia Hemorrhage,hsa-mir-873,1.174247145652770
Labyrinth Diseases,mmu-miR-708,1.174027442932130
Gaucher Disease,mmu-miR-743a,1.173879623413090
Reperfusion Injury and Renal Ischemia,mmu-miR-708,1.1738430261611900
Vitreoretinochoroidopathy,hsa-miR-155-3p,1.1738407611846900
Substance-Related Disorders,hsa-mir-8080,1.1737903356552100
Dilated Cardiomyopathy ,hsa-miR-4255,1.1737594604492200
Cardiomyopathy and Alcoholic,hsa-mir-8069,1.173689365386960
Femoral Neck Fractures,hsa-miR-4444,1.1736699342727700
Reperfusion Injury and Testicular Ischemia,hsa-miR-371a-5p,1.173657774925230
Deglutition Disorders,hsa-miR-1229-3p,1.1735942363739000
Posterior Segment Ocular Diseases,hsa-miR-1229-3p,1.173580527305600
Gliosis,hsa-miR-1229-3p,1.1735793352127100
von Hippel-Lindau Disease,hsa-mir-8079,1.1730754375457800
dilated cardiomyopathy 1FF,hsa-mir-8079,1.1730515956878700
Warburg micro syndrome 1,hsa-mir-8079,1.1730490922927900
Palatal Neoplasms,hsa-mir-8079,1.17304527759552
Frailty,hsa-miR-4482,1.1730211973190300
Airway Obstruction,hsa-miR-361-3p,1.1729892492294300
colorectal adenocarcinoma,hsa-miR-4494,1.1729635000228900
hearing loss,mmu-miR-743a,1.1729083061218300
Humeral Fractures,hsa-miR-200b,1.1728404760360700
Implantation Failure,hsa-miR-4443,1.1727533340454100
Reperfusion Injury and Steatotic Liver Ischemia,hsa-miR-29b-1,1.172749638557430
Vitreoretinochoroidopathy,hsa-miR-3669,1.1727182865142800
 Lymph  Node Metastasis,hsa-miR-3619-3p,1.1726818084716800
Encephalitis and Viral,mmu-miR-708,1.1724895238876300
Blind Loop Syndrome,hsa-miR-021,1.1724351644516000
Dilated Cardiomyopathy ,hsa-miR-329-3p,1.1723328828811600
Encephalitis and Viral,hsa-miR-4494,1.1722705364227300
Poisoning,mmu-miR-764-3p,1.1722596883773800
Thymus Neoplasms,mmu-miR-764-3p,1.1722570657730100
Anodontia,mmu-miR-764-3p,1.172248125076290
Mycobacterium Infections and Nontuberculous,mmu-miR-764-3p,1.1722453832626300
Cardiac Complexes and Premature,mmu-miR-764-3p,1.172243356704710
Palatal Neoplasms,mmu-miR-764-3p,1.1722357273101800
Multiple Sclerosis and Chronic Progressive,mmu-miR-764-3p,1.1722333431243900
sporatic amyotrophic lateral sclerosis,mmu-miR-764-3p,1.1722251176834100
Hepatic Insufficiency,mmu-miR-764-3p,1.172224760055540
Hemorrhagic Fever and Ebola,mmu-miR-764-3p,1.1722197532653800
Diarrhea,hsa-miR-4437,1.1721988916397100
Labyrinth Diseases,hsa-miR-4482,1.1721374988555900
Heart Failure and Diastolic,hsa-miR-3928-3p,1.1719677448272700
Ossification of the posterior longitudinal ligament of the spine,hsa-miR-4456,1.1719416379928600
Amebiasis,hsa-miR-3155b,1.1719237565994300
Tibial Neuropathy,hsa-miR-3155b,1.1718913316726700
 Lymph  Node Metastasis,hsa-miR-4254,1.1717689037323000
Ventricular Dysfunction and Right,hsa-miR-4439,1.171759009361270
Diarrhea,hsa-miR-4439,1.171753168106080
Cardiomyopathy and Alcoholic,hsa-miR-4459,1.171740174293520
Adenoviridae Infections,hsa-miR-4494,1.1717228889465300
Diminished  Ovarian Reserve,hsa-miR-146a*,1.1715964078903200
Reperfusion Injury and Steatotic Liver Ischemia,hsa-miR-193b-5p,1.17146897315979
Neuropathic Low Back Pain,mmu-miR-699,1.1714537143707300
Wound Infection,hsa-miR-302d-3p,1.1714457273483300
Diarrhea,mmu-miR-708,1.171372652053830
Blind Loop Syndrome,hsa-miR-433,1.1713582277298000
Renal Artery Obstruction,hsa-miR-375,1.17124342918396
Liposarcoma,mmu-miR-708,1.171238660812380
Diarrhea,hsa-miR-4494,1.1711536645889300
Death and Sudden,hsa-miR-4459,1.171008825302120
Ehlers-Danlos Syndrome and musculocontractural type 1,hsa-miR-4478,1.1707749366760300
Reperfusion Injury and Steatotic Liver Ischemia,hsa-miR-329-3p,1.1707602739334100
Dilated Cardiomyopathy ,hsa-miR-335-5p,1.1707457304000900
Iridocorneal Endothelial Syndrome,hsa-miR-26b,1.1707261800766000
Asthma ,hsa-miR-4446-5p,1.1707113981246900
Iridocorneal Endothelial Syndrome,hsa-miR-223-5p,1.1705867052078200
Reperfusion Injury and Ischemia,hsa-miR-1268,1.1705302000045800
Varicose Veins,hsa-miR-4469,1.1704734563827500
Bronchiolitis Obliterans,hsa-miR-4469,1.170444130897520
High Grade Ovarian Neoplasms,hsa-miR-4469,1.1704412698745700
Hypoadrenocorticism and Familial,hsa-miR-4443,1.1702483892440800
Meniscus Degeneration,hsa-miR-33b,1.1701127290725700
Hypoadrenocorticism and Familial,hsa-miR-4459,1.170054316520690
Femoral Neck Fractures,mmu-miR-700-5p,1.1699057817459100
Heart Failure and Diastolic,hsa-miR-1244,1.1698442697525000
Anhedonia,mmu-miR-743a,1.1698077917099
Iridocorneal Endothelial Syndrome,hsa-miR-136,1.1697289943695100
Implantation Failure,mmu-miR-708,1.1694886684417700
Femoral Neck Fractures,mmu-miR-708,1.1693294048309300
Asphyxia,hsa-miR-4422,1.1693224906921400
Cardiomyopathy and Alcoholic,mmu-miR-700-5p,1.169245719909670
Salivary Gland Neoplasms,hsa-miR-4478,1.1692283153533900
Osteochondrodysplasias,hsa-miR-4478,1.169175386428830
Femoral Neck Fractures,hsa-miR-4494,1.1691101789474500
Ossification of the posterior longitudinal ligament of the spine,hsa-miR-4444,1.168869972229000
Gaucher Disease,hsa-miR-4437,1.168839931488040
Amyloidosis and Hereditary and Transthyretin-Related,hsa-miR-4456,1.1687521934509300
Cardiomyopathy and Alcoholic,mmu-miR-708,1.1686694622039800
alpha-Thalassemia,hsa-miR-30d-3p,1.1685932874679600
Death and Sudden,mmu-miR-700-5p,1.1685144901275600
Death and Sudden,hsa-miR-4439,1.1683186292648300
Gaucher Disease,mmu-miR-708,1.1680139303207400
Intra-Articular Fractures,hsa-miR-425-5p,1.167936086654660
Angioedemas and Hereditary,hsa-miR-23a-5p,1.1677223443985000
Death and Sudden,hsa-miR-4494,1.1677191257476800
Reperfusion Injury and Testicular Ischemia,hsa-miR-23a-5p,1.1677166223526
Sepsis and Intensive Care Unit-Acquired,hsa-miR-23a-5p,1.1677074432373000
Implantation Failure,hsa-miR-4482,1.1675987243652300
Encephalopathy and Bovine Spongiform,hsa-miR-4456,1.1674983501434300
Substance-Related Disorders,hsa-miR-4482,1.1674554347991900
Femoral Neck Fractures,hsa-miR-4482,1.167439341545110
Amyloidosis and Hereditary and Transthyretin-Related,mmu-miR-743a,1.1672056913375900
Reperfusion Injury and Steatotic Liver Ischemia,hsa-miR-3689f,1.1671967506408700
Arene Oxide Detoxification Defect,hsa-miR-30b,1.1670466661453200
hearing loss,mmu-miR-708,1.1670427322387700
Intra-Articular Fractures,hsa-miR-181b-3p,1.16704261302948
Nevi and Melanomas,hsa-miR-30b,1.1670421361923200
Granulomatous Disease and Chronic,hsa-miR-30b,1.167035698890690
Chronic   Pelvic Pain Syndrome,hsa-miR-30b,1.1670334339141800
Erythema,hsa-miR-4444,1.1668779850006100
Hearing Loss and Sensorineural,hsa-miR-4459,1.1666570901870700
Heart Failure and Diastolic,hsa-miR-218-1,1.1665421724319500
Thyroid cancer and medullary,mmu-miR-676-3p,1.1664845943450900
Myocardial Fibrosis,hsa-miR-450a-5p,1.1664544343948400
Iridocorneal Endothelial Syndrome,hsa-miR-20b*,1.1664024591445900
Amyloidosis and Hereditary and Transthyretin-Related,hsa-mir-8069,1.1663600206375100
Heart Failure and Diastolic,hsa-miR-216a-5p,1.1663590669632000
Reperfusion Injury and Steatotic Liver Ischemia,hsa-miR-218-2*,1.1661436557769800
Death and Sudden,hsa-miR-4482,1.1660481691360500
non-alcoholic steatohepatitis,rno-miR-674-3p,1.1653337478637700
Atrial Premature Complexes,rno-miR-674-3p,1.1653006076812700
Gastric Cancer and Early,hsa-mir-873,1.1651321649551400
Basal Ganglia Hemorrhage,mmu-miR-700-5p,1.1650651693344100
Neoplasms and Mesothelial,hsa-miR-130a-1,1.1650166511535600
Fusariosis,hsa-mir-873,1.164854884147640
Juvenile gout,hsa-miR-27a-3p,1.1648095846176100
Tricuspid Valve Insufficiency,hsa-miR-27a-3p,1.1647911071777300
Rhabdoid Tumor and Kidney,hsa-miR-27a-3p,1.1647893190383900
Hereditary Autoinflammatory Diseases,hsa-miR-27a-3p,1.1647889614105200
Renal Artery Obstruction,hsa-miR-27a-3p,1.1647828817367600
Skeletal Muscle Injury,hsa-miR-27a-3p,1.1647800207138100
Myocardial Fibrosis,hsa-miR-4456,1.1646181344986000
Ossification of the posterior longitudinal ligament of the spine,mmu-miR-708,1.1645293235778800
Optic Neuritis,hsa-miR-4446-5p,1.1644959449768100
Encephalopathy and Bovine Spongiform,hsa-miR-4444,1.1644266843795800
Iridocorneal Endothelial Syndrome,hsa-miR-4255,1.1643891334533700
Neuropathic Low Back Pain,hsa-miR-4255,1.1643365621566800
Hypopharyngeal Neoplasms,hsa-miR-302d*,1.1643227338790900
Fibrosarcoma,hsa-miR-302d*,1.164320945739750
Ossification of the posterior longitudinal ligament of the spine,hsa-miR-4494,1.164310336112980
Hearing Loss and Sensorineural,mmu-miR-700-5p,1.1641628742218000
Phyllodes Tumor and Breast,hsa-miR-4299,1.1640496253967300
Synovitis,hsa-miR-4446-5p,1.1640456914901700
autoimmune uveitis,hsa-miR-3620-3p,1.1639972925186200
Amebiasis,hsa-miR-4292,1.1639822721481300
Diminished  Ovarian Reserve,hsa-miR-4292,1.1639636754989600
Tibial Neuropathy,hsa-miR-3165,1.163962721824650
Reperfusion Injury and Testicular Ischemia,hsa-miR-4292,1.163957953453060
Chronic  Rhinosinusitis With Nasal Polyps,hsa-miR-4292,1.1639505624771100
Osteoblastoma,hsa-miR-4292,1.163949728012090
Plaque and Amyloid,hsa-miR-3178,1.1639256477356000
Visceral Pain,hsa-miR-4480,1.1639217138290400
Myeloma Bone Disease,hsa-miR-1246,1.163908839225770
Rhabdoid Tumor and Kidney,hsa-miR-182*,1.1639059782028200
Posterior Segment Ocular Diseases,hsa-miR-30a-5P,1.1638927459716800
Gastric Cancer and Metachronous,mmu-miR-676-3p,1.1637979745864900
Reperfusion Injury and Testicular Ischemia,hsa-miR-3184-5p,1.1637299060821500
Reperfusion Injury and Testicular Ischemia,hcmv-miR-US22,1.1637274026870700
Reperfusion Injury and Testicular Ischemia,EBV-mir-BART11,1.1637128591537500
Angioedemas and Hereditary,hsa-miR-3934-5p,1.1637071371078500
Classical Swine Fever,hsa-miR-3934-5p,1.1636929512023900
Transfusion Reaction,hsa-mir-873,1.1636648178100600
Neuropathic Allodynia,hsa-miR-135a-5p,1.163604974746700
Posterior Segment Ocular Diseases,mmu-miR-681,1.163591980934140
Autolysis,hsa-mir-873,1.1635210514068600
Cystoid Macular Edema and Diabetic,hsa-miR-4428,1.1635138988494900
Immune System Diseases,hsa-miR-4428,1.1635119915008500
Upper Tract Urothelial Carcinoma,hsa-miR-4428,1.1635109186172500
Papillary Thyroid Microcarcinoma,hsa-miR-4428,1.163510799407960
Pyloric Hypomotility,hsa-miR-4428,1.1635091304779100
Peritoneal Diseases,hsa-miR-4428,1.163507103919980
Intestinal Fistula,hsa-miR-4428,1.1635068655014000
Large Artery  Atherosclerosis,hsa-miR-4428,1.1635067462921100
Hip Dislocation and Congenital,hsa-miR-4428,1.163506031036380
Hair Diseases,hsa-miR-4428,1.1635056734085100
vulva squamous cell carcinoma,hsa-miR-4428,1.1635056734085100
Hemangioma and Cavernous,hsa-miR-4428,1.1635055541992200
Angioedemas and Hereditary,hsa-miR-3688-3p,1.1635050773620600
Leukemia and Myeloid and Chronic and Atypical and BCR-ABL Negative,hsa-miR-4428,1.1635035276413000
Poisoning,hsa-miR-4428,1.1635034084320100
Blast Crisis,hsa-miR-4428,1.1635029315948500
Sleep Deprivation,hsa-miR-4428,1.163498044013980
Primary Ovarian Insufficiency,hsa-miR-4428,1.1634916067123400
Cysts,hsa-miR-4428,1.1634904146194500
Mycobacterium Infections and Nontuberculous,hsa-miR-4428,1.1634891033172600
rippling muscle disease 1,hsa-miR-4428,1.1634876728057900
Mesothelioma and Malignant and Pleural,hsa-miR-4428,1.1634875535965000
Movement Disorders,hsa-miR-4428,1.1634867191314700
External Auditory Canal Squamous Cell Carcinoma,hsa-miR-4428,1.1634862422943100
Chagas Disease,hsa-miR-4428,1.1634862422943100
Osteoporotic Fracture and Tibial,hsa-miR-4428,1.1634846925735500
Long Term Adverse Effects,hsa-miR-4428,1.1634845733642600
Bicuspid Aortic Valve Disease,hsa-miR-4428,1.1634840965271000
Pseudarthrosis,hsa-miR-4428,1.16348397731781
Carotid Artery Injuries,hsa-miR-4428,1.16348397731781
Substance Abuse and Intravenous,hsa-miR-4428,1.1634832620620700
Coronary Artery Calcification,hsa-miR-4428,1.1634831428527800
ACTH-independent macronodular adrenal hyperplasia,hsa-miR-4428,1.1634827852249100
Enterovirus B and Human,hsa-miR-4428,1.163482666015630
Infections,hsa-miR-4428,1.1634823083877600
Iron Metabolism Disorders,hsa-miR-4428,1.1634819507598900
Pleural Effusion and Malignant,hsa-miR-4428,1.1634818315506000
Shock and Septic,hsa-miR-4428,1.1634807586669900
Bone Neoplasms,hsa-miR-4428,1.1634801626205400
Meibomian Gland Carcinoma  ,hsa-miR-4428,1.1634801626205400
Angelman Syndrome,hsa-miR-4428,1.1634799242019700
Zoonoses,hsa-miR-4428,1.1634798049926800
Neurofibromatosis 2,hsa-miR-4428,1.1634796857833900
Dwarfism,hsa-miR-4428,1.1634796857833900
Acute Lymphoblastic Leukemia and B-Cell,hsa-miR-4428,1.1634795665741000
Ataxia with vitamin E deficiency,hsa-miR-4428,1.163479208946230
Neuroectodermal Tumors and Primitive,hsa-miR-4428,1.1634790897369400
Cleidocranial Dysplasia,hsa-miR-4428,1.1634787321090700
nonsyndromic congenital nail disorder 7,hsa-miR-4428,1.163477897644040
Fibroadenoma,hsa-miR-4428,1.1634777784347500
Halal syndrome,hsa-miR-4428,1.1634771823883100
Drug Hypersensitivity,hsa-miR-4428,1.1634753942489600
Post-Cardiac Arrest Syndrome,hsa-miR-4428,1.1634740829467800
Hypospadias,hsa-miR-4428,1.1634739637374900
primary biliary cholangitis 1,hsa-miR-4428,1.1634730100631700
Autoimmune enteropathy,hsa-miR-4428,1.1634730100631700
Thrombocythemia and Essential,hsa-miR-4428,1.1634727716445900
Bone Diseases,hsa-miR-4428,1.1634726524353000
Blood Coagulation Disorders,hsa-miR-4428,1.1634725332260100
Postoperative Complications,hsa-miR-4428,1.1634706258773800
arthrogryposis and renal dysfunction and and cholestasis 1,hsa-miR-4428,1.1634695529937700
Wiskott-Aldrich Syndrome,hsa-miR-4428,1.1634652614593500
Susac Syndrome,hsa-miR-4458,1.163413405418400
peripartum cardiomyopathy,rno-miR-30b-3p,1.1633477210998500
Non-Segmental Vitiligo,hsa-miR-1911*,1.163321614265440
Ophthalmoplegia and Chronic Progressive External,hsa-miR-3920,1.16321861743927
Juvenile gout,hsa-miR-151a-5p@,1.1631633043289200
Myocardial Fibrosis,mmu-miR-743a,1.163071632385250
Vision Disorders,hsa-miR-129-2-3p,1.1630183458328200
Blind Loop Syndrome,hsa-miR-200a-3p,1.1629961729049700
Neuropathic Low Back Pain,hsa-miR-329-3p,1.1629098653793300
Ossification of the posterior longitudinal ligament of the spine,hsa-miR-4482,1.1626393795013400
Incontinentia Pigmenti,hsa-mir-875,1.1625630855560300
Intracranial Arteriovenous Malformations,hsa-mir-875,1.1625609397888200
Hyperandrogenism,hsa-mir-875,1.1625550985336300
Kartagener Syndrome,hsa-mir-875,1.162548303604130
Cervical Cancer and Hpv Infected,hsa-mir-875,1.1625444889068600
Bone Diseases and Metabolic,hsa-mir-875,1.1625391244888300
Rosacea,hsa-mir-875,1.162538766860960
Erythema,mmu-miR-708,1.1625373363494900
Dwarfism,hsa-mir-875,1.1625345945358300
rectum adenocarcinoma,hsa-mir-875,1.1625304222106900
Arteritis,hsa-mir-8079,1.1625291109085100
Wiskott-Aldrich Syndrome,hsa-mir-875,1.1625200510025000
Neutropenia,hsa-miR-218-5p,1.1624422073364300
Neuropathic Low Back Pain,hsa-miR-093,1.1624302864074700
Neoplasms and Mesothelial,hsa-miR-218-5p,1.1624233722686800
Alveolar echinococcosis,rno-miR-30b-3p,1.1624151468277000
Postural Orthostatic Tachycardia Syndrome,rno-miR-30b-3p,1.1624137163162200
Protein-Losing Enteropathies,rno-miR-30b-3p,1.1624106168746900
Combined Saposin Deficiency,rno-miR-30b-3p,1.162410020828250
Arthritis and Gouty,rno-miR-30b-3p,1.1624064445495600
Hemangioma and Cavernous,rno-miR-30b-3p,1.1624047756195100
Carcinogenesis,rno-miR-30b-3p,1.1623941659927400
Acute Pulmonary Embolism,rno-miR-30b-3p,1.1623941659927400
Infarct-Related Artery Total Occlusion,rno-miR-30b-3p,1.1623934507370000
Spinal Cord Diseases,rno-miR-30b-3p,1.1623929738998400
Kartagener Syndrome,rno-miR-30b-3p,1.1623928546905500
Hydatidiform Mole,rno-miR-30b-3p,1.1623886823654200
Bacterial Infections,rno-miR-30b-3p,1.1623859405517600
dilated cardiomyopathy 1FF,rno-miR-30b-3p,1.1623852252960200
diarrhea predominant irritable bowel syndrome (IBS-D),rno-miR-30b-3p,1.1623848676681500
Hypertensive  Disorder Complicating Pregnancy,rno-miR-30b-3p,1.1623833179473900
Abortion and Septic,rno-miR-30b-3p,1.1623810529708900
Fibrosarcoma,rno-miR-30b-3p,1.162380337715150
Peripheral Blood Leukocytes,rno-miR-30b-3p,1.1623796224594100
arteriosclerotic cardiovascular disease,rno-miR-30b-3p,1.162379503250120
High Grade Ovarian Neoplasms,rno-miR-30b-3p,1.1623793840408300
Hind Limb Ischemia,rno-miR-30b-3p,1.1623793840408300
Choroidal Melanoma,rno-miR-30b-3p,1.1623789072036700
Alzheimer Disease ,rno-miR-30b-3p,1.1623785495758100
Wasting Disease and Chronic,rno-miR-30b-3p,1.1623780727386500
Exanthema,rno-miR-30b-3p,1.1623780727386500
Brain Damage and Chronic,rno-miR-30b-3p,1.162377119064330
Ataxia Neuropathy Spectrum,rno-miR-30b-3p,1.1623766422271700
Inflammatory Osteolysis,rno-miR-30b-3p,1.1623766422271700
Hyperparathyroidism and Primary,rno-miR-30b-3p,1.162375569343570
Pleomorphic Sarcoma and Undifferentiated,rno-miR-30b-3p,1.162375569343570
Genital Diseases and Male,rno-miR-30b-3p,1.1623750925064100
Selenium Deficiency,rno-miR-30b-3p,1.1623733043670700
Squamous Intraepithelial Lesions and Cervical,rno-miR-30b-3p,1.1623731851577800
Blood Coagulation Disorders,rno-miR-30b-3p,1.1623718738555900
Malnutrition,rno-miR-30b-3p,1.1623705625534100
Meningitis and Bacterial,rno-miR-30b-3p,1.1623693704605100
Lumbar Disc   Herniation,rno-miR-30b-3p,1.1623685359954800
Altitude Sickness,rno-miR-30b-3p,1.1623685359954800
Adrenocortical Carcinoma and Pediatric,rno-miR-30b-3p,1.1623667478561400
Scleroderma and Diffuse,rno-miR-409-5p,1.1622892618179300
Wiskott-Aldrich Syndrome,hsa-miR-4452,1.1622328758239700
Bronchiolitis Obliterans Syndrome,rno-miR-409-5p,1.1622077226638800
Amebiasis,hsa-miR-3591-3p,1.1619822978973400
Polyposis Syndrome and Hereditary Mixed and 1,hsa-miR-3591-3p,1.1619770526886000
Wound Infection,hsa-miR-3591-3p,1.1619539260864300
Periodontitis and Diabetic,hsa-miR-3591-3p,1.1619467735290500
Amyloidosis and Hereditary and Transthyretin-Related,hsa-miR-4439,1.1617203950882000
Heart   Transplant Rejection,hsa-miR-4444,1.1615750789642300
Adenocarcinoma Of Esophagus,hsa-miR-3128,1.1615679264068600
Pancreatic Intraductal Neoplasms,hsa-miR-4446-5p,1.161454677581790
Renal Artery Obstruction,hsa-miR-3140-5p,1.1614335775375400
Sepsis-Associated Encephalopathy,hsa-miR-4446-5p,1.1614141464233400
Amyloidosis and Hereditary and Transthyretin-Related,mmu-miR-708,1.1613401174545300
Costello Syndrome,hsa-mir-873,1.1613308191299400
Equine Infectious Anemia,hsa-miR-378j,1.161184310913090
Autolysis,hsa-miR-4456,1.161175012588500
Urinary Calculi,hsa-miR-4311,1.161152958869930
Fusariosis,mmu-miR-743a,1.160962462425230
Gastric Cancer and Early,hsa-mir-802,1.16080641746521
Kidney Cortex Necrosis,hsa-miR-4441,1.1605212688446000
Myocardial Fibrosis,hsa-miR-4443,1.1604706048965500
Gastric Cancer and Early,hsa-mir-8069,1.1603939533233600
Ganglion Cysts,hsa-miR-4443,1.1602771282196000
Optic atrophy 1 and deafness,hsa-miR-199a*-2,1.1601934432983400
Her2-Positive Breast Cancer,hsa-miR-199a*-2,1.1601825952529900
Brugada Syndrome,hsa-miR-199a*-2,1.1601734161377000
Neutropenia,hsa-miR-199a*-2,1.160165786743160
Lattice corneal dystrophy type 1,hsa-miR-199a*-2,1.160162091255190
Autoimmune Pancreatitis,hsa-miR-199a*-2,1.1601619720459000
Venous Neointimal Hyperplasia,hsa-miR-199a*-2,1.1601612567901600
Arene Oxide Detoxification Defect,hsa-miR-199a*-2,1.1601603031158400
transient infantile liver failure,hsa-miR-199a*-2,1.1601601839065600
Visceral Pain,hsa-miR-199a*-2,1.1601585149765000
Myotonic Dystrophy,hsa-miR-199a*-2,1.1601532697677600
UV-Sensitive Syndrome,hsa-miR-199a*-2,1.160151720047000
Granulomatous Disease and Chronic,hsa-miR-199a*-2,1.1601494550705000
Liposarcoma and Myxoid,hsa-miR-199a*-2,1.1601479053497300
Canavan Disease,hsa-miR-199a*-2,1.1601442098617600
Intrahepatic Cholestasis of Pregnancy,mmu-miR-743a,1.160121202468870
Encephalopathy and Bovine Spongiform,hsa-miR-4494,1.1598670482635500
isolated cleft palate,hsa-mir-8069,1.1598384380340600
Gastric Cancer and Early,hsa-mir-8080,1.1598188877105700
Transfusion Reaction,mmu-miR-743a,1.159772515296940
Fusariosis,hsa-mir-8080,1.1595414876937900
Blind Loop Syndrome,hsa-miR-1245a,1.159529685974120
Scleral Diseases,hsa-miR-155-5p,1.159435749053960
Chemical and Drug Induced Liver Injury and Chronic,hsa-mir-8080,1.1588377952575700
Chediak-Higashi Syndrome,hsa-miR-2355-5p,1.1588367223739600
Myeloma Bone Disease,hsa-miR-2355-5p,1.1588088274002100
Swine Diseases,hsa-miR-2355-5p,1.1588083505630500
Urinary Calculi,hsa-miR-2355-5p,1.1587995290756200
Chemical and Drug Induced Liver Injury and Chronic,hsa-miR-4444,1.1587333679199200
Lymphoma and T-Cell and Peripheral,hsa-mir-8080,1.1586192846298200
Amyloidosis,hsa-mir-7844,1.1585966348648100
Myotonic Disorders,hsa-mir-7844,1.158589243888860
Quadruple Negative Breast Cancer,hsa-mir-7844,1.158588171005250
Hyperpigmentation,hsa-mir-7844,1.15858793258667
Hypertension and Pregnancy-Induced,hsa-mir-7844,1.1585876941680900
Obesity and Osteosarcopenic,hsa-mir-7844,1.158587098121640
Neoplastic Cells and Circulating,hsa-mir-7844,1.1585865020752000
Hyperlipoproteinemia Type III,hsa-mir-7844,1.158585786819460
Kidney Diseases and Cystic,hsa-mir-7844,1.158585786819460
Sexually Transmitted Diseases and Viral,hsa-mir-7844,1.158585548400880
non-alcoholic fatty liver,hsa-mir-7844,1.1585854291915900
Intracranial Aneurysm,hsa-mir-7844,1.1585854291915900
Upper Tract Urothelial Carcinoma,hsa-mir-7844,1.1585849523544300
Rectal Diseases,hsa-mir-7844,1.1585845947265600
Lung Carcinoid,hsa-mir-7844,1.1585845947265600
Pyloric Hypomotility,hsa-mir-7844,1.158583164215090
Sinus Thrombosis and Intracranial,hsa-mir-7844,1.1585829257965100
Osteomyelitis,hsa-mir-7844,1.1585826873779300
Cholangitis and Biliary and Primary,hsa-mir-7844,1.1585825681686400
Brucellosis,hsa-mir-7844,1.158582329750060
Hepatic Veno-Occlusive Disease,hsa-mir-7844,1.158581256866460
Intestinal Fistula,hsa-mir-7844,1.1585811376571700
Endodermal Sinus Tumor,hsa-mir-7844,1.1585808992385900
ABCD syndrome,hsa-mir-7844,1.1585805416107200
Schopf-Schulz-Passarge Syndrome,hsa-mir-7844,1.1585795879364000
Rabies,hsa-mir-7844,1.1585794687271100
Bronchial Diseases,hsa-mir-7844,1.1585794687271100
Syphilis and secondary,hsa-mir-7844,1.1585791110992400
Diabetes Of The Exocrine Pancreas ,hsa-mir-7844,1.1585789918899500
Acrodermatitis enteropathica,hsa-mir-7844,1.1585789918899500
Histiocytic Sarcoma,hsa-mir-7844,1.158578872680660
Out-of-Hospital Cardiac Arrest,hsa-mir-7844,1.1585780382156400
Rectal Prolapse,hsa-mir-7844,1.158577799797060
Ventricular Remodeling,hsa-mir-7844,1.1585776805877700
Allograft Rejection and Antibody-Mediated,hsa-mir-7844,1.1585774421691900
Craniosynostosis radial aplasia syndrome,hsa-mir-7844,1.1585770845413200
Tourette Syndrome,hsa-mir-7844,1.1585767269134500
Prion Diseases,hsa-mir-7844,1.1585760116577100
Respiratory Distress Syndrome and Newborn,hsa-mir-7844,1.1585757732391400
Mobility Limitation,hsa-mir-7844,1.1585757732391400
Leukemia and Myeloid and Accelerated Phase,hsa-mir-7844,1.1585756540298500
intracranial berry aneurysm 3,hsa-mir-7844,1.1585756540298500
Vitamin B Deficiency,hsa-mir-7844,1.1585745811462400
Oropharyngeal Neoplasms,hsa-mir-7844,1.1585742235183700
Scholte syndrome,hsa-mir-7844,1.1585739850997900
Pica,hsa-mir-7844,1.1585737466812100
Hydrocephalus,hsa-mir-7844,1.1585725545883200
Liver Disease and Alcohol-Associated ,hsa-mir-7844,1.1585708856582600
Osteoporosis-pseudoglioma syndrome,hsa-mir-7844,1.1585702896118200
Spinal Cord Diseases,hsa-mir-7844,1.1585679054260300
Kartagener Syndrome,hsa-mir-7844,1.1585676670074500
Weight Loss,hsa-mir-7844,1.1585667133331300
Thrombotic Stroke,hsa-mir-7844,1.1585661172866800
Neoplasms and Germ Cell and Embryonal,hsa-mir-7844,1.1585652828216600
Cartilage Degradation,hsa-mir-7844,1.158564805984500
Intestinal Diseases,hsa-mir-7844,1.158564805984500
Intracranial  Aneurysm,hsa-mir-7844,1.1585640907287600
Cervical Cancer and Hpv Infected,hsa-mir-7844,1.1585639715194700
Osteoporotic Fractures,hsa-mir-7844,1.1585637331008900
Neovascularization and Pathologic,hsa-mir-7844,1.1585633754730200
Mycobacterium Infections and Nontuberculous,hsa-mir-7844,1.158563256263730
Trypanosomiasis,hsa-mir-7844,1.1585628986358600
Neointimal   Hyperplasia,hsa-mir-7844,1.1585623025894200
Mandibulofacial Dysostosis,hsa-mir-7844,1.1585623025894200
Glima,hsa-mir-7844,1.158562183380130
Peritoneal Hyalinizing Vasculopathy,hsa-mir-7844,1.1585619449615500
Rhabdoviridae,hsa-mir-7844,1.1585619449615500
rippling muscle disease 1,hsa-mir-7844,1.1585618257522600
Melanoma and Experimental,hsa-mir-7844,1.1585615873336800
Cardiac Complexes and Premature,hsa-mir-7844,1.1585613489151
Hyperinsulinism,hsa-mir-7844,1.1585613489151
Brain Infarction,hsa-mir-7844,1.1585607528686500
Cushing Syndrome,hsa-mir-7844,1.158560037612920
Respiration Disorders and Infant,hsa-mir-7844,1.1585596799850500
Lymphoma and Natural   Killer/T-Cell,hsa-mir-7844,1.1585594415664700
Mastitis,hsa-mir-7844,1.1585593223571800
Graves Disease,hsa-mir-7844,1.1585593223571800
Alveolar Bone Loss,hsa-mir-7844,1.1585593223571800
Obesity and Abdominal,hsa-mir-7844,1.1585592031478900
Long Term Adverse Effects,hsa-mir-7844,1.1585588455200200
Osteoporotic Fracture and Tibial,hsa-mir-7844,1.15855872631073
Arthritis,hsa-mir-7844,1.15855872631073
Reperfusion Injury and Pulmonary Ischemia,hsa-mir-7844,1.1585584878921500
Bicuspid Aortic Valve Disease,hsa-mir-7844,1.1585583686828600
Canine Mammary Carcinoma,hsa-mir-7844,1.1585581302642800
Skin Neoplasms,hsa-mir-7844,1.1585580110549900
Carcinoma and Small Cell,hsa-mir-7844,1.158557415008550
Substance Abuse and Intravenous,hsa-mir-7844,1.1585572957992600
Gastric   Cancer,hsa-mir-7844,1.1585572957992600
Bronchiolitis Obliterans,hsa-mir-7844,1.1585571765899700
Testicular Diseases,hsa-mir-7844,1.1585571765899700
 Equine Hepacivirus Infections,hsa-mir-7844,1.1585571765899700
Cachexia,hsa-mir-7844,1.1585570573806800
Hirschsprung Disease,hsa-mir-7844,1.1585569381713900
Psoriasis,hsa-mir-7844,1.1585566997528100
Pterygium,hsa-mir-7844,1.1585566997528100
Lipidoses,hsa-mir-7844,1.158556580543520
Salpingitis,hsa-mir-7844,1.1585564613342300
Neuropathic Lysosomal Storage Diseases,hsa-mir-7844,1.1585564613342300
Pyruvate Kinase Deficiency of Red Cells,hsa-mir-7844,1.1585562229156500
Acne Vulgaris,hsa-mir-7844,1.1585559844970700
Hcv Associated Disorders,hsa-mir-7844,1.1585559844970700
Spermatic Cord Torsion,hsa-mir-7844,1.158555269241330
Shock and Septic,hsa-mir-7844,1.1585549116134600
Diabetic Keratopathy,hsa-mir-7844,1.1585549116134600
Peripheral Blood Leukocytes,hsa-mir-7844,1.1585545539856000
skin melanoma,hsa-mir-7844,1.1585543155670200
arteriosclerotic cardiovascular disease,hsa-mir-7844,1.158554196357730
Angelman Syndrome,hsa-mir-7844,1.158554196357730
High Grade Ovarian Neoplasms,hsa-mir-7844,1.158554196357730
Lip and Hamartomatous,hsa-mir-7844,1.158553957939150
Choroidal Melanoma,hsa-mir-7844,1.1585538387298600
Adrenocortical Carcinoma,hsa-mir-7844,1.1585538387298600
Acute Lymphoblastic Leukemia and B-Cell,hsa-mir-7844,1.1585537195205700
Palatal Neoplasms,hsa-mir-7844,1.1585534811019900
Parasitic Diseases,hsa-mir-7844,1.1585532426834100
Wasting Disease and Chronic,hsa-mir-7844,1.158553123474120
Cleidocranial Dysplasia,hsa-mir-7844,1.1585530042648300
Ischemic Stroke and Diabetic,hsa-mir-7844,1.158552646636960
Liver Cirrhosis and Alcoholic,hsa-mir-7844,1.1585525274276700
Hepacivirus,hsa-mir-7844,1.1585525274276700
Hypotension,hsa-mir-7844,1.1585524082183800
Chronic Disease,hsa-mir-7844,1.1585520505905200
Encephalomyelitis and Enzootic Porcine,hsa-mir-7844,1.1585520505905200
Status Epilepticus,hsa-mir-7844,1.1585516929626500
Hematologic Neoplasms,hsa-mir-7844,1.158551573753360
Thalassemia,hsa-mir-7844,1.158551573753360
Pancreatitis,hsa-mir-7844,1.1585514545440700
T-cell acute lymphoblastic leukemia,hsa-mir-7844,1.1585514545440700
Neural Tube Defects,hsa-mir-7844,1.1585514545440700
Rectal Neoplasms,hsa-mir-7844,1.1585513353347800
Multiple Sclerosis and Chronic Progressive,hsa-mir-7844,1.1585513353347800
Low Back Pain,hsa-mir-7844,1.1585512161254900
Oral Submucous Fibrosis,hsa-mir-7844,1.1585512161254900
Biotinidase Deficiency,hsa-mir-7844,1.1585510969162000
Welander distal myopathy and Swedish type,hsa-mir-7844,1.1585509777069100
Aortic Diseases,hsa-mir-7844,1.1585509777069100
Lupus Nephritis,hsa-mir-7844,1.1585508584976200
Dmd-Associated Dilated Cardiomyopathy,hsa-mir-7844,1.1585508584976200
Kahrizi Syndrome,hsa-mir-7844,1.1585506200790400
Myocarditis,hsa-mir-7844,1.1585506200790400
Thoracic Aortic   Dissection,hsa-mir-7844,1.1585501432418800
Carcinoma and Squamous Cell and Cutaneous,hsa-mir-7844,1.1585499048233000
Short Stature and Idiopathic and Autosomal,hsa-mir-7844,1.1585493087768600
Endothelial Dysfunction ,hsa-mir-7844,1.1585493087768600
Niemann-Pick disease type C1,hsa-mir-7844,1.1585488319397000
ACTH Syndrome and Ectopic,hsa-mir-7844,1.1585487127304100
Post-Cardiac Arrest Syndrome,hsa-mir-7844,1.158548355102540
Selenium Deficiency,hsa-mir-7844,1.15854811668396
Laryngeal Papilloma,hsa-mir-7844,1.1585476398468000
Bone Marrow Myelofibrosis,hsa-mir-7844,1.1585475206375100
Hip Fractures,hsa-mir-7844,1.1585474014282200
Thromboangiitis Obliterans,hsa-mir-7844,1.158547043800350
Diabetic Retinopathy ,hsa-mir-7844,1.158546805381780
Fibrous Dysplasia and Polyostotic,hsa-mir-7844,1.1585466861724900
Depressive Disorder,hsa-mir-7844,1.1585462093353300
Distal arthrogryposis type 2B,hsa-mir-7844,1.1585460901260400
Venous Thrombosis,hsa-mir-7844,1.158545970916750
Schistosomiasis,hsa-mir-7844,1.158545970916750
Foot-and-Mouth Disease,hsa-mir-7844,1.1585454940795900
Moebius syndrome 1,hsa-mir-7844,1.1585452556610100
torsion dystonia 1,hsa-mir-7844,1.1585450172424300
Postoperative Complications,hsa-mir-7844,1.1585447788238500
sporatic amyotrophic lateral sclerosis,hsa-mir-7844,1.1585431098938000
Hearing Loss and Unilateral,hsa-mir-7844,1.1585428714752200
Typical Teratoid Rhabdoid Tumor,hsa-mir-7844,1.158542275428770
Leukoplakia and Oral,hsa-mir-7844,1.158542275428770
Chronic Pain,hsa-mir-7844,1.1585421562194800
Interstitial Fibrosis and Renal,hsa-mir-7844,1.1585420370101900
Leg Ulcer,hsa-mir-7844,1.1585416793823200
Neurodevelopmental Disorders,hsa-mir-7844,1.1585407257080100
Kidney Neoplasms,hsa-mir-7844,1.1585400104522700
Renal Tubular Oxidative Injury,hsa-mir-7844,1.1585395336151100
Hemorrhagic Fever and Ebola,hsa-mir-7844,1.1585376262664800
Stomatitis and Aphthous,hsa-miR-3202,1.1584755182266200
Amelogenesis Imperfecta,mmu-miR-697,1.158414602279660
Myotonic Disorders,mmu-miR-697,1.1584137678146400
Quadruple Negative Breast Cancer,mmu-miR-697,1.1584128141403200
Ethylmalonic encephalopathy,mmu-miR-697,1.1584124565124500
Ossification of Posterior Longitudinal Ligament,mmu-miR-697,1.158411979675290
Hypoxia and Brain,mmu-miR-697,1.1584112644195600
Fluorosis and Dental,mmu-miR-697,1.1584111452102700
Coronavirus Infections,mmu-miR-697,1.1584104299545300
Tongue Neoplasms,mmu-miR-697,1.1584099531173700
Intracranial Aneurysm,mmu-miR-697,1.1584099531173700
Emphysema,mmu-miR-697,1.158408761024480
Pulmonary Veno-Occlusive Disease,mmu-miR-697,1.158408761024480
Foot Ulcer,mmu-miR-697,1.158408761024480
differentiated thyroid gland carcinoma,mmu-miR-697,1.1584081649780300
Testicular Germ Cell Tumor,mmu-miR-697,1.1584079265594500
Sinus Thrombosis and Intracranial,mmu-miR-697,1.1584075689315800
Glaucoma and Open-Angle,mmu-miR-697,1.1584073305130000
Ichthyosis and Lamellar,mmu-miR-697,1.1584066152572600
Poikiloderma with Neutropenia,mmu-miR-697,1.1584056615829500
Liver Failure and Acute,mmu-miR-697,1.1584047079086300
Cerebral Small Vessel Diseases,mmu-miR-697,1.1584045886993400
Hemangioma and Cavernous,mmu-miR-697,1.1584044694900500
Lichen Sclerosus et Atrophicus,mmu-miR-697,1.1584044694900500
Arteriosclerosis,mmu-miR-697,1.1584044694900500
Pigmentation Disorders,mmu-miR-697,1.1584038734436000
Gastrointestinal Diseases,mmu-miR-697,1.1584032773971600
Cholestasis and Intrahepatic,mmu-miR-697,1.158402919769290
Intestinal Atresia,mmu-miR-697,1.158402919769290
frontotemporal dementia,mmu-miR-697,1.158402681350710
Heart Injuries,mmu-miR-697,1.1584023237228400
Craniosynostosis radial aplasia syndrome,mmu-miR-697,1.1584017276763900
Thinness,mmu-miR-697,1.1584017276763900
Sarcoma and Synovial,mmu-miR-697,1.158401608467100
Porphyria and Variegate,mmu-miR-697,1.1584007740020800
Neoplasm Metastasis,mmu-miR-697,1.1584007740020800
Enteropathy-Associated T-Cell Lymphoma,mmu-miR-697,1.1583999395370500
Neoplasms,mmu-miR-697,1.1583987474441500
Microphthalmos,mmu-miR-697,1.1583982706069900
Sleep Deprivation,mmu-miR-697,1.1583969593048100
Multiple Trauma,mmu-miR-697,1.1583952903747600
Alcohol Withdrawal Delirium,mmu-miR-697,1.158393144607540
Hyperplasia,mmu-miR-697,1.1583919525146500
Adenocarcinoma and Sebaceous and Ocular,mmu-miR-697,1.1583908796310400
Diabetic Neuropathies,mmu-miR-697,1.1583906412124600
Bone Diseases and Developmental,mmu-miR-697,1.1583898067474400
Neoplasms and Germ Cell and Embryonal,mmu-miR-697,1.1583898067474400
Ear Diseases,mmu-miR-697,1.1583892107009900
Mycobacterium Infections and Nontuberculous,mmu-miR-697,1.1583877801895100
rippling muscle disease 1,mmu-miR-697,1.158386468887330
Helicobacter pylori,mmu-miR-697,1.15838623046875
Bacterial Infections,mmu-miR-697,1.1583855152130100
Primary Central Nervous System Lymphoma,mmu-miR-697,1.1583852767944300
Brain Injuries and Traumatic,mmu-miR-697,1.158385157585140
External Auditory Canal Squamous Cell Carcinoma,mmu-miR-697,1.1583850383758500
renal fibrosis,mmu-miR-697,1.1583847999572800
Duane Retraction Syndrome,mmu-miR-697,1.1583846807479900
Acute Lung Injury,mmu-miR-697,1.158384084701540
Gastric And Colon Cancer,mmu-miR-697,1.1583836078643800
Bone Diseases and Metabolic,mmu-miR-697,1.1583831310272200
Heart Defects and Congenital,mmu-miR-697,1.1583828926086400
esophageal carcinoma,mmu-miR-697,1.158382773399350
Polymyositis,mmu-miR-697,1.158382534980770
Exocrine Pancreatic Insufficiency,mmu-miR-697,1.1583821773529100
Dacryocystitis,mmu-miR-697,1.1583819389343300
Warburg micro syndrome 1,mmu-miR-697,1.1583819389343300
Anemia,mmu-miR-697,1.1583806276321400
Bronchopulmonary Dysplasia,mmu-miR-697,1.1583800315856900
Spondylocheirodysplasia and Ehlers-Danlos Syndrome-Like,mmu-miR-697,1.1583800315856900
Arrhythmogenic Heart Diseases,mmu-miR-697,1.1583789587020900
Adrenocortical Carcinoma,mmu-miR-697,1.1583786010742200
Lip and Hamartomatous,mmu-miR-697,1.1583784818649300
Neurofibromatosis 2,mmu-miR-697,1.1583784818649300
Choroidal Neovascularization,mmu-miR-697,1.1583783626556400
Choroidal Melanoma,mmu-miR-697,1.15837824344635
Ovarian Insufficiency and Premature,mmu-miR-697,1.158378005027770
Colorectal Neoplasms and Hereditary Nonpolyposis,mmu-miR-697,1.158378005027770
Exanthema,mmu-miR-697,1.1583775281906100
Neuroleptic Malignant Syndrome,mmu-miR-697,1.1583774089813200
Liver Cirrhosis and Alcoholic,mmu-miR-697,1.1583772897720300
Encephalomyelitis and Eastern Equine,mmu-miR-697,1.1583771705627400
Rupture,mmu-miR-697,1.1583771705627400
Hypotension,mmu-miR-697,1.158376932144170
Infarction,mmu-miR-697,1.158376932144170
Necrosis,mmu-miR-697,1.1583768129348800
Cervical Intraepithelial Neoplasia,mmu-miR-697,1.158376693725590
Encephalomyelitis and Enzootic Porcine,mmu-miR-697,1.1583765745163000
Status Epilepticus,mmu-miR-697,1.1583764553070100
Neural Tube Defects,mmu-miR-697,1.1583762168884300
Hematologic Neoplasms,mmu-miR-697,1.1583760976791400
von Willebrand Diseases,mmu-miR-697,1.1583760976791400
Ataxia Neuropathy Spectrum,mmu-miR-697,1.1583760976791400
Halal syndrome,mmu-miR-697,1.1583760976791400
Inflammatory Osteolysis,mmu-miR-697,1.1583760976791400
Aortic Diseases,mmu-miR-697,1.15837562084198
Sepsis Induced Liver Injury,mmu-miR-697,1.1583753824234000
Myocarditis,mmu-miR-697,1.1583751440048200
Pleomorphic Sarcoma and Undifferentiated,mmu-miR-697,1.1583750247955300
brachydactyly type D,mmu-miR-697,1.1583749055862400
Sveinsson Chorioretinal Atrophy,mmu-miR-697,1.1583747863769500
Elliptocytosis 2,mmu-miR-697,1.158374547958370
Genital Diseases and Male,mmu-miR-697,1.158374547958370
Growth Disorders,mmu-miR-697,1.158374547958370
Papillon-Lefevre Disease,mmu-miR-697,1.158374547958370
Genital Diseases and Female,mmu-miR-697,1.1583744287490800
Deltaretrovirus Infections,mmu-miR-697,1.1583741903305100
Hypercholesterolemia,mmu-miR-697,1.1583739519119300
Periodontal Diseases,mmu-miR-697,1.158373475074770
PEHO syndrome,mmu-miR-697,1.1583733558654800
Adenocarcinoma and Follicular,mmu-miR-697,1.1583731174469000
Neuroendocrine Tumors,mmu-miR-697,1.1583718061447100
Brain Neoplasms,mmu-miR-697,1.1583714485168500
Depressive Disorder,mmu-miR-697,1.158370852470400
Venous Thrombosis,mmu-miR-697,1.1583707332611100
Cholecystitis,mmu-miR-697,1.158369541168210
Vitamin D Deficiency,mmu-miR-697,1.158369541168210
Postoperative Complications,mmu-miR-697,1.1583693027496300
Bowen-Conradi syndrome,mmu-miR-697,1.1583670377731300
Leukoplakia and Oral,mmu-miR-697,1.1583667993545500
Thyroid Diseases,mmu-miR-697,1.1583658456802400
Vitreoretinopathy and Proliferative,mmu-miR-697,1.158363699913030
Hemoglobin Bart'S Hydrops   Fetalis Syndrome,mmu-miR-697,1.1583631038665800
N acetyltransferase deficiency,mmu-miR-697,1.1583625078201300
Fusariosis,hsa-miR-4443,1.1583611965179400
Stomatitis and Aphthous,hsa-miR-3125,1.1582980155944800
Encephalopathy and Bovine Spongiform,hsa-miR-4482,1.158195972442630
Salivary Gland Pleomorphic Adenoma,hsa-mir-8061,1.1580899953842200
Rectal Diseases,hsa-mir-8061,1.1580888032913200
Multiple System Atrophy,mmu-miR-743a,1.1580884456634500
Fibrous Dysplasia of Bone,hsa-mir-8061,1.1580865383148200
Tuberculosis and Meningeal,hsa-mir-8061,1.1580698490142800
salivary gland adenoid cystic carcinoma,hsa-mir-8061,1.1580698490142800
Alopecia,hsa-mir-8061,1.158068299293520
Osteolysis,hsa-mir-8061,1.1580671072006200
Mandibulofacial Dysostosis,hsa-mir-8061,1.158066749572750
Hypoglycemia and leucine-induced,hsa-mir-8061,1.1580666303634600
Encephalomyelitis and Western Equine,hsa-mir-8061,1.1580653190612800
Rosacea,hsa-mir-8061,1.1580626964569100
Bronchiolitis Obliterans,hsa-mir-8061,1.1580616235733000
Heart   Transplant Rejection,hsa-miR-4437,1.1580605506897000
Encephalomyelitis and Autoimmune and Experimental,hsa-mir-8061,1.158060073852540
Acute Lymphocytic Leukemia and B-Cell,hsa-mir-8061,1.15805983543396
Bronchopulmonary Dysplasia,hsa-mir-8061,1.15805983543396
Fibrosarcoma,hsa-mir-8061,1.1580595970153800
Peripheral Blood Leukocytes,hsa-mir-8061,1.158058762550350
Aspergillosis and Allergic Bronchopulmonary,hsa-mir-8061,1.1580561399459800
Finnish lethal neonatal metabolic syndrome,hsa-mir-8061,1.1580551862716700
Hyperparathyroidism and Primary,hsa-mir-8061,1.1580548286438000
Pleomorphic Sarcoma and Undifferentiated,hsa-mir-8061,1.1580547094345100
Genital Diseases and Male,hsa-mir-8061,1.158054232597350
Retinopathy of Prematurity,hsa-mir-8061,1.1580533981323200
Depressive Disorder,hsa-mir-8061,1.158050537109380
Lysosomal Storage Diseases,hsa-miR-135b-3p,1.1579233407974200
Phyllodes Tumor and Breast,hsa-miR-135b-3p,1.1579012870788600
Inflammation and Chronic,hsa-miR-135b-3p,1.1578989028930700
Ovarian Neoplasms and Serous,hsa-miR-135b-3p,1.1578905582428000
Thyroid cancer and medullary,hsa-miR-4459,1.1578717231750500
Ganglion Cysts,hsa-miR-4437,1.1578385829925500
Fibrosarcoma,mmu-miR-690,1.1577832698822000
Stomatitis and Aphthous,hsa-miR-2467-3p,1.1577228307724
Stress Disorders and Traumatic and Acute,mmu-miR-708,1.1575735807418800
Hemophilia A,hsa-mir-873,1.1575548648834200
Intrahepatic Cholestasis of Pregnancy,hsa-miR-4443,1.157520055770870
ureteropelvic junction obstruction,hsa-miR-320b,1.157348394393920
Primary Gastrointestinal Diffuse Large B-Cell Lymphoma ,hsa-miR-320b,1.1573314666748000
Reperfusion Injury and Testicular Ischemia,hsa-miR-320b,1.157331109046940
Classical Swine Fever,hsa-miR-320b,1.1573227643966700
Dementia and Vascular,hsa-mir-873,1.157321810722350
Liposarcoma and Myxoid,hsa-miR-320b,1.1573143005371100
Hypoglycemia,hsa-miR-1284,1.1572320461273200
Myocardial Fibrosis,mmu-miR-708,1.1572060585022000
Transfusion Reaction,hsa-miR-4443,1.1571714878082300
Autolysis,hsa-miR-4443,1.1570273637771600
Ganglion Cysts,mmu-miR-708,1.1570124626159700
Costello Syndrome,hsa-mir-802,1.157004952430730
Phyllodes Tumor,hsa-miR-4492,1.1569095849990800
Proteinuria,mmu-miR-676-3p,1.156838297843930
Autolysis,hsa-miR-4459,1.156833291053770
Ganglion Cysts,hsa-miR-4494,1.156793475151060
Human T-Cell Leukemia Virus Type 1 Infections,hsa-miR-17-3p,1.1566367149353000
Lipid Metabolism Disorders,mmu-miR-676-3p,1.156598448753360
Ventricular Premature Complexes,hsa-miR-4511,1.156596302986150
Blood Platelet Disorders,hsa-miR-4511,1.156592607498170
Condylomata Acuminata,hsa-miR-4511,1.1565924882888800
Costello Syndrome,hsa-mir-8069,1.1565923690795900
Quadruple Negative Breast Cancer,hsa-miR-4511,1.1565920114517200
Cystoid Macular Edema and Diabetic,hsa-miR-4511,1.1565920114517200
Rectal Injury,hsa-miR-4511,1.1565910577774000
Obesity and Osteosarcopenic,hsa-miR-4511,1.1565910577774000
spondyloepimetaphyseal dysplasia and Strudwick type,hsa-miR-4511,1.1565908193588300
Hypoxia and Brain,hsa-miR-4511,1.1565905809402500
Hypertension and Renal,hsa-miR-4511,1.156590461730960
Fluorosis and Dental,hsa-miR-4511,1.1565903425216700
Hyperlipoproteinemia Type III,hsa-miR-4511,1.1565896272659300
Paget Disease and Extramammary,hsa-miR-4511,1.1565895080566400
Protein-Losing Enteropathies,hsa-miR-4511,1.1565895080566400
Upper Tract Urothelial Carcinoma,hsa-miR-4511,1.1565889120101900
Nonsyndromic Deafness,hsa-miR-4511,1.1565881967544600
Pulmonary Veno-Occlusive Disease,hsa-miR-4511,1.1565881967544600
Emphysema,hsa-miR-4511,1.156588077545170
Hyperparathyroidism 2,hsa-miR-4459,1.1565879583358800
Bipolar Disorder,hsa-miR-4511,1.1565877199173000
differentiated thyroid gland carcinoma,hsa-miR-4511,1.1565876007080100
Smooth Muscle Tumor,hsa-miR-4511,1.1565873622894300
Hypogonadism,hsa-miR-4511,1.1565873622894300
Cholangitis and Biliary and Primary,hsa-miR-4511,1.1565864086151100
Arbovirus Infections,hsa-miR-4511,1.1565860509872400
Erectile Dysfunction,hsa-miR-4511,1.156585931777950
Sexual Dysfunctions and Psychological,hsa-miR-4511,1.1565855741500900
Early-Stage Malignant Melanoma,hsa-miR-4511,1.1565849781036400
Poikiloderma with Neutropenia,hsa-miR-4511,1.1565849781036400
Depression and Post Stroke,hsa-miR-4511,1.1565848588943500
Early Embryonic Arrestdagger,hsa-miR-4511,1.156584620475770
Lymphoma and B-Cell and Diffuse,hsa-miR-4511,1.1565840244293200
Liver Failure and Acute,hsa-miR-4511,1.1565840244293200
Bronchopneumonia,hsa-miR-4511,1.1565839052200300
Lichen Sclerosus et Atrophicus,hsa-miR-4511,1.1565837860107400
Cerebral Small Vessel Diseases,hsa-miR-4511,1.1565837860107400
Rabies,hsa-miR-4511,1.156583547592160
Uterine Diseases,hsa-miR-4511,1.1565831899642900
Rotator Cuff,hsa-miR-4511,1.1565831899642900
Diabetes Of The Exocrine Pancreas ,hsa-miR-4511,1.1565829515457200
Syphilis and secondary,hsa-miR-4511,1.1565829515457200
Acrodermatitis enteropathica,hsa-miR-4511,1.1565828323364300
Tooth Diseases,hsa-miR-4511,1.1565827131271400
Asymptomatic Infections,hsa-miR-4511,1.1565825939178500
Shoulder Injuries,hsa-miR-4511,1.156582236289980
colon carcinoma,hsa-miR-4511,1.1565821170806900
Cholestasis and Intrahepatic,hsa-miR-4511,1.1565821170806900
Rectal Prolapse,hsa-miR-4511,1.1565816402435300
Leukemia and Myeloid and Chronic and Atypical and BCR-ABL Negative,hsa-miR-4511,1.1565816402435300
Hepatitis and Chronic,hsa-miR-4511,1.1565810441970800
Craniosynostosis radial aplasia syndrome,hsa-miR-4511,1.156580924987790
Oligospermia,hsa-miR-4511,1.1565799713134800
Respiratory Distress Syndrome and Newborn,hsa-miR-4511,1.1565797328949000
Mobility Limitation,hsa-miR-4511,1.156579613685610
Prostatitis and Chronic,hsa-miR-4511,1.1565794944763200
Delayed Graft Function,hsa-miR-4511,1.1565794944763200
Siderosis,hsa-miR-4511,1.1565793752670300
Encephalomyelitis and Acute Disseminated,hsa-miR-4511,1.1565786600112900
Vitamin B Deficiency,hsa-miR-4511,1.1565783023834200
Hydrocephalus,hsa-miR-4511,1.1565765142440800
Turner Syndrome,hsa-miR-4511,1.1565757989883400
Orchitis,hsa-miR-4511,1.1565754413604700
Avian Leukosis,hsa-miR-4511,1.1565744876861600
Neurosyphilis,hsa-miR-4511,1.1565744876861600
Graves Ophthalmopathy,hsa-miR-4511,1.1565742492675800
Osteoporosis-pseudoglioma syndrome,hsa-miR-4511,1.1565742492675800
Aphasia and Primary Progressive,hsa-miR-4511,1.1565734148025500
Carcinogenesis,hsa-miR-4511,1.156572937965390
Hallux Valgus,hsa-miR-4511,1.1565724611282300
Zika virus congenital syndrome,hsa-miR-4511,1.156571865081790
Placental Insufficiency,hsa-miR-4511,1.1565715074539200
Progressive Familial Heart Block and Type Ib,hsa-miR-4511,1.1565711498260500
Adenocarcinoma and Sebaceous and Ocular,hsa-miR-4511,1.1565701961517300
Primary Ovarian Insufficiency,hsa-miR-4511,1.1565697193145800
Rhegmatogenous Retinal Detachment and Autosomal Dominant,hsa-miR-4511,1.1565697193145800
Tuberculosis and Meningeal,hsa-miR-4511,1.156569242477420
Intestinal Diseases,hsa-miR-4511,1.1565687656402600
Cartilage Degradation,hsa-miR-4511,1.1565687656402600
cone-rod dystrophy 6,hsa-miR-4511,1.1565682888031000
Osteopenic Nonfracture Syndrome,hsa-miR-4511,1.156568169593810
Pituitary Diseases,hsa-miR-4511,1.156568169593810
Malaria and Vivax,hsa-miR-4511,1.156568169593810
Alopecia,hsa-miR-4511,1.1565676927566500
Ankle Fractures,hsa-miR-4511,1.1565675735473600
Osteoporotic Fractures,hsa-miR-4511,1.1565675735473600
Cervical Cancer and Hpv Infected,hsa-miR-4511,1.1565675735473600
Critical Illness,hsa-miR-4511,1.1565672159194900
Trypanosomiasis,hsa-miR-4511,1.156566858291630
Venous Thromboembolism,hsa-miR-4511,1.1565667390823400
Enterocolitis,hsa-miR-4511,1.1565665006637600
Premature Ejaculation,hsa-miR-4511,1.1565662622451800
Bone Pain,hsa-miR-4511,1.1565661430358900
Atrial Myosins,hsa-miR-4511,1.1565660238266000
rippling muscle disease 1,hsa-miR-4511,1.15656578540802
Colorectal   Adenocarcinoma,hsa-miR-4511,1.15656578540802
Neurofibroma and Plexiform,hsa-miR-4511,1.15656578540802
Splenic Diseases,hsa-miR-4511,1.1565656661987300
Turcot syndrome,hsa-miR-4511,1.156565546989440
Polyomavirus Infections,hsa-miR-4511,1.1565653085708600
Pulmonary edema of mountaineers,hsa-miR-4511,1.1565651893615700
Liver Failure,hsa-miR-4511,1.1565651893615700
Hyperinsulinism,hsa-miR-4511,1.1565651893615700
Movement Disorders,hsa-miR-4511,1.1565649509429900
Reticuloendotheliosis Virus Infections,hsa-miR-4511,1.1565645933151200
Brain Injury and Chronic,hsa-miR-4511,1.1565645933151200
Cardiomyopathy dilated with woolly hair and keratoderma,hsa-miR-4511,1.1565643548965500
External Auditory Canal Squamous Cell Carcinoma,hsa-miR-4511,1.1565643548965500
Pulmonary Edema,hsa-miR-4511,1.1565639972686800
Lymphoma and Natural   Killer/T-Cell,hsa-miR-4511,1.1565632820129400
Graves Disease,hsa-miR-4511,1.1565632820129400
Gastric And Colon Cancer,hsa-miR-4511,1.1565630435943600
Intestinal Neoplasms,hsa-miR-4511,1.1565626859664900
Arthritis,hsa-miR-4511,1.1565625667572000
Pregnancy Complications,hsa-miR-4511,1.1565624475479100
Frontonasal dysplasia,hsa-miR-4511,1.156562328338620
Heart Defects and Congenital,hsa-miR-4511,1.1565622091293300
Shock and Hemorrhagic,hsa-miR-4511,1.1565622091293300
Hypertensive  Disorder Complicating Pregnancy,hsa-miR-4511,1.1565619707107500
esophageal carcinoma,hsa-miR-4511,1.1565619707107500
Syphilis,hsa-miR-4511,1.1565619707107500
Barrett Esophagus,hsa-miR-4511,1.1565619707107500
Ehlers-Danlos Syndrome,hsa-miR-4511,1.1565618515014600
Apparent mineralocorticoid excess,hsa-miR-4511,1.1565618515014600
Digitorenocerebral Syndrome,hsa-miR-4511,1.1565617322921800
Exocrine Pancreatic Insufficiency,hsa-miR-4511,1.1565616130828900
Post-Dural Puncture Headache,hsa-miR-4511,1.1565616130828900
Marfan Syndrome,hsa-miR-4511,1.1565616130828900
Enzootic Bovine Leukosis,hsa-miR-4511,1.1565614938736000
Hereditary pancreatitis,hsa-miR-4511,1.1565613746643100
Lissencephaly,hsa-miR-4511,1.156561255455020
Cystitis and Interstitial,hsa-miR-4511,1.156561255455020
 Equine Hepacivirus Infections,hsa-miR-4511,1.1565611362457300
Testicular Diseases,hsa-miR-4511,1.156561017036440
Enterovirus B and Human,hsa-miR-4511,1.1565608978271500
ACTH-independent macronodular adrenal hyperplasia,hsa-miR-4511,1.1565607786178600
Congenital central hypoventilation syndrome,hsa-miR-4511,1.1565606594085700
Rhinitis and Allergic and Seasonal,hsa-miR-4511,1.1565605401992800
familial multiple nevi flammei,hsa-miR-4511,1.1565604209899900
Mitral Valve Insufficiency,hsa-miR-4511,1.1565604209899900
Cerebral Hemorrhage and Spontaneous,hsa-miR-4511,1.1565603017807000
Nephrosclerosis,hsa-miR-4511,1.1565603017807000
Infant and Newborn and Diseases,hsa-miR-4511,1.1565601825714100
Atrial Premature Complexes,hsa-miR-4511,1.1565601825714100
Pyruvate Kinase Deficiency of Red Cells,hsa-miR-4511,1.1565601825714100
Inflammation and Post Stroke,hsa-miR-4511,1.1565600633621200
Kidney Transplant Rejection,hsa-miR-4511,1.156559705734250
Viral Myocarditis,hsa-miR-4511,1.1565595865249600
Seizures,hsa-miR-4511,1.1565595865249600
Bronchopulmonary Dysplasia,hsa-miR-4511,1.1565593481063800
Spondylocheirodysplasia and Ehlers-Danlos Syndrome-Like,hsa-miR-4511,1.1565593481063800
Multiple Organ Failure,hsa-miR-4511,1.1565592288970900
Cirrhotic Cardiomyopathy,hsa-miR-4511,1.1565592288970900
Depression and Postpartum,hsa-miR-4511,1.1565591096878100
salivary gland mucoepidermoid carcinoma,hsa-miR-4511,1.1565591096878100
Gastrinoma,hsa-miR-4511,1.1565589904785200
Diabetic Keratopathy,hsa-miR-4511,1.1565587520599400
Heart Diseases and Congenital,hsa-miR-4511,1.1565585136413600
Lumbosacral Spinal Root Avulsion,hsa-miR-4511,1.1565583944320700
Infertility and Female,hsa-miR-4511,1.1565583944320700
skin melanoma,hsa-miR-4511,1.1565583944320700
High Grade Ovarian Neoplasms,hsa-miR-4511,1.1565581560134900
Angelman Syndrome,hsa-miR-4511,1.1565581560134900
Arrhythmogenic Heart Diseases,hsa-miR-4511,1.1565581560134900
Hind Limb Ischemia,hsa-miR-4511,1.1565581560134900
Prader-Willi Syndrome,hsa-miR-4511,1.1565581560134900
arteriosclerotic cardiovascular disease,hsa-miR-4511,1.1565581560134900
Gastritis and Hypertrophic,hsa-miR-4511,1.1565580368042000
Dwarfism,hsa-miR-4511,1.1565577983856200
SHORT syndrome,hsa-miR-4511,1.1565576791763300
Acute Lymphoblastic Leukemia and B-Cell,hsa-miR-4511,1.156557559967040
Staphylococcal Infections,hsa-miR-4511,1.156557559967040
Vasospasm and Intracranial and Postoperative,hsa-miR-4511,1.156557321548460
Leukemia and Biphenotypic and Acute,hsa-miR-4511,1.1565569639205900
Immune-Mediated Inflammatory Diseases,hsa-miR-4511,1.1565569639205900
Glomus Tumor,hsa-miR-4511,1.1565567255020100
Pain and Postoperative,hsa-miR-4511,1.1565567255020100
Hemangioma and Infantile,hsa-miR-4511,1.1565567255020100
Central Nervous System Bacterial Infections,hsa-miR-4511,1.1565566062927200
Neuroleptic Malignant Syndrome,hsa-miR-4511,1.1565566062927200
Rupture,hsa-miR-4511,1.156556487083440
Colonic Polyps,hsa-miR-4511,1.156556487083440
Tracheal Diseases,hsa-miR-4511,1.1565563678741500
Infarction,hsa-miR-4511,1.156556248664860
Autism Spectrum Disorder,hsa-miR-4511,1.156556248664860
Exudative Vitreoretinopathy 4,hsa-miR-4511,1.156556248664860
Sarcoidosis,hsa-miR-4511,1.156556248664860
Chronic Gastritis,hsa-miR-4511,1.1565561294555700
Aneuploidy,hsa-miR-4511,1.1565560102462800
Fibroadenoma,hsa-miR-4511,1.1565560102462800
Distal myopathy and Nonaka type,hsa-miR-4511,1.1565555334091200
Influenza in Birds,hsa-miR-4511,1.1565555334091200
Inflammatory Osteolysis,hsa-miR-4511,1.156555414199830
Halal syndrome,hsa-miR-4511,1.1565552949905400
Multiple Sclerosis and Chronic Progressive,hsa-miR-4511,1.1565552949905400
T-cell acute lymphoblastic leukemia,hsa-miR-4511,1.1565552949905400
Ataxia Neuropathy Spectrum,hsa-miR-4511,1.1565552949905400
Biotinidase Deficiency,hsa-miR-4511,1.15655517578125
Mite Infestations,hsa-miR-4511,1.1565545797348000
Lupus Nephritis,hsa-miR-4511,1.1565545797348000
Hyperparathyroidism and Primary,hsa-miR-4511,1.1565544605255100
Kahrizi Syndrome,hsa-miR-4511,1.1565543413162200
Environmental Illness,hsa-miR-4511,1.1565542221069300
Pleomorphic Sarcoma and Undifferentiated,hsa-miR-4511,1.156554102897640
Papillon-Lefevre Disease,hsa-miR-4511,1.1565539836883500
Growth Disorders,hsa-miR-4511,1.1565537452697800
Albuminuria,hsa-miR-4511,1.1565536260604900
Endothelial Dysfunction ,hsa-miR-4511,1.1565532684326200
Microscopic Polyangiitis,hsa-miR-4511,1.156553030014040
Myeloproliferative Disorders,hsa-miR-4511,1.156552791595460
Corneal Diseases,hsa-miR-4511,1.156552791595460
Cerebral Intraventricular Hemorrhage,hsa-miR-4511,1.156552791595460
Infant and Low Birth Weight,hsa-miR-4511,1.1565523147583000
Hypospadias,hsa-miR-4511,1.1565520763397200
Hepatopulmonary Syndrome,hsa-miR-4511,1.1565520763397200
Leigh Disease,hsa-miR-4511,1.1565520763397200
Mast Cell Tumors,hsa-miR-4511,1.1565519571304300
Corneal Injuries,hsa-miR-4511,1.1565518379211400
Eosinophilic enteropathy,hsa-miR-4511,1.1565515995025600
Hip Fractures,hsa-miR-4511,1.156551480293270
primary biliary cholangitis 1,hsa-miR-4511,1.1565512418746900
Keratoconus,hsa-miR-4511,1.1565512418746900
Bradycardia,hsa-miR-4511,1.1565510034561200
Meniere Disease,hsa-miR-4511,1.1565510034561200
Diabetic Retinopathy ,hsa-miR-4511,1.1565508842468300
Blood Coagulation Disorders,hsa-miR-4511,1.156550645828250
Facial Nerve Injuries,hsa-miR-4511,1.1565498113632200
Hematoma and Subdural and Chronic,hsa-miR-4511,1.1565496921539300
Parkinsonian Disorders,hsa-miR-4511,1.1565494537353500
Carcinoma and Adenoid Cystic,hsa-miR-4511,1.156549096107480
Vitamin D Deficiency,hsa-miR-4511,1.1565488576889000
Meningitis and Bacterial,hsa-miR-4511,1.156548023223880
arthrogryposis and renal dysfunction and and cholestasis 1,hsa-miR-4511,1.1565477848053000
Chagas Cardiomyopathy,hsa-miR-4511,1.1565476655960100
recessive dystrophic epidermolysis bullosa,hsa-miR-4511,1.1565475463867200
Altitude Sickness,hsa-miR-4511,1.1565474271774300
Lumbar Disc   Herniation,hsa-miR-4511,1.1565473079681400
sporatic amyotrophic lateral sclerosis,hsa-miR-4511,1.156546950340270
Carotid Stenosis,hsa-miR-4511,1.1565462350845300
Pediatric Cystic Fibrosis,hsa-miR-4511,1.1565462350845300
Ventricular Dysfunction and Left,hsa-miR-4511,1.1565461158752400
Pneumonia and Staphylococcal,hsa-miR-4511,1.156545877456670
Enterocolitis and Pseudomembranous,hsa-miR-4511,1.1565455198288000
Adrenocortical Carcinoma and Pediatric,hsa-miR-4511,1.1565455198288000
Werner Syndrome,hsa-miR-4511,1.1565449237823500
Liver Diseases and Alcoholic,hsa-miR-4511,1.1565438508987400
Kidney Neoplasms,hsa-miR-4511,1.1565438508987400
Community-Acquired Pneumonia,hsa-miR-4511,1.1565383672714200
Skin Ulcer,hsa-miR-296,1.1564971208572400
Rh Deficiency Syndrome,hsa-miR-4437,1.156389832496640
Opium Dependence,hsa-mir-873,1.1561185121536300
Gastric Cancer and Early,mmu-miR-700-5p,1.1559503078460700
Dilated Cardiomyopathy ,hsa-miR-194-5p,1.1558810472488400
Hyperoxia,hsa-miR-4456,1.1558364629745500
Severe Fever with Thrombocytopenia Syndrome,hsa-miR-450a-5p,1.1557763814926100
Heart Failure and Acute,mmu-miR-743a,1.1556658744812000
Hyperglycinemia and Nonketotic,hsa-miR-450a-5p,1.1555520296096800
Reperfusion Injury and Steatotic Liver Ischemia,hsa-miR-320c-1,1.155517816543580
Scleral Diseases,hsa-miR-3664-5p,1.155436396598820
Sialic Acid Storage Disease,mmu-miR-700-5p,1.1554185152053800
Rhabdoid Tumor and Kidney,hsa-miR-3664-5p,1.1554070711135900
Neonatal Sepsis,hsa-mir-8080,1.155399203300480
Neonatal Sepsis,hsa-miR-4444,1.1552948951721200
Amyloidosis,hsa-mir-8074,1.1552855968475300
Lung Diseases and Interstitial,hsa-mir-8074,1.1552802324295000
Periapical Diseases,hsa-mir-8074,1.1552790403366100
Amelogenesis Imperfecta,hsa-mir-8074,1.1552789211273200
Condylomata Acuminata,hsa-mir-8074,1.1552774906158400
Hepatitis E,hsa-mir-8074,1.155276894569400
Vesicular Stomatitis,hsa-mir-8074,1.1552762985229500
Rectal Injury,hsa-mir-8074,1.1552757024765000
Urologic Neoplasms,hsa-mir-8074,1.1552753448486300
Arteriosclerosis Obliterans,hsa-mir-8074,1.1552752256393400
Immune System Diseases,hsa-mir-8074,1.1552751064300500
Coronavirus Infections,hsa-mir-8074,1.155274510383610
Paget Disease and Extramammary,hsa-mir-8074,1.1552743911743200
Protein-Losing Enteropathies,hsa-mir-8074,1.1552742719650300
Tongue Neoplasms,hsa-mir-8074,1.1552741527557400
Pheochromocytoma,hsa-mir-8074,1.1552740335464500
Muscular Dystrophy and Facioscapulohumeral,hsa-mir-8074,1.1552737951278700
Upper Tract Urothelial Carcinoma,hsa-mir-8074,1.1552737951278700
Sarcopenia,hsa-mir-8074,1.1552730798721300
C syndrome,hsa-mir-8074,1.1552729606628400
Muscular Atrophy and Spinal,hsa-mir-8074,1.1552728414535500
Prostate Cancer ,hsa-mir-8074,1.1552728414535500
lung squamous cell carcinoma,hsa-mir-8074,1.1552728414535500
Smooth Muscle Tumor,hsa-mir-8074,1.155272364616390
Pyloric Hypomotility,hsa-mir-8074,1.1552722454071000
Olfaction Disorders,hsa-mir-8074,1.1552720069885300
Cerebral Infarction and Acute,hsa-mir-8074,1.1552720069885300
Erectile Dysfunction,hsa-mir-8074,1.1552706956863400
Oculocutaneous Albinism Type 3,hsa-mir-8074,1.1552705764770500
HTLV-II Infections,hsa-mir-8074,1.1552702188491800
Hernias and Diaphragmatic and Congenital,hsa-mir-8074,1.1552698612213100
Radiation-Induced Pulmonary Fibrosis,hsa-mir-8074,1.155269742012020
Early-Stage Malignant Melanoma,hsa-mir-8074,1.1552696228027300
ABCD syndrome,hsa-mir-8074,1.1552693843841600
Intracranial Arteriovenous Malformations,hsa-mir-8074,1.1552691459655800
Cerebral Small Vessel Diseases,hsa-mir-8074,1.1552687883377100
Lymphoma and B-Cell and Diffuse,hsa-mir-8074,1.1552687883377100
Hair Diseases,hsa-mir-8074,1.155268669128420
Cerebral Infarction and Lacunar,hsa-mir-8074,1.1552683115005500
Uterine Diseases,hsa-mir-8074,1.1552681922912600
Syphilis and secondary,hsa-mir-8074,1.1552678346633900
Histiocytic Sarcoma,hsa-mir-8074,1.1552677154541000
Diabetes Of The Exocrine Pancreas ,hsa-mir-8074,1.1552677154541000
Polycythemia,hsa-mir-8074,1.155267596244810
Hyperphosphatemia,hsa-mir-8074,1.155267357826230
Darier Disease,hsa-mir-8074,1.155267357826230
Intestinal Atresia,hsa-mir-8074,1.1552672386169400
Cholestasis and Intrahepatic,hsa-mir-8074,1.1552671194076500
dystonia 5,hsa-mir-8074,1.1552670001983600
colon carcinoma,hsa-mir-8074,1.1552668809890700
frontotemporal dementia,hsa-mir-8074,1.1552667617797900
Acute Coronary Syndrome ,hsa-mir-8074,1.155266523361210
Acidosis and Respiratory,hsa-mir-8074,1.155266284942630
Sertoli Cell-Only Syndrome,hsa-mir-8074,1.1552653312683100
Mycobacterium avium-intracellulare Infection,hsa-mir-8074,1.1552650928497300
Facial Nerve Diseases,hsa-mir-8074,1.1552647352218600
Delayed Graft Function,hsa-mir-8074,1.1552643775939900
Leukemia and Myeloid and Accelerated Phase,hsa-mir-8074,1.1552643775939900
Stillbirth,hsa-mir-8074,1.1552633047103900
Vitamin B Deficiency,hsa-mir-8074,1.1552631855011000
Oropharyngeal Neoplasms,hsa-mir-8074,1.1552629470825200
Microphthalmos,hsa-mir-8074,1.1552624702453600
Hydrocephalus,hsa-mir-8074,1.1552612781524700
Lumbar Radicular Pain,hsa-mir-8074,1.1552611589431800
Brain Ischemia ,hsa-mir-8074,1.1552611589431800
Orchitis,hsa-mir-8074,1.1552602052688600
Hemorrhoids,hsa-mir-8074,1.1552600860595700
Meningitis and Fungal,hsa-mir-8074,1.1552599668502800
Liver Disease and Alcohol-Associated ,hsa-mir-8074,1.1552597284317000
uric acid nephrolithiasis,hsa-mir-8074,1.155259609222410
Breast Neoplasms and Basal Cell,hsa-mir-8074,1.155259370803830
Graves Ophthalmopathy,hsa-mir-8074,1.155259132385250
Osteoporosis-pseudoglioma syndrome,hsa-mir-8074,1.1552590131759600
Muscular Diseases,hsa-mir-8074,1.1552585363388100
Ventricular Dysfunction,hsa-mir-8074,1.1552579402923600
Hallux Valgus,hsa-mir-8074,1.1552573442459100
Endocrine System Diseases,hsa-mir-8074,1.1552568674087500
Dermatitis and Allergic Contact,hsa-mir-8074,1.1552568674087500
Nonsyndromic sensorineural hearing loss,hsa-mir-8074,1.1552566289901700
Focal Infection,hsa-mir-8074,1.1552566289901700
Placental Insufficiency,hsa-mir-8074,1.1552563905715900
Hyperuricemia,hsa-mir-8074,1.1552554368972800
Weight Loss,hsa-mir-8074,1.1552554368972800
Anodontia,hsa-mir-8074,1.15525484085083
Reflex Sympathetic Dystrophy,hsa-mir-8074,1.155254602432250
salivary gland adenoid cystic carcinoma,hsa-mir-8074,1.1552543640136700
Urinary Retention,hsa-mir-8074,1.1552541255950900
Tuberculosis and Meningeal,hsa-mir-8074,1.1552541255950900
Osteonecrosis,hsa-mir-8074,1.1552538871765100
Osteoporosis and Postmenopausal,hsa-mir-8074,1.1552537679672200
Ear Diseases,hsa-mir-8074,1.1552534103393600
Bk Virus Infections,hsa-mir-8074,1.1552534103393600
Cysts,hsa-mir-8074,1.1552534103393600
Ullrich congenital muscular dystrophy,hsa-mir-8074,1.1552526950836200
Cervical Cancer and Hpv Infected,hsa-mir-8074,1.1552525758743300
Necrobiotic Disorders,hsa-mir-8074,1.155252456665040
Pemphigoid and Bullous,hsa-mir-8074,1.1552523374557500
Venous Thromboembolism,hsa-mir-8074,1.1552517414093000
Osteolysis,hsa-mir-8074,1.155251383781430
Atrial Myosins,hsa-mir-8074,1.1552510261535600
rippling muscle disease 1,hsa-mir-8074,1.1552506685257000
Turcot syndrome,hsa-mir-8074,1.1552504301071200
Hyperinsulinism,hsa-mir-8074,1.1552501916885400
Pulmonary edema of mountaineers,hsa-mir-8074,1.155250072479250
Reinjuries,hsa-mir-8074,1.1552497148513800
Brain Injury and Chronic,hsa-mir-8074,1.1552495956420900
Bacterial Infections,hsa-mir-8074,1.1552495956420900
Autistic Disorder,hsa-mir-8074,1.1552485227584800
Alveolar Bone Loss,hsa-mir-8074,1.1552480459213300
Endophthalmitis,hsa-mir-8074,1.1552480459213300
Gastric And Colon Cancer,hsa-mir-8074,1.1552479267120400
Obesity and Abdominal,hsa-mir-8074,1.1552479267120400
Hyperostosis,hsa-mir-8074,1.155247688293460
Long Term Adverse Effects,hsa-mir-8074,1.1552475690841700
Kidney Failure and Chronic,hsa-mir-8074,1.1552475690841700
Yellow Nail Syndrome,hsa-mir-8074,1.1552472114563000
Shock and Hemorrhagic,hsa-mir-8074,1.1552472114563000
Rosacea,hsa-mir-8074,1.1552469730377200
Adenocarcinoma,hsa-mir-8074,1.155246615409850
Post-Dural Puncture Headache,hsa-mir-8074,1.1552464962005600
Arthrogryposis and ectodermal dysplasia,hsa-mir-8074,1.155246376991270
Megalencephalic leukoencephalopathy with subcortical cysts,hsa-mir-8074,1.155246376991270
Hypoplastic Left Heart Syndrome,hsa-mir-8074,1.155246376991270
Substance Abuse and Intravenous,hsa-mir-8074,1.1552461385726900
Gastric   Cancer,hsa-mir-8074,1.1552461385726900
Tembusu virus,hsa-mir-8074,1.1552461385726900
 Equine Hepacivirus Infections,hsa-mir-8074,1.1552460193634000
Teratoid Rhabdoid Tumor and Atypical,hsa-mir-8074,1.1552460193634000
Bronchiolitis Obliterans,hsa-mir-8074,1.1552460193634000
Testicular Diseases,hsa-mir-8074,1.1552460193634000
Acromegaly,hsa-mir-8074,1.1552456617355300
ACTH-independent macronodular adrenal hyperplasia,hsa-mir-8074,1.1552456617355300
Jaw Abnormalities,hsa-mir-8074,1.1552455425262500
Collagen Diseases,hsa-mir-8074,1.1552455425262500
Psoriasis,hsa-mir-8074,1.155245304107670
Pyruvate Kinase Deficiency of Red Cells,hsa-mir-8074,1.155245065689090
Hcv Associated Disorders,hsa-mir-8074,1.1552448272705100
Sensation Disorders,hsa-mir-8074,1.1552448272705100
Viral Myocarditis,hsa-mir-8074,1.1552447080612200
Cryopyrin-Associated Periodic Syndromes,hsa-mir-8074,1.1552447080612200
Encephalomyelitis and Autoimmune and Experimental,hsa-mir-8074,1.1552445888519300
Arrest of spermatogenesis,hsa-mir-8074,1.1552445888519300
Kidney Transplant Rejection,hsa-mir-8074,1.1552445888519300
Rett Syndrome,hsa-mir-8074,1.1552444696426400
Bronchopulmonary Dysplasia,hsa-mir-8074,1.1552443504333500
Obsessive-Compulsive Disorder,hsa-mir-8074,1.1552443504333500
Acute Lymphoblastic Leukemia and T-Cell,hsa-mir-8074,1.15524423122406
Spermatic Cord Torsion,hsa-mir-8074,1.1552441120147700
Nephrosis and Lipoid,hsa-mir-8074,1.1552438735961900
Diabetic Keratopathy,hsa-mir-8074,1.1552437543869000
Microphthalmia and syndromic 2,hsa-mir-8074,1.1552437543869000
familial febrile seizures 1,hsa-mir-8074,1.1552435159683200
skin melanoma,hsa-mir-8074,1.1552432775497400
Multicystic renal dysplasia and bilateral,hsa-mir-8074,1.1552432775497400
Neoplasm and Residual,hsa-mir-8074,1.1552430391311600
Arrhythmogenic Heart Diseases,hsa-mir-8074,1.1552430391311600
Angelman Syndrome,hsa-mir-8074,1.155242919921880
Sleep Apnea Syndromes,hsa-mir-8074,1.155242919921880
Cerebral Cortical Thinning,hsa-mir-8074,1.155242919921880
Immunoglobulin G4-Related Disease,hsa-mir-8074,1.155242681503300
Choroidal Melanoma,hsa-mir-8074,1.1552425622940100
Ataxia with vitamin E deficiency,hsa-mir-8074,1.1552423238754300
Palatal Neoplasms,hsa-mir-8074,1.1552422046661400
Alzheimer Disease ,hsa-mir-8074,1.1552420854568500
Diarrhea 5 and With Tufting Enteropathy and Congenital,hsa-mir-8074,1.1552419662475600
Neuroleptic Malignant Syndrome,hsa-mir-8074,1.15524160861969
Central Nervous System Bacterial Infections,hsa-mir-8074,1.1552414894104000
Cholera,hsa-mir-8074,1.1552412509918200
Hepacivirus,hsa-mir-8074,1.1552412509918200
Endometrial Hyperplasia,hsa-mir-8074,1.1552410125732400
Gastric Precancerous Lesion,hsa-mir-8074,1.1552406549453700
Gastric Intestinal   Metaplasia,hsa-mir-8074,1.1552406549453700
Brain Damage and Chronic,hsa-mir-8074,1.1552406549453700
Distal myopathy and Nonaka type,hsa-mir-8074,1.1552406549453700
Encephalomyelitis and Enzootic Porcine,hsa-mir-8074,1.1552406549453700
Influenza in Birds,hsa-mir-8074,1.155240535736080
Cumulative Trauma Disorders,hsa-mir-8074,1.155240535736080
von Willebrand Diseases,hsa-mir-8074,1.1552402973175000
Halal syndrome,hsa-mir-8074,1.1552402973175000
Ataxia Neuropathy Spectrum,hsa-mir-8074,1.1552401781082200
Inflammatory Osteolysis,hsa-mir-8074,1.1552401781082200
T-cell acute lymphoblastic leukemia,hsa-mir-8074,1.1552401781082200
Complex Regional Pain Syndromes,hsa-mir-8074,1.1552400588989300
Primary Graft Dysfunction,hsa-mir-8074,1.1552400588989300
Low Back Pain,hsa-mir-8074,1.1552400588989300
Biotinidase Deficiency,hsa-mir-8074,1.1552399396896400
Pancreatitis and Acute Necrotizing,hsa-mir-8074,1.1552398204803500
DNA Repair-Deficiency Disorders,hsa-mir-8074,1.1552397012710600
Leukemia and Megakaryoblastic and Acute,hsa-mir-8074,1.155239462852480
Femur Head Necrosis,hsa-mir-8074,1.1552393436431900
Kidney Calculi,hsa-mir-8074,1.1552393436431900
Myocarditis,hsa-mir-8074,1.1552393436431900
Environmental Illness,hsa-mir-8074,1.155239224433900
low grade glioma,hsa-mir-8074,1.1552389860153200
Thoracic Aortic   Dissection,hsa-mir-8074,1.1552389860153200
Carcinoma and Squamous Cell and Cutaneous,hsa-mir-8074,1.1552388668060300
Genital Diseases and Male,hsa-mir-8074,1.1552388668060300
Bloom Syndrome,hsa-mir-8074,1.1552388668060300
Elliptocytosis 2,hsa-mir-8074,1.1552387475967400
Albuminuria,hsa-mir-8074,1.1552386283874500
Hyperkalemia,hsa-mir-8074,1.1552386283874500
Dehydration,hsa-mir-8074,1.155238389968870
Hypercholesterolemia,hsa-mir-8074,1.1552382707595800
Asthma-Chronic Obstructive Pulmonary Disease Overlap Syndrome,hsa-mir-8074,1.1552380323410000
Short Stature and Idiopathic and Autosomal,hsa-mir-8074,1.1552380323410000
Microscopic Polyangiitis,hsa-mir-8074,1.1552379131317100
Cerebral Intraventricular Hemorrhage,hsa-mir-8074,1.1552377939224200
Bone Regeneration,hsa-mir-8074,1.1552376747131300
Niemann-Pick disease type C1,hsa-mir-8074,1.1552375555038500
Selenium Deficiency,hsa-mir-8074,1.1552369594574000
Hypospadias,hsa-mir-8074,1.1552369594574000
Bovine Virus Diarrhea-Mucosal Disease,hsa-mir-8074,1.1552367210388200
Bone Marrow Myelofibrosis,hsa-mir-8074,1.1552364826202400
Eosinophilic enteropathy,hsa-mir-8074,1.1552363634109500
Platelet Storage Lesion,hsa-mir-8074,1.1552362442016600
Staphylococcal Scalded Skin Syndrome,hsa-mir-8074,1.155235767364500
Glycogen Storage Disease Type VI,hsa-mir-8074,1.1552356481552100
Hepatorenal Syndrome,hsa-mir-8074,1.1552351713180500
Synucleinopathies,hsa-mir-8074,1.155234932899480
Adiposis Dolorosa,hsa-mir-8074,1.155234694480900
Hematoma and Subdural and Chronic,hsa-mir-8074,1.1552345752716100
Foot-and-Mouth Disease,hsa-mir-8074,1.155234456062320
Leukemia and Myeloid,hsa-mir-8074,1.1552343368530300
Moebius syndrome 1,hsa-mir-8074,1.1552342176437400
Borna Disease,hsa-mir-8074,1.1552337408065800
Benign Paroxysmal Positional Vertigo,hsa-mir-8074,1.1552329063415500
Lumbar Disc   Herniation,hsa-mir-8074,1.1552321910858200
Altitude Sickness,hsa-mir-8074,1.1552320718765300
sporatic amyotrophic lateral sclerosis,hsa-mir-8074,1.1552319526672400
Virus Diseases,hsa-mir-8074,1.1552314758300800
Hypocalciuric hypercalcemia and familial and type 1,hsa-mir-8074,1.1552313566207900
Leukoplakia and Oral,hsa-mir-8074,1.1552311182022100
Lymphoma and Extranodal NK-T-Cell,hsa-mir-8074,1.1552308797836300
Leg Ulcer,hsa-mir-8074,1.1552305221557600
Postoperative Cognitive Complications,hsa-miR-450a-5p,1.1552296876907300
Myasthenia Gravis with Thymus Hyperplasia,hsa-mir-8074,1.155228614807130
Wiskott-Aldrich Syndrome,hsa-mir-8074,1.1552281379699700
Hemoglobin Bart'S Hydrops   Fetalis Syndrome,hsa-mir-8074,1.1552274227142300
Sleep Initiation and Maintenance Disorders,hsa-mir-8074,1.155226469039920
Spinal muscular atrophy with respiratory distress 1,hsa-mir-8074,1.1552232503891000
Sialic Acid Storage Disease,hsa-miR-4439,1.1552225351333600
isolated cleft palate,hsa-miR-4439,1.1551986932754500
Deglutition Disorders,hsa-miR-130a-3p,1.1551666259765600
Inflammation and Chronic,hsa-miR-130a-3p,1.1551437377929700
Hereditary Autoinflammatory Diseases,hsa-miR-130a-3p,1.1551433801651
Cap Myopathy,hsa-miR-130a-3p,1.1551432609558100
Fusariosis,mmu-miR-708,1.1550967693328900
Tuberous Sclerosis,mmu-miR-743a,1.1550248861312900
Vaginosis and Bacterial,hcmv-miR-UL59,1.1550050973892200
Phyllodes Tumor and Breast,hcmv-miR-UL59,1.1550036668777500
Wound Infection,hcmv-miR-UL59,1.155002236366270
Asthma and Chronic,hcmv-miR-UL59,1.1550014019012500
Hereditary Autoinflammatory Diseases,hcmv-miR-UL59,1.1550008058548000
Tibial Neuropathy,hcmv-miR-UL59,1.1549983024597200
Absent corpus callosum cataract immunodeficiency,hcmv-miR-UL59,1.1549979448318500
Urethritis,hcmv-miR-UL59,1.1549971103668200
Scleral Diseases,hsa-miR-150-5p,1.1549944877624500
Meniscus Degeneration,hsa-miR-150-5p,1.1549912691116300
Multiple Mitochondrial Dysfunctions Syndrome,hcmv-miR-UL59,1.15498948097229
Chanarin-Dorfman Syndrome,hcmv-miR-UL59,1.1549856662750200
Dementia and Vascular,hsa-miR-4456,1.1549756526947000
Neutropenia,hsa-miR-150-5p,1.1549715995788600
Reperfusion Injury and Testicular Ischemia,hsa-miR-150-5p,1.1549705266952500
Chemical and Drug Induced Liver Injury and Chronic,mmu-miR-700-5p,1.1549690961837800
Myeloma Bone Disease,hsa-miR-150-5p,1.1549640893936200
Nevi and Melanomas,hsa-miR-150-5p,1.1549618244171100
Proteinuria,hsa-mir-873,1.1549131870269800
isolated cleft palate,mmu-miR-708,1.1548182964325000
Thyroid cancer and medullary,mmu-miR-708,1.1548011302948000
Chemical and Drug Induced Liver Injury and Chronic,hsa-miR-4439,1.1547731161117600
Scleral Diseases,hsa-miR-29c-5p,1.1547276973724400
Human T-Cell Leukemia Virus Type 1 Infections,hsa-miR-29c-5p,1.154718279838560
Myotonic Dystrophy,hsa-miR-29c-5p,1.15469229221344
Costello Syndrome,hsa-miR-4459,1.1546430587768600
Intrahepatic Cholestasis of Pregnancy,hsa-miR-4439,1.1546356678009000
Acute Uterine Injury,hsa-miR-4481,1.1546026468277000
Short Qt Syndrome,hsa-miR-29c-3p,1.1545321941375700
Diminished  Ovarian Reserve,hsa-miR-4271,1.1544787883758500
Wound Infection,hsa-miR-4271,1.1544690132141100
Brugada Syndrome,hsa-miR-19b-1*,1.1544643640518200
Nevi and Melanomas,hsa-miR-4271,1.1544642448425300
Tricuspid Valve Insufficiency,hsa-miR-19b-1*,1.1544520854950000
Equine Infectious Anemia,hsa-miR-19b-1*,1.1544491052627600
thyroid gland Hurthle cell carcinoma,hsa-miR-33,1.1543807983398400
Spinal Cord Compression,hsa-miR-33,1.1543715000152600
Hyperparathyroidism 2,hsa-miR-4437,1.1543434858322100
Autolysis,mmu-miR-700-5p,1.1543389558792100
Trypanosomiasis and African,mmu-miR-743a,1.154300332069400
Angioedemas and Hereditary,hsa-miR-378*,1.1542953252792400
Transfusion Reaction,hsa-miR-4439,1.1542868614196800
Posterior Segment Ocular Diseases,hsa-miR-1231,1.154276728630070
Rhabdoid Tumor and Kidney,hsa-miR-1231,1.15426766872406
Amyloidosis,rno-miR-369-3p,1.1542651653289800
Periapical Diseases,rno-miR-369-3p,1.1542588472366300
non-alcoholic steatohepatitis,rno-miR-369-3p,1.1542577743530300
Myotonic Disorders,rno-miR-369-3p,1.1542577743530300
Condylomata Acuminata,rno-miR-369-3p,1.1542571783065800
spondyloepimetaphyseal dysplasia and Strudwick type,rno-miR-369-3p,1.1542553901672400
Intrahepatic Cholestasis of Pregnancy,mmu-miR-708,1.1542552709579500
Paget Disease and Extramammary,rno-miR-369-3p,1.1542539596557600
non-alcoholic fatty liver,rno-miR-369-3p,1.1542538404464700
Intracranial Aneurysm,rno-miR-369-3p,1.1542537212371800
Upper Tract Urothelial Carcinoma,rno-miR-369-3p,1.154253363609310
Foot Ulcer,rno-miR-369-3p,1.1542526483535800
Nonsyndromic Deafness,rno-miR-369-3p,1.1542526483535800
White Dot Syndromes,rno-miR-369-3p,1.1542521715164200
obstructive nephropathy,rno-miR-369-3p,1.1542516946792600
Sinus Thrombosis and Intracranial,rno-miR-369-3p,1.1542513370513900
Cardiovascular And   Cerebrovascular Diseases,rno-miR-369-3p,1.154250979423520
Brucellosis,rno-miR-369-3p,1.1542507410049400
Fatty Liver,rno-miR-369-3p,1.1542506217956500
Leishmaniasis,rno-miR-369-3p,1.1542500257492100
Migraine Disorders,rno-miR-369-3p,1.1542495489120500
Large Artery  Atherosclerosis,rno-miR-369-3p,1.1542493104934700
Eclampsia,rno-miR-369-3p,1.1542490720748900
Lichen Sclerosus et Atrophicus,rno-miR-369-3p,1.1542482376098600
Hair Diseases,rno-miR-369-3p,1.1542481184005700
Schopf-Schulz-Passarge Syndrome,rno-miR-369-3p,1.1542481184005700
Bronchial Diseases,rno-miR-369-3p,1.1542478799819900
hyperekplexia 1,rno-miR-369-3p,1.1542476415634200
Pigmentation Disorders,rno-miR-369-3p,1.154247522354130
Histiocytic Sarcoma,rno-miR-369-3p,1.1542471647262600
colon carcinoma,rno-miR-369-3p,1.1542465686798100
Leukemia and Myeloid and Chronic and Atypical and BCR-ABL Negative,rno-miR-369-3p,1.154246211051940
Rectal Prolapse,rno-miR-369-3p,1.1542460918426500
Craniosynostosis radial aplasia syndrome,rno-miR-369-3p,1.1542454957962000
Tourette Syndrome,rno-miR-369-3p,1.1542452573776200
Vitiligo,rno-miR-369-3p,1.1542447805404700
adhesions of uterus,rno-miR-369-3p,1.1542446613311800
Mobility Limitation,rno-miR-369-3p,1.1542441844940200
Facial Nerve Diseases,rno-miR-369-3p,1.1542441844940200
Siderosis,rno-miR-369-3p,1.15424382686615
Thymus Neoplasms,rno-miR-369-3p,1.1542434692382800
Vitamin B Deficiency,rno-miR-369-3p,1.154242753982540
Chondrocalcinosis,rno-miR-369-3p,1.1542422771453900
Atrophy,rno-miR-369-3p,1.1542415618896500
Turner Syndrome,rno-miR-369-3p,1.1542402505874600
Nijmegen Breakage Syndrome,rno-miR-369-3p,1.1542397737503100
Meningitis and Fungal,rno-miR-369-3p,1.154239535331730
Graves Ophthalmopathy,rno-miR-369-3p,1.1542388200759900
Muscular Diseases,rno-miR-369-3p,1.1542381048202500
Carcinogenesis,rno-miR-369-3p,1.1542373895645100
Alcohol Withdrawal Delirium,rno-miR-369-3p,1.1542367935180700
Zika virus congenital syndrome,rno-miR-369-3p,1.1542365550994900
Chorioamnionitis,rno-miR-369-3p,1.1542350053787200
Anodontia,rno-miR-369-3p,1.154234528541570
Carcinoma and Cutaneous and Squamous Cell,rno-miR-369-3p,1.1542340517044100
FG syndrome,rno-miR-369-3p,1.1542339324951200
Neoplasms and Germ Cell and Embryonal,rno-miR-369-3p,1.154233455657960
Osteoporosis and Postmenopausal,rno-miR-369-3p,1.154233455657960
Bk Virus Infections,rno-miR-369-3p,1.1542330980300900
Jaundice and Obstructive,rno-miR-369-3p,1.154232382774350
Ocular Hypertension,rno-miR-369-3p,1.1542322635650600
Cardiovascular Complications,rno-miR-369-3p,1.1542320251464800
Ankle Fractures,rno-miR-369-3p,1.1542320251464800
Papilloma and Choroid Plexus,rno-miR-369-3p,1.1542317867279100
Critical Illness,rno-miR-369-3p,1.1542317867279100
Neovascularization and Pathologic,rno-miR-369-3p,1.1542316675186200
Enterocolitis,rno-miR-369-3p,1.1542309522628800
thyroid gland Hurthle cell carcinoma,hsa-miR-138-1*,1.1542304754257200
Neurofibroma and Plexiform,rno-miR-369-3p,1.1542302370071400
Turcot syndrome,rno-miR-369-3p,1.154229998588560
Cardiac Complexes and Premature,rno-miR-369-3p,1.1542296409606900
Parathyroid Neoplasms,rno-miR-369-3p,1.1542296409606900
Bacterial Infections,rno-miR-369-3p,1.1542291641235400
Lymphoma and T-Cell and Cutaneous,rno-miR-369-3p,1.1542291641235400
External Auditory Canal Squamous Cell Carcinoma,rno-miR-369-3p,1.1542288064956700
Chagas Disease,rno-miR-369-3p,1.1542288064956700
Mastitis,rno-miR-369-3p,1.1542277336120600
Arthritis,rno-miR-369-3p,1.1542270183563200
Frontonasal dysplasia,rno-miR-369-3p,1.1542268991470300
Heart Defects and Congenital,rno-miR-369-3p,1.1542266607284500
Pseudarthrosis,rno-miR-369-3p,1.1542266607284500
Canine Mammary Carcinoma,rno-miR-369-3p,1.1542264223098800
gastric cardia adenocarcinoma,rno-miR-369-3p,1.1542264223098800
Adenocarcinoma,rno-miR-369-3p,1.1542261838913000
Polythelia and Familial,rno-miR-369-3p,1.1542261838913000
Cleft Lip,rno-miR-369-3p,1.1542261838913000
Eunuchism,rno-miR-369-3p,1.1542260646820100
Lyme Disease,rno-miR-369-3p,1.1542260646820100
Arthrogryposis and ectodermal dysplasia,rno-miR-369-3p,1.1542259454727200
Enzootic Bovine Leukosis,rno-miR-369-3p,1.1542258262634300
Cystitis and Interstitial,rno-miR-369-3p,1.1542257070541400
Rhinitis and Allergic,rno-miR-369-3p,1.1542255878448500
Cachexia,rno-miR-369-3p,1.1542255878448500
Retinal Detachment,rno-miR-369-3p,1.15422523021698
Rhinitis and Allergic and Seasonal,rno-miR-369-3p,1.1542251110076900
familial multiple nevi flammei,rno-miR-369-3p,1.1542248725891100
Cryopyrin-Associated Periodic Syndromes,rno-miR-369-3p,1.1542243957519500
Rett Syndrome,rno-miR-369-3p,1.154224157333370
Viral Myocarditis,rno-miR-369-3p,1.154224157333370
Arrest of spermatogenesis,rno-miR-369-3p,1.1542240381240800
Hepatitis C and Chronic,rno-miR-369-3p,1.1542240381240800
Bronchopulmonary Dysplasia,rno-miR-369-3p,1.154223918914800
Heart Diseases and Congenital,rno-miR-369-3p,1.154223084449770
Infertility and Female,rno-miR-369-3p,1.154222846031190
Multicystic renal dysplasia and bilateral,rno-miR-369-3p,1.154222846031190
Meibomian Gland Carcinoma  ,rno-miR-369-3p,1.1542227268219000
Angelman Syndrome,rno-miR-369-3p,1.1542227268219000
Seizures and Febrile,rno-miR-369-3p,1.1542227268219000
Hind Limb Ischemia,rno-miR-369-3p,1.1542227268219000
Gastritis and Hypertrophic,rno-miR-369-3p,1.1542224884033200
SHORT syndrome,rno-miR-369-3p,1.1542222499847400
Aneurysm,rno-miR-369-3p,1.154222011566160
Neuroleptic Malignant Syndrome,rno-miR-369-3p,1.1542211771011400
Ischemic Stroke and Diabetic,rno-miR-369-3p,1.1542209386825600
Rupture,rno-miR-369-3p,1.1542209386825600
Fibroadenoma,rno-miR-369-3p,1.154220700263980
Infarction,rno-miR-369-3p,1.154220700263980
Exudative Vitreoretinopathy 4,rno-miR-369-3p,1.1542205810546900
nonsyndromic congenital nail disorder 7,rno-miR-369-3p,1.154220461845400
Airway Inflammation,rno-miR-369-3p,1.1542203426361100
Inflammatory Osteolysis,rno-miR-369-3p,1.1542199850082400
Muscular Dystrophies,rno-miR-369-3p,1.1542198657989500
Hematologic Neoplasms,rno-miR-369-3p,1.1542198657989500
Neural Tube Defects,rno-miR-369-3p,1.1542197465896600
Biotinidase Deficiency,rno-miR-369-3p,1.1542197465896600
Pancreatitis and Acute Necrotizing,rno-miR-369-3p,1.1542195081710800
Welander distal myopathy and Swedish type,rno-miR-369-3p,1.154219388961790
DNA Repair-Deficiency Disorders,rno-miR-369-3p,1.1542192697525000
Dmd-Associated Dilated Cardiomyopathy,rno-miR-369-3p,1.1542192697525000
Pleomorphic Sarcoma and Undifferentiated,rno-miR-369-3p,1.1542189121246300
Carcinoma and Squamous Cell and Cutaneous,rno-miR-369-3p,1.1542184352874800
Low Tension Glaucoma,rno-miR-369-3p,1.1542181968689000
Albuminuria,rno-miR-369-3p,1.1542181968689000
Iris Diseases,rno-miR-369-3p,1.1542176008224500
Corneal Diseases,rno-miR-369-3p,1.1542173624038700
Periodontal Diseases,rno-miR-369-3p,1.15421724319458
Adenocarcinoma and Follicular,rno-miR-369-3p,1.154217004776000
Selenium Deficiency,rno-miR-369-3p,1.1542166471481300
Acute  Kidney Injury,rno-miR-369-3p,1.1542165279388400
Bovine Virus Diarrhea-Mucosal Disease,rno-miR-369-3p,1.1542162895202600
Bone Marrow Myelofibrosis,rno-miR-369-3p,1.154215931892400
Bone Diseases,rno-miR-369-3p,1.1542154550552400
Gynatresia,rno-miR-369-3p,1.1542153358459500
Polycythemia Vera,rno-miR-369-3p,1.1542143821716300
Carcinoma and Adenoid Cystic,rno-miR-369-3p,1.1542136669158900
Malnutrition,rno-miR-369-3p,1.1542136669158900
Thymoma,rno-miR-369-3p,1.1542127132415800
Jaundice and Acute,rno-miR-369-3p,1.154212474823000
Pediatric Cystic Fibrosis,rno-miR-369-3p,1.1542106866836500
Thyroid Diseases,rno-miR-369-3p,1.1542094945907600
Wiskott-Aldrich Syndrome,rno-miR-369-3p,1.1542078256607100
Hemoglobin Bart'S Hydrops   Fetalis Syndrome,rno-miR-369-3p,1.1542069911956800
Sleep Initiation and Maintenance Disorders,rno-miR-369-3p,1.1542060375213600
Multiple Mitochondrial Dysfunctions Syndrome,hsa-miR-138-1*,1.1541913747787500
Chemical and Drug Induced Liver Injury and Chronic,hsa-miR-4494,1.1541738510131800
Angioedemas and Hereditary,hsa-miR-23a-3p,1.1540627479553200
Posterior Segment Ocular Diseases,hsa-miR-23a-3p,1.1540604829788200
Asthma and Chronic,hsa-miR-23a-3p,1.1540515422821000
Liposarcoma and Myxoid,hsa-miR-23a-3p,1.1540400981903100
Ossification and Heterotopic,hsa-miR-4492,1.1538763046264600
Intra-Articular Fractures,hsa-miR-125b-2,1.1538116931915300
Central Nervous System Diseases,mmu-miR-700-5p,1.1537673473358200
Hemophilia A,mmu-miR-743a,1.1536623239517200
Cholestatic Liver Injury,hsa-miR-1225,1.1535452604293800
Dysentery and Bacillary,hsa-miR-1225,1.153543472290040
Lattice corneal dystrophy type 1,hsa-miR-1225,1.1535241603851300
succinic semialdehyde dehydrogenase deficiency,hsa-miR-1225,1.1535191535949700
Tibial Neuropathy,hsa-miR-1225,1.1535186767578100
Hyperparathyroidism 2,mmu-miR-708,1.1535173654556300
Myotonic Dystrophy,hsa-miR-1225,1.153515338897710
Hyperleptinemia,hsa-miR-1225,1.1535090208053600
Canavan Disease,hsa-miR-1225,1.1535061597824100
Encephalitis and Tick-Borne,hsa-miR-1225,1.153505802154540
Trypanosomiasis and African,hsa-mir-8069,1.1534545421600300
Testicular Neoplasms,hsa-miR-1271-3p,1.1532107591629000
Mycoplasma pneumoniae pneumonia,hsa-miR-1271-3p,1.153209924697880
Pemphigus and Benign Familial,hsa-miR-1271-3p,1.1532056331634500
Lysosomal Storage Diseases,hsa-miR-1271-3p,1.1532039642334000
Tricuspid Valve Insufficiency,hsa-miR-1271-3p,1.1531810760498000
Asthma and Chronic,hsa-miR-1271-3p,1.1531795263290400
Granulomatous Disease and Chronic,hsa-miR-1271-3p,1.1531693935394300
Neoplasms and Mesothelial,hsa-miR-1271-3p,1.1531670093536400
Multiple System Atrophy,hsa-miR-4437,1.1530486345291100
Polyposis Syndrome and Hereditary Mixed and 1,hsa-let-7a-5p,1.1529353857040400
isolated cleft palate,hsa-miR-4482,1.152928352355960
Reperfusion Injury and Testicular Ischemia,hsa-let-7a-5p,1.152916431427000
Inflammation and Chronic,hsa-let-7a-5p,1.1529111862182600
Angina Pectoris and Variant,hsa-mir-873,1.152909278869630
Dysentery,hsa-miR-29b-1,1.1528656482696500
Hypoglycemia,hsa-miR-412-5p,1.1528648138046300
Alveolar echinococcosis,rno-miR-27a,1.1528440713882400
Blood Platelet Disorders,rno-miR-27a,1.1528428792953500
Cystoid Macular Edema and Diabetic,rno-miR-27a,1.1528422832489000
Hypertension and Pregnancy-Induced,rno-miR-27a,1.1528416872024500
Vesicular Stomatitis,rno-miR-27a,1.152841567993160
Obesity and Osteosarcopenic,rno-miR-27a,1.1528412103653000
Arteriosclerosis Obliterans,rno-miR-27a,1.1528406143188500
Varicose Veins,rno-miR-27a,1.1528406143188500
Kidney Diseases and Cystic,rno-miR-27a,1.1528397798538200
non-alcoholic fatty liver,rno-miR-27a,1.1528395414352400
Rotavirus Infections,rno-miR-27a,1.1528390645980800
Combined Saposin Deficiency,rno-miR-27a,1.152838945388790
Emphysema,rno-miR-27a,1.152838110923770
Intracranial Arteriosclerosis,rno-miR-27a,1.1528379917144800
Smooth Muscle Tumor,rno-miR-27a,1.1528377532959000
von Hippel-Lindau Disease,rno-miR-27a,1.1528377532959000
Digestive System Diseases,rno-miR-27a,1.1528377532959000
Sinus Thrombosis and Intracranial,rno-miR-27a,1.1528369188308700
Brucellosis,rno-miR-27a,1.1528364419937100
Oculocutaneous Albinism Type 3,rno-miR-27a,1.1528359651565600
Sexual Dysfunctions and Psychological,rno-miR-27a,1.1528358459472700
HTLV-II Infections,rno-miR-27a,1.1528353691101100
Hepatic Veno-Occlusive Disease,rno-miR-27a,1.1528352499008200
Migraine Disorders,rno-miR-27a,1.1528352499008200
Early-Stage Malignant Melanoma,rno-miR-27a,1.1528351306915300
Depression and Post Stroke,rno-miR-27a,1.1528351306915300
ABCD syndrome,rno-miR-27a,1.1528345346450800
Myeloproliferative Disorder and Chronic and with Eosinophilia,rno-miR-27a,1.152834415435790
Intracranial Arteriovenous Malformations,rno-miR-27a,1.152834415435790
vulva squamous cell carcinoma,rno-miR-27a,1.1528340578079200
Thrombosis,rno-miR-27a,1.1528334617614700
Histiocytic Sarcoma,rno-miR-27a,1.1528327465057400
Hyperphosphatemia,rno-miR-27a,1.1528327465057400
Tooth Diseases,rno-miR-27a,1.1528327465057400
Lipodystrophy and Partial and Acquired,rno-miR-27a,1.1528326272964500
Suppuration,rno-miR-27a,1.1528325080871600
Intestinal Atresia,rno-miR-27a,1.1528325080871600
Leukemia and Myeloid and Chronic and Atypical and BCR-ABL Negative,rno-miR-27a,1.1528319120407100
Heart Injuries,rno-miR-27a,1.1528316736221300
Acidosis and Respiratory,rno-miR-27a,1.1528313159942600
late onset Parkinson's disease,rno-miR-27a,1.1528308391571000
Calcinosis,rno-miR-27a,1.1528304815292400
Retinal Degeneration,rno-miR-27a,1.1528301239013700
Facial Nerve Diseases,rno-miR-27a,1.1528297662735000
Siderosis,rno-miR-27a,1.1528294086456300
Thymus Neoplasms,rno-miR-27a,1.1528290510177600
Encephalomyelitis and Acute Disseminated,rno-miR-27a,1.1528286933898900
Stillbirth,rno-miR-27a,1.1528286933898900
Cardiomyopathy and Hypertrophic,rno-miR-27a,1.1528280973434400
Idiopathic Condylar Resorption,rno-miR-27a,1.1528277397155800
Duodenal Ulcer,rno-miR-27a,1.1528277397155800
Atrophy,rno-miR-27a,1.1528271436691300
Brucellosis and Bovine,rno-miR-27a,1.1528270244598400
Peripartum Cardiomyopathy ,rno-miR-27a,1.1528258323669400
Neoplasms and Glandular and Epithelial,rno-miR-27a,1.1528255939483600
Multiple Trauma,rno-miR-27a,1.1528246402740500
Graves Ophthalmopathy,rno-miR-27a,1.1528244018554700
Osteoporosis-pseudoglioma syndrome,rno-miR-27a,1.1528242826461800
Carcinoma and Basal Cell and Skin,rno-miR-27a,1.1528240442276
Dermatitis and Allergic Contact,rno-miR-27a,1.1528222560882600
Focal Infection,rno-miR-27a,1.1528220176696800
Endocrine System Diseases,rno-miR-27a,1.1528220176696800
Trachoma,rno-miR-27a,1.1528220176696800
Spinal Cord Diseases,rno-miR-27a,1.1528218984603900
Scapuloperoneal Myopathy and X-Linked Dominant,rno-miR-27a,1.1528210639953600
Nervous Necrosis Virus Infectious,rno-miR-27a,1.1528210639953600
Chorioamnionitis,rno-miR-27a,1.1528205871582000
Thrombotic Stroke,rno-miR-27a,1.152820110321050
Rhegmatogenous Retinal Detachment and Autosomal Dominant,rno-miR-27a,1.1528199911117600
FG syndrome,rno-miR-27a,1.1528197526931800
Osteoporosis and Postmenopausal,rno-miR-27a,1.152819275856020
Parkinson Disease and Familial and Type 1,rno-miR-27a,1.1528189182281500
Cysts,rno-miR-27a,1.1528187990188600
Sciatica,rno-miR-27a,1.1528186798095700
Fissure in Ano,rno-miR-27a,1.1528184413909900
Pituitary Diseases,rno-miR-27a,1.1528183221817000
Malaria and Vivax,rno-miR-27a,1.1528183221817000
Osteopenic Nonfracture Syndrome,rno-miR-27a,1.1528183221817000
Stomatitis and Herpetic,rno-miR-27a,1.1528183221817000
Burns,rno-miR-27a,1.152818202972410
Ullrich congenital muscular dystrophy,rno-miR-27a,1.152818202972410
Cardiovascular Complications,rno-miR-27a,1.152817726135250
Hydatidiform Mole,rno-miR-27a,1.1528174877166700
Critical Illness,rno-miR-27a,1.1528173685073900
Premature Ejaculation,rno-miR-27a,1.1528164148330700
Glima,rno-miR-27a,1.1528162956237800
Urothelial   Carcinoma,rno-miR-27a,1.1528162956237800
Atrial Myosins,rno-miR-27a,1.1528162956237800
Bronchial Hyperreactivity,rno-miR-27a,1.152815818786620
Turcot syndrome,rno-miR-27a,1.1528156995773300
Liver Failure,rno-miR-27a,1.1528154611587500
Polyomavirus Infections,rno-miR-27a,1.1528154611587500
Acute Aortic   Dissection,rno-miR-27a,1.1528149843215900
Bacterial Infections,rno-miR-27a,1.1528148651123000
Brain Infarction,rno-miR-27a,1.1528147459030200
Bird Diseases,rno-miR-27a,1.1528147459030200
Aortic Aneurysm,rno-miR-27a,1.152814507484440
Cushing Syndrome,rno-miR-27a,1.1528140306472800
Hyperoxia-Induced Lung Injury,rno-miR-27a,1.1528139114379900
Chronic recurrent multifocal osteomyelitis,rno-miR-27a,1.1528139114379900
Alveolar Bone Loss,rno-miR-27a,1.15281343460083
Kidney Failure and Chronic,rno-miR-27a,1.1528128385543800
Yellow Nail Syndrome,rno-miR-27a,1.1528126001358000
Heart Defects and Congenital,rno-miR-27a,1.1528122425079300
Rosacea,rno-miR-27a,1.152812123298650
Allergic Inflammation,rno-miR-27a,1.1528120040893600
Hypertensive  Disorder Complicating Pregnancy,rno-miR-27a,1.1528120040893600
Polythelia and Familial,rno-miR-27a,1.152811884880070
Arthrogryposis and ectodermal dysplasia,rno-miR-27a,1.1528116464614900
Lyme Disease,rno-miR-27a,1.1528116464614900
Warburg micro syndrome 1,rno-miR-27a,1.1528114080429100
Rhinitis and Allergic,rno-miR-27a,1.1528111696243300
Lesch-Nyhan Syndrome,rno-miR-27a,1.152811050415040
Acromegaly,rno-miR-27a,1.152811050415040
Congenital central hypoventilation syndrome,rno-miR-27a,1.15281081199646
Vascular Remodeling,rno-miR-27a,1.15281081199646
invasive aspergillosis,rno-miR-27a,1.15281081199646
Infections,rno-miR-27a,1.1528105735778800
Keratitis and Herpetic,rno-miR-27a,1.1528105735778800
Infant and Newborn and Diseases,rno-miR-27a,1.1528104543685900
Salpingitis,rno-miR-27a,1.1528104543685900
Pyruvate Kinase Deficiency of Red Cells,rno-miR-27a,1.1528103351593000
Gastritis and Pediatric,rno-miR-27a,1.1528100967407200
Sick Sinus Syndrome,rno-miR-27a,1.152809977531430
Arrest of spermatogenesis,rno-miR-27a,1.1528096199035600
Bronchopulmonary Dysplasia,rno-miR-27a,1.1528096199035600
Telangiectasia and Hereditary Hemorrhagic,rno-miR-27a,1.1528093814849900
Acute Lymphoblastic Leukemia and T-Cell,rno-miR-27a,1.1528093814849900
Cyprinid Herpesvirus 3,rno-miR-27a,1.1528093814849900
Fibrosis and Skin,rno-miR-27a,1.152808666229250
skin melanoma,rno-miR-27a,1.1528085470199600
Glomerulonephritis and Membranoproliferative,rno-miR-27a,1.152808427810670
Peripheral Blood Leukocytes,rno-miR-27a,1.152808427810670
Hearing Disorders,rno-miR-27a,1.152808427810670
Neonatal hemochromatosis,rno-miR-27a,1.1528081893920900
Gastritis and Hypertrophic,rno-miR-27a,1.1528081893920900
Oral Ulcer,rno-miR-27a,1.152807593345640
Aneurysm,rno-miR-27a,1.152807593345640
Arrhythmias and Cardiac,rno-miR-27a,1.152807593345640
Peri-Implantitis,rno-miR-27a,1.152807354927060
Wasting Disease and Chronic,rno-miR-27a,1.1528071165084800
Immune-Mediated Inflammatory Diseases,rno-miR-27a,1.1528071165084800
Pain and Postoperative,rno-miR-27a,1.1528068780899000
Neuroleptic Malignant Syndrome,rno-miR-27a,1.1528067588806200
Hemangioma and Infantile,rno-miR-27a,1.1528066396713300
Tracheal Diseases,rno-miR-27a,1.1528066396713300
Hepacivirus,rno-miR-27a,1.1528065204620400
Fibroadenoma,rno-miR-27a,1.152806282043460
Chronic Gastritis,rno-miR-27a,1.1528061628341700
Airway Inflammation,rno-miR-27a,1.152806043624880
Distal myopathy and Nonaka type,rno-miR-27a,1.1528056859970100
Hemoglobinopathies,rno-miR-27a,1.1528055667877200
Inflammatory Osteolysis,rno-miR-27a,1.1528055667877200
Thalassemia,rno-miR-27a,1.1528055667877200
Halal syndrome,rno-miR-27a,1.1528054475784300
Ataxia Neuropathy Spectrum,rno-miR-27a,1.1528054475784300
Neural Tube Defects,rno-miR-27a,1.1528054475784300
Rectal Neoplasms,rno-miR-27a,1.1528053283691400
Multiple Sclerosis and Chronic Progressive,rno-miR-27a,1.1528053283691400
von Willebrand Diseases,rno-miR-27a,1.1528053283691400
Low Back Pain,rno-miR-27a,1.1528050899505600
Aortic Diseases,rno-miR-27a,1.152804970741270
Dmd-Associated Dilated Cardiomyopathy,rno-miR-27a,1.152804970741270
Finnish lethal neonatal metabolic syndrome,rno-miR-27a,1.1528047323226900
Sarcoma and Ewing,rno-miR-27a,1.1528047323226900
Pleomorphic Sarcoma and Undifferentiated,rno-miR-27a,1.1528044939041100
Hyperparathyroidism and Primary,rno-miR-27a,1.1528044939041100
brachydactyly type D,rno-miR-27a,1.1528043746948200
Thoracic Aortic   Dissection,rno-miR-27a,1.1528042554855300
Malformations of Cortical Development,rno-miR-27a,1.1528040170669600
Low Tension Glaucoma,rno-miR-27a,1.152803897857670
Asthma-Chronic Obstructive Pulmonary Disease Overlap Syndrome,rno-miR-27a,1.1528034210205100
ovary adenocarcinoma,rno-miR-27a,1.1528033018112200
Microscopic Polyangiitis,rno-miR-27a,1.1528033018112200
Brachial Plexus Injury,rno-miR-27a,1.1528031826019300
Iris Diseases,rno-miR-27a,1.1528031826019300
Endothelial Dysfunction ,rno-miR-27a,1.1528031826019300
Myeloproliferative Disorders,rno-miR-27a,1.1528030633926400
Periodontal Diseases,rno-miR-27a,1.1528029441833500
Bone Regeneration,rno-miR-27a,1.1528029441833500
Li-Fraumeni syndrome 1,rno-miR-27a,1.152802586555480
Leigh Disease,rno-miR-27a,1.1528022289276100
Bovine Virus Diarrhea-Mucosal Disease,rno-miR-27a,1.1528019905090300
Cardiomyopathy and Dilated and with Left Ventricular Noncompaction,rno-miR-27a,1.1528018712997400
Arm Lymphedema,rno-miR-27a,1.1528013944625900
Neoplasms and Multiple Primary,rno-miR-27a,1.1528013944625900
Thrombocythemia and Essential,rno-miR-27a,1.1528010368347200
Brain Neoplasms,rno-miR-27a,1.1528009176254300
Diabetic Retinopathy ,rno-miR-27a,1.1528009176254300
Hepatorenal Syndrome,rno-miR-27a,1.1528003215789800
Schistosomiasis,rno-miR-27a,1.1528000831604000
Polycythemia Vera,rno-miR-27a,1.1528000831604000
Thyroid Carcinoma and Anaplastic,rno-miR-27a,1.1527999639511100
Parkinsonian Disorders,rno-miR-27a,1.1527996063232400
Brain Ischemia and Acute,rno-miR-27a,1.1527994871139500
Adenomatous Polyposis Coli,rno-miR-27a,1.1527994871139500
Moebius syndrome 1,rno-miR-27a,1.152799367904660
Prostatitis,rno-miR-27a,1.1527990102767900
Cerebral Hemorrhage,rno-miR-27a,1.1527990102767900
Tuberous Sclerosis 1,rno-miR-27a,1.1527987718582200
End Stage Liver Disease,rno-miR-27a,1.1527982950210600
Benign Paroxysmal Positional Vertigo,rno-miR-27a,1.1527981758117700
arthrogryposis and renal dysfunction and and cholestasis 1,rno-miR-27a,1.1527979373931900
Familial primary gastric lymphoma,rno-miR-27a,1.152797818183900
recessive dystrophic epidermolysis bullosa,rno-miR-27a,1.152797818183900
Lumbar Disc   Herniation,rno-miR-27a,1.1527975797653200
Cystadenocarcinoma and Serous and Endometrial,rno-miR-27a,1.152796745300290
Hypocalciuric hypercalcemia and familial and type 1,rno-miR-27a,1.1527966260910000
Typical Teratoid Rhabdoid Tumor,rno-miR-27a,1.1527965068817100
Leukoplakia and Oral,rno-miR-27a,1.1527963876724200
Ventricular Dysfunction and Left,rno-miR-27a,1.1527962684631300
Chronic Pain,rno-miR-27a,1.1527962684631300
Lymphoma and Extranodal NK-T-Cell,rno-miR-27a,1.1527961492538500
Adrenocortical Carcinoma and Pediatric,rno-miR-27a,1.152795672416690
Obstetric Labor Complications,rno-miR-27a,1.152795672416690
acute myocardial infarction,rno-miR-27a,1.1527955532074000
Thyroid Diseases,rno-miR-27a,1.1527951955795300
Kidney Neoplasms,rno-miR-27a,1.1527940034866300
Renal Tubular Oxidative Injury,rno-miR-27a,1.152793526649480
Abnormalities and Multiple,rno-miR-27a,1.1527931690216100
Thyroiditis and Subacute,rno-miR-27a,1.1527923345565800
Sleep Initiation and Maintenance Disorders,rno-miR-27a,1.1527917385101300
Trypanosomiasis and African,hsa-miR-4444,1.1527749300003100
Iridocorneal Endothelial Syndrome,hsa-miR-155-3p,1.1526919603347800
Tuberous Sclerosis,hsa-miR-4443,1.1524237394332900
Intrahepatic Cholestasis of Pregnancy,hsa-miR-4482,1.1523653268814100
Heart Failure and Diastolic,hsa-miR-3669,1.1522713899612400
Hyperglycinemia and Nonketotic,mmu-miR-743a,1.1521693468093900
Hemophilia A,hsa-miR-4444,1.152137041091920
Brugada Syndrome,hsa-miR-3174,1.1521337032318100
Reperfusion Injury and Testicular Ischemia,hsa-miR-3174,1.1521250009536700
Myeloma Bone Disease,hsa-miR-3174,1.1521189212799100
Equine Infectious Anemia,hsa-miR-3174,1.1521183252334600
Transfusion Reaction,hsa-miR-4482,1.1520167589187600
Periprosthetic Fractures,hsa-mir-873,1.1519653797149700
thyroid gland Hurthle cell carcinoma,hsa-miR-216,1.1519412994384800
Diminished  Ovarian Reserve,hsa-miR-216,1.1519246101379400
Reperfusion Injury and Testicular Ischemia,hsa-miR-216,1.1519191265106200
Urinary Calculi,hsa-miR-1295a,1.151917815208440
Corneal Ulcer,hsa-miR-216,1.1519107818603500
Pasteurella Multocida Infections,hsa-miR-216,1.1519073247909500
Encephalitis and Tick-Borne,hsa-let-7f-1-3p,1.1518205404281600
Hyperoxia,hsa-miR-4443,1.151689052581790
Swine Diseases,hcmv-miR-UL22a,1.1515613794326800
Neonatal Sepsis,mmu-miR-700-5p,1.1515307426452600
Diabetic  Retinopathy,hsa-miR-145-3p,1.1513965129852300
nephrotic syndrome type 2,hsa-miR-145-3p,1.151393175125120
Costello Syndrome,hsa-miR-4494,1.1513534784317000
Spinal Dysraphism,hsa-miR-3649,1.1511951684951800
Hemophilia A,hsa-miR-4443,1.1510611772537200
Maxillary Fractures,hsa-miR-3136-5p,1.1510565280914300
Reperfusion Injury and Testicular Ischemia,hsa-miR-302c*,1.150984525680540
Severe Fever with Thrombocytopenia Syndrome,hsa-mir-8080,1.1509727239608800
Optic atrophy 1 and deafness,hsa-miR-30a,1.1509109735488900
Testicular Neoplasms,hsa-miR-30a,1.150908350944520
Adrenocortical Adenoma,hsa-miR-30a,1.1509038209915200
Skeletal Muscle Dysplasia,hsa-miR-30a,1.1509028673172000
Polyposis Syndrome and Hereditary Mixed and 1,hsa-miR-30a,1.150901436805730
Adenocarcinoma Of Esophagus,hsa-miR-30a,1.1509013175964400
Dysentery and Bacillary,hsa-miR-30a,1.1508992910385100
Gliosis,hsa-miR-30a,1.1508851051330600
Pancreatitis and Acute Hemorrhagic,hsa-miR-30a,1.1508808135986300
Mouth Diseases,hsa-miR-30a,1.1508784294128400
Inflammation and Chronic,hsa-miR-30a,1.1508771181106600
Classical Swine Fever,hsa-miR-30a,1.1508738994598400
Nevi and Melanomas,hsa-miR-30a,1.1508736610412600
Renal Artery Obstruction,hsa-miR-30a,1.1508705615997300
Vitelliform Macular Dystrophy,hsa-miR-30a,1.1508694887161300
Autoimmune Diseases of the Nervous System,hsa-miR-30a,1.1508692502975500
aortic atherosclerosis,hsa-miR-4492,1.150863766670230
Carcinoma and Brown-Pearce,hsa-miR-30a,1.1508620977401700
Chediak-Higashi Syndrome,hsa-miR-135-2,1.150847315788270
Diminished  Ovarian Reserve,hsa-miR-3922-5p,1.150847315788270
Opium Dependence,hsa-mir-8080,1.150805115699770
Opium Dependence,hsa-miR-4444,1.1507006883621200
Testicular Neoplasms,hsa-miR-1975,1.1506651639938400
Carcinoma and Adenoid Cystic and Lacrimal Gland,hsa-miR-3649,1.1506648063659700
Scleral Diseases,hsa-miR-1975,1.150663137435910
Chediak-Higashi Syndrome,hsa-miR-1975,1.1506606340408300
Adenocarcinoma Of Esophagus,hsa-miR-1975,1.1506580114364600
Optic atrophy 1 and deafness,hsa-miR-2392,1.1506550312042200
Testicular Neoplasms,hsa-miR-2392,1.1506524085998500
Reproductive Tract Infections,hsa-miR-2392,1.1506519317627000
Adrenocortical Adenoma,hsa-miR-2392,1.1506478786468500
Diminished  Ovarian Reserve,hsa-miR-1975,1.1506447792053200
Neoplasms and Hormone-Dependent,hsa-miR-1975,1.1506439447403000
Retinitis Pigmentosa,hsa-miR-1975,1.1506389379501300
Dementia and Vascular,hsa-miR-4459,1.1506340503692600
Inflammation and Chronic,hsa-miR-1975,1.1506339311599700
follicular lymphoma (FL),hsa-miR-2392,1.1506338119506800
Diminished  Ovarian Reserve,hsa-miR-2392,1.1506319046020500
Classical Swine Fever,hsa-miR-1975,1.1506307125091600
Blood Coagulation Disorders and Traumatic and Acute,hsa-miR-1975,1.1506298780441300
Pancreatitis and Acute Hemorrhagic,hsa-miR-2392,1.1506248712539700
Brain Edema,hsa-miR-2392,1.1506247520446800
Skeletal Muscle Injury,hsa-miR-1975,1.150624394416810
Phyllodes Tumor and Breast,hsa-miR-2392,1.1506236791610700
Urinary Calculi,hsa-miR-1975,1.1506234407424900
Equine Infectious Anemia,hsa-miR-2392,1.150619626045230
Renal Artery Obstruction,hsa-miR-2392,1.1506147384643600
UV-Sensitive Syndrome,hsa-miR-2392,1.15061354637146
American Tegumentary Leishmaniasis,hsa-miR-2392,1.1506098508834800
Neoplasms and Mesothelial,hsa-miR-2392,1.1506086587905900
Juvenile gout,hsa-let-7g,1.1505473852157600
Postoperative Cognitive Complications,hsa-mir-8080,1.1504260301590000
Heart Failure and Acute,mmu-miR-700-5p,1.150376319885250
AIDS-Related Complex,hsa-miR-4492,1.1503466367721600
Postoperative Cognitive Complications,hsa-miR-4444,1.1503217220306400
Spinal Injuries,hsa-miR-4511,1.1502318382263200
Meniscus Degeneration,hsa-miR-3663-3p,1.1501561403274500
Polyposis Syndrome and Hereditary Mixed and 1,hsa-miR-3663-3p,1.1501542329788200
Adenocarcinoma Of Esophagus,hsa-miR-3663-3p,1.1501539945602400
Splenic Neoplasms,hsa-miR-3663-3p,1.1501457691192600
thyroid gland Hurthle cell carcinoma,hsa-miR-181d-5p,1.1500928401947000
Adenocarcinoma Of Esophagus,hsa-miR-181d-5p,1.1500895023345900
Splenic Neoplasms,hsa-miR-181d-5p,1.1500813961029100
Tricuspid Valve Insufficiency,hsa-miR-181d-5p,1.1500669717788700
Equine Infectious Anemia,hsa-miR-181d-5p,1.1500638723373400
Nevi and Melanomas,hsa-miR-181d-5p,1.150061845779420
Periodontitis and Diabetic,hsa-miR-181d-5p,1.1500595808029200
Testicular Neoplasms,hsa-miR-4267,1.1500552892684900
Urinary Calculi,hsa-miR-181d-5p,1.150054931640630
Cestode Infections,hsa-miR-4267,1.1500542163848900
Scleral Diseases,hsa-miR-4267,1.1500533819198600
Birth Weight,hsa-miR-4267,1.1500531435012800
Mastitis and Bovine,hsa-mir-873,1.1500517129898100
thyroid gland Hurthle cell carcinoma,hsa-miR-4267,1.150051474571230
Adrenocortical Adenoma,hsa-miR-4267,1.1500507593154900
Meniscus Degeneration,hsa-miR-4267,1.150050163269040
Polymyalgia Rheumatica,hsa-miR-4267,1.1500493288040200
Polyposis Syndrome and Hereditary Mixed and 1,hsa-miR-4267,1.1500483751297000
Juvenile gout,hsa-miR-4267,1.1500442028045700
Ischemic Stroke and Cerebral,hsa-miR-4267,1.1500375270843500
Angioedemas and Hereditary,hsa-miR-4267,1.15003502368927
Posterior Segment Ocular Diseases,hsa-miR-4267,1.1500329971313500
Neutropenia,hsa-miR-4267,1.1500306129455600
Vaginosis and Bacterial,hsa-miR-4267,1.1500279903411900
Diabetic  Retinopathy,hsa-miR-4267,1.1500266790390000
Venous Neointimal Hyperplasia,hsa-miR-4267,1.1500259637832600
Crisponi syndrome,hsa-miR-4267,1.1500242948532100
Hereditary Autoinflammatory Diseases,hsa-miR-4267,1.1500235795974700
Myeloma Bone Disease,hsa-miR-4267,1.150023102760320
Chronic  Rhinosinusitis With Nasal Polyps,hsa-miR-4267,1.1500219106674200
Relative Energy Deficiency in Sport,hsa-miR-4267,1.1500211954116800
Nevi and Melanomas,hsa-miR-4267,1.1500205993652300
Blood Coagulation Disorders and Traumatic and Acute,hsa-miR-4267,1.1500201225280800
Autoimmune Diseases of the Nervous System,hsa-miR-4267,1.150016188621520
Urinary Calculi,hsa-miR-4267,1.15001380443573
Multiple Mitochondrial Dysfunctions Syndrome,hsa-miR-4267,1.150012493133550
Tuberous Sclerosis,hsa-miR-4437,1.1499851942062400
Marek Disease,hsa-miR-4444,1.149640440940860
Opium Dependence,hsa-miR-4443,1.1496247053146400
Proteinuria,hsa-mir-8080,1.1495999097824100
Severe Fever with Thrombocytopenia Syndrome,hsa-miR-4459,1.1495985984802200
Intra-Articular Fractures,hsa-miR-30d-3p,1.1495544910430900
Aniridia,hsa-miR-3117-3p,1.1494951248168900
Testicular Neoplasms,hsa-miR-3117-3p,1.149491548538210
Mycoplasma pneumoniae pneumonia,hsa-miR-3117-3p,1.1494907140731800
Amebiasis,hsa-miR-3117-3p,1.1494898796081500
Lysosomal Storage Diseases,hsa-miR-3117-3p,1.1494849920272800
Juvenile gout,hsa-miR-3117-3p,1.1494804620742800
Spinal Cord Compression,hsa-miR-3117-3p,1.1494784355163600
Splenic Neoplasms,hsa-miR-3117-3p,1.149476170539860
Angioedemas and Hereditary,hsa-miR-3117-3p,1.1494712829589800
Diminished  Ovarian Reserve,hsa-miR-3117-3p,1.1494712829589800
Uveomeningoencephalitic Syndrome,hsa-miR-3117-3p,1.1494709253311200
Posterior Segment Ocular Diseases,hsa-miR-3117-3p,1.1494691371917700
Clear-cell metastatic renal cell carcinoma,hsa-miR-3117-3p,1.149469017982480
Gliosis,hsa-miR-3117-3p,1.1494683027267500
Retinitis Pigmentosa,hsa-miR-3117-3p,1.149465560913090
Vaginosis and Bacterial,hsa-miR-3117-3p,1.1494642496109000
Venous Neointimal Hyperplasia,hsa-miR-3117-3p,1.149462103843690
Wound Infection,hsa-miR-3117-3p,1.1494615077972400
Hereditary Autoinflammatory Diseases,hsa-miR-3117-3p,1.1494600772857700
Visceral Pain,hsa-miR-3117-3p,1.1494592428207400
Lupus Vasculitis and Central Nervous System,hsa-miR-3117-3p,1.149458646774290
Pfeiffer type acrocephalosyndactyly,hsa-miR-3117-3p,1.149457335472110
Corneal Ulcer,hsa-miR-3117-3p,1.1494570970535300
Skeletal Muscle Injury,hsa-miR-3117-3p,1.1494508981704700
Granulomatous Disease and Chronic,hsa-miR-3117-3p,1.1494503021240200
Encephalitis and Tick-Borne,hsa-miR-3117-3p,1.1494449377059900
Cranial Nerve Injuries,hsa-miR-3117-3p,1.1494433879852300
Optic Neuritis,mmu-miR-701,1.1493481397628800
cough variant asthma,hsa-mir-873,1.1493011713028000
Postoperative Cognitive Complications,hsa-miR-4443,1.1492459774017300
Amebiasis,hsa-let-7a-1,1.1491199731826800
ovarian clear cell carcinoma,hsa-miR-3117-5p,1.149119257926940
Polyposis Syndrome and Hereditary Mixed and 1,hsa-let-7a-1,1.149114727973940
Juvenile gout,hsa-let-7a-1,1.1491105556488000
Splenic Neoplasms,hsa-let-7a-1,1.1491062641143800
Brugada Syndrome,hsa-let-7a-1,1.149104356765750
Neutropenia,hsa-let-7a-1,1.1490968465805100
Pancreatitis and Acute Hemorrhagic,hsa-let-7a-1,1.1490941047668500
Esophageal Atresia,hsa-let-7a-1,1.149093508720400
Lattice corneal dystrophy type 1,hsa-let-7a-1,1.1490930318832400
Rhabdoid Tumor and Kidney,hsa-let-7a-1,1.1490901708602900
Myeloma Bone Disease,hsa-let-7a-1,1.1490894556045500
Peripheral Vascular Diseases,hsa-let-7a-1,1.1490893363952600
succinic semialdehyde dehydrogenase deficiency,hsa-let-7a-1,1.1490877866745000
Fetal Hypoxia,hsa-let-7a-1,1.149085521698000
Periodontitis and Diabetic,hsa-let-7a-1,1.149084448814390
Vitelliform Macular Dystrophy,hsa-let-7a-1,1.149082899093630
Multiple Mitochondrial Dysfunctions Syndrome,hsa-let-7a-1,1.1490788459777800
Hyperleptinemia,hsa-let-7a-1,1.1490778923034700
Neonatal Sepsis,hsa-miR-4482,1.1490644216537500
Genetic Diseases and Inborn,mmu-miR-697,1.148999571800230
Hypoglycemia,hsa-miR-3928-3p,1.1489733457565300
Nevi and Melanomas,hsa-miR-181c,1.148838996887210
Hyperoxia,hsa-miR-4439,1.1488046646118200
cough variant asthma,hsa-miR-450a-5p,1.1487915515899700
Inflammation and Chronic,hsa-miR-1251-5p,1.148784875869750
Myotonic Dystrophy,hsa-miR-1251-5p,1.1487784385681200
Gastric Antral Vascular Ectasia,hsa-miR-125b-2,1.1487139463424700
Testicular Neoplasms,hsa-miR-374a-3p,1.1486254930496200
Mycoplasma pneumoniae pneumonia,hsa-miR-374a-3p,1.1486245393753100
thyroid gland Hurthle cell carcinoma,hsa-miR-374a-3p,1.1486217975616500
Maternal   Cholestasis,hsa-miR-374a-3p,1.148619294166570
Tenon Fibroblasts,hsa-miR-374a-3p,1.1486188173294100
Diminished  Ovarian Reserve,hsa-miR-020,1.148616075515750
Posterior Segment Ocular Diseases,hsa-miR-020,1.1486140489578200
facioscapulohumeral muscular dystrophy 1,hsa-miR-374a-3p,1.1486077308654800
Tibial Neuropathy,hsa-miR-020,1.1486023664474500
Neutropenia,hsa-miR-374a-3p,1.148600697517400
Primary Gastrointestinal Diffuse Large B-Cell Lymphoma ,hsa-miR-374a-3p,1.148599624633790
Vaginosis and Bacterial,hsa-miR-374a-3p,1.1485981941223100
Venous Neointimal Hyperplasia,hsa-miR-374a-3p,1.148595929145810
Hemangiosarcoma,hsa-miR-374a-3p,1.1485953330993700
Arene Oxide Detoxification Defect,hsa-miR-374a-3p,1.1485950946807900
Rhabdoid Tumor and Kidney,hsa-miR-374a-3p,1.1485941410064700
Cardiomyopathy and Hypertrophic and Familial,hsa-miR-374a-3p,1.148592233657840
Lymphohistiocytosis and Hemophagocytic,hsa-miR-374a-3p,1.1485919952392600
Visceral Hypersensitivity,hsa-miR-374a-3p,1.1485915184021000
Classical Swine Fever,hsa-miR-374a-3p,1.1485910415649400
Nevi and Melanomas,hsa-miR-374a-3p,1.1485906839370700
Myotonic Dystrophy,hsa-miR-374a-3p,1.148587942123410
Renal Artery Obstruction,hsa-miR-374a-3p,1.148587703704830
Skeletal Muscle Injury,hsa-miR-374a-3p,1.1485847234726000
Cranial Nerve Injuries,hsa-miR-374a-3p,1.148577332496640
Meniscus Degeneration,hsa-miR-34b-5p,1.1485711336135900
Skeletal Muscle Dysplasia,hsa-miR-34b-5p,1.1485706567764300
Ossification and Heterotopic,hsa-mir-873,1.148567795753480
Splenic Neoplasms,hsa-miR-34b-5p,1.1485611200332600
Diminished  Ovarian Reserve,hsa-miR-34b-5p,1.1485559940338100
Vaginosis and Bacterial,hsa-miR-34b-5p,1.14854896068573
Tricuspid Valve Insufficiency,hsa-miR-34b-5p,1.148546576499940
Neoplasms and Mesothelial,hsa-miR-34b-5p,1.1485326290130600
Gastric Antral Vascular Ectasia,hsa-miR-1245a,1.148435115814210
Trypanosomiasis and African,mmu-miR-708,1.1484344005584700
Vision and Low,hsa-mir-7844,1.1484253406524700
Equine Infectious Anemia,hsa-miR-3617,1.1483691930770900
Hyperoxia,hsa-miR-4494,1.148205280303960
Neurobehavioral Manifestations,mmu-miR-743a,1.1481926441192600
Hemophilia A,hsa-miR-4439,1.148176908493040
Reperfusion Injury and Testicular Ischemia,mmu-miR-762,1.148153305053710
Newcastle Disease,rno-miR-27a,1.1480385065078700
Obstructive   Kidney Disease,hsa-miR-3124,1.1478978395462000
Spinal Diseases,hsa-miR-3124,1.1478959321975700
Amebiasis,hsa-miR-3124,1.1478955745697000
thyroid gland Hurthle cell carcinoma,hsa-miR-3124,1.1478936672210700
Granuloma,hsa-miR-3124,1.1478875875473000
Spinal Cord Compression,hsa-miR-3124,1.1478841304779100
Angioedemas and Hereditary,hsa-miR-3124,1.1478772163391100
Testicular Neoplasms,hsa-miR-151-3p,1.1478761434555100
Scleral Diseases,hsa-miR-151-3p,1.147874116897580
Brachial Plexus Avulsion ,hsa-miR-3124,1.1478732824325600
Neutropenia,hsa-miR-3124,1.1478726863861100
Meniscus Degeneration,hsa-miR-151-3p,1.1478708982467700
Skeletal Muscle Dysplasia,hsa-miR-151-3p,1.147870659828190
Chronic Rhinosinusitis With Nasal  Polyps,hsa-miR-3124,1.1478701829910300
Wound Infection,hsa-miR-3124,1.1478673219680800
Asthma and Chronic,hsa-miR-3124,1.1478662490844700
Rhabdoid Tumor and Kidney,hsa-miR-3124,1.1478660106658900
Myeloma Bone Disease,hsa-miR-3124,1.1478652954101600
Dermatitis and Atopic and 1,hsa-miR-3124,1.1478639841079700
succinic semialdehyde dehydrogenase deficiency,hsa-miR-3124,1.147863745689390
Visceral Hypersensitivity,hsa-miR-3124,1.1478633880615200
Pfeiffer type acrocephalosyndactyly,hsa-miR-3124,1.1478632688522300
Skeletal Muscle Injury,hsa-miR-3124,1.147856593132020
Rhabdomyosarcoma and Alveolar,hsa-miR-3124,1.147856593132020
Granulomatous Disease and Chronic,hsa-miR-3124,1.1478559970855700
Diminished  Ovarian Reserve,hsa-miR-151-3p,1.1478558778762800
American Tegumentary Leishmaniasis,hsa-miR-3124,1.1478548049926800
Neoplasms and Mesothelial,hsa-miR-3124,1.1478536128997800
Neutropenia,hsa-miR-151-3p,1.1478514671325700
Chronic Kidney   Disease,hsa-miR-151-3p,1.1478493213653600
Rhabdoid Tumor and Kidney,hsa-miR-151-3p,1.1478447914123500
Myeloma Bone Disease,hsa-miR-151-3p,1.1478440761566200
Plaque and Amyloid,hsa-miR-151-3p,1.1478440761566200
Reperfusion Injury and Testicular Ischemia,hsa-miR-3648,1.1478415727615400
Hemophilia A,mmu-miR-708,1.147796392440800
Amebiasis,hsa-miR-15a-5p,1.1477792263031000
Diminished  Ovarian Reserve,hsa-miR-15a-5p,1.1477603912353500
Plaque and Amyloid,hsa-miR-15a-5p,1.1477488279342700
Testicular Neoplasms,hsa-miR-1282,1.1477134227752700
Neutropenia,hsa-miR-1282,1.1476885080337500
Tricuspid Valve Insufficiency,hsa-miR-1282,1.14768385887146
Nevi and Melanomas,hsa-miR-1282,1.1476786136627200
Arteritis,hsa-mir-8061,1.147541880607610
Optic atrophy 1 and deafness,EBV-mir-BART8,1.1475238800048800
Amebiasis,EBV-mir-BART8,1.147519588470460
Deglutition Disorders,EBV-mir-BART8,1.1475129127502400
Human T-Cell Leukemia Virus Type 1 Infections,EBV-mir-BART8,1.1475098133087200
Spinal Cord Compression,EBV-mir-BART8,1.147508144378660
Splenic Neoplasms,EBV-mir-BART8,1.1475059986114500
Aristolochic Acid Induced Nephropathy,EBV-mir-BART8,1.1475059986114500
Brugada Syndrome,EBV-mir-BART8,1.1475039720535300
Ischemic Stroke and Cerebral,EBV-mir-BART8,1.1475034952163700
Neutropenia,EBV-mir-BART8,1.1474964618682900
Chronic Rhinosinusitis With Nasal  Polyps,EBV-mir-BART8,1.1474939584732100
Vaginosis and Bacterial,EBV-mir-BART8,1.1474939584732100
Lattice corneal dystrophy type 1,EBV-mir-BART8,1.1474926471710200
Esophageal Diseases,EBV-mir-BART8,1.147491693496700
Tricuspid Valve Insufficiency,EBV-mir-BART8,1.1474915742874100
Inflammation and Chronic,EBV-mir-BART8,1.14749014377594
Asthma and Chronic,EBV-mir-BART8,1.14749014377594
Chronic  Rhinosinusitis With Nasal Polyps,EBV-mir-BART8,1.1474878787994400
Absent corpus callosum cataract immunodeficiency,EBV-mir-BART8,1.1474868059158300
Nevi and Melanomas,EBV-mir-BART8,1.1474864482879600
Sepsis and Intensive Care Unit-Acquired,EBV-mir-BART8,1.1474860906601000
Periodontitis and Diabetic,EBV-mir-BART8,1.1474840641021700
Renal Artery Obstruction,EBV-mir-BART8,1.147483468055730
Temporomandibular Joint Dysfunction Syndrome,EBV-mir-BART8,1.1474823951721200
Vitelliform Macular Dystrophy,EBV-mir-BART8,1.1474823951721200
Rhabdomyosarcoma and Alveolar,EBV-mir-BART8,1.1474804878234900
Granulomatous Disease and Chronic,EBV-mir-BART8,1.1474800109863300
American Tegumentary Leishmaniasis,EBV-mir-BART8,1.1474788188934300
Liposarcoma and Myxoid,EBV-mir-BART8,1.147478461265560
Hyperleptinemia,EBV-mir-BART8,1.1474775075912500
Lattice corneal dystrophy type 1,hsa-miR-218-2-3p,1.147477388381960
Phyllodes Tumor and Breast,hsa-miR-218-2-3p,1.1474772691726700
Lymphoma and Follicular,hsa-miR-4456,1.147477149963380
Arsenic Poisoning,hsa-miR-4511,1.1473314762115500
Deficiency Diseases,mmu-miR-676-3p,1.1472866535186800
Tuberous Sclerosis,hsa-miR-4482,1.1472691297531100
Opium Dependence,hsa-miR-4437,1.147186279296880
Reperfusion Injury and Testicular Ischemia,hsa-miR-324-3p,1.1471823453903200
Genetic Diseases and Inborn,hsa-miR-4511,1.1471790075302100
ACTH-Secreting Pituitary Adenoma,hsa-miR-4456,1.1471422910690300
Hyperglycinemia and Nonketotic,hsa-miR-4437,1.1471295356750500
Human T-Cell Leukemia Virus Type 1 Infections,EBV-miR-BART7,1.1469193696975700
Spinal Cord Compression,EBV-miR-BART7,1.1469175815582300
Splenic Neoplasms,EBV-miR-BART7,1.1469155550003100
Angioedemas and Hereditary,EBV-miR-BART7,1.146910548210140
Encephalitis Virus and Japanese,EBV-miR-BART7,1.1469091176986700
Asthma and Chronic,EBV-miR-BART7,1.146899700164800
Myeloma Bone Disease,EBV-miR-BART7,1.146898627281190
Sepsis and Intensive Care Unit-Acquired,EBV-miR-BART7,1.1468957662582400
Myotonic Dystrophy,EBV-miR-BART7,1.1468932628631600
Urinary Calculi,EBV-miR-BART7,1.146889328956600
Blind Loop Syndrome,hsa-miR-3653-3p,1.1468433141708400
Aspermia,hsa-miR-4492,1.1468110084533700
Obstructive   Kidney Disease,hsa-miR-338-5p,1.1467928886413600
Li-Fraumeni Syndrome,hsa-mir-873,1.1467913389205900
Osteoarthritis ,hsa-miR-338-5p,1.1467859745025600
Spinal Cord Compression,hsa-miR-338-5p,1.1467794179916400
Neurobehavioral Manifestations,hsa-mir-8080,1.1467719078064000
Posterior Segment Ocular Diseases,hsa-miR-338-5p,1.1467701196670500
Reperfusion Injury and Testicular Ischemia,hsa-miR-338-5p,1.1467665433883700
Tricuspid Valve Insufficiency,hsa-miR-338-5p,1.1467629671096800
Skeletal Muscle Injury,hsa-miR-338-5p,1.1467517614364600
Lipoma,hsa-miR-4492,1.146712064743040
Epilepsy and Generalized,hsa-miR-4492,1.1467031240463300
Rhabdomyosarcoma,hsa-miR-4492,1.1466703414917000
Maxillofacial Abnormalities,hsa-miR-4444,1.146658182144170
Hyalinosis and Systemic,hsa-mir-8080,1.1466517448425300
thyroid gland Hurthle cell carcinoma,hsa-miR-3934,1.1466275453567500
Sneddon Syndrome,hsa-miR-3934,1.1466267108917200
Skeletal Muscle Dysplasia,hsa-miR-3934,1.1466256380081200
Spinal Cord Ischemia,hsa-miR-4492,1.1466246843338000
Ovarian Cysts,hsa-miR-3934,1.1466246843338000
Juvenile gout,hsa-miR-3934,1.1466201543808000
Brugada Syndrome,hsa-miR-3934,1.1466140747070300
Primary Gastrointestinal Diffuse Large B-Cell Lymphoma ,hsa-miR-3934,1.1466057300567600
Reperfusion Injury and Testicular Ischemia,hsa-miR-3934,1.1466054916381800
Retinitis Pigmentosa,hsa-miR-3934,1.146605134010320
Venous Neointimal Hyperplasia,hsa-miR-3934,1.1466017961502100
Visceral Hypersensitivity,hsa-miR-3934,1.1465975046157800
Gastroparesis and Diabetic,hsa-miR-3934,1.146592378616330
Granulomatous Disease and Chronic,hsa-miR-3934,1.1465901136398300
Hemangioma and Cavernous and Central Nervous System,hsa-miR-3934,1.1465849876403800
Obstructive   Kidney Disease,hsa-miR-376b-3p,1.1465755701065100
Amebiasis,hsa-miR-376b-3p,1.1465734243392900
Birth Weight,hsa-miR-376b-3p,1.1465730667114300
Sneddon Syndrome,hsa-miR-376b-3p,1.1465705633163500
Meniscus Degeneration,hsa-miR-376b-3p,1.1465699672699000
Skeletal Muscle Dysplasia,hsa-miR-376b-3p,1.1465696096420300
Lysosomal Storage Diseases,hsa-miR-376b-3p,1.1465684175491300
Adenocarcinoma Of Esophagus,hsa-miR-376b-3p,1.146567940711980
ureteropelvic junction obstruction,hsa-miR-376b-3p,1.146566390991210
Granuloma,hsa-miR-376b-3p,1.146565318107610
Spinal Cord Compression,hsa-miR-376b-3p,1.1465619802475000
Drug Resistant Epilepsy,hsa-miR-4511,1.1465556621551500
Diminished  Ovarian Reserve,hsa-miR-376b-3p,1.1465548276901200
Posterior Segment Ocular Diseases,hsa-miR-376b-3p,1.1465528011322000
Neuropathic Allodynia,hsa-miR-376b-3p,1.1465522050857500
Chronic Kidney   Disease,hsa-miR-376b-3p,1.1465483903884900
Dyspepsia,hsa-miR-376b-3p,1.1465446949005100
Elephantiasis,hsa-mir-873,1.1465445756912200
Inflammation and Chronic,hsa-miR-376b-3p,1.1465439796447800
Asthma and Chronic,hsa-miR-376b-3p,1.1465438604354900
fragile X-associated tremor/ataxia syndrome,hsa-miR-376b-3p,1.146543264389040
Visceral Pain,hsa-miR-376b-3p,1.1465427875518800
Lymphohistiocytosis and Hemophagocytic,hsa-miR-376b-3p,1.1465415954589800
Chronic Inflammation,hsa-miR-376b-3p,1.1465404033660900
Immunologic Deficiency Syndromes,hsa-miR-376b-3p,1.1465392112731900
Tuberculosis and Gastrointestinal,hsa-miR-376b-3p,1.1465377807617200
Vitelliform Macular Dystrophy,hsa-miR-376b-3p,1.1465364694595300
Autoimmune Diseases of the Nervous System,hsa-miR-376b-3p,1.146535873413090
Lentivirus Infections,hsa-miR-376b-3p,1.146535038948060
Body Weight,hsa-miR-376b-3p,1.1465340852737400
Multiple Mitochondrial Dysfunctions Syndrome,hsa-miR-376b-3p,1.1465321779251100
Chronic   Pelvic Pain Syndrome,hsa-miR-376b-3p,1.146531581878660
Canavan Disease,hsa-miR-376b-3p,1.1465286016464200
Severe Fever with Thrombocytopenia Syndrome,mmu-miR-708,1.1465277671814000
Stomatitis and Aphthous,hsa-miR-193b-5p,1.146524429321290
Spinal Injuries,rno-miR-27a,1.1464821100235000
Iridocorneal Endothelial Syndrome,hsa-miR-20a*,1.1464200019836400
Angina Pectoris and Variant,hsa-miR-4443,1.1464155912399300
Amebiasis,hsa-miR-146b-5p,1.1463435888290400
Myeloma Bone Disease,hsa-miR-146b-5p,1.146312952041630
Angioedemas and Hereditary,hsa-miR-3065-3p,1.1463085412979100
Periodontitis and Diabetic,hsa-miR-146b-5p,1.1463079452514600
Urinary Calculi,hsa-miR-146b-5p,1.1463035345077500
Hyperglycinemia and Nonketotic,mmu-miR-708,1.146303415298460
Myotonic Dystrophy,hsa-miR-3065-3p,1.1462911367416400
Carcinoma and Mucoepidermoid,hsa-miR-200a-3p,1.1462528705596900
Ossification and Heterotopic,hsa-miR-4456,1.14622163772583
Respiratory Sounds,hsa-miR-021,1.1462209224700900
Friedreich Ataxia,hsa-miR-450a-5p,1.146182894706730
Opium Dependence,hsa-miR-4494,1.1461409330368000
Nephritis and Interstitial,hsa-miR-4444,1.1461386680603000
Marek Disease,hsa-miR-4437,1.1461259126663200
Fatty Liver and Alcoholic,mmu-miR-676-3p,1.1459940671920800
Blind Loop Syndrome,hsa-miR-19a-5p,1.1459912061691300
Shock and Cardiogenic,mmu-miR-676-3p,1.1459327936172500
Hemophilia A,hsa-miR-4482,1.1459064483642600
Reperfusion Injury and Testicular Ischemia,hsa-miR-4270,1.145870566368100
Genetic Diseases and Inborn,hsa-mir-8074,1.1458638906478900
Postoperative Cognitive Complications,hsa-miR-4494,1.1457620859146100
Polyposis Syndrome and Hereditary Mixed and 1,hsa-miR-19a-3p,1.145754098892210
Encephalitis Virus and Japanese,hsa-miR-19a-3p,1.1457394361496000
Lattice corneal dystrophy type 1,hsa-miR-19a-3p,1.1457325220108000
Wound Infection,hsa-miR-19a-3p,1.1457308530807500
Ovarian Neoplasms and Serous,hsa-miR-19a-3p,1.1457215547561600
Chronic   Pelvic Pain Syndrome,hsa-miR-19a-3p,1.1457175016403200
Marek Disease,hsa-miR-4439,1.1456801891326900
Bursitis,hsa-mir-873,1.1456794738769500
Reperfusion Injury and Testicular Ischemia,hsa-miR-1229,1.1455961465835600
Lipid Metabolism Disorders,mmu-miR-700-5p,1.145491361618040
Optic atrophy 1 and deafness,hsa-miR-411,1.1453882455825800
Amebiasis,hsa-miR-411,1.1453839540481600
Scleral Diseases,hsa-miR-411,1.1453837156295800
Meniscus Degeneration,hsa-miR-411,1.1453803777694700
Lysosomal Storage Diseases,hsa-miR-411,1.1453790664672900
Tenon Fibroblasts,hsa-miR-411,1.145378828048710
Her2-Positive Breast Cancer,hsa-miR-411,1.1453777551651
Human T-Cell Leukemia Virus Type 1 Infections,hsa-miR-411,1.145374059677120
Reperfusion Injury and Testicular Ischemia,hsa-miR-411,1.1453596353530900
Reperfusion Injury and Ischemia,hsa-miR-1245b-3p,1.1453588008880600
ovarian clear cell carcinoma,hsa-miR-411,1.1453564167022700
Wound Infection,hsa-miR-411,1.1453555822372400
Crisponi syndrome,hsa-miR-411,1.1453547477722200
Inflammation and Chronic,hsa-miR-411,1.1453546285629300
Rhabdoid Tumor and Kidney,hsa-miR-411,1.1453542709350600
Peripheral Vascular Diseases,hsa-miR-411,1.1453534364700300
Equine Infectious Anemia,hsa-miR-411,1.1453529596328700
Chronic  Rhinosinusitis With Nasal Polyps,hsa-miR-411,1.1453523635864300
Chronic Inflammation,hsa-miR-411,1.1453510522842400
Immunologic Deficiency Syndromes,hsa-miR-411,1.1453498601913500
Asthma ,hsa-mir-8080,1.1453497409820600
Multiple Mitochondrial Dysfunctions Syndrome,hsa-miR-411,1.1453427076339700
Ciliary Motility Disorders,hsa-miR-4444,1.1453020572662400
Periprosthetic Fractures,hsa-miR-4459,1.145277738571170
Amebiasis,hsa-miR-218-2,1.1452364921569800
Adrenocortical Adenoma,hsa-miR-218-2,1.1452336311340300
Meniscus Degeneration,hsa-miR-218-2,1.145233154296880
Skeletal Muscle Dysplasia,hsa-miR-218-2,1.1452326774597200
Substance Withdrawal Syndrome,hsa-miR-450a-5p,1.1452322006225600
Primary Gastrointestinal Diffuse Large B-Cell Lymphoma ,hsa-miR-218-2,1.1452125310897800
Reperfusion Injury and Testicular Ischemia,hsa-miR-218-2,1.145212173461910
Rhabdoid Tumor and Kidney,hsa-miR-218-2,1.1452068090438800
Prekallikrein Deficiency,hsa-miR-218-2,1.1452033519744900
Eye Infections and Fungal,hsa-miR-218-2,1.1451983451843300
Granulomatous Disease and Chronic,hsa-miR-218-2,1.1451969146728500
Proteinuria,mmu-miR-708,1.1451548337936400
Skin Ulcer,hsa-miR-335-3p,1.145113229751590
Testicular Neoplasms,hsa-let-7a-3p,1.1450834274292000
Scleral Diseases,hsa-let-7a-3p,1.1450815200805700
Marek Disease,hsa-miR-4494,1.1450809240341200
Muscular Disorders and Atrophic,hsa-let-7a-3p,1.145078182220460
Neutropenia,hsa-let-7a-3p,1.1450586318969700
Venous Neointimal Hyperplasia,hsa-let-7a-3p,1.1450541019439700
Hereditary Autoinflammatory Diseases,hsa-let-7a-3p,1.1450518369674700
Lupus Vasculitis and Central Nervous System,hsa-let-7a-3p,1.1450506448745700
Cardiomyopathy and Hypertrophic and Familial,hsa-let-7a-3p,1.145050287246700
Tibial Neuropathy,hsa-let-7a-3p,1.1450493335723900
Nevi and Melanomas,hsa-let-7a-3p,1.14504873752594
aortic atherosclerosis,hsa-miR-450a-5p,1.1450456380844100
Vitelliform Macular Dystrophy,hsa-let-7a-3p,1.1450446844101000
Shprintzen Golberg craniosynostosis,hsa-let-7a-3p,1.1450434923172000
Multiple Mitochondrial Dysfunctions Syndrome,hsa-let-7a-3p,1.145040512084960
Neoplasms and Squamous Cell,hsa-let-7a-3p,1.1450371742248500
Amebiasis,hsa-miR-126,1.1449884176254300
Reperfusion Injury and Testicular Ischemia,hsa-miR-320,1.1449811458587600
Brugada Syndrome,hsa-miR-126,1.1449726819992100
Diminished  Ovarian Reserve,hsa-miR-126,1.1449695825576800
Amebiasis,hsa-miR-186*,1.1449666023254400
Scleral Diseases,hsa-miR-186*,1.14496648311615
Pneumoconiosis,hsa-miR-27a*,1.1449648141861000
Meniscus Degeneration,hsa-miR-186*,1.1449631452560400
Pancreatitis and Acute Hemorrhagic,hsa-miR-126,1.1449624300003100
Phyllodes Tumor and Breast,hsa-miR-126,1.1449612379074100
Adenocarcinoma Of Esophagus,hsa-miR-186*,1.1449612379074100
Venous Neointimal Hyperplasia,hsa-miR-126,1.1449605226516700
Hereditary Autoinflammatory Diseases,hsa-miR-126,1.1449583768844600
Spinal Cord Compression,hsa-miR-186*,1.1449551582336400
Phyllodes Tumor and Breast,hsa-miR-27a*,1.1449549198150600
Arene Oxide Detoxification Defect,hsa-miR-27a*,1.1449532508850100
Equine Infectious Anemia,hsa-miR-27a*,1.1449511051178000
Brugada Syndrome,hsa-miR-186*,1.1449509859085100
Classical Swine Fever,hsa-miR-27a*,1.144949197769170
Diminished  Ovarian Reserve,hsa-miR-186*,1.1449480056762700
Vitelliform Macular Dystrophy,hsa-miR-27a*,1.1449449062347400
Neutropenia,hsa-miR-186*,1.144943356513980
Encephalitis and Tick-Borne,hsa-miR-126,1.144943118095400
Primary Gastrointestinal Diffuse Large B-Cell Lymphoma ,hsa-miR-186*,1.1449426412582400
Echinococcosis and Hepatic,hsa-miR-186*,1.144931435585020
Autoimmune Diseases of the Nervous System,hsa-miR-186*,1.1449291706085200
Eye Infections and Fungal,hsa-miR-186*,1.1449284553527800
Granulomatous Disease and Chronic,hsa-miR-186*,1.1449270248413100
Amebiasis,hsa-miR-192-2,1.1448501348495500
Lattice corneal dystrophy type 1,hsa-miR-192-2,1.1448233127594000
Myeloma Bone Disease,hsa-miR-192-2,1.1448196172714200
Urinary Calculi,hsa-miR-192-2,1.1448101997375500
Postoperative Nausea and Vomiting,mmu-miR-697,1.1447631120681800
Human T-Cell Leukemia Virus Type 1 Infections,hsa-miR-181a,1.1447144746780400
Spinal Cord Compression,hsa-miR-181a,1.1447128057479900
Non-Segmental Vitiligo,hsa-miR-181a,1.144710898399350
Angioedemas and Hereditary,hsa-miR-181a,1.1447057723999000
Neutropenia,hsa-miR-181a,1.1447012424469000
Reperfusion Injury and Testicular Ischemia,hsa-miR-181a,1.1446998119354200
prostate adenocarcinoma,hsa-miR-181a,1.1446962356567400
Wound Infection,hsa-miR-181a,1.14469575881958
Visceral Pain,hsa-miR-181a,1.1446936130523700
Equine Infectious Anemia,hsa-miR-181a,1.14469313621521
Encephalitis and Tick-Borne,hsa-miR-181a,1.144679069519040
Optic atrophy 1 and deafness,hsa-miR-1283-1,1.1446346044540400
Amebiasis,hsa-miR-1283-1,1.1446303129196200
Scleral Diseases,hsa-miR-1283-1,1.1446300745010400
Meniscus Degeneration,hsa-miR-1283-1,1.1446269750595100
Dysentery and Bacillary,hsa-miR-1283-1,1.144622802734380
Multiple Endocrine Neoplasia Type 1,hsa-miR-1283-1,1.144621729850770
Acute Disease,mmu-miR-743a,1.1446164846420300
Ischemic Stroke and Cerebral,hsa-miR-1283-1,1.1446142196655300
Encephalitis Virus and Japanese,hsa-miR-1283-1,1.1446104049682600
Posterior Segment Ocular Diseases,hsa-miR-1283-1,1.1446096897125200
Neutropenia,hsa-miR-1283-1,1.1446073055267300
Reperfusion Injury and Testicular Ischemia,hsa-miR-1283-1,1.144606113433840
Brain   Ventricle Enlargement,hsa-miR-1283-1,1.1446051597595200
Asthma and Chronic,hsa-miR-1283-1,1.1446008682251000
Inflammation and Chronic,hsa-miR-1283-1,1.1446008682251000
Panic Disorder,hsa-miR-1283-1,1.144600510597230
Myeloma Bone Disease,hsa-miR-1283-1,1.1445999145507800
Leukemia Virus and Bovine Infection,hsa-miR-1283-1,1.1445993185043300
Chronic  Rhinosinusitis With Nasal Polyps,hsa-miR-1283-1,1.1445987224578900
Neonatal Encephalopathy,hsa-miR-1283-1,1.144598364830020
Blood Coagulation Disorders and Traumatic and Acute,hsa-miR-1283-1,1.144596815109250
Periodontitis and Diabetic,hsa-miR-1283-1,1.1445949077606200
Autoimmune Diseases of the Nervous System,hsa-miR-1283-1,1.1445928812027000
Urinary Calculi,hsa-miR-1283-1,1.1445903778076200
Neoplasms and Mesothelial,hsa-miR-1283-1,1.1445884704589800
Orofacial Cleft,hsa-miR-1283-1,1.1445826292038000
Ovarian Failure and Premature ,hsa-mir-873,1.1444880962371800
Opium Dependence,hsa-miR-4482,1.144469976425170
Testicular Neoplasms,hsa-miR-3190-3p,1.144460678100590
Short Qt Syndrome,hsa-miR-3190-3p,1.1444575786590600
Gastric Antral Vascular Ectasia,hsa-miR-30d-3p,1.1444568634033200
Chediak-Higashi Syndrome,hsa-miR-3190-3p,1.1444562673568700
Adrenocortical Adenoma,hsa-miR-3190-3p,1.144456148147580
Pemphigus and Benign Familial,hsa-miR-3190-3p,1.1444555521011400
Adenocarcinoma Of Esophagus,hsa-miR-3190-3p,1.144453525543210
Human T-Cell Leukemia Virus Type 1 Infections,hsa-miR-3190-3p,1.1444491147995000
Optic Neuritis,hsa-mir-873,1.1444474458694500
Postoperative Nausea and Vomiting,hsa-mir-8061,1.1444430351257300
Angioedemas and Hereditary,hsa-miR-3190-3p,1.1444402933120700
Gliosis,hsa-miR-3190-3p,1.144437313079830
Neutropenia,hsa-miR-3190-3p,1.1444358825683600
Venous Neointimal Hyperplasia,hsa-miR-3190-3p,1.144431233406070
Inflammation and Chronic,hsa-miR-3190-3p,1.1444294452667200
Urinary Calculi,hsa-miR-3190-3p,1.1444189548492400
Otitis Media with Effusion,hsa-miR-3190-3p,1.1444178819656400
Neoplasms and Mesothelial,hsa-miR-3190-3p,1.1444169282913200
Radiation-Induced Oral Mucositis,hsa-miR-199a*-2,1.1442999839782700
Anemia and Aplastic,mmu-miR-676-3p,1.1442891359329200
Posterior Segment Ocular Diseases,hsa-miR-1275,1.1441644430160500
Fatty Liver and Alcoholic,hsa-mir-873,1.1440690755844100
Gout,hsa-mir-8074,1.1440353393554700
Ciliary Motility Disorders,hsa-miR-4459,1.1440318822860700
Agammaglobulinemia,mmu-miR-676-3p,1.1439793109893800
Buschke-Ollendorff syndrome,hsa-miR-021,1.1439629793167100
cough variant asthma,hsa-miR-4444,1.1438835859298700
Tauopathies,hsa-miR-125b-2,1.1438785791397100
Pregnancy and Prolonged,hsa-miR-203a,1.1438570022583000
Chronic Urticaria,mmu-miR-676-3p,1.143827199935910
Nephrotic Syndrome,hsa-mir-8080,1.143803358078000
Tendon Injuries,hsa-miR-450a-5p,1.1437747478485100
Arteritis,rno-miR-369-3p,1.1437058448791500
Nephrotic Syndrome,hsa-miR-4444,1.1436989307403600
Meniscus Degeneration,hsa-miR-3185,1.1435046195983900
Posterior Segment Ocular Diseases,hsa-miR-3185,1.1434872150421100
Neuropathic Allodynia,hsa-miR-3185,1.1434868574142500
Small-Bowel  Neuroendocrine Tumor,hsa-miR-3185,1.1434853076934800
Plaque and Amyloid,hsa-miR-3185,1.1434776782989500
Classical Swine Fever,hsa-miR-3185,1.1434752941131600
Neuromuscular Junction Diseases,mmu-miR-676-3p,1.1434606313705400
Genetic Diseases and Inborn,rno-miR-27a,1.143429160118100
Intellectual Disability,mmu-miR-676-3p,1.143375277519230
Cerebral Hemorrhage and Traumatic,hsa-miR-450a-5p,1.143371343612670
Inhalant Abuse,hsa-miR-4456,1.1433693170547500
Mastitis and Bovine,hsa-miR-4459,1.1433640718460100
Myeloma Bone Disease,hsa-miR-365,1.1433449983596800
Pregnancy Complications and Infectious,mmu-miR-676-3p,1.1433424949646000
Lymphoma and Follicular,hsa-miR-4443,1.1433295011520400
Rheumatic Heart Disease,hsa-miR-4456,1.143309473991390
Sepsis-Associated Encephalopathy,mmu-miR-676-3p,1.1432908773422200
Rhabdomyosarcoma,mmu-miR-676-3p,1.1432870626449600
Lung  Adenocarcinoma,hsa-miR-450a-5p,1.1432769298553500
Supranuclear Palsy and Progressive,mmu-miR-676-3p,1.1432545185089100
Hirschsprung-Associated Enterocolitis,mmu-miR-676-3p,1.143250584602360
Plasmablastic Lymphoma,mmu-miR-676-3p,1.1432374715805100
Edwardsiella tarda,mmu-miR-676-3p,1.1432342529296900
Glucocorticoid Receptor Deficiency,hsa-mir-873,1.143194317817690
Lymphoma and Follicular,hsa-miR-4459,1.14313542842865
Adrenocorticotropic hormone deficiency,hsa-miR-4428,1.143096923828130
Acute Disease,hsa-miR-4444,1.1430912017822300
Deficiency Diseases,hsa-miR-4456,1.1430156230926500
Spinal Cord Compression,hsa-miR-16,1.1429274082183800
Ehlers-Danlos Syndrome and musculocontractural type 1,hsa-mir-873,1.142921805381780
Liposarcoma and Myxoid,hsa-miR-16,1.1428977251052900
Astrocytoma,hsa-miR-4456,1.1428176164627100
cough variant asthma,hsa-miR-4443,1.1428077220916700
ACTH-Secreting Pituitary Adenoma,hsa-miR-4459,1.1428005695343000
Maxillofacial Abnormalities,hsa-miR-4439,1.142698049545290
Juvenile gout,hsa-miR-377*,1.1425197124481200
Neutropenia,hsa-miR-377*,1.1425057649612400
Acute Uterine Injury,hsa-miR-450a-5p,1.1424460411071800
Airway Obstruction,hsa-miR-101-5p,1.1424334049224900
Maxillofacial Abnormalities,mmu-miR-708,1.142317533493040
idiopathic scoliosis,hsa-miR-4456,1.1422990560531600
Hyalinosis and Systemic,mmu-miR-708,1.1422067880630500
Neurobehavioral Manifestations,hsa-miR-4494,1.1421078443527200
Maxillofacial Abnormalities,hsa-miR-4494,1.1420986652374300
Agammaglobulinemia,hsa-mir-873,1.1420542001724200
Adenocarcinoma Of Esophagus,hsa-miR-321,1.1420388221740700
Reperfusion Injury and Testicular Ischemia,hsa-miR-321,1.1420199871063200
Phyllodes Tumor and Breast,hsa-miR-321,1.1420172452926600
Nevi and Melanomas,hsa-miR-321,1.142011284828190
Hyalinosis and Systemic,hsa-miR-4494,1.141987919807430
Spinal Cord Compression,hsa-miR-1273g-5p,1.1419721841812100
Phyllodes Tumor and Breast,hsa-miR-1273g-5p,1.1419565677642800
Gastric Antral Vascular Ectasia,hsa-let-7a*,1.141913652420040
Ossification and Heterotopic,hsa-miR-4459,1.1418801546096800
Substance Withdrawal Syndrome,mmu-miR-743a,1.1418495178222700
Phyllodes Tumor,mmu-miR-708,1.1418428421020500
Eye Diseases,hsa-miR-450a-5p,1.141834020614620
Acute Disease,hsa-miR-4459,1.141821265220640
Aortopathies,hsa-miR-4459,1.1418125629425000
Ciliary Motility Disorders,hsa-miR-4437,1.1417874097824100
Familial encephalopathy with neuroserpin inclusion bodies,hsa-mir-873,1.1417298316955600
hypomelanosis of Ito,hsa-miR-450a-5p,1.1417042016983000
aortic atherosclerosis,mmu-miR-743a,1.1416627168655400
Gastric Antral Vascular Ectasia,hsa-miR-3125,1.1416616439819300
Ciliary Motility Disorders,mmu-miR-700-5p,1.1415376663208000
endometriosis in scar of skin,hsa-mir-873,1.1415148973465000
Testicular Neoplasms,hsa-miR-365a-3p,1.1414862871170000
Chediak-Higashi Syndrome,hsa-miR-365a-3p,1.1414817571640000
Li-Fraumeni Syndrome,hsa-mir-8080,1.1414777040481600
Fluoride Poisoning,hsa-miR-021,1.1414750814437900
Corneal dystrophy and epithelial basement membrane,hsa-mir-873,1.1414732933044400
Deficiency Diseases,mmu-miR-743a,1.1414692401886000
congenital fibrosarcoma,hsa-miR-365a-3p,1.1414616107940700
Neutropenia,hsa-miR-365a-3p,1.1414616107940700
Asthma and Chronic,hsa-miR-365a-3p,1.1414551734924300
Inflammation and Chronic,hsa-miR-365a-3p,1.141455054283140
Neonatal Encephalopathy,hsa-miR-365a-3p,1.141452431678770
Pregnancy Complications and Infectious,hsa-mir-873,1.1414176225662200
Hepatitis and Alcoholic,hsa-mir-873,1.1414134502410900
Neoplasms and Plasma Cell,hsa-mir-873,1.141408920288090
Chondrocyte Hypertrophy,hsa-mir-873,1.1414085626602200
Fused Teeth,hsa-mir-873,1.141404628753660
Scleroderma and Diffuse,hsa-mir-873,1.1414034366607700
Miliaria,hsa-mir-873,1.1413958072662400
Arthritis and Temporomandibular,hsa-mir-873,1.1413869857788100
Child Development Disorders and Pervasive,hsa-mir-873,1.1413698196411100
Amebiasis,hsa-miR-3620-5p,1.14134681224823
Disseminated Intravascular Coagulation,hsa-mir-873,1.1413415670394900
Angioedemas and Hereditary,hsa-miR-3620-5p,1.1413283348083500
Carcinoma and Squamous Cell and Skin,hsa-mir-873,1.1413278579711900
Pregnancy and Ectopic,hsa-mir-873,1.1413260698318500
Rh-Negative Hemolytic Disease and Fetus,hsa-mir-873,1.1413241624832200
Osteoporosis and Diabetic,hsa-mir-873,1.1413229703903200
Retinal Vein Occlusion,hsa-mir-873,1.1413220167160000
Cataract and Congenital Zonular and with Sutural Opacities,hsa-mir-873,1.1413217782974200
Plasmablastic Lymphoma,hsa-mir-873,1.1413123607635500
Chronic   Pelvic Pain Syndrome,hsa-miR-3620-5p,1.1413049697876000
AIDS-Related Complex,mmu-miR-743a,1.1411454677581800
Adrenocortical Adenoma,hsa-miR-134-5p,1.1411213874816900
Constriction and Pathologic,hsa-miR-450a-5p,1.141053557395940
Anemia and sideroblastic spinocerebellar ataxia,hsa-miR-4443,1.1409835815429700
Frontotemporal Dementia,hsa-miR-450a-5p,1.1409223079681400
Pregnancy Complications and Infectious,hsa-miR-450a-5p,1.1409077644348100
Tauopathies,hsa-miR-1284,1.1409060955047600
Asthma ,mmu-miR-708,1.1409045457840000
Charcot-Marie-Tooth disease type 1B,hsa-miR-450a-5p,1.1408867835998500
Myocardial Ischemia,hsa-miR-450a-5p,1.1408833265304600
Wilms Tumor,hsa-miR-450a-5p,1.1408815383911100
Temporomandibular Joint Disorders,hsa-miR-450a-5p,1.1408711671829200
Sepsis-Associated Encephalopathy,hsa-miR-450a-5p,1.140856385231020
Hemorrhagic Fever With Renal Syndrome,hsa-miR-450a-5p,1.1408534049987800
Rhabdomyosarcoma,hsa-miR-450a-5p,1.1408520936965900
Glucocorticoid Receptor Deficiency,hsa-miR-4456,1.1408480405807500
Osteochondrodysplasias,hsa-miR-450a-5p,1.1408125162124600
Plasmablastic Lymphoma,hsa-miR-450a-5p,1.1408026218414300
Congenital Abnormalities,hsa-miR-450a-5p,1.1407982110977200
idiopathic scoliosis,mmu-miR-743a,1.1407526731491100
Lymphoma and Follicular,mmu-miR-700-5p,1.1406410932540900
Progeria,hsa-miR-4456,1.1405813694000200
Ehlers-Danlos Syndrome and musculocontractural type 1,hsa-miR-4456,1.1405757665634200
Optic Neuritis,mmu-miR-743a,1.1405549049377400
Intra-Articular Fractures,hsa-miR-1244,1.1404569149017300
Lymphoma and Follicular,hsa-miR-4439,1.140445351600650
Neurobehavioral Manifestations,hsa-miR-4482,1.1404368877410900
Maxillofacial Abnormalities,hsa-miR-4482,1.140427827835080
Tendon Injuries,mmu-miR-743a,1.1403918266296400
Rheumatic Heart Disease,hsa-mir-8080,1.1403422355651900
Substance Withdrawal Syndrome,hsa-miR-4444,1.1403241157531700
Hyalinosis and Systemic,hsa-miR-4482,1.1403168439865100
Bursitis,hsa-miR-4444,1.1402616500854500
aortic atherosclerosis,hsa-mir-8080,1.1402418613433800
Rheumatic Heart Disease,hsa-miR-4444,1.1402379274368300
Fatty Liver and Alcoholic,mmu-miR-743a,1.14017653465271
Li-Fraumeni Syndrome,hsa-miR-4459,1.1401034593582200
Arterial Occlusive Diseases,hsa-miR-3117-3p,1.1400151252746600
Spherocytosis and Hereditary,hsa-miR-4443,1.140000343322750
Eye Diseases,hsa-miR-4456,1.1399977207183800
Varicose Ulcer,hsa-mir-8080,1.1399458646774300
cough variant asthma,hsa-miR-4439,1.1399232149124100
Cestode Infections,hsa-miR-1225-3p,1.1398698091507000
Scleral Diseases,hsa-miR-1225-3p,1.1398687362670900
Meniscus Degeneration,hsa-miR-1225-3p,1.1398656368255600
Polyposis Syndrome and Hereditary Mixed and 1,hsa-miR-1225-3p,1.1398639678955100
Elephantiasis,hsa-miR-4459,1.1398568153381300
Brugada Syndrome,hsa-miR-1225-3p,1.1398534774780300
Lattice corneal dystrophy type 1,hsa-miR-1225-3p,1.1398422718048100
Chronic  Rhinosinusitis With Nasal Polyps,hsa-miR-1225-3p,1.139837384223940
Optic Nerve Glioma,hsa-miR-1225-3p,1.139836072921750
Autoimmune Diseases of the Nervous System,hsa-miR-1225-3p,1.1398316621780400
Ulcerative   Colitis,hsa-miR-4456,1.1398234367370600
Brugada Syndrome,hsa-miR-3610,1.1397628784179700
Posterior Segment Ocular Diseases,hsa-miR-3610,1.139757752418520
Phyllodes Tumor and Breast,hsa-miR-3610,1.1397514343261700
Fabry   Nephropathy,hsa-miR-3610,1.139750361442570
Wound Infection,hsa-miR-3610,1.1397501230239900
Asthma and Chronic,hsa-miR-3610,1.1397491693496700
Urinary Calculi,hsa-miR-3610,1.13973867893219
Actinic cheilitis,hsa-miR-4437,1.1396756172180200
Periapical Periodontitis,mmu-miR-697,1.139643669128420
thyroid gland Hurthle cell carcinoma,hsa-miR-3614-5p,1.139612078666690
Splenic Neoplasms,hsa-miR-3614-5p,1.1396005153656000
Angioedemas and Hereditary,hsa-miR-3614-5p,1.139595627784730
Neuropathic Allodynia,hsa-miR-3614-5p,1.1395930051803600
Pancreatitis and Acute Hemorrhagic,hsa-miR-3614-5p,1.1395883560180700
Inflammation and Chronic,hsa-miR-3614-5p,1.1395846605300900
Myeloma Bone Disease,hsa-miR-3614-5p,1.139583706855770
Lupus Vasculitis and Central Nervous System,hsa-miR-3614-5p,1.1395831108093300
Multiple Mitochondrial Dysfunctions Syndrome,hsa-miR-3614-5p,1.1395729780197100
Choroid Diseases,hsa-miR-3614-5p,1.1395717859268200
Chronic Urticaria,hsa-miR-4456,1.1395561695098900
ACTH-Secreting Pituitary Adenoma,hsa-miR-4494,1.139510989189150
Neonatal Sepsis,rno-miR-352,1.1394984722137500
Reperfusion Injury and Testicular Ischemia,hsa-miR-3150b-3p,1.1394764184951800
Myeloma Bone Disease,hsa-miR-3150b-3p,1.1394703388214100
Ameloblastoma,hsa-miR-4456,1.13938570022583
Ossification and Heterotopic,mmu-miR-700-5p,1.1393855810165400
Acute Disease,mmu-miR-700-5p,1.1393269300460800
Visceral Pain,hsa-miR-320c,1.1392948627471900
Sucrase-isomaltase deficiency and congenital,hsa-miR-4456,1.1392197608947800
Bursitis,hsa-miR-4443,1.139185905456540
Radiation-Induced Oral Mucositis,hcmv-miR-UL59,1.13914155960083
Nephrotic Syndrome,hsa-miR-4494,1.1391395330429100
Corneal dystrophy and epithelial basement membrane,hsa-miR-4456,1.139127254486080
autosomal recessive congenital bilateral absence of vas deferens,hsa-miR-4456,1.139113426208500
Radiation-Induced Oral Mucositis,hsa-miR-150-5p,1.1391056776046800
Craniosynostoses,hsa-miR-4456,1.1390949487686200
Frontotemporal Lobar Degeneration,hsa-miR-4456,1.1390901803970300
Pregnancy Complications and Infectious,hsa-miR-4456,1.1390714645385700
Acute Uterine Injury,mmu-miR-743a,1.1390631198883100
Chondrocyte Hypertrophy,hsa-miR-4456,1.1390624046325700
Pancreatic Intraductal Neoplasms,hsa-miR-4456,1.139060139656070
Brain Diseases,hsa-miR-4456,1.1390589475631700
Osteitis,hsa-miR-4456,1.1390572786331200
Primary Myelofibrosis,hsa-miR-4456,1.1390572786331200
Renal Insufficiency,hsa-miR-4456,1.139056921005250
Arthritis and Temporomandibular,hsa-miR-4456,1.1390408277511600
Optic Neuritis,hsa-miR-4444,1.139029622077940
Alcohol Withdrawal Syndrome,hsa-miR-4456,1.1390292644500700
Ehlers-Danlos Syndrome and musculocontractural type 1,mmu-miR-743a,1.1390291452407800
Inhalant Abuse,hsa-miR-4459,1.139027714729310
Disseminated Intravascular Coagulation,hsa-miR-4456,1.1389954090118400
Supranuclear Palsy and Progressive,hsa-miR-4456,1.1389834880828900
Camptocormia,hsa-miR-4456,1.1389801502227800
Pregnancy and Ectopic,hsa-miR-4456,1.1389799118042000
Hirschsprung-Associated Enterocolitis,hsa-miR-4456,1.138979434967040
Bronchiolitis Obliterans Syndrome,hsa-miR-4456,1.1389756202697800
Grave Disease,hsa-miR-4456,1.138974905014040
Tendon Injuries,hsa-mir-8080,1.138970971107480
Edwardsiella tarda,hsa-miR-4456,1.138963222503660
Glucocorticoid Receptor Deficiency,hsa-mir-802,1.1388685703277600
Carcinoma and Mucoepidermoid,hsa-miR-30d-3p,1.138807773590090
Varicose Ulcer,hsa-miR-4443,1.1387656927108800
Neoplasms and Mesothelial,hsa-miR-301b,1.1387453079223600
Dilated Cardiomyopathy ,hsa-miR-4447,1.1387308835983300
Deficiency Diseases,hsa-miR-4459,1.1386739015579200
Actinic cheilitis,hsa-miR-4494,1.1386305093765300
Intra-Articular Fractures,hsa-miR-3682-3p,1.1385761499404900
Aortopathies,hsa-miR-4494,1.138522982597350
Eye Diseases,mmu-miR-743a,1.1384512186050400
Thyroiditis,mmu-miR-743a,1.1384146213531500
Mastitis and Bovine,hsa-miR-4482,1.1384034156799300
Gluteal Muscle   Contracture,hsa-miR-3193,1.1383841037750200
Nevi and Melanomas,hsa-miR-199a*,1.1383792161941500
Lung  Adenocarcinoma,hsa-miR-4444,1.138368844985960
AIDS-Related Complex,hsa-miR-4459,1.138350248336790
Anemia and sideroblastic spinocerebellar ataxia,mmu-miR-700-5p,1.13829505443573
Ulcerative   Colitis,mmu-miR-743a,1.1382769346237200
Skeletal Muscle Dysplasia,hsa-miR-3689b-3p,1.1382441520690900
Multiple Endocrine Neoplasia Type 1,hsa-miR-3689b-3p,1.1382393836975100
Brugada Syndrome,hsa-miR-3689b-3p,1.1382323503494300
Acute Uterine Injury,hsa-mir-8069,1.1382174491882300
Classical Swine Fever,hsa-miR-3689b-3p,1.13821542263031
Chronic Limb-Threatening Ischemia,hsa-miR-3689b-3p,1.1382099390029900
Adrenocorticotropic hormone deficiency,hsa-mir-7844,1.1381710767746000
Agammaglobulinemia,mmu-miR-743a,1.1381616592407200
Anorexia Nervosa,mmu-miR-743a,1.1381456851959200
Anemia and sideroblastic spinocerebellar ataxia,hsa-miR-4439,1.138099193573000
Stress Disorders and Post-Traumatic,rno-miR-30b-3p,1.138068675994870
Ovarian Failure and Premature ,hsa-miR-4443,1.1379942893981900
Optic Neuritis,hsa-miR-4443,1.1379538774490400
Polyposis Syndrome and Hereditary Mixed and 1,hsa-miR-34a-3p,1.137868046760560
Li-Fraumeni Syndrome,hsa-miR-4437,1.1378589868545500
Diminished  Ovarian Reserve,hsa-miR-34a-3p,1.137854814529420
ACTH-Secreting Pituitary Adenoma,hsa-miR-4482,1.1378400325775100
Tendon Injuries,hsa-miR-4443,1.1377906799316400
proliferative diabetic retinopathy,mmu-miR-743a,1.1377670764923100
Chediak-Higashi Syndrome,hsa-miR-3137,1.137758493423460
Meniscus Degeneration,hsa-miR-1294,1.1377571821212800
Splenic Neoplasms,hsa-miR-3137,1.137747883796690
Angioedemas and Hereditary,hsa-miR-3137,1.1377427577972400
Gliosis,hsa-miR-3137,1.137739658355710
Reperfusion Injury and Testicular Ischemia,hsa-miR-3137,1.1377369165420500
Wound Infection,hsa-miR-3137,1.1377328634262100
Myeloma Bone Disease,hsa-miR-3137,1.1377308368682900
Swine Diseases,hsa-miR-3137,1.1377302408218400
Ischemic Attack and Transient,hsa-miR-3137,1.1377301216125500
Renal Artery Obstruction,hsa-miR-3137,1.1377253532409700
Autoimmune Diseases of the Nervous System,hsa-miR-3137,1.1377238035202000
Hyperleptinemia,hsa-miR-3137,1.1377193927764900
Anemia and sideroblastic spinocerebellar ataxia,mmu-miR-708,1.1377187967300400
Intra-Articular Fractures,hsa-miR-20b*,1.1377172470092800
Hemorrhagic Disorders,hsa-miR-3137,1.1377164125442500
Sucrase-isomaltase deficiency and congenital,mmu-miR-743a,1.1376733779907200
Histiocytosis,hsa-miR-4444,1.1376323699951200
Maxillary Sinus Neoplasms,hsa-miR-193b*,1.1376138925552400
Myeloma Bone Disease,hsa-miR-193b*,1.1376113891601600
Tendon Injuries,hsa-miR-4459,1.137596607208250
Neointimal Hyperplasia,mmu-miR-743a,1.1375954151153600
autosomal recessive congenital bilateral absence of vas deferens,mmu-miR-743a,1.1375670433044400
Rheumatic Fever,mmu-miR-743a,1.1375632286071800
Frontotemporal Lobar Degeneration,mmu-miR-743a,1.137543797492980
Dermatitis Herpetiformis,mmu-miR-743a,1.1375247240066500
Chromosome Aberrations,mmu-miR-743a,1.1375207901001000
Shock and Cardiogenic,hsa-miR-4443,1.1375139951705900
Pancreatic Intraductal Neoplasms,mmu-miR-743a,1.1375137567520100
Brain Diseases,mmu-miR-743a,1.1375125646591200
Scleroderma and Diffuse,mmu-miR-743a,1.1375107765197800
Charcot-Marie-Tooth disease type 1B,mmu-miR-743a,1.137503981590270
Prostatic Diseases,mmu-miR-743a,1.137502670288090
Wilms Tumor,mmu-miR-743a,1.1374987363815300
Plant Poisoning,mmu-miR-743a,1.1374980211257900
Leukemia and Myeloid and Acute and T-Cell,mmu-miR-743a,1.1374953985214200
Diabetic Angiopathies,mmu-miR-743a,1.1374883651733400
Salivary Gland Neoplasms,mmu-miR-743a,1.1374826431274400
Rhabdomyosarcoma,mmu-miR-743a,1.1374694108963000
Diabetes Complications,mmu-miR-743a,1.1374348402023300
Hirschsprung-Associated Enterocolitis,mmu-miR-743a,1.1374330520629900
Osteoporosis and Diabetic,mmu-miR-743a,1.1374306678772000
Bronchiolitis Obliterans Syndrome,mmu-miR-743a,1.137429118156430
Edwardsiella tarda,mmu-miR-743a,1.1374164819717400
Ameloblastoma,hsa-mir-802,1.1374061107635500
Multiple Endocrine Neoplasia Type 1,hsa-miR-22,1.1373870372772200
Spinal Cord Compression,hsa-miR-22,1.137384295463560
Adrenoleukodystrophy,hsa-miR-4444,1.137345790863040
Synovitis,hsa-miR-4459,1.1373096704483000
Ataxia Telangiectasia,hsa-mir-8069,1.1373002529144300
Lung  Adenocarcinoma,hsa-miR-4443,1.1372929811477700
Meniscus Degeneration,hsa-miR-100-2,1.1371837854385400
Leishmaniasis and Diffuse Cutaneous,hsa-mir-802,1.1371694803237900
Dilated Cardiomyopathy ,hsa-miR-1228*,1.1370929479599
Spinal Curvatures,hsa-mir-802,1.137065052986150
Optic Nerve Injuries,hsa-miR-4511,1.1370309591293300
Plasmablastic Lymphoma,hsa-mir-802,1.136986494064330
Actinic cheilitis,hsa-miR-4482,1.1369595527648900
Ossification and Heterotopic,hsa-miR-4482,1.1369194984436000
Thyroiditis,hsa-miR-4444,1.1368893384933500
Intra-Articular Fractures,hsa-miR-422b,1.1368752717971800
Sucrase-isomaltase deficiency and congenital,hsa-mir-8069,1.1368275880813600
Li-Fraumeni Syndrome,hsa-miR-4494,1.1368138790130600
Respiratory Sounds,hsa-miR-200a-3p,1.136781930923460
Corneal dystrophy and epithelial basement membrane,hsa-mir-8069,1.136734962463380
Ataxia Telangiectasia,hsa-mir-8080,1.1367250680923500
Rheumatic Heart Disease,hsa-miR-4437,1.136723279953000
Encephalocraniocutaneous lipomatosis,hsa-mir-8069,1.1366746425628700
Diabetic Angiopathies,hsa-mir-8069,1.1366424560546900
Agammaglobulinemia,hsa-miR-4444,1.1366362571716300
hypotrichosis 8,hsa-mir-8069,1.1366331577301000
Anorexia Nervosa,hsa-miR-4444,1.1366205215454100
Chronic Urticaria,hsa-mir-8080,1.1365888118743900
Elephantiasis,hsa-miR-4494,1.136567234992980
Human T-Cell Leukemia Virus Type 1 Infections,hsa-miR-124a-2,1.136529564857480
Posterior Segment Ocular Diseases,hsa-miR-124a-2,1.1365187168121300
Periapical Periodontitis,hsa-mir-8074,1.1365077495575000
Amebiasis,hsa-miR-223-3p,1.1364842653274500
Scleral Diseases,hsa-miR-223-3p,1.136484146118160
Polyposis Syndrome and Hereditary Mixed and 1,hsa-miR-223-3p,1.136479139328000
Clear-cell metastatic renal cell carcinoma,hsa-miR-223-3p,1.1364635229110700
Neutropenia,hsa-miR-223-3p,1.1364612579345700
Fabry   Nephropathy,hsa-miR-223-3p,1.1364561319351200
Wound Infection,hsa-miR-223-3p,1.13645601272583
Gluteal Muscle   Contracture,hsa-miR-223-3p,1.1364537477493300
Ischemic Attack and Transient,hsa-miR-223-3p,1.1364531517028800
Neoplasms and Mesothelial,hsa-miR-223-3p,1.1364423036575300
Ehlers-Danlos Syndrome and musculocontractural type 1,hsa-miR-4443,1.1364281177520800
aortic atherosclerosis,mmu-miR-700-5p,1.1363730430603000
Varicose Ulcer,hsa-miR-4437,1.1363270282745400
Ameloblastoma,hsa-miR-4444,1.1363142728805500
Familial encephalopathy with neuroserpin inclusion bodies,hsa-miR-4444,1.1363121271133400
Adrenoleukodystrophy,hsa-miR-4443,1.1362699270248400
Acute Uterine Injury,hsa-miR-4459,1.1362680196762100
Trichosporonosis,hsa-miR-376b-3p,1.1362372636795000
Non-ST Elevated Myocardial Infarction,mmu-miR-700-5p,1.1362031698226900
endometriosis in scar of skin,hsa-mir-8080,1.1362013816833500
Heart Failure and Diastolic,hsa-miR-219b-5p,1.1361842155456500
Leishmaniasis and Diffuse Cutaneous,hsa-mir-8080,1.1361820697784400
Mood Disorders,hsa-miR-4444,1.1361805200576800
aortic atherosclerosis,hsa-miR-4439,1.13617742061615
Sucrase-isomaltase deficiency and congenital,hsa-miR-4444,1.13614821434021
Constriction and Pathologic,hsa-miR-4444,1.1361455917358400
Pregnancy Complications and Infectious,hsa-mir-8080,1.136103868484500
Hepatitis and Alcoholic,hsa-mir-8080,1.1361002922058100
endometriosis in scar of skin,hsa-miR-4444,1.1360971927642800
Choledocholithiasis,hsa-mir-8080,1.136096477508550
Neoplasms and Plasma Cell,hsa-mir-8080,1.1360955238342300
Chondrocyte Hypertrophy,hsa-mir-8080,1.1360952854156500
Digestive System Neoplasms,hsa-mir-8080,1.136093020439150
Osteitis,hsa-mir-8080,1.1360900402069100
Primary Myelofibrosis,hsa-mir-8080,1.1360900402069100
Prostatic Diseases,hsa-mir-8080,1.1360818147659300
Epilepsy and Generalized,hsa-mir-8080,1.1360810995101900
Mesothelioma,hsa-mir-8080,1.1360803842544600
Wilms Tumor,hsa-mir-8080,1.1360777616500900
Spinal Curvatures,hsa-mir-8080,1.1360772848129300
Neointimal Hyperplasia,hsa-miR-4444,1.1360701322555500
Panniculitis and Peritoneal,hsa-mir-8080,1.1360695362091100
Radiation-Induced Oral Mucositis,hsa-miR-216,1.1360541582107500
autosomal recessive congenital bilateral absence of vas deferens,hsa-miR-4444,1.1360417604446400
Lupus Erythematosus and Cutaneous,hsa-miR-4444,1.1360204219818100
Supranuclear Palsy and Progressive,hsa-mir-8080,1.1360161304473900
Respiration Disorders,hsa-mir-8080,1.1360141038894700
Fibromyalgia,hsa-mir-8080,1.136008858680730
Cataract and Congenital Zonular and with Sutural Opacities,hsa-mir-8080,1.1360082626342800
Chromosome Aberrations,hsa-miR-4444,1.1359957456588700
Edwardsiella tarda,hsa-mir-8080,1.135995626449590
Encephalocraniocutaneous lipomatosis,hsa-miR-4444,1.1359951496124300
Carcinoma,hsa-mir-8080,1.1359949111938500
Congenital Abnormalities,hsa-mir-8080,1.135994553565980
Huntington Disease,hsa-mir-8080,1.1359937191009500
Chondrocyte Hypertrophy,hsa-miR-4444,1.135990858078000
Lung Abscess,hsa-mir-8080,1.1359905004501300
Optic atrophy 1 and deafness,hsa-miR-1256,1.1359895467758200
Digestive System Neoplasms,hsa-miR-4444,1.135988712310790
Primary Myelofibrosis,hsa-miR-4444,1.1359854936599700
Scleroderma and Diffuse,hsa-miR-4444,1.1359854936599700
cervical squamous cell carcinoma,hsa-miR-4444,1.135983943939210
Charcot-Marie-Tooth disease type 1B,hsa-miR-4444,1.1359786987304700
Otitis Media,hsa-miR-4444,1.1359753608703600
Spinal Curvatures,hsa-miR-4444,1.1359728574752800
Squamous Intraepithelial Lesions of the Cervix,hsa-miR-4444,1.1359707117080700
Arthritis and Temporomandibular,hsa-miR-4444,1.1359690427780200
Amebiasis,hsa-miR-371a-3p,1.1359658241272000
Panniculitis and Peritoneal,hsa-miR-4444,1.13596510887146
Diabetic Angiopathies,hsa-miR-4444,1.1359630823135400
Neutropenia,hsa-miR-1256,1.1359622478485100
Myopathies and Structural and Congenital,hsa-miR-4444,1.1359622478485100
Meniscus Degeneration,hsa-miR-371a-3p,1.1359622478485100
Osteoarthritis ,hsa-miR-371a-3p,1.1359606981277500
Capsule Opacification,hsa-miR-371a-3p,1.1359591484069800
Inhalant Abuse,mmu-miR-708,1.1359570026397700
Crisponi syndrome,hsa-miR-1256,1.1359559297561600
Inflammation and Chronic,hsa-miR-1256,1.135955810546880
Rhabdoid Tumor and Kidney,hsa-miR-1256,1.1359556913375900
Brugada Syndrome,hsa-miR-371a-3p,1.1359500885009800
Cardiac Dysfunction,hsa-miR-4444,1.1359463930130000
Granulomatous Disease and Chronic,hsa-miR-1256,1.1359457969665500
Posterior Segment Ocular Diseases,hsa-miR-371a-3p,1.1359450817108200
Neuropathic Allodynia,hsa-miR-371a-3p,1.1359444856643700
Neutropenia,hsa-miR-371a-3p,1.135942816734310
Retinitis Pigmentosa,hsa-miR-371a-3p,1.135941505432130
Reperfusion Injury and Testicular Ischemia,hsa-miR-371a-3p,1.135941505432130
Epidural   Fibrosis,hsa-miR-4444,1.135938048362730
Wound Infection,hsa-miR-371a-3p,1.1359373331069900
Asthma and Chronic,hsa-miR-371a-3p,1.1359363794326800
Inflammation and Chronic,hsa-miR-371a-3p,1.1359362602233900
Equine Infectious Anemia,hsa-miR-371a-3p,1.1359347105026200
Neonatal Encephalopathy,hsa-miR-371a-3p,1.1359336376190200
Lentivirus Infections,hsa-miR-371a-3p,1.135927438735960
Urinary Calculi,hsa-miR-371a-3p,1.1359258890152000
Status Asthmaticus,hsa-miR-371a-3p,1.135925054550170
Neoplasms and Mesothelial,hsa-miR-371a-3p,1.1359237432479900
Diabetes Complications,hsa-miR-4444,1.1359093189239500
Hirschsprung-Associated Enterocolitis,hsa-miR-4444,1.135907769203190
Osteoporosis and Diabetic,hsa-miR-4444,1.135905385017400
Vasospasm and Intracranial,hsa-miR-4444,1.1358994245529200
Rheumatic Heart Disease,mmu-miR-708,1.1358973979950000
Lung Abscess,hsa-miR-4444,1.1358860731124900
Varicose Ulcer,hsa-miR-4439,1.1358814239502000
AIDS-Related Complex,mmu-miR-700-5p,1.1358559131622300
Eye Diseases,hsa-miR-4443,1.1358500719070400
Optic atrophy 1 and deafness,hsa-miR--196a-2,1.1358284950256300
Neoplasms and Second Primary,hsa-miR-4511,1.13582181930542
Deglutition Disorders,hsa-miR--196a-2,1.1358171701431300
Granuloma,hsa-miR--196a-2,1.135815978050230
Thyroiditis,hsa-miR-4443,1.1358134746551500
colorectal cancer,hsa-miR--196a-2,1.1358098983764600
Rhabdoviridae Infections,hsa-miR--196a-2,1.1358072757720900
Neutropenia,hsa-miR--196a-2,1.135801076889040
Venous Neointimal Hyperplasia,hsa-miR--196a-2,1.1357964277267500
Tricuspid Valve Insufficiency,hsa-miR--196a-2,1.1357961893081700
Inflammation and Chronic,hsa-miR--196a-2,1.135794758796690
Gluteal Muscle   Contracture,hsa-miR--196a-2,1.135793685913090
Chronic  Rhinosinusitis With Nasal Polyps,hsa-miR--196a-2,1.1357924938201900
Nevi and Melanomas,hsa-miR--196a-2,1.1357910633087200
Myotonic Dystrophy,hsa-miR--196a-2,1.1357883214950600
Autoimmune Diseases of the Nervous System,hsa-miR--196a-2,1.1357866525650000
Granulomatous Disease and Chronic,hsa-miR--196a-2,1.1357845067977900
Urinary Calculi,hsa-miR--196a-2,1.1357841491699200
American Tegumentary Leishmaniasis,hsa-miR--196a-2,1.1357831954956100
Encephalitis and Tick-Borne,hsa-miR--196a-2,1.1357791423797600
Transposition of Great Vessels,hsa-miR-4443,1.1357499361038200
idiopathic scoliosis,hsa-miR-4437,1.13571298122406
Intra-Articular Fractures,hsa-miR-4255,1.1357041597366300
AIDS-Related Complex,hsa-miR-4439,1.1356600522995000
Ataxia Telangiectasia,hsa-miR-4443,1.1355448961257900
hypomelanosis of Ito,hsa-miR-4459,1.135526418685910
Peritoneal Fibrosis,mmu-miR-708,1.135481834411620
Ulcerative   Colitis,hsa-miR-4459,1.1354817152023300
Deficiency Diseases,hsa-miR-4494,1.1353843212127700
Wound Infection,hsa-miR-324,1.1352941989898700
AIDS-Related Complex,mmu-miR-708,1.1352795362472500
Fluoride Poisoning,hsa-miR-203a,1.1352242231369000
Ovarian Failure and Premature ,hsa-miR-4439,1.1351100206375100
Adenocarcinoma and Sebaceous and Eyelid,hsa-miR-3653-5p,1.1350932121276900
Optic Neuritis,hsa-miR-4439,1.1350693702697800
Trophoblastic Tumor and Placental Site,hsa-miR-3653-5p,1.1350665092468300
Friedreich Ataxia,hsa-miR-4482,1.1350443363189700
Mixed Connective Tissue Disease,hsa-miR-4459,1.1350290775299100
Intra-Articular Fractures,hsa-miR-193b-5p,1.1349859237670900
Vaginal Diseases,hsa-miR-4443,1.134975552558900
Rheumatic Fever,hsa-miR-4443,1.1349620819091800
Encephalocraniocutaneous lipomatosis,hsa-miR-4443,1.1349194049835200
Dilated Cardiomyopathy ,hsa-miR-34c,1.1349166631698600
Neoplasms and Plasma Cell,hsa-miR-4443,1.1349152326583900
Pancreatic Intraductal Neoplasms,hsa-miR-4443,1.1349124908447300
Brain Diseases,hsa-miR-4443,1.134911298751830
Mood Disorders,hsa-miR-4459,1.1349104642868000
Coxsackievirus Infections,hsa-miR-4443,1.1349056959152200
Charcot-Marie-Tooth disease type 1B,hsa-miR-4443,1.1349027156829800
Wilms Tumor,hsa-miR-4443,1.1348975896835300
Plant Poisoning,hsa-miR-4443,1.134896993637090
Elephantiasis,hsa-miR-4482,1.1348962783813500
Alcohol Withdrawal Syndrome,hsa-miR-4443,1.134881615638730
hypotrichosis 8,hsa-miR-4443,1.1348779201507600
Child Development Disorders and Pervasive,hsa-miR-4443,1.134876012802120
Sepsis-Associated Encephalopathy,hsa-miR-4443,1.1348721981048600
Hemorrhagic Fever With Renal Syndrome,hsa-miR-4443,1.1348695755004900
Disseminated Intravascular Coagulation,hsa-miR-4443,1.1348481178283700
Supranuclear Palsy and Progressive,hsa-miR-4443,1.134835958480840
Carcinoma and Squamous Cell and Skin,hsa-miR-4443,1.1348341703414900
Pregnancy and Ectopic,hsa-miR-4443,1.1348323822021500
Hirschsprung-Associated Enterocolitis,hsa-miR-4443,1.1348317861557000
Osteochondrodysplasias,hsa-miR-4443,1.134828805923460
Fibromyalgia,hsa-miR-4443,1.1348285675048800
endometriosis in scar of skin,hsa-miR-4459,1.1348271369934100
Neointimal Hyperplasia,hsa-miR-4459,1.1348001956939700
autosomal recessive congenital bilateral absence of vas deferens,hsa-miR-4459,1.1347719430923500
Stomach Ulcer,hsa-mir-7844,1.1347568035125700
Familial Multiple Coagulation Factor Deficiency I,hsa-miR-4459,1.1347551345825200
Lupus Erythematosus and Cutaneous,hsa-miR-4459,1.1347506046295200
Frontotemporal Lobar Degeneration,hsa-miR-4459,1.1347485780715900
Frontotemporal Dementia,hsa-miR-4459,1.1347442865371700
Folic Acid Deficiency,hsa-miR-4459,1.1347367763519300
Chronic  Kidney Disease,hsa-miR-4459,1.1347297430038500
Chromosome Aberrations,hsa-miR-4459,1.1347256898880000
Choledocholithiasis,hsa-miR-4459,1.134722113609310
Scleroderma and Diffuse,hsa-miR-4459,1.1347156763076800
Renal Insufficiency,hsa-miR-4459,1.1347153186798100
cervical squamous cell carcinoma,hsa-miR-4459,1.134714126586910
Spondylarthropathies,hsa-miR-4459,1.1347121000289900
Epilepsy and Generalized,hsa-miR-4459,1.1347068548202500
Mesothelioma,hsa-miR-4459,1.1347062587738000
Neurodevelopmental Injuries,hsa-miR-4459,1.134705901145940
Otitis Media,hsa-miR-4459,1.1347054243087800
Panniculitis and Peritoneal,hsa-miR-4459,1.134695291519170
Myopathies and Structural and Congenital,hsa-miR-4459,1.1346923112869300
Salivary Gland Neoplasms,hsa-miR-4459,1.1346874237060500
Diabetic Ischemia Complication,hsa-miR-4459,1.1346838474273700
Hemorrhagic Fever With Renal Syndrome,hsa-miR-4459,1.1346755027771000
Neuroinflammatory Diseases,hsa-miR-4437,1.13466215133667
Diabetes Complications,hsa-miR-4459,1.1346395015716600
Pregnancy and Ectopic,hsa-miR-4459,1.1346383094787600
Hirschsprung-Associated Enterocolitis,hsa-miR-4459,1.134637713432310
Cholecystolithiasis,hsa-miR-4459,1.1346232891082800
Edwardsiella tarda,hsa-miR-4459,1.1346213817596400
Aortic Valve Disease,hsa-miR-4459,1.1346116065979000
Tachycardia and Sinus,hsa-miR-335-3p,1.134590744972230
Lung  Adenocarcinoma,hsa-miR-4439,1.134408712387090
Fatty Liver and Alcoholic,mmu-miR-708,1.1343106031417800
Intra-Articular Fractures,hsa-miR-329-3p,1.1342774629592900
Gastric Antral Vascular Ectasia,hsa-miR-30c-2-3p,1.1342765092849700
Shock and Cardiogenic,mmu-miR-708,1.1342494487762500
Synovitis,mmu-miR-708,1.134238839149480
Rheumatic Heart Disease,hsa-miR-4482,1.1340075731277500
Glycogen Storage Disease and Type IXD,mmu-miR-700-5p,1.133888840675350
Dysentery and Bacillary,rno-miR-30e*,1.1338675022125200
Periodontitis and Diabetic,rno-miR-30e*,1.13383948802948
Autoimmune Diseases of the Nervous System,rno-miR-30e*,1.1338374614715600
Neuroinflammatory Diseases,mmu-miR-708,1.1338361501693700
Blind Loop Syndrome,hsa-miR-4517,1.133759617805480
Non-ST Elevated Myocardial Infarction,hsa-miR-4482,1.1337368488311800
Testicular Neoplasms,hsa-miR-1258,1.1337143182754500
Scleral Diseases,hsa-miR-1258,1.1337122917175300
Angioedemas and Hereditary,hsa-miR-1258,1.133694052696230
Phyllodes Tumor and Breast,hsa-miR-1258,1.1336854696273800
Wound Infection,hsa-miR-1258,1.1336841583252000
Hereditary Autoinflammatory Diseases,hsa-miR-1258,1.1336826086044300
Equine Infectious Anemia,hsa-miR-1258,1.1336815357208300
Nevi and Melanomas,hsa-miR-1258,1.1336796283721900
Polyneuropathies,hsa-miR-1258,1.1336747407913200
Neuroinflammatory Diseases,hsa-miR-4494,1.1336168050766000
Eye Diseases,hsa-miR-4437,1.1334115266799900
Neoplasms and Mesothelial,hsa-miR-333,1.1333599090576200
Mycoplasma pneumoniae pneumonia,hsa-miR-4482-5p,1.1333527565002400
Granulomatous Disease and Chronic,hsa-miR-4482-5p,1.1333123445510900
Juvenile gout,hsa-miR-1236-5p,1.1332532167434700
Venous Neointimal Hyperplasia,hsa-miR-1236-5p,1.1332348585128800
Radiation-Induced Oral Mucositis,hsa-let-7a-1,1.1332306861877400
Anemia and Aplastic,mmu-miR-700-5p,1.1331819295883200
Eye Diseases,mmu-miR-700-5p,1.1331616640090900
Airway Obstruction,hsa-miR-3619,1.1331324577331500
Meniscus Degeneration,hsa-miR-1305,1.1330296993255600
Skeletal Muscle Dysplasia,hsa-miR-1305,1.1330293416976900
Posterior Segment Ocular Diseases,hsa-miR-1305,1.1330125331878700
Reperfusion Injury and Testicular Ischemia,hsa-miR-1305,1.1330088376998900
Phyllodes Tumor and Breast,hsa-miR-1305,1.1330060958862300
Wound Infection,hsa-miR-1305,1.1330047845840500
Hereditary Autoinflammatory Diseases,hsa-miR-1305,1.1330033540725700
Lupus Vasculitis and Central Nervous System,hsa-miR-1305,1.1330020427703900
Coronary Microcirculation Dysfunction,hsa-miR-1305,1.1329989433288600
Autoimmune Diseases of the Nervous System,hsa-miR-1305,1.1329957246780400
Lentivirus Infections,hsa-miR-1305,1.1329946517944300
Ehlers-Danlos Syndrome and musculocontractural type 1,hsa-miR-4494,1.1329442262649500
Human T-Cell Leukemia Virus Type 1 Infections,hsa-miR-320B,1.1329388618469200
Polydactyly,hsa-miR-320B,1.1329206228256200
Hereditary Autoinflammatory Diseases,hsa-miR-320B,1.1329187154769900
Corneal Ulcer,hsa-miR-320B,1.1329158544540400
Hemorrhagic Fever with Renal Syndrome,hsa-miR-320B,1.1329090595245400
Ataxia Telangiectasia,mmu-miR-700-5p,1.1328564882278400
Ovarian Failure and Premature ,hsa-miR-4482,1.1328396797180200
Optic Neuritis,hsa-miR-4482,1.1327991485595700
Meniscus Degeneration,hsa-miR-151*,1.1326881647110000
Agammaglobulinemia,hsa-miR-4439,1.1326762437820400
Inflammation and Chronic,hsa-miR-151*,1.132662057876590
Ataxia Telangiectasia,hsa-miR-4439,1.1326606273651100
Choroid Diseases,hsa-miR-151*,1.1326490640640300
Sucrase-isomaltase deficiency and congenital,hsa-miR-4437,1.1326335668563800
Thyroiditis,mmu-miR-708,1.1325489282608000
Familial Multiple Coagulation Factor Deficiency I,hsa-miR-4437,1.132510781288150
Chronic  Kidney Disease,hsa-miR-4437,1.132485270500180
Encephalocraniocutaneous lipomatosis,hsa-miR-4437,1.1324806213378900
Brain Diseases,hsa-miR-4437,1.1324727535247800
Primary Myelofibrosis,hsa-miR-4437,1.1324710845947300
Charcot-Marie-Tooth disease type 1B,hsa-miR-4437,1.1324641704559300
Otitis Media,hsa-miR-4437,1.1324608325958300
Spinal Curvatures,hsa-miR-4437,1.1324585676193200
hypotrichosis 8,hsa-miR-4437,1.1324392557144200
Rhabdomyosarcoma,hsa-miR-4437,1.1324294805526700
Mood Disorders,mmu-miR-700-5p,1.1324162483215300
Rift Valley Fever,mmu-miR-697,1.1323970556259200
Carcinoma and Squamous Cell and Skin,hsa-miR-4437,1.1323955059051500
Respiration Disorders,hsa-miR-4437,1.1323952674865700
Camptocormia,hsa-miR-4437,1.1323940753936800
Pregnancy and Ectopic,hsa-miR-4437,1.132393717765810
Fibromyalgia,hsa-miR-4437,1.1323899030685400
Anemia and Aplastic,hsa-miR-4494,1.1323868036270100
Lung Abscess,hsa-miR-4437,1.1323715448379500
Shock and Cardiogenic,hsa-miR-4482,1.132359504699710
Neuromuscular Junction Diseases,mmu-miR-700-5p,1.1323533058166500
Synovitis,hsa-miR-4482,1.1323491334915200
Aspermia,mmu-miR-700-5p,1.1323204040527300
Agammaglobulinemia,mmu-miR-708,1.132295846939090
Corneal dystrophy and epithelial basement membrane,mmu-miR-700-5p,1.132291316986080
proliferative diabetic retinopathy,hsa-miR-4439,1.1322816610336300
autosomal recessive congenital bilateral absence of vas deferens,mmu-miR-700-5p,1.132277488708500
Intellectual Disability,mmu-miR-700-5p,1.132267951965330
Familial Multiple Coagulation Factor Deficiency I,mmu-miR-700-5p,1.1322609186172500
Repolarization Abnormality,mmu-miR-700-5p,1.13225257396698
Folic Acid Deficiency,mmu-miR-700-5p,1.1322423219680800
Cerebral Hemorrhage and Traumatic,hsa-miR-4482,1.132232904434200
Hepatitis and Alcoholic,mmu-miR-700-5p,1.132231593132020
Chromosome Aberrations,mmu-miR-700-5p,1.13223135471344
Encephalocraniocutaneous lipomatosis,mmu-miR-700-5p,1.1322309970855700
Choledocholithiasis,mmu-miR-700-5p,1.1322277784347500
Lipoma,mmu-miR-700-5p,1.1322212219238300
Renal Insufficiency,mmu-miR-700-5p,1.1322208642959600
Reperfusion Injury and Cerebral Ischemia,mmu-miR-700-5p,1.1322145462036100
Charcot-Marie-Tooth disease type 1B,mmu-miR-700-5p,1.1322144269943200
Prostatic Diseases,mmu-miR-700-5p,1.1322131156921400
Neurodevelopmental Injuries,mmu-miR-700-5p,1.1322115659713700
Otitis Media,mmu-miR-700-5p,1.1322109699249300
Myeloma Bone Disease,hsa-miR-152-5p,1.1321907043457000
Cardiac Dysfunction,mmu-miR-700-5p,1.1321817636489900
Rhabdomyosarcoma,mmu-miR-700-5p,1.1321797370910600
Supranuclear Palsy and Progressive,mmu-miR-700-5p,1.1321475505828900
Hirschsprung-Associated Enterocolitis,mmu-miR-700-5p,1.132143497467040
Retinal Vein Occlusion,mmu-miR-700-5p,1.132139801979070
Lung  Adenocarcinoma,hsa-miR-4482,1.1321383714675900
Edwardsiella tarda,mmu-miR-700-5p,1.132127046585080
Carcinoma,mmu-miR-700-5p,1.1321262121200600
Aspermia,hsa-miR-4439,1.132124423980710
Agammaglobulinemia,hsa-miR-4494,1.1320767402648900
Familial Multiple Coagulation Factor Deficiency I,hsa-miR-4439,1.132064938545230
Repolarization Abnormality,hsa-miR-4439,1.132056713104250
Folic Acid Deficiency,hsa-miR-4439,1.1320465803146400
Renal Interstitial Fibrosis,hsa-miR-4439,1.1320405006408700
Chromosome Aberrations,hsa-miR-4439,1.1320353746414200
Encephalocraniocutaneous lipomatosis,hsa-miR-4439,1.1320350170135500
Choledocholithiasis,hsa-miR-4439,1.1320319175720200
Renal Insufficiency,hsa-miR-4439,1.132025122642520
Prostatic Diseases,hsa-miR-4439,1.1320172548294100
Spinal Curvatures,hsa-miR-4439,1.1320127248764000
Ameloblastoma,mmu-miR-708,1.1319735050201400
Neuralgia,hsa-mir-7844,1.1319562196731600
Fibromyalgia,hsa-miR-4439,1.131944179534910
Retinal Vein Occlusion,hsa-miR-4439,1.131943941116330
Plasmablastic Lymphoma,hsa-miR-4439,1.1319342851638800
Chronic Urticaria,hsa-miR-4494,1.1319248676300000
Mood Disorders,mmu-miR-708,1.1318399906158400
Carcinoma and Mucoepidermoid,hsa-miR-3928-3p,1.131833553314210
endometriosis in scar of skin,mmu-miR-708,1.1317564249038700
Leishmaniasis and Diffuse Cutaneous,mmu-miR-708,1.1317371129989600
Neointimal Hyperplasia,mmu-miR-708,1.1317294836044300
Intellectual Disability,mmu-miR-708,1.1316916942596400
Craniosynostoses,mmu-miR-708,1.1316826343536400
proliferative diabetic retinopathy,hsa-miR-4494,1.131682276725770
Lupus Erythematosus and Cutaneous,mmu-miR-708,1.131679892539980
Frontotemporal Dementia,mmu-miR-708,1.1316736936569200
Folic Acid Deficiency,mmu-miR-708,1.1316660642623900
Choledocholithiasis,mmu-miR-708,1.1316514015197800
Neoplasms and Plasma Cell,mmu-miR-708,1.1316505670547500
cervical squamous cell carcinoma,mmu-miR-708,1.1316434144973800
Coxsackievirus Infections,mmu-miR-708,1.1316410303115800
Reperfusion Injury and Cerebral Ischemia,mmu-miR-708,1.1316382884979200
Gastrointestinal Hemorrhage,mmu-miR-708,1.1316362619400000
Mesothelioma,mmu-miR-708,1.1316355466842700
Myocardial Ischemia,mmu-miR-708,1.1316345930099500
Salivary Gland Neoplasms,mmu-miR-708,1.1316168308258100
Posterior Segment Ocular Diseases,hsa-miR-153,1.1316149234771700
Hyperuricemic Nephropathy,mmu-miR-708,1.1316043138504000
Nondisjunction and Genetic,hsa-mir-8074,1.1316033601760900
Sucrase-isomaltase deficiency and congenital,hsa-miR-4494,1.1315884590148900
Supranuclear Palsy and Progressive,mmu-miR-708,1.1315711736679100
Carcinoma and Squamous Cell and Skin,mmu-miR-708,1.1315693855285600
Camptocormia,mmu-miR-708,1.1315679550170900
Osteochondrodysplasias,mmu-miR-708,1.1315640211105300
Hemolysis,hsa-miR-4494,1.1315529346466100
Huntington Disease,mmu-miR-708,1.1315488815307600
Aspermia,hsa-miR-4494,1.1315251588821400
Corneal dystrophy and epithelial basement membrane,hsa-miR-4494,1.1314960718154900
Rheumatic Fever,hsa-miR-4494,1.1314784288406400
Intellectual Disability,hsa-miR-4494,1.1314727067947400
Craniosynostoses,hsa-miR-4494,1.131463646888730
Lupus Erythematosus and Cutaneous,hsa-miR-4494,1.1314609050750700
Frontotemporal Lobar Degeneration,hsa-miR-4494,1.1314588785171500
Repolarization Abnormality,hsa-miR-4494,1.1314573287963900
Stomach Ulcer,hsa-mir-8074,1.1314456462860100
Adrenocortical Adenoma,hsa-miR-1251,1.1314417123794600
Chediak-Higashi Syndrome,hsa-miR-1251,1.131441593170170
Meniscus Degeneration,hsa-miR-1251,1.1314411163330100
Chronic  Kidney Disease,hsa-miR-4494,1.1314400434494000
Encephalocraniocutaneous lipomatosis,hsa-miR-4494,1.131435513496400
Scleroderma and Diffuse,hsa-miR-4494,1.1314259767532300
Primary Myelofibrosis,hsa-miR-4494,1.1314259767532300
Renal Insufficiency,hsa-miR-4494,1.1314254999160800
cervical squamous cell carcinoma,hsa-miR-4494,1.1314243078231800
Reperfusion Injury and Cerebral Ischemia,hsa-miR-4494,1.13141930103302
Vaginosis and Bacterial,hsa-miR-1251,1.131419062614440
Prostatic Diseases,hsa-miR-4494,1.1314178705215500
Wound Infection,hsa-miR-1251,1.1314160823822000
Otitis Media,hsa-miR-4494,1.1314157247543300
Spinal Cord Compression,hsa-miR-103-2,1.1314154863357500
Chilblain lupus,hsa-miR-4494,1.131412386894230
Squamous Intraepithelial Lesions of the Cervix,hsa-miR-4494,1.1314111948013300
Drug-Related Side Effects and Adverse Reactions,hsa-miR-4494,1.1314083337783800
Diminished  Ovarian Reserve,hsa-miR-103-2,1.1314082145690900
Panniculitis and Peritoneal,hsa-miR-4494,1.1314057111740100
Temporomandibular Joint Disorders,hsa-miR-4494,1.1314035654068000
Reperfusion Injury and Testicular Ischemia,hsa-miR-103-2,1.131402611732480
hypotrichosis 8,hsa-miR-4494,1.1313941478729200
Diabetes Complications,hsa-miR-4494,1.131349802017210
Rh-Negative Hemolytic Disease and Fetus,hsa-miR-4494,1.1313468217849700
Bronchiolitis Obliterans Syndrome,hsa-miR-4494,1.1313444375991800
Vasospasm and Intracranial,hsa-miR-4494,1.1313396692276
Parvoviridae Infections,hsa-miR-1245a,1.1312777996063200
Ehlers-Danlos Syndrome and musculocontractural type 1,hsa-miR-4482,1.1312735080719000
Brain Edema,hsa-miR-129-5p,1.1311988830566400
Myotonic Dystrophy,hsa-miR-129-5p,1.131188988685610
Tauopathies,hsa-miR-4313,1.131160020828250
Cardiomyopathy and Right Ventricular Dilated,hsa-miR-206,1.130944848060610
Reperfusion Injury and Testicular Ischemia,hsa-miR-206,1.1309442520141600
Respiratory Sounds,hsa-miR-1284,1.1306215524673500
Rift Valley Fever,hsa-miR-4511,1.130576252937320
Scleral Diseases,hsa-miR-19b-3p,1.130492091178890
Ataxia Telangiectasia,hsa-miR-4482,1.1303904056549100
Neutropenia,hsa-miR-133a-1,1.1303638219833400
Chronic  Rhinosinusitis With Nasal Polyps,hsa-miR-133a-1,1.1303553581237800
Chronic Urticaria,hsa-miR-4482,1.1302541494369500
Ameloblastoma,hsa-miR-4482,1.1300835609436000
Familial encephalopathy with neuroserpin inclusion bodies,hsa-miR-4482,1.1300815343856800
Brugada Syndrome,hsa-miR-199a*-1,1.1300493478775000
Angioedemas and Hereditary,hsa-miR-199a*-1,1.1300463676452600
Neutropenia,hsa-miR-199a*-1,1.1300417184829700
Asthma and Chronic,hsa-miR-199a*-1,1.130035400390630
Inflammation and Chronic,hsa-miR-199a*-1,1.130035400390630
Submandibular Gland Diseases,hsa-miR-199a*-1,1.1300324201583900
proliferative diabetic retinopathy,hsa-miR-4482,1.1300113201141400
Mood Disorders,hsa-miR-4482,1.1299500465393100
Sucrase-isomaltase deficiency and congenital,hsa-miR-4482,1.1299175024032600
Constriction and Pathologic,hsa-miR-4482,1.1299149990081800
Gastric Antral Vascular Ectasia,hsa-miR-193b-5p,1.1298880577087400
Aspermia,hsa-miR-4482,1.1298542022705100
Urinary Bladder Neck Obstruction,rno-miR-369-3p,1.1298292875289900
autosomal recessive congenital bilateral absence of vas deferens,hsa-miR-4482,1.1298112869262700
Familial Multiple Coagulation Factor Deficiency I,hsa-miR-4482,1.1297945976257300
Craniosynostoses,hsa-miR-4482,1.1297928094863900
Frontotemporal Dementia,hsa-miR-4482,1.1297837495803800
Renal Interstitial Fibrosis,hsa-miR-4482,1.129770040512090
Chronic  Kidney Disease,hsa-miR-4482,1.129769206047060
Choledocholithiasis,hsa-miR-4482,1.1297615766525300
Pancreatic Intraductal Neoplasms,hsa-miR-4482,1.1297580003738400
Primary Myelofibrosis,hsa-miR-4482,1.1297551393508900
Leukemia and Myeloid and Chronic-Phase,hsa-miR-4482,1.1297496557235700
Miliaria,hsa-miR-4482,1.1297475099563600
Epilepsy and Generalized,hsa-miR-4482,1.1297460794448900
Wilms Tumor,hsa-miR-4482,1.1297428607940700
Chilblain lupus,hsa-miR-4482,1.1297416687011700
Leukemia and Myeloid and Acute and T-Cell,hsa-miR-4482,1.129739761352540
Arthritis and Temporomandibular,hsa-miR-4482,1.129738450050350
Diabetic Angiopathies,hsa-miR-4482,1.129732608795170
Sepsis-Associated Encephalopathy,hsa-miR-4482,1.1297175884246800
Hemorrhagic Fever With Renal Syndrome,hsa-miR-4482,1.129714846611020
Rhabdomyosarcoma,hsa-miR-4482,1.129713535308840
Supranuclear Palsy and Progressive,hsa-miR-4482,1.1296812295913700
Respiration Disorders,hsa-miR-4482,1.1296792030334500
Diabetes Complications,hsa-miR-4482,1.1296789646148700
Cataract and Congenital Zonular and with Sutural Opacities,hsa-miR-4482,1.1296733617782600
Bronchiolitis Obliterans Syndrome,hsa-miR-4482,1.1296733617782600
Grave Disease,hsa-miR-4482,1.1296727657318100
Lung Abscess,hsa-miR-4482,1.1296557188034100
Humeral Fractures,hsa-miR-3687,1.1295974254608200
Leukemia and Erythroblastic and Acute,rno-miR-369-3p,1.1295666694641100
Fluoride Poisoning,hsa-miR-3687,1.1295331716537500
Radiation-Induced Oral Mucositis,hsa-miR-411,1.1294947862625100
Urticaria,hsa-miR-329-5p,1.1294903755188000
Brugada Syndrome,hsa-miR-329-5p,1.129480004310610
Diminished  Ovarian Reserve,hsa-miR-329-5p,1.1294769048690800
Reperfusion Injury and Testicular Ischemia,hsa-miR-329-5p,1.1294713020324700
Classical Swine Fever,hsa-miR-329-5p,1.1294628381729100
Vitelliform Macular Dystrophy,hsa-miR-329-5p,1.1294585466384900
Respiratory Sounds,hsa-miR-30d-3p,1.1293370723724400
Meniscus Degeneration,hsa-miR-3686,1.1292016506195100
Reperfusion Injury and Testicular Ischemia,hsa-miR-3686,1.1291807889938400
Urinary Calculi,hsa-miR-3686,1.1291651725769000
Pigmented Paravenous Chorioretinal Atrophy,hsa-miR-1244,1.1290990114212000
Stomach Ulcer,rno-miR-27a,1.1290109157562300
Hypocapnia,hsa-miR-125b-2,1.1289557218551600
Airway Obstruction,hsa-miR-125b-2,1.1289201974868800
D-bifunctional protein deficiency,hsa-miR-3918,1.128854513168340
Testicular Neoplasms,hsa-miR-181b-2,1.1286520957946800
Chediak-Higashi Syndrome,hsa-miR-181b-2,1.1286476850509600
Adenocarcinoma Of Esophagus,hsa-miR-181b-2,1.1286450624465900
Vasoplegia,hsa-miR-181b-2,1.128638744354250
Teratocarcinoma and Ovarian,hsa-miR-181b-2,1.1286307573318500
Crisponi syndrome,hsa-miR-181b-2,1.1286211013793900
Rhabdoid Tumor and Kidney,hsa-miR-181b-2,1.1286206245422400
Swine Diseases,hsa-miR-181b-2,1.1286193132400500
Tibial Neuropathy,hsa-miR-181b-2,1.1286180019378700
Myotonic Dystrophy,hsa-miR-181b-2,1.1286146640777600
Chronic   Pelvic Pain Syndrome,hsa-miR-181b-2,1.1286087036132800
Radiation-Induced Oral Mucositis,hsa-miR-3190-3p,1.1285697221756000
Granulomatous Disease and Chronic,hsa-miR-4436b-5p,1.1285362243652300
Chediak-Higashi Syndrome,hsa-miR-23c,1.1284955739975000
Venous Neointimal Hyperplasia,hsa-miR-23c,1.128470540046690
Asthma and Chronic,hsa-miR-23c,1.1284688711166400
Leukemia and Erythroblastic and Acute,rno-miR-27a,1.1281522512435900
cough variant asthma,rno-miR-352,1.128087043762210
Kidney Cortex Necrosis,hsa-miR-3164,1.1280783414840700
Respiratory Sounds,hsa-miR-181a-1*,1.1279255151748700
Osteoporosis-pseudoglioma syndrome,hsa-miR-4510,1.1278612613678000
Spinal Cord Diseases,hsa-miR-4510,1.1278589963913000
Tetralogy of Fallot,hsa-miR-4510,1.127853512763980
Cushing Syndrome,hsa-miR-4510,1.127851128578190
Cerebral Infarction,hsa-miR-4510,1.1278501749038700
Bicuspid Aortic Valve Disease,hsa-miR-4510,1.1278493404388400
Meibomian Gland Carcinoma  ,hsa-miR-4510,1.1278454065322900
Fibroadenoma,hsa-miR-4510,1.1278432607650800
Reperfusion Injury and Intestinal Ischemia,hsa-miR-4510,1.1278403997421300
Postoperative Complications,hsa-miR-4510,1.127835988998410
Thymoma,hsa-miR-4510,1.1278356313705400
Lysosomal Storage Diseases,hsa-miR-28,1.127822995185850
Cardiomyopathy and Hypertrophic and Familial,hsa-miR-28,1.1277964115142800
Tauopathies,hsa-miR-20b*,1.127784252166750
Encephalitis and Tick-Borne,hsa-miR-28,1.1277828216552700
Skin Ulcer,hsa-miR-26b,1.127614140510560
Tauopathies,hsa-miR-30c-2,1.1274570226669300
Scleral Diseases,hsa-miR-3155,1.1271792650222800
Lupus Vasculitis and Central Nervous System,hsa-miR-1179,1.1271778345108000
Anemia and Hemolytic,hsa-miR-3155,1.1271631717681900
Diminished  Ovarian Reserve,hsa-miR-3155,1.1271607875824000
Neuropathic Allodynia,hsa-miR-3155,1.1271581649780300
Neutropenia,hsa-miR-3155,1.127156376838680
Reperfusion Injury and Testicular Ischemia,hsa-miR-3155,1.127155065536500
Venous Neointimal Hyperplasia,hsa-miR-3155,1.1271517276763900
Dyspepsia,hsa-miR-3155,1.1271506547927900
Rhabdoid Tumor and Kidney,hsa-miR-3155,1.1271498203277600
Myeloma Bone Disease,hsa-miR-3155,1.127148985862730
Anemia and Hypochromic,hsa-miR-3155,1.1271474361419700
Periodontitis and Diabetic,hsa-miR-3155,1.1271440982818600
Myotonic Dystrophy,hsa-miR-140-3p,1.127121925354000
Inflammation and Chronic,hsa-miR-1295,1.1268869638443000
Nevi and Melanomas,hsa-miR-1295,1.1268833875656100
Periodontitis and Diabetic,hsa-miR-1321,1.1268709897995000
Absent corpus callosum cataract immunodeficiency,hsa-miR-18,1.1268503665924100
Respiratory Sounds,hsa-miR-3202,1.1267194747924800
Wound Infection,hsa-mir-8078,1.1266076564788800
Myeloma Bone Disease,hsa-mir-8078,1.1266056299209600
Periodontitis and Diabetic,hsa-mir-8078,1.1266005039215100
Dilated Cardiomyopathy ,hsa-miR-219-1-3p,1.126554012298580
Pneumothorax,hsa-miR-1284,1.1264652013778700
Respiratory Sounds,hsa-miR-412-5p,1.1262544393539400
Airway Obstruction,hsa-miR-2114*,1.1262387037277200
Intra-Articular Fractures,hsa-miR-3175,1.1261513233184800
Parvoviridae Infections,hsa-miR-211-5p,1.1261236667633100
Nerve Degeneration,mmu-miR-697,1.126027226448060
Reperfusion Injury and Testicular Ischemia,hsa-miR-17-5p,1.1260123252868700
Airway Obstruction,hsa-miR-1284,1.1259474754333500
Reperfusion Injury and Testicular Ischemia,hsa-miR-20,1.1249682903289800
Neoplasms and Mesothelial,hsa-miR-4263,1.124929428100590
Reperfusion Injury and Testicular Ischemia,hsa-miR-136*,1.1249048709869400
Hypocapnia,hsa-miR-30d-3p,1.1246984004974400
IMAGe syndrome,hsa-miR-30d-3p,1.1246765851974500
Niemann-Pick Diseases,hsa-miR-30d-3p,1.12467360496521
Tachycardia and Sinus,hsa-miR-30d-3p,1.1246051788330100
Neuralgia,rno-miR-369-3p,1.1244844198226900
Tauopathies,hsa-miR-329-3p,1.1243442296981800
Parvoviridae Infections,hsa-miR-412-5p,1.1242167949676500
Diminished  Ovarian Reserve,hsa-miR-26b-3p,1.124037504196170
Asthma and Chronic,hsa-miR-1180,1.1238093376159700
Respiratory Sounds,hsa-miR-193a,1.1237486600875900
Airway Obstruction,hsa-miR-211-5p,1.1234873533248900
Short Qt Syndrome,hsa-miR-4493,1.1233410835266100
Dilated Cardiomyopathy ,hsa-mir-8055,1.1233391761779800
Reperfusion Injury and Testicular Ischemia,hsa-miR-4493,1.1233181953430200
Vaginosis and Bacterial,hsa-miR-4493,1.1233168840408300
Myeloma Bone Disease,hsa-miR-4493,1.1233121156692500
Myotonic Dystrophy,hsa-miR-4493,1.1233066320419300
Granulomatous Disease and Chronic,hsa-miR-4493,1.123302936553960
Urinary Calculi,hsa-miR-4493,1.123302698135380
Hyphema,hsa-miR-3928-3p,1.1231790781021100
Mastocytoma and Skin,hsa-let-7a*,1.1229153871536300
Intra-Articular Fractures,hsa-miR-3669,1.1228840351104700
Scleral Diseases,hsa-miR-19b-1,1.122695803642270
Diminished  Ovarian Reserve,hsa-miR-19b-1,1.1226774454116800
Angioedemas and Hereditary,hsa-miR-19b-1,1.1226773262023900
Retinitis Pigmentosa,hsa-miR-19b-1,1.1226717233657800
Reperfusion Injury and Testicular Ischemia,hsa-miR-19b-1,1.1226716041564900
Phyllodes Tumor and Breast,hsa-miR-19b-1,1.1226691007614100
Equine Infectious Anemia,hsa-miR-19b-1,1.1226650476455700
Nevi and Melanomas,hsa-miR-19b-1,1.1226630210876500
Parvoviridae Infections,hsa-miR-4325,1.1225532293319700
Hemoptysis,hsa-miR-140-5p,1.1223945617675800
Conjunctival Diseases,hsa-miR-140-5p,1.122380018234250
Myeloma Bone Disease,hsa-miR-140-5p,1.122373342514040
Neuralgia and Postherpetic,hsa-miR-412-5p,1.122330904006960
Fluoride Poisoning,hsa-let-7a*,1.1220481395721400
Esophageal Achalasia,hsa-miR-3202,1.1220180988311800
Oculodentodigital Dysplasia,hsa-miR-3202,1.1219927072525000
Radiation-Induced Oral Mucositis,hsa-miR-3137,1.1218721866607700
Reperfusion Injury and Testicular Ischemia,hsa-miR-22-5p,1.1218442916870100
Fluoride Poisoning,hsa-miR-3125,1.1217961311340300
Adrenoleukodystrophy,rno-miR-352,1.121549367904660
Radiation-Induced Oral Mucositis,hsa-miR-3938,1.1213197708129900
Motor Neuron Disease,hsa-miR-19a-5p,1.1212716102600100
Fluoride Poisoning,hsa-miR-2467-3p,1.1212208271026600
Agammaglobulinemia,rno-miR-352,1.1208399534225500
Wilms Tumor,rno-miR-352,1.120176911354070
Diabetic Angiopathies,rno-miR-352,1.120166540145870
Hypocapnia,hsa-miR-4325,1.1199524402618400
Nerve Degeneration,hsa-mir-8074,1.1199510097503700
Pneumoconiosis,hsa-let-7a_c,1.119470238685610
Inflammation and Chronic,hsa-let-7a_c,1.1194580793380700
Equine Infectious Anemia,hsa-let-7a_c,1.1194566488266000
Swine Diseases,hsa-let-7a_c,1.11945641040802
Tibial Neuropathy,hsa-let-7a_c,1.119455099105840
Myotonic Dystrophy,hsa-let-7a_c,1.119451642036440
Urinary Calculi,hsa-miR-149*,1.1193658113479600
Equine Infectious Anemia,hsa-miR-4296,1.1193022727966300
Gastric Antral Vascular Ectasia,hsa-miR-155-3p,1.1189090013504000
Reperfusion Injury and Steatotic Liver Ischemia,hsa-miR-3126-5p,1.1186941862106300
Chediak-Higashi Syndrome,hsa-miR-23a,1.1186660528183000
Polyposis Syndrome and Hereditary Mixed and 1,hsa-miR-23a,1.1186636686325100
Juvenile gout,hsa-miR-23a,1.1186593770980800
Angioedemas and Hereditary,hsa-miR-23a,1.1186503171920800
Rhabdoid Tumor and Kidney,hsa-miR-23a,1.1186391115188600
Neoplasms and Mesothelial,hsa-miR-23a,1.1186267137527500
Niemann-Pick Diseases,hsa-miR-4281,1.1180955171585100
Airway Obstruction,hsa-miR-2053,1.1180764436721800
Neointima,hsa-miR-17-92,1.1179299354553200
Hyphema,hsa-miR-218-1,1.1177536249160800
Ceroid lipofuscinosis and neuronal 5,hsa-miR-3928-3p,1.1177129745483400
Niemann-Pick Diseases,hsa-miR-3928-3p,1.1176995038986200
Humeral Fractures,hsa-miR-3928-3p,1.1176812648773200
Hypocapnia,hsa-miR-130b,1.1175159215927100
Splenic Neoplasms,hsa-miR-222,1.1174908876419100
Transmissible Gastroenteritis,hsa-miR-222,1.1174817085266100
Neutropenia,hsa-miR-222,1.1174814701080300
Airway Obstruction,hsa-miR-130b,1.1174805164337200
Lattice corneal dystrophy type 1,hsa-miR-222,1.1174774169921900
Myeloma Bone Disease,hsa-miR-222,1.11747407913208
Autoimmune Diseases of the Nervous System,hsa-miR-222,1.1174670457840000
Lentivirus Infections,hsa-miR-222,1.1174660921096800
Urinary Calculi,hsa-miR-222,1.1174646615982100
Short Qt Syndrome,hsa-miR-3179,1.1172947883606000
Human T-Cell Leukemia Virus Type 1 Infections,hsa-miR-3179,1.1172863245010400
Angioedemas and Hereditary,hsa-miR-3179,1.1172776222229000
Reperfusion Injury and Testicular Ischemia,hsa-miR-3179,1.1172716617584200
Equine Infectious Anemia,hsa-miR-3179,1.117265224456790
Hypocapnia,hsa-miR-26b,1.117185115814210
Fluoride Poisoning,hsa-miR-290,1.1171168088913000
Amebiasis,hsa-miR-1b-1,1.1170417070388800
Non-Syndromic Tooth Agenesis,hsa-miR-1b-1,1.1170408725738500
Oculodentodigital Dysplasia,hsa-miR-155*,1.1170402765274000
Asthma and Chronic,hsa-miR-1b-1,1.1170122623443600
Nevi and Melanomas,hsa-miR-1b-1,1.1170086860656700
Neoplasms and Mesothelial,hsa-miR-1b-1,1.116999626159670
Polyneuropathies,hsa-miR-3124-5p,1.11668860912323
Respiratory Sounds,hsa-miR-29c,1.1166162490844700
Amebiasis,hsa-miR-212-3p,1.116106629371640
Diminished  Ovarian Reserve,hsa-miR-212-3p,1.1160879135131800
Wound Infection,hsa-miR-212-3p,1.11607825756073
Myeloma Bone Disease,hsa-miR-212-3p,1.1160759925842300
Adrenocortical Adenoma,EBV-mir-BART12,1.1158548593521100
Spinal Cord Compression,EBV-mir-BART12,1.1158462762832600
Neoplasms and Mesothelial,EBV-mir-BART12,1.1158156394958500
Hyphema,hsa-miR-193b-5p,1.1155847311019900
 Lymph  Node Metastasis,hsa-miR-132*,1.1155681610107400
Testicular Neoplasms,hsa-miR-23a*,1.1153564453125
Chediak-Higashi Syndrome,hsa-miR-23a*,1.115351915359500
Angioedemas and Hereditary,hsa-miR-23a*,1.1153361797332800
Myeloma Bone Disease,hsa-miR-23a*,1.1153242588043200
Nerve Degeneration,rno-miR-27a,1.1152334213256800
Diabetic Wound,hsa-miR-19a-5p,1.1151385307312000
Parvoviridae Infections,hsa-miR-30c-2,1.115134835243230
Tachycardia and Sinus,hsa-miR-19a-5p,1.115045428276060
Human T-Cell Leukemia Virus Type 1 Infections,hsa-miR-4475,1.1148375272750900
Neutropenia,hsa-miR-4475,1.1148244142532300
Reperfusion Injury and Testicular Ischemia,hsa-miR-4475,1.1148228645324700
Lattice corneal dystrophy type 1,hsa-miR-4475,1.1148203611373900
Chediak-Higashi Syndrome,hsa-miR-1303,1.1147135496139500
Parvoviridae Infections,hsa-miR-422b,1.1146198511123700
Hypocapnia,hsa-miR-30c-2-3p,1.114518404006960
Phyllodes Tumor and Breast,hsa-miR-192-3,1.1140671968460100
Inflammation and Chronic,hsa-miR-192-3,1.1140648126602200
Reperfusion Injury and Ischemia,hsa-miR-216a-5p,1.1139651536941500
Respiratory Sounds,hsa-miR-093,1.113580346107480
Gastric Antral Vascular Ectasia,hsa-miR-18b-5p,1.1135302782058700
Parvoviridae Infections,hsa-miR-4255,1.1134487390518200
Encephalitis and Tick-Borne,hsa-miR-3650,1.1131868362426800
Fluoride Poisoning,hsa-miR-20b*,1.1127538681030300
Chediak-Higashi Syndrome,EBV-mir-BHRF1-3,1.1126652956008900
Diminished  Ovarian Reserve,EBV-mir-BHRF1-3,1.1126494407653800
Reperfusion Injury and Testicular Ischemia,EBV-mir-BHRF1-3,1.1126437187194800
thyroid gland Hurthle cell carcinoma,hsa-miR-1322,1.1126428842544600
Myotonic Dystrophy,hsa-miR-1322,1.1126091480255100
Granulomatous Disease and Chronic,hsa-miR-1322,1.1126055717468300
Fluoride Poisoning,hsa-miR-30c-2,1.112426519393920
Parvoviridae Infections,hsa-miR-329-3p,1.1120221614837600
Scleral Diseases,hsa-miR-190,1.1120209693908700
Meniscus Degeneration,hsa-miR-190,1.1120178699493400
Polyposis Syndrome and Hereditary Mixed and 1,hsa-miR-190,1.1120160818100000
Posterior Segment Ocular Diseases,hsa-miR-190,1.112000584602360
Reperfusion Injury and Testicular Ischemia,hsa-miR-190,1.1119968891143800
Human T-Cell Leukemia Virus Type 1 Infections,hsa-miR-1910,1.1117461919784500
Cerebral Hemorrhage and Age-Related,hsa-miR-1910,1.111740231513980
Lattice corneal dystrophy type 1,hsa-miR-1910,1.1117292642593400
Wound Infection,hsa-miR-1910,1.1117277145385700
Tibial Neuropathy,hsa-miR-1910,1.111723780632020
Renal Artery Obstruction,hsa-miR-1910,1.1117199659347500
Immunosuppression Therapy,hsa-miR-1910,1.1117160320282000
Liposarcoma and Myxoid,hsa-miR-1910,1.1117150783538800
Dilated Cardiomyopathy ,hsa-miR-181a-3p,1.1117002964019800
Mastocytoma and Skin,hsa-miR-4255,1.1116077899932900
Neuralgia and Postherpetic,hsa-miR-4255,1.111562728881840
Human T-Cell Leukemia Virus Type 1 Infections,hsa-let-7e*,1.111490249633790
Transmissible Gastroenteritis,hsa-let-7e*,1.1114773750305200
Reperfusion Injury and Testicular Ischemia,hsa-let-7e*,1.1114755868911700
Periodontitis and Diabetic,hsa-let-7e*,1.1114646196365400
Reperfusion Injury and Ischemia,hsa-miR-329-3p,1.1112704277038600
Reperfusion Injury and Steatotic Liver Ischemia,hsa-miR-181a-3p,1.1101276874542200
Airway Obstruction,hsa-miR-193b-5p,1.110094428062440
Optic atrophy 1 and deafness,EBV-miR-BART16,1.1099112033844000
thyroid gland Hurthle cell carcinoma,EBV-miR-BART16,1.1099046468734700
Human T-Cell Leukemia Virus Type 1 Infections,EBV-miR-BART16,1.1098971366882300
Angioedemas and Hereditary,EBV-miR-BART16,1.1098883152008100
Primary Gastrointestinal Diffuse Large B-Cell Lymphoma ,EBV-miR-BART16,1.1098828315734900
Arthritis and Gouty and Chronic,EBV-miR-BART16,1.1098812818527200
Lattice corneal dystrophy type 1,EBV-miR-BART16,1.109879970550540
Tricuspid Valve Insufficiency,EBV-miR-BART16,1.1098788976669300
Inflammation and Chronic,EBV-miR-BART16,1.109877347946170
Asthma and Chronic,EBV-miR-BART16,1.1098772287368800
Lymphohistiocytosis and Hemophagocytic,EBV-miR-BART16,1.109874963760380
Visceral Hypersensitivity,EBV-miR-BART16,1.1098744869232200
Myotonic Dystrophy,EBV-miR-BART16,1.1098709106445300
Autoimmune Diseases of the Nervous System,EBV-miR-BART16,1.1098692417144800
Reperfusion Injury and Testicular Ischemia,hsa-miR-302b,1.109505295753480
Tibial Neuropathy,hsa-miR-302b,1.1094971895217900
Autoimmune Diseases of the Nervous System,hsa-miR-302b,1.1094921827316300
Lattice corneal dystrophy type 1,hcmv-miR-UL148d,1.1094491481781000
Tricuspid Valve Insufficiency,hcmv-miR-UL148d,1.1094483137130700
Exostoses,hsa-miR-329-3p,1.1094328165054300
Stenosis and Pulmonary Artery,hsa-miR-329-3p,1.1093939542770400
Cryptococcosis,rno-miR-369-3p,1.1091299057006800
Skeletal Muscle Dysplasia,hsa-miR-34b-3p,1.1088905334472700
Posterior Segment Ocular Diseases,hsa-miR-34b-3p,1.108873724937440
Reperfusion Injury and Testicular Ischemia,hsa-miR-34b-3p,1.108870029449460
Chronic Kidney   Disease,hsa-miR-34b-3p,1.1088693141937300
Fabry   Nephropathy,hsa-miR-34b-3p,1.1088662147522000
Myeloma Bone Disease,hsa-miR-34b-3p,1.1088639497757000
Equine Infectious Anemia,hsa-miR-34b-3p,1.1088634729385400
Nevi and Melanomas,hsa-miR-34b-3p,1.1088614463806200
Prekallikrein Deficiency,hsa-miR-34b-3p,1.108860969543460
Urinary Calculi,hsa-miR-34b-3p,1.1088545322418200
Neoplasms and Mesothelial,hsa-miR-34b-3p,1.108852505683900
Choroid Diseases,hsa-miR-34b-3p,1.1088520288467400
Reperfusion Injury and Testicular Ischemia,hsa-miR-3124-3p,1.1087822914123500
Cardiomyopathy and Hypertrophic and Familial,hsa-miR-3124-3p,1.1087749004364000
Wound Infection,hsa-miR-3940-3p,1.1087679862976100
Spinal Dysraphism,hsa-miR-29b-3p,1.108298659324650
Fluoride Poisoning,hsa-miR-29b-3p,1.10767662525177
Intermittent Claudication,hsa-miR-216,1.1072052717208900
Hypocapnia,hsa-miR-30b*,1.1063774824142500
Radiation-Induced Oral Mucositis,hsa-miR-22-5p,1.105979561805730
Brugada Syndrome,hsa-miR-28-3p,1.105378270149230
Angioedemas and Hereditary,hsa-miR-28-3p,1.1053752899169900
Asthma and Chronic,hsa-miR-28-3p,1.105364441871640
Canavan Disease,hsa-miR-28-3p,1.105349063873290
Intermittent Claudication,hsa-miR-1975,1.1047250032424900
Phyllodes Tumor and Breast,hsa-miR-4419b,1.1045454740524300
Reperfusion Injury and Testicular Ischemia,hsa-miR-146b-3p,1.1045440435409500
Vaginosis and Bacterial,hsa-miR-146b-3p,1.1045427322387700
Myeloma Bone Disease,hsa-miR-4419b,1.1045420169830300
talaromycosis,hsa-miR-144*,1.103683590888980
Intermittent Claudication,hsa-miR-4267,1.1035436391830400
Venous Neointimal Hyperplasia,hsa-miR-198,1.1019871234893800
Fluoride Poisoning,hsa-miR-3175,1.101187825202940
Radiation-Induced Oral Mucositis,hsa-miR-1b-1,1.1011526584625200
Wound Infection,hcmv-miR-UL148D,1.1010472774505600
Parvoviridae Infections,hsa-miR-3669,1.1006287336349500
Neutropenia,hsa-miR-16-1*,1.1004455089569100
Tauopathies,hsa-miR-152,1.1002471446991000
Inflammation-Related  Depression,hsa-miR-4280,1.0993993282318100
 Lymph  Node Metastasis,hsa-miR-137,1.0991227626800500
Neointima,hsa-miR-155-3p,1.0991177558898900
Calcification of Joints and Arteries,hsa-miR-3669,1.0981720685958900
Hypocapnia,hsa-miR-3669,1.0980280637741100
Stomatitis and Aphthous,hsa-miR-1225-5p,1.0979280471801800
ureteropelvic junction obstruction,hsa-miR-143,1.0967004299163800
Brugada Syndrome,hsa-miR-143,1.0966917276382400
Periodontitis and Diabetic,hsa-miR-143,1.0966720581054700
Gastric Antral Vascular Ectasia,hsa-miR-4447,1.0955774784088100
Hypocapnia,hsa-miR-1301-3p,1.0955755710601800
Reperfusion Injury and Testicular Ischemia,hsa-miR-1237,1.095409870147710
Lattice corneal dystrophy type 1,hsa-miR-1237,1.095407247543340
Chronic   Pelvic Pain Syndrome,hsa-miR-1237,1.0953924655914300
Neutropenia,hsa-miR-4265,1.0949316024780300
Tibial Neuropathy,hsa-miR-4265,1.0949223041534400
Classical Swine Fever,hsa-miR-4265,1.0949220657348600
Neutropenia,hsa-miR-3152-3p,1.0936236381530800
Asthma and Chronic,hsa-miR-3152-3p,1.09361732006073
 Lymph  Node Metastasis,hsa-miR-378*,1.0936006307601900
Intra-Articular Fractures,hsa-miR-213,1.0934314727783200
Fluoride Poisoning,hsa-miR-3646,1.0931657552719100
Meniscus Degeneration,hsa-miR-1277-3p,1.0928512811660800
Visceral Pain,hsa-miR-1277-3p,1.092824101448060
Phyllodes Tumor and Breast,hsa-miR-1268a,1.0921437740325900
Urinary Calculi,hsa-miR-1201,1.0912678241729700
Posterior Segment Ocular Diseases,hsa-miR-197,1.0912095308303800
Chronic  Rhinosinusitis With Nasal Polyps,hsa-miR-338-3p,1.0898103713989300
Chediak-Higashi Syndrome,hsa-miR-3680-3p,1.0894125699996900
Polyposis Syndrome and Hereditary Mixed and 1,hsa-miR-3680-3p,1.0894101858139000
Blind Loop Syndrome,hsa-miR-3126-5p,1.0882078409194900
 Lymph  Node Metastasis,hsa-miR-30a,1.0869983434677100
Intra-Articular Fractures,hsa-miR-1979,1.086972951889040
 Lymph  Node Metastasis,hsa-miR-2392,1.0865023136138900
 Lymph  Node Metastasis,hsa-miR-4267,1.0853456258773800
Skeletal Muscle Injury,hsa-miR-432*,1.0850560665130600
Human T-Cell Leukemia Virus Type 1 Infections,hsa-miR-2114-3p,1.0850467681884800
Diminished  Ovarian Reserve,hsa-miR-132-3p,1.0848675966262800
 Lymph  Node Metastasis,hsa-let-7a-1,1.0835362672805800
IMAGe syndrome,hsa-miR-3918,1.0807217359542800
 Lymph  Node Metastasis,EBV-mir-BART8,1.0804352760314900
Airway Obstruction,hsa-miR-210-3p,1.0799715518951400
Wound Infection,hsa-miR-326,1.0798165798187300
Myeloma Bone Disease,hsa-miR-326,1.0798146724700900
Leukopenia,hsa-miR-3117-3p,1.0797752141952500
Autoimmune Diseases of the Nervous System,hsa-miR-1915*,1.0781152248382600
Urinary Calculi,hsa-miR-1247-3p,1.075493335723880
Respiratory Sounds,mmu-miR-744,1.0751867294311500
IgA Vasculitis,rno-miR-369-3p,1.0750471353530900
Posterior Segment Ocular Diseases,hsa-miR-143-3p,1.0741264820098900
Fluoride Poisoning,hsa-miR-3677,1.0740984678268400
Angioedemas and Hereditary,hsa-miR-20b-5p,1.0740904808044400
Venous Neointimal Hyperplasia,hsa-miR-20b-5p,1.074081540107730
Granulomatous Disease and Chronic,hsa-miR-20b-5p,1.0740697383880600
Urinary Calculi,hsa-miR-20b-5p,1.0740692615509000
Myeloma Bone Disease,hsa-miR-101b,1.0733835697174100
UV-Sensitive Syndrome,hsa-miR-101b,1.0733768939971900
Urinary Calculi,hsa-miR-101b,1.0733742713928200
Multiple Mitochondrial Dysfunctions Syndrome,hsa-miR-101b,1.073372721672060
Chronic   Pelvic Pain Syndrome,hsa-miR-101b,1.0733722448349
Tricuspid Valve Insufficiency,hsa-miR-1277-5p,1.073102593421940
Niemann-Pick Diseases,hsa-miR-219a-5p,1.0727190971374500
Reperfusion Injury and Testicular Ischemia,hsa-miR-202*,1.071881651878360
Amebiasis,hsa-miR-3156-3p,1.0711326599121100
Scleral Diseases,hsa-miR-3156-3p,1.0711326599121100
Splenic Neoplasms,hsa-miR-3156-3p,1.0711191892623900
Hereditary Autoinflammatory Diseases,hsa-miR-3156-3p,1.0711028575897200
Leukopenia,hsa-miR-1283-1,1.0703593492507900
Reperfusion Injury and Steatotic Liver Ischemia,hsa-miR-184,1.0702357292175300
Amebiasis,hsa-miR-1914,1.0699478387832600
Hypocapnia,hsa-miR-30c-2*,1.0697033405304000
Rhabdoid Tumor and Kidney,hsa-miR-1323,1.0695794820785500
Neutropenia,hsa-miR-1269b,1.069550633430480
Periodontitis and Diabetic,hsa-miR-1269b,1.0695383548736600
Granulomatous Disease and Chronic,hsa-miR-1269b,1.0695343017578100
Amebiasis,hsa-miR-3621,1.0689077377319300
Milk Hypersensitivity,hsa-miR-3621,1.0688809156417800
Hypocapnia,hsa-miR-3191-3p,1.0670173168182400
Chediak-Higashi Syndrome,hsa-miR-195,1.0667089223861700
Lymphoma and T-Cell,hsa-mir-8074,1.0657615661621100
Parvoviridae Infections,hsa-miR-1225-5p,1.0641343593597400
Fluoride Poisoning,rno-miR-25,1.0638214349746700
Fluoride Poisoning,hsa-miR-219-1-3p,1.0635350942611700
Humeral Fractures,hsa-miR-1979,1.0620735883712800
 Lymph  Node Metastasis,hsa-miR-3137,1.0615270137786900
Fluoride Poisoning,hsa-miR-1225-5p,1.061426043510440
Motor Disorders,hsa-miR-2115*,1.0584343671798700
Heart Neoplasms,hsa-miR-4511,1.0578012466430700
Asthma and Allergic and Seasonal,hsa-mir-7844,1.057687759399410
Airway Obstruction,hsa-miR-3126-5p,1.0573198795318600
Respiratory Sounds,hsa-miR-1255b,1.0571372509002700
Neointima,hsa-miR-146,1.0570961236953700
Papilloma and Inverted,hsa-miR-2392,1.0555418729782100
Heart Neoplasms,hsa-mir-8074,1.0552529096603400
Multiple Mitochondrial Dysfunctions Syndrome,hsa-miR-3914,1.0547949075698900
Respiratory Sounds,hsa-miR-181a-3p,1.0534271001815800
Leukopenia,hsa-miR-324,1.052323579788210
Hyperphenylalaninemia with primapterinuria,hsa-miR-103a-3p,1.0523020029068000
Asthma and Allergic and Seasonal,hsa-mir-8074,1.0512715578079200
Papilloma and Inverted,EBV-miR-BART7,1.048330545425420
Iridocorneal Endothelial Syndrome,hsa-miR-148b-3p,1.0454394817352300
Papilloma and Inverted,hsa-miR-218-2,1.0450509786605800
 Lymph  Node Metastasis,hsa-miR-181b-2,1.0438730716705300
Human T-Cell Leukemia Virus Type 1 Infections,hsa-miR-1228-5p,1.04375422000885
Ovarian Diseases,hsa-miR-4511,1.0433861017227200
Tricuspid Valve Insufficiency,hsa-miR-376a-3p,1.0432286262512200
Tachycardia,hsa-mir-7844,1.0421403646469100
Reperfusion Injury and Testicular Ischemia,hsa-miR-31-5p,1.041974663734440
Nevi and Melanomas,hsa-miR-31-5p,1.0419658422470100
Neutropenia,hsa-miR-154*,1.0417197942733800
Hypocapnia,hsa-let-7f-2-3p,1.0414050817489600
 Lymph  Node Metastasis,hsa-miR-3155,1.041022777557370
Pregnancy Complications and Infectious,hsa-miR-146a,1.039689302444460
Dry Eye Syndromes,hsa-mir-7844,1.031235933303830
Hypocapnia,hsa-miR-4268,1.0291842222213700
Macular dystrophy and corneal type 1,hsa-miR-4428,1.0282971858978300
Dry Eye Syndromes,hsa-miR-4511,1.027368187904360
Anemia and Iron-Deficiency,hsa-miR-1225,1.026383399963380
Nevus and Halo,hsa-mir-8074,1.0260082483291600
Periodontitis and Diabetic,hsa-miR-148a*,1.0231853723526
Nevi and Melanomas,hsa-miR-1471,1.0231075286865200
Prekallikrein Deficiency,hsa-miR-34b,1.0230813026428200
Neutropenia,EBV-miR-BART1,1.0230507850647000
Nervous System Neoplasms,rno-miR-27a,1.0230233669281000
Myeloma Bone Disease,hsa-miR-4427,1.0230066776275600
Wound Infection,hsa-miR-3148,1.0229458808898900
Wound Infection,hsa-miR-200a*,1.0229406356811500
Wound Infection,hsa-miR-205*,1.0229295492172200
Tricuspid Valve Insufficiency,hsa-miR-3606,1.0229029655456500
Dry Eye Syndromes,rno-miR-369-3p,1.0228426456451400
Reperfusion Injury and Testicular Ischemia,hsa-miR-4435,1.0228015184402500
Posterior Segment Ocular Diseases,hsa-miR-299-5p,1.0226781368255600
Polyposis Syndrome and Hereditary Mixed and 1,hsa-miR-216b-3p,1.022124171257020
Endothelial Barrier Dysfunction,hsa-mir-8074,1.0209828615188600
Anemia and Iron-Deficiency,hsa-miR-1975,1.0207880735397300
Anemia and Iron-Deficiency,hsa-miR-2392,1.0207632780075100
thyroid gland Hurthle cell carcinoma,hsa-miR-132,1.0198664665222200
Endothelial Barrier Dysfunction,rno-miR-369-3p,1.0190057754516600
Precursor B-Cell Lymphoblastic Leukemia-Lymphoma,mmu-miR-697,1.018959879875180
Macular dystrophy and corneal type 1,hsa-mir-7844,1.0187526941299400
Anemia and Iron-Deficiency,hsa-miR-3117-3p,1.0185140371322600
Anemia and Iron-Deficiency,hsa-miR-3124,1.0154250860214200
Immunologic Deficiency Syndromes,hsa-miR-3176,1.0142582654953000
Precursor B-Cell Lymphoblastic Leukemia-Lymphoma,hsa-mir-8074,1.0128835439682000
Anemia and Iron-Deficiency,hsa-miR-376b-3p,1.0128629207611100
Macular dystrophy and corneal type 1,rno-miR-369-3p,1.0103594064712500
Retroviridae Infections,hsa-mir-8074,1.008886694908140
Angioedemas and Hereditary,hsa-miR-30c,1.0082238912582400
Precursor B-Cell Lymphoblastic Leukemia-Lymphoma,rno-miR-27a,1.0081660747528100
Nevi and Melanomas,hsa-miR-187,1.0075753927230800
 Lymph  Node Metastasis,EBV-miR-BART16,1.0075539350509600
Reperfusion Injury and Testicular Ischemia,hsa-miR-3166,1.0073498487472500
Canavan Disease,hsa-miR-3166,1.0073294639587400
Angioedemas and Hereditary,hsa-miR-1273e,1.007241129875180
Renal Artery Obstruction,hsa-miR-345,1.0071518421173100
thyroid gland Hurthle cell carcinoma,hsa-miR-3690,1.0071299076080300
Wound Infection,hsa-miR-361-5p,1.00703763961792
Drug-Induced Kidney Injury,hsa-mir-8074,1.0068978071212800
 Lymph  Node Metastasis,hsa-miR-34b-3p,1.0055923461914100
Ophthalmoplegia and Chronic Progressive External,hsa-miR-130a-1,1.0031601190567000
Reperfusion Injury and Testicular Ischemia,hsa-miR-3545-5p,1.0024819374084500
pancreatic adenocarcinoma,mmu-miR-697,1.0012671947479200
Myeloma Bone Disease,hsa-miR-3159,1.0003750324249300
Pulmonary Hypertension and Thromboembolic and Chronic,hsa-mir-8074,0.9999417662620540
Hemorrhage,hsa-mir-7844,0.9983386397361760
Hemorrhage,mmu-miR-697,0.9979986548423770
pancreatic adenocarcinoma,hsa-miR-4511,0.9977390170097350
Splenic Neoplasms,hsa-miR-133,0.9975330233573910
Spasm,hsa-miR-374b-5p,0.9974847435951230
Myeloma Bone Disease,hsa-miR-204-5p,0.9974802136421200
Granulomatous Disease and Chronic,hsa-miR-374b-5p,0.9974736571311950
Wound Infection,hsa-miR-122-5p,0.9974097609519960
Mycoplasma pneumoniae pneumonia,hsa-miR-1180-5p,0.997076690196991
Scleral Diseases,hsa-miR-1180-5p,0.9970757365226750
Classical Swine Fever,hsa-miR-1180-5p,0.9970431923866270
Conotruncal cardiac defects,hsa-mir-8074,0.996005117893219
Posterior Segment Ocular Diseases,hsa-miR-3615,0.9954459071159360
Myeloma Bone Disease,hsa-miR-3615,0.9954360127449040
pancreatic adenocarcinoma,hsa-mir-8074,0.9951909184455870
Hemorrhage,hsa-miR-4511,0.9944707751274110
Uterine Neoplasms,hsa-mir-8074,0.9939113259315490
Tendinopathy,hsa-mir-8074,0.992931067943573
Fibrosis and Pancreas,hsa-mir-8061,0.9927048087120060
Heart Failure and Diastolic,hsa-miR-32*,0.9924959540367130
Hemorrhage,hsa-mir-8074,0.9919225573539730
Cholesteatoma and Middle Ear,hsa-mir-8074,0.9916228652000430
Pediatric Enteritis,hsa-miR-4496,0.9911180138587950
Reperfusion Injury and Testicular Ischemia,hsa-miR-3189,0.9910134673118590
Nevi and Melanomas,hsa-miR-3189,0.9910047650337220
Laryngopharyngeal Neoplasms,hsa-miR-3189,0.9910019040107730
Intervertebral Disc Displacement,hsa-miR-3927-3p,0.9909098744392400
Periodontitis and Diabetic,hsa-miR-3927-3p,0.990899384021759
Mesangial sclerosis and diffuse,rno-miR-27a,0.990889847278595
Reperfusion Injury and Testicular Ischemia,hsa-miR-196b,0.9908704161643980
Splenic Neoplasms,hsa-miR-424-3p,0.9905417561531070
Equine Infectious Anemia,hsa-miR-424-3p,0.9905243515968320
Epilepsies and Partial,hsa-miR-4511,0.9904560446739200
Hemorrhage,rno-miR-369-3p,0.9899454712867740
Uterine Neoplasms,rno-miR-27a,0.9891937375068670
Enterovirus A Infection,rno-miR-27a,0.9881201386451720
Toxoplasmosis and Cerebral,hsa-miR-4511,0.9862235188484190
Epilepsies and Partial,rno-miR-369-3p,0.9859306216239930
hsv1-miR-H7,hsa-miR-4511,0.9857736229896550
hsv2-miR-H19,hsa-miR-4511,0.9857705235481260
miR-142-y,hsa-miR-4511,0.9857681393623350
Wallerian Degeneration,hsa-mir-8074,0.9848368763923650
Neuromyelitis Optica,hsa-mir-8074,0.98420649766922
Pathologic Processes,hsa-miR-4511,0.9841815829277040
Neurotoxicity Syndromes,hsa-mir-8074,0.9841424822807310
Follicular Atresia,hsa-mir-8074,0.9833260178565980
miR-BART21,hsa-mir-8074,0.9832305312156680
hsv2-miR-H19,hsa-mir-8074,0.9832220673561100
Maxillary Fractures,hsa-miR-19b-1*,0.9729364514350890
Preterm Premature Rupture of the Membranes,hsa-mir-875,0.9719612002372740
Ophthalmoplegia and Chronic Progressive External,hsa-miR-020,0.9713359475135800
Ophthalmoplegia and Chronic Progressive External,hsa-miR-374a-3p,0.9713146090507510
Ophthalmoplegia and Chronic Progressive External,hsa-miR-376b-3p,0.9673416018486020
Hypocapnia,hsa-miR-3928-5p,0.9666134715080260
Testicular Damage,rno-miR-27a,0.9663373827934270
Hyperphagia,hsa-miR-4428,0.9635859131813050
Maxillary Fractures,hsa-miR-3117-3p,0.9632670283317570
Reperfusion Injury and Steatotic Liver Ischemia,hsa-miR-3186-5p,0.9619266390800480
Smith-McCort Dysplasia,hsa-miR-4511,0.9612974524497990
Pelvic Organ Prolapse,hsa-miR-4428,0.9605759978294370
Pancoast Syndrome,hsa-mir-7844,0.9600582718849180
Papillomavirus Infections,hsa-mir-7844,0.9591043591499330
Respiratory Tract Infections,mmu-miR-697,0.9589096903800960
Vitreoretinochoroidopathy,hsa-miR-423-3p,0.9583056569099430
Smith-McCort Dysplasia,rno-miR-369-3p,0.9567720293998720
Hashimoto Disease,hsa-miR-4428,0.9566202759742740
Pancoast Syndrome,hsa-miR-4511,0.9561904072761540
Metabolic  Syndrome,hsa-miR-4511,0.9561401009559630
Maxillary Fractures,hsa-miR-320,0.9545777440071110
Hyperphagia,mmu-miR-697,0.9537015557289120
Pancoast Syndrome,hsa-mir-8074,0.9536421895027160
Antiphospholipid Syndrome,mmu-miR-697,0.9534189105033880
Blind Loop Syndrome,hsa-miR-380*,0.9530243277549740
Maxillary Fractures,hsa-miR-3185,0.9516761898994450
Pelvic Organ Prolapse,hsa-mir-7844,0.9510313868522640
Teratoma,rno-miR-27a,0.9499296545982360
Gastric Antral Vascular Ectasia,hsa-miR-18a*,0.9496139883995060
Pancoast Syndrome,rno-miR-27a,0.9489246010780330
Chlamydia Infections,hsa-miR-4428,0.9483469128608700
Tooth and Supernumerary,hsa-miR-4511,0.9480838179588320
Severe Dengue,hsa-mir-875,0.9480623602867130
Papillomavirus Infections,rno-miR-27a,0.9479706883430480
Chlamydia Infections,rno-miR-30b-3p,0.9462142586708070
Hashimoto Disease,hsa-mir-8061,0.9461155533790590
Mesothelioma and Malignant,hsa-miR-4511,0.9456573128700260
Tooth and Supernumerary,hsa-mir-8074,0.9455356001853940
Hashimoto Disease,hsa-miR-4511,0.9432080388069150
Mesothelioma and Malignant,hsa-mir-8074,0.9431090950965880
Gastric Antral Vascular Ectasia,hsa-miR-380*,0.9419298768043520
Noma,hsa-miR-4511,0.9418169856071470
Dilated Cardiomyopathy ,hsa-miR-3934-5p,0.9411918520927430
Tooth and Supernumerary,rno-miR-27a,0.9408180117607120
Hashimoto Disease,hsa-mir-8074,0.9406598210334780
Primary Aldosteronism ,hsa-mir-7844,0.9401898980140690
Hypothyroidism,mmu-miR-697,0.9400395750999450
Noma,hsa-mir-8074,0.9392685294151310
Aortic Valve Stenosis,hsa-miR-4511,0.9392595887184140
Chlamydia Infections,mmu-miR-697,0.9384625554084780
Chlamydia Infections,hsa-mir-8061,0.9378421902656560
Abnormalities and Drug-Induced,hsa-miR-4428,0.9371492266654970
Maxillary Fractures,hsa-miR-371a-3p,0.9370618462562560
Maxillary Fractures,hsa-miR--196a-2,0.9367873072624210
Vitreoretinochoroidopathy,hcmv-miR-UL59,0.9361220002174380
Maxillary Fractures,hsa-miR-3666,0.9359553456306460
Lymphangioleiomyomatosis,rno-miR-30b-3p,0.9357392191886900
Still's Disease and Adult-Onset,mmu-miR-697,0.935463011264801
Heart Failure and Diastolic,hsa-miR-1226,0.9348768591880800
Dilated Cardiomyopathy ,hsa-miR-199a*-2,0.9343387484550480
Hypocapnia,hsa-miR-30c-1*,0.9340388178825380
Hypothyroidism,hsa-mir-8074,0.9339632391929630
Severe Dengue,hsa-mir-8074,0.9339331984519960
Premenstrual Syndrome,hsa-mir-8074,0.9335874915122990
Heart Failure and Diastolic,hsa-miR-3934-5p,0.932523787021637
Graft Occlusion and Vascular,hsa-mir-7844,0.9324067234992980
Still's Disease and Adult-Onset,hsa-miR-4511,0.9319351315498350
Esophageal Neoplasms,hsa-miR-4511,0.9318241477012630
Stomatognathic Diseases,hsa-miR-3117-3p,0.9312734007835390
Polycystic Kidney Diseases,rno-miR-30b-3p,0.9309974312782290
Heart Failure and Diastolic,hsa-miR-3591-3p,0.9291453957557680
Primary Aldosteronism ,rno-miR-27a,0.9290563464164730
Anhedonia,hsa-mir-8079,0.9286847710609440
Intra-Articular Fractures,hsa-miR-200c-3p,0.9284635186195370
Iridocorneal Endothelial Syndrome,hcmv-miR-US25-1,0.9284314513206480
Reperfusion Injury and Steatotic Liver Ischemia,hsa-miR-135b-3p,0.9283856749534610
Brain Injuries,hsa-mir-7844,0.9276568293571470
Vitreoretinochoroidopathy,hsa-miR-2392,0.9276350140571590
Hypothermia,hsa-mir-7844,0.9275991320610050
Brain Injuries,mmu-miR-697,0.9273170828819280
Graft Occlusion and Vascular,hsa-mir-8074,0.9259907603263860
Stomatognathic Diseases,hsa-miR-376b-3p,0.9256224036216740
Intra-Articular Fractures,hsa-miR-3186-5p,0.925443708896637
Vitreoretinochoroidopathy,hsa-miR-3117-3p,0.9253857731819150
high grade glioma,hsa-miR-4511,0.924853503704071
Esophageal Neoplasms,rno-miR-27a,0.9245581030845640
Dilated Cardiomyopathy ,hcmv-miR-UL59,0.9243436455726620
Pregnancy Complications and Infectious,hsa-miR-4423-5p,0.924176037311554
Varicocele,hsa-miR-411,0.9241569638252260
Labyrinth Diseases,rno-miR-674-3p,0.9237584471702580
Polycystic Kidney Diseases,hsa-mir-7844,0.9235855937004090
Polycystic Kidney Diseases,mmu-miR-697,0.9232457280159000
Tachycardia and Ventricular,hsa-miR-423-3p,0.923143208026886
Cystadenocarcinoma and Serous and Ovarian,hsa-mir-7844,0.9229713082313540
Reperfusion Injury and Steatotic Liver Ischemia,hcmv-miR-UL59,0.922771155834198
high grade glioma,hsa-mir-8074,0.9223050475120540
Intra-Articular Fractures,hsa-miR-1229-3p,0.9222715497016910
Lymphangioleiomyomatosis,hsa-mir-8074,0.9219110608100890
Dilated Cardiomyopathy ,hsa-miR-1225,0.9214766621589660
Hypothermia,hsa-mir-8074,0.9211828112602230
Schistosomiasis japonica,hsa-miR-4511,0.920769214630127
Pyelonephritis,rno-miR-369-3p,0.9207668304443360
Polycystic Kidney Diseases,hsa-miR-4511,0.9197177886962890
D-bifunctional protein deficiency,hsa-miR-199a*-2,0.9195379614830020
Brain Injuries,rno-miR-369-3p,0.9192635416984560
Vitreoretinochoroidopathy,hsa-miR-1469,0.9191846251487730
Cystadenocarcinoma and Serous and Ovarian,hsa-miR-4511,0.9191034436225890
Germ Cell Tumor and Non-Teratomatous,mmu-miR-697,0.9190152883529660
Gastric Cancer and Early,mmu-miR-764-3p,0.9185479283332830
Fractures and Bone,rno-miR-369-3p,0.9184921383857730
congenital nongoitrous hypothyroidism 4,rno-miR-369-3p,0.917864203453064
Placenta Accreta,hsa-mir-8061,0.9176518321037290
Diarrhea,hsa-miR-4428,0.9175798892974850
Vitreoretinochoroidopathy,hsa-miR-411,0.91743004322052
Polycystic Kidney Diseases,hsa-mir-8074,0.9171692728996280
Encephalocele,hsa-mir-8074,0.9170052409172060
Reperfusion Injury and Steatotic Liver Ischemia,hsa-miR-216,0.9167888164520260
Vitreoretinochoroidopathy,hsa-miR-186*,0.9166210889816280
Encephalitis and Viral,rno-miR-30b-3p,0.9165642261505130
Cystadenocarcinoma and Serous and Ovarian,hsa-mir-8074,0.9165554046630860
Arrhythmogenic Right Ventricular Dysplasia,hsa-mir-8074,0.916424036026001
Dilated Cardiomyopathy ,hsa-miR-30a,0.9163525104522710
Costello Syndrome,hsa-mir-8079,0.9163151979446410
Mandibular Diseases,hsa-mir-8074,0.9162549376487730
Iridocorneal Endothelial Syndrome,hsa-miR-219a-1-3p,0.9161102771759030
Dilated Cardiomyopathy ,hsa-miR-2392,0.9158563613891600
Intra-Articular Fractures,hsa-miR-33b,0.9155189394950870
miR-BART22,hsa-miR-4511,0.9155109524726870
Simpson-Golabi-Behmel syndrome type 1,EBV-mir-BART8,0.9153370261192320
Iridocorneal Endothelial Syndrome,hsa-miR-130a-3p,0.9152494668960570
Polycystic Kidney Diseases,rno-miR-369-3p,0.915192186832428
childhood acute myeloid leukemia,mmu-miR-697,0.9151523113250730
Heart Failure and Diastolic,hsa-miR-19b-1*,0.9146086573600770
Reperfusion Injury and Steatotic Liver Ischemia,hsa-miR-1975,0.9143089056015020
Reperfusion Injury and Steatotic Liver Ischemia,hsa-miR-2392,0.914283812046051
Fatigue,rno-miR-27a,0.9141976237297060
Maxillary Fractures,hsa-miR-26b-3p,0.9139850735664370
Intrahepatic Cholestasis of Pregnancy,hsa-miR-4469,0.9139512777328490
Knee Injuries,hsa-mir-8074,0.9137853980064390
Iridocorneal Endothelial Syndrome,hsa-miR-1231,0.9135522246360780
Infectious pancreatic necrosis virus,hsa-mir-8074,0.9132168889045720
Dilated Cardiomyopathy ,hsa-let-7a-1,0.9128905534744260
familial chylomicronemia syndrome,hsa-mir-8074,0.9128050804138180
Systemic Inflammatory Response Syndrome,mmu-miR-697,0.9123514294624330
Tuberous Sclerosis,mmu-miR-764-3p,0.9123331308364870
Dilated Cardiomyopathy ,hsa-miR-020,0.9119502305984500
Dilated Cardiomyopathy ,hsa-miR-374a-3p,0.9119291305541990
Cystadenocarcinoma and Serous and Ovarian,rno-miR-27a,0.9118376970291140
Dilated Cardiomyopathy ,hsa-miR-34b-5p,0.9118338227272030
Infectious pancreatic necrosis virus,rno-miR-369-3p,0.9112396240234380
Simpson-Golabi-Behmel syndrome type 1,hsa-miR-411,0.9111989140510560
Labyrinth Diseases,hsa-mir-7844,0.910690188407898
Diffuse Alveolar Hemorrhage and Autoimmune-Mediated,rno-miR-27a,0.9105889797210690
Labyrinth Diseases,mmu-miR-697,0.9103504419326780
Placenta Accreta,rno-miR-369-3p,0.9102188348770140
Blind Loop Syndrome,hsa-miR-351,0.9100008010864260
Systemic Inflammatory Response Syndrome,hsa-miR-4511,0.9088234901428220
Cardiomyopathy and Dilated,hsa-mir-8074,0.9087655544281010
Tauopathies,hsa-miR-26a-1,0.9085448980331420
Dilated Cardiomyopathy ,hsa-miR-338-5p,0.9083774089813230
Dilated Cardiomyopathy ,hsa-miR-3934,0.908065140247345
Dilated Cardiomyopathy ,hsa-miR-376b-3p,0.907956063747406
Liposarcoma,hsa-mir-7844,0.9079013466835020
Osteolysis and Essential,rno-miR-27a,0.9077074527740480
Dilated Cardiomyopathy ,hsa-miR-146b-5p,0.90751051902771
Mycobacterium Infections,hsa-mir-8074,0.9070513248443600
Cardiomyopathy and Dilated,rno-miR-369-3p,0.906788170337677
Reperfusion Injury and Renal Ischemia,hsa-miR-4511,0.9066380262374880
Erythema,rno-miR-30b-3p,0.906611979007721
Reperfusion Injury and Steatotic Liver Ischemia,hsa-miR-376b-3p,0.9063836336135860
Systemic Inflammatory Response Syndrome,hsa-mir-8074,0.9062752723693850
Implantation Failure,hsa-mir-7844,0.906151294708252
Dilated Cardiomyopathy ,hsa-miR-1229,0.9061093330383300
Heart Failure and Diastolic,hsa-miR-4267,0.9060316681861880
Implantation Failure,mmu-miR-697,0.9058114886283880
Dilated Cardiomyopathy ,hsa-miR-411,0.9056514501571660
Iridocorneal Endothelial Syndrome,hsa-miR-4267,0.9053292870521550
Frailty,hsa-mir-8074,0.9051579236984250
Blind Loop Syndrome,hsa-miR-3128,0.9049626588821410
Dilated Cardiomyopathy ,hsa-miR-1283-1,0.904191255569458
Dilated Cardiomyopathy ,hsa-miR-3190-3p,0.90385901927948
Airway Obstruction,hsa-miR-200c-3p,0.9035719633102420
hearing loss,mmu-miR-697,0.9033653736114500
Reperfusion Injury and Steatotic Liver Ischemia,hsa-miR-181a,0.9028005003929140
Vitreoretinochoroidopathy,hsa-miR-3137,0.9026596546173100
Iridocorneal Endothelial Syndrome,hsa-miR-374a-3p,0.9025586843490600
Neuropathic Low Back Pain,hsa-miR-374a-3p,0.9025061130523680
Stomatitis and Aphthous,hsa-miR-320b,0.9023314714431760
Labyrinth Diseases,rno-miR-369-3p,0.9022969603538510
Reperfusion Injury and Steatotic Liver Ischemia,hsa-miR-3190-3p,0.9022865891456600
Heart Diseases,hsa-mir-8074,0.9020295739173890
Diarrhea,hsa-mir-8074,0.9016194343566900
Systemic Inflammatory Response Syndrome,rno-miR-27a,0.9015576839447020
Congenital amegakaryocytic thrombocytopenia,hcmv-miR-UL59,0.9015213251113890
Liposarcoma,hsa-mir-8074,0.9014851450920110
Basal Ganglia Hemorrhage,hsa-mir-7844,0.9011515974998470
Iridocorneal Endothelial Syndrome,hsa-miR-3124,0.901147723197937
Gaucher Disease,hsa-miR-4511,0.9008087515830990
Encephalitis and Viral,rno-miR-369-3p,0.9007589817047120
Anhedonia,hsa-mir-7844,0.9006046652793880
Niemann-Pick Diseases,hsa-miR-3186-5p,0.9005625247955320
Frailty,rno-miR-27a,0.9004402160644530
Heart Diseases,rno-miR-369-3p,0.9000524878501890
Implantation Failure,hsa-mir-8074,0.8997353315353390
Heart Failure and Diastolic,hsa-miR-338-5p,0.8997093439102170
Labyrinth Diseases,rno-miR-27a,0.899556577205658
Maxillary Fractures,hsa-miR-30b-5p,0.8995239734649660
Gastric Cancer and Early,rno-miR-30b-3p,0.8994486927986150
Neuropathic Low Back Pain,hsa-miR-376b-3p,0.8985331654548650
Gaucher Disease,hsa-mir-8074,0.8982602953910830
Dilated Cardiomyopathy ,hsa-miR-365a-3p,0.8980956673622130
Encephalitis and Viral,rno-miR-27a,0.8980186581611630
hearing loss,hsa-mir-8074,0.8972891569137570
Basal Ganglia Hemorrhage,hsa-miR-4511,0.8972837924957280
Neonatal Sepsis,hsa-miR-4428,0.8971617221832280
Aging and Premature,rno-miR-27a,0.8970609903335570
Heart Failure and Diastolic,hsa-miR-411,0.8969833850860600
Cardiomyopathy and Alcoholic,rno-miR-369-3p,0.8969389796257020
Diarrhea,rno-miR-27a,0.8969018459320070
Heart Failure and Diastolic,hsa-miR-218-2,0.8966975212097170
Skin Ulcer,hsa-miR-23a-5p,0.8964895606040960
Hearing Loss and Sensorineural,hsa-miR-4511,0.8963815569877630
Iridocorneal Endothelial Syndrome,hsa-let-7a-3p,0.8956956267356870
Heart Failure and Diastolic,hsa-miR-1283-1,0.8955231308937070
Chronic Urticaria,mmu-miR-764-3p,0.8953179121017460
Heart Failure and Diastolic,hsa-miR-3190-3p,0.8951910734176640
Dilated Cardiomyopathy ,hsa-miR-1225-3p,0.8949651718139650
Substance-Related Disorders,rno-miR-27a,0.8948743939399720
Femoral Neck Fractures,rno-miR-27a,0.8948584794998170
Basal Ganglia Hemorrhage,hsa-mir-8074,0.8947352766990660
Plasmablastic Lymphoma,mmu-miR-764-3p,0.8947281837463380
Anhedonia,hsa-mir-8074,0.8941885828971860
Myocardial Fibrosis,hsa-mir-7844,0.8938687443733220
Reperfusion Injury and Steatotic Liver Ischemia,hsa-miR-3610,0.8932175040245060
Electrocardiography and Ambulatory,hsa-miR-1283-1,0.893063485622406
Ossification of the posterior longitudinal ligament of the spine,rno-miR-369-3p,0.8927988409996030
Erythema,hsa-mir-8074,0.8927839398384090
Hypoglycemia,hcmv-miR-UL59,0.8926811218261720
Rh Deficiency Syndrome,hsa-mir-7844,0.8922265768051150
Penile Neoplasms,mmu-miR-697,0.8919270634651180
Amyloidosis and Hereditary and Transthyretin-Related,hsa-mir-8074,0.891586422920227
Dilated Cardiomyopathy ,EBV-miR-BART12,0.8915636539459230
Sialic Acid Storage Disease,mmu-miR-697,0.8911650776863100
Transfusion Reaction,hsa-mir-7844,0.8905695080757140
Heart   Transplant Rejection,hsa-miR-4511,0.8900294899940490
Basal Ganglia Hemorrhage,rno-miR-27a,0.8900177478790280
Neuropathic Low Back Pain,hsa-miR-321,0.8897572159767150
Malaria and Falciparum,hsa-miR-27a-3p,0.8895505666732790
Central Nervous System Diseases,mmu-miR-697,0.8895139694213870
Phyllodes Tumor,hsa-miR-4428,0.8880500197410580
Vitreoretinochoroidopathy,hsa-miR-199a*-1,0.8877464532852170
Gastrointestinal Neoplasms,hsa-mir-8074,0.8877155184745790
Congenital amegakaryocytic thrombocytopenia,hsa-miR-3124,0.8876960873603820
isolated cleft palate,hsa-miR-4511,0.8876132369041440
Myocardial Fibrosis,hsa-mir-8074,0.8874524235725400
Neonatal Sepsis,mmu-miR-697,0.887277364730835
Dilated Cardiomyopathy ,hsa-miR--196a-2,0.8871274590492250
Stomatitis and Aphthous,hsa-miR-3117-3p,0.887090265750885
Intrahepatic Cholestasis of Pregnancy,hsa-miR-4511,0.887050211429596
Reperfusion Injury and Ischemia,hsa-miR-30b,0.8866198062896730
Blind Loop Syndrome,hsa-miR-1295a,0.8863306045532230
Hyperparathyroidism 2,hsa-miR-4511,0.8863123059272770
Blind Loop Syndrome,hsa-miR-216,0.8863025903701780
Fluoride Poisoning,hsa-miR-1193,0.8859650492668150
Nephrotic Syndrome,hsa-miR-4428,0.8855655789375310
Tuberous Sclerosis,mmu-miR-697,0.8854820728302000
Myocardial Fibrosis,rno-miR-369-3p,0.8854754567146300
Fusariosis,hsa-mir-8074,0.8853431940078740
Intra-Articular Fractures,hsa-miR-4271,0.8852547407150270
Heart Failure and Diastolic,hsa-miR-320c,0.8852438926696780
Congenital amegakaryocytic thrombocytopenia,hsa-miR-376b-3p,0.8851339817047120
Sialic Acid Storage Disease,hsa-mir-8074,0.8850888013839720
Actinic cheilitis,hsa-miR-4428,0.8850566148757940
Thyroid cancer and medullary,hsa-mir-8074,0.8850477933883670
Ciliary Motility Disorders,rno-miR-30b-3p,0.8850359320640560
Oculodentodigital Dysplasia,hsa-miR-3676-5p,0.8849847316741940
Autolysis,hsa-mir-8074,0.8840093612670900
Dementia and Vascular,mmu-miR-697,0.8838862776756290
Gastric Cancer and Early,rno-miR-369-3p,0.8836435079574590
Intra-Articular Fractures,hsa-miR-1225,0.8834210634231570
Heart Failure and Diastolic,hsa-miR-3689b-3p,0.8831561803817750
Sialic Acid Storage Disease,rno-miR-369-3p,0.8831117153167730
Chemical and Drug Induced Liver Injury and Chronic,rno-miR-369-3p,0.8826622366905210
Ganglion Cysts,rno-miR-27a,0.8825415372848510
Intrahepatic Cholestasis of Pregnancy,rno-miR-369-3p,0.8825247883796690
Postoperative Cognitive Complications,mmu-miR-697,0.8823040127754210
Iridocorneal Endothelial Syndrome,EBV-miR-BART12,0.8821932077407840
Rheumatic Heart Disease,hsa-miR-4428,0.8821045160293580
Dilated Cardiomyopathy ,hsa-miR-1305,0.8817194700241090
Peritoneal Fibrosis,hsa-miR-4428,0.8816890120506290
Marek Disease,mmu-miR-697,0.8816227912902830
Iridocorneal Endothelial Syndrome,hsa-miR-3137,0.8815107941627500
Central Nervous System Diseases,rno-miR-369-3p,0.8814607262611390
Iridocorneal Endothelial Syndrome,hsa-miR-193b*,0.8812789916992190
Lipid Metabolism Disorders,mmu-miR-697,0.8812380433082580
Trypanosomiasis and African,hsa-miR-4511,0.8812294006347660
Hypoglycemia,hsa-let-7a-1,0.8812280297279360
Neonatal Sepsis,hsa-mir-8074,0.8812010884284970
Gastric Antral Vascular Ectasia,hcmv-miR-UL59,0.881190299987793
Proteinuria,hsa-mir-8061,0.8808574676513670
Hemophilia A,hsa-miR-4511,0.8805915117263790
Synovitis,hsa-miR-4428,0.880446195602417
Hypocapnia,hsa-miR-27a-3p,0.880398690700531
Dementia and Vascular,hsa-miR-4511,0.8803583383560180
Thyroid cancer and medullary,rno-miR-27a,0.8803302049636840
Heart Failure and Acute,hsa-mir-8074,0.8800467252731320
Neuroinflammatory Diseases,hsa-miR-4428,0.8800432682037350
Angina Pectoris and Variant,mmu-miR-697,0.8794736862182620
Opium Dependence,hsa-miR-4511,0.8791550397872930
Hyperglycinemia and Nonketotic,hsa-miR-4511,0.8790982365608220
Fluoride Poisoning,hsa-miR-351,0.879081666469574
Phyllodes Tumor,hsa-mir-7844,0.8785055875778200
Intra-Articular Fractures,hsa-miR-30a,0.8782970905303960
Familial encephalopathy with neuroserpin inclusion bodies,hsa-miR-4428,0.8782427310943600
Marek Disease,hsa-miR-4511,0.8780947923660280
endometriosis in scar of skin,hsa-miR-4428,0.8780383467674260
Neointimal Hyperplasia,hsa-miR-4428,0.8780125975608830
Corneal dystrophy and epithelial basement membrane,hsa-miR-4428,0.8779988884925840
Choledocholithiasis,hsa-miR-4428,0.8779383897781370
Digestive System Neoplasms,hsa-miR-4428,0.8779351711273190
Pregnancy and Ectopic,hsa-miR-4428,0.8778587579727170
Osteochondrodysplasias,hsa-miR-4428,0.8778553009033200
Cholecystolithiasis,hsa-miR-4428,0.8778444528579710
Dementia and Vascular,hsa-mir-8074,0.8778099417686460
Intra-Articular Fractures,hsa-miR-2392,0.8778010606765750
Multiple System Atrophy,rno-miR-27a,0.8777515292167660
Lipid Metabolism Disorders,hsa-miR-4511,0.8777100443840030
Parvoviridae Infections,hsa-miR-3591-3p,0.8775547742843630
Acute Uterine Injury,hsa-miR-4452,0.8771015405654910
Mastitis and Bovine,hsa-mir-7844,0.8769561052322390
Hyphema,hsa-miR-199a*-2,0.8769113421440130
Intra-Articular Fractures,hsa-miR-4267,0.8766443133354190
overactive bladder syndrome,hsa-miR-4511,0.8766341209411620
Opium Dependence,hsa-mir-8074,0.8766066431999210
Hypoglycemia,hsa-miR-376b-3p,0.8762936592102050
Postoperative Cognitive Complications,hsa-mir-8074,0.876227855682373
cough variant asthma,hsa-mir-7844,0.876220703125
Rhabdomyosarcoma,hsa-mir-875,0.8761241436004640
Hirschsprung-Associated Enterocolitis,hsa-mir-875,0.8760897517204290
Congenital Abnormalities,hsa-mir-875,0.8760729432106020
Dilated Cardiomyopathy ,hsa-miR-199a*-1,0.8759678602218630
Rheumatic Fever,rno-miR-30b-3p,0.8759225010871890
Blind Loop Syndrome,hsa-miR-376b-3p,0.875897228717804
Scleroderma and Diffuse,rno-miR-30b-3p,0.8758726716041570
Squamous Intraepithelial Lesions of the Cervix,rno-miR-30b-3p,0.8758584856987
Sepsis-Associated Encephalopathy,rno-miR-30b-3p,0.8758370876312260
Rhabdomyosarcoma,rno-miR-30b-3p,0.8758330941200260
Camptocormia,rno-miR-30b-3p,0.875799298286438
Congenital Abnormalities,rno-miR-30b-3p,0.8757820725440980
Chondrocyte Hypertrophy,hsa-miR-4452,0.8756311535835270
Actinic cheilitis,hsa-mir-7844,0.8755618333816530
Marek Disease,hsa-mir-8074,0.875546395778656
Tauopathies,hsa-miR-19b-1*,0.8752883076667790
Lipid Metabolism Disorders,hsa-mir-8074,0.8751617670059200
Humeral Fractures,hsa-miR-3591-3p,0.8750417232513430
Fluoride Poisoning,hsa-miR-3591-3p,0.8749805688858030
Intra-Articular Fractures,hsa-let-7a-1,0.8748351335525510
Acute Disease,hsa-mir-8061,0.8745405077934270
Heart Failure and Diastolic,hsa-miR-1258,0.874367892742157
Postoperative Cognitive Complications,rno-miR-369-3p,0.8742507100105290
Intra-Articular Fractures,hsa-miR-374a-3p,0.8738735318183900
Humeral Fractures,hsa-miR-378j,0.8736065030097960
Angina Pectoris and Variant,hsa-mir-8074,0.8734534382820130
Constipation,mmu-miR-697,0.8733879327774050
Blind Loop Syndrome,hsa-let-7a-3p,0.8730069994926450
Hypoglycemia,hsa-miR-192-2,0.8729546070098880
Iridocorneal Endothelial Syndrome,hsa-miR-1236-5p,0.8727935552597050
Rheumatic Heart Disease,hsa-mir-7844,0.8727558255195620
Hypoglycemia,hsa-miR-181a,0.872710645198822
Gastric Antral Vascular Ectasia,hsa-miR-2392,0.8727032542228700
Maxillofacial Abnormalities,hsa-mir-8074,0.8726613521575930
aortic atherosclerosis,hsa-mir-7844,0.8726605176925660
Deficiency Diseases,hsa-mir-7844,0.8724765777587890
Stomatitis and Aphthous,hsa-miR-211-3p,0.8723893165588380
aortic atherosclerosis,mmu-miR-697,0.8723321557044980
Intra-Articular Fractures,hsa-miR-15a-5p,0.8722366690635680
Phyllodes Tumor,hsa-mir-8074,0.872209906578064
Non-ST Elevated Myocardial Infarction,mmu-miR-697,0.8721704483032230
Deficiency Diseases,mmu-miR-697,0.8721482157707210
Acute Disease,hsa-miR-4511,0.8717322945594790
Hypocapnia,hsa-miR-199a*-2,0.8717267513275150
Postoperative Cognitive Complications,rno-miR-27a,0.8715872764587400
Cerebral Hemorrhage and Traumatic,hsa-mir-7844,0.871069073677063
Neurobehavioral Manifestations,rno-miR-369-3p,0.8707606196403500
Cerebral Hemorrhage and Traumatic,mmu-miR-697,0.870741069316864
Lipid Metabolism Disorders,rno-miR-27a,0.8705740571022030
Intra-Articular Fractures,hsa-miR-338-5p,0.8703221082687380
Histiocytosis,hsa-mir-7844,0.8702791333198550
ACTH-Secreting Pituitary Adenoma,hsa-mir-8074,0.8702020049095150
Intra-Articular Fractures,hsa-miR-3934,0.87000972032547
Intra-Articular Fractures,hsa-miR-376b-3p,0.8699005842208860
Elephantiasis,hsa-miR-4511,0.8698652982711790
Eye Diseases,hsa-mir-7844,0.8696079850196840
hypomelanosis of Ito,hsa-mir-7844,0.8694848418235780
Agammaglobulinemia,hsa-mir-7844,0.8693328499794010
Eye Diseases,mmu-miR-697,0.8692797422409060
Acute Disease,hsa-mir-8074,0.8692710399627690
Aortopathies,hsa-mir-8074,0.8692629337310790
Agammaglobulinemia,mmu-miR-697,0.8690046072006230
endometriosis in scar of skin,hsa-mir-7844,0.8688201904296880
Intellectual Disability,hsa-mir-7844,0.8687586188316350
Craniosynostoses,hsa-mir-7844,0.8687500357627870
Fanconi Syndrome,hsa-miR-1975,0.8687432408332830
Frontotemporal Dementia,hsa-mir-7844,0.868741512298584
Deficiency Diseases,hsa-miR-4511,0.8687410354614260
Chronic  Kidney Disease,hsa-mir-7844,0.8687276244163510
Chromosome Aberrations,hsa-mir-7844,0.8687236905097960
Encephalocraniocutaneous lipomatosis,hsa-mir-7844,0.8687233924865720
Pancreatic Intraductal Neoplasms,hsa-mir-7844,0.8687168955802920
Reperfusion Injury and Cerebral Ischemia,hsa-mir-7844,0.8687078356742860
Neurodevelopmental Injuries,hsa-mir-7844,0.8687050342559810
Otitis Media,hsa-mir-7844,0.8687044978141790
Squamous Intraepithelial Lesions of the Cervix,hsa-mir-7844,0.8687002658843990
Arthritis and Temporomandibular,hsa-mir-7844,0.8686985969543460
Drug-Related Side Effects and Adverse Reactions,hsa-mir-7844,0.8686974048614500
Familial encephalopathy with neuroserpin inclusion bodies,mmu-miR-697,0.868696391582489
Temporomandibular Joint Disorders,hsa-mir-7844,0.868692934513092
Eye Diseases,hsa-mir-8061,0.8686805963516240
Cardiac Dysfunction,hsa-mir-7844,0.8686769008636480
Varicose Ulcer,hsa-miR-4511,0.8686437010765080
Camptocormia,hsa-mir-7844,0.8686409592628480
Hirschsprung-Associated Enterocolitis,hsa-mir-7844,0.8686401844024660
Osteoporosis and Diabetic,hsa-mir-7844,0.8686379194259640
Plasmablastic Lymphoma,hsa-mir-7844,0.8686276078224180
Peritoneal Fibrosis,hsa-miR-4511,0.8686254620552060
Congenital Abnormalities,hsa-mir-7844,0.8686235547065740
Huntington Disease,hsa-mir-7844,0.8686228394508360
Repolarization Abnormality,mmu-miR-697,0.8684158325195310
Pregnancy Complications and Infectious,mmu-miR-697,0.8683993816375730
Choledocholithiasis,mmu-miR-697,0.8683919906616210
Reperfusion Injury and Cerebral Ischemia,mmu-miR-697,0.8683794736862180
Sepsis-Associated Encephalopathy,mmu-miR-697,0.8683503866195680
Intra-Articular Fractures,hsa-miR-19a-3p,0.8683479428291320
Pregnancy and Ectopic,mmu-miR-697,0.868312418460846
Rh-Negative Hemolytic Disease and Fetus,mmu-miR-697,0.8683107495307920
Bronchiolitis Obliterans Syndrome,mmu-miR-697,0.8683082461357120
Carcinoma,mmu-miR-697,0.8682957887649540
Aortic Valve Disease,mmu-miR-697,0.8682870864868160
Chronic Urticaria,hsa-mir-8061,0.8682610988616940
idiopathic scoliosis,hsa-miR-4511,0.8680599331855770
Ovarian Failure and Premature ,hsa-miR-4511,0.8679103851318360
Supranuclear Palsy and Progressive,hsa-mir-8061,0.8677166700363160
Hirschsprung-Associated Enterocolitis,hsa-mir-8061,0.8677128553390500
Inflammation-Related  Depression,hcmv-miR-UL59,0.867668092250824
Phyllodes Tumor,rno-miR-27a,0.8676538467407230
IMAGe syndrome,hsa-miR-135b-3p,0.8674752712249760
Intra-Articular Fractures,hsa-miR-374a-5p,0.8674301505088810
Ossification and Heterotopic,rno-miR-369-3p,0.8674173355102540
Elephantiasis,hsa-mir-8074,0.8674041032791140
Spherocytosis and Hereditary,hsa-mir-8074,0.8673560619354250
Neuroinflammatory Diseases,hsa-miR-4511,0.867061197757721
Brain Death,hsa-miR-376b-3p,0.8669224381446840
Intra-Articular Fractures,hsa-miR-27a*,0.8668928742408750
Asthma ,rno-miR-27a,0.8667623996734620
Inhalant Abuse,hsa-mir-8074,0.8666158318519590
Reperfusion Injury and Steatotic Liver Ischemia,hsa-miR-17-5p,0.8665899038314820
Bursitis,hsa-mir-8074,0.8665817975997930
Glycogen Storage Disease and Type IXD,hsa-miR-4511,0.8665635585784910
Budd-Chiari Syndrome,hsa-miR-4511,0.8665246963500980
aortic atherosclerosis,hsa-mir-8074,0.8664638996124270
Intra-Articular Fractures,hsa-miR-181a,0.8664105534553530
Fluoride Poisoning,hsa-miR-320b,0.8663221001625060
Non-ST Elevated Myocardial Infarction,hsa-mir-8074,0.866301953792572
Intra-Articular Fractures,hsa-miR-1283-1,0.8662351965904240
Peritoneal Fibrosis,hsa-mir-8074,0.8661643266677860
Anemia and Aplastic,hsa-miR-4511,0.8658918738365170
Tauopathies,hsa-miR-3117-3p,0.8658879995346070
Eye Diseases,hsa-miR-4511,0.8658725619316100
Transposition of Great Vessels,hsa-miR-4511,0.8657774329185490
Gastric Antral Vascular Ectasia,EBV-miR-BART7,0.8656914830207830
Agammaglobulinemia,hsa-miR-4511,0.8655973076820370
Ataxia Telangiectasia,hsa-miR-4511,0.8655825257301330
cough variant asthma,rno-miR-27a,0.8654679656028750
Ovarian Failure and Premature ,hsa-mir-8074,0.8654492497444150
Optic Neuritis,hsa-mir-8074,0.8654107451438900
Nephrotic Syndrome,rno-miR-27a,0.8652926087379460
Tendon Injuries,hsa-mir-8074,0.8652559518814090
Sucrase-isomaltase deficiency and congenital,hsa-miR-4511,0.8651331067085270
Gastric Antral Vascular Ectasia,hsa-miR-3934,0.8651312589645390
Leishmaniasis and Diffuse Cutaneous,hsa-miR-4511,0.8650661110877990
Gastric Antral Vascular Ectasia,hsa-miR-376b-3p,0.8650258183479310
Intellectual Disability,hsa-miR-4511,0.865023136138916
Familial Multiple Coagulation Factor Deficiency I,hsa-miR-4511,0.8650164008140560
Craniosynostoses,hsa-miR-4511,0.8650144934654240
Repolarization Abnormality,hsa-miR-4511,0.865008533000946
Frontotemporal Dementia,hsa-miR-4511,0.8650059103965760
Shock and Cardiogenic,hsa-mir-8074,0.8649929761886600
Respiratory Sounds,hsa-miR-138-1*,0.8649885654449460
Choledocholithiasis,hsa-miR-4511,0.8649849891662600
Chondrocyte Hypertrophy,hsa-miR-4511,0.8649837374687200
Brain Diseases,hsa-miR-4511,0.8649802803993230
Fused Teeth,hsa-miR-4511,0.8649799227714540
Primary Myelofibrosis,hsa-miR-4511,0.8649787306785580
Charcot-Marie-Tooth disease type 1B,hsa-miR-4511,0.8649722337722780
Epilepsy and Generalized,hsa-miR-4511,0.8649703860282900
Plant Poisoning,hsa-miR-4511,0.864966630935669
Temporomandibular Joint Disorders,hsa-miR-4511,0.8649573922157290
Diabetic Ischemia Complication,hsa-miR-4511,0.8649486303329470
hypotrichosis 8,hsa-miR-4511,0.8649484515190130
Cardiac Dysfunction,hsa-miR-4511,0.8649413585662840
Carcinoma and Squamous Cell and Skin,hsa-miR-4511,0.8649069666862490
Hirschsprung-Associated Enterocolitis,hsa-miR-4511,0.8649048805236820
Rh-Negative Hemolytic Disease and Fetus,hsa-miR-4511,0.864903450012207
Inflammation-Related  Depression,hsa-miR-1225,0.8648991584777830
Cholecystolithiasis,hsa-miR-4511,0.864890992641449
Congenital Abnormalities,hsa-miR-4511,0.864888072013855
Tauopathies,hsa-miR-374a-3p,0.8642672300338750
Reperfusion Injury and Ischemia,hsa-miR-130a-3p,0.8640979528427120
Polycystic Kidney Diseases,hsa-miR-4510,0.8640815615653990
AIDS-Related Complex,rno-miR-369-3p,0.8640625476837160
Neuropathic Low Back Pain,hsa-miR-181b-2,0.8638045191764830
Hearing Loss and Age-Related,hsa-miR-378*,0.8635061979293820
Thyroiditis,hsa-mir-8074,0.8633766174316410
Blind Loop Syndrome,hsa-miR-1225-3p,0.8630241751670840
Friedreich Ataxia,rno-miR-27a,0.8629884123802190
Ameloblastoma,hsa-mir-8074,0.8628298044204710
Spherocytosis and Hereditary,rno-miR-27a,0.862799882888794
Parvoviridae Infections,hsa-miR-23a-3p,0.8627687096595760
proliferative diabetic retinopathy,hsa-mir-8074,0.8627611398696900
Mood Disorders,hsa-mir-8074,0.8627027869224550
Corneal dystrophy and epithelial basement membrane,hsa-mir-8074,0.8625839948654180
Rheumatic Fever,hsa-mir-8074,0.8625673651695250
Lupus Erythematosus and Cutaneous,hsa-mir-8074,0.8625505566596990
Repolarization Abnormality,hsa-mir-8074,0.8625472784042360
Folic Acid Deficiency,hsa-mir-8074,0.8625377416610720
Renal Interstitial Fibrosis,hsa-mir-8074,0.8625319004058840
Pregnancy Complications and Infectious,hsa-mir-8074,0.8625310659408570
Chronic  Kidney Disease,hsa-mir-8074,0.8625310659408570
Neoplasms and Plasma Cell,hsa-mir-8074,0.8625227808952330
Chondrocyte Hypertrophy,hsa-mir-8074,0.862522542476654
Leukemia and Myeloid and Chronic-Phase,hsa-mir-8074,0.862512469291687
Vitreoretinochoroidopathy,hsa-miR-1b-1,0.862511932849884
Gastrointestinal Hemorrhage,hsa-mir-8074,0.8625090718269350
Myocardial Ischemia,hsa-mir-8074,0.862507700920105
Leukemia and Myeloid and Acute and T-Cell,hsa-mir-8074,0.862502932548523
Panniculitis and Peritoneal,hsa-mir-8074,0.8624981641769410
Temporomandibular Joint Disorders,hsa-mir-8074,0.8624963164329530
Myopathies and Structural and Congenital,hsa-mir-8074,0.8624953627586370
Respiration Disorders,hsa-mir-8074,0.8624454736709600
Pregnancy and Ectopic,hsa-mir-8074,0.8624440431594850
Rh-Negative Hemolytic Disease and Fetus,hsa-mir-8074,0.8624422550201420
Fibromyalgia,hsa-mir-8074,0.862440288066864
Retinal Vein Occlusion,hsa-mir-8074,0.8624401688575750
Bronchiolitis Obliterans Syndrome,hsa-mir-8074,0.8624398708343510
Cataract and Congenital Zonular and with Sutural Opacities,hsa-mir-8074,0.8624398708343510
Grave Disease,hsa-mir-8074,0.8624392151832580
Vasospasm and Intracranial,hsa-mir-8074,0.8624355792999270
Plasmablastic Lymphoma,hsa-mir-8074,0.8624308705329900
Cholecystolithiasis,hsa-mir-8074,0.8624297976493840
Lung Abscess,hsa-mir-8074,0.8624230623245240
Airway Obstruction,hsa-miR-130a-3p,0.8623065948486330
Histiocytosis,rno-miR-369-3p,0.8621730804443360
Hemoglobin SC Disease,hcmv-miR-UL59,0.862090528011322
Gastric Antral Vascular Ectasia,hsa-miR-27a*,0.8620476126670840
Kidney Cortex Necrosis,hcmv-miR-UL59,0.8620420694351200
Airway Obstruction,hcmv-miR-UL59,0.8620396852493290
Hypocapnia,hsa-miR-150-5p,0.8620063066482540
Rheumatic Heart Disease,rno-miR-27a,0.8620027899742130
Airway Obstruction,hsa-miR-150-5p,0.8619726300239560
Deficiency Diseases,rno-miR-27a,0.8617235422134400
Dilated Cardiomyopathy ,hsa-miR-19b-1,0.8616895079612730
Intra-Articular Fractures,hsa-miR-321,0.8613952398300170
Gastric Antral Vascular Ectasia,hsa-miR-1283-1,0.8613898158073430
Familial encephalopathy with neuroserpin inclusion bodies,rno-miR-369-3p,0.8609183430671690
Optic Neuritis,rno-miR-27a,0.8608545660972600
proliferative diabetic retinopathy,rno-miR-369-3p,0.8608515858650210
Pregnancy Complications and Infectious,rno-miR-369-3p,0.8606215715408330
Fused Teeth,rno-miR-369-3p,0.8606092929840090
Charcot-Marie-Tooth disease type 1B,rno-miR-369-3p,0.8606013655662540
Wilms Tumor,rno-miR-369-3p,0.8605965375900270
Pregnancy and Ectopic,rno-miR-369-3p,0.86053466796875
Osteoporosis and Diabetic,rno-miR-369-3p,0.8605316877365110
Huntington Disease,rno-miR-369-3p,0.8605167269706730
Fluoride Poisoning,hsa-miR-138-1*,0.8604776859283450
Tauopathies,hsa-miR-376b-3p,0.8604301810264590
Synovitis,rno-miR-27a,0.8604267835617070
Short QT Syndrome 2,hsa-let-7a-1,0.8598896265029910
Ehlers-Danlos Syndrome and musculocontractural type 1,rno-miR-27a,0.8594045639038090
Adrenoleukodystrophy,rno-miR-27a,0.8592542409896850
Blind Loop Syndrome,hsa-miR-3137,0.8590797781944280
Anemia and Aplastic,rno-miR-27a,0.8588746190071110
Eye Diseases,rno-miR-27a,0.8588550090789800
Iridocorneal Endothelial Syndrome,hsa-miR-17-5p,0.8587921261787420
Ulcerative   Colitis,rno-miR-27a,0.858689546585083
Niemann-Pick Diseases,hsa-miR-1271-3p,0.858640730381012
Motor Neuron Disease,hsa-miR-4267,0.858588695526123
Agammaglobulinemia,rno-miR-27a,0.8585798144340520
Ataxia Telangiectasia,rno-miR-27a,0.8585651516914370
Fluoride Poisoning,hsa-miR-1271-3p,0.8585623502731320
Vitelliform Macular Dystrophy,hsa-miR-368,0.8585022687911990
Respiratory Sounds,hsa-miR-2392,0.8582853674888610
proliferative diabetic retinopathy,rno-miR-27a,0.8582048416137700
Tauopathies,hsa-miR-411,0.8582043647766110
Airway Obstruction,hsa-let-7a-5p,0.8581282496452330
Frontotemporal Dementia,rno-miR-27a,0.8579885363578800
Pregnancy Complications and Infectious,rno-miR-27a,0.8579748868942260
Dermatitis Herpetiformis,rno-miR-27a,0.8579745292663570
Choledocholithiasis,rno-miR-27a,0.8579674959182740
Primary Myelofibrosis,rno-miR-27a,0.8579614162445070
Coxsackievirus Infections,rno-miR-27a,0.8579576015472410
Charcot-Marie-Tooth disease type 1B,rno-miR-27a,0.8579548597335820
Miliaria,rno-miR-27a,0.8579541444778440
Neurodevelopmental Injuries,rno-miR-27a,0.8579520583152770
Myocardial Ischemia,rno-miR-27a,0.8579514026641850
Chilblain lupus,rno-miR-27a,0.8579484224319460
Leukemia and Myeloid and Acute and T-Cell,rno-miR-27a,0.8579466342926030
Panniculitis and Peritoneal,rno-miR-27a,0.8579418659210210
hypotrichosis 8,rno-miR-27a,0.8579310774803160
Child Development Disorders and Pervasive,rno-miR-27a,0.8579293489456180
Cardiac Dysfunction,rno-miR-27a,0.8579238653182980
Hemorrhagic Fever With Renal Syndrome,rno-miR-27a,0.8579232096672060
Hyperuricemic Nephropathy,rno-miR-27a,0.8579227924346920
Rhabdomyosarcoma,rno-miR-27a,0.857921838760376
Supranuclear Palsy and Progressive,rno-miR-27a,0.857891321182251
Diabetes Complications,rno-miR-27a,0.8578889966011050
Hirschsprung-Associated Enterocolitis,rno-miR-27a,0.8578873872756960
Cataract and Congenital Zonular and with Sutural Opacities,rno-miR-27a,0.8578836917877200
Plasmablastic Lymphoma,rno-miR-27a,0.8578747510910030
Cholecystolithiasis,rno-miR-27a,0.8578736186027530
Huntington Disease,rno-miR-27a,0.8578699231147770
Lung Abscess,rno-miR-27a,0.8578667640686040
Motor Neuron Disease,hsa-miR-3117-3p,0.8575334548950200
Respiratory Sounds,hsa-miR-181d-5p,0.8572453856468200
Hypocapnia,hsa-miR-216,0.8562960028648380
Tooth and Impacted,hsa-miR-020,0.8557087182998660
Stomatitis and Aphthous,hsa-miR-320B,0.8553403615951540
Parvoviridae Infections,hsa-miR-4267,0.8552315831184390
Dilated Cardiomyopathy ,hsa-miR-4296,0.8551734089851380
Pneumothorax,hsa-miR-2392,0.8543350696563720
Heart Failure and Diastolic,hsa-miR-4493,0.8543282151222230
Airway Obstruction,hsa-miR-1975,0.8538669943809510
Respiratory Sounds,hsa-miR-3124,0.8531299233436580
Light Fixation Seizure Syndrome,hsa-miR-376b-3p,0.8531005382537840
Respiratory Sounds,hsa-miR-151-3p,0.8530901074409490
Vitreoretinochoroidopathy,hsa-miR-190,0.8527840375900270
Hypocapnia,hsa-miR-4267,0.8527595400810240
Fluoride Poisoning,hsa-miR-181d-5p,0.8527346849441530
Parvoviridae Infections,hsa-miR-374a-3p,0.8525555729866030
Lattice corneal dystrophy type 1,hsa-miR-189,0.8517522215843200
Hemoglobin SC Disease,hsa-miR-3117-3p,0.8517212271690370
Ischemic And   Traumatic Injuries,hsa-let-7a-1,0.851108968257904
Short Qt Syndrome,hsa-let-7e,0.8510457277297970
Hypocapnia,hsa-let-7a-1,0.8510122299194340
Neuralgia and Postherpetic,hsa-miR-374a-3p,0.8507629036903380
Respiratory Sounds,hsa-miR-3934,0.8507606387138370
Hypocapnia,hsa-miR-374a-3p,0.8500834703445440
Fluoride Poisoning,hsa-miR-374a-3p,0.8499815464019780
Histiocytoma and Malignant Fibrous,hsa-miR-3124,0.8499724268913270
Dilated Cardiomyopathy ,hsa-miR-30b-5p,0.8499361872673040
Intra-Articular Fractures,hsa-miR--196a-2,0.849754810333252
Gastric Antral Vascular Ectasia,hsa-miR-199a*,0.8497528433799740
Parvoviridae Infections,EBV-miR-BART7,0.8493841290473940
Inflammation-Related  Depression,hsa-miR-218-2,0.8493392467498780
Hypocapnia,hsa-miR-3124,0.8487208485603330
Airway Obstruction,hsa-miR-3124,0.8486872911453250
Carcinoma and Adenoid Cystic and Lacrimal Gland,hsa-miR-151-3p,0.8486666083335880
Fluoride Poisoning,hsa-miR-3124,0.8486189246177670
Motor Neuron Disease,hsa-miR-181a,0.8486151695251470
Hypocapnia,hsa-miR-1282,0.8483766913414000
Cervical Rib Syndrome,EBV-mir-BART8,0.8481387495994570
Chorea,EBV-mir-BART8,0.8480260372161870
Ceroid lipofuscinosis and neuronal 5,EBV-mir-BART8,0.8480063080787660
Reperfusion Injury and Ischemia,hsa-miR-376b-3p,0.8480040431022640
endometrial serous adenocarcinoma,hsa-miR-324-3p,0.8474026322364810
Blind Loop Syndrome,hsa-miR-1251,0.8472585082054140
Hypocapnia,EBV-miR-BART7,0.8469120860099790
Fluoride Poisoning,hsa-miR-338-5p,0.8465514779090880
Parvoviridae Infections,hsa-miR-411,0.84649258852005
Calcification of Joints and Arteries,hsa-miR-376b-3p,0.8463832139968870
Exostoses,hsa-miR-376b-3p,0.8462573289871220
Fluoride Poisoning,hsa-miR-3934,0.8462497591972350
IMAGe syndrome,hsa-miR-376b-3p,0.8462256193161010
Parvoviridae Infections,hsa-miR-218-2,0.8462164998054500
Humeral Fractures,hsa-miR-376b-3p,0.846205472946167
Esophageal Achalasia,hsa-miR-376b-3p,0.8461866974830630
Bladder Fibrosis,hsa-miR-376b-3p,0.8461558818817140
Fluoride Poisoning,hsa-miR-376b-3p,0.8461444973945620
Reperfusion Injury and Ischemia,hsa-miR-411,0.8457782864570620
Hyphema,hsa-miR-3185,0.8456946015357970
Parvoviridae Infections,hsa-miR-192-2,0.8454935550689700
Gastric Antral Vascular Ectasia,hsa-miR--196a-2,0.8449095487594600
Blind Loop Syndrome,hsa-miR-199a*-1,0.8446765542030330
Intra-Articular Fractures,hsa-miR-1305,0.8445318937301640
Humeral Fractures,hsa-miR-411,0.8439797759056090
Neuralgia and Postherpetic,hsa-miR-186*,0.8439189791679380
Fluoride Poisoning,hsa-miR-411,0.8439184427261350
Dilated Cardiomyopathy ,hsa-miR-3650,0.8436456918716430
Hypocapnia,hsa-let-7a-3p,0.8434551358222960
Airway Obstruction,hsa-let-7a-3p,0.843421459197998
Hypocapnia,hsa-miR-27a*,0.8432683944702150
Airway Obstruction,hsa-miR-126,0.8432464003562930
Airway Obstruction,hsa-miR-27a*,0.843234658241272
Carcinoma and Adenoid Cystic and Lacrimal Gland,hsa-miR-186*,0.8432247638702390
Parvoviridae Infections,hsa-miR-3185,0.8429819941520690
Vision Disorders,hsa-miR-181a,0.8427315354347230
Posterior Segment Ocular Diseases,hsa-miR-193a-3p,0.8422654867172240
Humeral Fractures,hsa-miR-3190-3p,0.8422486186027530
Tauopathies,hsa-miR-371a-3p,0.8405790328979490
Inflammation and Chronic,hsa-miR-330,0.8400210738182070
Gastric Antral Vascular Ectasia,hsa-miR-151*,0.8390471339225770
Airway Obstruction,hsa-miR-3620-5p,0.8364318013191220
Fluoride Poisoning,hsa-miR-3620-5p,0.8363635540008550
Dilated Cardiomyopathy ,hsa-miR-34b-3p,0.835528552532196
Respiratory Sounds,hsa-miR-3193,0.8353866934776310
Penile Induration,hsa-miR-3610,0.8351799845695500
Hypocapnia,hsa-miR-1225-3p,0.8337000012397770
Fluoride Poisoning,hsa-miR-1225-3p,0.8335980772972110
Oculodentodigital Dysplasia,hsa-miR-3610,0.8334468007087710
Neointima,hsa-miR-320c,0.8326514959335330
Airway Obstruction,hsa-miR-133a-5p,0.8320413827896120
Reperfusion Injury and Ischemia,hsa-miR-3137,0.8315131664276120
Hyphema,hsa-miR--196a-2,0.8313149809837340
Hypocapnia,hsa-miR-3137,0.8297555446624760
Humeral Fractures,hsa-miR-3137,0.8297144770622250
Neointima,hsa-miR-100-2,0.8286500573158260
Neutropenia,hsa-miR-2115-5p,0.8285194039344790
Parvoviridae Infections,hsa-miR-3653-5p,0.8272349834442140
Spinal Dysraphism,hsa-miR-371a-3p,0.826884388923645
Airway Obstruction,hsa-miR-1256,0.8263983726501470
Fluoride Poisoning,hsa-miR-371a-3p,0.8262933492660520
Neointima,hsa-miR--196a-2,0.8260990977287290
Oculodentodigital Dysplasia,hsa-miR--196a-2,0.8260464072227480
Fluoride Poisoning,hsa-miR--196a-2,0.8260283470153810
Ephemeral Fever,hsa-miR-1b-1,0.8238106369972230
Vitelliform Macular Dystrophy,hsa-miR-411*,0.8230261206626890
Pleomorphic Sarcoma and Undifferentiated,hsa-miR-4433-5p,0.8230222463607790
Myotonic Dystrophy,hsa-miR-3172,0.8229767084121700
Plaque and Amyloid,hsa-miR-370,0.8227769136428830
Lattice corneal dystrophy type 1,hsa-let-7m,0.822641134262085
Neutropenia,hsa-miR-4420,0.8225626945495610
Inflammation and Chronic,hsa-miR-4432,0.8223973512649540
Angioedemas and Hereditary,hsa-miR-150,0.8223925232887270
Amebiasis,hsa-miR-3689c,0.8222444653511050
Niemann-Pick Diseases,hsa-miR-1258,0.8221548795700070
Airway Obstruction,hsa-miR-1258,0.8221448659896850
Scleral Diseases,hsa-miR-101a,0.8217520713806150
Fluoride Poisoning,hsa-miR-333,0.8214953541755680
Posterior Segment Ocular Diseases,rno-miR-30a*,0.8209375143051150
Equine Infectious Anemia,hsa-miR-34a-5p,0.8195950388908390
Hyphema,hsa-miR-329-5p,0.8194718360900880
Penile Induration,hsa-miR-129-5p,0.8191726207733150
Tauopathies,hsa-miR-19b-1,0.8157459497451780
Stomatitis and Aphthous,hsa-miR-1910,0.815680742263794
Hypocapnia,hsa-miR-329-5p,0.8142871260643010
Fluoride Poisoning,hsa-miR-329-5p,0.8141851425170900
Fluoride Poisoning,hsa-miR-3155,0.8098504543304440
Fluoride Poisoning,hsa-mir-8078,0.8088333606719970
Gastric Antral Vascular Ectasia,hsa-miR-302b,0.7957020998001100
Trichosporonosis,hsa-miR-20b-3p,0.7935307025909420
Intra-Articular Fractures,hsa-miR-28-3p,0.7928075790405270
Hypocapnia,hsa-miR-222,0.7918466925621030
Dilated Cardiomyopathy ,hsa-miR-20b-5p,0.7704312801361080
Fluoride Poisoning,hsa-miR-198,0.7627569437026980
Adrenocorticotropic hormone deficiency,hsa-miR-450b-3p,0.7621063590049740
Myeloma Bone Disease,hsa-miR-181c-3p,0.7615938186645510
Neutropenia,hsa-miR-1255a,0.7545275688171390
Amebiasis,hsa-miR-3672,0.7535611987113950
Reperfusion Injury and Testicular Ischemia,hsa-miR-3200-3p,0.7519859075546270
Lattice corneal dystrophy type 1,hsa-miR-1243,0.751636266708374
Reperfusion Injury and Testicular Ischemia,hsa-miR-1185-5p,0.7495667338371280
Neointima,hsa-miR-1277-3p,0.7456860542297360
Polyposis Syndrome and Hereditary Mixed and 1,hsa-miR-142-5p,0.7401092052459720
Reperfusion Injury and Testicular Ischemia,hsa-miR-142-5p,0.7398554086685180
Nevi and Melanomas,hsa-miR-142-5p,0.7397392988204960
Urinary Calculi,hsa-miR-142-5p,0.739648163318634
Periodontitis and Diabetic,hsa-miR-153-1,0.7295961976051330
Reperfusion Injury and Testicular Ischemia,hsa-miR-1295b-3p,0.7146341800689700
Rhabdoid Tumor and Kidney,hsa-miR-328-1,0.6985498666763310
Tibial Neuropathy,hsa-miR-328-1,0.6985146403312680
Spinal Cord Compression,hsa-let-7a-2*,0.6846181154251100
Reperfusion Injury and Testicular Ischemia,hsa-let-7a-2*,0.6844459176063540
Asthma and Chronic,hsa-let-7a-2*,0.6843782663345340
Multiple Endocrine Neoplasia Type 1,hsa-miR-199b,0.6616732478141790
Equine Infectious Anemia,hsa-miR-130a,0.660624086856842
Inflammation and Chronic,hsa-miR-34,0.6582351326942440
Renal Artery Obstruction,hsa-miR-34,0.6581480503082280
Myeloma Bone Disease,hsa-miR-1295b-5p,0.6580304503440860
Reperfusion Injury and Testicular Ischemia,hsa-miR-4433a-5p,0.6576048731803890
Extramedullary Multiple Myeloma,hsa-miR-4433a-5p,0.6575808525085450
Brugada Syndrome,hsa-miR-4473,0.6573087573051450
Meniscus Degeneration,hsa-miR-203b-5p,0.6566997170448300
Testicular Neoplasms,hsa-miR-125b-2*,0.6563916802406310
Wound Infection,hsa-miR-219-2-3p,0.654997706413269
Tibial Neuropathy,hsa-miR-4258,0.6542520523071290
Reperfusion Injury and Testicular Ischemia,hsa-miR-196a,0.6538571119308470
Amebiasis,hsa-miR-17,0.6529554724693300
Human T-Cell Leukemia Virus Type 1 Infections,hsa-miR-3195,0.6451523900032040
Spinal Cord Compression,hsa-miR-376b,0.6389172673225400
Angioedemas and Hereditary,hsa-miR-103-1,0.6385979652404790
Wound Infection,hsa-miR-103-1,0.6384662389755250
Reperfusion Injury and Testicular Ischemia,hcmv-miR-UL36,0.622098445892334
Granulomatous Disease and Chronic,hcmv-miR-UL36,0.6218960285186770
Testicular Neoplasms,hsa-miR-3074-3p,0.6069620251655580
Adenocarcinoma Of Esophagus,hsa-miR-223*,0.5979288816452030
Multiple Mitochondrial Dysfunctions Syndrome,hsa-miR-223*,0.5974753499031070
Clear-cell metastatic renal cell carcinoma,hsa-miR-191,0.5951321721076970
Reperfusion Injury and Testicular Ischemia,hsa-miR-191,0.5950873494148250
Dilated Cardiomyopathy ,hsa-miR-3121,0.5865349769592290
Neointima,hsa-miR-4303,0.5809593200683590
Amebiasis,hsa-miR-3134,0.5787384510040280
Human T-Cell Leukemia Virus Type 1 Infections,hsa-mir-885,0.5774544477462770
Brugada Syndrome,hsa-mir-885,0.5773810744285580
Pasteurella Multocida Infections,hsa-miR-3119,0.57685786485672
Neoplasms and Mesothelial,hsa-miR-3119,0.576781153678894
Reperfusion Injury and Testicular Ischemia,hsa-miR-1251-3p,0.5751985907554630
Urinary Calculi,EBV-miR-BART11,0.5749509334564210
Autoimmune Diseases of the Nervous System,hsa-miR-3120-5p,0.5735796689987180
Posterior Segment Ocular Diseases,mmu-miR-691,0.5602221488952640
Venous Neointimal Hyperplasia,mmu-miR-691,0.5601335167884830
Inflammation and Chronic,hsa-miR-3180-5p,0.5450971722602840
Reperfusion Injury and Testicular Ischemia,hsa-miR-24-1*,0.5349568724632260
Venous Neointimal Hyperplasia,hsa-let-7c,0.5224907994270330
Respiratory Sounds,hsa-miR-1972,0.5199257135391240
UV-Sensitive Syndrome,hsa-miR-4330,0.5194463729858400
Dilated Cardiomyopathy ,EBV-miR-BHRF1-3,0.5171893835067750
Inflammation and Chronic,hsa-miR-3926,0.5168835520744320
Meniscus Degeneration,hsa-miR-1915,0.5151978135108950
Nevi and Melanomas,hsa-miR-1915,0.5148223638534550
Equine Infectious Anemia,hsa-miR-205-5p,0.5145713090896610
Tricuspid Valve Insufficiency,hsa-miR-202,0.5126967430114750
Hypoglycemia,hsa-miR-410-3p,0.5117537975311280
Dilated Cardiomyopathy ,hsa-miR-4445-5p,0.5109584927558900
Angioedemas and Hereditary,hsa-miR-1267,0.5100311636924740
Chediak-Higashi Syndrome,hsa-miR-3613-3p,0.5070563554763790
Neoplasms and Mesothelial,hsa-miR-3613-3p,0.5065591335296630
Heart Failure and Diastolic,hsa-miR-3146,0.49456965923309300
Parvoviridae Infections,hsa-miR-1277,0.48507189750671400
Humeral Fractures,hsa-miR-4418,0.45452356338501000
Neointima,hsa-miR-122-3p,0.45364415645599400
Posterior Segment Ocular Diseases,hsa-miR-3156,0.4527775049209600
D-bifunctional protein deficiency,hsa-miR-3667-3p,0.4293714165687560
Airway Obstruction,hsa-miR-371-5p,0.42470669746398900
IMAGe syndrome,rno-miR-409-3p,0.42111653089523300
Diminished  Ovarian Reserve,hsa-miR-3975,0.40286993980407700
X-linked spermatogenic failure 1,hsa-miR-378i,0.3969115614891050
Respiratory Sounds,hsa-miR-3667-3p,0.38805288076400800
Brugada Syndrome,hsa-miR-220a,0.38162118196487400
Chediak-Higashi Syndrome,hsa-miR-1255b-5p,0.38102835416793800
Hypocapnia,hsa-miR-337,0.3727259635925290
Reperfusion Injury and Testicular Ischemia,hsa-miR-101-3p,0.36976921558380100
Wound Infection,hsa-miR-101-3p,0.3697178363800050
Angioedemas and Hereditary,hsa-miR-3163,0.35277390480041500
Lattice corneal dystrophy type 1,hsa-miR-3163,0.352666974067688
Vesico-Ureteral Reflux,hsa-miR-3605-5p,0.34270501136779800
Canavan Disease,hsa-miR-187-5p,0.34268438816070600
UV-Sensitive Syndrome,hsa-miR-1265,0.3422948718070980
UV-Sensitive Syndrome,hsa-miR-1184,0.34229081869125400
Nevi and Melanomas,hsa-miR-342-3p,0.34211254119873000
Nevi and Melanomas,hsa-miR-1538,0.34210580587387100
Nevi and Melanomas,hsa-miR-1228-3p,0.34210318326950100
Reperfusion Injury and Testicular Ischemia,hsa-miR-2054,0.3421010375022890
Encephalitis and Tick-Borne,hsa-miR-3660,0.34206491708755500
Autoimmune Diseases of the Nervous System,hsa-let-7b,0.34206247329711900
Lupus Vasculitis and Central Nervous System,hsa-miR-1250-5p,0.3420063257217410
Equine Infectious Anemia,EBV-miR-BHRF12-1,0.341974139213562
Equine Infectious Anemia,hsa-miR-1300_v13.0,0.3419724702835080
Myeloma Bone Disease,hsa-miR-4278,0.3419456481933590
Peripheral Vascular Diseases,hsa-miR-21,0.34193241596221900
Rhabdoid Tumor and Kidney,hsa-miR-3682,0.34190917015075700
Inflammation and Chronic,hsa-miR-29b,0.34188586473465000
Reperfusion Injury and Testicular Ischemia,hsa-miR-191-5p,0.3418805003166200
Neonatal Encephalopathy,hsa-miR-302c-3p,0.34186041355133100
Angioedemas and Hereditary,EBV-miR-BART19,0.34184229373931900
Venous Neointimal Hyperplasia,hsa-miR-1909*,0.34177953004837000
Venous Neointimal Hyperplasia,hsa-miR-1287-3p,0.3417774438858030
Posterior Segment Ocular Diseases,hsa-miR-23b-3p,0.3417510986328130
Scleral Diseases,hsa-let-7f-5p,0.3417443633079530
esophageal carcinoma,hsa-miR-1298,0.3417426347732540
Vaginosis and Bacterial,hsa-miR-127,0.3416803479194640
Reperfusion Injury and Testicular Ischemia,hsa-miR-1185-1,0.3416588306427000
Reperfusion Injury and Testicular Ischemia,hsa-let-7a-3,0.34165483713150000
Neutropenia,hsa-miR-320-2,0.34160226583480800
Neutropenia,hsa-miR-4457,0.341600239276886
thyroid gland Hurthle cell carcinoma,hsa-miR-199a,0.341391921043396
Angioedemas and Hereditary,hsa-miR-181a-1,0.3413323760032650
Fibrosis and Airway,hsa-miR-376c-3p,0.3412569761276250
Non-Segmental Vitiligo,hsa-miR-3122,0.34106308221817000
Myeloma Bone Disease,EBV-miR-BART22,0.34101444482803300
Spinal Cord Compression,hsa-miR-199a-1,0.34097325801849400
Spinal Cord Compression,hsa-miR-3607-5p,0.34097015857696500
Polyposis Syndrome and Hereditary Mixed and 1,hsa-miR-33b-5p,0.34063035249710100
Skeletal Muscle Dysplasia,hsa-miR-369-5p,0.3405672311782840
Adrenocortical Adenoma,hsa-miR-125b-1-3p,0.3405301570892330
Scleral Diseases,rno-miR-340-3p,0.3404008746147160
Dilated Cardiomyopathy ,hsa-miR-130b-3p,0.32650095224380500
Intermittent Claudication,hsa-miR-24-2-5p,0.3135523796081540
Intra-Articular Fractures,hsa-mir-7706,0.2741575241088870
Acute Uterine Injury,hsa-miR-101b-2,0.25329118967056300
Neuralgia and Postherpetic,hsa-miR-2467-5p,0.23729099333286300
Encephalitis and Tick-Borne,hsa-miR-4488,0.22967161238193500
Urinary Calculi,hsa-miR-27a,0.22942544519901300
Granulomatous Disease and Chronic,hsa-miR-4433b-3p,0.2294141799211500
Granulomatous Disease and Chronic,hsa-miR-412-3p,0.2294110804796220
Nevi and Melanomas,hsa-miR-101-1,0.22935102880001100
Shprintzen Golberg craniosynostosis,mmu-miR-705,0.22931696474552200
UV-Sensitive Syndrome,hsa-miR-409,0.22926883399486500
Neoplasms and Mesothelial,hsa-miR-101-1,0.22923748195171400
Periodontitis and Diabetic,hsa-miR-125a-3p,0.22920100390911100
Periodontitis and Diabetic,hsa-miR-197-3p,0.22920073568821000
Myotonic Dystrophy,hsa-miR-219b-3p,0.2291969507932660
Autoimmune Diseases of the Nervous System,hsa-miR-24-3p-186,0.22917191684246100
Nevi and Melanomas,hsa-let-7b_c,0.22910724580287900
Swine Diseases,hsa-miR-431,0.22898529469966900
Myeloma Bone Disease,hsa-miR-371,0.22896833717823000
Myeloma Bone Disease,hsa-miR-135-1,0.22895704209804500
Antisynthetase syndrome,hsa-miR-3201,0.22890861332416500
Inflammation and Chronic,hsa-miR-25*,0.22890354692935900
Inflammation and Chronic,hsa-miR-210-5p,0.2289026528596880
Wound Infection,hsa-miR-216b-5p,0.22885604202747300
Nevi and Melanomas,hsa-miR-1470,0.22885160148143800
Myeloma Bone Disease,rno-miR-26b,0.22879408299922900
Lattice corneal dystrophy type 1,hsa-let-7d-5p,0.22875995934009600
Posterior Segment Ocular Diseases,hsa-miR-1252,0.22873340547084800
Inflammation and Chronic,hsa-miR-4490,0.2287118285894390
Periodontitis and Diabetic,hsa-miR-4319,0.22869788110256200
Neutropenia,hsa-miR-19b-2*,0.22864048182964300
Posterior Segment Ocular Diseases,hsa-miR-4295,0.22863547503948200
Neutropenia,hsa-miR-186-5p,0.22863058745861100
Hereditary Autoinflammatory Diseases,hsa-miR-1252,0.22861649096012100
Myeloma Bone Disease,hsa-miR-2276,0.2285660356283190
Tibial Neuropathy,hsa-miR-3201,0.22854496538639100
Renal Artery Obstruction,hsa-miR-3201,0.2284991592168810
Tibial Neuropathy,hsa-miR-4295,0.22848747670650500
Diminished  Ovarian Reserve,hsa-miR-214-5p,0.22839893400669100
Wound Infection,hsa-miR-193,0.22834770381450700
Hereditary Autoinflammatory Diseases,EBV-miR-BART4,0.22833801805973100
Angioedemas and Hereditary,hsa-miR-199a-2,0.228281632065773
Splenic Neoplasms,hsa-miR-4468,0.2281464785337450
Phyllodes Tumor and Breast,hsa-miR-194-2,0.22813518345356000
Equine Infectious Anemia,hsa-miR-1912,0.2280673235654830
Reperfusion Injury and Testicular Ischemia,hsa-miR-1197,0.22805215418338800
Spinal Cord Compression,hsa-miR-4514,0.2279060035943990
Dysentery and Bacillary,hsa-miR-431*,0.22784815728664400
Dilated Cardiomyopathy ,hsa-miR-181c-3p,0.22767220437526700
Chediak-Higashi Syndrome,hsa-miR-1236-3p,0.22759954631328600
Myeloma Bone Disease,mmu-miR-759,0.22754667699337000
Scleral Diseases,hsa-miR-4277,0.22750167548656500
Angioedemas and Hereditary,hsa-miR-367,0.22726373374462100
Reperfusion Injury and Testicular Ischemia,hsa-miR-3944-3p,0.2271857112646100
Scleral Diseases,hcmv-miR-US5,0.22714324295520800
Inflammation and Chronic,hsa-miR-377,0.2270423322916030
Rhabdoid Tumor and Kidney,hsa-miR-181a-2*,0.22702328860759700
Periodontitis and Diabetic,hsa-miR-1203,0.22688616812229200
Reperfusion Injury and Testicular Ischemia,hcmv-miR-US5,0.22683905065059700
Cataract and posterior polar and 3,hsa-miR-3196,0.22648294270038600
Reperfusion Injury and Testicular Ischemia,hsa-let-7b-5p,0.2264557033777240
Asthma and Chronic,hsa-miR-196b*,0.22577552497386900
Reperfusion Injury and Testicular Ischemia,hsa-miR-33b-3p,0.22558240592479700
Meniscus Degeneration,hsa-miR-4301,0.2164672464132310
Fluoride Poisoning,hsa-miR-3189-3p,0.2159915417432790
Neuropathic Low Back Pain,hsa-miR-1537-5p,0.2156856209039690
Dilated Cardiomyopathy ,hsa-miR-4294,0.20322062075138100
Parvoviridae Infections,hsa-let-7d,0.19684664905071300
Radiation-Induced Oral Mucositis,hsa-miR-220a,0.18060459196567500
Intra-Articular Fractures,hsa-miR-142-5p,0.1704283207654950
Sezary Syndrome,hsa-miR-30e-3p,0.1400698721408840
Heart Failure and Diastolic,hsa-miR-3187,0.11965279281139400
Vitreoretinochoroidopathy,hsa-miR-1228,0.10971343517303500
Dilated Cardiomyopathy ,hsa-miR-138,0.09926916658878330
Cone Dystrophy 3,hsa-miR-2682-3p,0.07696589827537540
Niemann-Pick Diseases,hsa-miR-199b,0.07107044756412510
Heart Failure and Diastolic,hsa-miR-3134,0.04163212329149250
Dilated Cardiomyopathy ,hsa-miR-181a*,0.040115006268024400
Hypoglycemia,hsa-miR-1915,-0.04372094199061390
Cone Dystrophy 3,hsa-miR-135a-1,-0.0548681914806366
Intra-Articular Fractures,hsa-miR-3613-3p,-0.05794701725244520
Reperfusion Injury and Steatotic Liver Ischemia,hsa-miR-3156,-0.07732361555099490
Blind Loop Syndrome,rno-miR-382,-0.1553272008895870
Fluoride Poisoning,hsa-miR-199a-3p,-0.1904207170009610
Intra-Articular Fractures,hsa-miR-101-3p,-0.19496086239814800
Stomatitis and Aphthous,EBV-mir-BART17,-0.2688601016998290
Respiratory Sounds,hsa-miR-3976,-0.27414292097091700
Fluoride Poisoning,hsa-miR-1296,-0.34195083379745500
Hypocapnia,hsa-miR-138-5p,-0.3451046347618100
Hypocapnia,hsa-miR-133a-3p,-0.3452552556991580
Hypocapnia,hsa-miR-3157-5p,-0.3459343910217290
Hyperphenylalaninemia with primapterinuria,hsa-miR-149-5p,-0.3468422293663030
Parvoviridae Infections,hsa-miR-3180-3p,-0.39239442348480200
Sezary Syndrome,mmu-miR-711,-0.41565465927124000
D-bifunctional protein deficiency,hsa-miR-4260,-0.5107448697090150
Tauopathies,hsa-let-7f-1*,-0.5188740491867070
Reperfusion Injury and Steatotic Liver Ischemia,hsa-miR-3169,-0.5624693036079410
Dilated Cardiomyopathy ,hsa-miR-4436b-3p,-0.5667826533317570
Intra-Articular Fractures,hsa-miR-322,-0.5907344818115230
D-bifunctional protein deficiency,hsa-miR-29b-2,-0.7033511996269230
Dilated Cardiomyopathy ,hsa-miR-1307,-0.7607746124267580
Kidney Tubular Necrosis and Acute,hsa-miR-3160-3p,-0.8205711841583250
Leukodystrophy and Globoid Cell,hsa-miR-205,-0.8227995038032530
 Lymph  Node Metastasis,hsa-miR-3977,-1.0182455778121900