source,destination,score
Gastric And Colon Cancer,rno-miR-674-3p,0.7854956984519958
non-alcoholic steatohepatitis,rno-miR-674-3p,0.7851066589355469
Fibrosarcoma,mmu-miR-690,0.7111029028892517
Hypopharyngeal Neoplasms,mmu-miR-710,0.7095398902893066
Chorioamnionitis,hsa-mir-8084,0.670903742313385
Chorioamnionitis,hsa-miR-449a,0.6457822322845459
Neonatal hemochromatosis,rno-miR-291a-5p,0.6396385431289673
Fibrosarcoma,hsa-miR-103a,0.5936912894248962
High Grade Ovarian Neoplasms,mmu-miR-673-3p,0.5833972096443176
Dwarfism,hsa-miR-4452,0.5783776640892029
Intracranial Arterial Diseases,mmu-miR-698,0.5748204588890076
Asphyxia,hsa-miR-4422,0.5632023811340332
Chorioamnionitis,hsa-mir-87,0.5524957180023193
High Grade Ovarian Neoplasms,mmu-miR-743b-5p,0.5248367190361023
Pregnancy Complications and Infectious,hsa-miR-4512,0.5011976957321167
Reperfusion Injury and Intestinal Ischemia,hsa-miR-4495,0.5000675916671753
High Grade Ovarian Neoplasms,mmu-miR-678,0.4916103482246399
Pregnancy Complications and Infectious,hsa-miR-302d*,0.47341006994247437
Costello Syndrome,hsa-miR-4452,0.47191327810287476
Trophoblastic Tumor and Placental Site,hsa-miR-3653-5p,0.46933645009994507
Adenocarcinoma and Sebaceous and Eyelid,hsa-miR-3653-5p,0.4689938426017761
Bronchiolitis Obliterans,hsa-mir-8064,0.4578251242637634
Varicose Veins,hsa-mir-8064,0.4574231505393982
Angioedemas and Hereditary,hsa-miR-132*,0.4571077227592468
Periodontal Diseases,rno-miR-652,0.4549621343612671
Alopecia,rno-miR-652,0.4548024535179138
Leukoplakia and Oral,hsa-miR-4446-5p,0.4339819550514221
Malnutrition,hsa-miR-4446-5p,0.43393540382385254
Keratoconus,hsa-miR-4446-5p,0.43392640352249146
Halal syndrome,hsa-miR-4446-5p,0.43386977910995483
Sarcoidosis,hsa-miR-4446-5p,0.4338535666465759
Rosacea,hsa-miR-4446-5p,0.43379533290863037
Infections,hsa-miR-4446-5p,0.43379515409469604
Muscular Diseases,hsa-miR-4446-5p,0.43362683057785034
Tourette Syndrome,hsa-miR-4446-5p,0.4335305690765381
Lipodystrophy and Partial and Acquired,hsa-miR-4446-5p,0.4335150718688965
Lymphoma and B-Cell and Diffuse,hsa-miR-4446-5p,0.4335053563117981
Liver Failure and Acute,hsa-miR-4446-5p,0.4335038661956787
Cerebral Small Vessel Diseases,hsa-miR-4446-5p,0.43350130319595337
Myositis,hsa-miR-4446-5p,0.4334913492202759
Poikiloderma with Neutropenia,hsa-miR-4446-5p,0.43348073959350586
Early-Stage Malignant Melanoma,hsa-miR-4446-5p,0.43347638845443726
Smooth Muscle Tumor,hsa-miR-4446-5p,0.4334542751312256
Neoplastic Cells and Circulating,hsa-miR-4446-5p,0.43341064453125
Anhedonia,rno-miR-652,0.4312545657157898
Hepatic Insufficiency,mmu-miR-764-3p,0.4167335629463196
Periodontal Diseases,mmu-miR-764-3p,0.41663920879364014
Multiple Sclerosis and Chronic Progressive,mmu-miR-764-3p,0.41663092374801636
Cervical Intraepithelial Neoplasia,mmu-miR-764-3p,0.41660362482070923
Cardiac Complexes and Premature,mmu-miR-764-3p,0.41650325059890747
Anodontia,mmu-miR-764-3p,0.41644084453582764
Intestinal Diseases,mmu-miR-764-3p,0.4164406657218933
osteogenesis imperfecta type 1,rno-miR-409-5p,0.41301262378692627
Reperfusion Injury and Intestinal Ischemia,rno-miR-409-5p,0.41295820474624634
Genital Diseases and Male,rno-miR-409-5p,0.41293489933013916
Fibrosarcoma,rno-miR-409-5p,0.4128832221031189
Late Onset Disorders,rno-miR-409-5p,0.41280144453048706
Mycobacterium Infections and Nontuberculous,rno-miR-409-5p,0.4127734303474426
Respiratory Distress Syndrome and Newborn,rno-miR-409-5p,0.4126208424568176
Primary Gastrointestinal Diffuse Large B-Cell Lymphoma ,hsa-miR-126-3p,0.405038058757782
fibrolamellar carcinoma,mmu-miR-718,0.40487420558929443
Asthma and Chronic,hsa-miR-4285,0.3948025703430176
High Grade Ovarian Neoplasms,hsa-miR-4469,0.3933572769165039
Esophageal Neoplasms,hsa-miR-4446-5p,0.39299333095550537
Dilated Cardiomyopathy ,hsa-let-7i-5p,0.3908153176307678
Inflammatory Osteolysis,hsa-miR-4497,0.3885294795036316
Platelet Storage Pool Deficiency,hsa-miR-4497,0.38820475339889526
Autoimmune Diseases of the Nervous System,hsa-miR-103-2*,0.3811410665512085
Tricuspid Valve Insufficiency,EBV-miR-BART18,0.3805253505706787
Myeloma Bone Disease,hsa-miR-4487,0.3763951063156128
Heart Failure and Diastolic,hsa-miR-103-2*,0.37504178285598755
Chondrocyte Hypertrophy,hsa-miR-4452,0.3735930323600769
Hyperpigmentation and Skin,hsa-miR-4478,0.36818456649780273
Adenomatous Polyposis Coli,hsa-miR-4478,0.36817097663879395
Inflammatory Osteolysis,hsa-miR-4478,0.36812275648117065
Hemangioma and Infantile,hsa-miR-4478,0.36810749769210815
Neonatal hemochromatosis,hsa-miR-4478,0.36809825897216797
SHORT syndrome,hsa-miR-4478,0.368069052696228
Cystitis and Interstitial,hsa-miR-4478,0.3680669069290161
Rosacea,hsa-miR-4478,0.3680568337440491
Liver Failure,hsa-miR-4478,0.3680211305618286
gastric cardia adenocarcinoma,hsa-miR-4478,0.3680204749107361
Hyperostosis,hsa-miR-4478,0.36801838874816895
Melanoma and Experimental,hsa-miR-4478,0.3679966926574707
Lipodystrophy and Partial and Acquired,hsa-miR-4478,0.36778849363327026
Nevi and Melanomas,hsa-miR-3591-5p,0.3656756281852722
Hyperleptinemia,hsa-miR-1228*,0.36048394441604614
Autoimmune Diseases of the Nervous System,hsa-miR-30e,0.359554648399353
Fibrosarcoma,hsa-miR-4434,0.3594474792480469
Fragile X Syndrome,hsa-miR-4434,0.3593466877937317
Acute Uterine Injury,hsa-miR-4474-3p,0.3579113483428955
Death and Sudden,hsa-miR-4478,0.3559879660606384
Autolysis,hsa-miR-4446-5p,0.3555607795715332
Hypothermia,hsa-miR-4478,0.35544198751449585
Sepsis-Associated Encephalopathy,mmu-miR-674,0.35456711053848267
Dilated Cardiomyopathy ,hsa-miR-4487,0.3543274998664856
high grade glioma,hsa-miR-4478,0.3535894751548767
Periodontitis and Diabetic,hsa-miR-1285-2,0.34283167123794556
Reperfusion Injury and Testicular Ischemia,hsa-miR-1285-2,0.3427121639251709
Multiple Sclerosis and Relapsing-Remitting,hsa-mir-8061,0.3417530655860901
Meningitis and Bacterial,hsa-mir-8061,0.3417510986328125
Prostatitis,hsa-mir-8061,0.34174013137817383
Carcinoma and Squamous Cell and Cutaneous,hsa-mir-8061,0.341705322265625
Retinopathy of Prematurity,hsa-mir-8061,0.34169721603393555
Leptomeningeal Metastasis,hsa-mir-8061,0.3416919708251953
Finnish lethal neonatal metabolic syndrome,hsa-mir-8061,0.34167587757110596
Genital Diseases and Male,hsa-mir-8061,0.34166938066482544
Halal syndrome,hsa-mir-8061,0.3416596055030823
Pleomorphic Sarcoma and Undifferentiated,hsa-mir-8061,0.3416595458984375
Airway Inflammation,hsa-mir-8061,0.3416474461555481
Parasitic Diseases,hsa-mir-8061,0.34163933992385864
Vasospasm and Intracranial and Postoperative,hsa-mir-8061,0.3416191339492798
Lipidoses,hsa-mir-8061,0.3415999412536621
fibrolamellar carcinoma,hsa-mir-8061,0.34159934520721436
Diastrophic dysplasia,hsa-mir-8061,0.3415679335594177
Liver Failure,hsa-mir-8061,0.3415523171424866
Reinjuries,hsa-mir-8061,0.3415519595146179
Lymphoma and T-Cell and Cutaneous,hsa-mir-8061,0.34154611825942993
Mandibulofacial Dysostosis,hsa-mir-8061,0.3415127396583557
Hidradenitis Suppurativa,hsa-mir-8061,0.3414822220802307
Legg-Calve-Perthes Disease,hsa-mir-8061,0.34143394231796265
Poisoning,hsa-mir-8061,0.3413296341896057
Liver Failure and Acute,hsa-mir-8061,0.3413088917732239
Intracranial Arteriovenous Malformations,hsa-mir-8061,0.34129518270492554
Incontinentia Pigmenti,hsa-mir-8061,0.34126752614974976
Amelogenesis Imperfecta,hsa-mir-8061,0.3411884307861328
Scleral Diseases,hsa-miR-361-3p,0.3366348147392273
Adrenocortical Carcinoma,mmu-miR-687,0.336452841758728
Anodontia,mmu-miR-687,0.33629918098449707
Pleuropulmonary blastoma,mmu-miR-687,0.33616572618484497
Sinus Thrombosis and Intracranial,mmu-miR-687,0.33608901500701904
Stomatitis and Aphthous,hsa-miR-1285-2,0.33077603578567505
Phyllodes Tumor and Breast,hsa-miR-1539,0.32731592655181885
high grade glioma,hsa-mir-8061,0.32712066173553467
Hypoglycemia,hsa-miR-3936,0.3254726529121399
Vaginosis and Bacterial,hsa-miR-2116*,0.3238706588745117
Venous Neointimal Hyperplasia,hsa-miR-2116*,0.3238679766654968
Dilated Cardiomyopathy ,hsa-miR-365b-5p,0.32103627920150757
Inflammation and Chronic,hsa-miR-130a-3p,0.32047784328460693
ovarian clear cell carcinoma,hsa-miR-130a-3p,0.32045817375183105
Tricuspid Valve Insufficiency,hsa-miR-130a-3p,0.3204386830329895
Angioedemas and Hereditary,hsa-miR-130a-3p,0.320337176322937
Chediak-Higashi Syndrome,hsa-miR-130a-3p,0.32014548778533936
UV-Sensitive Syndrome,rno-miR-93,0.31888216733932495
Neuropathic Low Back Pain,hsa-miR-2116*,0.31756913661956787
Angioedemas and Hereditary,hsa-miR-130a-5p,0.3172312378883362
Perinatal Asphyxia,rno-miR-409-5p,0.31472110748291016
Amebiasis,hsa-miR-125a,0.31403106451034546
Erythema,hsa-mir-8061,0.31392377614974976
Chediak-Higashi Syndrome,hsa-miR-130a-1,0.3123821020126343
Chanarin-Dorfman Syndrome,hsa-miR-367-3p,0.31145137548446655
Dwarfism,rno-miR-760-3p,0.3103122115135193
Multiple Mitochondrial Dysfunctions Syndrome,hsa-miR-3918,0.3095663785934448
Polyneuropathies,hsa-miR-3918,0.3095402121543884
Lattice corneal dystrophy type 1,hsa-miR-3918,0.3093889355659485
Neoplasms and Mesothelial,hsa-miR-218-5p,0.3091416358947754
Reperfusion Injury and Testicular Ischemia,hsa-miR-1245b-3p,0.3067454695701599
Polyposis Syndrome and Hereditary Mixed and 1,hsa-miR-1245b-3p,0.3064872622489929
Optic atrophy 1 and deafness,hsa-miR-1245b-3p,0.30638742446899414
Papillomavirus Infections,hsa-miR-4446-5p,0.30487650632858276
Angioedemas and Hereditary,hsa-miR-130b*,0.3038598299026489
D-bifunctional protein deficiency,hsa-miR-3918,0.30374443531036377
Wiskott-Aldrich Syndrome,mmu-miR-676-3p,0.303017795085907
Interstitial Fibrosis and Renal,mmu-miR-676-3p,0.30298280715942383
Adrenocortical Carcinoma and Pediatric,mmu-miR-676-3p,0.3029700517654419
Ventricular Dysfunction and Left,mmu-miR-676-3p,0.3029666543006897
Meningitis and Bacterial,mmu-miR-676-3p,0.3029574751853943
Neurologic Manifestations,mmu-miR-676-3p,0.3029383420944214
Blood Coagulation Disorders,mmu-miR-676-3p,0.30293530225753784
Platelet Storage Lesion,mmu-miR-676-3p,0.3029237985610962
Selenium Deficiency,mmu-miR-676-3p,0.30291658639907837
Keloid,mmu-miR-676-3p,0.30291593074798584
Heart Septal Defects and Ventricular,mmu-miR-676-3p,0.30291467905044556
Cardiomyopathy and Dilated and with Left Ventricular Noncompaction,mmu-miR-676-3p,0.30291008949279785
Myeloproliferative Disorders,mmu-miR-676-3p,0.30290520191192627
Leptomeningeal Metastasis,mmu-miR-676-3p,0.30289822816848755
Dmd-Associated Dilated Cardiomyopathy,mmu-miR-676-3p,0.3028966784477234
Bloom Syndrome,mmu-miR-676-3p,0.3028857707977295
Welander distal myopathy and Swedish type,mmu-miR-676-3p,0.3028848171234131
Low Back Pain,mmu-miR-676-3p,0.30288106203079224
Leigh Disease,mmu-miR-676-3p,0.302879273891449
Aortic Diseases,mmu-miR-676-3p,0.30287814140319824
Periodontal Diseases,mmu-miR-676-3p,0.302876353263855
Genital Diseases and Male,mmu-miR-676-3p,0.302875816822052
HBV-related cirrhosis,mmu-miR-676-3p,0.30286556482315063
Lupus Nephritis,mmu-miR-676-3p,0.30286312103271484
Status Epilepticus,mmu-miR-676-3p,0.3028627038002014
Hyperparathyroidism and Primary,mmu-miR-676-3p,0.3028624653816223
Inflammatory Osteolysis,mmu-miR-676-3p,0.3028604984283447
Peripheral Blood Leukocytes,mmu-miR-676-3p,0.30284959077835083
Hemangioma and Infantile,mmu-miR-676-3p,0.3028452396392822
Urinary Bladder Diseases,mmu-miR-676-3p,0.3028433322906494
Ischemic Stroke and Diabetic,mmu-miR-676-3p,0.3028417229652405
Colorectal Neoplasms and Hereditary Nonpolyposis,mmu-miR-676-3p,0.30283957719802856
Nephritis,mmu-miR-676-3p,0.3028367757797241
Alzheimer Disease ,mmu-miR-676-3p,0.3028184771537781
Bronchiolitis Obliterans,mmu-miR-676-3p,0.3028132915496826
Seizures,mmu-miR-676-3p,0.30281317234039307
Langer mesomelic dysplasia,mmu-miR-676-3p,0.30280810594558716
SHORT syndrome,mmu-miR-676-3p,0.30280667543411255
Retinal Detachment,mmu-miR-676-3p,0.3028048872947693
Rhinitis and Allergic and Seasonal,mmu-miR-676-3p,0.3028043508529663
Colitis and Ulcerative,mmu-miR-676-3p,0.3027997612953186
Congenital central hypoventilation syndrome,mmu-miR-676-3p,0.30279338359832764
Rhinitis and Allergic,mmu-miR-676-3p,0.30278974771499634
Precursor T-Cell Lymphoblastic Leukemia-Lymphoma,mmu-miR-676-3p,0.30278700590133667
Diastrophic dysplasia,mmu-miR-676-3p,0.30277442932128906
Gastric And Colon Cancer,mmu-miR-676-3p,0.30277007818222046
Liver Failure,mmu-miR-676-3p,0.30275875329971313
Cushing Syndrome,mmu-miR-676-3p,0.3027544617652893
Brain Injury and Chronic,mmu-miR-676-3p,0.30273938179016113
Colorectal   Adenocarcinoma,mmu-miR-676-3p,0.3027358651161194
limb ischemia,mmu-miR-676-3p,0.30271244049072266
Necrobiotic Disorders,mmu-miR-676-3p,0.3027051091194153
Otofaciocervical Syndrome,mmu-miR-676-3p,0.3026812672615051
Azoospermia and Nonobstructive,mmu-miR-676-3p,0.30267655849456787
Multiple Trauma,mmu-miR-676-3p,0.30263590812683105
Hyperandrogenism,mmu-miR-676-3p,0.3025704026222229
Porphyria and Variegate,mmu-miR-676-3p,0.3025568723678589
Breast Diseases,mmu-miR-676-3p,0.30253732204437256
Acrodermatitis enteropathica,mmu-miR-676-3p,0.30253714323043823
Asymptomatic Infections,mmu-miR-676-3p,0.30253303050994873
Cholestasis and Intrahepatic,mmu-miR-676-3p,0.30253034830093384
Rabies,mmu-miR-676-3p,0.3025275468826294
Syphilis and secondary,mmu-miR-676-3p,0.30252230167388916
Intracranial Arterial Diseases,mmu-miR-676-3p,0.302510142326355
HTLV-II Infections,mmu-miR-676-3p,0.30249637365341187
Oculocutaneous Albinism Type 3,mmu-miR-676-3p,0.3024899363517761
Incontinentia Pigmenti,mmu-miR-676-3p,0.3024739623069763
differentiated thyroid gland carcinoma,mmu-miR-676-3p,0.3024660348892212
Prolactinoma,mmu-miR-676-3p,0.3024553656578064
Fluorosis and Dental,mmu-miR-676-3p,0.30242919921875
Hypertension and Renal,mmu-miR-676-3p,0.30242472887039185
Hypertriglyceridemia,mmu-miR-676-3p,0.30238622426986694
Cholelithiasis,mmu-miR-701,0.30200594663619995
Papillomavirus Infections,mmu-miR-701,0.3017677068710327
Reperfusion Injury and Testicular Ischemia,hsa-miR-432-3p,0.3016291856765747
Acute Uterine Injury,mmu-miR-685,0.3009483218193054
Acute Disease,mmu-miR-674,0.2987731099128723
Dilated Cardiomyopathy ,hsa-miR-130a-3p,0.29841798543930054
Wiskott-Aldrich Syndrome,hsa-miR-4492,0.29719334840774536
Liver Diseases and Alcoholic,hsa-miR-4492,0.2971843481063843
Stiff-Person Syndrome,hsa-miR-4492,0.29716140031814575
Interstitial Fibrosis and Renal,hsa-miR-4492,0.2971583604812622
sporatic amyotrophic lateral sclerosis,hsa-miR-4492,0.29714447259902954
Tuberous Sclerosis 1,hsa-miR-4492,0.29711729288101196
Neurologic Manifestations,hsa-miR-4492,0.2971140146255493
Foot-and-Mouth Disease,hsa-miR-4492,0.2971055507659912
Venous Thrombosis,hsa-miR-4492,0.2971014976501465
Hyperpigmentation and Skin,hsa-miR-4492,0.29709774255752563
Facial Nerve Injuries,hsa-miR-4492,0.29709744453430176
torsion dystonia 1,hsa-miR-4492,0.297096312046051
Thyroid Carcinoma and Anaplastic,hsa-miR-4492,0.2970956563949585
Adiposis Dolorosa,hsa-miR-4492,0.29709118604660034
Brain Neoplasms,hsa-miR-4492,0.2970883846282959
Malformations of Cortical Development,hsa-miR-4492,0.29708415269851685
Myeloproliferative Disorders,hsa-miR-4492,0.2970808744430542
Post-Cardiac Arrest Syndrome,hsa-miR-4492,0.29706496000289917
brachydactyly type D,hsa-miR-4492,0.29705291986465454
Sepsis Induced Liver Injury,hsa-miR-4492,0.29705172777175903
Skin Neoplasms and Non-Melanoma,hsa-miR-4492,0.2970404624938965
Brain Damage and Chronic,hsa-miR-4492,0.297038733959198
Lupus Nephritis,hsa-miR-4492,0.2970386743545532
Neural Tube Defects,hsa-miR-4492,0.2970361113548279
Sarcoidosis,hsa-miR-4492,0.29702597856521606
Carcinoma and Ductal and Breast,hsa-miR-4492,0.2970215082168579
Hemangioma and Infantile,hsa-miR-4492,0.29702067375183105
Cervical Intraepithelial Neoplasia,hsa-miR-4492,0.29701799154281616
Cystic Fibrosis,hsa-miR-4492,0.29700928926467896
Gastritis and Hypertrophic,hsa-miR-4492,0.2970014810562134
Cryopyrin-Associated Periodic Syndromes,hsa-miR-4492,0.2969905138015747
Arrhythmogenic Heart Diseases,hsa-miR-4492,0.2969892621040344
Telangiectasia and Hereditary Hemorrhagic,hsa-miR-4492,0.2969887852668762
Langer mesomelic dysplasia,hsa-miR-4492,0.29698365926742554
Leukemia and Prolymphocytic and T-Cell,hsa-miR-4492,0.29696953296661377
Adenocarcinoma,hsa-miR-4492,0.29696542024612427
Arthritis,hsa-miR-4492,0.29695552587509155
Carotid Artery Injuries,hsa-miR-4492,0.2969433665275574
Lymphoma and Natural   Killer/T-Cell,hsa-miR-4492,0.2969411015510559
Liver Failure,hsa-miR-4492,0.29693418741226196
Primary Central Nervous System Lymphoma,hsa-miR-4492,0.2969294786453247
Encephalomyelitis and Western Equine,hsa-miR-4492,0.2969208359718323
Osteolysis,hsa-miR-4492,0.2969207167625427
Neoplasms and Germ Cell and Embryonal,hsa-miR-4492,0.2968689799308777
Carcinoma and Merkel Cell,hsa-miR-4492,0.2968670129776001
Anodontia,hsa-miR-4492,0.2968618869781494
Hemorrhoids,hsa-miR-4492,0.2968076467514038
Osteoporosis-pseudoglioma syndrome,hsa-miR-4492,0.29680347442626953
Atrophy,hsa-miR-4492,0.29677319526672363
Prostatitis and Chronic,hsa-miR-4492,0.296756386756897
Wiskott-Aldrich Syndrome,rno-miR-30b-3p,0.2967424988746643
Neoplasm Metastasis,hsa-miR-4492,0.2967332601547241
Infant Nutrition Disorders,rno-miR-30b-3p,0.296733021736145
Rabies,hsa-miR-4492,0.2967032194137573
Adrenocortical Carcinoma and Pediatric,rno-miR-30b-3p,0.296694815158844
sporatic amyotrophic lateral sclerosis,rno-miR-30b-3p,0.29669368267059326
Lymphoma and B-Cell and Diffuse,hsa-miR-4492,0.2966921925544739
Ventricular Dysfunction and Left,rno-miR-30b-3p,0.296691358089447
Cerebral Small Vessel Diseases,hsa-miR-4492,0.2966882586479187
Rubella Syndrome and Congenital,hsa-miR-4492,0.2966853380203247
Meningitis and Bacterial,rno-miR-30b-3p,0.2966822385787964
Myositis,hsa-miR-4492,0.29667896032333374
Lumbar Disc   Herniation,rno-miR-30b-3p,0.29667824506759644
Malnutrition,rno-miR-30b-3p,0.2966535687446594
Sinus Thrombosis and Intracranial,hsa-miR-4492,0.29665184020996094
Squamous Intraepithelial Lesions and Cervical,rno-miR-30b-3p,0.2966328263282776
lung squamous cell carcinoma,hsa-miR-4492,0.29663246870040894
Arthritis and Juvenile,rno-miR-30b-3p,0.29662925004959106
Emphysema,hsa-miR-4492,0.29662543535232544
rectum adenocarcinoma,rno-miR-30b-3p,0.2966200113296509
Femur Head Necrosis,rno-miR-30b-3p,0.2966170310974121
Fluorosis and Dental,hsa-miR-4492,0.29660463333129883
Hypoxia and Brain,hsa-miR-4492,0.2965964078903198
Leukemia and Promyelocytic and Acute,rno-miR-30b-3p,0.29659444093704224
von Willebrand Diseases,rno-miR-30b-3p,0.296592652797699
Hepatitis E,hsa-miR-4492,0.29659217596054077
Pleomorphic Sarcoma and Undifferentiated,rno-miR-30b-3p,0.2965906858444214
Ethylmalonic encephalopathy,hsa-miR-4492,0.2965860962867737
Ataxia Neuropathy Spectrum,rno-miR-30b-3p,0.2965838313102722
Postural Orthostatic Tachycardia Syndrome,hsa-miR-4492,0.2965811491012573
Rupture,rno-miR-30b-3p,0.29657912254333496
Airway Inflammation,rno-miR-30b-3p,0.296578586101532
Sarcoma and Kaposi,rno-miR-30b-3p,0.2965767979621887
Peripheral Blood Leukocytes,rno-miR-30b-3p,0.2965741753578186
Cervical Intraepithelial Neoplasia,rno-miR-30b-3p,0.2965671420097351
Vasospasm and Intracranial and Postoperative,rno-miR-30b-3p,0.29655027389526367
Fibrosarcoma,rno-miR-30b-3p,0.2965487241744995
High Grade Ovarian Neoplasms,rno-miR-30b-3p,0.29653996229171753
Popliteal Artery Aneurysm,rno-miR-30b-3p,0.2965272068977356
Colitis and Ulcerative,rno-miR-30b-3p,0.2965243458747864
Asthma and Allergic,rno-miR-30b-3p,0.29652076959609985
Hypoplastic Left Heart Syndrome,rno-miR-30b-3p,0.2965151071548462
Adenocarcinoma,rno-miR-30b-3p,0.2965145707130432
Diastrophic dysplasia,rno-miR-30b-3p,0.2964990735054016
dilated cardiomyopathy 1FF,rno-miR-30b-3p,0.2964949607849121
diarrhea predominant irritable bowel syndrome (IBS-D),rno-miR-30b-3p,0.29649418592453003
Barrett Esophagus,rno-miR-30b-3p,0.29649174213409424
Liver Failure,rno-miR-30b-3p,0.2964833378791809
Cicatrix,rno-miR-30b-3p,0.29647189378738403
Cardiac Complexes and Premature,rno-miR-30b-3p,0.2964709401130676
Osteolysis,rno-miR-30b-3p,0.2964698076248169
Malaria and Vivax,rno-miR-30b-3p,0.29644012451171875
Toxoplasmosis and Ocular,rno-miR-30b-3p,0.29643356800079346
Hydatidiform Mole,rno-miR-30b-3p,0.29642826318740845
Anterior Cruciate Ligament Injuries,rno-miR-30b-3p,0.29639649391174316
Kartagener Syndrome,rno-miR-30b-3p,0.2963910698890686
Spinal Cord Diseases,rno-miR-30b-3p,0.2963876724243164
Trachoma,rno-miR-30b-3p,0.29638564586639404
Legg-Calve-Perthes Disease,rno-miR-30b-3p,0.29636508226394653
Osteoporosis-pseudoglioma syndrome,rno-miR-30b-3p,0.2963526248931885
Calcinosis,rno-miR-30b-3p,0.2962822914123535
Hepatitis and Chronic,rno-miR-30b-3p,0.2962683439254761
Lymphoma and B-Cell and Diffuse,rno-miR-30b-3p,0.2962413430213928
Liver Failure and Acute,rno-miR-30b-3p,0.29624003171920776
Hemangioma and Cavernous,rno-miR-30b-3p,0.29623448848724365
Ichthyosis and Lamellar,rno-miR-30b-3p,0.2962203025817871
Fibrous Dysplasia of Bone,rno-miR-30b-3p,0.2962051033973694
Intracranial Arteriosclerosis,rno-miR-30b-3p,0.2961786985397339
Amelogenesis Imperfecta,rno-miR-30b-3p,0.2961195707321167
Thyroiditis and Autoimmune,rno-miR-30b-3p,0.2961188554763794
Human T-Cell Leukemia Virus Type 1 Infections,hsa-miR-3156-5p,0.29584431648254395
Systemic Inflammatory Response Syndrome,mmu-miR-676-3p,0.2954750657081604
Cerebral Hemorrhage,hsa-mir-802,0.2947044372558594
White Spot Syndrome Virus  Infection,hsa-mir-802,0.29468613862991333
Acute  Kidney Injury,hsa-mir-802,0.2946559190750122
Low Tension Glaucoma,hsa-mir-802,0.2946510314941406
Cumulative Trauma Disorders,hsa-mir-802,0.2946162223815918
Inflammatory Osteolysis,hsa-mir-802,0.29461562633514404
Peripheral Blood Leukocytes,hsa-mir-802,0.29460471868515015
Infarction,hsa-mir-802,0.2945907711982727
Tracheal Stenosis,hsa-mir-802,0.29458606243133545
Shock and Hemorrhagic,hsa-mir-802,0.2945556044578552
Brain Injuries and Traumatic,hsa-mir-802,0.29452377557754517
Brain Injury and Chronic,hsa-mir-802,0.2944946885108948
Osteonecrosis,hsa-mir-802,0.2944573163986206
Legg-Calve-Perthes Disease,hsa-mir-802,0.2943956255912781
Urinary Calculi,hsa-miR-102,0.2943497896194458
Trichohepatoenteric Syndrome,hsa-mir-802,0.29431289434432983
Leukemia and Monocytic and Acute,hsa-mir-802,0.2942795753479004
Cerebral Small Vessel Diseases,hsa-mir-802,0.2942679524421692
Bronchial Diseases,hsa-mir-802,0.29426509141921997
Hemoglobin Bart'S Hydrops   Fetalis Syndrome,hsa-mir-873,0.29426097869873047
Multiple Chronic Conditions,hsa-mir-802,0.2942603826522827
Thyroiditis and Subacute,hsa-mir-873,0.2942551374435425
N acetyltransferase deficiency,hsa-mir-873,0.2942550778388977
Vitreoretinopathy and Proliferative,hsa-mir-873,0.29425448179244995
Infant Nutrition Disorders,hsa-mir-873,0.29425346851348877
Abnormalities and Multiple,hsa-mir-873,0.29423975944519043
Myasthenia Gravis with Thymus Hyperplasia,hsa-mir-873,0.2942391037940979
Cerebral Infarction and Acute,hsa-mir-802,0.29423099756240845
Pneumonia and Staphylococcal,hsa-mir-873,0.2942246198654175
Enterocolitis and Pseudomembranous,hsa-mir-873,0.2942195534706116
sporatic amyotrophic lateral sclerosis,hsa-mir-873,0.2942141890525818
Emphysema,hsa-mir-802,0.2942051291465759
Prostatitis,hsa-mir-873,0.29419171810150146
Distal arthrogryposis type 2B,hsa-mir-873,0.29418838024139404
Moebius syndrome 1,hsa-mir-873,0.2941879630088806
Cystadenocarcinoma and Serous and Endometrial,hsa-mir-873,0.2941860556602478
Chronic Renal  Injury,hsa-mir-873,0.2941836714744568
Rectal Injury,hsa-mir-802,0.29418301582336426
Hematoma and Subdural and Chronic,hsa-mir-873,0.2941826581954956
Vitamin D Deficiency,hsa-mir-873,0.2941770553588867
Foot-and-Mouth Disease,hsa-mir-873,0.29417502880096436
Malnutrition,hsa-mir-873,0.2941738963127136
Bone Diseases,hsa-mir-873,0.2941713333129883
Reperfusion Injury and Testicular Ischemia,hsa-miR-102,0.29417097568511963
Pars Planitis,hsa-mir-873,0.294170081615448
primary biliary cholangitis 1,hsa-mir-873,0.29416823387145996
Keratoconus,hsa-mir-873,0.2941651940345764
Heart Septal Defects and Ventricular,hsa-mir-873,0.29415982961654663
Diabetic Retinopathy ,hsa-mir-873,0.2941594123840332
mitochondrial DNA depletion syndrome 4b,hsa-mir-873,0.2941591739654541
Depressive Disorder,hsa-mir-873,0.29415464401245117
ovary adenocarcinoma,hsa-mir-873,0.29414641857147217
Acute  Kidney Injury,hsa-mir-873,0.2941458225250244
Hypospadias,hsa-mir-873,0.29414522647857666
Corneal Diseases,hsa-mir-873,0.29414206743240356
Wound Healing,hsa-mir-873,0.29414069652557373
Alopecia Areata,hsa-mir-802,0.2941373586654663
Alveolar echinococcosis,hsa-mir-802,0.29413676261901855
Finnish lethal neonatal metabolic syndrome,hsa-mir-873,0.29412734508514404
Influenza in Birds,hsa-mir-873,0.2941271662712097
Growth Disorders,hsa-mir-873,0.2941246032714844
Heart Failure and Ischemic,hsa-mir-873,0.2941141128540039
Distal myopathy and Nonaka type,hsa-mir-873,0.2941129803657532
Starvation,hsa-mir-873,0.29411131143569946
Pleomorphic Sarcoma and Undifferentiated,hsa-mir-873,0.29411113262176514
Status Epilepticus,hsa-mir-873,0.2941078543663025
Biotinidase Deficiency,hsa-mir-873,0.29410457611083984
Primary Graft Dysfunction,hsa-mir-873,0.2941017150878906
Cholera,hsa-mir-873,0.2941009998321533
Airway Inflammation,hsa-mir-873,0.29409903287887573
Sarcoma and Kaposi,hsa-mir-873,0.29409724473953247
Gingivitis,hsa-mir-873,0.29408878087997437
Hematologic Neoplasms,hsa-mir-873,0.29408711194992065
Angelman Syndrome,hsa-mir-873,0.29408419132232666
Hearing Disorders,hsa-mir-873,0.2940825819969177
Colonic Polyps,hsa-mir-873,0.29408103227615356
Bone Neoplasms,hsa-mir-873,0.29408085346221924
Coronary Restenosis,hsa-mir-873,0.2940797209739685
Choroidal Melanoma,hsa-mir-873,0.2940792441368103
Malformations of Cortical Development and Group II,hsa-mir-873,0.29407888650894165
Lumbosacral Spinal Root Avulsion,hsa-mir-873,0.2940775752067566
Gigantomastia,hsa-mir-873,0.2940775752067566
Neurofibromatosis 2,hsa-mir-873,0.2940720319747925
Vasospasm and Intracranial and Postoperative,hsa-mir-873,0.2940707206726074
Spondylocheirodysplasia and Ehlers-Danlos Syndrome-Like,hsa-mir-873,0.2940700650215149
Cerebral Cortical Thinning,hsa-mir-873,0.2940700054168701
Fibrosarcoma,hsa-mir-873,0.29406917095184326
Acute Lymphocytic Leukemia and B-Cell,hsa-mir-873,0.2940647006034851
familial febrile seizures 1,hsa-mir-873,0.2940645217895508
Glossitis and Benign Migratory,hsa-mir-873,0.29406243562698364
Folliculotropic Mycosis Fungoides,hsa-mir-873,0.2940528392791748
Jaw Abnormalities,hsa-mir-873,0.2940524220466614
Rhinitis and Allergic and Seasonal,hsa-mir-873,0.29404956102371216
Yellow Nail Syndrome,hsa-mir-873,0.2940465807914734
Lesch-Nyhan Syndrome,hsa-mir-873,0.29404640197753906
Allergic Inflammation,hsa-mir-873,0.29404616355895996
Enterovirus B and Human,hsa-mir-873,0.29404282569885254
Psoriasis,hsa-mir-873,0.2940410375595093
Substance Abuse and Intravenous,hsa-mir-873,0.2940397262573242
Kidney Failure and Chronic,hsa-mir-873,0.2940376400947571
Rhinitis and Allergic,hsa-mir-873,0.2940348982810974
Acromegaly,hsa-mir-873,0.29403388500213623
Polycythemia and High Altitude,hsa-mir-873,0.29403215646743774
Inflammation and Post Stroke,hsa-mir-873,0.29403209686279297
Retinal Dystrophies,hsa-mir-873,0.2940288782119751
Takayasu Arteritis,hsa-mir-873,0.2940285801887512
Reperfusion Injury and Renal Ischemia,mmu-miR-676-3p,0.2940272092819214
Arthritis,hsa-mir-873,0.29402512311935425
Eunuchism,hsa-mir-873,0.2940244674682617
Phenylketonurias,hsa-mir-873,0.2940235733985901
Gastric   Cancer,hsa-mir-873,0.2940235733985901
Mastitis,hsa-mir-873,0.2940215468406677
Lissencephaly,hsa-mir-873,0.2940192222595215
dilated cardiomyopathy 1FF,hsa-mir-873,0.29401540756225586
Bicuspid Aortic Valve Disease,hsa-mir-873,0.29401475191116333
Lacrimal Adenoid   Cystic Carcinoma,hsa-mir-873,0.29401278495788574
Reinjuries,hsa-mir-873,0.29400354623794556
Encephalomyelitis and Western Equine,hsa-mir-873,0.2939903736114502
Parathyroid Neoplasms,hsa-mir-873,0.2939879894256592
Aortic Aneurysm,hsa-mir-873,0.293987512588501
Splenic Diseases,hsa-mir-873,0.293978214263916
Cardiovascular Complications,hsa-mir-873,0.2939680218696594
Trypanosomiasis,hsa-mir-873,0.29396766424179077
Mandibulofacial Dysostosis,hsa-mir-873,0.2939642071723938
Malaria and Vivax,hsa-mir-873,0.2939603924751282
Ullrich congenital muscular dystrophy,hsa-mir-873,0.2939566373825073
Intracranial  Aneurysm,hsa-mir-873,0.2939555048942566
Cardiac Microvascular Inflammation,hsa-mir-873,0.2939421534538269
Carcinoma and Merkel Cell,hsa-mir-873,0.2939366102218628
Chorioamnionitis,hsa-mir-873,0.29393577575683594
Ear Diseases,hsa-mir-873,0.29393458366394043
Osteopenic Nonfracture Syndrome,hsa-mir-873,0.2939317226409912
Anodontia,hsa-mir-873,0.29393136501312256
Psychotic Disorders,hsa-mir-873,0.29393118619918823
Adenocarcinoma and Sebaceous and Ocular,hsa-mir-873,0.29392439126968384
Hyperplasia,hsa-mir-873,0.29392433166503906
Focal Infection,hsa-mir-873,0.2939184904098511
Nonsyndromic sensorineural hearing loss,hsa-mir-873,0.2939131259918213
Placental Insufficiency,hsa-mir-873,0.2939092516899109
Spinal Cord Diseases,hsa-mir-873,0.29390811920166016
Ventricular Dysfunction,hsa-mir-873,0.2938997149467468
congenital myasthenic syndrome 6,hsa-mir-873,0.2938976287841797
Temporomandibular Joint Osteoarthritis,hsa-mir-873,0.2938876152038574
Meningitis and Fungal,hsa-mir-873,0.29388391971588135
Breast Neoplasms and Basal Cell,hsa-mir-873,0.2938782572746277
Acute Pulmonary Embolism,hsa-mir-873,0.29387593269348145
Turner Syndrome,hsa-mir-873,0.2938637137413025
Brain Ischemia ,hsa-mir-873,0.29384148120880127
Stillbirth,hsa-mir-873,0.2938358783721924
Delayed Graft Function,hsa-mir-873,0.29381710290908813
Neoplasm Metastasis,hsa-mir-873,0.29380297660827637
adhesions of uterus,hsa-mir-873,0.2937996983528137
intracranial berry aneurysm 3,hsa-mir-873,0.2937992215156555
Allograft Rejection and Antibody-Mediated,hsa-mir-873,0.2937920093536377
Hepatitis and Chronic,hsa-mir-873,0.2937888503074646
Acrodermatitis enteropathica,hsa-mir-873,0.2937822937965393
Asymptomatic Infections,hsa-mir-873,0.2937781810760498
Lipodystrophy and Partial and Acquired,hsa-mir-873,0.29377126693725586
gastric adenocarcinoma,hsa-mir-873,0.2937706708908081
Shoulder Injuries,hsa-mir-873,0.2937689423561096
Histiocytic Sarcoma,hsa-mir-873,0.293765127658844
Hair Diseases,hsa-mir-873,0.2937600612640381
Cerebral Small Vessel Diseases,hsa-mir-873,0.2937578558921814
Lichen Sclerosus et Atrophicus,hsa-mir-873,0.29375725984573364
Intracranial Arterial Diseases,hsa-mir-873,0.29375529289245605
Myositis,hsa-mir-873,0.2937484383583069
Early Embryonic Arrestdagger,hsa-mir-873,0.2937468886375427
Arthritis and Gouty,hsa-mir-873,0.29374539852142334
Ichthyosis and Lamellar,hsa-mir-873,0.29374057054519653
Lattice corneal dystrophy type 1,hsa-miR-4296,0.2937384843826294
Poikiloderma with Neutropenia,hsa-mir-873,0.2937382459640503
Hepatic Veno-Occlusive Disease,hsa-mir-873,0.2937307357788086
Sexually Transmitted Diseases,hsa-mir-873,0.29372352361679077
Prolactinoma,hsa-mir-873,0.29370057582855225
Tongue Neoplasms,hsa-mir-873,0.2936999797821045
Papillary Thyroid Microcarcinoma,hsa-mir-873,0.293697714805603
Emphysema,hsa-mir-873,0.2936951518058777
Muscular Dystrophy and Facioscapulohumeral,hsa-mir-873,0.2936941385269165
Protein-Losing Enteropathies,hsa-mir-873,0.2936917543411255
Sarcopenia,hsa-mir-873,0.2936917543411255
Dementia,hsa-mir-873,0.2936916947364807
Hyperlipoproteinemia Type III,hsa-mir-873,0.29369163513183594
Sexually Transmitted Diseases and Viral,hsa-mir-873,0.29368722438812256
Vesicular Stomatitis,hsa-mir-873,0.2936726212501526
Neoplastic Cells and Circulating,hsa-mir-873,0.293671190738678
Hypertension and Renal,hsa-mir-873,0.2936698794364929
Hypertriglyceridemia,hsa-mir-873,0.293631374835968
Lung Diseases and Interstitial,hsa-mir-873,0.29360413551330566
Adenoviridae Infections,mmu-miR-676-3p,0.2930397391319275
Chorioamnionitis,hsa-miR-144*,0.2907959818840027
Autoimmune Diseases of the Nervous System,hsa-miR-3125,0.28987985849380493
Lymphohistiocytosis and Hemophagocytic,hsa-miR-1284,0.28980863094329834
Visceral Hypersensitivity,hsa-miR-1284,0.28980761766433716
autoimmune uveitis,hsa-miR-1284,0.2898046374320984
Rhabdoid Tumor and Kidney,hsa-miR-3125,0.28980183601379395
Ischemic Attack and Transient,hsa-miR-1284,0.2897912859916687
Cardiomyopathy and Hypertrophic and Familial,hsa-miR-1284,0.2897911071777344
Inflammation and Chronic,hsa-miR-1284,0.2897772789001465
Tricuspid Valve Insufficiency,hsa-miR-1284,0.2897379994392395
Venous Neointimal Hyperplasia,hsa-miR-1284,0.2897348403930664
Lattice corneal dystrophy type 1,hsa-miR-1284,0.28973066806793213
Neutropenia,hsa-miR-3125,0.2897282838821411
Reperfusion Injury and Testicular Ischemia,hsa-miR-1284,0.28972578048706055
Posterior Segment Ocular Diseases,hsa-miR-1284,0.28968262672424316
Diminished  Ovarian Reserve,hsa-miR-1284,0.2896575927734375
Angioedemas and Hereditary,hsa-miR-1284,0.28963661193847656
Spinal Cord Compression,hsa-miR-3125,0.28956741094589233
Granuloma,hsa-miR-1284,0.2895035147666931
Adenocarcinoma Of Esophagus,hsa-miR-1284,0.28947609663009644
Lysosomal Storage Diseases,hsa-miR-1284,0.2894695997238159
Chediak-Higashi Syndrome,hsa-miR-3125,0.2894608974456787
Skeletal Muscle Dysplasia,hsa-miR-1284,0.28945374488830566
Reproductive Tract Infections,hsa-miR-1284,0.2894083261489868
Vitreoretinochoroidopathy,hsa-miR-30e,0.2887299060821533
Venous Neointimal Hyperplasia,hsa-miR-431-3p,0.28869807720184326
high grade glioma,mmu-miR-676-3p,0.288327157497406
Labyrinth Diseases,hsa-miR-4492,0.28818607330322266
Osteolysis and Essential,hsa-mir-873,0.2881811261177063
Urinary Calculi,hsa-let-7a*,0.2878838777542114
Liposarcoma and Myxoid,hsa-let-7a*,0.2878814935684204
Skeletal Muscle Injury,hsa-let-7a*,0.2878681421279907
Diffuse Alveolar Hemorrhage and Autoimmune-Mediated,hsa-mir-873,0.287817120552063
Classical Swine Fever,hsa-let-7a*,0.287814736366272
Fatigue,hsa-mir-873,0.28773993253707886
Vaginosis and Bacterial,hsa-let-7a*,0.2877170443534851
Angioedemas and Hereditary,hsa-let-7a*,0.2876158356666565
Spinal Cord Compression,hsa-let-7a*,0.287530779838562
Human T-Cell Leukemia Virus Type 1 Infections,hsa-let-7a*,0.287500262260437
Encephalitis and Viral,rno-miR-30b-3p,0.2874615788459778
Lysosomal Storage Diseases,hsa-let-7a*,0.2874488830566406
Encephalocele,hsa-mir-873,0.2874358892440796
Meniscus Degeneration,hsa-let-7a*,0.2874215841293335
Amebiasis,hsa-let-7a*,0.28738123178482056
chikungunya,hsa-mir-873,0.2870658040046692
Granulomatous Disease and Chronic,hsa-miR-200a-3p,0.28702813386917114
Autoimmune Diseases of the Nervous System,hsa-miR-200a-3p,0.2869940400123596
Neutropenia,hsa-miR-200a-3p,0.2868424654006958
Granuloma,hsa-miR-200a-3p,0.2866337299346924
Adenocarcinoma Of Esophagus,hsa-miR-200a-3p,0.2866061329841614
Polyposis Syndrome and Hereditary Mixed and 1,hsa-miR-200a-3p,0.2865980267524719
Chediak-Higashi Syndrome,hsa-miR-200a-3p,0.2865750789642334
Amebiasis,hsa-miR-200a-3p,0.2865321636199951
Femoral Neck Fractures,hsa-miR-4492,0.28583258390426636
Labyrinth Diseases,hsa-mir-873,0.28525567054748535
Death and Sudden,hsa-miR-4492,0.28490114212036133
Respiratory Paralysis,hsa-miR-1284,0.28463810682296753
Diarrhea,hsa-mir-873,0.28444385528564453
Ventricular Dysfunction and Right,hsa-mir-873,0.2841382622718811
hearing loss,hsa-miR-4492,0.2840452194213867
Dilated Cardiomyopathy ,EBV-mir-BART9,0.2838464379310608
Heart Failure and Diastolic,hsa-miR-1284,0.28376448154449463
Tuberous Sclerosis,mmu-miR-764-3p,0.28343790769577026
high grade glioma,rno-miR-30b-3p,0.2820519208908081
Carcinoma and Lewis Lung,hsa-miR-3689f,0.28185582160949707
Granulomatous Disease and Chronic,hsa-miR-3689f,0.2817825675010681
Equine Infectious Anemia,hsa-miR-3689f,0.2816789746284485
Tibial Neuropathy,hsa-miR-3689f,0.281676709651947
Myeloma Bone Disease,hsa-miR-3689f,0.2816692590713501
Abnormalities and Drug-Induced,hsa-mir-873,0.2813420295715332
Hypoadrenocorticism and Familial,hsa-mir-873,0.2811843752861023
Iridocorneal Endothelial Syndrome,hsa-miR-200a-3p,0.2805839776992798
high grade glioma,hsa-mir-873,0.2795723080635071
Hearing Loss and Sensorineural,mmu-miR-676-3p,0.2791614532470703
Encephalitis and Tick-Borne,hsa-miR-329-3p,0.27752047777175903
UV-Sensitive Syndrome,hsa-miR-329-3p,0.2774197459220886
Periodontitis and Diabetic,hsa-miR-329-3p,0.27739274501800537
Sepsis and Intensive Care Unit-Acquired,hsa-miR-329-3p,0.27737516164779663
Nevi and Melanomas,hsa-miR-329-3p,0.2773708701133728
Visceral Hypersensitivity,hsa-miR-329-3p,0.2773553133010864
Submandibular Gland Diseases,hsa-miR-329-3p,0.27734726667404175
Tibial Neuropathy,hsa-miR-329-3p,0.2773398756980896
Ischemic Attack and Transient,hsa-miR-329-3p,0.27733898162841797
Myeloma Bone Disease,hsa-miR-329-3p,0.2773323655128479
Visceral Pain,hsa-miR-329-3p,0.277327299118042
Arene Oxide Detoxification Defect,hsa-miR-329-3p,0.2773154377937317
Crisponi syndrome,hsa-miR-329-3p,0.2773071527481079
Carcinoma and Intraductal and Noninfiltrating,hsa-miR-329-3p,0.2772938013076782
Neutropenia,hsa-miR-329-3p,0.2772600054740906
Retinitis Pigmentosa,hsa-miR-329-3p,0.2772519588470459
Posterior Segment Ocular Diseases,hsa-miR-329-3p,0.27723026275634766
Muscular Injury,hsa-miR-329-3p,0.27719783782958984
Teratocarcinoma and Ovarian,hsa-miR-329-3p,0.2771967053413391
Non-Segmental Vitiligo,hsa-miR-329-3p,0.27711355686187744
Obstetric Labor and Premature,hsa-miR-329-3p,0.27709072828292847
Human T-Cell Leukemia Virus Type 1 Infections,hsa-miR-329-3p,0.27706843614578247
Cholestatic Liver Injury,hsa-miR-329-3p,0.2770175337791443
Polyposis Syndrome and Hereditary Mixed and 1,hsa-miR-329-3p,0.2770153880119324
Anaphylaxis,hsa-miR-329-3p,0.2769959568977356
Amebiasis,hsa-miR-329-3p,0.27694952487945557
Testicular Neoplasms,hsa-miR-329-3p,0.2769366502761841
Parastremmatic dwarfism,hsa-miR-329-3p,0.2769187092781067
Hereditary Autoinflammatory Diseases,hsa-miR-192,0.2760772705078125
Equine Infectious Anemia,hsa-miR-3653-3p,0.27591174840927124
Hemoglobin Bart'S Hydrops   Fetalis Syndrome,hsa-miR-4444,0.2750757336616516
Thyroiditis and Subacute,hsa-miR-4444,0.2750698924064636
N acetyltransferase deficiency,hsa-miR-4444,0.27506983280181885
Hemorrhagic Fever and Ebola,hsa-miR-4444,0.27506959438323975
Vitreoretinopathy and Proliferative,hsa-miR-4444,0.2750692367553711
common variable immunodeficiency 2,hsa-miR-4444,0.27506887912750244
Infant Nutrition Disorders,hsa-miR-4444,0.2750682234764099
Myasthenia Gravis with Thymus Hyperplasia,hsa-miR-4444,0.27505379915237427
Werner Syndrome,hsa-miR-4444,0.2750532627105713
Stiff-Person Syndrome,hsa-miR-4444,0.2750457525253296
Renal Tubular Oxidative Injury,hsa-miR-4444,0.27504563331604004
Typical Teratoid Rhabdoid Tumor,hsa-miR-4444,0.27504271268844604
Peptic Ulcer,hsa-miR-4444,0.27503782510757446
Chronic Pain,hsa-miR-4444,0.27503103017807007
Hearing Loss and Unilateral,hsa-miR-4444,0.27503031492233276
Adrenocortical Carcinoma and Pediatric,hsa-miR-4444,0.2750299572944641
sporatic amyotrophic lateral sclerosis,hsa-miR-4444,0.27502894401550293
Glucose Intolerance,hsa-miR-4444,0.2750275731086731
Hypocalciuric hypercalcemia and familial and type 1,hsa-miR-4444,0.27502530813217163
Abortion and Spontaneous,hsa-miR-4444,0.2750186324119568
Borna Disease,hsa-miR-4444,0.27501344680786133
Jaundice and Acute,hsa-miR-4444,0.2750105857849121
Moebius syndrome 1,hsa-miR-4444,0.2750028371810913
Neurologic Manifestations,hsa-miR-4444,0.27499836683273315
Thymoma,hsa-miR-4444,0.27499639987945557
Blood Coagulation Disorders,hsa-miR-4444,0.2749953269958496
Postoperative Complications,hsa-miR-4444,0.2749934196472168
Vitamin D Deficiency,hsa-miR-4444,0.2749919295310974
White Spot Syndrome Virus  Infection,hsa-miR-4444,0.2749907970428467
Bone Diseases,hsa-miR-4444,0.274986207485199
primary biliary cholangitis 1,hsa-miR-4444,0.27498316764831543
End Stage Liver Disease,hsa-miR-4444,0.2749806046485901
mitochondrial DNA depletion syndrome 4b,hsa-miR-4444,0.2749740481376648
Cardiomyopathy and Dilated and with Left Ventricular Noncompaction,hsa-miR-4444,0.2749701142311096
Squamous Intraepithelial Lesions and Cervical,hsa-miR-4444,0.2749680280685425
Craniofacial Abnormalities,hsa-miR-4444,0.2749664783477783
Corneal Injuries,hsa-miR-4444,0.2749658226966858
Autoimmune enteropathy,hsa-miR-4444,0.274965763092041
Noonan syndrome-like disorder with loose anagen hair,hsa-miR-4444,0.2749634385108948
Reperfusion Injury and Intestinal Ischemia,hsa-miR-4444,0.27495914697647095
Dental Caries,hsa-miR-4444,0.274952232837677
Femur Head Necrosis,hsa-miR-4444,0.2749521732330322
Genital Diseases and Female,hsa-miR-4444,0.2749500274658203
Simian Acquired Immunodeficiency Syndrome,hsa-miR-4444,0.2749490737915039
Li-Fraumeni syndrome 1,hsa-miR-4444,0.27494746446609497
Albuminuria,hsa-miR-4444,0.27494680881500244
Angina and Unstable,hsa-miR-4444,0.27494680881500244
Drug Hypersensitivity,hsa-miR-4444,0.27494561672210693
Iris Diseases,hsa-miR-4444,0.27494364976882935
Influenza in Birds,hsa-miR-4444,0.2749420404434204
Asthma-Chronic Obstructive Pulmonary Disease Overlap Syndrome,hsa-miR-4444,0.27493828535079956
brachydactyly type D,hsa-miR-4444,0.2749372720718384
X-linked juvenile retinoschisis 1,hsa-miR-4444,0.2749360203742981
Genital Diseases and Male,hsa-miR-4444,0.27493566274642944
Pancreatitis and Acute Necrotizing,hsa-miR-4444,0.27493059635162354
Leukemia and Promyelocytic and Acute,hsa-miR-4444,0.27492958307266235
Heart Failure and Ischemic,hsa-miR-4444,0.27492886781692505
Polyps,hsa-miR-4444,0.27492886781692505
Encephalomyelitis and Enzootic Porcine,hsa-miR-4444,0.2749287486076355
Multiple Sclerosis and Chronic Progressive,hsa-miR-4444,0.27492839097976685
Viral Respiratory Infections,hsa-miR-4444,0.2749277353286743
Aneuploidy,hsa-miR-4444,0.27492374181747437
Neuroectodermal Tumors and Primitive,hsa-miR-4444,0.27492326498031616
Hyperparathyroidism and Primary,hsa-miR-4444,0.27492237091064453
Pruritus,hsa-miR-4444,0.2749214172363281
Cumulative Trauma Disorders,hsa-miR-4444,0.2749210000038147
Biotinidase Deficiency,hsa-miR-4444,0.274919331073761
Primary Graft Dysfunction,hsa-miR-4444,0.27491647005081177
Cholera,hsa-miR-4444,0.27491575479507446
Prader-Willi Syndrome,hsa-miR-4444,0.27491557598114014
Rupture,hsa-miR-4444,0.2749144434928894
Airway Inflammation,hsa-miR-4444,0.2749137878417969
Peri-Implantitis,hsa-miR-4444,0.27491313219070435
Malaria and Cerebral,hsa-miR-4444,0.27491170167922974
Hepacivirus,hsa-miR-4444,0.2749102711677551
Peripheral Blood Leukocytes,hsa-miR-4444,0.27490949630737305
Oral Submucous Fibrosis,hsa-miR-4444,0.27490729093551636
Hemangioma and Infantile,hsa-miR-4444,0.27490514516830444
nonsyndromic congenital nail disorder 7,hsa-miR-4444,0.2749050259590149
Gingivitis,hsa-miR-4444,0.2749035358428955
Pain and Postoperative,hsa-miR-4444,0.27489930391311646
Ovarian Insufficiency and Premature,hsa-miR-4444,0.2748991847038269
Vascular System Injuries,hsa-miR-4444,0.2748989462852478
Central Nervous System Bacterial Infections,hsa-miR-4444,0.27489733695983887
Morphine Dependence,hsa-miR-4444,0.2748965620994568
Wasting Disease and Chronic,hsa-miR-4444,0.2748963236808777
Infertility and Female,hsa-miR-4444,0.2748963236808777
Aneurysm,hsa-miR-4444,0.27489566802978516
Infarction,hsa-miR-4444,0.27489542961120605
Cystic Fibrosis,hsa-miR-4444,0.27489376068115234
Pleural Effusion and Malignant,hsa-miR-4444,0.2748875021934509
Gastritis and Hypertrophic,hsa-miR-4444,0.2748858332633972
Vasospasm and Intracranial and Postoperative,hsa-miR-4444,0.27488547563552856
Hyperalgesia,hsa-miR-4444,0.2748848795890808
Cerebral Cortical Thinning,hsa-miR-4444,0.27488476037979126
Infant and Newborn and Diseases,hsa-miR-4444,0.2748847007751465
Bronchopulmonary Dysplasia,hsa-miR-4444,0.2748839259147644
Shock and Septic,hsa-miR-4444,0.2748833894729614
Rett Syndrome,hsa-miR-4444,0.27488279342651367
Giant Cell Arteritis,hsa-miR-4444,0.27488166093826294
Acute Lymphocytic Leukemia and B-Cell,hsa-miR-4444,0.27487945556640625
Polycystic lipomembranous osteodysplasia with sclerosing leukoencephalopathy,hsa-miR-4444,0.27487921714782715
Thymic epithelial tumor,hsa-miR-4444,0.2748790383338928
Glaucoma,hsa-miR-4444,0.27487891912460327
Subarachnoid Hemorrhage,hsa-miR-4444,0.27487874031066895
Alzheimer Disease ,hsa-miR-4444,0.2748783826828003
Spermatic Cord Torsion,hsa-miR-4444,0.27487653493881226
High Grade Ovarian Neoplasms,hsa-miR-4444,0.27487510442733765
Sensation Disorders,hsa-miR-4444,0.2748749256134033
Cryopyrin-Associated Periodic Syndromes,hsa-miR-4444,0.27487486600875854
Arrhythmogenic Heart Diseases,hsa-miR-4444,0.27487361431121826
Seizures,hsa-miR-4444,0.2748730778694153
Heart Diseases and Congenital,hsa-miR-4444,0.27487170696258545
Langer mesomelic dysplasia,hsa-miR-4444,0.2748680114746094
Folliculotropic Mycosis Fungoides,hsa-miR-4444,0.27486759424209595
Pyruvate Kinase Deficiency of Red Cells,hsa-miR-4444,0.27486705780029297
Kidney Transplant Rejection,hsa-miR-4444,0.27486246824264526
Nephrosclerosis,hsa-miR-4444,0.2748623490333557
Hypoxia-Ischemia and Brain,hsa-miR-4444,0.27486133575439453
Citrullinemia,hsa-miR-4444,0.2748611569404602
Lesch-Nyhan Syndrome,hsa-miR-4444,0.2748611569404602
Allergic Inflammation,hsa-miR-4444,0.2748609185218811
Respiratory Syncytial Virus Infections,hsa-miR-4444,0.27485668659210205
Mitral Valve Insufficiency,hsa-miR-4444,0.2748565077781677
Gastritis and Pediatric,hsa-miR-4444,0.27485620975494385
Infections,hsa-miR-4444,0.27485430240631104
Congenital central hypoventilation syndrome,hsa-miR-4444,0.2748532295227051
Carcinoma and Small Cell,hsa-miR-4444,0.27485305070877075
Hypoplastic Left Heart Syndrome,hsa-miR-4444,0.27485018968582153
Adenocarcinoma,hsa-miR-4444,0.2748497724533081
Lyme Disease,hsa-miR-4444,0.27484798431396484
Small Cell Lung Carcinoma,hsa-miR-4444,0.2748469114303589
Polycythemia and High Altitude,hsa-miR-4444,0.27484673261642456
Tembusu virus,hsa-miR-4444,0.27484649419784546
Collagen Diseases,hsa-miR-4444,0.27484554052352905
Digitorenocerebral Syndrome,hsa-miR-4444,0.27484405040740967
Takayasu Arteritis,hsa-miR-4444,0.27484333515167236
Keratitis and Herpetic,hsa-miR-4444,0.27484118938446045
paramyotonia congenita of Von Eulenburg,hsa-miR-4444,0.2748377323150635
Alveolar Bone Loss,hsa-miR-4444,0.2748376727104187
Mastitis,hsa-miR-4444,0.27483630180358887
Ehlers-Danlos Syndrome,hsa-miR-4444,0.27483540773391724
External Auditory Canal Squamous Cell Carcinoma,hsa-miR-4444,0.27483516931533813
Lissencephaly,hsa-miR-4444,0.2748339772224426
Hereditary pancreatitis,hsa-miR-4444,0.2748328447341919
Heart Defects and Congenital,hsa-miR-4444,0.27483242750167847
Arthrogryposis and ectodermal dysplasia,hsa-miR-4444,0.27483123540878296
Brain Injuries and Traumatic,hsa-miR-4444,0.27482837438583374
Lacrimal Adenoid   Cystic Carcinoma,hsa-miR-4444,0.2748275399208069
Lymphoma and Natural   Killer/T-Cell,hsa-miR-4444,0.27482545375823975
Hyperoxia-Induced Lung Injury,hsa-miR-4444,0.2748194932937622
Liver Failure,hsa-miR-4444,0.2748185396194458
Liver Cirrhosis and Hepatitis Virus B-Related,hsa-miR-4444,0.2748183012008667
Glima,hsa-miR-4444,0.2748159170150757
Primary Central Nervous System Lymphoma,hsa-miR-4444,0.27481383085250854
Nasopharyngeal Neoplasms,hsa-miR-4444,0.2748134136199951
Clubfoot,hsa-miR-4444,0.274813175201416
Meningioma,hsa-miR-4444,0.2748129963874817
Lymphoma and T-Cell and Cutaneous,hsa-miR-4444,0.27481257915496826
Hyperlipoproteinemia Type II,hsa-miR-4444,0.274810791015625
Endotoxemia,hsa-miR-4444,0.2748090624809265
Acute Aortic   Dissection,hsa-miR-4444,0.2748081088066101
GATA2 Deficiency,hsa-miR-4444,0.27480077743530273
Bronchial Hyperreactivity,hsa-miR-4444,0.27480006217956543
Brain Injury and Chronic,hsa-miR-4444,0.2747994065284729
Tibial Fractures,hsa-miR-4444,0.2747993469238281
Ectrodactyly-cleft lip-palate syndrome,hsa-miR-4444,0.27479881048202515
Atrial Myosins,hsa-miR-4444,0.27479714155197144
Helicobacter pylori,hsa-miR-4444,0.2747958302497864
Tetralogy of Fallot,hsa-miR-4444,0.2747916579246521
Turcot syndrome,hsa-miR-4444,0.27479058504104614
Tuberculosis and Meningeal,hsa-miR-4444,0.2747836112976074
Alopecia,hsa-miR-4444,0.27478349208831787
Trypanosomiasis,hsa-miR-4444,0.27478253841400146
Premature Ejaculation,hsa-miR-4444,0.2747788429260254
Jaundice and Obstructive,hsa-miR-4444,0.2747718095779419
Bk Virus Infections,hsa-miR-4444,0.27476751804351807
Venous Thromboembolism,hsa-miR-4444,0.27476590871810913
Necrobiotic Disorders,hsa-miR-4444,0.27476513385772705
Meier-Gorlin syndrome,hsa-miR-4444,0.2747642397880554
Hydatidiform Mole,hsa-miR-4444,0.27476340532302856
Stomatitis and Herpetic,hsa-miR-4444,0.274763286113739
Pituitary Diseases,hsa-miR-4444,0.2747533321380615
Cartilage Degradation,hsa-miR-4444,0.2747514843940735
salivary gland adenoid cystic carcinoma,hsa-miR-4444,0.27475011348724365
Psychotic Disorders,hsa-miR-4444,0.27474600076675415
Otofaciocervical Syndrome,hsa-miR-4444,0.2747412919998169
Adenocarcinoma and Sebaceous and Ocular,hsa-miR-4444,0.27473926544189453
Thrombotic Stroke,hsa-miR-4444,0.2747311592102051
Placental Insufficiency,hsa-miR-4444,0.2747238874435425
Spinal Cord Diseases,hsa-miR-4444,0.2747228145599365
Trachoma,hsa-miR-4444,0.2747209072113037
Neurosyphilis,hsa-miR-4444,0.27471667528152466
Infarct-Related Artery Total Occlusion,hsa-miR-4444,0.2747129201889038
Endocrine System Diseases,hsa-miR-4444,0.2747039198875427
Temporomandibular Joint Osteoarthritis,hsa-miR-4444,0.27470237016677856
Meningitis and Fungal,hsa-miR-4444,0.2746986150741577
"Muscular Atrophy, Spinal",hsa-miR-4444,0.2746965289115906
Breast Neoplasms and Basal Cell,hsa-miR-4444,0.27469295263290405
Acute Pulmonary Embolism,hsa-miR-4444,0.2746906876564026
Liver Disease and Alcohol-Associated ,hsa-miR-4444,0.274682879447937
Turner Syndrome,hsa-miR-4444,0.27467846870422363
Hearing Loss,hsa-miR-4444,0.27467721700668335
Orchitis,hsa-miR-4444,0.2746639847755432
Cardiomyopathy and Hypertrophic,hsa-miR-4444,0.27464431524276733
Pica,hsa-miR-4444,0.2746427059173584
Thymus Neoplasms,hsa-miR-4444,0.27463239431381226
Mobility Limitation,hsa-miR-4444,0.274630069732666
Oligospermia,hsa-miR-4444,0.2746214270591736
Neoplasm Metastasis,hsa-miR-4444,0.2746177315711975
Porphyria and Variegate,hsa-miR-4444,0.27461671829223633
adhesions of uterus,hsa-miR-4444,0.27461445331573486
intracranial berry aneurysm 3,hsa-miR-4444,0.27461397647857666
Allograft Rejection and Antibody-Mediated,hsa-miR-4444,0.27460676431655884
Thinness,hsa-miR-4444,0.27460646629333496
late onset Parkinson's disease,hsa-miR-4444,0.2746047377586365
Epidermodysplasia Verruciformis,hsa-miR-4444,0.2745998501777649
Acute Coronary Syndrome ,hsa-miR-4444,0.2745979428291321
Platelet Storage Pool Deficiency,hsa-miR-4444,0.2745954394340515
Endothelial Dysfunction,hsa-miR-4444,0.2745932936668396
Cholestasis and Intrahepatic,hsa-miR-4444,0.27459025382995605
frontotemporal dementia,hsa-miR-4444,0.2745881676673889
Rabies,hsa-miR-4444,0.27458757162094116
Lipodystrophy and Partial and Acquired,hsa-miR-4444,0.27458614110946655
Shoulder Injuries,hsa-miR-4444,0.2745838165283203
Hyperphosphatemia,hsa-miR-4444,0.27458250522613525
Heart Failure and Systolic,hsa-miR-4444,0.2745819091796875
Histiocytic Sarcoma,hsa-miR-4444,0.2745800018310547
Trophoblastic Neoplasms,hsa-miR-4444,0.2745795249938965
Uterine Diseases,hsa-miR-4444,0.2745760679244995
Schopf-Schulz-Passarge Syndrome,hsa-miR-4444,0.27457571029663086
Nephrocalcinosis,hsa-miR-4444,0.2745738625526428
Rubella Syndrome and Congenital,hsa-miR-4444,0.27456969022750854
Depression and Post Stroke,hsa-miR-4444,0.2745681405067444
Hernias and Diaphragmatic and Congenital,hsa-miR-4444,0.27456724643707275
Granulosa Cell Tumor,hsa-miR-4444,0.2745640277862549
Intestinal Fistula,hsa-miR-4444,0.27456361055374146
ABCD syndrome,hsa-miR-4444,0.27456313371658325
Arthritis and Gouty,hsa-miR-4444,0.27456027269363403
HTLV-II Infections,hsa-miR-4444,0.27455639839172363
Migraine Disorders,hsa-miR-4444,0.27455317974090576
Poikiloderma with Neutropenia,hsa-miR-4444,0.274553120136261
Microvascular Obstruction,hsa-miR-4444,0.27455025911331177
Sexually Transmitted Diseases,hsa-miR-4444,0.27453839778900146
Digestive System Diseases,hsa-miR-4444,0.274533212184906
Testicular Germ Cell Tumor,hsa-miR-4444,0.2745320796966553
differentiated thyroid gland carcinoma,hsa-miR-4444,0.27452605962753296
Prostate Cancer ,hsa-miR-4444,0.2745245695114136
White Dot Syndromes,hsa-miR-4444,0.27451997995376587
Hypogonadism,hsa-miR-4444,0.274517297744751
Prolactinoma,hsa-miR-4444,0.2745152711868286
Periodontal Cyst,hsa-miR-4444,0.27450984716415405
Lung Carcinoid,hsa-miR-4444,0.27450740337371826
Sexually Transmitted Diseases and Viral,hsa-miR-4444,0.2745019793510437
Arteriosclerosis Obliterans,hsa-miR-4444,0.2744925618171692
Osteosarcoma and Juxtacortical,hsa-miR-4444,0.2744906544685364
Varicose Veins,hsa-miR-4444,0.27448803186416626
Hyperpigmentation,hsa-miR-4444,0.27448052167892456
Quadruple Negative Breast Cancer,hsa-miR-4444,0.27447807788848877
Hypertension and Pregnancy-Induced,hsa-miR-4444,0.2744724154472351
Cystoid Macular Edema and Diabetic,hsa-miR-4444,0.27446842193603516
Blood Platelet Disorders,hsa-miR-4444,0.2744671702384949
Condylomata Acuminata,hsa-miR-4444,0.27446407079696655
Periodontitis and Diabetic,hsa-miR-1268,0.27444565296173096
Inflammation and Chronic,hsa-miR-3649,0.2744351029396057
Chronic Kidney   Disease,hsa-miR-3649,0.274366557598114
Hemangiosarcoma,hsa-miR-1268,0.274361789226532
Wound Infection,hsa-miR-1268,0.27435892820358276
Primary Gastrointestinal Diffuse Large B-Cell Lymphoma ,hsa-miR-1268,0.2743004560470581
Nevi and Melanomas,hsa-miR-30b*,0.2741142511367798
Amebiasis,hsa-miR-3649,0.2740596532821655
Dilated Cardiomyopathy ,hsa-miR-3156-5p,0.2740405797958374
Anhedonia,rno-miR-30b-3p,0.273884117603302
Meniscus Degeneration,hsa-miR-30b*,0.27373337745666504
Hyperphagia,hsa-miR-4497,0.2735831141471863
Hearing Loss and Sensorineural,hsa-miR-4492,0.27333712577819824
Intra-Articular Fractures,hsa-miR-130a-3p,0.2730329632759094
Gastric Antral Vascular Ectasia,hsa-miR-4487,0.272397518157959
Granulomatous Disease and Chronic,hsa-miR-1244,0.2718561291694641
UV-Sensitive Syndrome,hsa-miR-1244,0.2718302607536316
Myotonic Dystrophy,hsa-miR-1244,0.2717967629432678
Primary Gastrointestinal Diffuse Large B-Cell Lymphoma ,hsa-miR-1244,0.27165812253952026
Angioedemas and Hereditary,hsa-miR-1244,0.27159470319747925
Rhabdoviridae Infections,hsa-miR-1244,0.27157700061798096
Brugada Syndrome,hsa-miR-1244,0.27157092094421387
Pneumonia and Staphylococcal,hsa-mir-875,0.2714911699295044
Meningitis and Bacterial,hsa-mir-875,0.2714691758155823
Vitamin D Deficiency,hsa-mir-875,0.27144360542297363
Reperfusion Injury and Intestinal Ischemia,hsa-mir-875,0.2714109420776367
thyroid gland Hurthle cell carcinoma,hsa-miR-1244,0.2714020013809204
Elliptocytosis 2,hsa-mir-875,0.27139347791671753
Multiple Sclerosis and Chronic Progressive,hsa-mir-875,0.2713801860809326
Gastric Precancerous Lesion,hsa-mir-875,0.2713767886161804
Colorectal Neoplasms and Hereditary Nonpolyposis,hsa-mir-875,0.27135127782821655
High Grade Ovarian Neoplasms,hsa-mir-875,0.2713268995285034
Encephalomyelitis and Western Equine,hsa-mir-875,0.27125686407089233
Kartagener Syndrome,hsa-mir-875,0.27117806673049927
Hyperandrogenism,hsa-mir-875,0.2710821032524109
Platelet Storage Pool Deficiency,hsa-mir-875,0.2710472345352173
Sinus Thrombosis and Intracranial,hsa-mir-875,0.27098798751831055
Incontinentia Pigmenti,hsa-mir-875,0.27098578214645386
Neuropathic Low Back Pain,hsa-miR-329-3p,0.2709837555885315
Papillomavirus Infections,hsa-mir-875,0.2709539532661438
Encephalitis and Tick-Borne,hsa-miR-021,0.27095043659210205
Hyperpigmentation,hsa-mir-875,0.27093231678009033
Granulomatous Disease and Chronic,hsa-miR-021,0.27087557315826416
Lentivirus Infections,hsa-miR-021,0.2708647847175598
Reperfusion Injury and Testicular Ischemia,hsa-miR-371a-5p,0.2708137035369873
Neutropenia,hsa-miR-371a-5p,0.2708001732826233
Chronic  Rhinosinusitis With Nasal Polyps,hsa-miR-021,0.27078723907470703
Neonatal Encephalopathy,hsa-miR-021,0.2707756757736206
Inflammation and Chronic,hsa-miR-021,0.2707548141479492
Wound Infection,hsa-miR-021,0.2707357406616211
Trophoblastic Tumor and Placental Site,hsa-miR-021,0.27072203159332275
Phyllodes Tumor and Breast,hsa-miR-021,0.27071714401245117
Venous Neointimal Hyperplasia,hsa-miR-021,0.27071237564086914
Primary Gastrointestinal Diffuse Large B-Cell Lymphoma ,hsa-miR-021,0.27067750692367554
Angioedemas and Hereditary,hsa-miR-021,0.2706141471862793
Splenic Neoplasms,hsa-miR-021,0.2705640196800232
Rhabdoid Tumor and Kidney,hsa-mir-78,0.27055472135543823
Encephalitis and Tick-Borne,hsa-miR-30d-3p,0.2705310583114624
Urinary Calculi,hsa-miR-30d-3p,0.2704627513885498
Deglutition Disorders,hsa-miR-021,0.27046144008636475
Liposarcoma and Myxoid,hsa-miR-30d-3p,0.27046042680740356
Polyposis Syndrome and Hereditary Mixed and 1,hsa-miR-021,0.2704453468322754
Subarachnoid Hemorrhage ,hsa-miR-021,0.2704404592514038
UV-Sensitive Syndrome,hsa-miR-30d-3p,0.27043020725250244
Meniscus Degeneration,hsa-miR-021,0.2704198956489563
Classical Swine Fever,hsa-miR-30d-3p,0.2703934907913208
Urethritis,hsa-miR-30d-3p,0.2703852653503418
Amebiasis,hsa-miR-021,0.2703794836997986
Chronic  Rhinosinusitis With Nasal Polyps,hsa-miR-30d-3p,0.27036774158477783
Optic Nerve Glioma,hsa-miR-30d-3p,0.2703544497489929
Urinary Incontinence and Stress,hsa-miR-30d-3p,0.2703387141227722
Visceral Pain,hsa-miR-30d-3p,0.2703377604484558
Asthma and Chronic,hsa-miR-30d-3p,0.270321249961853
ovarian clear cell carcinoma,hsa-miR-30d-3p,0.27031558752059937
Vaginosis and Bacterial,hsa-miR-30d-3p,0.2702958583831787
Transmissible Gastroenteritis,hsa-miR-30d-3p,0.2702556252479553
Rhabdoviridae Infections,hsa-miR-30d-3p,0.2701769471168518
Splenic Neoplasms,hsa-miR-30d-3p,0.27014464139938354
Vasoplegia,hsa-miR-30d-3p,0.27011537551879883
Tenon Fibroblasts,hsa-miR-30d-3p,0.27002525329589844
Antisynthetase syndrome,hsa-miR-30d-3p,0.2700204849243164
immunodeficiency 35,hsa-miR-30d-3p,0.26999855041503906
Testicular Neoplasms,hsa-miR-30d-3p,0.2699471116065979
Hyperaldosteronism,hsa-miR-30d-3p,0.2699405550956726
Osteolysis and Essential,hsa-miR-4444,0.268996000289917
Erythema,rno-miR-30b-3p,0.26885491609573364
Knee Injuries,hsa-miR-4444,0.2687525153160095
Diffuse Alveolar Hemorrhage and Autoimmune-Mediated,hsa-miR-4444,0.2686319947242737
Fatigue,hsa-miR-4444,0.2685546875
Embolic Stroke,hsa-miR-4444,0.26838964223861694
Encephalocele,hsa-miR-4444,0.2682507634162903
childhood acute myeloid leukemia,hsa-miR-4444,0.2681467533111572
Encephalitis and Tick-Borne,hsa-miR-4255,0.2676852345466614
Canavan Disease,hsa-miR-4255,0.26768404245376587
Neoplasms and Mesothelial,hsa-miR-4255,0.2676193118095398
Urinary Calculi,hsa-miR-4255,0.26761704683303833
Granulomatous Disease and Chronic,hsa-miR-4255,0.2676103711128235
Vitelliform Macular Dystrophy,hsa-miR-4255,0.26758700609207153
UV-Sensitive Syndrome,hsa-miR-4255,0.2675843834877014
Autoimmune Diseases of the Nervous System,hsa-miR-4255,0.2675762176513672
Periodontitis and Diabetic,hsa-miR-4255,0.2675575017929077
Classical Swine Fever,hsa-miR-4255,0.26754772663116455
Lymphohistiocytosis and Hemophagocytic,hsa-miR-4255,0.2675209641456604
Equine Infectious Anemia,hsa-miR-4255,0.2675069570541382
Hereditary Autoinflammatory Diseases,hsa-miR-4255,0.26749831438064575
Asthma and Chronic,hsa-miR-4255,0.26747560501098633
Venous Neointimal Hyperplasia,hsa-miR-4255,0.2674473524093628
Lattice corneal dystrophy type 1,hsa-miR-4255,0.26744312047958374
Neutropenia,hsa-miR-4255,0.2674247622489929
Cardiomyopathy and Right Ventricular Dilated,hsa-miR-4255,0.2674235701560974
Neuropathic Allodynia,hsa-miR-4255,0.26739710569381714
Posterior Segment Ocular Diseases,hsa-miR-4255,0.26739501953125
Gliosis,hsa-miR-4255,0.2673836946487427
Angioedemas and Hereditary,hsa-miR-4255,0.2673489451408386
Human T-Cell Leukemia Virus Type 1 Infections,hsa-miR-4255,0.26723337173461914
thyroid gland Hurthle cell carcinoma,hsa-miR-4255,0.267156183719635
Testicular Neoplasms,hsa-miR-4255,0.2671014070510864
Common Variable Immunodeficiency 2@En,hsa-miR-4444,0.266987681388855
chronic myeloid leukemia (CML),hsa-miR-17*,0.2664991617202759
Encephalitis and Viral,hsa-miR-4444,0.2657967209815979
Urinary Calculi,hsa-miR-151-3p,0.26566559076309204
Plaque and Amyloid,hsa-miR-151-3p,0.2655496597290039
Neutropenia,hsa-miR-151-3p,0.2654731273651123
Amebiasis,hsa-miR-151-3p,0.2651628255844116
Testicular Neoplasms,hsa-miR-151-3p,0.26514995098114014
Optic atrophy 1 and deafness,hsa-miR-151-3p,0.26512861251831055
Adenoviridae Infections,hsa-miR-4444,0.2650997042655945
Hemoglobin Bart'S Hydrops   Fetalis Syndrome,hsa-miR-450a-5p,0.26470959186553955
Renal Tubular Oxidative Injury,hsa-miR-450a-5p,0.264679491519928
acute myocardial infarction,hsa-miR-450a-5p,0.264678955078125
Pediatric Cystic Fibrosis,hsa-miR-450a-5p,0.2646694779396057
sporatic amyotrophic lateral sclerosis,hsa-miR-450a-5p,0.26466286182403564
Benign Paroxysmal Positional Vertigo,hsa-miR-450a-5p,0.26466095447540283
Meningitis and Bacterial,hsa-miR-450a-5p,0.26465141773223877
Familial primary gastric lymphoma,hsa-miR-450a-5p,0.26464933156967163
Borna Disease,hsa-miR-450a-5p,0.26464730501174927
Parkinsonian Disorders,hsa-miR-450a-5p,0.2646399736404419
Schistosomiasis,hsa-miR-450a-5p,0.2646333575248718
Postoperative Complications,hsa-miR-450a-5p,0.26462721824645996
White Spot Syndrome Virus  Infection,hsa-miR-450a-5p,0.26462453603744507
Hyperpigmentation and Skin,hsa-miR-450a-5p,0.2646160125732422
Leukemia and Myeloid,hsa-miR-450a-5p,0.26461052894592285
Adiposis Dolorosa,hsa-miR-450a-5p,0.2646094560623169
Bradycardia,hsa-miR-450a-5p,0.26460856199264526
Pain and Inflammatory,hsa-miR-450a-5p,0.2646082043647766
Diabetic Retinopathy ,hsa-miR-450a-5p,0.26460814476013184
Brain Neoplasms,hsa-miR-450a-5p,0.2646065950393677
Thromboangiitis Obliterans,hsa-miR-450a-5p,0.2646060585975647
Adenomatous Polyposis Coli,hsa-miR-450a-5p,0.2646023631095886
Bovine Virus Diarrhea-Mucosal Disease,hsa-miR-450a-5p,0.2646021246910095
Dehydration,hsa-miR-450a-5p,0.2646019458770752
Meniere Disease,hsa-miR-450a-5p,0.2646012306213379
Craniofacial Abnormalities,hsa-miR-450a-5p,0.2646002173423767
Leptomeningeal Metastasis,hsa-miR-450a-5p,0.2645920515060425
Laryngeal Papilloma,hsa-miR-450a-5p,0.2645891308784485
Short Stature and Idiopathic and Autosomal,hsa-miR-450a-5p,0.2645885944366455
Mast Cell Tumors,hsa-miR-450a-5p,0.2645837664604187
Finnish lethal neonatal metabolic syndrome,hsa-miR-450a-5p,0.2645759582519531
Influenza in Birds,hsa-miR-450a-5p,0.2645757794380188
Kahrizi Syndrome,hsa-miR-450a-5p,0.26457422971725464
Rectal Neoplasms,hsa-miR-450a-5p,0.26456522941589355
Hepatitis A,hsa-miR-450a-5p,0.2645643353462219
Distal myopathy and Nonaka type,hsa-miR-450a-5p,0.26456159353256226
Halal syndrome,hsa-miR-450a-5p,0.26455968618392944
Inflammatory Osteolysis,hsa-miR-450a-5p,0.2645542621612549
Biotinidase Deficiency,hsa-miR-450a-5p,0.2645531892776489
Ataxia Neuropathy Spectrum,hsa-miR-450a-5p,0.26455289125442505
Recurrence,hsa-miR-450a-5p,0.26454079151153564
Parasitic Diseases,hsa-miR-450a-5p,0.2645396590232849
Gingivitis,hsa-miR-450a-5p,0.264537513256073
Dwarfism,hsa-miR-450a-5p,0.2645350694656372
Angelman Syndrome,hsa-miR-450a-5p,0.2645328640937805
Tracheal Stenosis,hsa-miR-450a-5p,0.2645246982574463
Gastritis and Hypertrophic,hsa-miR-450a-5p,0.26451969146728516
Glomerulonephritis and Membranoproliferative,hsa-miR-450a-5p,0.2645190358161926
Hyperalgesia,hsa-miR-450a-5p,0.26451873779296875
Fibrosarcoma,hsa-miR-450a-5p,0.2645179033279419
Meibomian Gland Carcinoma  ,hsa-miR-450a-5p,0.26451611518859863
Alzheimer Disease ,hsa-miR-450a-5p,0.26451224088668823
Spermatic Cord Torsion,hsa-miR-450a-5p,0.26451045274734497
Arrest of spermatogenesis,hsa-miR-450a-5p,0.26450997591018677
High Grade Ovarian Neoplasms,hsa-miR-450a-5p,0.2645091414451599
Heart Diseases and Congenital,hsa-miR-450a-5p,0.2645055651664734
Encephalomyelitis and Autoimmune and Experimental,hsa-miR-450a-5p,0.26450246572494507
Retinal Detachment,hsa-miR-450a-5p,0.26449865102767944
Cystitis and Interstitial,hsa-miR-450a-5p,0.2644982933998108
Rhinitis and Allergic and Seasonal,hsa-miR-450a-5p,0.26449817419052124
Yellow Nail Syndrome,hsa-miR-450a-5p,0.26449519395828247
Dacryocystitis,hsa-miR-450a-5p,0.26449471712112427
Gastritis and Pediatric,hsa-miR-450a-5p,0.2644900679588318
Psoriasis,hsa-miR-450a-5p,0.2644897699356079
Congenital central hypoventilation syndrome,hsa-miR-450a-5p,0.2644871473312378
Cachexia,hsa-miR-450a-5p,0.2644839286804199
Acromegaly,hsa-miR-450a-5p,0.2644824981689453
Enzootic Bovine Leukosis,hsa-miR-450a-5p,0.26448172330856323
Warburg micro syndrome 1,hsa-miR-450a-5p,0.2644816040992737
Osteoporotic Fracture and Tibial,hsa-miR-450a-5p,0.26447737216949463
esophageal carcinoma,hsa-miR-450a-5p,0.2644742727279663
paramyotonia congenita of Von Eulenburg,hsa-miR-450a-5p,0.26447170972824097
Chromate Resistance,hsa-miR-450a-5p,0.2644706964492798
Long Term Adverse Effects,hsa-miR-450a-5p,0.26446646451950073
Infarction and Middle Cerebral Artery,hsa-miR-450a-5p,0.2644661068916321
Lymphoma and Natural   Killer/T-Cell,hsa-miR-450a-5p,0.26445943117141724
Cardiomyopathy dilated with woolly hair and keratoderma,hsa-miR-450a-5p,0.26445627212524414
Liver Failure,hsa-miR-450a-5p,0.2644525170326233
Liver Cirrhosis and Hepatitis Virus B-Related,hsa-miR-450a-5p,0.26445215940475464
gastric cardia adenocarcinoma,hsa-miR-450a-5p,0.26445186138153076
Cushing Syndrome,hsa-miR-450a-5p,0.26444822549819946
Primary Central Nervous System Lymphoma,hsa-miR-450a-5p,0.2644476890563965
Pulmonary edema of mountaineers,hsa-miR-450a-5p,0.2644476890563965
Polyomavirus Infections,hsa-miR-450a-5p,0.2644408345222473
Encephalomyelitis and Western Equine,hsa-miR-450a-5p,0.2644389867782593
Enterocolitis,hsa-miR-450a-5p,0.26443594694137573
Iridocorneal Endothelial Syndrome,hsa-miR-021,0.2644312381744385
Ocular Hypertension,hsa-miR-450a-5p,0.2644268870353699
Papilloma and Choroid Plexus,hsa-miR-450a-5p,0.2644217014312744
Fragile X Syndrome,hsa-miR-450a-5p,0.2644168734550476
Osteoporotic Fractures,hsa-miR-450a-5p,0.26441317796707153
Mandibulofacial Dysostosis,hsa-miR-450a-5p,0.26441293954849243
Ullrich congenital muscular dystrophy,hsa-miR-450a-5p,0.2644052505493164
Neovascularization and Pathologic,hsa-miR-450a-5p,0.264400839805603
Osteonecrosis,hsa-miR-450a-5p,0.26439571380615234
Carcinoma and Merkel Cell,hsa-miR-450a-5p,0.26438528299331665
Maxillary Sinusitis,hsa-miR-450a-5p,0.26438218355178833
Weight Loss,hsa-miR-450a-5p,0.2643643617630005
Dermatitis and Allergic Contact,hsa-miR-450a-5p,0.2643599510192871
Neurosyphilis,hsa-miR-450a-5p,0.2643505930900574
Ventricular Dysfunction,hsa-miR-450a-5p,0.2643483281135559
Endocrine System Diseases,hsa-miR-450a-5p,0.26433783769607544
Temporomandibular Joint Osteoarthritis,hsa-miR-450a-5p,0.2643362283706665
Muscular Diseases,hsa-miR-450a-5p,0.2643270492553711
Heart Failure and Diastolic,hsa-miR-30d-3p,0.26432275772094727
Turner Syndrome,hsa-miR-450a-5p,0.2643123269081116
Lumbar Radicular Pain,hsa-miR-450a-5p,0.26429951190948486
Coronary Stenosis,hsa-miR-450a-5p,0.26428788900375366
Delayed Graft Function,hsa-miR-450a-5p,0.2642657160758972
Enteropathy-Associated T-Cell Lymphoma,hsa-miR-450a-5p,0.2642602324485779
Rotator Cuff,hsa-miR-450a-5p,0.26422685384750366
Rectal Prolapse,hsa-miR-450a-5p,0.26422661542892456
Syphilis and secondary,hsa-miR-450a-5p,0.2642160654067993
Schopf-Schulz-Passarge Syndrome,hsa-miR-450a-5p,0.2642095685005188
Hair Diseases,hsa-miR-450a-5p,0.26420867443084717
Cerebral Small Vessel Diseases,hsa-miR-450a-5p,0.2642064690589905
Arteriosclerosis,hsa-miR-450a-5p,0.26419878005981445
Myositis,hsa-miR-450a-5p,0.2641971707344055
Endodermal Sinus Tumor,hsa-miR-450a-5p,0.26419609785079956
Myeloproliferative Disorder and Chronic and with Eosinophilia,hsa-miR-450a-5p,0.2641945481300354
HTLV-II Infections,hsa-miR-450a-5p,0.2641901969909668
Arbovirus Infections,hsa-miR-450a-5p,0.2641897201538086
Ichthyosis and Lamellar,hsa-miR-450a-5p,0.2641891837120056
Sexual Dysfunctions and Psychological,hsa-miR-450a-5p,0.2641792297363281
Chronic   Pelvic Pain Syndrome,hsa-miR-150-5p,0.26417434215545654
Incontinentia Pigmenti,hsa-miR-450a-5p,0.2641677260398865
Granulomatous Disease and Chronic,hsa-miR-150-5p,0.2641635537147522
Foot Ulcer,hsa-miR-450a-5p,0.2641603350639343
Intracranial Aneurysm,hsa-miR-450a-5p,0.2641500234603882
Upper Tract Urothelial Carcinoma,hsa-miR-450a-5p,0.2641444802284241
non-alcoholic fatty liver,hsa-miR-450a-5p,0.2641281485557556
Fluorosis and Dental,hsa-miR-450a-5p,0.26412296295166016
Kidney Diseases and Cystic,hsa-miR-450a-5p,0.2641226649284363
spondyloepimetaphyseal dysplasia and Strudwick type,hsa-miR-450a-5p,0.2641110420227051
Condylomata Acuminata,hsa-miR-450a-5p,0.2640979290008545
non-alcoholic steatohepatitis,hsa-miR-450a-5p,0.2640911340713501
Nevi and Melanomas,hsa-miR-150-5p,0.2640887498855591
Neutropenia,hsa-miR-34c,0.2640610337257385
Ventricular Premature Complexes,hsa-miR-450a-5p,0.2640523314476013
Diminished  Ovarian Reserve,hsa-miR-150-5p,0.26392310857772827
Substance-Related Disorders,hsa-miR-4444,0.26391613483428955
Human T-Cell Leukemia Virus Type 1 Infections,hsa-miR-150-5p,0.2637866139411926
Scleral Diseases,hsa-miR-34c,0.2637605667114258
Still's Disease and Adult-Onset,mmu-miR-676-3p,0.2632575035095215
Death and Sudden,hsa-miR-4444,0.2627856135368347
alpha-Thalassemia,hsa-miR-30d-3p,0.2622866630554199
Abnormalities and Drug-Induced,hsa-miR-4444,0.2621569037437439
Hypoadrenocorticism and Familial,hsa-miR-4444,0.26199913024902344
Hyperleptinemia,hsa-miR-335-3p,0.26196348667144775
Urinary Calculi,hsa-miR-1295a,0.26182711124420166
Inflammation and Chronic,hsa-miR-335-3p,0.26181674003601074
Gluteal Muscle   Contracture,hsa-miR-131,0.26180291175842285
Phyllodes Tumor and Breast,hsa-miR-335-3p,0.261779248714447
Tricuspid Valve Insufficiency,hsa-miR-335-3p,0.26177746057510376
Posterior Segment Ocular Diseases,hsa-miR-335-3p,0.2617221474647522
Gastric Antral Vascular Ectasia,hsa-miR-3591-5p,0.26163965463638306
Spinal Cord Compression,hsa-miR-131,0.2615727186203003
Mycoplasma pneumoniae pneumonia,hsa-miR-335-3p,0.261433482170105
Obstructive   Kidney Disease,hsa-miR-335-3p,0.2614177465438843
Iridocorneal Endothelial Syndrome,hsa-miR-4255,0.26116615533828735
Neuropathic Low Back Pain,hsa-miR-4255,0.26114851236343384
high grade glioma,hsa-miR-4444,0.2603870630264282
Stress Disorders and Traumatic and Acute,mmu-miR-676-3p,0.25952398777008057
Hereditary Autoinflammatory Diseases,hsa-miR-1237-5p,0.25920045375823975
Blind Loop Syndrome,hsa-miR-200a-3p,0.2588678002357483
familial chylomicronemia syndrome,hsa-miR-450a-5p,0.25872641801834106
Murine Acquired Immunodeficiency Syndrome,hsa-miR-4443,0.2587032914161682
Sleep Initiation and Maintenance Disorders,hsa-miR-4443,0.2586814761161804
Wiskott-Aldrich Syndrome,hsa-miR-4443,0.2586790919303894
Vitreoretinopathy and Proliferative,hsa-miR-4443,0.2586706876754761
Liver Diseases and Alcoholic,hsa-miR-4443,0.2586701512336731
Infant Nutrition Disorders,hsa-miR-4443,0.2586696743965149
Kidney Neoplasms,hsa-miR-4443,0.2586544156074524
acute myocardial infarction,hsa-miR-4443,0.25864654779434204
Peripheral Arterial Occlusive Disease 1,hsa-miR-4443,0.2586461305618286
Lymphoma and Extranodal NK-T-Cell,hsa-miR-4443,0.25864553451538086
Obstetric Labor Complications,hsa-miR-4443,0.25864529609680176
Enterocolitis and Pseudomembranous,hsa-miR-4443,0.2586357593536377
Adrenocortical Carcinoma and Pediatric,hsa-miR-4443,0.2586314082145691
sporatic amyotrophic lateral sclerosis,hsa-miR-4443,0.25863027572631836
Benign Paroxysmal Positional Vertigo,hsa-miR-4443,0.2586285471916199
Hypocalciuric hypercalcemia and familial and type 1,hsa-miR-4443,0.25862687826156616
Chagas Cardiomyopathy,hsa-miR-4443,0.25862395763397217
Bowen-Conradi syndrome,hsa-miR-4443,0.2586234211921692
Abortion and Spontaneous,hsa-miR-4443,0.2586202621459961
arthrogryposis and renal dysfunction and and cholestasis 1,hsa-miR-4443,0.2586134672164917
Jaundice and Acute,hsa-miR-4443,0.2586120367050171
Prostatitis,hsa-miR-4443,0.2586078643798828
Parkinsonian Disorders,hsa-miR-4443,0.2586076259613037
Cystadenocarcinoma and Serous and Endometrial,hsa-miR-4443,0.2586023211479187
Hematoma and Subdural and Chronic,hsa-miR-4443,0.2585989832878113
Human Herpesvirus 6 encephalitis,hsa-miR-4443,0.25859886407852173
Paraganglioma,hsa-miR-4443,0.2585873603820801
Congenital contractural arachnodactyly,hsa-miR-4443,0.258586049079895
Refractory Angina,hsa-miR-4443,0.2585849165916443
Hyperpigmentation and Skin,hsa-miR-4443,0.25858354568481445
Facial Nerve Injuries,hsa-miR-4443,0.2585832476615906
Thyroid Carcinoma and Anaplastic,hsa-miR-4443,0.2585814595222473
Leukemia and Myeloid,hsa-miR-4443,0.2585780620574951
Eosinophilic enteropathy,hsa-miR-4443,0.2585774064064026
Pain and Inflammatory,hsa-miR-4443,0.25857579708099365
Diabetic Retinopathy ,hsa-miR-4443,0.2585757374763489
mitochondrial DNA depletion syndrome 4b,hsa-miR-4443,0.2585754990577698
Thromboangiitis Obliterans,hsa-miR-4443,0.2585737705230713
Depressive Disorder,hsa-miR-4443,0.25857096910476685
Cancer-Associated Cachexia,hsa-miR-4443,0.25857001543045044
Dehydration,hsa-miR-4443,0.25856953859329224
Thymic aplasia,hsa-miR-4443,0.2585682272911072
Autoimmune enteropathy,hsa-miR-4443,0.258567214012146
Dmd-Associated Dilated Cardiomyopathy,hsa-miR-4443,0.25855815410614014
Low Tension Glaucoma,hsa-miR-4443,0.25855714082717896
Laryngeal Papilloma,hsa-miR-4443,0.2585567235946655
Hepatopulmonary Syndrome,hsa-miR-4443,0.2585499882698059
Li-Fraumeni syndrome 1,hsa-miR-4443,0.25854891538619995
Albuminuria,hsa-miR-4443,0.2585482597351074
Sveinsson Chorioretinal Atrophy,hsa-miR-4443,0.2585470676422119
Iris Diseases,hsa-miR-4443,0.2585451006889343
Finnish lethal neonatal metabolic syndrome,hsa-miR-4443,0.25854355096817017
Kahrizi Syndrome,hsa-miR-4443,0.25854188203811646
Growth Disorders,hsa-miR-4443,0.25854092836380005
Autoimmune polyendocrinopathy syndrome and type 1,hsa-miR-4443,0.25853991508483887
Aortic Diseases,hsa-miR-4443,0.258539617061615
brachydactyly type D,hsa-miR-4443,0.25853872299194336
Sepsis Induced Liver Injury,hsa-miR-4443,0.25853753089904785
Hyperkalemia,hsa-miR-4443,0.2585374116897583
Environmental Illness,hsa-miR-4443,0.25853556394577026
Alcohol Induced Neurogenic Inflammation,hsa-miR-4443,0.2585328221321106
Distal myopathy and Nonaka type,hsa-miR-4443,0.2585291862487793
Thoracic Aortic   Dissection,hsa-miR-4443,0.25852859020233154
Papillon-Lefevre Disease,hsa-miR-4443,0.25852715969085693
Skin Neoplasms and Non-Melanoma,hsa-miR-4443,0.2585262656211853
Osteoarthropathy and Primary Hypertrophic,hsa-miR-4443,0.2585238814353943
Biotinidase Deficiency,hsa-miR-4443,0.25852078199386597
Fibroadenoma,hsa-miR-4443,0.25851941108703613
Malaria and Cerebral,hsa-miR-4443,0.25851303339004517
Sarcoidosis,hsa-miR-4443,0.2585117816925049
Necrosis,hsa-miR-4443,0.2585092782974243
nonsyndromic congenital nail disorder 7,hsa-miR-4443,0.2585064768791199
Hemangioma and Infantile,hsa-miR-4443,0.2585064768791199
Leukemia and Myelomonocytic and Chronic,hsa-miR-4443,0.25850433111190796
Ischemic Stroke and Diabetic,hsa-miR-4443,0.2585030794143677
Ischemic Cerebral Infarction,hsa-miR-4443,0.2585025429725647
Osteoarthritis and Post-Traumatic,hsa-miR-4443,0.2585023045539856
Hearing Disorders,hsa-miR-4443,0.25849878787994385
Uremia,hsa-miR-4443,0.2584978938102722
Multicystic renal dysplasia and bilateral,hsa-miR-4443,0.25849467515945435
skin melanoma,hsa-miR-4443,0.25849443674087524
Poorly Differentiated Thyroid Gland Carcinoma,hsa-miR-4443,0.25849437713623047
Ape Diseases,hsa-miR-4443,0.2584924101829529
Choroidal Neovascularization,hsa-miR-4443,0.258487343788147
Shock and Septic,hsa-miR-4443,0.2584848403930664
ST Elevation Myocardial Infarction,hsa-miR-4443,0.25848388671875
polycystic kidney disease 3,hsa-miR-4443,0.2584794759750366
Acute Lymphoblastic Leukemia and T-Cell,hsa-miR-4443,0.25847816467285156
Cryopyrin-Associated Periodic Syndromes,hsa-miR-4443,0.2584763169288635
Coronary Artery Calcification,hsa-miR-4443,0.258475661277771
Bronchiolitis Obliterans,hsa-miR-4443,0.2584746479988098
Multiple Organ Failure,hsa-miR-4443,0.25847452878952026
Heart Diseases and Congenital,hsa-miR-4443,0.2584730386734009
Viral Myocarditis,hsa-miR-4443,0.2584719657897949
Langer mesomelic dysplasia,hsa-miR-4443,0.25846946239471436
Nephrosis and Lipoid,hsa-miR-4443,0.2584694027900696
Cyprinid Herpesvirus 3,hsa-miR-4443,0.25846827030181885
SHORT syndrome,hsa-miR-4443,0.25846803188323975
Cerebral Hemorrhage and Spontaneous,hsa-miR-4443,0.258466899394989
Obsessive-Compulsive Disorder,hsa-miR-4443,0.258465051651001
Nephrosclerosis,hsa-miR-4443,0.25846368074417114
Dacryocystitis,hsa-miR-4443,0.2584623098373413
Peste-des-Petits-Ruminants,hsa-miR-4443,0.25846171379089355
Gastritis and Pediatric,hsa-miR-4443,0.2584575414657593
Testicular Diseases,hsa-miR-4443,0.2584574818611145
invasive aspergillosis,hsa-miR-4443,0.2584573030471802
Psoriasis,hsa-miR-4443,0.2584572434425354
Substance Abuse and Intravenous,hsa-miR-4443,0.25845593214035034
Kidney Failure and Chronic,hsa-miR-4443,0.2584537863731384
Acromegaly,hsa-miR-4443,0.25845009088516235
Depression and Postpartum,hsa-miR-4443,0.2584494948387146
Lyme Disease,hsa-miR-4443,0.2584494352340698
Precursor T-Cell Lymphoblastic Leukemia-Lymphoma,hsa-miR-4443,0.2584483027458191
Retinal Dystrophies,hsa-miR-4443,0.2584450840950012
Osteoporotic Fracture and Tibial,hsa-miR-4443,0.25844496488571167
Intracranial Hemorrhages,hsa-miR-4443,0.2584429383277893
Keratitis and Herpetic,hsa-miR-4443,0.25844264030456543
Growth Hormone-Secreting Pituitary Adenoma,hsa-miR-4443,0.25844115018844604
Gastric   Cancer,hsa-miR-4443,0.2584397792816162
Mastitis,hsa-miR-4443,0.2584376335144043
Ehlers-Danlos Syndrome,hsa-miR-4443,0.258436918258667
External Auditory Canal Squamous Cell Carcinoma,hsa-miR-4443,0.2584366202354431
Brain Infarction,hsa-miR-4443,0.25843530893325806
Lissencephaly,hsa-miR-4443,0.25843530893325806
Long Term Adverse Effects,hsa-miR-4443,0.2584340572357178
Heart Defects and Congenital,hsa-miR-4443,0.25843387842178345
Bicuspid Aortic Valve Disease,hsa-miR-4443,0.2584308981895447
Brain Injuries and Traumatic,hsa-miR-4443,0.2584298253059387
Lacrimal Adenoid   Cystic Carcinoma,hsa-miR-4443,0.25842899084091187
Disorders of Excessive Somnolence,hsa-miR-4443,0.25842881202697754
Cardiomyopathy dilated with woolly hair and keratoderma,hsa-miR-4443,0.2584238052368164
Bird Diseases,hsa-miR-4443,0.25842106342315674
rippling muscle disease 1,hsa-miR-4443,0.2584165930747986
Cushing Syndrome,hsa-miR-4443,0.25841593742370605
Primary Central Nervous System Lymphoma,hsa-miR-4443,0.2584154009819031
Pulmonary edema of mountaineers,hsa-miR-4443,0.2584154009819031
Nasopharyngeal Neoplasms,hsa-miR-4443,0.2584148645401001
Movement Disorders,hsa-miR-4443,0.258414089679718
Polyomavirus Infections,hsa-miR-4443,0.2584085464477539
Syphilis and primary,hsa-miR-4443,0.2584080696105957
Coronary Artery  Disease,hsa-miR-4443,0.25840723514556885
Tibial Fractures,hsa-miR-4443,0.2584007978439331
Mesothelioma and Malignant and Pleural,hsa-miR-4443,0.2583959698677063
Tetralogy of Fallot,hsa-miR-4443,0.2583931088447571
Turcot syndrome,hsa-miR-4443,0.2583920359611511
Sarcoidosis and Pulmonary,hsa-miR-4443,0.25839096307754517
Urothelial   Carcinoma,hsa-miR-4443,0.2583891749382019
Murine Acquired Immunodeficiency Syndrome,hsa-mir-7844,0.2583865523338318
Fragile X Syndrome,hsa-miR-4443,0.2583845853805542
Ankle Fractures,hsa-miR-4443,0.25838351249694824
Alstrom Syndrome,hsa-miR-4443,0.2583773732185364
Malaria and Vivax,hsa-miR-4443,0.2583765983581543
Mycobacterium Infections and Nontuberculous,hsa-miR-4443,0.2583758234977722
Intracranial  Aneurysm,hsa-miR-4443,0.2583717703819275
Toxoplasmosis and Ocular,hsa-miR-4443,0.25837016105651855
Bk Virus Infections,hsa-miR-4443,0.25836896896362305
Venous Thromboembolism,hsa-miR-4443,0.2583673596382141
cone-rod dystrophy 6,hsa-miR-4443,0.2583651542663574
Neoplasms and Germ Cell and Embryonal,hsa-miR-4443,0.2583547830581665
N acetyltransferase deficiency,hsa-mir-7844,0.2583546042442322
Chorioamnionitis,hsa-miR-4443,0.2583521008491516
salivary gland adenoid cystic carcinoma,hsa-miR-4443,0.25835156440734863
Diabetic Neuropathies,hsa-miR-4443,0.25835084915161133
Psychotic Disorders,hsa-miR-4443,0.25834745168685913
Intestinal Diseases,hsa-miR-4443,0.25834745168685913
Reflex Sympathetic Dystrophy,hsa-miR-4443,0.2583463191986084
Nervous Necrosis Virus Infectious,hsa-miR-4443,0.2583416700363159
Azoospermia and Nonobstructive,hsa-miR-4443,0.2583380341529846
Weight Loss,hsa-miR-4443,0.25833195447921753
Dermatitis and Allergic Contact,hsa-miR-4443,0.2583276629447937
Placental Insufficiency,hsa-miR-4443,0.25832533836364746
Aphasia and Primary Progressive,hsa-miR-4443,0.25832492113113403
Pneumonia and Staphylococcal,hsa-mir-7844,0.2583242654800415
Spinal Cord Diseases,hsa-miR-4443,0.2583242654800415
Trachoma,hsa-miR-4443,0.25832223892211914
Jequier Kozlowski skeletal dysplasia,hsa-miR-450a-5p,0.2583184242248535
Ventricular Dysfunction,hsa-miR-4443,0.25831592082977295
Glucose Intolerance,hsa-mir-7844,0.2583123445510864
Benign Paroxysmal Positional Vertigo,hsa-mir-7844,0.2583118677139282
Endocrine System Diseases,hsa-miR-4443,0.2583053708076477
Legg-Calve-Perthes Disease,hsa-miR-4443,0.2583017349243164
arthrogryposis and renal dysfunction and and cholestasis 1,hsa-mir-7844,0.25829678773880005
Muscular Diseases,hsa-miR-4443,0.2582944631576538
Breast Neoplasms and Basal Cell,hsa-miR-4443,0.25829440355300903
Cerebral Hemorrhage,hsa-mir-7844,0.25829386711120605
Osteoporosis-pseudoglioma syndrome,hsa-miR-4443,0.25828927755355835
Tuberous Sclerosis 1,hsa-mir-7844,0.25828635692596436
Hematoma and Subdural and Chronic,hsa-mir-7844,0.25828230381011963
Human Herpesvirus 6 encephalitis,hsa-mir-7844,0.2582820653915405
Malnutrition,hsa-mir-7844,0.25827348232269287
primary biliary cholangitis 1,hsa-mir-7844,0.2582678198814392
Hepatorenal Syndrome,hsa-mir-7844,0.2582640051841736
Leukemia and Myeloid,hsa-mir-7844,0.25826138257980347
Sleep Deprivation,hsa-miR-4443,0.2582598924636841
mitochondrial DNA depletion syndrome 4b,hsa-mir-7844,0.2582588195800781
Brain Ischemia ,hsa-miR-4443,0.2582576870918274
Thromboangiitis Obliterans,hsa-mir-7844,0.2582569122314453
Coronary Stenosis,hsa-miR-4443,0.2582554817199707
Cancer-Associated Cachexia,hsa-mir-7844,0.2582533359527588
Bovine Virus Diarrhea-Mucosal Disease,hsa-mir-7844,0.25825315713882446
Myeloproliferative Disorders,hsa-mir-7844,0.2582499384880066
ovary adenocarcinoma,hsa-mir-7844,0.25824594497680664
Acute  Kidney Injury,hsa-mir-7844,0.2582452893257141
Pica,hsa-miR-4443,0.25824403762817383
Reperfusion Injury and Intestinal Ischemia,hsa-mir-7844,0.2582437992095947
Oropharyngeal Neoplasms,hsa-miR-4443,0.25824111700057983
Encephalomyelitis and Acute Disseminated,hsa-miR-4443,0.25824058055877686
Wound Healing,hsa-mir-7844,0.2582402229309082
Bone Regeneration,hsa-mir-7844,0.2582384943962097
Adenocarcinoma and Follicular,hsa-mir-7844,0.2582351565361023
Delayed Graft Function,hsa-miR-4443,0.25823330879211426
Sarcoma and Ewing,hsa-mir-7844,0.25823163986206055
Bloom Syndrome,hsa-mir-7844,0.2582305669784546
Facial Nerve Diseases,hsa-miR-4443,0.2582305073738098
Drug Hypersensitivity,hsa-mir-7844,0.2582302689552307
Kahrizi Syndrome,hsa-mir-7844,0.2582252025604248
Aortic Diseases,hsa-mir-7844,0.2582228183746338
Deltaretrovirus Infections,hsa-mir-7844,0.25822269916534424
Mycobacterium avium-intracellulare Infection,hsa-miR-4443,0.25822240114212036
Hyperkalemia,hsa-mir-7844,0.2582206726074219
Premature Ovarian Aging,hsa-mir-7844,0.2582206726074219
Myocarditis,hsa-mir-7844,0.2582177519798279
intracranial berry aneurysm 3,hsa-miR-4443,0.25821542739868164
Erythroblastosis and Fetal,hsa-miR-4443,0.25821417570114136
Rhabdomyosarcoma 1,hsa-miR-4443,0.2582133412361145
Multiple Sclerosis and Chronic Progressive,hsa-mir-7844,0.2582132816314697
Halal syndrome,hsa-mir-7844,0.25821059942245483
Liver Cirrhosis and Alcoholic,hsa-mir-7844,0.2582102417945862
Allograft Rejection and Antibody-Mediated,hsa-miR-4443,0.2582082152366638
Lupus Nephritis,hsa-mir-7844,0.2582077980041504
late onset Parkinson's disease,hsa-miR-4443,0.258206307888031
Atrial Dilatation,hsa-miR-4443,0.2582052946090698
Hepatitis and Chronic,hsa-miR-4443,0.2582050561904907
Muscular Dystrophies,hsa-mir-7844,0.25820279121398926
Leukemia and Myeloid and Chronic and Atypical and BCR-ABL Negative,hsa-miR-4443,0.2582017779350281
Neuroleptic Malignant Syndrome,hsa-mir-7844,0.25819945335388184
Acrodermatitis enteropathica,hsa-miR-4443,0.25819849967956543
Endometrial Hyperplasia,hsa-mir-7844,0.25819748640060425
Pyelonephritis,hsa-miR-4444,0.25819623470306396
Hepacivirus,hsa-mir-7844,0.25819504261016846
Rectal Prolapse,hsa-miR-4443,0.2581942677497864
Ventricular Remodeling,hsa-miR-4443,0.2581935524940491
Oral Submucous Fibrosis,hsa-mir-7844,0.2581920027732849
Cholestasis and Intrahepatic,hsa-miR-4443,0.2581918239593506
frontotemporal dementia,hsa-miR-4443,0.2581896185874939
Gingivitis,hsa-mir-7844,0.2581884264945984
Lipodystrophy and Partial and Acquired,hsa-miR-4443,0.25818759202957153
Hematologic Neoplasms,hsa-mir-7844,0.2581866383552551
Ischemic Stroke and Diabetic,hsa-mir-7844,0.25818634033203125
Shoulder Injuries,hsa-miR-4443,0.2581852674484253
Aspergillosis and Allergic Bronchopulmonary,hsa-mir-7844,0.25818467140197754
Syphilis and secondary,hsa-miR-4443,0.2581837773323059
Immune-Mediated Inflammatory Diseases,hsa-mir-7844,0.25818371772766113
Thrombosis,hsa-miR-4443,0.25818324089050293
Wasting Disease and Chronic,hsa-mir-7844,0.258181095123291
Gluteal Muscle Contracture,hsa-miR-4443,0.2581794261932373
Coronary Restenosis,hsa-mir-7844,0.2581791877746582
Uterine Diseases,hsa-miR-4443,0.25817739963531494
Liver Failure and Acute,hsa-miR-4443,0.25817662477493286
Hair Diseases,hsa-miR-4443,0.258176326751709
Tracheal Stenosis,hsa-mir-7844,0.2581756114959717
Hind Limb Ischemia,hsa-mir-7844,0.25817322731018066
Neurofibromatosis 2,hsa-mir-7844,0.25817155838012695
Hemangioma and Cavernous,hsa-miR-4443,0.2581711411476135
Giant Cell Arteritis,hsa-mir-7844,0.2581665515899658
Granulosa Cell Tumor,hsa-miR-4443,0.25816547870635986
Intestinal Fistula,hsa-miR-4443,0.2581651210784912
Myositis,hsa-miR-4443,0.2581647038459778
ABCD syndrome,hsa-miR-4443,0.25816458463668823
Large Artery  Atherosclerosis,hsa-miR-4443,0.2581637501716614
Early Embryonic Arrestdagger,hsa-miR-4443,0.2581632137298584
Myeloproliferative Disorder and Chronic and with Eosinophilia,hsa-miR-4443,0.25816214084625244
Spermatic Cord Torsion,hsa-mir-7844,0.2581613063812256
High Grade Ovarian Neoplasms,hsa-mir-7844,0.2581599950790405
Hepatitis C and Chronic,hsa-mir-7844,0.25815874338150024
Viral Myocarditis,hsa-mir-7844,0.25815528631210327
Anemia,hsa-mir-7844,0.2581546902656555
Langer mesomelic dysplasia,hsa-mir-7844,0.25815290212631226
Abortion and Septic,hsa-mir-7844,0.25815021991729736
Cardiovascular And   Cerebrovascular Diseases,hsa-miR-4443,0.25814950466156006
Erectile Dysfunction,hsa-miR-4443,0.25814753770828247
Nephrosclerosis,hsa-mir-7844,0.25814712047576904
Sexual Dysfunctions and Psychological,hsa-miR-4443,0.25814688205718994
 Equine Hepacivirus Infections,hsa-mir-7844,0.25814545154571533
Enterovirus B and Human,hsa-mir-7844,0.25814247131347656
Pseudarthrosis,hsa-mir-7844,0.25814229249954224
Fibrous Dysplasia of Bone,hsa-miR-4443,0.25814175605773926
Respiratory Syncytial Virus Infections,hsa-mir-7844,0.2581414580345154
Gastritis and Pediatric,hsa-mir-7844,0.2581409811973572
Psoriasis,hsa-mir-7844,0.2581406831741333
Hirschsprung Disease,hsa-mir-7844,0.25813978910446167
Substance Abuse and Intravenous,hsa-mir-7844,0.25813937187194824
Neuropathic Lysosomal Storage Diseases,hsa-mir-7844,0.2581382989883423
Congenital central hypoventilation syndrome,hsa-mir-7844,0.2581380009651184
Carcinoma and Small Cell,hsa-mir-7844,0.25813794136047363
Carotid Artery Diseases,hsa-miR-4443,0.2581368684768677
Hypoplastic Left Heart Syndrome,hsa-mir-7844,0.2581350803375244
Cachexia,hsa-mir-7844,0.2581348419189453
Acromegaly,hsa-mir-7844,0.25813353061676025
Pulmonary Veno-Occlusive Disease,hsa-miR-4443,0.2581315040588379
Canine Mammary Carcinoma,hsa-mir-7844,0.2581314444541931
Obesity and Abdominal,hsa-mir-7844,0.25813084840774536
Reperfusion Injury and Pulmonary Ischemia,hsa-mir-7844,0.25813013315200806
Smooth Muscle Tumor,hsa-miR-4443,0.2581290602684021
von Hippel-Lindau Disease,hsa-miR-4443,0.2581266164779663
White Dot Syndromes,hsa-miR-4443,0.25812143087387085
Mastitis,hsa-mir-7844,0.2581210136413574
Diastrophic dysplasia,hsa-mir-7844,0.2581191062927246
Lissencephaly,hsa-mir-7844,0.25811874866485596
Brain Infarction,hsa-mir-7844,0.25811874866485596
Rotavirus Infections,hsa-miR-4443,0.25811833143234253
lung squamous cell carcinoma,hsa-miR-4443,0.25811827182769775
Intracranial Aneurysm,hsa-miR-4443,0.25811767578125
Graves Disease,hsa-mir-7844,0.2581173777580261
Nager acrofacial dysostosis,hsa-mir-7844,0.25811678171157837
Arthrogryposis and ectodermal dysplasia,hsa-mir-7844,0.2581160068511963
Bipolar Disorder,hsa-miR-4443,0.2581157088279724
Emphysema,hsa-miR-4443,0.2581111788749695
Periodontal Cyst,hsa-miR-4443,0.2581111788749695
Lymphoma and Natural   Killer/T-Cell,hsa-mir-7844,0.2581103444099426
Hyperinsulinism,hsa-mir-7844,0.2581077218055725
Hyperoxia-Induced Lung Injury,hsa-mir-7844,0.2581043839454651
Paget Disease and Extramammary,hsa-miR-4443,0.258103609085083
Sexually Transmitted Diseases and Viral,hsa-miR-4443,0.2581034302711487
Liver Cirrhosis and Hepatitis Virus B-Related,hsa-mir-7844,0.25810301303863525
Immune System Diseases,hsa-miR-4443,0.25810158252716064
Primary Central Nervous System Lymphoma,hsa-mir-7844,0.2580987215042114
Obesity and Osteosarcopenic,hsa-miR-4443,0.25808924436569214
Parathyroid Neoplasms,hsa-mir-7844,0.2580876350402832
Neoplastic Cells and Circulating,hsa-miR-4443,0.2580872178077698
GATA2 Deficiency,hsa-mir-7844,0.25808560848236084
Bone Pain,hsa-mir-7844,0.2580837607383728
Chagas Disease,hsa-mir-7844,0.2580831050872803
Hypoxia and Brain,hsa-miR-4443,0.25808221101760864
Helicobacter pylori,hsa-mir-7844,0.2580806016921997
Mesothelioma and Malignant and Pleural,hsa-mir-7844,0.2580792307853699
Melanoma and Experimental,hsa-mir-7844,0.258078932762146
spondyloepimetaphyseal dysplasia and Strudwick type,hsa-miR-4443,0.25807851552963257
Papilloma and Choroid Plexus,hsa-mir-7844,0.25807255506515503
Rhabdoviridae,hsa-mir-7844,0.2580719590187073
Fragile X Syndrome,hsa-mir-7844,0.2580678462982178
Condylomata Acuminata,hsa-miR-4443,0.25806552171707153
Osteoporotic Fractures,hsa-mir-7844,0.2580640912055969
Malaria and Vivax,hsa-mir-7844,0.25805991888046265
Amelogenesis Imperfecta,hsa-miR-4443,0.2580561637878418
Ullrich congenital muscular dystrophy,hsa-mir-7844,0.258056104183197
Pulmonary Eosinophilia,hsa-mir-7844,0.25805503129959106
Cysts,hsa-mir-7844,0.2580546736717224
Necrobiotic Disorders,hsa-mir-7844,0.25804972648620605
cone-rod dystrophy 6,hsa-mir-7844,0.2580483555793762
Alveolar echinococcosis,hsa-miR-4443,0.2580428719520569
Periapical Diseases,hsa-miR-4443,0.25803935527801514
Cartilage Degradation,hsa-mir-7844,0.25803613662719727
Hemoglobin Bart'S Hydrops   Fetalis Syndrome,mmu-miR-743a,0.2580329179763794
Intestinal Diseases,hsa-mir-7844,0.2580307722091675
Liver Diseases and Alcoholic,mmu-miR-743a,0.25802576541900635
Infant Nutrition Disorders,mmu-miR-743a,0.2580254077911377
Focal Infection,hsa-mir-7844,0.2580181360244751
Thrombotic Stroke,hsa-mir-7844,0.25801581144332886
Weight Loss,hsa-mir-7844,0.2580152750015259
Rhabdoid Tumor and Kidney,hsa-miR-296-3p,0.25801438093185425
Kartagener Syndrome,hsa-mir-7844,0.2580110430717468
Stiff-Person Syndrome,mmu-miR-743a,0.2580029368400574
acute myocardial infarction,mmu-miR-743a,0.25800228118896484
Interstitial Fibrosis and Renal,mmu-miR-743a,0.25799989700317383
Ventricular Dysfunction,hsa-mir-7844,0.25799936056137085
Hearing Loss and Unilateral,mmu-miR-743a,0.2579875588417053
ovarian clear cell carcinoma,hsa-miR-296-3p,0.2579859495162964
Ventricular Dysfunction and Left,mmu-miR-743a,0.25798386335372925
Meningitis and Fungal,hsa-mir-7844,0.25798338651657104
Hypocalciuric hypercalcemia and familial and type 1,mmu-miR-743a,0.2579824924468994
Familial primary gastric lymphoma,mmu-miR-743a,0.257972776889801
Acute Coronary Syndrome and Non-St  Elevation,mmu-miR-743a,0.2579697370529175
Leukokeratosis and Hereditary Mucosal,mmu-miR-743a,0.25796717405319214
Cerebral Hemorrhage,mmu-miR-743a,0.2579662799835205
Hydrocephalus,hsa-mir-7844,0.2579649090766907
Polycythemia Vera,mmu-miR-743a,0.2579616904258728
Tuberous Sclerosis 1,mmu-miR-743a,0.2579588294029236
Synucleinopathies,mmu-miR-743a,0.25795549154281616
Postoperative Complications,mmu-miR-743a,0.25795066356658936
Lumbar Radicular Pain,hsa-mir-7844,0.2579505443572998
Glycogen Storage Disease Type VI,mmu-miR-743a,0.25794756412506104
Malnutrition,mmu-miR-743a,0.2579459547996521
Atrophy,hsa-mir-7844,0.257942259311676
Brain Ischemia ,hsa-mir-7844,0.25794100761413574
Adiposis Dolorosa,mmu-miR-743a,0.25793278217315674
Heart Septal Defects and Ventricular,mmu-miR-743a,0.25793176889419556
Skin Pigmentation,mmu-miR-743a,0.25793135166168213
mitochondrial DNA depletion syndrome 4b,mmu-miR-743a,0.2579312324523926
Carcinoma and Squamous Cell and Cutaneous,mmu-miR-743a,0.25792884826660156
Primary Gastrointestinal Diffuse Large B-Cell Lymphoma ,hsa-miR-296-3p,0.25792837142944336
Pica,hsa-mir-7844,0.25792747735977173
Cardiomyopathy and Dilated and with Left Ventricular Noncompaction,mmu-miR-743a,0.2579273581504822
Cancer-Associated Cachexia,mmu-miR-743a,0.25792574882507324
Bovine Virus Diarrhea-Mucosal Disease,mmu-miR-743a,0.2579255700111389
Meniere Disease,mmu-miR-743a,0.25792455673217773
Oropharyngeal Neoplasms,hsa-mir-7844,0.25792455673217773
Niemann-Pick disease type C1,mmu-miR-743a,0.257917582988739
Leukemia and Acute,hsa-mir-7844,0.25791335105895996
Prion Diseases,hsa-mir-7844,0.2579129934310913
Posterior Segment Ocular Diseases,hsa-miR-296-3p,0.2579110264778137
Bone Regeneration,mmu-miR-743a,0.25791096687316895
Microscopic Polyangiitis,mmu-miR-743a,0.257906973361969
Post-Cardiac Arrest Syndrome,mmu-miR-743a,0.2579064965248108
Mycobacterium avium-intracellulare Infection,hsa-mir-7844,0.25790584087371826
Sveinsson Chorioretinal Atrophy,mmu-miR-743a,0.25790268182754517
Welander distal myopathy and Swedish type,mmu-miR-743a,0.25790202617645264
Porphyria and Variegate,hsa-mir-7844,0.25790148973464966
Finnish lethal neonatal metabolic syndrome,mmu-miR-743a,0.25789928436279297
Leigh Disease,mmu-miR-743a,0.2578964829444885
low grade glioma,mmu-miR-743a,0.2578948140144348
Hyperkalemia,mmu-miR-743a,0.2578931450843811
Craniosynostosis radial aplasia syndrome,hsa-mir-7844,0.25789207220077515
Rectal Neoplasms,mmu-miR-743a,0.25788843631744385
Epidermodysplasia Verruciformis,hsa-mir-7844,0.25788456201553345
Thoracic Aortic   Dissection,mmu-miR-743a,0.2578842043876648
Pleomorphic Sarcoma and Undifferentiated,mmu-miR-743a,0.2578829526901245
Gastric Precancerous Lesion,mmu-miR-743a,0.25788217782974243
Breast Diseases,hsa-mir-7844,0.25788211822509766
Skin Neoplasms and Non-Melanoma,mmu-miR-743a,0.2578819990158081
Aneuploidy,mmu-miR-743a,0.2578809857368469
Lupus Nephritis,mmu-miR-743a,0.2578802704811096
Hyperparathyroidism and Primary,mmu-miR-743a,0.2578796148300171
mucinous cystadenocarcinoma of pancreas,mmu-miR-743a,0.2578781843185425
Asymptomatic Infections,hsa-mir-7844,0.2578776478767395
dystonia 5,hsa-mir-7844,0.2578774690628052
Ventricular Remodeling,hsa-mir-7844,0.2578768730163574
Pancreatitis,mmu-miR-743a,0.25787562131881714
Fibroadenoma,mmu-miR-743a,0.2578752040863037
Cholestasis and Intrahepatic,hsa-mir-7844,0.25787514448165894
Primary Graft Dysfunction,mmu-miR-743a,0.2578737139701843
frontotemporal dementia,hsa-mir-7844,0.25787287950515747
Out-of-Hospital Cardiac Arrest,hsa-mir-7844,0.25787216424942017
Lipodystrophy and Partial and Acquired,hsa-mir-7844,0.25787079334259033
Malaria and Cerebral,mmu-miR-743a,0.25786882638931274
Mitochondrial Diseases,mmu-miR-743a,0.25786811113357544
Carcinoma and Ductal and Breast,mmu-miR-743a,0.25786304473876953
Tooth Diseases,hsa-mir-7844,0.25786250829696655
Hemangioma and Infantile,mmu-miR-743a,0.25786226987838745
Schopf-Schulz-Passarge Syndrome,hsa-mir-7844,0.2578604221343994
Leukemia and Myelomonocytic and Chronic,mmu-miR-743a,0.25786006450653076
Liver Failure and Acute,hsa-mir-7844,0.2578599452972412
Osteoarthritis and Post-Traumatic,mmu-miR-743a,0.25785791873931885
Ovarian Insufficiency and Premature,mmu-miR-743a,0.2578563094139099
Vascular System Injuries,mmu-miR-743a,0.2578560709953308
Hemangioma and Cavernous,hsa-mir-7844,0.2578544020652771
Colonic Polyps,mmu-miR-743a,0.25785285234451294
Sleep Apnea Syndromes,mmu-miR-743a,0.2578522562980652
Multicystic renal dysplasia and bilateral,mmu-miR-743a,0.2578504681587219
Lumbosacral Spinal Root Avulsion,mmu-miR-743a,0.25784939527511597
Intestinal Fistula,hsa-mir-7844,0.2578483819961548
Bronchopneumonia,hsa-mir-7844,0.2578467130661011
Arthritis and Gouty,hsa-mir-7844,0.2578449249267578
Exanthema,mmu-miR-743a,0.25784438848495483
Infant and Newborn and Diseases,mmu-miR-743a,0.25784188508987427
Rett Syndrome,mmu-miR-743a,0.2578399181365967
Meibomian Gland Carcinoma  ,mmu-miR-743a,0.2578393220901489
Giant Cell Arteritis,mmu-miR-743a,0.2578389048576355
Glomus Tumor,mmu-miR-743a,0.25783735513687134
Acute Lymphocytic Leukemia and B-Cell,mmu-miR-743a,0.2578365206718445
Alzheimer Disease ,mmu-miR-743a,0.2578355669975281
polycystic kidney disease 3,mmu-miR-743a,0.2578352093696594
Microvascular Obstruction,hsa-mir-7844,0.2578350305557251
Spermatic Cord Torsion,mmu-miR-743a,0.2578337788581848
Gastrinoma,mmu-miR-743a,0.25783371925354004
Acne Vulgaris,mmu-miR-743a,0.25783348083496094
Cardiovascular And   Cerebrovascular Diseases,hsa-mir-7844,0.2578328251838684
Chordoma,mmu-miR-743a,0.25783252716064453
High Grade Ovarian Neoplasms,mmu-miR-743a,0.2578323483467102
Cryopyrin-Associated Periodic Syndromes,mmu-miR-743a,0.25783205032348633
Telangiectasia and Hereditary Hemorrhagic,mmu-miR-743a,0.25783032178878784
Fibrous Dysplasia of Bone,hsa-mir-7844,0.2578248977661133
Pyloric Hypomotility,hsa-mir-7844,0.25782400369644165
obstructive nephropathy,hsa-mir-7844,0.2578238844871521
Abortion and Septic,mmu-miR-743a,0.25782257318496704
Nephrosclerosis,mmu-miR-743a,0.25781941413879395
Lesch-Nyhan Syndrome,mmu-miR-743a,0.25781822204589844
Hepatitis,hsa-mir-7844,0.25781553983688354
Enterovirus B and Human,mmu-miR-743a,0.25781482458114624
Larva Migrans and Visceral,mmu-miR-743a,0.2578147053718567
Polymyositis,mmu-miR-743a,0.25781238079071045
Smooth Muscle Tumor,hsa-mir-7844,0.25781238079071045
Megalencephalic leukoencephalopathy with subcortical cysts,mmu-miR-743a,0.25781184434890747
Neuropathic Lysosomal Storage Diseases,mmu-miR-743a,0.25781065225601196
C syndrome,hsa-mir-7844,0.2578098177909851
Cachexia,mmu-miR-743a,0.2578071355819702
Rhinitis and Allergic,mmu-miR-743a,0.2578067183494568
Muscular Atrophy and Spinal,hsa-mir-7844,0.2578055262565613
Polycythemia and High Altitude,mmu-miR-743a,0.2578039765357971
Canine Mammary Carcinoma,mmu-miR-743a,0.2578037977218628
Autistic Disorder,mmu-miR-743a,0.25780338048934937
Digitorenocerebral Syndrome,mmu-miR-743a,0.25780123472213745
Osteoporotic Fracture and Tibial,mmu-miR-743a,0.2578006982803345
Prolactinoma,hsa-mir-7844,0.2577999234199524
Intracranial Hemorrhages,mmu-miR-743a,0.2577986717224121
Growth Hormone-Secreting Pituitary Adenoma,mmu-miR-743a,0.2577968239784241
Eunuchism,mmu-miR-743a,0.2577962875366211
Phenylketonurias,mmu-miR-743a,0.257795512676239
paramyotonia congenita of Von Eulenburg,mmu-miR-743a,0.25779491662979126
Chromate Resistance,mmu-miR-743a,0.2577939033508301
Muscular Dystrophy and Facioscapulohumeral,hsa-mir-7844,0.2577937841415405
Ehlers-Danlos Syndrome,mmu-miR-743a,0.2577926516532898
Rectal Diseases,hsa-mir-7844,0.2577924132347107
Bone Diseases and Metabolic,mmu-miR-743a,0.25779223442077637
Lung Carcinoid,hsa-mir-7844,0.2577921748161316
Diastrophic dysplasia,mmu-miR-743a,0.2577914595603943
Immune System Diseases,hsa-mir-7844,0.25778502225875854
Carotid Artery Injuries,mmu-miR-743a,0.25778496265411377
Barrett Esophagus,mmu-miR-743a,0.2577841281890869
Coronavirus Infections,hsa-mir-7844,0.25778090953826904
Salivary Gland Pleomorphic Adenoma,hsa-mir-7844,0.2577804923057556
renal fibrosis,mmu-miR-743a,0.2577803134918213
non-alcoholic fatty liver,hsa-mir-7844,0.257779061794281
Hyperoxia-Induced Lung Injury,mmu-miR-743a,0.25777679681777954
Liver Failure,mmu-miR-743a,0.25777584314346313
gastric cardia adenocarcinoma,mmu-miR-743a,0.2577751874923706
Varicose Veins,hsa-mir-7844,0.2577728033065796
rippling muscle disease 1,mmu-miR-743a,0.25777220726013184
Pulmonary edema of mountaineers,mmu-miR-743a,0.2577711343765259
Neoplastic Cells and Circulating,hsa-mir-7844,0.2577706575393677
Nasopharyngeal Neoplasms,mmu-miR-743a,0.2577705979347229
spondyloepimetaphyseal dysplasia and Strudwick type,hsa-mir-7844,0.25776195526123047
Hepatitis E,hsa-mir-7844,0.2577614188194275
Aortic Aneurysm,mmu-miR-743a,0.25775957107543945
Multiple Pulmonary Nodules,mmu-miR-743a,0.2577587366104126
Hypertension and Pregnancy-Induced,hsa-mir-7844,0.257757306098938
Bronchial Hyperreactivity,mmu-miR-743a,0.25775718688964844
Ectrodactyly-cleft lip-palate syndrome,mmu-miR-743a,0.2577560544013977
Ethylmalonic encephalopathy,hsa-mir-7844,0.25775521993637085
Blood Platelet Disorders,hsa-mir-7844,0.2577519416809082
Postural Orthostatic Tachycardia Syndrome,hsa-mir-7844,0.25775039196014404
Splenic Diseases,mmu-miR-743a,0.2577502727508545
Respirovirus Infections,mmu-miR-743a,0.257748007774353
Papilloma and Choroid Plexus,mmu-miR-743a,0.25774502754211426
Juvenile gout,hsa-miR-296-3p,0.257743239402771
Tuberculosis and Meningeal,mmu-miR-743a,0.25774067640304565
Fragile X Syndrome,mmu-miR-743a,0.257740318775177
Amelogenesis Imperfecta,hsa-mir-7844,0.25773948431015015
Ankle Fractures,mmu-miR-743a,0.2577393054962158
Myotonic Disorders,hsa-mir-7844,0.2577354907989502
Cysts,mmu-miR-743a,0.25772714614868164
Neovascularization and Pathologic,mmu-miR-743a,0.2577242851257324
Osteoporosis and Postmenopausal,mmu-miR-743a,0.2577212452888489
Stomatitis and Herpetic,mmu-miR-743a,0.257720410823822
Iridocorneal Endothelial Syndrome,hsa-miR-150-5p,0.2577194571495056
Carcinoma and Merkel Cell,mmu-miR-743a,0.2577086091041565
Psychotic Disorders,mmu-miR-743a,0.2577032446861267
Hyperplasia,mmu-miR-743a,0.2576964497566223
Zika virus congenital syndrome,mmu-miR-743a,0.2576964497566223
Focal Infection,mmu-miR-743a,0.2576906085014343
Endocrine System Diseases,mmu-miR-743a,0.25766104459762573
Carcinoma and Basal Cell and Skin,mmu-miR-743a,0.25765788555145264
Meningitis and Fungal,mmu-miR-743a,0.2576557397842407
Sleep Deprivation,mmu-miR-743a,0.2576156258583069
Microphthalmos,mmu-miR-743a,0.25761550664901733
Cardiomyopathy and Hypertrophic,mmu-miR-743a,0.2576014995574951
Pica,mmu-miR-743a,0.25759977102279663
Oropharyngeal Neoplasms,mmu-miR-743a,0.2575969099998474
Hyperandrogenism,mmu-miR-743a,0.2575874924659729
Opioid-Related Disorders,mmu-miR-743a,0.25758278369903564
Mycobacterium avium-intracellulare Infection,mmu-miR-743a,0.25757819414138794
Acute Coronary Syndrome ,mmu-miR-743a,0.2575553059577942
Poisoning,mmu-miR-743a,0.2575532793998718
Rectal Prolapse,mmu-miR-743a,0.2575499415397644
Cholestasis and Intrahepatic,mmu-miR-743a,0.2575475573539734
Leukemia and Monocytic and Acute,mmu-miR-743a,0.2575414180755615
Prosthesis Failure,mmu-miR-743a,0.2575412392616272
Shoulder Injuries,mmu-miR-743a,0.25754088163375854
Zika Virus Infection,mmu-miR-743a,0.25753992795944214
Intestinal Atresia,mmu-miR-743a,0.257537305355072
Lymphoma and B-Cell and Diffuse,mmu-miR-743a,0.2575337290763855
Hair Diseases,mmu-miR-743a,0.257532000541687
Rubella Syndrome and Congenital,mmu-miR-743a,0.25752687454223633
Depression and Post Stroke,mmu-miR-743a,0.2575252652168274
Arteriosclerosis,mmu-miR-743a,0.2575221061706543
Eclampsia,mmu-miR-743a,0.25752002000808716
Arthritis and Gouty,mmu-miR-743a,0.25751733779907227
Arbovirus Infections,mmu-miR-743a,0.25751304626464844
Ichthyosis and Lamellar,mmu-miR-743a,0.257512629032135
Poikiloderma with Neutropenia,mmu-miR-743a,0.2575101852416992
Peritoneal Diseases,mmu-miR-743a,0.25750672817230225
Cardiovascular And   Cerebrovascular Diseases,mmu-miR-743a,0.25750523805618286
Pyloric Hypomotility,mmu-miR-743a,0.2574964761734009
Encephalitis and Tick-Borne,hsa-miR-218-1,0.25749582052230835
Retinal Neovascularization,mmu-miR-743a,0.25748759508132935
Smooth Muscle Tumor,mmu-miR-743a,0.2574848532676697
Foot Ulcer,mmu-miR-743a,0.25748366117477417
von Hippel-Lindau Disease,mmu-miR-743a,0.2574823498725891
Rotavirus Infections,mmu-miR-743a,0.2574739456176758
Pheochromocytoma,mmu-miR-743a,0.2574716806411743
Short Qt Syndrome,hsa-miR-105-1,0.25746774673461914
Salivary Gland Pleomorphic Adenoma,mmu-miR-743a,0.2574527859687805
Varicose Veins,mmu-miR-743a,0.2574450969696045
Hypoxia and Brain,mmu-miR-743a,0.25743794441223145
Hypertriglyceridemia,mmu-miR-743a,0.25740331411361694
Alopecia Areata,mmu-miR-743a,0.2573990821838379
Autoimmune Diseases of the Nervous System,hsa-miR-218-1,0.2573867440223694
Lung Diseases and Interstitial,mmu-miR-743a,0.2573760747909546
Periodontitis and Diabetic,hsa-miR-218-1,0.2573680877685547
Chronic  Rhinosinusitis With Nasal Polyps,hsa-miR-218-1,0.25733262300491333
Amyloidosis,mmu-miR-743a,0.2573317885398865
X-linked spermatogenic failure 1,hsa-miR-218-1,0.25730329751968384
Tissue Adhesions,hsa-miR-218-1,0.2572724223136902
Lattice corneal dystrophy type 1,hsa-miR-218-1,0.2572537064552307
Reperfusion Injury and Testicular Ischemia,hsa-miR-218-1,0.2572486996650696
Systemic Inflammatory Response Syndrome,hsa-miR-450a-5p,0.2571689486503601
Mycobacterium Infections,hsa-miR-450a-5p,0.25714969635009766
Multiple Endocrine Neoplasia Type 1,hsa-miR-218-1,0.2570342421531677
Polycystic Kidney Diseases,hsa-miR-450a-5p,0.2570052742958069
Adenocarcinoma Of Esophagus,hsa-miR-218-1,0.2569988965988159
Polyposis Syndrome and Hereditary Mixed and 1,hsa-miR-218-1,0.25699061155319214
Adrenocortical Adenoma,hsa-miR-218-1,0.2569712996482849
Esophageal Neoplasms,hsa-miR-4492,0.2568584680557251
Murine Acquired Immunodeficiency Syndrome,hsa-mir-8080,0.2565285563468933
Sleep Initiation and Maintenance Disorders,hsa-mir-8080,0.2565068006515503
Thyroiditis and Subacute,hsa-mir-8080,0.2564966678619385
Hemorrhagic Fever and Ebola,hsa-mir-8080,0.2564963698387146
Myasthenia Gravis with Thymus Hyperplasia,hsa-mir-8080,0.2564805746078491
Stiff-Person Syndrome,hsa-mir-8080,0.25647252798080444
Renal Tubular Oxidative Injury,hsa-mir-8080,0.2564724087715149
Typical Teratoid Rhabdoid Tumor,hsa-mir-8080,0.2564694285392761
Benign Paroxysmal Positional Vertigo,hsa-mir-8080,0.25645387172698975
Ventricular Dysfunction and Left,hsa-mir-8080,0.25645339488983154
Heart Valve Diseases,hsa-mir-8080,0.256452739238739
Carotid Stenosis,hsa-mir-8080,0.2564520835876465
Bowen-Conradi syndrome,hsa-mir-8080,0.25644874572753906
Nevi and Melanomas,hsa-miR-181c,0.2564420700073242
Altitude Sickness,hsa-mir-8080,0.2564367651939392
Prostatitis,hsa-mir-8080,0.2564331889152527
Thymoma,hsa-mir-8080,0.25642311573028564
Thrombocythemia and Essential,hsa-mir-8080,0.2564142346382141
Thyroid Carcinoma and Anaplastic,hsa-mir-8080,0.2564067840576172
Leukemia and Myeloid,hsa-mir-8080,0.256403386592865
Staphylococcal Scalded Skin Syndrome,hsa-mir-8080,0.2564014792442322
Pain and Inflammatory,hsa-mir-8080,0.2564011216163635
Cardiomyopathy and Dilated and with Left Ventricular Noncompaction,hsa-mir-8080,0.2563968896865845
Bovine Virus Diarrhea-Mucosal Disease,hsa-mir-8080,0.256395161151886
Myeloproliferative Disorders,hsa-mir-8080,0.2563919425010681
Acute  Kidney Injury,hsa-mir-8080,0.2563874125480652
Reperfusion Injury and Intestinal Ischemia,hsa-mir-8080,0.2563859224319458
ACTH Syndrome and Ectopic,hsa-mir-8080,0.25638294219970703
Femur Head Necrosis,hsa-mir-8080,0.2563789486885071
Genital Diseases and Female,hsa-mir-8080,0.25637680292129517
Welander distal myopathy and Swedish type,hsa-mir-8080,0.2563716173171997
Growth Disorders,hsa-mir-8080,0.2563662528991699
Leigh Disease,hsa-mir-8080,0.2563660740852356
Premature Ovarian Aging,hsa-mir-8080,0.2563626766204834
Gastric Intestinal   Metaplasia,hsa-mir-8080,0.2563619017601013
Autism Spectrum Disorder,hsa-mir-8080,0.2563571333885193
Multiple Sclerosis and Chronic Progressive,hsa-mir-8080,0.2563551664352417
Distal myopathy and Nonaka type,hsa-mir-8080,0.25635451078414917
Thoracic Aortic   Dissection,hsa-mir-8080,0.25635379552841187
Halal syndrome,hsa-mir-8080,0.2563525438308716
Osteochondromatosis,hsa-mir-8080,0.25635117292404175
DNA Repair-Deficiency Disorders,hsa-mir-8080,0.25634950399398804
Inflammatory Osteolysis,hsa-mir-8080,0.25634700059890747
Fibroadenoma,hsa-mir-8080,0.256344735622406
Airway Inflammation,hsa-mir-8080,0.2563403844833374
Malaria and Cerebral,hsa-mir-8080,0.25633835792541504
Parasitic Diseases,hsa-mir-8080,0.2563323974609375
Gingivitis,hsa-mir-8080,0.25633031129837036
Aspergillosis and Allergic Bronchopulmonary,hsa-mir-8080,0.2563265562057495
Pain and Postoperative,hsa-mir-8080,0.2563260793685913
Uremia,hsa-mir-8080,0.2563231587409973
Cystic Fibrosis,hsa-mir-8080,0.25632041692733765
Poorly Differentiated Thyroid Gland Carcinoma,hsa-mir-8080,0.25631970167160034
arteriosclerotic cardiovascular disease,hsa-mir-8080,0.25631821155548096
Acute Lymphoblastic Leukemia and B-Cell,hsa-mir-8080,0.25631433725357056
MPTP Poisoning,hsa-mir-8080,0.2563142776489258
Osteoarthritis and Spine,hsa-mir-8080,0.2563123106956482
Infant and Newborn and Diseases,hsa-mir-8080,0.25631141662597656
Acute Lymphoblastic Leukemia and T-Cell,hsa-mir-8080,0.25630348920822144
High Grade Ovarian Neoplasms,hsa-mir-8080,0.2563018798828125
Sensation Disorders,hsa-mir-8080,0.2563015818595886
Arrhythmogenic Heart Diseases,hsa-mir-8080,0.2563003897666931
Cirrhotic Cardiomyopathy,hsa-mir-8080,0.2562991976737976
Heart Diseases and Congenital,hsa-mir-8080,0.256298303604126
Rolandic Epilepsy and Mental Retardation and and Speech Dyspraxia and X-Linked,hsa-mir-8080,0.25629711151123047
Sick Sinus Syndrome,hsa-mir-8080,0.25629526376724243
Jaw Abnormalities,hsa-mir-8080,0.2562939524650574
Hcv Associated Disorders,hsa-mir-8080,0.2562902569770813
Yellow Nail Syndrome,hsa-mir-8080,0.25628799200057983
 Equine Hepacivirus Infections,hsa-mir-8080,0.2562873959541321
Salpingitis,hsa-mir-8080,0.2562863826751709
Mitral Valve Insufficiency,hsa-mir-8080,0.2562832832336426
Testicular Diseases,hsa-mir-8080,0.2562826871871948
Hypertensive  Disorder Complicating Pregnancy,hsa-mir-8080,0.2562812566757202
Infections,hsa-mir-8080,0.2562810182571411
Post-Dural Puncture Headache,hsa-mir-8080,0.2562783360481262
Hypoplastic Left Heart Syndrome,hsa-mir-8080,0.2562769651412964
Warburg micro syndrome 1,hsa-mir-8080,0.2562744617462158
Canine Mammary Carcinoma,hsa-mir-8080,0.2562733292579651
Collagen Diseases,hsa-mir-8080,0.2562723159790039
Reperfusion Injury and Pulmonary Ischemia,hsa-mir-8080,0.25627201795578003
Takayasu Arteritis,hsa-mir-8080,0.25627005100250244
esophageal carcinoma,hsa-mir-8080,0.2562670111656189
Arthritis,hsa-mir-8080,0.2562665343284607
Ehlers-Danlos Syndrome,hsa-mir-8080,0.2562621831893921
Bone Diseases and Metabolic,hsa-mir-8080,0.25626176595687866
Lissencephaly,hsa-mir-8080,0.25626063346862793
Lacrimal Adenoid   Cystic Carcinoma,hsa-mir-8080,0.2562544345855713
Disorders of Excessive Somnolence,hsa-mir-8080,0.25625425577163696
Pulmonary Edema,hsa-mir-8080,0.25625211000442505
Respiration Disorders and Infant,hsa-mir-8080,0.25625139474868774
Pregnancy Complications,hsa-mir-8080,0.2562512159347534
Bird Diseases,hsa-mir-8080,0.2562464475631714
Intestinal Neoplasms,hsa-mir-8080,0.2562459111213684
gastric cardia adenocarcinoma,hsa-mir-8080,0.25624483823776245
Reticuloendotheliosis Virus Infections,hsa-mir-8080,0.2562446594238281
Hemangioma,hsa-mir-8080,0.25623929500579834
Bacterial Infections,hsa-mir-8080,0.25623708963394165
Acute Aortic   Dissection,hsa-mir-8080,0.2562350034713745
Polyomavirus Infections,hsa-mir-8080,0.256233811378479
ovarian carcinoma,hsa-mir-8080,0.25623106956481934
Aortic Aneurysm,hsa-mir-8080,0.2562291622161865
Enterocolitis,hsa-mir-8080,0.25622880458831787
Bronchial Hyperreactivity,hsa-mir-8080,0.2562268376350403
Brain Injury and Chronic,hsa-mir-8080,0.25622618198394775
Atrial Myosins,hsa-mir-8080,0.25622379779815674
Mesothelioma and Malignant and Pleural,hsa-mir-8080,0.2562212347984314
Melanoma and Experimental,hsa-mir-8080,0.2562209367752075
Tuberculosis and Meningeal,hsa-mir-8080,0.2562103271484375
Alopecia,hsa-mir-8080,0.25621020793914795
Cardiovascular Complications,hsa-mir-8080,0.25620949268341064
Bk Virus Infections,hsa-mir-8080,0.2561942934989929
Osteoporosis and Postmenopausal,hsa-mir-8080,0.25619077682495117
Hypertrophy and Right Ventricular,hsa-mir-8080,0.25618529319763184
Borderline Personality Disorder,hsa-mir-8080,0.2561831474304199
Neoplasms and Germ Cell and Embryonal,hsa-mir-8080,0.25617992877960205
Chorioamnionitis,hsa-mir-8080,0.25617730617523193
Anodontia,hsa-mir-8080,0.25617295503616333
Hyperplasia,hsa-mir-8080,0.2561659812927246
Alcohol Withdrawal Delirium,hsa-mir-8080,0.256158709526062
Hypersensitivity and Immediate,hsa-mir-8080,0.25615209341049194
Neurosyphilis,hsa-mir-8080,0.25614333152770996
Carcinogenesis,hsa-mir-8080,0.2561362385749817
Hand and Foot and Mouth Disease,hsa-mir-8080,0.25613516569137573
Carcinoma and Basal Cell and Skin,hsa-mir-8080,0.25612741708755493
Acute Pulmonary Embolism,hsa-mir-8080,0.25611746311187744
Nijmegen Breakage Syndrome,hsa-mir-8080,0.2561114430427551
Lumbar Radicular Pain,hsa-mir-8080,0.256092369556427
Brucellosis and Bovine,hsa-mir-8080,0.25609147548675537
Extra-Hepatic Portal Venous  Obstruction ,hsa-mir-8080,0.2560853362083435
Sleep Deprivation,hsa-mir-8080,0.2560851573944092
Stillbirth,hsa-mir-8080,0.2560774087905884
Prostatitis and Chronic,hsa-mir-8080,0.2560674548149109
Scholte syndrome,hsa-mir-8080,0.25605976581573486
Facial Nerve Diseases,hsa-mir-8080,0.2560557723045349
Siderosis,hsa-mir-8080,0.2560538053512573
Respiratory Distress Syndrome and Newborn,hsa-mir-8080,0.256048321723938
intracranial berry aneurysm 3,hsa-mir-8080,0.25604087114334106
Erythroblastosis and Fetal,hsa-mir-8080,0.256039559841156
Atrial Dilatation,hsa-mir-8080,0.2560306191444397
Tourette Syndrome,hsa-mir-8080,0.2560276389122009
Heart Injuries,hsa-mir-8080,0.25602585077285767
Urinary Calculi,hsa-miR-203a,0.25602370500564575
Suppuration,hsa-mir-8080,0.25602221488952637
Adenine phosphoribosyltransferase deficiency,hsa-mir-8080,0.25602126121520996
Rotator Cuff,hsa-mir-8080,0.25601983070373535
Pigmentation Disorders,hsa-mir-8080,0.25601691007614136
frontotemporal dementia,hsa-mir-8080,0.256014883518219
Gastrointestinal Diseases,hsa-mir-8080,0.25601208209991455
hyperekplexia 1,hsa-mir-8080,0.25601208209991455
Histiocytic Sarcoma,hsa-mir-8080,0.25600677728652954
Gluteal Muscle Contracture,hsa-mir-8080,0.2560046315193176
Multiple Chronic Conditions,hsa-mir-8080,0.25599175691604614
Intestinal Fistula,hsa-mir-8080,0.2559903860092163
Myositis,hsa-mir-8080,0.25599002838134766
Endodermal Sinus Tumor,hsa-mir-8080,0.25598907470703125
Bronchopneumonia,hsa-mir-8080,0.2559887170791626
Erectile Dysfunction,hsa-mir-8080,0.25597280263900757
Fibrous Dysplasia of Bone,hsa-mir-8080,0.25596702098846436
Olfaction Disorders,hsa-mir-8080,0.2559637427330017
Sinus Thrombosis and Intracranial,hsa-mir-8080,0.25596296787261963
Carotid Artery Diseases,hsa-mir-8080,0.2559620141983032
Digestive System Diseases,hsa-mir-8080,0.25595998764038086
Hypogonadism,hsa-mir-8080,0.25594401359558105
Intracranial Aneurysm,hsa-mir-8080,0.2559428811073303
Pheochromocytoma,hsa-mir-8080,0.2559412121772766
Periodontal Cyst,hsa-mir-8080,0.25593650341033936
Dementia,hsa-mir-8080,0.25593316555023193
Paget Disease and Extramammary,hsa-mir-8080,0.2559289336204529
Sexually Transmitted Diseases and Viral,hsa-mir-8080,0.25592875480651855
Immune System Diseases,hsa-mir-8080,0.25592684745788574
Urologic Neoplasms,hsa-mir-8080,0.2559244632720947
non-alcoholic fatty liver,hsa-mir-8080,0.25592100620269775
Arteriosclerosis Obliterans,hsa-mir-8080,0.25591933727264404
Rectal Injury,hsa-mir-8080,0.25591450929641724
Vesicular Stomatitis,hsa-mir-8080,0.2559140920639038
Neoplastic Cells and Circulating,hsa-mir-8080,0.25591254234313965
Quadruple Negative Breast Cancer,hsa-mir-8080,0.2559048533439636
spondyloepimetaphyseal dysplasia and Strudwick type,hsa-mir-8080,0.25590384006500244
Amelogenesis Imperfecta,hsa-mir-8080,0.25588148832321167
Alopecia Areata,hsa-mir-8080,0.25586867332458496
Myotonic Dystrophy,hsa-miR-181a-1*,0.25584810972213745
Posterior Segment Ocular Diseases,hsa-miR-203a,0.2558017373085022
Amyloidosis,hsa-mir-8080,0.25580132007598877
fragile X-associated tremor/ataxia syndrome,hsa-miR-181a-1*,0.2558010220527649
Meniscus Degeneration,hsa-miR-203a,0.25556135177612305
Reperfusion Injury and Testicular Ischemia,hsa-miR-101-5p,0.255542516708374
Neuropathic Low Back Pain,hsa-miR-131,0.2554572820663452
thyroid gland Hurthle cell carcinoma,hsa-miR-181a-1*,0.25545328855514526
Rhabdoid Tumor and Kidney,hsa-miR-20a*,0.2552863359451294
Angioedemas and Hereditary,hsa-miR-20a*,0.2551368474960327
congenital nongoitrous hypothyroidism 4,hsa-miR-450a-5p,0.25509798526763916
Birth Weight,hsa-miR-20a*,0.25491178035736084
Plaque and Amyloid,hsa-miR-320b,0.2548300623893738
Rhabdoid Tumor and Kidney,hsa-miR-320b,0.25482726097106934
Asthma and Chronic,hsa-miR-320b,0.2548046112060547
Wound Infection,hsa-miR-320b,0.25479960441589355
Reperfusion Injury and Testicular Ischemia,hsa-miR-320b,0.25476717948913574
Reperfusion Injury and Steatotic Liver Ischemia,hsa-miR-18a*,0.25467562675476074
Brugada Syndrome,hsa-miR-320b,0.2546539902687073
Polyposis Syndrome and Hereditary Mixed and 1,hsa-miR-320b,0.2545090913772583
Spinal muscular atrophy with respiratory distress 1,hsa-miR-4459,0.25445878505706787
Sleep Initiation and Maintenance Disorders,hsa-miR-4459,0.25443148612976074
Testicular Neoplasms,hsa-miR-320b,0.25443035364151
Wiskott-Aldrich Syndrome,hsa-miR-4459,0.2544289827346802
Hemoglobin Bart'S Hydrops   Fetalis Syndrome,hsa-miR-4459,0.2544271945953369
Thyroiditis and Subacute,hsa-miR-4459,0.2544212341308594
Hemorrhagic Fever and Ebola,hsa-miR-4459,0.25442105531692505
Vitreoretinopathy and Proliferative,hsa-miR-4459,0.25442057847976685
common variable immunodeficiency 2,hsa-miR-4459,0.25442034006118774
Liver Diseases and Alcoholic,hsa-miR-4459,0.25442004203796387
Infant Nutrition Disorders,hsa-miR-4459,0.2544196844100952
Abnormalities and Multiple,hsa-miR-4459,0.2544059157371521
Stiff-Person Syndrome,hsa-miR-4459,0.2543972134590149
Peripheral Arterial Occlusive Disease 1,hsa-miR-4459,0.25439614057540894
Enterocolitis and Pseudomembranous,hsa-miR-4459,0.25438565015792847
Chronic Pain,hsa-miR-4459,0.25438231229782104
Adrenocortical Carcinoma and Pediatric,hsa-miR-4459,0.2543814182281494
Benign Paroxysmal Positional Vertigo,hsa-miR-4459,0.25437843799591064
Ventricular Dysfunction and Left,hsa-miR-4459,0.2543780207633972
Prostatitis,hsa-miR-4459,0.2543577551841736
Distal arthrogryposis type 2B,hsa-miR-4459,0.2543545961380005
Tuberous Sclerosis 1,hsa-miR-4459,0.2543529272079468
uterine corpus endometrial carcinoma,hsa-miR-4459,0.25435060262680054
Synucleinopathies,hsa-miR-4459,0.25434964895248413
Human Herpesvirus 6 encephalitis,hsa-miR-4459,0.25434863567352295
Blood Coagulation Disorders,hsa-miR-4459,0.25434648990631104
Foot-and-Mouth Disease,hsa-miR-4459,0.254341185092926
Thrombocythemia and Essential,hsa-miR-4459,0.254338800907135
Paraganglioma,hsa-miR-4459,0.25433725118637085
Pars Planitis,hsa-miR-4459,0.2543361783027649
End Stage Liver Disease,hsa-miR-4459,0.2543318271636963
Leiomyosarcoma,hsa-miR-4459,0.25432825088500977
Eosinophilic enteropathy,hsa-miR-4459,0.2543271780014038
Pain and Inflammatory,hsa-miR-4459,0.2543256878852844
Skin Pigmentation,hsa-miR-4459,0.2543255090713501
mitochondrial DNA depletion syndrome 4b,hsa-miR-4459,0.25432538986206055
Brain Neoplasms,hsa-miR-4459,0.2543240785598755
Cancer-Associated Cachexia,hsa-miR-4459,0.2543199062347412
Dehydration,hsa-miR-4459,0.254319429397583
Fetal Macrosomia,hsa-miR-4459,0.2543191909790039
Bone Marrow Myelofibrosis,hsa-miR-4459,0.2543162703514099
Acute  Kidney Injury,hsa-miR-4459,0.2543119192123413
Infant and Low Birth Weight,hsa-miR-4459,0.25431108474731445
Laryngeal Papilloma,hsa-miR-4459,0.2543066143989563
Dental Caries,hsa-miR-4459,0.25430357456207275
Mast Cell Tumors,hsa-miR-4459,0.25430136919021606
Genital Diseases and Female,hsa-miR-4459,0.25430136919021606
Hepatopulmonary Syndrome,hsa-miR-4459,0.25429970026016235
Iris Diseases,hsa-miR-4459,0.2542949914932251
Finnish lethal neonatal metabolic syndrome,hsa-miR-4459,0.25429338216781616
Growth Disorders,hsa-miR-4459,0.25429093837738037
Aortic Diseases,hsa-miR-4459,0.25428950786590576
Periodontal Diseases,hsa-miR-4459,0.2542876601219177
X-linked juvenile retinoschisis 1,hsa-miR-4459,0.25428736209869385
Genital Diseases and Male,hsa-miR-4459,0.2542870044708252
Endothelial Dysfunction ,hsa-miR-4459,0.25428617000579834
Heart Failure and Ischemic,hsa-miR-4459,0.25428032875061035
Encephalomyelitis and Enzootic Porcine,hsa-miR-4459,0.25428009033203125
Adrenal Cortex Neoplasms,hsa-miR-4459,0.2542791962623596
Thoracic Aortic   Dissection,hsa-miR-4459,0.2542784810066223
Skin Neoplasms and Non-Melanoma,hsa-miR-4459,0.25427621603012085
Aneuploidy,hsa-miR-4459,0.25427520275115967
Neuroectodermal Tumors and Primitive,hsa-miR-4459,0.2542746067047119
Hyperparathyroidism and Primary,hsa-miR-4459,0.25427383184432983
Pruritus,hsa-miR-4459,0.2542728781700134
mucinous cystadenocarcinoma of pancreas,hsa-miR-4459,0.2542724609375
Thyroiditis and Subacute,hsa-miR-4456,0.25427156686782837
Kidney Calculi,hsa-miR-4459,0.2542715072631836
Vitreoretinopathy and Proliferative,hsa-miR-4456,0.2542707920074463
Ataxia Neuropathy Spectrum,hsa-miR-4459,0.2542704939842224
Pancreatitis,hsa-miR-4459,0.2542698383331299
Prader-Willi Syndrome,hsa-miR-4459,0.25426703691482544
Airway Inflammation,hsa-miR-4459,0.2542651295661926
AIDS Dementia Complex,hsa-miR-4459,0.2542648911476135
Endometrial Hyperplasia,hsa-miR-4459,0.25426405668258667
Necrosis,hsa-miR-4459,0.2542591691017151
Chronic Gastritis,hsa-miR-4459,0.25425684452056885
Hemangioma and Infantile,hsa-miR-4459,0.2542564868927002
Abnormalities and Multiple,hsa-miR-4456,0.2542561888694763
Myasthenia Gravis with Thymus Hyperplasia,hsa-miR-4456,0.254255473613739
Werner Syndrome,hsa-miR-4456,0.25425493717193604
Cervical Intraepithelial Neoplasia,hsa-miR-4459,0.2542538046836853
Immune-Mediated Inflammatory Diseases,hsa-miR-4459,0.25425028800964355
Uremia,hsa-miR-4459,0.25424790382385254
Infertility and Female,hsa-miR-4459,0.254247784614563
Neonatal hemochromatosis,hsa-miR-4459,0.2542470097541809
Infarction,hsa-miR-4459,0.25424689054489136
Peripheral Arterial Occlusive Disease 1,hsa-miR-4456,0.2542463541030884
Choroidal Melanoma,hsa-miR-4459,0.254245400428772
Cystic Fibrosis,hsa-miR-4459,0.2542451024055481
Multicystic renal dysplasia and bilateral,hsa-miR-4459,0.25424468517303467
Poorly Differentiated Thyroid Gland Carcinoma,hsa-miR-4459,0.2542443871498108
Glomerulonephritis and Membranoproliferative,hsa-miR-4459,0.25423651933670044
Spondylocheirodysplasia and Ehlers-Danlos Syndrome-Like,hsa-miR-4459,0.25423628091812134
Infant and Newborn and Diseases,hsa-miR-4459,0.2542361617088318
Fibrosarcoma,hsa-miR-4459,0.2542353868484497
Bronchopulmonary Dysplasia,hsa-miR-4459,0.25423526763916016
Shock and Septic,hsa-miR-4459,0.2542346715927124
Fibrosis and Skin,hsa-miR-4459,0.2542346715927124
ST Elevation Myocardial Infarction,hsa-miR-4459,0.2542338967323303
Glossitis and Benign Migratory,hsa-miR-4459,0.25422847270965576
Spermatic Cord Torsion,hsa-miR-4459,0.25422799587249756
Arrest of spermatogenesis,hsa-miR-4459,0.2542273998260498
Sensation Disorders,hsa-miR-4459,0.2542262673377991
Immunoglobulin G4-Related Disease,hsa-miR-4459,0.25422602891921997
Pediatric Obesity,hsa-miR-4456,0.2542240619659424
Leg Ulcer,hsa-miR-4456,0.2542228698730469
Sick Sinus Syndrome,hsa-miR-4459,0.2542199492454529
SHORT syndrome,hsa-miR-4459,0.2542179226875305
Abortion and Septic,hsa-miR-4459,0.2542167901992798
Cerebral Hemorrhage and Spontaneous,hsa-miR-4459,0.254216730594635
Rhinitis and Allergic and Seasonal,hsa-miR-4459,0.25421571731567383
Cystitis and Interstitial,hsa-miR-4459,0.25421571731567383
Lumbar Disc   Herniation,hsa-miR-4456,0.2542151212692261
Yellow Nail Syndrome,hsa-miR-4459,0.25421279668807983
Dacryocystitis,hsa-miR-4459,0.25421231985092163
Altitude Sickness,hsa-miR-4456,0.2542116641998291
Teratoid Rhabdoid Tumor and Atypical,hsa-miR-4459,0.2542104125022888
Mitral Valve Insufficiency,hsa-miR-4459,0.254207968711853
Polycythemia Vera,hsa-miR-4456,0.25420618057250977
Neuropathic Lysosomal Storage Diseases,hsa-miR-4459,0.2542048692703247
Carcinoma and Small Cell,hsa-miR-4459,0.25420451164245605
Kidney Failure and Chronic,hsa-miR-4459,0.2542036771774292
Epilepsy and Post-Traumatic,hsa-miR-4459,0.2542027235031128
Schistosomiasis,hsa-miR-4456,0.2542012333869934
uterine corpus endometrial carcinoma,hsa-miR-4456,0.25420093536376953
Iron Metabolism Disorders,hsa-miR-4459,0.25420039892196655
Polycythemia and High Altitude,hsa-miR-4459,0.25419819355010986
Inflammation and Post Stroke,hsa-miR-4459,0.2541981339454651
Tembusu virus,hsa-miR-4459,0.2541978359222412
Obesity and Abdominal,hsa-miR-4459,0.2541974186897278
Atrial Premature Complexes,hsa-miR-4459,0.25419551134109497
Digitorenocerebral Syndrome,hsa-miR-4459,0.25419551134109497
Osteoporotic Fracture and Tibial,hsa-miR-4459,0.254194974899292
Glycogen Storage Disease Type VI,hsa-miR-4456,0.254192054271698
Foot-and-Mouth Disease,hsa-miR-4456,0.2541915774345398
Brain Ischemia and Acute,hsa-miR-4456,0.254191517829895
Skin Neoplasms,hsa-miR-4459,0.25418996810913086
Gastric   Cancer,hsa-miR-4459,0.25418978929519653
Cerebral Infarction,hsa-miR-4459,0.254189670085907
Infarction and Middle Cerebral Artery,hsa-miR-4459,0.25418370962142944
Keratoconus,hsa-miR-4456,0.25418174266815186
Thyroid Carcinoma and Anaplastic,hsa-miR-4456,0.2541816830635071
diarrhea predominant irritable bowel syndrome (IBS-D),hsa-miR-4459,0.2541806697845459
Meniscus Degeneration,hsa-miR-3136-5p,0.25418007373809814
Brain Injuries and Traumatic,hsa-miR-4459,0.25417983531951904
Carotid Artery Injuries,hsa-miR-4459,0.25417906045913696
Adiposis Dolorosa,hsa-miR-4456,0.2541772127151489
Staphylococcal Scalded Skin Syndrome,hsa-miR-4456,0.2541762590408325
Diabetic Retinopathy ,hsa-miR-4456,0.25417596101760864
renal fibrosis,hsa-miR-4459,0.2541744112968445
Cardiomyopathy dilated with woolly hair and keratoderma,hsa-miR-4459,0.2541736960411072
Bird Diseases,hsa-miR-4459,0.25417107343673706
Hyperoxia-Induced Lung Injury,hsa-miR-4459,0.2541709542274475
Neoplasms and Multiple Primary,hsa-miR-4456,0.25417059659957886
Cancer-Associated Cachexia,hsa-miR-4456,0.2541702389717102
Ascites,hsa-miR-4456,0.2541700005531311
Liver Failure,hsa-miR-4459,0.2541700005531311
Reinjuries,hsa-miR-4459,0.2541695833206177
Fetal Macrosomia,hsa-miR-4456,0.2541695237159729
Reticuloendotheliosis Virus Infections,hsa-miR-4459,0.254169225692749
Duane Retraction Syndrome,hsa-miR-4459,0.25416773557662964
Hyperostosis,hsa-miR-4459,0.254167377948761
Cushing Syndrome,hsa-miR-4459,0.2541658282279968
Noonan syndrome-like disorder with loose anagen hair,hsa-miR-4456,0.25416499376296997
Nasopharyngeal Neoplasms,hsa-miR-4459,0.25416475534439087
Acute  Kidney Injury,hsa-miR-4456,0.2541622519493103
Mite Infestations,hsa-miR-4456,0.254162073135376
Hypospadias,hsa-miR-4456,0.25416165590286255
Endotoxemia,hsa-miR-4459,0.25416040420532227
Cerebral Intraventricular Hemorrhage,hsa-miR-4456,0.2541600465774536
Bone Regeneration,hsa-miR-4456,0.25415557622909546
Parathyroid Neoplasms,hsa-miR-4459,0.2541542053222656
Dental Caries,hsa-miR-4456,0.25415390729904175
Neurofibroma and Plexiform,hsa-miR-4459,0.2541530728340149
Bronchial Hyperreactivity,hsa-miR-4459,0.25415128469467163
Post-Cardiac Arrest Syndrome,hsa-miR-4456,0.25415098667144775
Brain Injury and Chronic,hsa-miR-4459,0.25415074825286865
Hepatopulmonary Syndrome,hsa-miR-4456,0.2541502118110657
Chagas Disease,hsa-miR-4459,0.2541496753692627
Angina and Unstable,hsa-miR-4456,0.2541484832763672
Turcot syndrome,hsa-miR-4459,0.25414180755615234
Papilloma and Choroid Plexus,hsa-miR-4459,0.25413912534713745
brachydactyly type D,hsa-miR-4456,0.2541389465332031
Genital Diseases and Male,hsa-miR-4456,0.25413721799850464
Vascular Calcification,hsa-miR-4459,0.25413650274276733
Pelvic Floor Disorders,hsa-miR-4456,0.2541358470916748
Brachial Plexus Injury,hsa-miR-4456,0.2541348934173584
Alopecia,hsa-miR-4459,0.2541347146034241
Critical Illness,hsa-miR-4459,0.2541346549987793
Burns,hsa-miR-4459,0.2541325092315674
Viral Respiratory Infections,hsa-miR-4456,0.25412940979003906
Thalassemia,hsa-miR-4456,0.2541292905807495
Pleomorphic Sarcoma and Undifferentiated,hsa-miR-4456,0.2541274428367615
Malaria and Vivax,hsa-miR-4459,0.25412648916244507
Osteochondromatosis,hsa-miR-4456,0.2541261315345764
Lupus Nephritis,hsa-miR-4456,0.2541247010231018
Osteoarthropathy and Primary Hypertrophic,hsa-miR-4456,0.25412410497665405
Cervical Cancer and Hpv Infected,hsa-miR-4459,0.25412362813949585
Ullrich congenital muscular dystrophy,hsa-miR-4459,0.2541227340698242
Kidney Calculi,hsa-miR-4456,0.25412172079086304
Pancreatitis,hsa-miR-4456,0.2541201114654541
Neovascularization and Pathologic,hsa-miR-4459,0.2541184425354004
Primary Graft Dysfunction,hsa-miR-4456,0.2541181445121765
Parkinson Disease and Familial and Type 1,hsa-miR-4459,0.25411778688430786
Venous Thromboembolism,hsa-miR-4459,0.2541172504425049
Hemoglobinopathies,hsa-miR-4456,0.25411659479141235
AIDS Dementia Complex,hsa-miR-4456,0.2541152238845825
Hydatidiform Mole,hsa-miR-4459,0.25411462783813477
Osteonecrosis,hsa-miR-4459,0.2541133165359497
Fissure in Ano,hsa-miR-4459,0.2541131377220154
Peripheral Blood Leukocytes,hsa-miR-4456,0.25411105155944824
Sciatica,hsa-miR-4459,0.2541109323501587
Oral Submucous Fibrosis,hsa-miR-4456,0.25410884618759155
Exudative Vitreoretinopathy 4,hsa-miR-4456,0.2541084289550781
Leukemia and Myelomonocytic and Chronic,hsa-miR-4456,0.2541045546531677
Heart Septal Defects and Atrial,hsa-miR-4456,0.2541045546531677
Pituitary Diseases,hsa-miR-4459,0.25410449504852295
Cervical Intraepithelial Neoplasia,hsa-miR-4456,0.25410401821136475
Aspergillosis and Allergic Bronchopulmonary,hsa-miR-4456,0.2541014552116394
Seizures and Febrile,hsa-miR-4456,0.2541005611419678
Immune-Mediated Inflammatory Diseases,hsa-miR-4456,0.254100501537323
FG syndrome,hsa-miR-4459,0.25409913063049316
Wasting Disease and Chronic,hsa-miR-4456,0.2540978789329529
Sleep Apnea Syndromes,hsa-miR-4456,0.2540968656539917
Reflex Sympathetic Dystrophy,hsa-miR-4459,0.25409621000289917
Coronary Restenosis,hsa-miR-4456,0.2540960907936096
Malformations of Cortical Development and Group II,hsa-miR-4456,0.25409525632858276
Multicystic renal dysplasia and bilateral,hsa-miR-4456,0.2540948987007141
Scapuloperoneal Myopathy and X-Linked Dominant,hsa-miR-4459,0.25409460067749023
Nervous Necrosis Virus Infectious,hsa-miR-4459,0.2540915608406067
Adenocarcinoma and Sebaceous and Ocular,hsa-miR-4459,0.2540906071662903
Hyperplasia,hsa-miR-4459,0.2540905475616455
Azoospermia and Nonobstructive,hsa-miR-4459,0.2540879249572754
Primary Ovarian Insufficiency,hsa-miR-4459,0.2540873885154724
Infant and Newborn and Diseases,hsa-miR-4456,0.25408637523651123
Fibrosarcoma,hsa-miR-4456,0.25408560037612915
Bronchopulmonary Dysplasia,hsa-miR-4456,0.2540854811668396
Amnesia,hsa-miR-4456,0.25408488512039185
Focal Infection,hsa-miR-4459,0.2540847063064575
Giant Cell Arteritis,hsa-miR-4456,0.2540833353996277
Alcohol Withdrawal Delirium,hsa-miR-4459,0.2540832757949829
Hemochromatosis,hsa-miR-4456,0.2540830373764038
salivary gland mucoepidermoid carcinoma,hsa-miR-4456,0.2540818452835083
Weight Loss,hsa-miR-4459,0.2540818452835083
Glaucoma,hsa-miR-4456,0.254080593585968
Spermatic Cord Torsion,hsa-miR-4456,0.254078209400177
High Grade Ovarian Neoplasms,hsa-miR-4456,0.2540767788887024
Cryopyrin-Associated Periodic Syndromes,hsa-miR-4456,0.2540765404701233
Placental Insufficiency,hsa-miR-4459,0.254075288772583
Arrhythmogenic Heart Diseases,hsa-miR-4456,0.254075288772583
Bronchiolitis Obliterans,hsa-miR-4456,0.2540748715400696
Aphasia and Primary Progressive,hsa-miR-4459,0.2540748715400696
Multiple Organ Failure,hsa-miR-4456,0.25407475233078003
Seizures,hsa-miR-4456,0.25407475233078003
Spinal Cord Diseases,hsa-miR-4459,0.2540742754936218
Heart Diseases and Congenital,hsa-miR-4456,0.25407326221466064
Folliculotropic Mycosis Fungoides,hsa-miR-4456,0.25406914949417114
Neurosyphilis,hsa-miR-4459,0.2540680170059204
Retinal Detachment,hsa-miR-4456,0.2540664076805115
Exocrine Pancreatic Insufficiency,hsa-miR-4456,0.25406593084335327
Hcv Associated Disorders,hsa-miR-4456,0.2540651559829712
 Equine Hepacivirus Infections,hsa-miR-4456,0.25406235456466675
Shock and Hemorrhagic,hsa-miR-4456,0.2540619373321533
Enterovirus B and Human,hsa-miR-4456,0.2540592551231384
Rosacea,hsa-miR-4456,0.2540561556816101
Neuropathic Lysosomal Storage Diseases,hsa-miR-4456,0.2540551424026489
Temporomandibular Joint Osteoarthritis,hsa-miR-4459,0.25405383110046387
Carcinoma and Basal Cell and Skin,hsa-miR-4459,0.25405216217041016
Lyme Disease,hsa-miR-4456,0.2540496587753296
Warburg micro syndrome 1,hsa-miR-4456,0.2540494203567505
Polythelia and Familial,hsa-miR-4456,0.2540493607521057
Small Cell Lung Carcinoma,hsa-miR-4456,0.25404858589172363
Canine Mammary Carcinoma,hsa-miR-4456,0.254048228263855
Takayasu Arteritis,hsa-miR-4456,0.25404489040374756
Intracranial Hemorrhages,hsa-miR-4456,0.2540431618690491
Growth Hormone-Secreting Pituitary Adenoma,hsa-miR-4456,0.2540413737297058
Eunuchism,hsa-miR-4456,0.2540408968925476
Skin Neoplasms,hsa-miR-4456,0.25404030084609985
Osteoporosis-pseudoglioma syndrome,hsa-miR-4459,0.2540392279624939
Chromate Resistance,hsa-miR-4456,0.25403839349746704
Mastitis,hsa-miR-4456,0.25403785705566406
External Auditory Canal Squamous Cell Carcinoma,hsa-miR-4456,0.2540368437767029
Bone Diseases and Metabolic,hsa-miR-4456,0.25403666496276855
Diastrophic dysplasia,hsa-miR-4456,0.2540358901023865
Peripartum Cardiomyopathy ,hsa-miR-4459,0.2540358304977417
Long Term Adverse Effects,hsa-miR-4456,0.25403428077697754
Graves Disease,hsa-miR-4456,0.254034161567688
Heart Defects and Congenital,hsa-miR-4456,0.2540341019630432
Bicuspid Aortic Valve Disease,hsa-miR-4456,0.25403112173080444
Turner Syndrome,hsa-miR-4459,0.2540298104286194
Lacrimal Adenoid   Cystic Carcinoma,hsa-miR-4456,0.25402921438217163
Endophthalmitis,hsa-miR-4456,0.2540279030799866
Reticuloendotheliosis Virus Infections,hsa-miR-4456,0.25401949882507324
Orchitis,hsa-miR-4459,0.25401532649993896
Nasopharyngeal Neoplasms,hsa-miR-4456,0.2540149688720703
Hemangioma,hsa-miR-4456,0.25401413440704346
Movement Disorders,hsa-miR-4456,0.2540140748023987
Bacterial Infections,hsa-miR-4456,0.254011869430542
Multiple Pulmonary Nodules,hsa-miR-4456,0.25400322675704956
Colorectal   Adenocarcinoma,hsa-miR-4456,0.2539975643157959
CREST Syndrome,hsa-miR-4459,0.2539878487586975
Vitamin B Deficiency,hsa-miR-4459,0.2539873719215393
Vascular Calcification,hsa-miR-4456,0.2539869546890259
Tuberculosis and Meningeal,hsa-miR-4456,0.2539851665496826
Cardiovascular Complications,hsa-miR-4456,0.2539844512939453
Thymus Neoplasms,hsa-miR-4459,0.25398385524749756
Premature Ejaculation,hsa-miR-4456,0.2539803981781006
Facial Nerve Diseases,hsa-miR-4459,0.2539803385734558
Leukemia and Acute,hsa-miR-4459,0.2539799213409424
Leukemia and Myeloid and Accelerated Phase,hsa-miR-4459,0.2539770007133484
Mycobacterium avium-intracellulare Infection,hsa-miR-4459,0.25397229194641113
Cysts,hsa-miR-4456,0.25397157669067383
Neoplasm Metastasis,hsa-miR-4459,0.25396907329559326
Venous Thromboembolism,hsa-miR-4456,0.2539675831794739
Necrobiotic Disorders,hsa-miR-4456,0.2539668083190918
adhesions of uterus,hsa-miR-4459,0.2539657950401306
Osteonecrosis,hsa-miR-4456,0.2539636492729187
late onset Parkinson's disease,hsa-miR-4459,0.2539561986923218
Hepatitis and Chronic,hsa-miR-4459,0.2539549469947815
Ear Diseases,hsa-miR-4456,0.25395113229751587
Heart Injuries,hsa-miR-4459,0.25395041704177856
Anodontia,hsa-miR-4456,0.2539478540420532
Psychotic Disorders,hsa-miR-4456,0.2539476752281189
Suppuration,hsa-miR-4459,0.25394678115844727
Reflex Sympathetic Dystrophy,hsa-miR-4456,0.25394654273986816
Asymptomatic Infections,hsa-miR-4459,0.2539442181587219
Cholestasis and Intrahepatic,hsa-miR-4459,0.25394171476364136
Bronchiectasis With Or Without Elevated Sweat Chloride 1,hsa-miR-4459,0.2539409399032593
frontotemporal dementia,hsa-miR-4459,0.25393950939178467
colon carcinoma,hsa-miR-4459,0.25393927097320557
Azoospermia and Nonobstructive,hsa-miR-4456,0.2539382576942444
Lipodystrophy and Partial and Acquired,hsa-miR-4459,0.25393736362457275
Gastrointestinal Diseases,hsa-miR-4459,0.25393664836883545
Zika Virus Infection,hsa-miR-4459,0.2539340853691101
Syphilis and secondary,hsa-miR-4459,0.2539336681365967
Alcohol Withdrawal Delirium,hsa-miR-4456,0.2539336085319519
Anterior Cruciate Ligament Injuries,hsa-miR-4456,0.2539333701133728
Heart Failure and Systolic,hsa-miR-4459,0.2539330720901489
Thrombosis,hsa-miR-4459,0.2539330720901489
Thrombotic Stroke,hsa-miR-4456,0.2539328336715698
Trophoblastic Neoplasms,hsa-miR-4459,0.2539307475090027
Darier Disease,hsa-miR-4459,0.2539282441139221
Lymphoma and B-Cell and Diffuse,hsa-miR-4459,0.25392788648605347
Dermatitis and Allergic Contact,hsa-miR-4456,0.2539277672767639
Hypersensitivity and Immediate,hsa-miR-4456,0.25392699241638184
Liver Failure and Acute,hsa-miR-4459,0.25392651557922363
Cerebral Small Vessel Diseases,hsa-miR-4459,0.2539239525794983
Neurosyphilis,hsa-miR-4456,0.2539183497428894
Granulosa Cell Tumor,hsa-miR-4459,0.25391530990600586
Intestinal Fistula,hsa-miR-4459,0.2539149522781372
Infarct-Related Artery Total Occlusion,hsa-miR-4456,0.25391459465026855
ABCD syndrome,hsa-miR-4459,0.253914475440979
Eclampsia,hsa-miR-4459,0.25391411781311035
Endodermal Sinus Tumor,hsa-miR-4459,0.2539135217666626
Large Artery  Atherosclerosis,hsa-miR-4459,0.2539135217666626
Intracranial Arteriovenous Malformations,hsa-miR-4459,0.2539128065109253
Conjunctivitis and Allergic,hsa-miR-4456,0.2539098858833313
Hepatolenticular Degeneration,hsa-miR-4459,0.2539091110229492
HTLV-II Infections,hsa-miR-4459,0.25390762090682983
Arbovirus Infections,hsa-miR-4459,0.25390714406967163
Poikiloderma with Neutropenia,hsa-miR-4459,0.2539043426513672
Temporomandibular Joint Osteoarthritis,hsa-miR-4456,0.2539040446281433
Carcinoma and Basal Cell and Skin,hsa-miR-4456,0.2539023756980896
Microvascular Obstruction,hsa-miR-4459,0.2539016008377075
Early-Stage Malignant Melanoma,hsa-miR-4459,0.2539002299308777
Erectile Dysfunction,hsa-miR-4459,0.25389736890792847
Sexually Transmitted Diseases,hsa-miR-4459,0.25388962030410767
Cholesteatoma,hsa-miR-4456,0.25388646125793457
Digestive System Diseases,hsa-miR-4459,0.25388455390930176
Retinal Neovascularization,hsa-miR-4459,0.2538817524909973
Turner Syndrome,hsa-miR-4456,0.2538801431655884
Tongue Neoplasms,hsa-miR-4459,0.25386619567871094
Emphysema,hsa-miR-4459,0.2538611888885498
Muscular Dystrophy and Facioscapulohumeral,hsa-miR-4459,0.25386035442352295
Extra-Hepatic Portal Venous  Obstruction ,hsa-miR-4456,0.2538602948188782
Atrophy,hsa-miR-4456,0.2538590431213379
Hashimoto Disease,hsa-mir-8061,0.25385814905166626
Sarcopenia,hsa-miR-4459,0.25385797023773193
Brain Ischemia ,hsa-miR-4456,0.2538577914237976
Stillbirth,hsa-miR-4456,0.25385230779647827
Urologic Neoplasms,hsa-miR-4459,0.2538490295410156
Duodenal Ulcer,hsa-miR-4456,0.25384628772735596
non-alcoholic fatty liver,hsa-miR-4459,0.2538456320762634
Arteriosclerosis Obliterans,hsa-miR-4459,0.2538440227508545
CREST Syndrome,hsa-miR-4456,0.25383806228637695
Hepatoblastoma,hsa-miR-4456,0.25383704900741577
Hypertension and Renal,hsa-miR-4459,0.25383609533309937
Prion Diseases,hsa-miR-4456,0.2538297772407532
spondyloepimetaphyseal dysplasia and Strudwick type,hsa-miR-4459,0.2538285255432129
Hepatitis E,hsa-miR-4459,0.2538279891014099
Opioid-Related Disorders,hsa-miR-4456,0.2538272738456726
Leukemia and Myeloid and Accelerated Phase,hsa-miR-4456,0.25382721424102783
Respiratory Distress Syndrome and Newborn,hsa-miR-4456,0.2538232207298279
Ethylmalonic encephalopathy,hsa-miR-4459,0.25382179021835327
Porphyria and Variegate,hsa-miR-4456,0.2538182735443115
intracranial berry aneurysm 3,hsa-miR-4456,0.2538156509399414
Retinal Degeneration,hsa-miR-4456,0.25381046533584595
Atrial Dilatation,hsa-miR-4456,0.25380539894104004
Poisoning,hsa-miR-4456,0.2537977695465088
Adenine phosphoribosyltransferase deficiency,hsa-miR-4456,0.2537961006164551
Propofol Infusion Syndrome,hsa-miR-4456,0.2537948489189148
Alopecia Areata,hsa-miR-4459,0.2537933588027954
Alveolar echinococcosis,hsa-miR-4459,0.25379276275634766
Cholestasis and Intrahepatic,hsa-miR-4456,0.2537919282913208
Bronchiectasis With Or Without Elevated Sweat Chloride 1,hsa-miR-4456,0.2537911534309387
frontotemporal dementia,hsa-miR-4456,0.2537897229194641
Hyperphosphatemia,hsa-miR-4456,0.25378406047821045
Heart Failure and Systolic,hsa-miR-4456,0.2537834644317627
Liver Failure and Acute,hsa-miR-4456,0.2537768483161926
Lichen Sclerosus et Atrophicus,hsa-miR-4456,0.25377368927001953
Arteriosclerosis,hsa-miR-4456,0.25376659631729126
Intestinal Fistula,hsa-miR-4456,0.2537652850151062
Eclampsia,hsa-miR-4456,0.25376445055007935
Hepatolenticular Degeneration,hsa-miR-4456,0.2537594437599182
Arbovirus Infections,hsa-miR-4456,0.2537574768066406
Ichthyosis and Lamellar,hsa-miR-4456,0.253757119178772
Poikiloderma with Neutropenia,hsa-miR-4456,0.25375479459762573
Early-Stage Malignant Melanoma,hsa-miR-4456,0.2537505626678467
Leishmaniasis,hsa-miR-4456,0.25375014543533325
Erectile Dysfunction,hsa-miR-4456,0.25374776124954224
Hepatic Veno-Occlusive Disease,hsa-miR-4456,0.25374722480773926
Cholangitis and Biliary and Primary,hsa-miR-4456,0.2537391781806946
Incontinentia Pigmenti,hsa-miR-4456,0.25373560190200806
Digestive System Diseases,hsa-miR-4456,0.25373488664627075
Pulmonary Veno-Occlusive Disease,hsa-miR-4456,0.25373172760009766
Smooth Muscle Tumor,hsa-miR-4456,0.25372928380966187
Amyloidosis,hsa-miR-4459,0.25372588634490967
White Dot Syndromes,hsa-miR-4456,0.2537216544151306
Hypogonadism,hsa-miR-4456,0.2537189722061157
Intracranial Aneurysm,hsa-miR-4456,0.2537177801132202
Muscular Dystrophy and Facioscapulohumeral,hsa-miR-4456,0.2537105679512024
Paget Disease and Extramammary,hsa-miR-4456,0.2537038326263428
Papillomavirus Infections,hsa-miR-4456,0.2537038326263428
Urologic Neoplasms,hsa-miR-4456,0.2536993622779846
Salivary Gland Pleomorphic Adenoma,hsa-miR-4456,0.2536972761154175
Fluorosis and Dental,hsa-miR-4456,0.2536906599998474
Kidney Diseases and Cystic,hsa-miR-4456,0.25369036197662354
Vesicular Stomatitis,hsa-miR-4456,0.2536890506744385
Quadruple Negative Breast Cancer,hsa-miR-4456,0.2536797523498535
spondyloepimetaphyseal dysplasia and Strudwick type,hsa-miR-4456,0.25367873907089233
Amelogenesis Imperfecta,hsa-miR-4456,0.25365638732910156
Hypertriglyceridemia,hsa-miR-4456,0.2536478042602539
Periapical Diseases,hsa-miR-4456,0.2536395788192749
Blind Loop Syndrome,hsa-miR-3689f,0.25362223386764526
Lung Diseases and Interstitial,hsa-miR-4456,0.25362056493759155
Nevi and Melanomas,hsa-miR-291-3p,0.2534078359603882
Femoral Neck Fractures,hsa-miR-450a-5p,0.2533506751060486
Germ Cell Tumor and Non-Teratomatous,hsa-miR-4443,0.2533263564109802
Encephalitis and Tick-Borne,hsa-miR-376b-3p,0.2532169818878174
Canavan Disease,hsa-miR-376b-3p,0.2532157897949219
Hyperleptinemia,hsa-miR-376b-3p,0.25316810607910156
Mandibular Diseases,hsa-miR-4443,0.25316381454467773
Multiple Mitochondrial Dysfunctions Syndrome,hsa-miR-376b-3p,0.25315219163894653
Neoplasms and Mesothelial,hsa-miR-376b-3p,0.2531510591506958
Cardiomyopathy and Alcoholic,hsa-miR-450a-5p,0.2531220316886902
Temporomandibular Joint Dysfunction Syndrome,hsa-miR-376b-3p,0.2531113624572754
Autoimmune Diseases of the Nervous System,hsa-miR-376b-3p,0.2531079649925232
Pasteurella Multocida Infections,hsa-miR-376b-3p,0.2531033158302307
Placenta Accreta,hsa-mir-7844,0.2531023621559143
Renal Artery Obstruction,hsa-miR-376b-3p,0.2530980110168457
Fetal Hypoxia,hsa-miR-376b-3p,0.25308167934417725
Classical Swine Fever,hsa-miR-376b-3p,0.25307947397232056
Endothelial Inflammatory Injury,hsa-miR-376b-3p,0.25307899713516235
Urethritis,hsa-miR-376b-3p,0.25307130813598633
Visceral Hypersensitivity,hsa-miR-376b-3p,0.2530516982078552
Neonatal Encephalopathy,hsa-miR-376b-3p,0.25304222106933594
fragile X-associated tremor/ataxia syndrome,hsa-miR-376b-3p,0.2530355453491211
Plaque and Amyloid,hsa-miR-376b-3p,0.253032922744751
Myeloma Bone Disease,hsa-miR-376b-3p,0.25302886962890625
Inflammation and Chronic,hsa-miR-376b-3p,0.25302135944366455
Asthma and Chronic,hsa-miR-376b-3p,0.25300735235214233
Fabry   Nephropathy,hsa-miR-376b-3p,0.2529889941215515
Phyllodes Tumor and Breast,hsa-miR-376b-3p,0.2529837489128113
Chronic Rhinosinusitis With Nasal  Polyps,hsa-miR-376b-3p,0.252977192401886
Lattice corneal dystrophy type 1,hsa-miR-376b-3p,0.2529747486114502
Cognitive Impairment and Vascular,hsa-miR-376b-3p,0.25295162200927734
Posterior Segment Ocular Diseases,hsa-miR-376b-3p,0.252926766872406
Diminished  Ovarian Reserve,hsa-miR-376b-3p,0.25290173292160034
Angioedemas and Hereditary,hsa-miR-376b-3p,0.25288069248199463
Myocardial Dysfunction,hsa-miR-376b-3p,0.25287729501724243
Rhabdoviridae Infections,hsa-miR-376b-3p,0.2528628706932068
Brugada Syndrome,hsa-miR-376b-3p,0.2528567910194397
Splenic Neoplasms,hsa-miR-376b-3p,0.2528306245803833
Dysentery and Bacillary,hsa-miR-376b-3p,0.25274938344955444
Deglutition Disorders,hsa-miR-376b-3p,0.2527279853820801
Lysosomal Storage Diseases,hsa-miR-376b-3p,0.2527138590812683
Sneddon Syndrome,hsa-miR-376b-3p,0.2526906728744507
Meniscus Degeneration,hsa-miR-376b-3p,0.25268644094467163
Birth Weight,hsa-miR-376b-3p,0.2526555061340332
Mycoplasma pneumoniae pneumonia,hsa-miR-376b-3p,0.2526381015777588
Testicular Neoplasms,hsa-miR-376b-3p,0.25263315439224243
Hyperaldosteronism,hsa-miR-376b-3p,0.2526264786720276
Obstructive   Kidney Disease,hsa-miR-376b-3p,0.2526223659515381
Diffuse Alveolar Hemorrhage and Autoimmune-Mediated,hsa-miR-4443,0.25223344564437866
Fatigue,hsa-miR-4443,0.252156138420105
Knee Injuries,hsa-mir-7844,0.2520374059677124
Embolic Stroke,hsa-miR-4443,0.2519912123680115
Osteolysis and Essential,mmu-miR-743a,0.2519530653953552
Carcinoma and Lewis Lung,hsa-miR-135b-3p,0.25189387798309326
Hypothermia,hsa-miR-450a-5p,0.2518734931945801
Ovarian Neoplasms and Serous,hsa-miR-135b-3p,0.2518022656440735
Polymyalgia Rheumatica,hsa-miR-3164,0.25180160999298096
Autoimmune Diseases of the Nervous System,hsa-miR-135b-3p,0.25178635120391846
Myocardial Fibrosis,hsa-miR-4492,0.25178176164627075
Cardiomyopathy and Dilated,hsa-miR-4443,0.2516480088233948
Diffuse Alveolar Hemorrhage and Autoimmune-Mediated,mmu-miR-743a,0.25158917903900146
Human T-Cell Leukemia Virus Type 1 Infections,hsa-miR-135b-3p,0.25144338607788086
Embolic Stroke,mmu-miR-743a,0.2513468265533447
Heart Failure and Diastolic,hsa-miR-218-1,0.251287579536438
Placenta Accreta,hsa-mir-8080,0.2512442469596863
Germ Cell Tumor and Non-Teratomatous,hsa-mir-8080,0.25115156173706055
Mycobacterium Infections,hsa-miR-4443,0.2511172294616699
Iridocorneal Endothelial Syndrome,hsa-miR-218-1,0.2509767413139343
Arrhythmogenic Right Ventricular Dysplasia,mmu-miR-743a,0.2507058382034302
Frailty,hsa-miR-4443,0.25066137313842773
Systemic Inflammatory Response Syndrome,mmu-miR-743a,0.2504921555519104
Knee Injuries,hsa-mir-8080,0.2501792907714844
Gastrointestinal Stromal Tumors,hsa-mir-8080,0.2501105070114136
high grade glioma,hsa-miR-450a-5p,0.25002098083496094
Embolic Stroke,hsa-mir-8080,0.2498164027929306
Labyrinth Diseases,hsa-miR-4443,0.24967186152935028
Encephalitis and Tick-Borne,hsa-miR-20b*,0.24951358139514923
Canavan Disease,hsa-miR-20b*,0.24951235949993134
Giardiasis,hsa-miR-19a-5p,0.2495075911283493
Canavan Disease,hsa-miR-19a-5p,0.24949468672275543
Anemia and Diamond-Blackfan,hsa-miR-20b*,0.2494700402021408
Urologic Diseases,hsa-miR-20b*,0.24944843351840973
Choroid Diseases,hsa-miR-19a-5p,0.2494356781244278
Chronic   Pelvic Pain Syndrome,hsa-miR-19a-5p,0.24943171441555023
Lentivirus Infections,hsa-miR-20b*,0.24942807853221893
Urinary Calculi,hsa-miR-19a-5p,0.24942775070667267
Pericardial Effusion,hsa-miR-20b*,0.24942444264888763
Renal Artery Obstruction,hsa-miR-19a-5p,0.24937690794467926
Classical Swine Fever,hsa-miR-20b*,0.24937616288661957
Sepsis and Intensive Care Unit-Acquired,hsa-miR-20b*,0.24936826527118683
Labyrinth Diseases,hsa-mir-7844,0.24935518205165863
Laryngeal Papillomas,hsa-miR-19a-5p,0.24935217201709747
Chronic  Rhinosinusitis With Nasal Polyps,hsa-miR-20b*,0.2493503838777542
Swine Diseases,hsa-miR-20b*,0.2493397444486618
Plaque and Amyloid,hsa-miR-20b*,0.24932961165905
Rhabdoid Tumor and Kidney,hsa-miR-20b*,0.2493266612291336
Myeloma Bone Disease,hsa-miR-20b*,0.2493254691362381
Absent corpus callosum cataract immunodeficiency,hsa-miR-19a-5p,0.24931983649730682
Arene Oxide Detoxification Defect,hsa-miR-19a-5p,0.24929086863994598
Phyllodes Tumor and Breast,hsa-miR-20b*,0.2492804378271103
Hemoglobin Bart'S Hydrops   Fetalis Syndrome,mmu-miR-697,0.2492794245481491
Autoimmune Pancreatitis,hsa-miR-19a-5p,0.24927733838558197
Venous Neointimal Hyperplasia,hsa-miR-20b*,0.24927566945552826
Brain   Ventricle Enlargement,hsa-miR-20b*,0.24927084147930145
Werner Syndrome,mmu-miR-697,0.2492569535970688
Neutropenia,hsa-miR-20b*,0.2492530792951584
Virus Diseases,mmu-miR-697,0.24925287067890167
Small-Bowel  Neuroendocrine Tumor,hsa-miR-20b*,0.249240443110466
Leukoplakia and Oral,mmu-miR-697,0.24923713505268097
Hypertension and Portal,hsa-miR-20b*,0.24923352897167206
Glucose Intolerance,mmu-miR-697,0.24923135340213776
Retinitis Pigmentosa,hsa-miR-19a-5p,0.24922741949558258
Pediatric Obesity,mmu-miR-697,0.24922619760036469
Posterior Segment Ocular Diseases,hsa-miR-20b*,0.24922333657741547
Abortion and Spontaneous,mmu-miR-697,0.24922232329845428
Transmissible Gastroenteritis,hsa-miR-19a-5p,0.24922062456607819
Jaundice and Acute,mmu-miR-697,0.2492142766714096
Cholecystitis,mmu-miR-697,0.2492118626832962
Carcinoma and Adenoid Cystic,mmu-miR-697,0.2492043823003769
Thymoma,mmu-miR-697,0.24920006096363068
Neuroendocrine Tumors,mmu-miR-697,0.24919693171977997
Thrombocythemia and Essential,mmu-miR-697,0.2491912692785263
Neoplasms by Histologic Type,hsa-miR-19a-5p,0.24918045103549957
Selenium Deficiency,mmu-miR-697,0.24918030202388763
Keloid,mmu-miR-697,0.2491796463727951
Angioedemas and Hereditary,hsa-miR-20b*,0.24917729198932648
Graft vs Host Disease,mmu-miR-697,0.24917469918727875
Depressive Disorder,mmu-miR-697,0.24917320907115936
Neoplasms and Multiple Primary,mmu-miR-697,0.2491726130247116
Cancer-Associated Cachexia,mmu-miR-697,0.24917222559452057
Dehydration,mmu-miR-697,0.24917174875736237
Reperfusion Injury and Intestinal Ischemia,mmu-miR-697,0.24916283786296844
Adenocarcinoma and Follicular,mmu-miR-697,0.24915416538715363
Bloom Syndrome,mmu-miR-697,0.24914948642253876
Drug Hypersensitivity,mmu-miR-697,0.24914918839931488
Finnish lethal neonatal metabolic syndrome,mmu-miR-697,0.2491457313299179
Pneumoconiosis,hsa-miR-19a-5p,0.2491452842950821
Elliptocytosis 2,mmu-miR-697,0.2491452544927597
Low Back Pain,mmu-miR-697,0.2491447776556015
Growth Disorders,mmu-miR-697,0.24914316833019257
Rhabdoviridae Infections,hsa-miR-19a-5p,0.24914179742336273
brachydactyly type D,mmu-miR-697,0.2491409331560135
Gastric Intestinal   Metaplasia,mmu-miR-697,0.24913881719112396
Myocarditis,mmu-miR-697,0.24913664162158966
Autism Spectrum Disorder,mmu-miR-697,0.24913407862186432
von Willebrand Diseases,mmu-miR-697,0.2491314858198166
Ataxia Neuropathy Spectrum,mmu-miR-697,0.24912269413471222
Pancreatitis,mmu-miR-697,0.24912206828594208
Neuroleptic Malignant Syndrome,mmu-miR-697,0.24911822378635406
Mitochondrial Diseases,mmu-miR-697,0.24911455810070038
Sarcoidosis,mmu-miR-697,0.2491140216588974
Diarrhea 5 and With Tufting Enteropathy and Congenital,mmu-miR-697,0.24911250174045563
Splenic Neoplasms,hsa-miR-19a-5p,0.24910952150821686
Cervical Intraepithelial Neoplasia,mmu-miR-697,0.2491060048341751
Hematologic Neoplasms,mmu-miR-697,0.24910540878772736
Ischemic Stroke and Diabetic,mmu-miR-697,0.2491052895784378
Dwarfism,mmu-miR-697,0.24910487234592438
Adrenocortical Carcinoma,mmu-miR-697,0.24910365045070648
Fractures and Bone,hsa-mir-7844,0.2491016834974289
Hearing Disorders,mmu-miR-697,0.24910099804401398
arteriosclerotic cardiovascular disease,mmu-miR-697,0.24909521639347076
MPTP Poisoning,mmu-miR-697,0.24909119307994843
Neurofibromatosis 2,mmu-miR-697,0.24909035861492157
Choroidal Neovascularization,mmu-miR-697,0.2490895837545395
Vasospasm and Intracranial and Postoperative,mmu-miR-697,0.24908913671970367
Fibrosarcoma,mmu-miR-697,0.24908758699893951
Acute Lymphocytic Leukemia and B-Cell,mmu-miR-697,0.24908311665058136
Alzheimer Disease ,mmu-miR-697,0.2490820437669754
Encephalitis and Viral,hsa-mir-7844,0.24908150732517242
Cryopyrin-Associated Periodic Syndromes,mmu-miR-697,0.24907855689525604
Encephalomyelitis and Autoimmune and Experimental,mmu-miR-697,0.24907217919826508
 Equine Hepacivirus Infections,mmu-miR-697,0.2490643411874771
Human T-Cell Leukemia Virus Type 1 Infections,hsa-miR-20b*,0.24906180799007416
Larva Migrans and Visceral,mmu-miR-697,0.24906115233898163
Pseudarthrosis,mmu-miR-697,0.24906109273433685
Megalencephalic leukoencephalopathy with subcortical cysts,mmu-miR-697,0.2490583211183548
Hypertensive  Disorder Complicating Pregnancy,mmu-miR-697,0.24905820190906525
Iron Metabolism Disorders,mmu-miR-697,0.24905259907245636
Acromegaly,mmu-miR-697,0.24905230104923248
Warburg micro syndrome 1,mmu-miR-697,0.24905140697956085
Precursor T-Cell Lymphoblastic Leukemia-Lymphoma,mmu-miR-697,0.2490505427122116
Reperfusion Injury and Pulmonary Ischemia,mmu-miR-697,0.24904893338680267
Skin Neoplasms,mmu-miR-697,0.24904228746891022
Heart Defects and Congenital,mmu-miR-697,0.24903608858585358
Carotid Artery Injuries,mmu-miR-697,0.24903152883052826
Labyrinth Diseases,mmu-miR-743a,0.24902750551700592
Deglutition Disorders,hsa-miR-20b*,0.24902458488941193
Liver Cirrhosis and Hepatitis Virus B-Related,mmu-miR-697,0.24902208149433136
Pulmonary edema of mountaineers,mmu-miR-697,0.2490176111459732
Nasopharyngeal Neoplasms,mmu-miR-697,0.24901707470417023
Hemangioma,mmu-miR-697,0.24901624023914337
Cicatrix,mmu-miR-697,0.2490108758211136
Cholestatic Liver Injury,hsa-miR-20b*,0.2490106076002121
Tibial Fractures,mmu-miR-697,0.24900303781032562
Adenocarcinoma Of Esophagus,hsa-miR-19a-5p,0.2489989846944809
Mesothelioma and Malignant and Pleural,mmu-miR-697,0.24899818003177643
Critical Illness,mmu-miR-697,0.24898697435855865
Skeletal Muscle Dysplasia,hsa-miR-19a-5p,0.24897675216197968
Cysts,mmu-miR-697,0.24897359311580658
Adrenocortical Adenoma,hsa-miR-19a-5p,0.2489713877439499
Chediak-Higashi Syndrome,hsa-miR-19a-5p,0.24896790087223053
Osteoporosis and Postmenopausal,mmu-miR-697,0.24896769225597382
Meniscus Degeneration,hsa-miR-19a-5p,0.24896536767482758
Cartilage Degradation,mmu-miR-697,0.24895505607128143
FG syndrome,mmu-miR-697,0.24895144999027252
Zika virus congenital syndrome,mmu-miR-697,0.24894289672374725
Amebiasis,hsa-miR-20b*,0.24894262850284576
Placental Insufficiency,mmu-miR-697,0.2489275485277176
Aphasia and Primary Progressive,mmu-miR-697,0.24892713129520416
Amebiasis,hsa-miR-19a-5p,0.24892498552799225
Cestode Infections,hsa-miR-19a-5p,0.24892134964466095
Graves Ophthalmopathy,mmu-miR-697,0.24890978634357452
Obstructive   Kidney Disease,hsa-miR-19a-5p,0.24890132248401642
Multiple Trauma,mmu-miR-697,0.24889935553073883
Microphthalmos,mmu-miR-697,0.24886195361614227
Sarcoma and Synovial,mmu-miR-697,0.2488373965024948
Neoplasm Metastasis,mmu-miR-697,0.24882139265537262
Calcinosis,mmu-miR-697,0.24882127344608307
Erythroblastosis and Fetal,mmu-miR-697,0.24881650507450104
Craniosynostosis radial aplasia syndrome,mmu-miR-697,0.24881096184253693
Schopf-Schulz-Passarge Syndrome,mmu-miR-697,0.24877937138080597
Hair Diseases,mmu-miR-697,0.24877844750881195
Liposarcoma,hsa-miR-4443,0.24877573549747467
Lichen Sclerosus et Atrophicus,mmu-miR-697,0.2487756758928299
Mandibular Diseases,hsa-miR-4456,0.2487640529870987
Arthritis and Gouty,mmu-miR-697,0.2487638145685196
Hepatolenticular Degeneration,mmu-miR-697,0.24876146018505096
Poikiloderma with Neutropenia,mmu-miR-697,0.2487567812204361
Osteomyelitis,mmu-miR-697,0.248749241232872
Fibrous Dysplasia of Bone,mmu-miR-697,0.2487439662218094
Testicular Germ Cell Tumor,mmu-miR-697,0.24873565137386322
Retinal Neovascularization,mmu-miR-697,0.24873407185077667
Foot Ulcer,mmu-miR-697,0.2487301081418991
von Hippel-Lindau Disease,mmu-miR-697,0.24872882664203644
Tongue Neoplasms,mmu-miR-697,0.24871842563152313
Sarcopenia,mmu-miR-697,0.24871017038822174
Urologic Neoplasms,mmu-miR-697,0.24870137870311737
Adenoviridae Infections,hsa-miR-4443,0.2487010508775711
Salivary Gland Pleomorphic Adenoma,mmu-miR-697,0.24869926273822784
Thyroiditis and Subacute,mmu-miR-700-5p,0.24869726598262787
common variable immunodeficiency 2,mmu-miR-700-5p,0.2486962527036667
Liver Diseases and Alcoholic,mmu-miR-700-5p,0.24869592487812042
Infant Nutrition Disorders,mmu-miR-700-5p,0.24869544804096222
Osteosarcoma and Juxtacortical,mmu-miR-697,0.24869422614574432
Laron Syndrome,mmu-miR-700-5p,0.2486829310655594
Neurodevelopmental Disorders,mmu-miR-700-5p,0.24868015944957733
Thyroid Diseases,mmu-miR-700-5p,0.24867956340312958
Typical Teratoid Rhabdoid Tumor,mmu-miR-700-5p,0.24866993725299835
Postural Orthostatic Tachycardia Syndrome,mmu-miR-697,0.24866916239261627
Pneumonia and Staphylococcal,mmu-miR-700-5p,0.24866674840450287
Amelogenesis Imperfecta,mmu-miR-697,0.24865840375423431
Chronic Pain,mmu-miR-700-5p,0.24865825474262238
Hearing Loss and Unilateral,mmu-miR-700-5p,0.24865756928920746
Benign Paroxysmal Positional Vertigo,mmu-miR-700-5p,0.2486543208360672
Hypocalciuric hypercalcemia and familial and type 1,mmu-miR-700-5p,0.24865253269672394
Aging and Premature,hsa-miR-4443,0.24865083396434784
Hypertriglyceridemia,mmu-miR-697,0.24864979088306427
Leg Ulcer,mmu-miR-700-5p,0.248648539185524
Abortion and Spontaneous,mmu-miR-700-5p,0.24864591658115387
Borna Disease,mmu-miR-700-5p,0.24864067137241364
Acute Coronary Syndrome and Non-St  Elevation,mmu-miR-700-5p,0.24863974750041962
Leukokeratosis and Hereditary Mucosal,mmu-miR-700-5p,0.24863724410533905
Cystadenocarcinoma and Serous and Endometrial,mmu-miR-700-5p,0.24862800538539886
Carcinoma and Adenoid Cystic,mmu-miR-700-5p,0.2486279457807541
Schistosomiasis,mmu-miR-700-5p,0.24862681329250336
Synucleinopathies,mmu-miR-700-5p,0.24862556159496307
Hematoma and Subdural and Chronic,mmu-miR-700-5p,0.2486247569322586
White Spot Syndrome Virus  Infection,mmu-miR-700-5p,0.24861790239810944
Leukemia and Large Granular Lymphocytic,mmu-miR-700-5p,0.24861766397953033
Foot-and-Mouth Disease,mmu-miR-700-5p,0.24861712753772736
Heart Diseases,hsa-miR-4443,0.2486160546541214
Thrombocythemia and Essential,mmu-miR-700-5p,0.24861471354961395
Bone Diseases,mmu-miR-700-5p,0.24861334264278412
Venous Thrombosis,mmu-miR-700-5p,0.24861307442188263
Hepatorenal Syndrome,mmu-miR-700-5p,0.24860645830631256
Selenium Deficiency,mmu-miR-700-5p,0.24860386550426483
Staphylococcal Scalded Skin Syndrome,mmu-miR-700-5p,0.24860183894634247
Diabetic Retinopathy ,mmu-miR-700-5p,0.2486015409231186
Fibrous Dysplasia and Polyostotic,mmu-miR-700-5p,0.24859653413295746
Adenomatous Polyposis Coli,mmu-miR-700-5p,0.24859587848186493
Cancer-Associated Cachexia,mmu-miR-700-5p,0.24859581887722015
Bovine Virus Diarrhea-Mucosal Disease,mmu-miR-700-5p,0.24859561026096344
Craniofacial Abnormalities,mmu-miR-700-5p,0.24859358370304108
Arthritis and Juvenile,mmu-miR-700-5p,0.24859164655208588
ovary adenocarcinoma,mmu-miR-700-5p,0.24858839809894562
Acute  Kidney Injury,mmu-miR-700-5p,0.24858780205249786
Niemann-Pick disease type C1,mmu-miR-700-5p,0.24858762323856354
Mite Infestations,mmu-miR-700-5p,0.24858762323856354
Low Tension Glaucoma,mmu-miR-700-5p,0.24858291447162628
Laryngeal Papilloma,mmu-miR-700-5p,0.24858249723911285
Short Stature and Idiopathic and Autosomal,mmu-miR-700-5p,0.24858196079730988
Adenocarcinoma and Follicular,mmu-miR-700-5p,0.24857772886753082
Post-Cardiac Arrest Syndrome,mmu-miR-700-5p,0.24857653677463531
Simian Acquired Immunodeficiency Syndrome,mmu-miR-700-5p,0.24857617914676666
Hepatopulmonary Syndrome,mmu-miR-700-5p,0.24857564270496368
Li-Fraumeni syndrome 1,mmu-miR-700-5p,0.24857459962368011
Albuminuria,mmu-miR-700-5p,0.24857406318187714
Drug Hypersensitivity,mmu-miR-700-5p,0.24857275187969208
Finnish lethal neonatal metabolic syndrome,mmu-miR-700-5p,0.2485693246126175
Growth Disorders,mmu-miR-700-5p,0.24856673181056976
Aortic Diseases,mmu-miR-700-5p,0.24856527149677277
Pelvic Floor Disorders,mmu-miR-700-5p,0.24856142699718475
Environmental Illness,mmu-miR-700-5p,0.24856136739253998
Myocarditis,mmu-miR-700-5p,0.2485601156949997
Encephalomyelitis and Enzootic Porcine,mmu-miR-700-5p,0.2485560029745102
Multiple Sclerosis and Chronic Progressive,mmu-miR-700-5p,0.24855564534664154
von Willebrand Diseases,mmu-miR-700-5p,0.2485550493001938
HBV-related cirrhosis,mmu-miR-700-5p,0.2485525757074356
Gastric Precancerous Lesion,mmu-miR-700-5p,0.24855221807956696
Osteochondromatosis,mmu-miR-700-5p,0.24855168163776398
DNA Repair-Deficiency Disorders,mmu-miR-700-5p,0.24854998290538788
Cumulative Trauma Disorders,mmu-miR-700-5p,0.24854810535907745
Pancreatitis,mmu-miR-700-5p,0.24854566156864166
Spinal muscular atrophy with respiratory distress 1,mmu-miR-708,0.24854566156864166
Primary Graft Dysfunction,mmu-miR-700-5p,0.2485436052083969
Diarrhea,hsa-mir-7844,0.24854345619678497
Neuroleptic Malignant Syndrome,mmu-miR-700-5p,0.24854178726673126
nonsyndromic congenital nail disorder 7,mmu-miR-700-5p,0.2485322803258896
Leukemia and Myelomonocytic and Chronic,mmu-miR-700-5p,0.24853022396564484
Dwarfism,mmu-miR-700-5p,0.24852855503559113
Osteoarthritis and Post-Traumatic,mmu-miR-700-5p,0.24852807819843292
Aspergillosis and Allergic Bronchopulmonary,mmu-miR-700-5p,0.2485271543264389
Pain and Postoperative,mmu-miR-700-5p,0.2485266774892807
Ovarian Insufficiency and Premature,mmu-miR-700-5p,0.2485264390707016
Immune-Mediated Inflammatory Diseases,mmu-miR-700-5p,0.2485262006521225
Guillain-Barre Syndrome,hsa-mir-7844,0.24852575361728668
Central Nervous System Bacterial Infections,mmu-miR-700-5p,0.24852468073368073
Cystic Fibrosis,mmu-miR-700-5p,0.24852101504802704
Cell Transformation and Neoplastic,mmu-miR-700-5p,0.24851976335048676
Oral Ulcer,mmu-miR-700-5p,0.24851764738559723
Pleural Effusion and Malignant,mmu-miR-700-5p,0.24851487576961517
Exanthema,mmu-miR-700-5p,0.24851451814174652
Choroidal Neovascularization,mmu-miR-700-5p,0.24851326644420624
Hyperalgesia,mmu-miR-700-5p,0.24851222336292267
Fibrosis and Skin,mmu-miR-700-5p,0.24851061403751373
Hemorrhagic Fever and Ebola,mmu-miR-708,0.248508021235466
Acute Lymphocytic Leukemia and B-Cell,mmu-miR-700-5p,0.2485067993402481
Arrest of spermatogenesis,mmu-miR-700-5p,0.24850331246852875
Hepatitis C and Chronic,mmu-miR-700-5p,0.2485012263059616
Telangiectasia and Hereditary Hemorrhagic,mmu-miR-700-5p,0.24850048124790192
Heart Diseases and Congenital,mmu-miR-700-5p,0.24849893152713776
Anemia,mmu-miR-700-5p,0.24849717319011688
Folliculotropic Mycosis Fungoides,mmu-miR-700-5p,0.24849481880664825
Jaw Abnormalities,mmu-miR-700-5p,0.24849440157413483
Myasthenia Gravis with Thymus Hyperplasia,mmu-miR-708,0.2484922558069229
Retinal Detachment,mmu-miR-700-5p,0.24849198758602142
Hcv Associated Disorders,mmu-miR-700-5p,0.2484908550977707
Hypoxia-Ischemia and Brain,mmu-miR-700-5p,0.24848856031894684
Yellow Nail Syndrome,mmu-miR-700-5p,0.24848856031894684
Allergic Inflammation,mmu-miR-700-5p,0.2484881430864334
Frailty,hsa-mir-8080,0.2484866827726364
Enterovirus B and Human,mmu-miR-700-5p,0.24848495423793793
Stiff-Person Syndrome,mmu-miR-708,0.24848417937755585
acute myocardial infarction,mmu-miR-708,0.24848352372646332
Gastritis and Pediatric,mmu-miR-700-5p,0.24848346412181854
Testicular Diseases,mmu-miR-700-5p,0.24848325550556183
invasive aspergillosis,mmu-miR-700-5p,0.2484830766916275
Polymyositis,mmu-miR-700-5p,0.24848254024982452
Obstetric Labor Complications,mmu-miR-708,0.2484821230173111
Megalencephalic leukoencephalopathy with subcortical cysts,mmu-miR-700-5p,0.24848200380802155
Hypertensive  Disorder Complicating Pregnancy,mmu-miR-700-5p,0.24848176538944244
Infections,mmu-miR-700-5p,0.2484816461801529
Typical Teratoid Rhabdoid Tumor,mmu-miR-708,0.24848099052906036
Adenocarcinoma,mmu-miR-700-5p,0.2484769970178604
Polythelia and Familial,mmu-miR-700-5p,0.24847503006458282
Polycythemia and High Altitude,mmu-miR-700-5p,0.2484741061925888
Collagen Diseases,mmu-miR-700-5p,0.24847279489040375
Atrial Premature Complexes,mmu-miR-700-5p,0.24847139418125153
Retinal Dystrophies,mmu-miR-700-5p,0.24847085773944855
Chronic Pain,mmu-miR-708,0.2484693080186844
Keratitis and Herpetic,mmu-miR-700-5p,0.2484685629606247
sporatic amyotrophic lateral sclerosis,mmu-miR-708,0.24846725165843964
Alveolar Bone Loss,mmu-miR-700-5p,0.24846501648426056
Mastitis,mmu-miR-700-5p,0.24846352636814117
Ehlers-Danlos Syndrome,mmu-miR-700-5p,0.24846281111240387
Lissencephaly,mmu-miR-700-5p,0.24846123158931732
Leg Ulcer,mmu-miR-708,0.2484596222639084
Infarction and Middle Cerebral Artery,mmu-miR-700-5p,0.248459592461586
Gastric And Colon Cancer,mmu-miR-700-5p,0.24845732748508453
Carotid Artery Injuries,mmu-miR-700-5p,0.24845509231090546
hyper IgE recurrent infection syndrome 2,mmu-miR-700-5p,0.24845479428768158
Disorders of Excessive Somnolence,mmu-miR-700-5p,0.2484547346830368
Endophthalmitis,mmu-miR-700-5p,0.24845357239246368
Lymphoma and Natural   Killer/T-Cell,mmu-miR-700-5p,0.2484527975320816
Pulmonary Edema,mmu-miR-700-5p,0.24845249950885773
Respiration Disorders and Infant,mmu-miR-700-5p,0.24845190346240997
renal fibrosis,mmu-miR-700-5p,0.24845032393932343
Cerebral Hemorrhage,mmu-miR-708,0.24844737350940704
Cholecystitis,mmu-miR-708,0.2484464794397354
Reinjuries,mmu-miR-700-5p,0.248445525765419
Prostatitis,mmu-miR-708,0.24844475090503693
Glima,mmu-miR-700-5p,0.24844329059123993
Cushing Syndrome,mmu-miR-700-5p,0.24844171106815338
Distal arthrogryposis type 2B,mmu-miR-708,0.2484414428472519
Hemangioma,mmu-miR-700-5p,0.24843980371952057
Tuberous Sclerosis 1,mmu-miR-708,0.24843980371952057
Movement Disorders,mmu-miR-700-5p,0.2484397441148758
Cystadenocarcinoma and Serous and Endometrial,mmu-miR-708,0.24843908846378326
Carcinoma and Adenoid Cystic,mmu-miR-708,0.2484390288591385
Synucleinopathies,mmu-miR-708,0.24843649566173553
Endotoxemia,mmu-miR-700-5p,0.2484363168478012
Hematoma and Subdural and Chronic,mmu-miR-708,0.248435840010643
Thymoma,mmu-miR-708,0.24843455851078033
Encephalomyelitis and Western Equine,mmu-miR-700-5p,0.24843232333660126
Osteolysis,mmu-miR-700-5p,0.24843232333660126
Neurofibroma and Plexiform,mmu-miR-700-5p,0.24842895567417145
Bronchial Hyperreactivity,mmu-miR-700-5p,0.24842722713947296
Tibial Fractures,mmu-miR-700-5p,0.24842660129070282
Bone Pain,mmu-miR-700-5p,0.24842624366283417
Ectrodactyly-cleft lip-palate syndrome,mmu-miR-700-5p,0.24842606484889984
Thrombocythemia and Essential,mmu-miR-708,0.24842576682567596
Chagas Disease,mmu-miR-700-5p,0.24842558801174164
Bone Diseases,mmu-miR-708,0.24842439591884613
Platelet Storage Lesion,mmu-miR-708,0.24842210114002228
primary biliary cholangitis 1,mmu-miR-708,0.24842138588428497
Ocular Hypertension,mmu-miR-700-5p,0.2484203428030014
Facial Nerve Injuries,mmu-miR-708,0.2484201043844223
Tetralogy of Fallot,mmu-miR-700-5p,0.24841879308223724
End Stage Liver Disease,mmu-miR-708,0.24841879308223724
Keratoconus,mmu-miR-708,0.24841837584972382
Thyroid Carcinoma and Anaplastic,mmu-miR-708,0.2484181970357895
Peripheral Arterial Disease,mmu-miR-700-5p,0.24841691553592682
Sarcoidosis and Pulmonary,mmu-miR-700-5p,0.2484167367219925
Selenium Deficiency,mmu-miR-708,0.24841491878032684
Leukemia and Myeloid,mmu-miR-708,0.24841491878032684
Rhabdoviridae,mmu-miR-700-5p,0.24841444194316864
Heart Septal Defects and Ventricular,mmu-miR-708,0.24841289222240448
Gynatresia,mmu-miR-708,0.24841277301311493
Vascular Calcification,mmu-miR-700-5p,0.24841241538524628
mitochondrial DNA depletion syndrome 4b,mmu-miR-708,0.24841223657131195
Alopecia,mmu-miR-700-5p,0.24841059744358063
Thromboangiitis Obliterans,mmu-miR-708,0.24841047823429108
Carcinoma and Squamous Cell and Cutaneous,mmu-miR-708,0.2484099417924881
Graft vs Host Disease,mmu-miR-708,0.24840934574604034
Cardiomyopathy and Dilated and with Left Ventricular Noncompaction,mmu-miR-708,0.24840842187404633
Neoplasms and Multiple Primary,mmu-miR-708,0.24840711057186127
Adenomatous Polyposis Coli,mmu-miR-708,0.2484068125486374
Meniere Disease,mmu-miR-708,0.24840565025806427
Craniofacial Abnormalities,mmu-miR-708,0.2484046369791031
Myeloproliferative Disorders,mmu-miR-708,0.2484033852815628
Arthritis and Juvenile,mmu-miR-708,0.2484026998281479
Cervical Cancer and Hpv Infected,mmu-miR-700-5p,0.2483995109796524
Mite Infestations,mmu-miR-708,0.24839867651462555
Intracranial  Aneurysm,mmu-miR-700-5p,0.2483976036310196
Hydatidiform Mole,mmu-miR-700-5p,0.2483905404806137
Dental Caries,mmu-miR-708,0.2483905404806137
Adenocarcinoma and Follicular,mmu-miR-708,0.24838869273662567
Microvascular Rarefaction,mmu-miR-700-5p,0.24838753044605255
Sciatica,mmu-miR-700-5p,0.24838681519031525
Hepatopulmonary Syndrome,mmu-miR-708,0.2483866959810257
Drug Hypersensitivity,mmu-miR-708,0.2483838051557541
Chorioamnionitis,mmu-miR-700-5p,0.24837778508663177
Ear Diseases,mmu-miR-700-5p,0.24837668240070343
Diabetic Neuropathies,mmu-miR-700-5p,0.24837662279605865
Aortic Diseases,mmu-miR-708,0.24837632477283478
Periodontal Diseases,mmu-miR-708,0.24837465584278107
Hyperkalemia,mmu-miR-708,0.2483743578195572
X-linked juvenile retinoschisis 1,mmu-miR-708,0.2483743578195572
Psychotic Disorders,mmu-miR-700-5p,0.24837325513362885
Scapuloperoneal Myopathy and X-Linked Dominant,mmu-miR-700-5p,0.2483704835176468
Hepatitis A,mmu-miR-708,0.2483687549829483
Otofaciocervical Syndrome,mmu-miR-700-5p,0.24836839735507965
Leukemia and Promyelocytic and Acute,mmu-miR-708,0.248368039727211
Encephalomyelitis and Enzootic Porcine,mmu-miR-708,0.2483670562505722
Adenocarcinoma and Sebaceous and Ocular,mmu-miR-700-5p,0.24836651980876923
Hyperplasia,mmu-miR-700-5p,0.24836646020412445
Distal myopathy and Nonaka type,mmu-miR-708,0.24836616218090057
Neuroectodermal Tumors and Primitive,mmu-miR-708,0.24836157262325287
Lupus Nephritis,mmu-miR-708,0.24836133420467377
Status Epilepticus,mmu-miR-708,0.24836091697216034
Focal Infection,mmu-miR-700-5p,0.24836061894893646
Cumulative Trauma Disorders,mmu-miR-708,0.2483593076467514
Anterior Cruciate Ligament Injuries,mmu-miR-700-5p,0.24835892021656036
Kidney Calculi,mmu-miR-708,0.24835844337940216
Lipodystrophy,mmu-miR-708,0.24835683405399323
Fibroadenoma,mmu-miR-708,0.2483564168214798
Cholera,mmu-miR-708,0.24835418164730072
AIDS Dementia Complex,mmu-miR-708,0.2483518272638321
Peri-Implantitis,mmu-miR-708,0.24835152924060822
Endometrial Hyperplasia,mmu-miR-708,0.24835105240345
Stanford Type A Aortic   Dissection,mmu-miR-708,0.2483508139848709
Aphasia and Primary Progressive,mmu-miR-700-5p,0.24835069477558136
Mitochondrial Diseases,mmu-miR-708,0.2483491748571396
Hepacivirus,mmu-miR-708,0.24834857881069183
Trachoma,mmu-miR-700-5p,0.24834804236888885
Oral Submucous Fibrosis,mmu-miR-708,0.24834556877613068
Hemangioma and Infantile,mmu-miR-708,0.24834345281124115
Cleidocranial Dysplasia,mmu-miR-708,0.24834327399730682
Gingivitis,mmu-miR-708,0.24834184348583221
Myeloma Bone Disease,hsa-miR-4327,0.24834083020687103
Infarct-Related Artery Total Occlusion,mmu-miR-700-5p,0.24834014475345612
Ischemic Cerebral Infarction,mmu-miR-708,0.24833936989307404
Osteoarthritis and Post-Traumatic,mmu-miR-708,0.24833913147449493
Carcinogenesis,mmu-miR-700-5p,0.24833671748638153
Hand and Foot and Mouth Disease,mmu-miR-700-5p,0.24833564460277557
Uremia,mmu-miR-708,0.2483348399400711
Wasting Disease and Chronic,mmu-miR-708,0.248334601521492
Coronary Restenosis,mmu-miR-708,0.24833275377750397
Poorly Differentiated Thyroid Gland Carcinoma,mmu-miR-708,0.2483312338590622
Lumbosacral Spinal Root Avulsion,mmu-miR-708,0.24833063781261444
Temporomandibular Joint Osteoarthritis,mmu-miR-700-5p,0.24832962453365326
Oral Ulcer,mmu-miR-708,0.24832870066165924
uric acid nephrolithiasis,mmu-miR-700-5p,0.2483275681734085
Hind Limb Ischemia,mmu-miR-708,0.24832679331302643
Lip and Hamartomatous,mmu-miR-708,0.24832679331302643
MPTP Poisoning,mmu-miR-708,0.24832580983638763
Pleural Effusion and Malignant,mmu-miR-708,0.24832580983638763
"Muscular Atrophy, Spinal",mmu-miR-700-5p,0.24832390248775482
Glomerulonephritis and Membranoproliferative,mmu-miR-708,0.2483234852552414
Hyperalgesia,mmu-miR-708,0.24832315742969513
Multiple Trauma,mmu-miR-700-5p,0.24832303822040558
Muscular Diseases,mmu-miR-700-5p,0.24832038581371307
Giant Cell Arteritis,mmu-miR-708,0.24831996858119965
Neoplasm and Residual,mmu-miR-708,0.2483181208372116
Thymic epithelial tumor,mmu-miR-708,0.2483174353837967
polycystic kidney disease 3,mmu-miR-708,0.2483164221048355
Osteoporosis-pseudoglioma syndrome,mmu-miR-700-5p,0.24831517040729523
Sensation Disorders,mmu-miR-708,0.24831323325634003
Cryopyrin-Associated Periodic Syndromes,mmu-miR-708,0.24831317365169525
Microphthalmia and syndromic 2,mmu-miR-708,0.24831221997737885
Cholesteatoma,mmu-miR-700-5p,0.24831204116344452
Heart Diseases and Congenital,mmu-miR-708,0.24830998480319977
Langer mesomelic dysplasia,mmu-miR-708,0.24830643832683563
Turner Syndrome,mmu-miR-700-5p,0.24830569326877594
Cyprinid Herpesvirus 3,mmu-miR-708,0.24830509722232819
Rhinitis and Allergic and Seasonal,mmu-miR-708,0.24830259382724762
Nephrosclerosis,mmu-miR-708,0.24830065667629242
Yellow Nail Syndrome,mmu-miR-708,0.24829961359500885
Heart Diseases,hsa-mir-7844,0.24829958379268646
Lesch-Nyhan Syndrome,mmu-miR-708,0.24829943478107452
Cleft Lip,mmu-miR-708,0.24829600751399994
Pseudarthrosis,mmu-miR-708,0.24829570949077606
Mitral Valve Insufficiency,mmu-miR-708,0.24829493463039398
Psoriasis,mmu-miR-708,0.24829421937465668
Myopia,mmu-miR-708,0.24829329550266266
Lumbar Radicular Pain,mmu-miR-700-5p,0.24829299747943878
Megalencephalic leukoencephalopathy with subcortical cysts,mmu-miR-708,0.248292937874794
Rosacea,mmu-miR-708,0.24829275906085968
Substance Abuse and Intravenous,mmu-miR-708,0.24829275906085968
Infections,mmu-miR-708,0.24829258024692535
Carcinoma and Small Cell,mmu-miR-708,0.2482915073633194
Orchitis,mmu-miR-700-5p,0.24829138815402985
Depression and Postpartum,mmu-miR-708,0.24828632175922394
Polythelia and Familial,mmu-miR-708,0.24828596413135529
Sleep Deprivation,mmu-miR-700-5p,0.24828578531742096
Precursor T-Cell Lymphoblastic Leukemia-Lymphoma,mmu-miR-708,0.24828530848026276
Canine Mammary Carcinoma,mmu-miR-708,0.24828501045703888
Autistic Disorder,mmu-miR-708,0.24828456342220306
Brain Ischemia ,mmu-miR-700-5p,0.2482834905385971
Osteoporotic Fracture and Tibial,mmu-miR-708,0.24828191101551056
Arthritis,mmu-miR-708,0.2482781857252121
Stillbirth,mmu-miR-700-5p,0.24827800691127777
Growth Hormone-Secreting Pituitary Adenoma,mmu-miR-708,0.24827800691127777
Dilated Cardiomyopathy ,hsa-miR-30d-3p,0.24827544391155243
Mastitis,mmu-miR-708,0.24827457964420319
Ehlers-Danlos Syndrome,mmu-miR-708,0.24827386438846588
External Auditory Canal Squamous Cell Carcinoma,mmu-miR-708,0.24827350676059723
Bone Diseases and Metabolic,mmu-miR-708,0.24827344715595245
Marfan Syndrome,mmu-miR-708,0.24827294051647186
Diastrophic dysplasia,mmu-miR-708,0.24827264249324799
Duodenal Ulcer,mmu-miR-700-5p,0.2482718676328659
Hereditary pancreatitis,mmu-miR-708,0.2482711523771286
Graves Disease,mmu-miR-708,0.2482709139585495
Long Term Adverse Effects,mmu-miR-708,0.2482709139585495
Pica,mmu-miR-700-5p,0.2482699304819107
dilated cardiomyopathy 1FF,mmu-miR-708,0.24826844036579132
Encephalomyelitis and Acute Disseminated,mmu-miR-700-5p,0.24826638400554657
Acute Lung Injury,mmu-miR-708,0.24826596677303314
Lacrimal Adenoid   Cystic Carcinoma,mmu-miR-708,0.2482658475637436
Smoke Inhalation Injury,mmu-miR-708,0.24826429784297943
Pulmonary Edema,mmu-miR-708,0.24826355278491974
Hyperinsulinism,mmu-miR-708,0.24826128780841827
Sarcoma and Synovial,mmu-miR-700-5p,0.24826107919216156
Delayed Graft Function,mmu-miR-700-5p,0.24825923144817352
Bird Diseases,mmu-miR-708,0.24825789034366608
Liver Cirrhosis and Hepatitis Virus B-Related,mmu-miR-708,0.24825657904148102
Reinjuries,mmu-miR-708,0.24825657904148102
gastric cardia adenocarcinoma,mmu-miR-708,0.24825628101825714
Duane Retraction Syndrome,mmu-miR-708,0.2482547014951706
rippling muscle disease 1,mmu-miR-708,0.24825333058834076
Cushing Syndrome,mmu-miR-708,0.24825267493724823
Clubfoot,mmu-miR-708,0.24825145304203033
Oligospermia,mmu-miR-700-5p,0.24824868142604828
Bacterial Infections,mmu-miR-708,0.2482486218214035
Calcinosis,mmu-miR-700-5p,0.24824471771717072
intracranial berry aneurysm 3,mmu-miR-700-5p,0.24824123084545135
Aortic Aneurysm,mmu-miR-708,0.24824057519435883
Enterocolitis,mmu-miR-708,0.2482403665781021
Erythroblastosis and Fetal,mmu-miR-700-5p,0.24824006855487823
Neurofibroma and Plexiform,mmu-miR-708,0.2482398897409439
Ectrodactyly-cleft lip-palate syndrome,mmu-miR-708,0.24823711812496185
Chagas Disease,mmu-miR-708,0.24823664128780365
Colorectal   Adenocarcinoma,mmu-miR-708,0.24823416769504547
Atrial Dilatation,mmu-miR-700-5p,0.24823109805583954
Turcot syndrome,mmu-miR-708,0.2482287734746933
Tourette Syndrome,mmu-miR-700-5p,0.24822814762592316
Sarcoidosis and Pulmonary,mmu-miR-708,0.24822767078876495
Papilloma and Choroid Plexus,mmu-miR-708,0.2482261210680008
Urothelial   Carcinoma,mmu-miR-708,0.24822594225406647
Acute Coronary Syndrome ,mmu-miR-700-5p,0.24822531640529633
Breast Diseases,mmu-miR-700-5p,0.24822460114955902
Suppuration,mmu-miR-700-5p,0.24822266399860382
Tuberculosis and Meningeal,mmu-miR-708,0.2482217699289322
Adenine phosphoribosyltransferase deficiency,mmu-miR-700-5p,0.2482217699289322
Alopecia,mmu-miR-708,0.24822165071964264
Fragile X Syndrome,mmu-miR-708,0.24822141230106354
Cardiovascular Complications,mmu-miR-708,0.24822105467319489
Trypanosomiasis,mmu-miR-708,0.24822081625461578
Rotator Cuff,mmu-miR-700-5p,0.24822033941745758
Ventricular Remodeling,mmu-miR-700-5p,0.2482193559408188
Colon   Adenocarcinoma,mmu-miR-708,0.248219296336174
Cholestasis and Intrahepatic,mmu-miR-700-5p,0.2482176274061203
Mandibulofacial Dysostosis,mmu-miR-708,0.2482173889875412
colon carcinoma,mmu-miR-700-5p,0.2482152134180069
Oophoritis,mmu-miR-700-5p,0.24821437895298004
Lipodystrophy and Partial and Acquired,mmu-miR-700-5p,0.2482132762670517
Mycobacterium Infections and Nontuberculous,mmu-miR-708,0.2482125610113144
Prosthesis Failure,mmu-miR-700-5p,0.24821127951145172
Shoulder Injuries,mmu-miR-700-5p,0.24821092188358307
Ullrich congenital muscular dystrophy,mmu-miR-708,0.24820967018604279
Hyperphosphatemia,mmu-miR-700-5p,0.248209610581398
Thrombosis,mmu-miR-700-5p,0.24820901453495026
Toxoplasmosis and Ocular,mmu-miR-708,0.24820689857006073
vulva squamous cell carcinoma,mmu-miR-700-5p,0.24820490181446075
Liver Failure and Acute,mmu-miR-700-5p,0.24820242822170258
Stomatitis and Herpetic,mmu-miR-708,0.24820147454738617
Cerebral Small Vessel Diseases,mmu-miR-700-5p,0.24819986522197723
Microvascular Rarefaction,mmu-miR-708,0.24819858372211456
Hypertrophy and Right Ventricular,mmu-miR-708,0.24819673597812653
Neoplasms and Germ Cell and Embryonal,mmu-miR-708,0.2481914907693863
Carcinoma and Merkel Cell,mmu-miR-708,0.24818967282772064
Large Artery  Atherosclerosis,mmu-miR-700-5p,0.24818943440914154
Early Embryonic Arrestdagger,mmu-miR-700-5p,0.2481890171766281
Maxillary Sinusitis,mmu-miR-708,0.24818648397922516
Psychotic Disorders,mmu-miR-708,0.24818430840969086
Arbovirus Infections,mmu-miR-700-5p,0.24818305671215057
Adenocarcinoma and Sebaceous and Ocular,mmu-miR-708,0.24817757308483124
Hepatic Veno-Occlusive Disease,mmu-miR-700-5p,0.2481728047132492
Sexual Dysfunctions and Psychological,mmu-miR-700-5p,0.24817268550395966
Anterior Cruciate Ligament Injuries,mmu-miR-708,0.24817000329494476
Fibrous Dysplasia of Bone,mmu-miR-700-5p,0.24816741049289703
Kartagener Syndrome,mmu-miR-708,0.24816469848155975
Dermatitis and Allergic Contact,mmu-miR-708,0.24816451966762543
Olfaction Disorders,mmu-miR-700-5p,0.24816422164440155
Sinus Thrombosis and Intracranial,mmu-miR-700-5p,0.24816329777240753
Aphasia and Primary Progressive,mmu-miR-708,0.24816186726093292
Spinal Cord Diseases,mmu-miR-708,0.24816127121448517
Infectious pancreatic necrosis virus,hsa-miR-4459,0.24815715849399567
Smooth Muscle Tumor,mmu-miR-700-5p,0.24815486371517181
Ventricular Dysfunction,mmu-miR-708,0.24815289676189423
Infarct-Related Artery Total Occlusion,mmu-miR-708,0.24815119802951813
Rotavirus Infections,mmu-miR-700-5p,0.2481439858675003
Combined Saposin Deficiency,mmu-miR-700-5p,0.24814216792583466
Pheochromocytoma,mmu-miR-700-5p,0.24814169108867645
Lung Carcinoid,mmu-miR-700-5p,0.24813450872898102
Muscular Diseases,mmu-miR-708,0.24813146889209747
Papillomavirus Infections,mmu-miR-700-5p,0.24812941253185272
Neoplasms and Glandular and Epithelial,mmu-miR-708,0.248128280043602
Osteoporosis-pseudoglioma syndrome,mmu-miR-708,0.2481261044740677
Cholesteatoma,mmu-miR-708,0.24812309443950653
Nijmegen Breakage Syndrome,mmu-miR-708,0.24812297523021698
non-alcoholic fatty liver,mmu-miR-700-5p,0.24812139570713043
Turner Syndrome,mmu-miR-708,0.24811677634716034
Rectal Injury,mmu-miR-700-5p,0.24811501801013947
Knee Injuries,hsa-miR-4459,0.24810387194156647
Hepatitis E,mmu-miR-700-5p,0.24810387194156647
Brucellosis and Bovine,mmu-miR-708,0.24810315668582916
Sleep Deprivation,mmu-miR-708,0.24809683859348297
Coronary Stenosis,mmu-miR-708,0.24809230864048004
Cardiomyopathy and Hypertrophic,mmu-miR-708,0.2480827420949936
Amelogenesis Imperfecta,mmu-miR-700-5p,0.2480819672346115
Encephalomyelitis and Acute Disseminated,mmu-miR-708,0.24807743728160858
Vitamin B Deficiency,mmu-miR-708,0.24807430803775787
Hypertriglyceridemia,mmu-miR-700-5p,0.24807347357273102
Thymus Neoplasms,mmu-miR-708,0.24807070195674896
Alopecia Areata,mmu-miR-700-5p,0.24806924164295197
Alveolar echinococcosis,mmu-miR-700-5p,0.24806876480579376
Hyperandrogenism,mmu-miR-708,0.24806858599185944
Periapical Diseases,mmu-miR-700-5p,0.2480652779340744
Leukemia and Myeloid and Accelerated Phase,mmu-miR-708,0.2480638474225998
Oligospermia,mmu-miR-708,0.2480597347021103
Trichohepatoenteric Syndrome,mmu-miR-708,0.2480558305978775
Lung Diseases and Interstitial,mmu-miR-700-5p,0.24804626405239105
late onset Parkinson's disease,mmu-miR-708,0.24804307520389557
Hepatitis and Chronic,mmu-miR-708,0.24804191291332245
Acute Coronary Syndrome ,mmu-miR-708,0.2480362504720688
Platelet Storage Pool Deficiency,mmu-miR-708,0.24803374707698822
Adenine phosphoribosyltransferase deficiency,mmu-miR-708,0.2480328232049942
Diabetes Of The Exocrine Pancreas ,mmu-miR-708,0.24803252518177032
dystonia 5,mmu-miR-708,0.24803103506565094
Ventricular Remodeling,mmu-miR-708,0.24803029000759125
Cholestasis and Intrahepatic,mmu-miR-708,0.2480286806821823
Pigmentation Disorders,mmu-miR-708,0.24802832305431366
Rabies,mmu-miR-708,0.24802584946155548
Gastrointestinal Diseases,mmu-miR-708,0.2480236142873764
Syphilis and secondary,mmu-miR-708,0.24802060425281525
Rubella Syndrome and Congenital,mmu-miR-708,0.24800796806812286
Depression and Post Stroke,mmu-miR-708,0.24800632894039154
ABCD syndrome,mmu-miR-708,0.24800147116184235
Eclampsia,mmu-miR-708,0.2480010837316513
Myeloproliferative Disorder and Chronic and with Eosinophilia,mmu-miR-708,0.24799887835979462
Hepatolenticular Degeneration,mmu-miR-708,0.247995987534523
Fatty Liver,mmu-miR-708,0.2479843646287918
Hepatic Veno-Occlusive Disease,mmu-miR-708,0.2479838877916336
Sexual Dysfunctions and Psychological,mmu-miR-708,0.2479836493730545
Diffuse Alveolar Hemorrhage and Autoimmune-Mediated,hsa-miR-4459,0.24798332154750824
Osteochondritis Dissecans,mmu-miR-708,0.2479829043149948
obstructive nephropathy,mmu-miR-708,0.24797742068767548
Sexually Transmitted Diseases,mmu-miR-708,0.24797658622264862
Cholangitis and Biliary and Primary,mmu-miR-708,0.247975692152977
Sinus Thrombosis and Intracranial,mmu-miR-708,0.24797435104846954
Incontinentia Pigmenti,mmu-miR-708,0.24797214567661285
Retinal Neovascularization,mmu-miR-708,0.24796859920024872
differentiated thyroid gland carcinoma,mmu-miR-708,0.24796424806118011
Brain Injury and Ischemic,mmu-miR-708,0.24795545637607574
Rotavirus Infections,mmu-miR-708,0.24795515835285187
Tongue Neoplasms,mmu-miR-708,0.2479531615972519
Bipolar Disorder,mmu-miR-708,0.2479526847600937
Upper Tract Urothelial Carcinoma,mmu-miR-708,0.24794889986515045
Emphysema,mmu-miR-708,0.24794818460941315
Rectal Diseases,mmu-miR-708,0.24794594943523407
Lung Carcinoid,mmu-miR-708,0.24794571101665497
Immune System Diseases,mmu-miR-708,0.24793840944766998
Coronavirus Infections,mmu-miR-708,0.24793444573879242
Salivary Gland Pleomorphic Adenoma,mmu-miR-708,0.247934028506279
non-alcoholic fatty liver,mmu-miR-708,0.247932568192482
Fluorosis and Dental,mmu-miR-708,0.24792741239070892
Kidney Diseases and Cystic,mmu-miR-708,0.24792708456516266
Vesicular Stomatitis,mmu-miR-708,0.24792565405368805
Neoplastic Cells and Circulating,mmu-miR-708,0.24792419373989105
Xerostomia,mmu-miR-708,0.24791266024112701
Fatigue,hsa-miR-4459,0.2479061335325241
Blood Platelet Disorders,mmu-miR-708,0.24790547788143158
Amelogenesis Imperfecta,mmu-miR-708,0.24789302051067352
Gastrointestinal Stromal Tumors,hsa-miR-4456,0.24788545072078705
Alopecia Areata,mmu-miR-708,0.24788032472133636
Embolic Stroke,hsa-miR-4459,0.24774108827114105
Adrenocorticotropic hormone deficiency,hsa-miR-450b-3p,0.24768595397472382
Trichosporonosis,rno-miR-331,0.24768169224262238
childhood acute myeloid leukemia,hsa-miR-4459,0.24749819934368134
Labyrinth Diseases,hsa-mir-8080,0.24749715626239777
HIV-Associated Lipodystrophy Syndrome,hsa-mir-873,0.2474844604730606
Hereditary Angioedema Types I and II,hsa-miR-181a-1*,0.24733753502368927
Femoral Neck Fractures,hsa-miR-4443,0.24731837213039398
colorectal adenocarcinoma,hsa-mir-8080,0.2472650557756424
Encephalitis and Viral,hsa-mir-8080,0.2472233921289444
Hereditary Autoinflammatory Diseases,hsa-miR-24-1,0.24720139801502228
Substance-Related Disorders,hsa-mir-7844,0.24720092117786407
Cardiomyopathy and Alcoholic,hsa-miR-4443,0.24708949029445648
Reperfusion Injury and Steatotic Liver Ischemia,hsa-miR-150-5p,0.24700312316417694
Femoral Neck Fractures,hsa-mir-7844,0.24700166285037994
Lymphoma and Large-Cell and Anaplastic,hsa-miR-376b-3p,0.24697308242321014
Diarrhea,hsa-mir-8080,0.24668534100055695
Neuropathic Low Back Pain,hsa-miR-376b-3p,0.2466801553964615
Guillain-Barre Syndrome,hsa-mir-8080,0.24666763842105865
Polycystic Kidney Diseases,hsa-miR-4456,0.2465730756521225
Common Variable Immunodeficiency 2@En,hsa-miR-4459,0.2463391274213791
Choroid Diseases,hsa-miR-3202,0.24598126113414764
Neoplasms and Mesothelial,hsa-miR-3202,0.24597565829753876
Urinary Calculi,hsa-miR-3202,0.24597333371639252
Multiple Mitochondrial Dysfunctions Syndrome,hsa-miR-3928-3p,0.24595825374126434
Gastric Cancer and Early,mmu-miR-676-3p,0.24595336616039276
Granulomatous Disease and Chronic,hsa-miR-3928-3p,0.24594806134700775
UV-Sensitive Syndrome,hsa-miR-3202,0.24594075977802277
Lactate Dehydrogenase Deficiency,hsa-miR-3928-3p,0.2459331899881363
Autoimmune Diseases of the Nervous System,hsa-miR-3202,0.2459324449300766
Myotonic Dystrophy,hsa-miR-3202,0.245907261967659
Sepsis and Intensive Care Unit-Acquired,hsa-miR-3202,0.24589617550373077
Sepsis and Intensive Care Unit-Acquired,hsa-miR-3928-3p,0.24587763845920563
Osteoblastoma,hsa-miR-3202,0.24587716162204742
Equine Infectious Anemia,hsa-miR-3202,0.2458631843328476
Visceral Hypersensitivity,hsa-miR-3928-3p,0.24585776031017303
American Tegumentary Leishmaniasis,hsa-miR-18b-5p,0.2458503693342209
Inflammation and Chronic,hsa-miR-3202,0.24584583938121796
Equine Infectious Anemia,hsa-miR-3928-3p,0.24584461748600006
Hereditary Autoinflammatory Diseases,hsa-miR-3928-3p,0.24583600461483002
Panic Disorder,hsa-miR-3202,0.2458314150571823
Skeletal Muscle Injury,hsa-miR-18b-5p,0.24581225216388702
Phyllodes Tumor and Breast,hsa-miR-3202,0.2458084672689438
Chronic Rhinosinusitis With Nasal  Polyps,hsa-miR-3202,0.24580197036266327
Lattice corneal dystrophy type 1,hsa-miR-3202,0.24579937756061554
Venous Neointimal Hyperplasia,hsa-miR-3928-3p,0.24578501284122467
Periodontitis and Diabetic,hsa-miR-18b-5p,0.24576853215694427
Nevi and Melanomas,hsa-miR-18b-5p,0.24574659764766693
Posterior Segment Ocular Diseases,hsa-miR-3928-3p,0.24573267996311188
Angioedemas and Hereditary,hsa-miR-3928-3p,0.2456866353750229
Dysentery and Bacillary,hsa-miR-3928-3p,0.24555541574954987
Classical Swine Fever,hsa-miR-335-5p,0.24555043876171112
Hypothermia,hsa-mir-7844,0.24552448093891144
Adrenocortical Adenoma,hsa-miR-3202,0.24551697075366974
Sneddon Syndrome,hsa-miR-3202,0.24551518261432648
Chediak-Higashi Syndrome,hsa-miR-3202,0.24551348388195038
Meniscus Degeneration,hsa-miR-3202,0.24551095068454742
Asthma and Chronic,hsa-miR-335-5p,0.2454782873392105
Wound Infection,hsa-miR-335-5p,0.24547331035137177
Amebiasis,hsa-miR-3202,0.2454705387353897
Venous Neointimal Hyperplasia,hsa-miR-335-5p,0.2454499453306198
Lattice corneal dystrophy type 1,hsa-miR-335-5p,0.24544571340084076
Brain Injuries,hsa-miR-4443,0.2454455941915512
Abnormalities and Drug-Induced,hsa-mir-7844,0.2454415112733841
Reperfusion Injury and Testicular Ischemia,hsa-miR-335-5p,0.24544085562229156
Testicular Neoplasms,hsa-miR-3928-3p,0.2454390972852707
Reperfusion Injury and Renal Ischemia,hsa-miR-4459,0.24543841183185577
Dysentery and Bacillary,hsa-miR-18b-5p,0.2454286366701126
Obstructive   Kidney Disease,hsa-miR-3928-3p,0.24542845785617828
Angioedemas and Hereditary,hsa-miR-335-5p,0.24535168707370758
Substance-Related Disorders,hsa-mir-8080,0.24534277617931366
Brugada Syndrome,hsa-miR-335-5p,0.24532775580883026
Amebiasis,hsa-miR-18b-5p,0.24532543122768402
Hypoadrenocorticism and Familial,hsa-mir-7844,0.24528388679027557
Labyrinth Diseases,hsa-miR-4456,0.2452719658613205
colorectal adenocarcinoma,hsa-miR-4459,0.24518974125385284
Adrenocortical Adenoma,hsa-miR-335-5p,0.24516333639621735
Meniscus Degeneration,hsa-miR-335-5p,0.24515731632709503
Virus Diseases,hsa-mir-8069,0.2451397031545639
Lymphoma and Extranodal NK-T-Cell,hsa-mir-8069,0.24513457715511322
Pediatric Cystic Fibrosis,hsa-mir-8069,0.24512596428394318
Amebiasis,hsa-miR-335-5p,0.24511702358722687
Chagas Cardiomyopathy,hsa-mir-8069,0.24511288106441498
recessive dystrophic epidermolysis bullosa,hsa-mir-8069,0.2451057881116867
Moebius syndrome 1,hsa-mir-8069,0.2450932115316391
Synucleinopathies,hsa-mir-8069,0.24508868157863617
Pars Planitis,hsa-mir-8069,0.24507521092891693
Facial Nerve Injuries,hsa-mir-8069,0.24507220089435577
torsion dystonia 1,hsa-mir-8069,0.24507103860378265
End Stage Liver Disease,hsa-mir-8069,0.24507097899913788
Malformations of Cortical Development,hsa-mir-8069,0.24505887925624847
Drug Hypersensitivity,hsa-mir-8069,0.24503587186336517
Welander distal myopathy and Swedish type,hsa-mir-8069,0.24503521621227264
Aortic Diseases,hsa-mir-8069,0.2450285404920578
Sepsis Induced Liver Injury,hsa-mir-8069,0.24502642452716827
Premature Ovarian Aging,hsa-mir-8069,0.24502630531787872
X-linked juvenile retinoschisis 1,hsa-mir-8069,0.24502630531787872
Autism Spectrum Disorder,hsa-mir-8069,0.2450207620859146
Fractures and Bone,hsa-miR-4456,0.24501846730709076
Thalassemia,hsa-mir-8069,0.24501799046993256
Osteochondromatosis,hsa-mir-8069,0.24501480162143707
Ataxia Neuropathy Spectrum,hsa-mir-8069,0.2450094074010849
Tracheal Diseases,hsa-mir-8069,0.24499844014644623
Cleidocranial Dysplasia,hsa-mir-8069,0.24499525129795074
Immune-Mediated Inflammatory Diseases,hsa-mir-8069,0.24498935043811798
skin melanoma,hsa-mir-8069,0.24498338997364044
Oral Ulcer,hsa-mir-8069,0.24498067796230316
Neurofibromatosis 2,hsa-mir-8069,0.2449771910905838
Infant and Newborn and Diseases,hsa-mir-8069,0.24497507512569427
Amnesia,hsa-mir-8069,0.2449735552072525
Acute Lymphocytic Leukemia and B-Cell,hsa-mir-8069,0.24496982991695404
Glaucoma,hsa-mir-8069,0.24496929347515106
Acute Lymphoblastic Leukemia and T-Cell,hsa-mir-8069,0.24496711790561676
Gastrinoma,hsa-mir-8069,0.2449669986963272
Arrhythmogenic Heart Diseases,hsa-mir-8069,0.2449641078710556
Sick Sinus Syndrome,hsa-mir-8069,0.24495898187160492
Hypoadrenocorticism and Familial,mmu-miR-743a,0.24495644867420197
Kidney Transplant Rejection,hsa-mir-8069,0.2449529618024826
Nephrosclerosis,hsa-mir-8069,0.2449527233839035
Respiratory Syncytial Virus Infections,hsa-mir-8069,0.24494706094264984
Collagen Diseases,hsa-mir-8069,0.24493606388568878
Osteoporotic Fracture and Tibial,hsa-mir-8069,0.24493400752544403
Heart Defects and Congenital,hsa-mir-8069,0.2449229210615158
Disorders of Excessive Somnolence,hsa-mir-8069,0.2449178844690323
Reinjuries,hsa-mir-8069,0.24490876495838165
Reticuloendotheliosis Virus Infections,hsa-mir-8069,0.24490828812122345
Glima,hsa-mir-8069,0.2449064403772354
Pulmonary edema of mountaineers,hsa-mir-8069,0.2449043244123459
Vulvar Neoplasms,hsa-mir-8069,0.24490390717983246
Polyomavirus Infections,hsa-mir-8069,0.24489746987819672
Bone Pain,hsa-mir-8069,0.24488939344882965
Urothelial   Carcinoma,hsa-mir-8069,0.2448781281709671
Bk Virus Infections,hsa-mir-8069,0.24485789239406586
Parkinson Disease and Familial and Type 1,hsa-mir-8069,0.2448568195104599
Osteoporosis and Postmenopausal,hsa-mir-8069,0.2448544055223465
Osteonecrosis,hsa-mir-8069,0.24485234916210175
Ear Diseases,hsa-mir-8069,0.2448398321866989
Adenocarcinoma and Sebaceous and Ocular,hsa-mir-8069,0.2448296695947647
Dermatitis and Allergic Contact,hsa-mir-8069,0.2448165863752365
Ventricular Dysfunction,hsa-mir-8069,0.24480484426021576
Brain Injuries,mmu-miR-743a,0.2448013573884964
Hand and Foot and Mouth Disease,hsa-mir-8069,0.24479876458644867
Carcinoma and Basal Cell and Skin,hsa-mir-8069,0.24479107558727264
Brucellosis and Bovine,hsa-mir-8069,0.24475522339344025
Pica,hsa-mir-8069,0.2447330802679062
Scholte syndrome,hsa-mir-8069,0.24472351372241974
Facial Nerve Diseases,hsa-mir-8069,0.2447195202112198
Premenstrual Syndrome,mmu-miR-676-3p,0.24470947682857513
intracranial berry aneurysm 3,hsa-mir-8069,0.244704470038414
Leukemia and Myeloid and Chronic and Atypical and BCR-ABL Negative,hsa-mir-8069,0.2446907013654709
Suppuration,hsa-mir-8069,0.2446858137845993
Bronchiectasis With Or Without Elevated Sweat Chloride 1,hsa-mir-8069,0.24467997252941132
Prosthesis Failure,hsa-mir-8069,0.24467454850673676
Intestinal Atresia,hsa-mir-8069,0.24467046558856964
congenital nongoitrous hypothyroidism 4,hsa-miR-4456,0.24466581642627716
Depression and Post Stroke,hsa-mir-8069,0.24465854465961456
Myositis,hsa-mir-8069,0.24465365707874298
Arthritis and Gouty,hsa-mir-8069,0.24465052783489227
Smooth Muscle Tumor,hsa-mir-8069,0.2446180135011673
von Hippel-Lindau Disease,hsa-mir-8069,0.24461553990840912
Guillain-Barre Syndrome,hsa-miR-4459,0.2445923238992691
Campomelia Cumming type,hsa-miR-4459,0.24456413090229034
Blood Platelet Disorders,hsa-mir-8069,0.2445574551820755
Urologic Diseases,hsa-miR-1233-1-5p,0.24455608427524567
Adenoviridae Infections,hsa-miR-4459,0.24445094168186188
Heart Diseases,hsa-miR-4459,0.24436603486537933
Myeloma Bone Disease,hsa-miR-1224-5p,0.24433325231075287
Hypoglycemia,hsa-miR-30d-3p,0.2443319410085678
Diminished  Ovarian Reserve,hsa-miR-1233-1-5p,0.2443060725927353
Ventricular Dysfunction and Right,hsa-miR-4459,0.24430446326732635
Adenoviridae Infections,hsa-miR-4456,0.24430127441883087
Reperfusion Injury and Testicular Ischemia,hsa-miR-1224-5p,0.24427436292171478
Death and Sudden,hsa-mir-8080,0.24421237409114838
Tenon Fibroblasts,hsa-miR-1292-5p,0.24407552182674408
Placenta Accreta,mmu-miR-697,0.2440211921930313
Blind Loop Syndrome,hsa-miR-1244,0.243695929646492
Ossification of the posterior longitudinal ligament of the spine,hsa-miR-450a-5p,0.24367155134677887
Adrenocortical Adenoma,hsa-miR-134-5p,0.2435983270406723
Abnormalities and Drug-Induced,hsa-mir-8080,0.24358351528644562
Birth Weight,hsa-miR-134-5p,0.24356146156787872
Dilated Cardiomyopathy ,hsa-miR-151-3p,0.24347813427448273
Hypoadrenocorticism and Familial,hsa-mir-8080,0.2434261292219162
hearing loss,hsa-mir-8080,0.24335633218288422
Germ Cell Tumor and Non-Teratomatous,mmu-miR-700-5p,0.243352010846138
Placenta Accreta,mmu-miR-708,0.24325580894947052
Congenital amegakaryocytic thrombocytopenia,hsa-miR-376b-3p,0.24323759973049164
Mandibular Diseases,mmu-miR-700-5p,0.243189737200737
Germ Cell Tumor and Non-Teratomatous,mmu-miR-708,0.2431630939245224
Chlamydia Infections,rno-miR-30b-3p,0.24307598173618317
Iridocorneal Endothelial Syndrome,hsa-miR-19a-5p,0.2429768294095993
Urinary Calculi,hsa-miR-4436b-5p,0.24288244545459747
Granulomatous Disease and Chronic,hsa-miR-4436b-5p,0.24287576973438263
Cardiomyopathy and Alcoholic,hsa-miR-4459,0.2428395003080368
Newcastle Disease,mmu-miR-676-3p,0.2428336888551712
Blind Loop Syndrome,hsa-miR-021,0.2427152544260025
Renal Artery Obstruction,hsa-miR-20,0.24269749224185944
Reperfusion Injury and Testicular Ischemia,hsa-miR-20,0.24256937205791473
Intra-Articular Fractures,hsa-miR-1284,0.24233247339725494
Gastrointestinal Stromal Tumors,mmu-miR-700-5p,0.2423110157251358
Adrenocortical Adenoma,hsa-miR-20,0.24229185283184052
Diffuse Alveolar Hemorrhage and Autoimmune-Mediated,mmu-miR-700-5p,0.24225924909114838
Infectious pancreatic necrosis virus,mmu-miR-708,0.24224413931369781
Fatigue,mmu-miR-700-5p,0.24218206107616425
Gaucher Disease,hsa-miR-4456,0.24204863607883453
Embolic Stroke,mmu-miR-700-5p,0.24201689660549164
Wound Infection,hsa-miR-3940-3p,0.24194367229938507
Lymphangioleiomyomatosis,hsa-miR-4459,0.24192096292972565
Classical Swine Fever,hsa-miR-181b-3p,0.24180488288402557
Myeloma Bone Disease,hsa-miR-181b-3p,0.2417544275522232
Hypothermia,hsa-miR-4459,0.24159084260463715
Abnormalities and Drug-Induced,hsa-miR-4459,0.24150808155536652
Meniscus Degeneration,hsa-miR-181b-3p,0.24141187965869904
Intra-Articular Fractures,hsa-miR-431-3p,0.2412957102060318
Mycobacterium Infections,mmu-miR-700-5p,0.24114303290843964
Common Variable Immunodeficiency 2@En,mmu-miR-700-5p,0.24061502516269684
Chlamydia Infections,hsa-mir-873,0.24059639871120453
Canavan Disease,hsa-let7i,0.24056069552898407
Skeletal Muscle Injury,hsa-miR-129-2,0.24047838151454926
Vitreoretinopathy and Proliferative,hsa-miR-4437,0.2404376119375229
Neurodevelopmental Disorders,hsa-miR-4437,0.24042128026485443
Ventricular Dysfunction and Left,hsa-miR-4437,0.24039502441883087
Pediatric Obesity,hsa-miR-4437,0.24039088189601898
Cytokine Release Syndrome,hsa-miR-4437,0.24039070308208466
Cerebral Hemorrhage,hsa-miR-4437,0.24037756025791168
Moebius syndrome 1,hsa-miR-4437,0.24037118256092072
Cystadenocarcinoma and Serous and Endometrial,hsa-miR-4437,0.24036924540996552
Thymoma,hsa-miR-4437,0.24036474525928497
Leukemia and Large Granular Lymphocytic,hsa-miR-4437,0.24035890400409698
Pars Planitis,hsa-miR-4437,0.24035318195819855
torsion dystonia 1,hsa-miR-4437,0.24034903943538666
Thyroid Carcinoma and Anaplastic,hsa-miR-4437,0.24034835398197174
Pain and Inflammatory,hsa-miR-4437,0.24034269154071808
Diabetic Retinopathy ,hsa-miR-4437,0.2403426319360733
mitochondrial DNA depletion syndrome 4b,hsa-miR-4437,0.2403423935174942
Brain Neoplasms,hsa-miR-4437,0.24034108221530914
Fibrous Dysplasia and Polyostotic,hsa-miR-4437,0.24033765494823456
Tuberculosis and Spinal,hsa-miR-4437,0.24033735692501068
Adenomatous Polyposis Coli,hsa-miR-4437,0.24033699929714203
Cancer-Associated Cachexia,hsa-miR-4437,0.24033693969249725
Bovine Virus Diarrhea-Mucosal Disease,hsa-miR-4437,0.24033673107624054
Craniofacial Abnormalities,hsa-miR-4437,0.24033470451831818
Bone Marrow Myelofibrosis,hsa-miR-4437,0.2403334230184555
Corneal Diseases,hsa-miR-4437,0.2403254359960556
Dmd-Associated Dilated Cardiomyopathy,hsa-miR-4437,0.2403251677751541
Bloom Syndrome,hsa-miR-4437,0.2403142899274826
Finnish lethal neonatal metabolic syndrome,hsa-miR-4437,0.24031056463718414
Polyposis Syndrome and Hereditary Mixed and 1,hcmv-miR-US25-1,0.24030758440494537
Periodontal Diseases,hsa-miR-4437,0.24030472338199615
Sepsis Induced Liver Injury,hsa-miR-4437,0.24030454456806183
X-linked juvenile retinoschisis 1,hsa-miR-4437,0.2403043955564499
Genital Diseases and Male,hsa-miR-4437,0.24030403792858124
Rectal Neoplasms,hsa-miR-4437,0.24029971659183502
Polyps,hsa-miR-4437,0.2402973622083664
Multiple Sclerosis and Chronic Progressive,hsa-miR-4437,0.2402968853712082
Distal myopathy and Nonaka type,hsa-miR-4437,0.24029622972011566
Neuroectodermal Tumors and Primitive,hsa-miR-4437,0.24029164016246796
Inflammatory Osteolysis,hsa-miR-4437,0.24028874933719635
Fibroadenoma,hsa-miR-4437,0.2402864545583725
Cholera,hsa-miR-4437,0.2402842491865158
Parasitic Diseases,hsa-miR-4437,0.240274116396904
Hemangioma and Infantile,hsa-miR-4437,0.24027352035045624
Leukemia and Myelomonocytic and Chronic,hsa-miR-4437,0.24027134478092194
Leukemia and Biphenotypic and Acute,hsa-miR-4437,0.24026955664157867
Osteoarthritis and Post-Traumatic,hsa-miR-4437,0.24026919901371002
Coronary Restenosis,hsa-miR-4437,0.24026291072368622
Palatal Neoplasms,hsa-miR-4437,0.24026291072368622
skin melanoma,hsa-miR-4437,0.2402614802122116
Poorly Differentiated Thyroid Gland Carcinoma,hsa-miR-4437,0.24026142060756683
MPTP Poisoning,hsa-miR-4437,0.24025599658489227
Vasospasm and Intracranial and Postoperative,hsa-miR-4437,0.24025394022464752
Infant and Newborn and Diseases,hsa-miR-4437,0.24025316536426544
Bronchopulmonary Dysplasia,hsa-miR-4437,0.2402522712945938
Amnesia,hsa-miR-4437,0.24025167524814606
Meibomian Gland Carcinoma  ,hsa-miR-4437,0.24025069177150726
Glaucoma,hsa-miR-4437,0.24024738371372223
Gastrinoma,hsa-miR-4437,0.24024508893489838
Arrest of spermatogenesis,hsa-miR-4437,0.2402445524930954
Arrhythmogenic Heart Diseases,hsa-miR-4437,0.24024207890033722
Cirrhotic Cardiomyopathy,hsa-miR-4437,0.2402409464120865
Cerebral Hemorrhage and Spontaneous,hsa-miR-4437,0.24023379385471344
Hypoxia-Ischemia and Brain,hsa-miR-4437,0.2402298003435135
Larva Migrans and Visceral,hsa-miR-4437,0.24022595584392548
Mitral Valve Insufficiency,hsa-miR-4437,0.24022500216960907
Polymyositis,hsa-miR-4437,0.24022366106510162
Myopia,hsa-miR-4437,0.2402234822511673
Polythelia and Familial,hsa-miR-4437,0.24021615087985992
Collagen Diseases,hsa-miR-4437,0.2402140349149704
Retinal Dystrophies,hsa-miR-4437,0.24021197855472565
Intracranial Hemorrhages,hsa-miR-4437,0.24020995199680328
paramyotonia congenita of Von Eulenburg,hsa-miR-4437,0.24020619690418243
Chromate Resistance,hsa-miR-4437,0.24020518362522125
Brain Infarction,hsa-miR-4437,0.24020235240459442
Hereditary pancreatitis,hsa-miR-4437,0.24020133912563324
Long Term Adverse Effects,hsa-miR-4437,0.24020110070705414
Graves Disease,hsa-miR-4437,0.2402009516954422
Carotid Artery Injuries,hsa-miR-4437,0.24019621312618256
hyper IgE recurrent infection syndrome 2,hsa-miR-4437,0.24019603431224823
Endophthalmitis,hsa-miR-4437,0.24019469320774078
Pulmonary Edema,hsa-miR-4437,0.24019373953342438
Hyperinsulinism,hsa-miR-4437,0.24019132554531097
Liver Cirrhosis and Hepatitis Virus B-Related,hsa-miR-4437,0.24018676578998566
gastric cardia adenocarcinoma,hsa-miR-4437,0.24018646776676178
Bisphosphonate-Associated Osteonecrosis of the Jaw,hsa-miR-4437,0.24017946422100067
Acute Aortic   Dissection,hsa-miR-4437,0.24017657339572906
Osteolysis,hsa-miR-4437,0.24017344415187836
ovarian carcinoma,hsa-miR-4437,0.24017266929149628
Ectrodactyly-cleft lip-palate syndrome,hsa-miR-4437,0.24016718566417694
Chagas Disease,hsa-miR-4437,0.24016670882701874
Vascular Calcification,hsa-miR-4437,0.240153506398201
Osteoporotic Fractures,hsa-miR-4437,0.240147665143013
Mandibulofacial Dysostosis,hsa-miR-4437,0.2401474267244339
Meier-Gorlin syndrome,hsa-miR-4437,0.24013261497020721
cone-rod dystrophy 6,hsa-miR-4437,0.24013195931911469
FG syndrome,hsa-miR-4437,0.24011625349521637
Intestinal Diseases,hsa-miR-4437,0.2401144951581955
Psychotic Disorders,hsa-miR-4437,0.2401144951581955
Human T-Cell Leukemia Virus Type 1 Infections,hsa-let7i,0.24011002480983734
Thrombotic Stroke,hsa-miR-4437,0.24009962379932404
Dermatitis and Allergic Contact,hsa-miR-4437,0.24009455740451813
Meningitis and Fungal,hsa-miR-4437,0.24006710946559906
Muscular Diseases,hsa-miR-4437,0.24006150662899017
Peripartum Cardiomyopathy ,hsa-miR-4437,0.24005283415317535
Lumbar Radicular Pain,hsa-miR-4437,0.24003411829471588
Sleep Deprivation,hsa-miR-4437,0.24002690613269806
Pica,hsa-miR-4437,0.2400110512971878
Oropharyngeal Neoplasms,hsa-miR-4437,0.2400081604719162
CREST Syndrome,hsa-miR-4437,0.24000485241413116
Delayed Graft Function,hsa-miR-4437,0.24000035226345062
Encephalitis and Viral,mmu-miR-697,0.24000029265880585
Opioid-Related Disorders,hsa-miR-4437,0.23999406397342682
Hepatitis and Chronic,hsa-miR-4437,0.23997198045253754
Bronchiectasis With Or Without Elevated Sweat Chloride 1,hsa-miR-4437,0.23995794355869293
frontotemporal dementia,hsa-miR-4437,0.23995651304721832
Leukemia and Monocytic and Acute,hsa-miR-4437,0.23995257914066315
Hyperphosphatemia,hsa-miR-4437,0.2399507313966751
Intestinal Atresia,hsa-miR-4437,0.2399485558271408
Cerebral Small Vessel Diseases,hsa-miR-4437,0.23994110524654388
Myositis,hsa-miR-4437,0.2399316281080246
Large Artery  Atherosclerosis,hsa-miR-4437,0.2399306744337082
Bronchopneumonia,hsa-miR-4437,0.23993031680583954
Myeloproliferative Disorder and Chronic and with Eosinophilia,hsa-miR-4437,0.23992906510829926
Arbovirus Infections,hsa-miR-4437,0.23992429673671722
Migraine Disorders,hsa-miR-4437,0.23992152512073517
Peritoneal Diseases,hsa-miR-4437,0.23991791903972626
Fatty Liver,hsa-miR-4437,0.23991455137729645
Sinus Thrombosis and Intracranial,hsa-miR-4437,0.23990465700626373
Brucellosis,hsa-miR-4437,0.2399030476808548
Incontinentia Pigmenti,hsa-miR-4437,0.23990242183208466
Pulmonary Veno-Occlusive Disease,hsa-miR-4437,0.23989851772785187
Smooth Muscle Tumor,hsa-miR-4437,0.23989610373973846
von Hippel-Lindau Disease,hsa-miR-4437,0.23989363014698029
Nonsyndromic Deafness,hsa-miR-4437,0.23989073932170868
White Dot Syndromes,hsa-miR-4437,0.23988847434520721
Bipolar Disorder,hsa-miR-4437,0.23988275229930878
Upper Tract Urothelial Carcinoma,hsa-miR-4437,0.2398790866136551
Lung Carcinoid,hsa-miR-4437,0.23987574875354767
Sarcopenia,hsa-miR-4437,0.2398749738931656
Protein-Losing Enteropathies,hsa-miR-4437,0.2398749738931656
Sexually Transmitted Diseases and Viral,hsa-miR-4437,0.23987047374248505
Varicose Veins,hsa-miR-4437,0.23985649645328522
Obesity and Osteosarcopenic,hsa-miR-4437,0.23985613882541656
Hepatitis E,hsa-miR-4437,0.23984499275684357
Lung Diseases and Interstitial,hsa-miR-4437,0.23978738486766815
high grade glioma,hsa-miR-4459,0.23973841965198517
Costello Syndrome,hsa-mir-8061,0.23961816728115082
high grade glioma,hsa-miR-4456,0.2395886331796646
Reperfusion Injury and Renal Ischemia,mmu-miR-708,0.23952527344226837
colorectal adenocarcinoma,mmu-miR-700-5p,0.2394656389951706
Fractures and Bone,mmu-miR-700-5p,0.23944415152072906
Heart Diseases,mmu-miR-697,0.23921827971935272
Distal arthrogryposis type 2B,rno-miR-352,0.23899279534816742
Heart Septal Defects and Ventricular,rno-miR-352,0.23896424472332
Craniofacial Abnormalities,rno-miR-352,0.23895598948001862
Mite Infestations,rno-miR-352,0.23895002901554108
Cerebral Intraventricular Hemorrhage,rno-miR-352,0.2389480620622635
Microscopic Polyangiitis,rno-miR-352,0.2389393299818039
Thyroid cancer and medullary,mmu-miR-676-3p,0.23891834914684296
Neural Tube Defects,rno-miR-352,0.23891012370586395
Ovarian Insufficiency and Premature,rno-miR-352,0.23888887465000153
Guillain-Barre Syndrome,mmu-miR-700-5p,0.2388681024312973
Coronary Artery Calcification,rno-miR-352,0.23886387050151825
Heart Diseases and Congenital,rno-miR-352,0.2388613373041153
Hcv Associated Disorders,rno-miR-352,0.23885326087474823
External Auditory Canal Squamous Cell Carcinoma,rno-miR-352,0.23882485926151276
American Tegumentary Leishmaniasis,hsa-miR-1245a,0.23880241811275482
Hyperleptinemia,hsa-miR-1245a,0.23879952728748322
ovarian carcinoma,rno-miR-352,0.23879383504390717
Neurofibroma and Plexiform,rno-miR-352,0.23879127204418182
Chagas Disease,rno-miR-352,0.23878787457942963
Colorectal   Adenocarcinoma,rno-miR-352,0.23878543078899384
Urinary Calculi,hsa-miR-1245a,0.2387801557779312
Jequier Kozlowski skeletal dysplasia,hsa-mir-8069,0.23877505958080292
Fissure in Ano,rno-miR-352,0.2387513369321823
Spinal muscular atrophy with respiratory distress 1,hsa-miR-4494,0.2387424260377884
salivary gland adenoid cystic carcinoma,rno-miR-352,0.23873965442180634
Chronic Limb-Threatening Ischemia,hsa-miR-1245a,0.23873798549175262
Diarrhea and Bacterial,hsa-miR-1245a,0.23872746527194977
Diffuse Alveolar Hemorrhage and Autoimmune-Mediated,hsa-mir-8069,0.23872236907482147
Classical Swine Fever,hsa-miR-1245a,0.2387108951807022
Hemoglobin Bart'S Hydrops   Fetalis Syndrome,hsa-miR-4494,0.23871080577373505
N acetyltransferase deficiency,hsa-miR-4494,0.23870490491390228
Hemorrhagic Fever and Ebola,hsa-miR-4494,0.23870466649532318
Infant Nutrition Disorders,hsa-miR-4494,0.23870326578617096
Diarrhea,mmu-miR-708,0.2386968582868576
Endocrine System Diseases,rno-miR-352,0.2386934906244278
Abnormalities and Multiple,hsa-miR-4494,0.23868955671787262
Neurodevelopmental Disorders,hsa-miR-4494,0.23868785798549652
Virus Diseases,hsa-miR-4494,0.2386842519044876
Visceral Hypersensitivity,hsa-miR-1245a,0.23868314921855927
Aging and Premature,mmu-miR-700-5p,0.23867638409137726
Peripartum Cardiomyopathy ,rno-miR-352,0.23867402970790863
Hypertrophy Of Ligamentum Flavum,hsa-miR-1245a,0.23867110908031464
Equine Infectious Anemia,hsa-miR-1245a,0.23867012560367584
Enterocolitis and Pseudomembranous,hsa-miR-4494,0.23866938054561615
Tibial Neuropathy,hsa-miR-1245a,0.23866774141788483
Hearing Loss and Unilateral,hsa-miR-4494,0.2386654168367386
sporatic amyotrophic lateral sclerosis,hsa-miR-4494,0.23866389691829681
Hypocalciuric hypercalcemia and familial and type 1,hsa-miR-4494,0.23866035044193268
Myeloma Bone Disease,hsa-miR-1245a,0.2386603206396103
Abortion and Spontaneous,hsa-miR-4494,0.2386537343263626
Peripheral Vascular Diseases,hsa-miR-1245a,0.23865081369876862
recessive dystrophic epidermolysis bullosa,hsa-miR-4494,0.2386503368616104
Cholecystitis,hsa-miR-4494,0.2386431246995926
Heart Diseases,mmu-miR-700-5p,0.23864196240901947
Parkinsonian Disorders,hsa-miR-4494,0.23864112794399261
Moebius syndrome 1,hsa-miR-4494,0.2386377602815628
Chronic Renal  Injury,hsa-miR-4494,0.23863349854946136
Human Herpesvirus 6 encephalitis,hsa-miR-4494,0.23863233625888824
White Spot Syndrome Virus  Infection,hsa-miR-4494,0.23862572014331818
Polyposis Syndrome and Hereditary Mixed and 1,hsa-miR-3124-3p,0.23862461745738983
Malnutrition,hsa-miR-4494,0.23862366378307343
Thrombocythemia and Essential,hsa-miR-4494,0.2386225312948227
Bone Diseases,hsa-miR-4494,0.23862116038799286
Paraganglioma,hsa-miR-4494,0.23862086236476898
Venous Thrombosis,hsa-miR-4494,0.23862077295780182
Platelet Storage Lesion,hsa-miR-4494,0.23861874639987946
Hyperpigmentation and Skin,hsa-miR-4494,0.23861728608608246
End Stage Liver Disease,hsa-miR-4494,0.23861567676067352
Hepatorenal Syndrome,hsa-miR-4494,0.23861439526081085
Tricuspid Valve Insufficiency,hsa-miR-1245a,0.2386135309934616
Vaginosis and Bacterial,hsa-miR-1245a,0.23861323297023773
Liposarcoma,mmu-miR-708,0.23861269652843475
Eosinophilic enteropathy,hsa-miR-4494,0.23861102759838104
Adiposis Dolorosa,hsa-miR-4494,0.23861072957515717
Bradycardia,hsa-miR-4494,0.2386098951101303
Gynatresia,hsa-miR-4494,0.23860953748226166
Dyspepsia,hsa-miR-1245a,0.23860786855220795
Fibrous Dysplasia and Polyostotic,hsa-miR-4494,0.23860447108745575
Tuberculosis and Spinal,hsa-miR-4494,0.23860405385494232
Neoplasms and Multiple Primary,hsa-miR-4494,0.23860399425029755
Cancer-Associated Cachexia,hsa-miR-4494,0.2386036366224289
Arthritis and Gouty and Chronic,hsa-miR-1245a,0.23859582841396332
Acute  Kidney Injury,hsa-miR-4494,0.23859573900699615
Corneal Diseases,hsa-miR-4494,0.2385920137166977
Dmd-Associated Dilated Cardiomyopathy,hsa-miR-4494,0.2385917752981186
Low Tension Glaucoma,hsa-miR-4494,0.23859073221683502
Tourette Syndrome,rno-miR-352,0.23859058320522308
Laryngeal Papilloma,hsa-miR-4494,0.23859043419361115
rectum adenocarcinoma,hsa-miR-4494,0.23859025537967682
Short Stature and Idiopathic and Autosomal,hsa-miR-4494,0.23858977854251862
Femur Head Necrosis,hsa-miR-4494,0.23858724534511566
Genital Diseases and Female,hsa-miR-4494,0.23858506977558136
Simian Acquired Immunodeficiency Syndrome,hsa-miR-4494,0.23858411610126495
Diabetes Of The Exocrine Pancreas ,rno-miR-352,0.23858387768268585
Li-Fraumeni syndrome 1,hsa-miR-4494,0.2385825663805008
Angina and Unstable,hsa-miR-4494,0.23858188092708588
Finnish lethal neonatal metabolic syndrome,hsa-miR-4494,0.23857726156711578
Kahrizi Syndrome,hsa-miR-4494,0.2385755032300949
Leigh Disease,hsa-miR-4494,0.23857437074184418
Asthma-Chronic Obstructive Pulmonary Disease Overlap Syndrome,hsa-miR-4494,0.2385733276605606
brachydactyly type D,hsa-miR-4494,0.23857231438159943
Premature Ovarian Aging,hsa-miR-4494,0.23857112228870392
Genital Diseases and Male,hsa-miR-4494,0.23857076466083527
Environmental Illness,hsa-miR-4494,0.23856918513774872
T-cell acute lymphoblastic leukemia,hsa-miR-4494,0.2385662943124771
Polyps,hsa-miR-4494,0.23856393992900848
Encephalomyelitis and Enzootic Porcine,hsa-miR-4494,0.23856382071971893
von Willebrand Diseases,hsa-miR-4494,0.23856286704540253
Adrenal Cortex Neoplasms,hsa-miR-4494,0.23856280744075775
Thalassemia,hsa-miR-4494,0.2385626882314682
Pleomorphic Sarcoma and Undifferentiated,hsa-miR-4494,0.23856092989444733
Osteochondromatosis,hsa-miR-4494,0.23855949938297272
Osteoarthropathy and Primary Hypertrophic,hsa-miR-4494,0.23855750262737274
Inflammatory Osteolysis,hsa-miR-4494,0.23855532705783844
Biotinidase Deficiency,hsa-miR-4494,0.23855437338352203
Ataxia Neuropathy Spectrum,hsa-miR-4494,0.23855407536029816
Pancreatitis,hsa-miR-4494,0.2385534793138504
Chronic Disease,hsa-miR-4494,0.23855231702327728
Cholera,hsa-miR-4494,0.2385508269071579
Mitochondrial Diseases,hsa-miR-4494,0.23854593932628632
Peripheral Blood Leukocytes,hsa-miR-4494,0.23854456841945648
Necrosis,hsa-miR-4494,0.23854286968708038
Chronic Gastritis,hsa-miR-4494,0.23854057490825653
Gingivitis,hsa-miR-4494,0.23853860795497894
Hematologic Neoplasms,hsa-miR-4494,0.23853690922260284
Ischemic Stroke and Diabetic,hsa-miR-4494,0.23853667080402374
Ischemic Cerebral Infarction,hsa-miR-4494,0.23853613436222076
Seizures and Febrile,hsa-miR-4494,0.238534078001976
Angelman Syndrome,hsa-miR-4494,0.23853401839733124
Vascular System Injuries,hsa-miR-4494,0.2385338991880417
Uremia,hsa-miR-4494,0.23853148519992828
Hpv-Induced Warts,rno-miR-352,0.2385312169790268
Coronary Restenosis,hsa-miR-4494,0.2385295182466507
Choroidal Melanoma,hsa-miR-4494,0.2385290116071701
Malformations of Cortical Development and Group II,hsa-miR-4494,0.23852865397930145
skin melanoma,hsa-miR-4494,0.2385280579328537
arteriosclerotic cardiovascular disease,hsa-miR-4494,0.2385266274213791
Hind Limb Ischemia,hsa-miR-4494,0.23852355778217316
Acute Lymphoblastic Leukemia and B-Cell,hsa-miR-4494,0.23852263391017914
MPTP Poisoning,hsa-miR-4494,0.23852257430553436
Gastritis and Hypertrophic,hsa-miR-4494,0.23852090537548065
Vasospasm and Intracranial and Postoperative,hsa-miR-4494,0.238520547747612
Amnesia,hsa-miR-4494,0.2385183721780777
Fibrosis and Skin,hsa-miR-4494,0.23851831257343292
Hemochromatosis,hsa-miR-4494,0.2385164350271225
Glomus Tumor,hsa-miR-4494,0.23851536214351654
Neoplasm and Residual,hsa-miR-4494,0.23851488530635834
familial febrile seizures 1,hsa-miR-4494,0.23851431906223297
Thymic epithelial tumor,hsa-miR-4494,0.23851408064365387
polycystic kidney disease 3,hsa-miR-4494,0.2385130673646927
Gastrinoma,hsa-miR-4494,0.23851169645786285
High Grade Ovarian Neoplasms,hsa-miR-4494,0.23851017653942108
Cryopyrin-Associated Periodic Syndromes,hsa-miR-4494,0.23850993812084198
Coronary Artery Calcification,hsa-miR-4494,0.23850928246974945
Hepatitis C and Chronic,hsa-miR-4494,0.23850904405117035
Arrhythmogenic Heart Diseases,hsa-miR-4494,0.2385086864233017
Multiple Organ Failure,hsa-miR-4494,0.23850812017917633
Cirrhotic Cardiomyopathy,hsa-miR-4494,0.23850752413272858
Jaw Abnormalities,hsa-miR-4494,0.23850221931934357
Hcv Associated Disorders,hsa-miR-4494,0.23849867284297943
Obsessive-Compulsive Disorder,hsa-miR-4494,0.23849867284297943
Kidney Transplant Rejection,hsa-miR-4494,0.2384975403547287
Nephrosclerosis,hsa-miR-4494,0.23849742114543915
Hypoxia-Ischemia and Brain,hsa-miR-4494,0.23849637806415558
Allergic Inflammation,hsa-miR-4494,0.23849596083164215
Salpingitis,hsa-miR-4494,0.23849470913410187
Larva Migrans and Visceral,hsa-miR-4494,0.23849253356456757
Pseudarthrosis,hsa-miR-4494,0.2384924739599228
Polymyositis,hsa-miR-4494,0.23849035799503326
Leukemia and Prolymphocytic and T-Cell,hsa-miR-4494,0.23848892748355865
Neuropathic Lysosomal Storage Diseases,hsa-miR-4494,0.23848851025104523
Aging and Premature,mmu-miR-708,0.2384875863790512
Post-Dural Puncture Headache,hsa-miR-4494,0.2384866327047348
Coronavirus Infections,rno-miR-352,0.23848555982112885
Rhinitis and Allergic,hsa-miR-4494,0.2384846955537796
Inflammation and Post Stroke,hsa-miR-4494,0.23848186433315277
Polycythemia and High Altitude,hsa-miR-4494,0.238481804728508
Autistic Disorder,hsa-miR-4494,0.2384813278913498
Obesity and Abdominal,hsa-miR-4494,0.23848114907741547
Osteoporotic Fracture and Tibial,hsa-miR-4494,0.23847855627536774
Intracranial Hemorrhages,hsa-miR-4494,0.23847652971744537
Phenylketonurias,hsa-miR-4494,0.23847340047359467
paramyotonia congenita of Von Eulenburg,hsa-miR-4494,0.23847277462482452
Alveolar Bone Loss,hsa-miR-4494,0.23847271502017975
Mastitis,hsa-miR-4494,0.23847134411334991
Ehlers-Danlos Syndrome,hsa-miR-4494,0.23847050964832306
External Auditory Canal Squamous Cell Carcinoma,hsa-miR-4494,0.23847027122974396
Bone Diseases and Metabolic,hsa-miR-4494,0.23847006261348724
Endophthalmitis,hsa-miR-4494,0.23846130073070526
renal fibrosis,hsa-miR-4494,0.23845802247524261
Hyperinsulinism,hsa-miR-4494,0.23845790326595306
Cardiomyopathy dilated with woolly hair and keratoderma,hsa-miR-4494,0.2384573072195053
rippling muscle disease 1,hsa-miR-4494,0.2384500950574875
Cushing Syndrome,hsa-miR-4494,0.23844943940639496
Vulvar Neoplasms,hsa-miR-4494,0.23844845592975616
Syphilis and primary,hsa-miR-4494,0.23844154179096222
Chediak-Higashi Syndrome,hsa-miR-423-3p,0.23844052851200104
ovarian carcinoma,hsa-miR-4494,0.23843924701213837
Aortic Aneurysm,hsa-miR-4494,0.23843730986118317
Enterocolitis,hsa-miR-4494,0.23843713104724884
GATA2 Deficiency,hsa-miR-4494,0.23843581974506378
Bone Pain,hsa-miR-4494,0.23843394219875336
Chagas Disease,hsa-miR-4494,0.23843328654766083
Colorectal   Adenocarcinoma,hsa-miR-4494,0.23843081295490265
Turcot syndrome,hsa-miR-4494,0.23842550814151764
Vascular Calcification,hsa-miR-4494,0.23842023313045502
Tuberculosis and Meningeal,hsa-miR-4494,0.23841853439807892
Critical Illness,hsa-miR-4494,0.23841823637485504
Fragile X Syndrome,hsa-miR-4494,0.23841805756092072
Cardiovascular Complications,hsa-miR-4494,0.23841769993305206
Trypanosomiasis,hsa-miR-4494,0.23841746151447296
Ankle Fractures,hsa-miR-4494,0.23841704428195953
Colon   Adenocarcinoma,hsa-miR-4494,0.23841606080532074
Osteoporotic Fractures,hsa-miR-4494,0.23841427266597748
Mycobacterium Infections and Nontuberculous,hsa-miR-4494,0.23840932548046112
Pulmonary Eosinophilia,hsa-miR-4494,0.23840536177158356
Necrobiotic Disorders,hsa-miR-4494,0.2384001761674881
Meier-Gorlin syndrome,hsa-miR-4494,0.23839934170246124
cone-rod dystrophy 6,hsa-miR-4494,0.23839865624904633
Pemphigoid and Bullous,hsa-miR-4494,0.23839722573757172
Human T-Cell Leukemia Virus Type 1 Infections,hsa-miR-1245a,0.2383965402841568
Sciatica,hsa-miR-4494,0.23839475214481354
Cartilage Degradation,hsa-miR-4494,0.23838655650615692
salivary gland adenoid cystic carcinoma,hsa-miR-4494,0.2383851855993271
Diabetic Neuropathies,hsa-miR-4494,0.23838447034358978
Maxillary Sinusitis,hsa-miR-4494,0.23838336765766144
FG syndrome,hsa-miR-4494,0.23838283121585846
Psychotic Disorders,hsa-miR-4494,0.23838107287883759
Reflex Sympathetic Dystrophy,hsa-miR-4494,0.23837994039058685
Scapuloperoneal Myopathy and X-Linked Dominant,hsa-miR-4494,0.23837842047214508
Otofaciocervical Syndrome,hsa-miR-4494,0.23837633430957794
Zika virus congenital syndrome,hsa-miR-4494,0.2383742779493332
Nonsyndromic sensorineural hearing loss,hsa-miR-4494,0.23836301267147064
Ventricular Dysfunction,hsa-miR-4494,0.2383495420217514
Temporomandibular Joint Osteoarthritis,hsa-miR-4494,0.238337442278862
Lumbar Radicular Pain,hsa-miR-4494,0.23830069601535797
Brucellosis and Bovine,hsa-miR-4494,0.2382999211549759
Stillbirth,hsa-miR-4494,0.23828570544719696
Pica,hsa-miR-4494,0.23827774822711945
Prostatitis and Chronic,hsa-miR-4494,0.23827578127384186
Encephalomyelitis and Acute Disseminated,hsa-miR-4494,0.2382742017507553
Vitamin B Deficiency,hsa-miR-4494,0.2382710725069046
Scholte syndrome,hsa-miR-4494,0.23826806247234344
Delayed Graft Function,hsa-miR-4494,0.2382669299840927
Leukemia and Acute,hsa-miR-4494,0.2382635623216629
Porphyria and Variegate,hsa-miR-4494,0.23825182020664215
intracranial berry aneurysm 3,hsa-miR-4494,0.2382490485906601
Retinal Degeneration,hsa-miR-4494,0.2382439821958542
Optic atrophy 1 and deafness,hsa-miR-1245a,0.23824329674243927
late onset Parkinson's disease,hsa-miR-4494,0.2382398396730423
Epidermodysplasia Verruciformis,hsa-miR-4494,0.23823489248752594
Acrodermatitis enteropathica,hsa-miR-4494,0.23823212087154388
Ventricular Remodeling,hsa-miR-4494,0.23822705447673798
frontotemporal dementia,hsa-miR-4494,0.2382230907678604
Gastrointestinal Diseases,hsa-miR-4494,0.23822025954723358
Intestinal Atresia,hsa-miR-4494,0.2382151335477829
UV-Sensitive Syndrome,hsa-miR-365a-3p,0.23821286857128143
Tooth Diseases,hsa-miR-4494,0.23821277916431427
Nephrocalcinosis,hsa-miR-4494,0.2382088154554367
Cerebral Small Vessel Diseases,hsa-miR-4494,0.23820768296718597
Hernias and Diaphragmatic and Congenital,hsa-miR-4494,0.23820219933986664
Fibromatosis and Aggressive,hsa-miR-4494,0.23819948732852936
Granulosa Cell Tumor,hsa-miR-4494,0.23819895088672638
Large Artery  Atherosclerosis,hsa-miR-4494,0.23819725215435028
Arthritis and Gouty,hsa-miR-4494,0.23819519579410553
Hepatolenticular Degeneration,hsa-miR-4494,0.2381928712129593
HTLV-II Infections,hsa-miR-4494,0.23819147050380707
Arbovirus Infections,hsa-miR-4494,0.23819099366664886
Oculocutaneous Albinism Type 3,hsa-miR-4494,0.23818503320217133
Peritoneal Diseases,hsa-miR-4494,0.2381846159696579
Sexual Dysfunctions and Psychological,hsa-miR-4494,0.2381805032491684
obstructive nephropathy,hsa-miR-4494,0.2381741851568222
Cerebral Infarction and Acute,hsa-miR-4494,0.23817069828510284
Digestive System Diseases,hsa-miR-4494,0.23816828429698944
Pulmonary Veno-Occlusive Disease,hsa-miR-4494,0.23816509544849396
von Hippel-Lindau Disease,hsa-miR-4494,0.23816023766994476
C syndrome,hsa-miR-4494,0.23816023766994476
Nonsyndromic Deafness,hsa-miR-4494,0.23815734684467316
Rotavirus Infections,hsa-miR-4494,0.2381519228219986
Intracranial Aneurysm,hsa-miR-4494,0.2381512075662613
Pheochromocytoma,hsa-miR-4494,0.2381495088338852
Bipolar Disorder,hsa-miR-4494,0.23814933001995087
Intracranial Arteriosclerosis,hsa-miR-4494,0.23814891278743744
Muscular Dystrophy and Facioscapulohumeral,hsa-miR-4494,0.23814396560192108
Rectal Diseases,hsa-miR-4494,0.2381427139043808
Protein-Losing Enteropathies,hsa-miR-4494,0.23814155161380768
Neonatal Encephalopathy,hsa-miR-365a-3p,0.23813898861408234
Urologic Neoplasms,hsa-miR-4494,0.2381327599287033
Fluorosis and Dental,hsa-miR-4494,0.2381240278482437
Kidney Diseases and Cystic,hsa-miR-4494,0.23812372982501984
Gluteal Muscle   Contracture,hsa-miR-365a-3p,0.23812253773212433
Ossification of Posterior Longitudinal Ligament,hsa-miR-4494,0.238117054104805
Xerostomia,hsa-miR-4494,0.2381092756986618
non-alcoholic steatohepatitis,hsa-miR-4494,0.2380923181772232
Amelogenesis Imperfecta,hsa-miR-4494,0.23808978497982025
Alopecia Areata,hsa-miR-4494,0.2380770891904831
Lattice corneal dystrophy type 1,hsa-miR-365a-3p,0.2380714863538742
congenital fibrosarcoma,hsa-miR-365a-3p,0.23803885281085968
Implantation Failure,mmu-miR-697,0.23798729479312897
Arrhythmogenic Right Ventricular Dysplasia,hsa-mir-8069,0.2378389984369278
Pyelonephritis,hsa-miR-4459,0.23754768073558807
Canavan Disease,hsa-miR-193b,0.23748554289340973
Basal Ganglia Hemorrhage,hsa-miR-4443,0.2374388724565506
Neoplasms and Mesothelial,hsa-miR-193b,0.2374209314584732
Granulomatous Disease and Chronic,hsa-miR-193b,0.23741202056407928
Periodontitis and Diabetic,hsa-miR-193b,0.23735903203487396
Stomatitis and Aphthous,hsa-miR-20b*,0.23733018338680267
Myeloma Bone Disease,hsa-miR-193b,0.2372986525297165
Inflammation and Chronic,hsa-miR-193b,0.23729123175144196
Wound Infection,hsa-miR-193b,0.2372722178697586
Lattice corneal dystrophy type 1,hsa-miR-193b,0.23724474012851715
Reperfusion Injury and Testicular Ischemia,hsa-miR-193b,0.2372397631406784
Gastric Cancer and Early,hsa-mir-873,0.23719854652881622
Femoral Neck Fractures,mmu-miR-708,0.23715509474277496
Frailty,hsa-mir-8069,0.2371504157781601
Cardiomyopathy and Alcoholic,mmu-miR-700-5p,0.23711539804935455
Polyposis Syndrome and Hereditary Mixed and 1,hsa-miR-193b,0.23698167502880096
Chediak-Higashi Syndrome,hsa-miR-193b,0.23695875704288483
Venous Neointimal Hyperplasia,hsa-miR-329-2,0.2368185967206955
Spinal muscular atrophy with respiratory distress 1,hsa-miR-4482,0.23679475486278534
Murine Acquired Immunodeficiency Syndrome,hsa-miR-4482,0.23678921163082123
Wiskott-Aldrich Syndrome,hsa-miR-4482,0.2367650717496872
Hemoglobin Bart'S Hydrops   Fetalis Syndrome,hsa-miR-4482,0.236763134598732
Thyroiditis and Subacute,hsa-miR-4482,0.236757293343544
N acetyltransferase deficiency,hsa-miR-4482,0.23675723373889923
Abnormalities and Multiple,hsa-miR-4482,0.23674188554286957
Myasthenia Gravis with Thymus Hyperplasia,hsa-miR-4482,0.2367413491010666
Kidney Neoplasms,hsa-miR-4482,0.23674048483371735
Virus Diseases,hsa-miR-4482,0.23673658072948456
Renal Tubular Oxidative Injury,hsa-miR-4482,0.23673303425312042
Obstetric Labor Complications,hsa-miR-4482,0.23673121631145477
Leukoplakia and Oral,hsa-miR-4482,0.2367207556962967
sporatic amyotrophic lateral sclerosis,hsa-miR-4482,0.2367163449525833
Heart Valve Diseases,hsa-miR-4482,0.23671327531337738
Pediatric Obesity,hsa-miR-4482,0.23670990765094757
Vertigo,hsa-miR-4482,0.23670803010463715
Borna Disease,hsa-miR-4482,0.23670081794261932
Acute Coronary Syndrome and Non-St  Elevation,hsa-miR-4482,0.2366999238729477
Parkinsonian Disorders,hsa-miR-4482,0.23669345676898956
Schistosomiasis,hsa-miR-4482,0.23668695986270905
Chronic Renal  Injury,hsa-miR-4482,0.23668594658374786
Hematoma and Subdural and Chronic,hsa-miR-4482,0.23668505251407623
Postoperative Complications,hsa-miR-4482,0.23668082058429718
Leukemia and Large Granular Lymphocytic,hsa-miR-4482,0.23667792975902557
Brain Ischemia and Acute,hsa-miR-4482,0.23667721450328827
Thrombocythemia and Essential,hsa-miR-4482,0.2366749793291092
Bone Diseases,hsa-miR-4482,0.23667360842227936
Pars Planitis,hsa-miR-4482,0.2366723269224167
torsion dystonia 1,hsa-miR-4482,0.2366681843996048
End Stage Liver Disease,hsa-miR-4482,0.23666800558567047
Keratoconus,hsa-miR-4482,0.23666758835315704
Selenium Deficiency,hsa-miR-4482,0.23666413128376007
Adiposis Dolorosa,hsa-miR-4482,0.2366630584001541
Pain and Inflammatory,hsa-miR-4482,0.2366618663072586
Diabetic Retinopathy ,hsa-miR-4482,0.23666168749332428
Brain Neoplasms,hsa-miR-4482,0.23666022717952728
Carcinoma and Squamous Cell and Cutaneous,hsa-miR-4482,0.23665915429592133
Fibrous Dysplasia and Polyostotic,hsa-miR-4482,0.2366567999124527
Fetal Macrosomia,hsa-miR-4482,0.2366553395986557
Craniofacial Abnormalities,hsa-miR-4482,0.23665384948253632
Corneal Injuries,hsa-miR-4482,0.2366531938314438
Bone Marrow Myelofibrosis,hsa-miR-4482,0.23665232956409454
Arthritis and Juvenile,hsa-miR-4482,0.23665191233158112
Reperfusion Injury and Intestinal Ischemia,hsa-miR-4482,0.23664657771587372
Corneal Diseases,hsa-miR-4482,0.2366444617509842
Wound Healing,hsa-miR-4482,0.23664294183254242
Short Stature and Idiopathic and Autosomal,hsa-miR-4482,0.23664222657680511
Femur Head Necrosis,hsa-miR-4482,0.2366395741701126
Mast Cell Tumors,hsa-miR-4482,0.23663751780986786
Genital Diseases and Female,hsa-miR-4482,0.23663751780986786
Li-Fraumeni syndrome 1,hsa-miR-4482,0.23663489520549774
Sveinsson Chorioretinal Atrophy,hsa-miR-4482,0.23663301765918732
Welander distal myopathy and Swedish type,hsa-miR-4482,0.2366323620080948
Iris Diseases,hsa-miR-4482,0.23663102090358734
Kahrizi Syndrome,hsa-miR-4482,0.2366279512643814
Leigh Disease,hsa-miR-4482,0.23662681877613068
Autoimmune polyendocrinopathy syndrome and type 1,hsa-miR-4482,0.23662586510181427
Deltaretrovirus Infections,hsa-miR-4482,0.23662541806697845
brachydactyly type D,hsa-miR-4482,0.23662476241588593
Genital Diseases and Male,hsa-miR-4482,0.23662309348583221
Gastric Intestinal   Metaplasia,hsa-miR-4482,0.23662252724170685
Brachial Plexus Injury,hsa-miR-4482,0.2366207391023636
Pancreatitis and Acute Necrotizing,hsa-miR-4482,0.23661796748638153
Polyps,hsa-miR-4482,0.23661626875400543
Heart Failure and Ischemic,hsa-miR-4482,0.23661626875400543
Encephalomyelitis and Enzootic Porcine,hsa-miR-4482,0.23661614954471588
Endocrine Gland Neoplasms,hsa-miR-4482,0.23661603033542633
Multiple Sclerosis and Chronic Progressive,hsa-miR-4482,0.23661579191684723
Thoracic Aortic   Dissection,hsa-miR-4482,0.23661454021930695
Starvation,hsa-miR-4482,0.2366134375333786
Skin Neoplasms and Non-Melanoma,hsa-miR-4482,0.23661230504512787
Aneuploidy,hsa-miR-4482,0.2366112917661667
Striatonigral Degeneration,hsa-miR-4482,0.23661096394062042
mucinous cystadenocarcinoma of pancreas,hsa-miR-4482,0.23660852015018463
Neural Tube Defects,hsa-miR-4482,0.23660795390605927
Inflammatory Osteolysis,hsa-miR-4482,0.23660777509212494
Biotinidase Deficiency,hsa-miR-4482,0.23660670220851898
Pancreatitis,hsa-miR-4482,0.2366059273481369
Prader-Willi Syndrome,hsa-miR-4482,0.23660297691822052
Hemoglobinopathies,hsa-miR-4482,0.23660244047641754
Rupture,hsa-miR-4482,0.2366018146276474
Malaria and Cerebral,hsa-miR-4482,0.23659910261631012
Hepacivirus,hsa-miR-4482,0.2365976721048355
Complex Regional Pain Syndromes,hsa-miR-4482,0.2365976721048355
Hypotension,hsa-miR-4482,0.23659630119800568
Oral Submucous Fibrosis,hsa-miR-4482,0.23659466207027435
Exudative Vitreoretinopathy 4,hsa-miR-4482,0.23659412562847137
Chronic Gastritis,hsa-miR-4482,0.23659290373325348
Cleidocranial Dysplasia,hsa-miR-4482,0.2365923672914505
Urinary Bladder Diseases,hsa-miR-4482,0.23659063875675201
Pain and Postoperative,hsa-miR-4482,0.2365868240594864
Vascular System Injuries,hsa-miR-4482,0.23658634722232819
Central Nervous System Bacterial Infections,hsa-miR-4482,0.23658473789691925
Morphine Dependence,hsa-miR-4482,0.23658405244350433
Nephritis,hsa-miR-4482,0.23658405244350433
Neonatal hemochromatosis,hsa-miR-4482,0.23658303916454315
Coronary Restenosis,hsa-miR-4482,0.23658184707164764
Choroidal Melanoma,hsa-miR-4482,0.2365814596414566
Cystic Fibrosis,hsa-miR-4482,0.23658116161823273
Multicystic renal dysplasia and bilateral,hsa-miR-4482,0.2365807443857193
Lumbosacral Spinal Root Avulsion,hsa-miR-4482,0.23657973110675812
Acute Lymphoblastic Leukemia and B-Cell,hsa-miR-4482,0.2365749627351761
MPTP Poisoning,hsa-miR-4482,0.2365749031305313
Pleural Effusion and Malignant,hsa-miR-4482,0.2365749031305313
Exanthema,hsa-miR-4482,0.2365746647119522
Choroidal Neovascularization,hsa-miR-4482,0.23657329380512238
Hyperalgesia,hsa-miR-4482,0.23657236993312836
Infant and Newborn and Diseases,hsa-miR-4482,0.23657207190990448
Fibrosis and Skin,hsa-miR-4482,0.23657076060771942
Giant Cell Arteritis,hsa-miR-4482,0.23656906187534332
Acute Lymphocytic Leukemia and B-Cell,hsa-miR-4482,0.23656685650348663
Alzheimer Disease ,hsa-miR-4482,0.23656587302684784
Peripheral Nervous System Diseases,hsa-miR-4482,0.23656581342220306
Glossitis and Benign Migratory,hsa-miR-4482,0.23656456172466278
Gastrinoma,hsa-miR-4482,0.2365640252828598
Sensation Disorders,hsa-miR-4482,0.2365623265504837
familial multiple nevi flammei,hsa-miR-4482,0.23656179010868073
Coronary Artery Calcification,hsa-miR-4482,0.2365616112947464
Hepatitis C and Chronic,hsa-miR-4482,0.2365613728761673
Arrhythmogenic Heart Diseases,hsa-miR-4482,0.23656101524829865
Telangiectasia and Hereditary Hemorrhagic,hsa-miR-4482,0.23656050860881805
Multiple Organ Failure,hsa-miR-4482,0.23656044900417328
Seizures,hsa-miR-4482,0.23656044900417328
Cirrhotic Cardiomyopathy,hsa-miR-4482,0.23655985295772552
Anemia,hsa-miR-4482,0.23655720055103302
Encephalomyelitis and Autoimmune and Experimental,hsa-miR-4482,0.2365560084581375
Hcv Associated Disorders,hsa-miR-4482,0.23655100166797638
Kidney Transplant Rejection,hsa-miR-4482,0.2365499883890152
Hypoxia-Ischemia and Brain,hsa-miR-4482,0.23654870688915253
Dacryocystitis,hsa-miR-4482,0.23654823005199432
Larva Migrans and Visceral,hsa-miR-4482,0.23654486238956451
Polymyositis,hsa-miR-4482,0.2365426868200302
Megalencephalic leukoencephalopathy with subcortical cysts,hsa-miR-4482,0.23654203116893768
Hypertensive  Disorder Complicating Pregnancy,hsa-miR-4482,0.23654191195964813
Rosacea,hsa-miR-4482,0.23654185235500336
Neuropathic Lysosomal Storage Diseases,hsa-miR-4482,0.23654083907604218
Vascular Remodeling,hsa-miR-4482,0.23654066026210785
Carcinoma and Small Cell,hsa-miR-4482,0.23654060065746307
Reperfusion Injury and Hepatic Ischemia,hsa-miR-4482,0.23653684556484222
Iron Metabolism Disorders,hsa-miR-4482,0.2365364283323288
Depression and Postpartum,hsa-miR-4482,0.23653541505336761
Enzootic Bovine Leukosis,hsa-miR-4482,0.23653535544872284
Inflammation and Post Stroke,hsa-miR-4482,0.2365342229604721
Tembusu virus,hsa-miR-4482,0.23653389513492584
Autistic Disorder,hsa-miR-4482,0.23653365671634674
Syphilis,hsa-miR-4482,0.23653216660022736
Retinal Dystrophies,hsa-miR-4482,0.23653100430965424
Intracranial Hemorrhages,hsa-miR-4482,0.23652897775173187
Keratitis and Herpetic,hsa-miR-4482,0.23652873933315277
Growth Hormone-Secreting Pituitary Adenoma,hsa-miR-4482,0.23652710020542145
Eunuchism,hsa-miR-4482,0.23652662336826324
Frontonasal dysplasia,hsa-miR-4482,0.23652620613574982
Cerebral Infarction,hsa-miR-4482,0.2365257292985916
Chromate Resistance,hsa-miR-4482,0.23652420938014984
External Auditory Canal Squamous Cell Carcinoma,hsa-miR-4482,0.2365226000547409
Diastrophic dysplasia,hsa-miR-4482,0.2365216165781021
Long Term Adverse Effects,hsa-miR-4482,0.23652000725269318
Arthrogryposis and ectodermal dysplasia,hsa-miR-4482,0.23651860654354095
Gastric And Colon Cancer,hsa-miR-4482,0.23651735484600067
diarrhea predominant irritable bowel syndrome (IBS-D),hsa-miR-4482,0.23651675879955292
Brain Injuries and Traumatic,hsa-miR-4482,0.23651577532291412
Barrett Esophagus,hsa-miR-4482,0.23651434481143951
Endophthalmitis,hsa-miR-4482,0.23651374876499176
Respiration Disorders and Infant,hsa-miR-4482,0.23651205003261566
Hyperinsulinism,hsa-miR-4482,0.23651035130023956
Intestinal Neoplasms,hsa-miR-4482,0.23650656640529633
Reinjuries,hsa-miR-4482,0.2365056723356247
gastric cardia adenocarcinoma,hsa-miR-4482,0.23650537431240082
Meningioma,hsa-miR-4482,0.23650036752223969
Movement Disorders,hsa-miR-4482,0.23649989068508148
Bisphosphonate-Associated Osteonecrosis of the Jaw,hsa-miR-4482,0.23649848997592926
Hyperlipoproteinemia Type II,hsa-miR-4482,0.23649819195270538
Acute Aortic   Dissection,hsa-miR-4482,0.2364954799413681
Polyomavirus Infections,hsa-miR-4482,0.23649446666240692
Cardiac Complexes and Premature,hsa-miR-4482,0.23649351298809052
Osteolysis,hsa-miR-4482,0.2364923506975174
Bronchial Hyperreactivity,hsa-miR-4482,0.23648737370967865
Brain Injury and Chronic,hsa-miR-4482,0.23648668825626373
Ectrodactyly-cleft lip-palate syndrome,hsa-miR-4482,0.23648609220981598
Chagas Disease,hsa-miR-4482,0.23648561537265778
Peritoneal Hyalinizing Vasculopathy,hsa-miR-4482,0.23648513853549957
Colorectal   Adenocarcinoma,hsa-miR-4482,0.2364831417798996
Turcot syndrome,hsa-miR-4482,0.23647795617580414
Sarcoidosis and Pulmonary,hsa-miR-4482,0.23647688329219818
Papilloma and Choroid Plexus,hsa-miR-4482,0.23647533357143402
Urothelial   Carcinoma,hsa-miR-4482,0.2364751547574997
Osteoporotic Fractures,hsa-miR-4482,0.23646683990955353
Intracranial  Aneurysm,hsa-miR-4482,0.23645786941051483
Pulmonary Eosinophilia,hsa-miR-4482,0.23645780980587006
Cysts,hsa-miR-4482,0.2364574521780014
Toxoplasmosis and Ocular,hsa-miR-4482,0.23645611107349396
Necrobiotic Disorders,hsa-miR-4482,0.23645250499248505
Osteoporosis and Postmenopausal,hsa-miR-4482,0.23645152151584625
Stomatitis and Herpetic,hsa-miR-4482,0.2364506870508194
Fissure in Ano,hsa-miR-4482,0.2364491969347
Microvascular Rarefaction,hsa-miR-4482,0.2364477962255478
Hypertrophy and Right Ventricular,hsa-miR-4482,0.23644594848155975
Hypothermia,mmu-miR-697,0.23644329607486725
Carcinoma and Merkel Cell,hsa-miR-4482,0.23643888533115387
Diabetic Neuropathies,hsa-miR-4482,0.23643691837787628
Otofaciocervical Syndrome,hsa-miR-4482,0.2364286631345749
Zika virus congenital syndrome,hsa-miR-4482,0.2364267259836197
Hyperplasia,hsa-miR-4482,0.2364267259836197
Azoospermia and Nonobstructive,hsa-miR-4482,0.23642407357692719
Nonsyndromic sensorineural hearing loss,hsa-miR-4482,0.2364153414964676
Dermatitis and Allergic Contact,hsa-miR-4482,0.2364136129617691
Aphasia and Primary Progressive,hsa-miR-4482,0.2364109605550766
Spinal Cord Diseases,hsa-miR-4482,0.23641036450862885
Ventricular Dysfunction,hsa-miR-4482,0.2364019900560379
uric acid nephrolithiasis,hsa-miR-4482,0.23638783395290375
Muscular Diseases,hsa-miR-4482,0.23638056218624115
Acute Pulmonary Embolism,hsa-miR-4482,0.23637808859348297
Neoplasms and Mesothelial,hsa-miR-3186-5p,0.23637695610523224
Osteoporosis-pseudoglioma syndrome,hsa-miR-4482,0.23637531697750092
Microphthalmos,hsa-miR-4482,0.2363458126783371
Brain Ischemia ,hsa-miR-4482,0.2363436371088028
Coronary Stenosis,hsa-miR-4482,0.23634140193462372
Stillbirth,hsa-miR-4482,0.2363380342721939
Cardiomyopathy and Hypertrophic,hsa-miR-4482,0.23633171617984772
Pica,hsa-miR-4482,0.2363300770521164
Oropharyngeal Neoplasms,hsa-miR-4482,0.2363271862268448
Delayed Graft Function,hsa-miR-4482,0.23631925880908966
Leukemia and Acute,hsa-miR-4482,0.23631589114665985
Respiratory Distress Syndrome and Newborn,hsa-miR-4482,0.23630906641483307
Allograft Rejection and Antibody-Mediated,hsa-miR-4482,0.23629413545131683
Thinness,hsa-miR-4482,0.23629383742809296
Leukemia and Myeloid and Chronic and Atypical and BCR-ABL Negative,hsa-miR-4482,0.2362876981496811
Acute Coronary Syndrome ,hsa-miR-4482,0.23628546297550201
Gaucher Disease,mmu-miR-708,0.2362852841615677
Breast Diseases,hsa-miR-4482,0.2362847477197647
Poisoning,hsa-miR-4482,0.23628349602222443
Diabetes Of The Exocrine Pancreas ,hsa-miR-4482,0.236281618475914
Rotator Cuff,hsa-miR-4482,0.23628036677837372
Rectal Prolapse,hsa-miR-4482,0.23628012835979462
Bronchiectasis With Or Without Elevated Sweat Chloride 1,hsa-miR-4482,0.23627685010433197
Polycythemia,hsa-miR-4482,0.23627252876758575
Prosthesis Failure,hsa-miR-4482,0.2362714558839798
Heart Failure and Systolic,hsa-miR-4482,0.2362692803144455
Thrombosis,hsa-miR-4482,0.2362692803144455
Histiocytic Sarcoma,hsa-miR-4482,0.23626752197742462
vulva squamous cell carcinoma,hsa-miR-4482,0.236265167593956
Myeloma Bone Disease,hsa-miR-3186-5p,0.23625488579273224
Multiple Chronic Conditions,hsa-miR-4482,0.23625241219997406
Arteriosclerosis,hsa-miR-4482,0.23625241219997406
Granulosa Cell Tumor,hsa-miR-4482,0.23625139892101288
Arthritis and Gouty,hsa-miR-4482,0.23624767363071442
Erectile Dysfunction,hsa-miR-4482,0.23623345792293549
Hepatic Veno-Occlusive Disease,hsa-miR-4482,0.23623298108577728
Sexually Transmitted Diseases,hsa-miR-4482,0.23622579872608185
Carotid Artery Diseases,hsa-miR-4482,0.2362227886915207
Incontinentia Pigmenti,hsa-miR-4482,0.23622135818004608
Digestive System Diseases,hsa-miR-4482,0.23622073233127594
Testicular Germ Cell Tumor,hsa-miR-4482,0.23621948063373566
C syndrome,hsa-miR-4482,0.2362125664949417
Muscular Atrophy and Spinal,hsa-miR-4482,0.23620827496051788
Tricuspid Valve Insufficiency,hsa-miR-3186-5p,0.23620812594890594
Rotavirus Infections,hsa-miR-4482,0.23620425164699554
Intracranial Aneurysm,hsa-miR-4482,0.2362036556005478
Tongue Neoplasms,hsa-miR-4482,0.23620225489139557
Pheochromocytoma,hsa-miR-4482,0.2362019568681717
Upper Tract Urothelial Carcinoma,hsa-miR-4482,0.23619799315929413
Rectal Diseases,hsa-miR-4482,0.23619504272937775
Dementia,hsa-miR-4482,0.23619382083415985
Immune System Diseases,hsa-miR-4482,0.23618750274181366
Neutropenia,hsa-miR-3186-5p,0.23618240654468536
Arteriosclerosis Obliterans,hsa-miR-4482,0.23617999255657196
Fluorosis and Dental,hsa-miR-4482,0.2361764758825302
Varicose Veins,hsa-miR-4482,0.23617540299892426
Rectal Injury,hsa-miR-4482,0.23617516458034515
Hypoxia and Brain,hsa-miR-4482,0.2361682504415512
Xerostomia,hsa-miR-4482,0.2361617237329483
Labyrinth Diseases,hsa-mir-8069,0.23616079986095428
Lentivirus Infections,hsa-miR-147b,0.23615293204784393
non-alcoholic steatohepatitis,hsa-miR-4482,0.23614464700222015
Amelogenesis Imperfecta,hsa-miR-4482,0.2361421138048172
Hypertriglyceridemia,hsa-miR-4482,0.23613350093364716
Alveolar echinococcosis,hsa-miR-4482,0.2361287921667099
Periapical Diseases,hsa-miR-4482,0.23612530529499054
Myotonic Dystrophy,hsa-miR-26a-1-3p,0.23612253367900848
Lung Diseases and Interstitial,hsa-miR-4482,0.23610641062259674
Myeloma Bone Disease,hsa-miR-147b,0.23605044186115265
Phyllodes Tumor and Breast,hsa-miR-147b,0.23600541055202484
Pancreatitis and Acute Hemorrhagic,hsa-miR-26a-1-3p,0.23600168526172638
Premenstrual Syndrome,hsa-mir-873,0.2359546273946762
Adenocarcinoma Of Esophagus,hsa-miR-3186-5p,0.23594607412815094
colorectal adenocarcinoma,hsa-mir-8069,0.23592866957187653
Diminished  Ovarian Reserve,hsa-miR-147b,0.23592327535152435
Hypothermia,mmu-miR-700-5p,0.23586685955524445
Testicular Neoplasms,hsa-miR-147b,0.23565472662448883
Abnormalities and Drug-Induced,mmu-miR-708,0.23559518158435822
hearing loss,mmu-miR-708,0.23536787927150726
Severe Dengue,hsa-mir-873,0.2353428155183792
Guillain-Barre Syndrome,hsa-mir-8069,0.23533137142658234
Campomelia Cumming type,hsa-mir-8069,0.23530305922031403
Dilated Cardiomyopathy ,hsa-miR-218-1,0.23524032533168793
Primary Aldosteronism ,hsa-mir-873,0.2350153774023056
Sleep Initiation and Maintenance Disorders,hsa-miR-4439,0.23498986661434174
N acetyltransferase deficiency,hsa-miR-4439,0.23497970402240753
Liver Diseases and Alcoholic,hsa-miR-4439,0.2349785417318344
Werner Syndrome,hsa-miR-4439,0.23496313393115997
Typical Teratoid Rhabdoid Tumor,hsa-miR-4439,0.23495255410671234
Interstitial Fibrosis and Renal,hsa-miR-4439,0.23495255410671234
Enterocolitis and Pseudomembranous,hsa-miR-4439,0.2349441796541214
sporatic amyotrophic lateral sclerosis,hsa-miR-4439,0.23493869602680206
Ventricular Dysfunction and Left,hsa-miR-4439,0.2349364012479782
Carotid Stenosis,hsa-miR-4439,0.23493508994579315
Cytokine Release Syndrome,hsa-miR-4439,0.234932079911232
Mandibular Diseases,hsa-miR-4437,0.2349308580160141
Vertigo,hsa-miR-4439,0.23493050038814545
Acute Coronary Syndrome and Non-St  Elevation,hsa-miR-4439,0.2349223643541336
Cholecystitis,hsa-miR-4439,0.23491792380809784
Tuberous Sclerosis 1,hsa-miR-4439,0.23491136729717255
Cystadenocarcinoma and Serous and Endometrial,hsa-miR-4439,0.23491062223911285
Aspergillosis and Allergic Bronchopulmonary,hsa-mir-8079,0.23490922152996063
Chronic Renal  Injury,hsa-miR-4439,0.2349082976579666
Synucleinopathies,hsa-miR-4439,0.2349080592393875
Wasting Disease and Chronic,hsa-mir-8079,0.23490561544895172
Leukemia and Large Granular Lymphocytic,hsa-miR-4439,0.23490028083324432
Glycogen Storage Disease Type VI,hsa-miR-4439,0.23490010201931
Bone Diseases,hsa-miR-4439,0.2348959594964981
Facial Nerve Injuries,hsa-miR-4439,0.23489154875278473
torsion dystonia 1,hsa-miR-4439,0.234890416264534
End Stage Liver Disease,hsa-miR-4439,0.23489035665988922
Hepatorenal Syndrome,hsa-miR-4439,0.23488907516002655
Leukemia and Myeloid,hsa-miR-4439,0.23488648235797882
Eosinophilic enteropathy,hsa-miR-4439,0.2348858267068863
Adiposis Dolorosa,hsa-miR-4439,0.23488552868366241
Bradycardia,hsa-miR-4439,0.23488469421863556
Diabetic Retinopathy ,hsa-miR-4439,0.23488415777683258
Depressive Disorder,hsa-miR-4439,0.23487938940525055
Lymphoma and Mantle-Cell,hsa-miR-4439,0.23487915098667145
Neoplasms and Multiple Primary,hsa-miR-4439,0.2348787933588028
Dehydration,hsa-miR-4439,0.23487792909145355
Myeloproliferative Disorders,hsa-miR-4439,0.23487503826618195
Bone Marrow Myelofibrosis,hsa-miR-4439,0.23487479984760284
Mite Infestations,hsa-miR-4439,0.23487035930156708
Corneal Diseases,hsa-miR-4439,0.23486681282520294
Post-Cardiac Arrest Syndrome,hsa-miR-4439,0.2348591536283493
Simian Acquired Immunodeficiency Syndrome,hsa-miR-4439,0.23485879600048065
Warburg micro syndrome 1,hsa-mir-8079,0.23485727608203888
Sarcoma and Ewing,hsa-miR-4439,0.23485685884952545
Welander distal myopathy and Swedish type,hsa-miR-4439,0.23485471308231354
Finnish lethal neonatal metabolic syndrome,hsa-miR-4439,0.23485206067562103
Low Back Pain,hsa-miR-4439,0.2348509579896927
Aortic Diseases,hsa-miR-4439,0.2348480075597763
Sepsis Induced Liver Injury,hsa-miR-4439,0.23484592139720917
X-linked juvenile retinoschisis 1,hsa-miR-4439,0.23484580218791962
Premature Ovarian Aging,hsa-miR-4439,0.23484580218791962
Gastric Intestinal   Metaplasia,hsa-miR-4439,0.23484499752521515
Environmental Illness,hsa-miR-4439,0.23484398424625397
Endocrine Gland Neoplasms,hsa-miR-4439,0.23483850061893463
Multiple Sclerosis and Chronic Progressive,hsa-miR-4439,0.23483826220035553
Distal myopathy and Nonaka type,hsa-miR-4439,0.234837606549263
Thalassemia,hsa-miR-4439,0.23483748733997345
Pleomorphic Sarcoma and Undifferentiated,hsa-miR-4439,0.23483572900295258
Halal syndrome,hsa-miR-4439,0.2348356693983078
Liver Cirrhosis and Alcoholic,hsa-miR-4439,0.23483531177043915
Aneuploidy,hsa-miR-4439,0.23483361303806305
Neuroectodermal Tumors and Primitive,hsa-miR-4439,0.23483313620090485
Osteoarthropathy and Primary Hypertrophic,hsa-miR-4439,0.234832301735878
Neural Tube Defects,hsa-miR-4439,0.23483030498027802
Inflammatory Osteolysis,hsa-miR-4439,0.2348301261663437
Kidney Calculi,hsa-miR-4439,0.23483000695705414
Pancreatitis,hsa-miR-4439,0.23482827842235565
Chronic Disease,hsa-miR-4439,0.23482711613178253
Neuroleptic Malignant Syndrome,hsa-miR-4439,0.23482440412044525
Rupture,hsa-miR-4439,0.23482416570186615
Airway Inflammation,hsa-miR-4439,0.23482362926006317
Mitochondrial Diseases,hsa-miR-4439,0.23482073843479156
Sarcoidosis,hsa-miR-4439,0.2348202019929886
Hypotension,hsa-miR-4439,0.23481862246990204
Tracheal Diseases,hsa-miR-4439,0.23481790721416473
Parasitic Diseases,hsa-miR-4439,0.23481549322605133
Hemangioma and Infantile,hsa-miR-4439,0.23481501638889313
Urinary Bladder Diseases,hsa-miR-4439,0.23481307923793793
Cervical Intraepithelial Neoplasia,hsa-miR-4439,0.2348121851682663
Hematologic Neoplasms,hsa-miR-4439,0.2348117083311081
Osteoarthritis and Post-Traumatic,hsa-miR-4439,0.2348106950521469
Immune-Mediated Inflammatory Diseases,hsa-miR-4439,0.2348088175058365
Central Nervous System Bacterial Infections,hsa-miR-4439,0.23480717837810516
Colonic Polyps,hsa-miR-4439,0.234805628657341
Aneurysm,hsa-miR-4439,0.23480550944805145
Choroidal Melanoma,hsa-miR-4439,0.23480381071567535
Cystic Fibrosis,hsa-miR-4439,0.23480363190174103
skin melanoma,hsa-miR-4439,0.23480285704135895
Exanthema,hsa-miR-4439,0.23479701578617096
Choroidal Neovascularization,hsa-miR-4439,0.23479576408863068
Bronchopulmonary Dysplasia,hsa-miR-4439,0.23479364812374115
Neoplasm and Residual,hsa-miR-4439,0.2347896844148636
Acute Lymphocytic Leukemia and B-Cell,hsa-miR-4439,0.23478929698467255
Subarachnoid Hemorrhage,hsa-miR-4439,0.23478858172893524
Arrest of spermatogenesis,hsa-miR-4439,0.23478592932224274
Cryopyrin-Associated Periodic Syndromes,hsa-miR-4439,0.23478473722934723
Microphthalmia and syndromic 2,hsa-miR-4439,0.23478378355503082
Hepatitis C and Chronic,hsa-miR-4439,0.23478372395038605
Arrhythmogenic Heart Diseases,hsa-miR-4439,0.23478345572948456
Bronchiolitis Obliterans,hsa-miR-4439,0.23478303849697113
Telangiectasia and Hereditary Hemorrhagic,hsa-miR-4439,0.23478297889232635
Viral Myocarditis,hsa-miR-4439,0.23478038609027863
Rolandic Epilepsy and Mental Retardation and and Speech Dyspraxia and X-Linked,hsa-miR-4439,0.2347802072763443
Encephalomyelitis and Autoimmune and Experimental,hsa-miR-4439,0.23477835953235626
SHORT syndrome,hsa-miR-4439,0.23477642238140106
Retinal Detachment,hsa-miR-4439,0.2347746044397354
Nephrosclerosis,hsa-miR-4439,0.2347722202539444
Larva Migrans and Visceral,hsa-miR-4439,0.23476733267307281
Respiratory Syncytial Virus Infections,hsa-miR-4439,0.23476643860340118
Testicular Diseases,hsa-miR-4439,0.23476587235927582
Polymyositis,hsa-miR-4439,0.23476503789424896
Infections,hsa-miR-4439,0.23476414382457733
Neuropathic Lysosomal Storage Diseases,hsa-miR-4439,0.23476330935955048
Carcinoma and Small Cell,hsa-miR-4439,0.23476295173168182
Depression and Postpartum,hsa-miR-4439,0.23475788533687592
Small Cell Lung Carcinoma,hsa-miR-4439,0.23475678265094757
Polycythemia and High Altitude,hsa-miR-4439,0.23475660383701324
Tembusu virus,hsa-miR-4439,0.2347562462091446
Autistic Disorder,hsa-miR-4439,0.23475612699985504
Digitorenocerebral Syndrome,hsa-miR-4439,0.23475389182567596
Takayasu Arteritis,hsa-miR-4439,0.23475317656993866
Keratitis and Herpetic,hsa-miR-4439,0.23475106060504913
Arthritis,hsa-miR-4439,0.23474974930286407
Eunuchism,hsa-miR-4439,0.23474909365177155
Hyperuricemia,hsa-mir-8079,0.23474527895450592
Brain Infarction,hsa-miR-4439,0.2347438484430313
Esophageal Neoplasms,hsa-miR-4444,0.23474283516407013
Graves Disease,hsa-miR-4439,0.23474235832691193
Bicuspid Aortic Valve Disease,hsa-miR-4439,0.23473931849002838
hyper IgE recurrent infection syndrome 2,hsa-miR-4439,0.23473741114139557
Endophthalmitis,hsa-miR-4439,0.23473607003688812
Liver Failure,hsa-miR-4439,0.2347283810377121
Reinjuries,hsa-miR-4439,0.234728142619133
Reticuloendotheliosis Virus Infections,hsa-miR-4439,0.2347276657819748
Cushing Syndrome,hsa-miR-4439,0.23472420871257782
Nasopharyngeal Neoplasms,hsa-miR-4439,0.23472313582897186
Meningioma,hsa-miR-4439,0.23472283780574799
Hemangioma,hsa-miR-4439,0.234722301363945
Brain Injury and Chronic,hsa-miR-4439,0.23470915853977203
Peritoneal Hyalinizing Vasculopathy,hsa-miR-4439,0.23470748960971832
Colorectal   Adenocarcinoma,hsa-miR-4439,0.2347056120634079
Mesothelioma and Malignant and Pleural,hsa-miR-4439,0.23470424115657806
Ocular Hypertension,hsa-miR-4439,0.23470284044742584
Tetralogy of Fallot,hsa-miR-4439,0.23470140993595123
Vascular Calcification,hsa-miR-4439,0.23469503223896027
Burns,hsa-miR-4439,0.23469103872776031
Malaria and Vivax,hsa-miR-4439,0.23468489944934845
Toxoplasmosis and Ocular,hsa-miR-4439,0.2346784621477127
Venous Thromboembolism,hsa-miR-4439,0.23467575013637543
Osteoporosis and Postmenopausal,hsa-miR-4439,0.234673872590065
Hypertrophy and Right Ventricular,hsa-miR-4439,0.23466838896274567
Carcinoma and Cutaneous and Squamous Cell,hsa-miR-4439,0.23466558754444122
Neoplasms and Germ Cell and Embryonal,hsa-miR-4439,0.23466317355632782
Psychotic Disorders,hsa-miR-4439,0.23465587198734283
Reflex Sympathetic Dystrophy,hsa-miR-4439,0.2346547394990921
Adenocarcinoma and Sebaceous and Ocular,hsa-miR-4439,0.23464913666248322
Hyperplasia,hsa-miR-4439,0.23464907705783844
Azoospermia and Nonobstructive,hsa-miR-4439,0.23464642465114594
Placental Insufficiency,hsa-miR-4439,0.23463372886180878
Neurosyphilis,hsa-miR-4439,0.23462654650211334
uric acid nephrolithiasis,hsa-miR-4439,0.23461030423641205
Meningitis and Fungal,hsa-miR-4439,0.2346084862947464
Acute Pulmonary Embolism,hsa-miR-4439,0.23460055887699127
Neoplasms and Glandular and Epithelial,hsa-miR-4439,0.23459981381893158
Osteoporosis-pseudoglioma syndrome,hsa-miR-4439,0.23459766805171967
Avian Leukosis,hsa-miR-4439,0.2345927208662033
Brucellosis and Bovine,hsa-miR-4439,0.2345746010541916
Orchitis,hsa-miR-4439,0.23457388579845428
Sleep Deprivation,hsa-miR-4439,0.23456840217113495
Stillbirth,hsa-miR-4439,0.2345605045557022
Duodenal Ulcer,hsa-miR-4439,0.2345544844865799
Cardiomyopathy and Hypertrophic,hsa-miR-4439,0.23455418646335602
Prostatitis and Chronic,hsa-miR-4439,0.2345505803823471
Encephalomyelitis and Acute Disseminated,hsa-miR-4439,0.23454900085926056
Thymus Neoplasms,hsa-miR-4439,0.23454226553440094
Prion Diseases,hsa-miR-4439,0.23453809320926666
Idiopathic Condylar Resorption,hsa-miR-4439,0.23453707993030548
Leukemia and Myeloid and Accelerated Phase,hsa-miR-4439,0.23453541100025177
Erythroblastosis and Fetal,hsa-miR-4439,0.23452256619930267
Suppuration,hsa-miR-4439,0.23450516164302826
dystonia 5,hsa-miR-4439,0.23450256884098053
Ventricular Remodeling,hsa-miR-4439,0.23450185358524323
Pigmentation Disorders,hsa-miR-4439,0.23449988663196564
Rabies,hsa-miR-4439,0.2344972938299179
Out-of-Hospital Cardiac Arrest,hsa-miR-4439,0.23449717462062836
Leukemia and Monocytic and Acute,hsa-miR-4439,0.23449410498142242
Trophoblastic Neoplasms,hsa-miR-4439,0.23448915779590607
Tooth Diseases,hsa-miR-4439,0.23448757827281952
Cerebral Small Vessel Diseases,hsa-miR-4439,0.23448248207569122
Hemangioma and Cavernous,hsa-miR-4439,0.2344794124364853
Multiple Chronic Conditions,hsa-miR-4439,0.2344747632741928
Granulosa Cell Tumor,hsa-miR-4439,0.23447374999523163
Intestinal Fistula,hsa-miR-4439,0.23447339236736298
Large Artery  Atherosclerosis,hsa-miR-4439,0.23447205126285553
Arbovirus Infections,hsa-miR-4439,0.2344657927751541
Oculocutaneous Albinism Type 3,hsa-miR-4439,0.23445983231067657
Cardiovascular And   Cerebrovascular Diseases,hsa-miR-4439,0.23445789515972137
Glaucoma and Open-Angle,hsa-miR-4439,0.23444946110248566
Sexually Transmitted Diseases,hsa-miR-4439,0.23444826900959015
Olfaction Disorders,hsa-miR-4439,0.23444683849811554
Cerebral Infarction and Acute,hsa-miR-4439,0.2344454973936081
Digestive System Diseases,hsa-miR-4439,0.2344430834054947
Pulmonary Veno-Occlusive Disease,hsa-miR-4439,0.2344398945569992
Foot Ulcer,hsa-miR-4439,0.2344362884759903
von Hippel-Lindau Disease,hsa-miR-4439,0.23443503677845
Rotavirus Infections,hsa-miR-4439,0.23442672193050385
Protein-Losing Enteropathies,hsa-miR-4439,0.23441635072231293
Sexually Transmitted Diseases and Viral,hsa-miR-4439,0.23441185057163239
Coronavirus Infections,hsa-miR-4439,0.23440589010715485
Salivary Gland Pleomorphic Adenoma,hsa-miR-4439,0.23440547287464142
Osteosarcoma and Juxtacortical,hsa-miR-4439,0.23440052568912506
Fluorosis and Dental,hsa-miR-4439,0.23439882695674896
Kidney Diseases and Cystic,hsa-miR-4439,0.23439852893352509
Hepatitis E,hsa-miR-4439,0.2343863695859909
Hypertension and Pregnancy-Induced,hsa-miR-4439,0.2343822866678238
Ethylmalonic encephalopathy,hsa-miR-4439,0.23438028991222382
Condylomata Acuminata,hsa-miR-4439,0.23437391221523285
non-alcoholic steatohepatitis,hsa-miR-4439,0.23436711728572845
Osteolysis and Essential,hsa-miR-4437,0.23436446487903595
Otitis Media,hsa-miR-4446-5p,0.2343142181634903
Iridocorneal Endothelial Syndrome,hcmv-miR-US25-1,0.23429368436336517
Gastrointestinal Stromal Tumors,hsa-miR-4437,0.2340521365404129
Embolic Stroke,hsa-miR-4437,0.23375825583934784
Encephalocele,hsa-miR-4437,0.23361898958683014
Urinary Calculi,hsa-miR-412-5p,0.23353196680545807
Lentivirus Infections,hsa-miR-412-5p,0.23351450264453888
Echinococcosis and Hepatic,hsa-miR-412-5p,0.2334662824869156
Placenta Accreta,hsa-miR-4494,0.23345257341861725
Inflammation and Chronic,hsa-miR-412-5p,0.23340462148189545
Asthma and Chronic,hsa-miR-412-5p,0.23339058458805084
Germ Cell Tumor and Non-Teratomatous,hsa-miR-4494,0.23335982859134674
Angioedemas and Hereditary,hsa-miR-412-5p,0.23326383531093597
Intrahepatic Cholestasis of Pregnancy,mmu-miR-676-3p,0.23324085772037506
Susac Syndrome,hsa-miR-412-5p,0.23324011266231537
Brugada Syndrome,hsa-miR-412-5p,0.2332398146390915
Basal Ganglia Hemorrhage,hsa-miR-4459,0.23318888247013092
endometrial serous adenocarcinoma,hsa-miR-324-3p,0.23317508399486542
Human T-Cell Leukemia Virus Type 1 Infections,hsa-miR-412-5p,0.2331482321023941
Polyposis Syndrome and Hereditary Mixed and 1,hsa-miR-412-5p,0.2330949455499649
Meniscus Degeneration,hsa-miR-412-5p,0.23306958377361298
Multiple Mitochondrial Dysfunctions Syndrome,hsa-miR-2114*,0.2330542951822281
Reproductive Tract Infections,hsa-miR-412-5p,0.23303557932376862
Nevi and Melanomas,hsa-miR-2114*,0.23296932876110077
Chronic  Rhinosinusitis With Nasal Polyps,hsa-miR-2114*,0.23295579850673676
Rhabdoid Tumor and Kidney,hsa-miR-2114*,0.2329319566488266
Myeloma Bone Disease,hsa-miR-2114*,0.23293085396289825
Primary Gastrointestinal Diffuse Large B-Cell Lymphoma ,hsa-miR-2114*,0.23284609615802765
Posterior Segment Ocular Diseases,hsa-miR-2114*,0.232828751206398
Angioedemas and Hereditary,hsa-miR-2114*,0.23278267681598663
Brugada Syndrome,hsa-miR-2114*,0.2327587753534317
familial chylomicronemia syndrome,hsa-miR-4494,0.23272763192653656
Human T-Cell Leukemia Virus Type 1 Infections,hsa-miR-2114*,0.23266707360744476
Juvenile gout,hsa-miR-2114*,0.23266105353832245
Dysentery and Bacillary,hsa-miR-2114*,0.23265136778354645
Polyposis Syndrome and Hereditary Mixed and 1,hsa-miR-2114*,0.23261390626430511
Stomatitis and Aphthous,hsa-miR-2467-3p,0.23240365087985992
Gastrointestinal Stromal Tumors,hsa-miR-4494,0.232318714261055
Heart Failure and Diastolic,hsa-miR-365a-3p,0.23210547864437103
Embolic Stroke,hsa-miR-4494,0.23202483355998993
Iridocorneal Endothelial Syndrome,hsa-miR-365a-3p,0.23179464042186737
Pyelonephritis,mmu-miR-708,0.23163451254367828
Spinal muscular atrophy with respiratory distress 1,hsa-mir-8074,0.23145951330661774
Hemorrhagic Fever and Ebola,hsa-mir-8074,0.23142175376415253
Anhedonia,hsa-miR-4456,0.23142097890377045
Pneumonia and Ventilator-Associated,hsa-mir-8074,0.23140881955623627
Renal Tubular Oxidative Injury,hsa-mir-8074,0.23139779269695282
Typical Teratoid Rhabdoid Tumor,hsa-mir-8074,0.23139484226703644
Pediatric Cystic Fibrosis,hsa-mir-8074,0.23138763010501862
Adrenocortical Carcinoma and Pediatric,hsa-mir-8074,0.23138214647769928
Chagas Cardiomyopathy,hsa-mir-8074,0.23137454688549042
Meningitis and Bacterial,hsa-mir-8074,0.23136956989765167
Borna Disease,hsa-mir-8074,0.23136557638645172
Cerebral Hemorrhage,hsa-mir-8074,0.2313612550497055
Cystadenocarcinoma and Serous and Endometrial,hsa-mir-8074,0.23135294020175934
Schistosomiasis,hsa-mir-8074,0.23135162889957428
Synucleinopathies,hsa-mir-8074,0.2313503473997116
Hematoma and Subdural and Chronic,hsa-mir-8074,0.23134969174861908
Vitamin D Deficiency,hsa-mir-8074,0.23134396970272064
Glycogen Storage Disease Type VI,hsa-mir-8074,0.23134241998195648
primary biliary cholangitis 1,hsa-mir-8074,0.2313351184129715
Keratoconus,hsa-mir-8074,0.23133210837841034
Staphylococcal Scalded Skin Syndrome,hsa-mir-8074,0.23132674396038055
Pain and Inflammatory,hsa-mir-8074,0.2313263863325119
Skin Pigmentation,hsa-mir-8074,0.23132620751857758
Cardiomyopathy and Dilated and with Left Ventricular Noncompaction,hsa-mir-8074,0.23132218420505524
Depressive Disorder,hsa-mir-8074,0.2313215583562851
Fibrous Dysplasia and Polyostotic,hsa-mir-8074,0.231321319937706
Malformations of Cortical Development,hsa-mir-8074,0.2313205450773239
Squamous Intraepithelial Lesions and Cervical,hsa-mir-8074,0.2313200682401657
Corneal Injuries,hsa-mir-8074,0.23131783306598663
Autoimmune enteropathy,hsa-mir-8074,0.23131777346134186
Acute  Kidney Injury,hsa-mir-8074,0.23131270706653595
Mite Infestations,hsa-mir-8074,0.23131252825260162
Infant and Low Birth Weight,hsa-mir-8074,0.23131181299686432
Cerebral Intraventricular Hemorrhage,hsa-mir-8074,0.23131044209003448
Leptomeningeal Metastasis,hsa-mir-8074,0.23131032288074493
Corneal Diseases,hsa-mir-8074,0.23130910098552704
Dmd-Associated Dilated Cardiomyopathy,hsa-mir-8074,0.2313087433576584
rectum adenocarcinoma,hsa-mir-8074,0.231307253241539
Bone Regeneration,hsa-mir-8074,0.23130591213703156
Angina and Unstable,hsa-mir-8074,0.23129887878894806
Albuminuria,hsa-mir-8074,0.23129887878894806
Sveinsson Chorioretinal Atrophy,hsa-mir-8074,0.23129765689373016
Influenza in Birds,hsa-mir-8074,0.23129405081272125
Kahrizi Syndrome,hsa-mir-8074,0.2312925010919571
Periodontal Diseases,hsa-mir-8074,0.2312883883714676
Pelvic Floor Disorders,hsa-mir-8074,0.23128624260425568
Brachial Plexus Injury,hsa-mir-8074,0.23128525912761688
Myocarditis,hsa-mir-8074,0.23128502070903778
Endocrine Gland Neoplasms,hsa-mir-8074,0.23128069937229156
von Willebrand Diseases,hsa-mir-8074,0.23127983510494232
Adrenal Cortex Neoplasms,hsa-mir-8074,0.23127977550029755
Halal syndrome,hsa-mir-8074,0.23127786815166473
Brain Damage and Chronic,hsa-mir-8074,0.231275275349617
Hyperparathyroidism and Primary,hsa-mir-8074,0.2312745600938797
Pruritus,hsa-mir-8074,0.2312735766172409
Cumulative Trauma Disorders,hsa-mir-8074,0.23127304017543793
Neural Tube Defects,hsa-mir-8074,0.2312726229429245
Inflammatory Osteolysis,hsa-mir-8074,0.23127244412899017
Kidney Calculi,hsa-mir-8074,0.23127232491970062
Pancreatitis,hsa-mir-8074,0.23127056658267975
Arrhythmias and Cardiac,hsa-mir-8074,0.23126773536205292
Prader-Willi Syndrome,hsa-mir-8074,0.23126773536205292
Hemoglobinopathies,hsa-mir-8074,0.2312670797109604
Sarcoma and Kaposi,hsa-mir-8074,0.231264129281044
Malaria and Cerebral,hsa-mir-8074,0.2312638908624649
Mitochondrial Diseases,hsa-mir-8074,0.23126305639743805
Sarcoidosis,hsa-mir-8074,0.23126249015331268
Complex Regional Pain Syndromes,hsa-mir-8074,0.2312624305486679
Necrosis,hsa-mir-8074,0.23125998675823212
Oral Submucous Fibrosis,hsa-mir-8074,0.23125942051410675
Parasitic Diseases,hsa-mir-8074,0.23125781118869781
nonsyndromic congenital nail disorder 7,hsa-mir-8074,0.23125721514225006
Gingivitis,hsa-mir-8074,0.2312556952238083
Leukemia and Myelomonocytic and Chronic,hsa-mir-8074,0.23125503957271576
Colorectal Neoplasms and Hereditary Nonpolyposis,hsa-mir-8074,0.23125167191028595
Immune-Mediated Inflammatory Diseases,hsa-mir-8074,0.23125113546848297
Angelman Syndrome,hsa-mir-8074,0.23125113546848297
Mandibular Diseases,hsa-miR-4482,0.23124991357326508
Central Nervous System Bacterial Infections,hsa-mir-8074,0.23124949634075165
Aneurysm,hsa-mir-8074,0.23124782741069794
Bone Neoplasms,hsa-mir-8074,0.23124773800373077
Coronary Restenosis,hsa-mir-8074,0.23124660551548004
Ataxia with vitamin E deficiency,hsa-mir-8074,0.23124630749225616
Choroidal Melanoma,hsa-mir-8074,0.23124612867832184
Malformations of Cortical Development and Group II,hsa-mir-8074,0.23124577105045319
skin melanoma,hsa-mir-8074,0.23124529421329498
Choroidal Neovascularization,hsa-mir-8074,0.23123805224895477
Spondylocheirodysplasia and Ehlers-Danlos Syndrome-Like,hsa-mir-8074,0.23123697936534882
Shock and Septic,hsa-mir-8074,0.23123551905155182
Fibrosis and Skin,hsa-mir-8074,0.23123551905155182
Hemochromatosis,hsa-mir-8074,0.23123355209827423
Glomus Tumor,hsa-mir-8074,0.2312324494123459
Acute Lymphocytic Leukemia and B-Cell,hsa-mir-8074,0.23123161494731903
familial febrile seizures 1,hsa-mir-8074,0.2312314361333847
Glossitis and Benign Migratory,hsa-mir-8074,0.23122932016849518
Gastrinoma,hsa-mir-8074,0.2312287837266922
Spermatic Cord Torsion,hsa-mir-8074,0.23122872412204742
Cryopyrin-Associated Periodic Syndromes,hsa-mir-8074,0.23122702538967133
Coronary Artery Calcification,hsa-mir-8074,0.2312263697385788
Microphthalmia and syndromic 2,hsa-mir-8074,0.23122607171535492
Rolandic Epilepsy and Mental Retardation and and Speech Dyspraxia and X-Linked,hsa-mir-8074,0.23122252523899078
Nephrosis and Lipoid,hsa-mir-8074,0.23122011125087738
Folliculotropic Mycosis Fungoides,hsa-mir-8074,0.23121975362300873
Pyruvate Kinase Deficiency of Red Cells,hsa-mir-8074,0.23121921718120575
Cerebral Hemorrhage and Spontaneous,hsa-mir-8074,0.23121745884418488
Retinal Detachment,hsa-mir-8074,0.2312169224023819
Cystitis and Interstitial,hsa-mir-8074,0.23121656477451324
Kidney Transplant Rejection,hsa-mir-8074,0.23121462762355804
 Equine Hepacivirus Infections,hsa-mir-8074,0.23121283948421478
Colitis and Ulcerative,hsa-mir-8074,0.2312117964029312
Teratoid Rhabdoid Tumor and Atypical,hsa-mir-8074,0.23121125996112823
ACTH-independent macronodular adrenal hyperplasia,hsa-mir-8074,0.23121114075183868
Pterygium,hsa-mir-8074,0.23121054470539093
Larva Migrans and Visceral,hsa-mir-8074,0.2312096506357193
Craniopharyngioma,hsa-mir-8074,0.23120872676372528
invasive aspergillosis,hsa-mir-8074,0.23120789229869843
Leukemia and Prolymphocytic and T-Cell,hsa-mir-8074,0.231206014752388
Kidney Failure and Chronic,hsa-mir-8074,0.23120440542697906
Adenocarcinoma,hsa-mir-8074,0.2312019318342209
Iron Metabolism Disorders,hsa-mir-8074,0.23120109736919403
Lyme Disease,hsa-mir-8074,0.23120011389255524
Small Cell Lung Carcinoma,hsa-mir-8074,0.23119910061359406
Canine Mammary Carcinoma,hsa-mir-8074,0.23119886219501495
Autistic Disorder,hsa-mir-8074,0.23119844496250153
Reperfusion Injury and Pulmonary Ischemia,hsa-mir-8074,0.23119740188121796
Intracranial Hemorrhages,hsa-mir-8074,0.23119361698627472
Keratitis and Herpetic,hsa-mir-8074,0.23119337856769562
Growth Hormone-Secreting Pituitary Adenoma,hsa-mir-8074,0.23119188845157623
Eunuchism,hsa-mir-8074,0.23119138181209564
Skin Neoplasms,hsa-mir-8074,0.2311907857656479
Phenylketonurias,hsa-mir-8074,0.231190487742424
Gastric   Cancer,hsa-mir-8074,0.231190487742424
Marfan Syndrome,hsa-mir-8074,0.23118682205677032
Heart Defects and Congenital,hsa-mir-8074,0.23118458688259125
diarrhea predominant irritable bowel syndrome (IBS-D),hsa-mir-8074,0.23118151724338531
hyper IgE recurrent infection syndrome 2,hsa-mir-8074,0.23117969930171967
Barrett Esophagus,hsa-mir-8074,0.2311791032552719
Endophthalmitis,hsa-mir-8074,0.23117850720882416
renal fibrosis,hsa-mir-8074,0.23117513954639435
Cardiomyopathy dilated with woolly hair and keratoderma,hsa-mir-8074,0.23117442429065704
Liver Failure,hsa-mir-8074,0.2311706691980362
Reinjuries,hsa-mir-8074,0.2311704307794571
Hyperostosis,hsa-mir-8074,0.23116810619831085
Primary Central Nervous System Lymphoma,hsa-mir-8074,0.23116599023342133
Lymphoma and T-Cell and Cutaneous,hsa-mir-8074,0.23116470873355865
Bisphosphonate-Associated Osteonecrosis of the Jaw,hsa-mir-8074,0.2311631590127945
Osteolysis,hsa-mir-8074,0.23115713894367218
ovarian carcinoma,hsa-mir-8074,0.2311563640832901
Ectrodactyly-cleft lip-palate syndrome,hsa-mir-8074,0.23115088045597076
Mycobacterium Infections,hsa-miR-4494,0.23115085065364838
Splenic Diseases,hsa-mir-8074,0.23114509880542755
Vascular Calcification,hsa-mir-8074,0.23113732039928436
Tuberculosis and Meningeal,hsa-mir-8074,0.23113565146923065
Trypanosomiasis,hsa-mir-8074,0.2311345487833023
Osteoporotic Fractures,hsa-mir-8074,0.23113135993480682
Mycobacterium Infections and Nontuberculous,hsa-mir-8074,0.23112641274929047
Ullrich congenital muscular dystrophy,hsa-mir-8074,0.23112352192401886
Cysts,hsa-mir-8074,0.23112209141254425
Bk Virus Infections,hsa-mir-8074,0.2311195582151413
Parkinson Disease and Familial and Type 1,hsa-mir-8074,0.2311186045408249
Venous Thromboembolism,hsa-mir-8074,0.2311180680990219
Osteoporosis and Postmenopausal,hsa-mir-8074,0.23111607134342194
Stomatitis and Herpetic,hsa-mir-8074,0.23111535608768463
Osteonecrosis,hsa-mir-8074,0.23111401498317719
Carcinoma and Cutaneous and Squamous Cell,hsa-mir-8074,0.23110775649547577
Pituitary Diseases,hsa-mir-8074,0.23110534250736237
Cartilage Degradation,hsa-mir-8074,0.2311035543680191
salivary gland adenoid cystic carcinoma,hsa-mir-8074,0.23110215365886688
Ear Diseases,hsa-mir-8074,0.23110149800777435
Psychotic Disorders,hsa-mir-8074,0.23109807074069977
Intestinal Diseases,hsa-mir-8074,0.23109807074069977
Nervous Necrosis Virus Infectious,hsa-mir-8074,0.23109228909015656
Azoospermia and Nonobstructive,hsa-mir-8074,0.23108862340450287
Dermatitis and Allergic Contact,hsa-mir-8074,0.23107825219631195
Spinal Cord Diseases,hsa-mir-8074,0.2310750037431717
Trachoma,hsa-mir-8074,0.2310728281736374
Ventricular Dysfunction,hsa-mir-8074,0.23106662929058075
Infarct-Related Artery Total Occlusion,hsa-mir-8074,0.2310650795698166
Graves Ophthalmopathy,hsa-mir-8074,0.2310582548379898
Temporomandibular Joint Osteoarthritis,hsa-mir-8074,0.23105452954769135
Legg-Calve-Perthes Disease,hsa-mir-8074,0.23105241358280182
Multiple Trauma,hsa-mir-8074,0.23104797303676605
Hemorrhoids,hsa-mir-8074,0.23104430735111237
Acute Pulmonary Embolism,hsa-mir-8074,0.23104284703731537
Avian Leukosis,hsa-mir-8074,0.23103515803813934
Hydrocephalus,hsa-mir-8074,0.2310323268175125
Atrophy,hsa-mir-8074,0.23100967705249786
Brain Ischemia ,hsa-mir-8074,0.23100842535495758
Stillbirth,hsa-mir-8074,0.2310028225183487
Duodenal Ulcer,hsa-mir-8074,0.23099680244922638
Oropharyngeal Neoplasms,hsa-mir-8074,0.23099185526371002
Vitamin B Deficiency,hsa-mir-8074,0.23098818957805634
Leukemia and Myeloid and Accelerated Phase,hsa-mir-8074,0.23097769916057587
Oligospermia,hsa-mir-8074,0.23097361624240875
Mycobacterium avium-intracellulare Infection,hsa-mir-8074,0.23097313940525055
Neoplasm Metastasis,hsa-mir-8074,0.2309698611497879
Atrial Dilatation,hsa-mir-8074,0.23095591366291046
Blast Crisis,hsa-mir-8074,0.2309557944536209
Heart Injuries,hsa-mir-8074,0.23095126450061798
Poisoning,hsa-mir-8074,0.23094825446605682
Suppuration,hsa-mir-8074,0.23094747960567474
Diabetes Of The Exocrine Pancreas ,hsa-mir-8074,0.2309464067220688
colon carcinoma,hsa-mir-8074,0.23093999922275543
Lipodystrophy and Partial and Acquired,hsa-mir-8074,0.23093821108341217
Zika Virus Infection,hsa-mir-8074,0.23093478381633759
Syphilis and secondary,hsa-mir-8074,0.23093433678150177
Thrombosis,hsa-mir-8074,0.2309338003396988
Heart Failure and Systolic,hsa-mir-8074,0.2309338003396988
Intestinal Atresia,hsa-mir-8074,0.23093225061893463
Histiocytic Sarcoma,hsa-mir-8074,0.2309320718050003
Tooth Diseases,hsa-mir-8074,0.23092977702617645
Bronchial Diseases,hsa-mir-8074,0.2309218794107437
Rubella Syndrome and Congenital,hsa-mir-8074,0.2309217005968094
Multiple Chronic Conditions,hsa-mir-8074,0.2309170812368393
Large Artery  Atherosclerosis,hsa-mir-8074,0.23091436922550201
Early Embryonic Arrestdagger,hsa-mir-8074,0.23091383278369904
Myeloproliferative Disorder and Chronic and with Eosinophilia,hsa-mir-8074,0.2309127300977707
HTLV-II Infections,hsa-mir-8074,0.23090846836566925
Arbovirus Infections,hsa-mir-8074,0.23090799152851105
Ichthyosis and Lamellar,hsa-mir-8074,0.23090748488903046
Hip Dislocation and Congenital,hsa-mir-8074,0.23090647161006927
Poikiloderma with Neutropenia,hsa-mir-8074,0.23090516030788422
Microvascular Obstruction,hsa-mir-8074,0.23090232908725739
Erectile Dysfunction,hsa-mir-8074,0.23089809715747833
Hepatic Veno-Occlusive Disease,hsa-mir-8074,0.23089762032032013
Glaucoma and Open-Angle,hsa-mir-8074,0.2308916598558426
obstructive nephropathy,hsa-mir-8074,0.2308911830186844
Olfaction Disorders,hsa-mir-8074,0.23088900744915009
Pulmonary Veno-Occlusive Disease,hsa-mir-8074,0.23088209331035614
C syndrome,hsa-mir-8074,0.23087720572948456
Prostate Cancer ,hsa-mir-8074,0.2308766096830368
White Dot Syndromes,hsa-mir-8074,0.2308720201253891
Intracranial Aneurysm,hsa-mir-8074,0.23086829483509064
Tongue Neoplasms,hsa-mir-8074,0.23086680471897125
Pheochromocytoma,hsa-mir-8074,0.23086650669574738
Graft Occlusion and Vascular,hsa-miR-4443,0.23086176812648773
Sarcopenia,hsa-mir-8074,0.23085854947566986
Protein-Losing Enteropathies,hsa-mir-8074,0.23085854947566986
Dementia,hsa-mir-8074,0.23085848987102509
Coronavirus Infections,hsa-mir-8074,0.23084817826747894
non-alcoholic fatty liver,hsa-mir-8074,0.23084644973278046
Fluorosis and Dental,hsa-mir-8074,0.230841264128685
Obesity and Osteosarcopenic,hsa-mir-8074,0.23083992302417755
Neoplastic Cells and Circulating,hsa-mir-8074,0.23083795607089996
congenital nongoitrous hypothyroidism 4,hsa-miR-4437,0.23083262145519257
Quadruple Negative Breast Cancer,hsa-mir-8074,0.23083023726940155
spondyloepimetaphyseal dysplasia and Strudwick type,hsa-mir-8074,0.23082934319972992
non-alcoholic steatohepatitis,hsa-mir-8074,0.23080940544605255
Alopecia Areata,hsa-mir-8074,0.23079417645931244
Diarrhea,hsa-miR-4437,0.23062704503536224
Guillain-Barre Syndrome,hsa-miR-4437,0.2306094616651535
Infectious pancreatic necrosis virus,hsa-miR-4482,0.2304932326078415
high grade glioma,hsa-mir-8069,0.2304774671792984
Neutropenia,hsa-miR-1279,0.230387881398201
Jequier Kozlowski skeletal dysplasia,hsa-miR-4482,0.2303720861673355
Diffuse Alveolar Hemorrhage and Autoimmune-Mediated,hsa-miR-4482,0.23031939566135406
Embolic Stroke,hsa-miR-4482,0.23007716238498688
Heart   Transplant Rejection,hsa-miR-4444,0.23002444207668304
American Tegumentary Leishmaniasis,hsa-miR-2392,0.2299514263868332
Encephalocele,hsa-miR-4482,0.22993813455104828
Intra-Articular Fractures,hsa-miR-329-3p,0.2298801988363266
Nevi and Melanomas,hsa-miR-2392,0.2298477739095688
childhood acute myeloid leukemia,hsa-miR-4482,0.22983427345752716
Chronic  Rhinosinusitis With Nasal Polyps,hsa-miR-2392,0.22983424365520477
Dermatitis and Atopic and 1,hsa-miR-2392,0.22981907427310944
succinic semialdehyde dehydrogenase deficiency,hsa-miR-2392,0.2298174947500229
Crisponi syndrome,hsa-miR-2392,0.22978408634662628
Brain   Ventricle Enlargement,hsa-miR-2392,0.22975458204746246
Brain Edema,hsa-miR-2392,0.22973771393299103
Neutropenia,hsa-miR-2392,0.2297368198633194
Myocardial Fibrosis,hsa-miR-4444,0.22966612875461578
Rhabdoviridae Infections,hsa-miR-2392,0.22964341938495636
Brugada Syndrome,hsa-miR-2392,0.22963722050189972
Non-Segmental Vitiligo,hsa-miR-2392,0.2295904904603958
colorectal adenocarcinoma,hsa-miR-4494,0.22947336733341217
Chediak-Higashi Syndrome,hsa-miR-2392,0.2294694036245346
Short Qt Syndrome,hsa-miR-2392,0.2294408231973648
Campomelia Cumming type,rno-miR-352,0.22920234501361847
Ganglion Cysts,hsa-miR-4444,0.2291342169046402
congenital nongoitrous hypothyroidism 4,hsa-miR-4494,0.22909919917583466
Tachycardia and Ventricular,hsa-miR-423-3p,0.22908608615398407
Dilated Cardiomyopathy ,hsa-miR-3157,0.2290564626455307
Osteolysis and Essential,hsa-miR-4439,0.2289058417081833
Diarrhea,hsa-miR-4494,0.22889362275600433
Guillain-Barre Syndrome,hsa-miR-4494,0.2288760393857956
Cardiomyopathy and Alcoholic,hsa-miR-4437,0.22885651886463165
Campomelia Cumming type,hsa-miR-4494,0.22884775698184967
Reperfusion Injury and Steatotic Liver Ischemia,hsa-miR-3202,0.22880609333515167
Frailty,hsa-miR-4482,0.22874732315540314
Aging and Premature,hsa-miR-4494,0.22868435084819794
Knee Injuries,hsa-miR-4439,0.2286623865365982
Erythema,hsa-mir-8080,0.22861672937870026
Ventricular Dysfunction and Right,hsa-miR-4494,0.2285880595445633
Fatigue,hsa-miR-4439,0.22846455872058868
Granulomatous Disease and Chronic,hsa-miR-4325,0.22799347341060638
Periodontitis and Diabetic,hsa-miR-4325,0.2279406040906906
Lymphangioleiomyomatosis,hsa-miR-4437,0.2279379814863205
Lattice corneal dystrophy type 1,hsa-miR-4325,0.2278263121843338
Reperfusion Injury and Renal Ischemia,hsa-miR-4482,0.2277744859457016
Neoplasms and Mesothelial,hsa-miR-136,0.22773446142673492
Nevi and Melanomas,hsa-miR-424-5p,0.22769518196582794
Ossification of the posterior longitudinal ligament of the spine,mmu-miR-700-5p,0.22766505181789398
Nevi and Melanomas,hsa-miR-136,0.22765065729618073
Reperfusion Injury and Testicular Ischemia,hsa-miR-136,0.22755317389965057
Neutropenia,hsa-miR-136,0.22753967344760895
Abnormalities and Drug-Induced,hsa-miR-4437,0.22752512991428375
Neoplasms and Hormone-Dependent,hsa-miR-136,0.22750546038150787
Encephalitis and Viral,hsa-miR-4482,0.22748415172100067
Basal Ganglia Hemorrhage,mmu-miR-700-5p,0.22746466100215912
Autoimmune Diseases of the Nervous System,hsa-let-7a-3p,0.22746209800243378
Mycobacterium Infections,hsa-miR-4439,0.22742564976215363
Intrahepatic Cholestasis of Pregnancy,hsa-miR-4492,0.227416530251503
Cardiomyopathy and Hypertrophic and Familial,hsa-let-7a-3p,0.2273893803358078
Femoral Neck Fractures,hsa-miR-4494,0.2273518592119217
Polycystic Kidney Diseases,hsa-miR-4439,0.2272813767194748
Adrenocortical Adenoma,hsa-miR-136,0.2272757738828659
Chediak-Higashi Syndrome,hsa-miR-136,0.22727228701114655
Diminished  Ovarian Reserve,hsa-let-7a-3p,0.2272558957338333
Scleral Diseases,hsa-miR-136,0.22723908722400665
Angioedemas and Hereditary,hsa-let-7a-3p,0.22723488509655
Testicular Neoplasms,hsa-miR-136,0.2272164672613144
Amyloidosis and Hereditary and Transthyretin-Related,hsa-miR-4443,0.227193221449852
Hemorrhagic Fever with Renal Syndrome,hsa-miR-30c-2,0.227156862616539
Liposarcoma and Myxoid,hsa-miR-30c-2,0.2271566241979599
congenital nongoitrous hypothyroidism 4,hsa-miR-4482,0.22715164721012115
Temporomandibular Joint Dysfunction Syndrome,hsa-miR-30c-2,0.2271215170621872
Autoimmune Diseases of the Nervous System,hsa-miR-30c-2,0.2271180897951126
Juvenile gout,hsa-let-7a-3p,0.22711299359798431
Muscular Dystrophies and Limb-Girdle,hsa-miR-30c-2,0.22710086405277252
Periodontitis and Diabetic,hsa-miR-30c-2,0.22709940373897552
Myotonic Dystrophy,hsa-miR-30c-2,0.227092906832695
cervical adenocarcinoma,hsa-miR-30c-2,0.2270839959383011
Muscular Disorders and Atrophic,hsa-let-7a-3p,0.22707001864910126
Polyposis Syndrome and Hereditary Mixed and 1,hsa-let-7a-3p,0.22706596553325653
Lymphohistiocytosis and Hemophagocytic,hsa-miR-30c-2,0.2270628660917282
Optic Nerve Glioma,hsa-miR-30c-2,0.2270505279302597
Rhabdoid Tumor and Kidney,hsa-miR-30c-2,0.22704021632671356
Myeloma Bone Disease,hsa-miR-30c-2,0.22703902423381805
Arene Oxide Detoxification Defect,hsa-miR-30c-2,0.2270222157239914
Wound Infection,hsa-miR-30c-2,0.22701270878314972
Scleral Diseases,hsa-let-7a-3p,0.22700996696949005
Testicular Neoplasms,hsa-let-7a-3p,0.2269873470067978
Obstructive   Kidney Disease,hsa-let-7a-3p,0.22697655856609344
Frailty,hsa-miR-4439,0.22696979343891144
Primary Gastrointestinal Diffuse Large B-Cell Lymphoma ,hsa-miR-30c-2,0.2269543558359146
Diminished  Ovarian Reserve,hsa-miR-30c-2,0.22691185772418976
Campomelia Cumming type,hsa-miR-4482,0.22690008580684662
Brugada Syndrome,hsa-miR-30c-2,0.2268669456243515
Liposarcoma,hsa-miR-4482,0.22686178982257843
Aging and Premature,hsa-miR-4482,0.22673667967319489
Polyposis Syndrome and Hereditary Mixed and 1,hsa-miR-30c-2,0.22672207653522491
Osteoarthritis ,hsa-miR-30c-2,0.22671736776828766
Heart Diseases,hsa-miR-4482,0.22670210897922516
Chediak-Higashi Syndrome,hsa-miR-30c-2,0.2266991287469864
Meniscus Degeneration,hsa-miR-30c-2,0.22669659554958344
Stomatitis and Aphthous,hsa-miR-1245a,0.22666506469249725
Ventricular Dysfunction and Right,hsa-miR-4482,0.22664038836956024
Amyloidosis and Hereditary and Transthyretin-Related,mmu-miR-743a,0.22654886543750763
Iridocorneal Endothelial Syndrome,hsa-miR-1257,0.22650717198848724
Orofacial Cleft,hsa-miR-374a-3p,0.22602014243602753
Multiple Mitochondrial Dysfunctions Syndrome,hsa-miR-374a-3p,0.2258956879377365
Granulomatous Disease and Chronic,hsa-miR-374a-3p,0.22588549554347992
Hypothermia,hsa-miR-4494,0.22587455809116364
Vitelliform Macular Dystrophy,hsa-miR-374a-3p,0.22586216032505035
Renal Artery Obstruction,hsa-miR-374a-3p,0.22584138810634613
Brain Injuries,rno-miR-352,0.22583381831645966
Fetal Hypoxia,hsa-miR-374a-3p,0.22582505643367767
Nevi and Melanomas,hsa-miR-374a-3p,0.2258107215166092
succinic semialdehyde dehydrogenase deficiency,hsa-miR-374a-3p,0.22578056156635284
Visceral Pain,hsa-miR-374a-3p,0.22576729953289032
Inflammation and Chronic,hsa-miR-374a-3p,0.22576497495174408
Tricuspid Valve Insufficiency,hsa-miR-374a-3p,0.22572557628154755
Vaginosis and Bacterial,hsa-miR-374a-3p,0.22572527825832367
Pancreatitis and Acute Hemorrhagic,hsa-miR-374a-3p,0.22570516169071198
Primary Gastrointestinal Diffuse Large B-Cell Lymphoma ,hsa-miR-374a-3p,0.22568745911121368
Posterior Segment Ocular Diseases,hsa-miR-374a-3p,0.22567014396190643
Angioedemas and Hereditary,hsa-miR-374a-3p,0.22562406957149506
Lysosomal Storage Diseases,hsa-miR-374a-3p,0.22545723617076874
Tenon Fibroblasts,hsa-miR-374a-3p,0.22545470297336578
Lymphoma and Nk-T-Cell,hsa-miR-374a-3p,0.2254456728696823
Femoral Neck Fractures,hsa-miR-4482,0.2254043072462082
Amebiasis,hsa-miR-374a-3p,0.22538943588733673
Optic atrophy 1 and deafness,hsa-miR-374a-3p,0.2253553420305252
Myotonic Dystrophy,hsa-miR-2277-3p,0.2253476232290268
Incisional Pain,hsa-miR-223-5p,0.22521759569644928
Otitis Media with Effusion,hsa-miR-223-5p,0.22521530091762543
Infectious pancreatic necrosis virus,hsa-mir-8074,0.2251579910516739
Angioedemas and Hereditary,hsa-miR-2277-3p,0.22514553368091583
Phyllodes Tumor and Breast,hsa-miR-223-5p,0.22505609691143036
Venous Neointimal Hyperplasia,hsa-miR-223-5p,0.22505123913288116
Lattice corneal dystrophy type 1,hsa-miR-223-5p,0.2250470072031021
Laron Syndrome,hsa-miR-4511,0.22504578530788422
Neurodevelopmental Disorders,hsa-miR-4511,0.2250431329011917
Gastrointestinal Stromal Tumors,hsa-mir-8074,0.22503583133220673
Peripheral Arterial Occlusive Disease 1,hsa-miR-4511,0.22503487765789032
Lymphoma and Extranodal NK-T-Cell,hsa-miR-4511,0.22503440082073212
Pediatric Cystic Fibrosis,hsa-miR-4511,0.22502578794956207
Enterocolitis and Pseudomembranous,hsa-miR-4511,0.2250245362520218
Hypocalciuric hypercalcemia and familial and type 1,hsa-miR-4511,0.22501550614833832
Abortion and Spontaneous,hsa-miR-4511,0.22500886023044586
arthrogryposis and renal dysfunction and and cholestasis 1,hsa-miR-4511,0.22500212490558624
Leukokeratosis and Hereditary Mucosal,hsa-miR-4511,0.22500018775463104
Rhabdoviridae Infections,hsa-miR-4513,0.2249971479177475
uterine corpus endometrial carcinoma,hsa-miR-4511,0.2249893695116043
Synucleinopathies,hsa-miR-4511,0.22498838603496552
Postoperative Complications,hsa-miR-4511,0.22498352825641632
Vitamin D Deficiency,hsa-miR-4511,0.2249821275472641
Blind Loop Syndrome,hsa-miR-376b-3p,0.22498191893100739
Foot-and-Mouth Disease,hsa-miR-4511,0.22497998178005219
Paraganglioma,hsa-miR-4511,0.22497598826885223
Hyperpigmentation and Skin,hsa-miR-4511,0.22497232258319855
End Stage Liver Disease,hsa-miR-4511,0.22497068345546722
Gynatresia,hsa-miR-4511,0.2249646633863449
Cancer-Associated Cachexia,hsa-miR-4511,0.2249586433172226
Dehydration,hsa-miR-4511,0.22495828568935394
Corneal Injuries,hsa-miR-4511,0.22495587170124054
Leptomeningeal Metastasis,hsa-miR-4511,0.22494836151599884
Dmd-Associated Dilated Cardiomyopathy,hsa-miR-4511,0.2249467819929123
ACTH Syndrome and Ectopic,hsa-miR-4511,0.22494624555110931
Wound Healing,hsa-miR-4511,0.22494564950466156
Laryngeal Papilloma,hsa-miR-4511,0.22494547069072723
Genital Diseases and Female,hsa-miR-4511,0.22494010627269745
Hepatopulmonary Syndrome,hsa-miR-4511,0.22493861615657806
Li-Fraumeni syndrome 1,hsa-miR-4511,0.2249375730752945
Sarcoma and Ewing,hsa-miR-4511,0.2249370962381363
Drug Hypersensitivity,hsa-miR-4511,0.22493572533130646
Low Back Pain,hsa-miR-4511,0.22493119537830353
Spinal Cord Compression,hsa-miR-4513,0.2249297946691513
Aortic Diseases,hsa-miR-4511,0.22492824494838715
Sepsis Induced Liver Injury,hsa-miR-4511,0.22492624819278717
X-linked juvenile retinoschisis 1,hsa-miR-4511,0.22492612898349762
Genital Diseases and Male,hsa-miR-4511,0.22492577135562897
T-cell acute lymphoblastic leukemia,hsa-miR-4511,0.2249213308095932
Pancreatitis and Acute Necrotizing,hsa-miR-4511,0.22492067515850067
Polyps,hsa-miR-4511,0.22491897642612457
Multiple Sclerosis and Chronic Progressive,hsa-miR-4511,0.22491849958896637
Distal myopathy and Nonaka type,hsa-miR-4511,0.22491784393787384
Thalassemia,hsa-miR-4511,0.2249177247285843
Pleomorphic Sarcoma and Undifferentiated,hsa-miR-4511,0.22491596639156342
Halal syndrome,hsa-miR-4511,0.22491590678691864
Osteochondromatosis,hsa-miR-4511,0.22491450607776642
Neuroectodermal Tumors and Primitive,hsa-miR-4511,0.22491337358951569
Status Epilepticus,hsa-miR-4511,0.22491271793842316
Osteoarthropathy and Primary Hypertrophic,hsa-miR-4511,0.22491253912448883
Hyperparathyroidism and Primary,hsa-miR-4511,0.22491247951984406
Ataxia Neuropathy Spectrum,hsa-miR-4511,0.22490911185741425
Pancreatitis,hsa-miR-4511,0.2249084860086441
Cholera,hsa-miR-4511,0.22490598261356354
Neuroleptic Malignant Syndrome,hsa-miR-4511,0.22490476071834564
Complex Regional Pain Syndromes,hsa-miR-4511,0.2249004989862442
Parasitic Diseases,hsa-miR-4511,0.22489584982395172
nonsyndromic congenital nail disorder 7,hsa-miR-4511,0.22489525377750397
Gingivitis,hsa-miR-4511,0.2248937338590622
Heart Septal Defects and Atrial,hsa-miR-4511,0.22489307820796967
Leukemia and Myelomonocytic and Chronic,hsa-miR-4511,0.22489307820796967
Ischemic Stroke and Diabetic,hsa-miR-4511,0.22489182651042938
Leukemia and Biphenotypic and Acute,hsa-miR-4511,0.2248912900686264
Osteoarthritis and Post-Traumatic,hsa-miR-4511,0.22489102184772491
Aspergillosis and Allergic Bronchopulmonary,hsa-miR-4511,0.22489000856876373
Pain and Postoperative,hsa-miR-4511,0.22488953173160553
Ovarian Insufficiency and Premature,hsa-miR-4511,0.22488941252231598
Seizures and Febrile,hsa-miR-4511,0.22488923370838165
Morphine Dependence,hsa-miR-4511,0.22488676011562347
Infertility and Female,hsa-miR-4511,0.22488652169704437
Poorly Differentiated Thyroid Gland Carcinoma,hsa-miR-4511,0.22488315403461456
Lip and Hamartomatous,hsa-miR-4511,0.2248786836862564
Neurofibromatosis 2,hsa-miR-4511,0.2248770147562027
Choroidal Neovascularization,hsa-miR-4511,0.22487609088420868
Spondylocheirodysplasia and Ehlers-Danlos Syndrome-Like,hsa-miR-4511,0.22487513720989227
Infant and Newborn and Diseases,hsa-miR-4511,0.22487489879131317
Fibrosarcoma,hsa-miR-4511,0.22487424314022064
Giant Cell Arteritis,hsa-miR-4511,0.22487188875675201
Glaucoma,hsa-miR-4511,0.22486911714076996
polycystic kidney disease 3,hsa-miR-4511,0.22486834228038788
Spermatic Cord Torsion,hsa-miR-4511,0.22486676275730133
Acne Vulgaris,hsa-miR-4511,0.224866583943367
Cryopyrin-Associated Periodic Syndromes,hsa-miR-4511,0.22486509382724762
familial multiple nevi flammei,hsa-miR-4511,0.22486461699008942
Hepatitis C and Chronic,hsa-miR-4511,0.2248641699552536
Microphthalmia and syndromic 2,hsa-miR-4511,0.22486411035060883
Bronchiolitis Obliterans,hsa-miR-4511,0.22486339509487152
Telangiectasia and Hereditary Hemorrhagic,hsa-miR-4511,0.22486333549022675
Ventricular Dysfunction and Right,hsa-miR-4439,0.22486285865306854
Heart Diseases and Congenital,hsa-miR-4511,0.22486190497875214
Viral Myocarditis,hsa-miR-4511,0.22486074268817902
Langer mesomelic dysplasia,hsa-miR-4511,0.2248583287000656
Folliculotropic Mycosis Fungoides,hsa-miR-4511,0.22485779225826263
SHORT syndrome,hsa-miR-4511,0.22485677897930145
Hcv Associated Disorders,hsa-miR-4511,0.22485382854938507
Kidney Transplant Rejection,hsa-miR-4511,0.2248528152704239
 Equine Hepacivirus Infections,hsa-miR-4511,0.2248508781194687
Teratoid Rhabdoid Tumor and Atypical,hsa-miR-4511,0.22484929859638214
ACTH-independent macronodular adrenal hyperplasia,hsa-miR-4511,0.2248491793870926
Pterygium,hsa-miR-4511,0.22484858334064484
Hearing Loss and Sensorineural,mmu-miR-700-5p,0.22484858334064484
Cleft Lip,hsa-miR-4511,0.22484780848026276
Polymyositis,hsa-miR-4511,0.2248455137014389
Infections,hsa-miR-4511,0.22484450042247772
Neuropathic Lysosomal Storage Diseases,hsa-miR-4511,0.22484363615512848
Epilepsy and Post-Traumatic,hsa-miR-4511,0.22484160959720612
Acromegaly,hsa-miR-4511,0.22483883798122406
Depression and Postpartum,hsa-miR-4511,0.2248382419347763
Lyme Disease,hsa-miR-4511,0.22483818233013153
Canine Mammary Carcinoma,hsa-miR-4511,0.22483690083026886
Obesity and Abdominal,hsa-miR-4511,0.2248363047838211
Atrial Premature Complexes,hsa-miR-4511,0.22483424842357635
Osteoporotic Fracture and Tibial,hsa-miR-4511,0.22483371198177338
Takayasu Arteritis,hsa-miR-4511,0.22483353316783905
esophageal carcinoma,hsa-miR-4511,0.22483058273792267
Alveolar Bone Loss,hsa-miR-4511,0.2248278707265854
Ehlers-Danlos Syndrome,hsa-miR-4511,0.2248256355524063
External Auditory Canal Squamous Cell Carcinoma,hsa-miR-4511,0.2248253971338272
Marfan Syndrome,hsa-miR-4511,0.22482486069202423
Diastrophic dysplasia,hsa-miR-4511,0.2248244434595108
Lissencephaly,hsa-miR-4511,0.22482408583164215
Heart Defects and Congenital,hsa-miR-4511,0.22482262551784515
Chronic recurrent multifocal osteomyelitis,hsa-miR-4511,0.224821075797081
Bicuspid Aortic Valve Disease,hsa-miR-4511,0.22481967508792877
hyper IgE recurrent infection syndrome 2,hsa-miR-4511,0.22481776773929596
Disorders of Excessive Somnolence,hsa-miR-4511,0.22481770813465118
Pulmonary Edema,hsa-miR-4511,0.2248154729604721
Respiration Disorders and Infant,hsa-miR-4511,0.22481487691402435
Pregnancy Complications,hsa-miR-4511,0.22481457889080048
Liver Failure,hsa-miR-4511,0.22480885684490204
Reinjuries,hsa-miR-4511,0.2248084992170334
Duane Retraction Syndrome,hsa-miR-4511,0.22480662167072296
rippling muscle disease 1,hsa-miR-4511,0.22480522096157074
Meningioma,hsa-miR-4511,0.22480319440364838
Hemangioma,hsa-miR-4511,0.22480277717113495
Movement Disorders,hsa-miR-4511,0.22480271756649017
Bacterial Infections,hsa-miR-4511,0.22480042278766632
Endotoxemia,hsa-miR-4511,0.2247992604970932
Acute Aortic   Dissection,hsa-miR-4511,0.2247983068227768
Polyomavirus Infections,hsa-miR-4511,0.22479717433452606
Enterocolitis,hsa-miR-4511,0.22479228675365448
Mesothelioma and Malignant and Pleural,hsa-miR-4511,0.224784716963768
Splenic Diseases,hsa-miR-4511,0.22478313744068146
Turcot syndrome,hsa-miR-4511,0.22478066384792328
Amebiasis,hsa-miR-4513,0.22478021681308746
Urothelial   Carcinoma,hsa-miR-4511,0.22477783262729645
Hypoglycemia and leucine-induced,hsa-miR-4511,0.22477687895298004
Alopecia,hsa-miR-4511,0.224773570895195
Malaria and Vivax,hsa-miR-4511,0.2247653752565384
Ullrich congenital muscular dystrophy,hsa-miR-4511,0.22476159036159515
Chediak-Higashi Syndrome,hsa-miR-223-5p,0.22476111352443695
Pulmonary Eosinophilia,hsa-miR-4511,0.22476036846637726
Bk Virus Infections,hsa-miR-4511,0.2247575968503952
Rhegmatogenous Retinal Detachment and Autosomal Dominant,hsa-miR-4511,0.2247564047574997
Venous Thromboembolism,hsa-miR-4511,0.22475610673427582
Swine Diseases,hsa-miR-2355-5p,0.2247525006532669
Pemphigoid and Bullous,hsa-miR-4511,0.2247522622346878
Hypertrophy and Right Ventricular,hsa-miR-4511,0.2247486263513565
Pituitary Diseases,hsa-miR-4511,0.22474341094493866
Cartilage Degradation,hsa-miR-4511,0.224741593003273
Ear Diseases,hsa-miR-4511,0.22473953664302826
Maxillary Sinusitis,hsa-miR-4511,0.22473840415477753
FG syndrome,hsa-miR-4511,0.2247379869222641
Osteopenic Nonfracture Syndrome,hsa-miR-4511,0.22473664581775665
Anodontia,hsa-miR-4511,0.22473640739917755
Reflex Sympathetic Dystrophy,hsa-miR-4511,0.22473497688770294
Otofaciocervical Syndrome,hsa-miR-4511,0.22473134100437164
Primary Ovarian Insufficiency,hsa-miR-4511,0.22472624480724335
Thrombotic Stroke,hsa-miR-4511,0.22472123801708221
Weight Loss,hsa-miR-4511,0.22472070157527924
Nonsyndromic sensorineural hearing loss,hsa-miR-4511,0.22471804916858673
Trachoma,hsa-miR-4511,0.22471101582050323
Carcinogenesis,hsa-miR-4511,0.22469957172870636
Phyllodes Tumor and Breast,hsa-miR-2355-5p,0.22469307482242584
Temporomandibular Joint Osteoarthritis,hsa-miR-4511,0.2246924489736557
Meningitis and Fungal,hsa-miR-4511,0.2246888428926468
"Muscular Atrophy, Spinal",hsa-miR-4511,0.22468672692775726
Peripartum Cardiomyopathy ,hsa-miR-4511,0.22467456758022308
Avian Leukosis,hsa-miR-4511,0.22467319667339325
Stress Disorders and Traumatic,hsa-miR-4511,0.22466619312763214
Atrophy,hsa-miR-4511,0.22464771568775177
neonatal-onset type II citrullinemia,hsa-miR-4511,0.22464518249034882
Duodenal Ulcer,hsa-miR-4511,0.22463484108448029
Tricuspid Valve Insufficiency,hsa-mir-8055,0.2246340960264206
Prostatitis and Chronic,hsa-miR-4511,0.2246309369802475
Encephalomyelitis and Acute Disseminated,hsa-miR-4511,0.22462935745716095
Facial Nerve Diseases,hsa-miR-4511,0.22461925446987152
Leukemia and Acute,hsa-miR-4511,0.22461868822574615
Siderosis,hsa-miR-4511,0.2246173769235611
Leukemia and Myeloid and Accelerated Phase,hsa-miR-4511,0.22461573779582977
Calcinosis,hsa-miR-4511,0.2246076911687851
Craniosynostosis radial aplasia syndrome,hsa-miR-4511,0.22459737956523895
Allograft Rejection and Antibody-Mediated,hsa-miR-4511,0.22459684312343597
Epidermodysplasia Verruciformis,hsa-miR-4511,0.22459004819393158
Breast Diseases,hsa-miR-4511,0.22458745539188385
Acrodermatitis enteropathica,hsa-miR-4511,0.22458727657794952
Poisoning,hsa-miR-4511,0.22458629310131073
Suppuration,hsa-miR-4511,0.22458551824092865
Cholestasis and Intrahepatic,hsa-miR-4511,0.2245805710554123
Pigmentation Disorders,hsa-miR-4511,0.22458021342754364
Bronchiectasis With Or Without Elevated Sweat Chloride 1,hsa-miR-4511,0.22457967698574066
colon carcinoma,hsa-miR-4511,0.22457818686962128
Rabies,hsa-miR-4511,0.22457773983478546
Polycythemia,hsa-miR-4511,0.22457535564899445
Shoulder Injuries,hsa-miR-4511,0.22457389533519745
Hyperphosphatemia,hsa-miR-4511,0.2245725840330124
Syphilis and secondary,hsa-miR-4511,0.22457252442836761
Thrombosis,hsa-miR-4511,0.22457186877727509
Intestinal Atresia,hsa-miR-4511,0.22457028925418854
Trophoblastic Neoplasms,hsa-miR-4511,0.224569633603096
Gluteal Muscle Contracture,hsa-miR-4511,0.22456805408000946
Tooth Diseases,hsa-miR-4511,0.2245679348707199
Darier Disease,hsa-miR-4511,0.2245669811964035
Lymphoma and B-Cell and Diffuse,hsa-miR-4511,0.22456662356853485
Bronchial Diseases,hsa-miR-4511,0.22455991804599762
Hemangioma and Cavernous,hsa-miR-4511,0.2245597392320633
Arteriosclerosis,hsa-miR-4511,0.2245551198720932
Myositis,hsa-miR-4511,0.22455336153507233
Large Artery  Atherosclerosis,hsa-miR-4511,0.22455240786075592
Bronchopneumonia,hsa-miR-4511,0.22455205023288727
Early Embryonic Arrestdagger,hsa-miR-4511,0.22455187141895294
Arthritis and Gouty,hsa-miR-4511,0.22455035150051117
HTLV-II Infections,hsa-miR-4511,0.22454650700092316
Migraine Disorders,hsa-miR-4511,0.2245432585477829
Microvascular Obstruction,hsa-miR-4511,0.22454048693180084
Cholangitis and Biliary and Primary,hsa-miR-4511,0.22452761232852936
Sinus Thrombosis and Intracranial,hsa-miR-4511,0.2245262712240219
Testicular Germ Cell Tumor,hsa-miR-4511,0.2245221883058548
differentiated thyroid gland carcinoma,hsa-miR-4511,0.22451616823673248
Muscular Atrophy and Spinal,hsa-miR-4511,0.22451098263263702
Intracranial Aneurysm,hsa-miR-4511,0.22450633347034454
Multiple Mitochondrial Dysfunctions Syndrome,hsa-miR-29c,0.22450421750545502
childhood acute myeloid leukemia,hsa-mir-8074,0.22449891269207
Immune System Diseases,hsa-miR-4511,0.2244902104139328
Coronavirus Infections,hsa-miR-4511,0.22448612749576569
Arteriosclerosis Obliterans,hsa-miR-4511,0.2244826704263687
Neoplastic Cells and Circulating,hsa-miR-4511,0.22447611391544342
Hyperpigmentation,hsa-miR-4511,0.22447074949741364
Quadruple Negative Breast Cancer,hsa-miR-4511,0.22446827590465546
spondyloepimetaphyseal dysplasia and Strudwick type,hsa-miR-4511,0.22446738183498383
Neuropathic Low Back Pain,hsa-miR-2681-5p,0.22446660697460175
Condylomata Acuminata,hsa-miR-4511,0.22445426881313324
Hearing Loss and Sudden,hsa-miR-29c,0.22444851696491241
Myotonic Dystrophy,hsa-miR-29c,0.22443465888500214
Classical Swine Fever,hsa-miR-29c,0.22443147003650665
Periapical Diseases,hsa-miR-4511,0.22442813217639923
Chronic  Rhinosinusitis With Nasal Polyps,hsa-miR-29c,0.2244056910276413
Chediak-Higashi Syndrome,hsa-miR-2355-5p,0.22439835965633392
Hereditary Autoinflammatory Diseases,hsa-miR-29c,0.2243819683790207
Chediak-Higashi Syndrome,hsa-mir-8055,0.22434087097644806
Phyllodes Tumor and Breast,hsa-miR-29c,0.22433586418628693
Posterior Segment Ocular Diseases,hsa-miR-29c,0.2242787629365921
Polyposis Syndrome and Hereditary Mixed and 1,hsa-miR-29c,0.22406382858753204
Rhabdomyosarcoma and Alveolar,hsa-miR-3124,0.22402824461460114
Nevi and Melanomas,hsa-miR-3124,0.22397242486476898
Wound Infection,hsa-miR-3124,0.22390751540660858
ovarian clear cell carcinoma,hsa-miR-3124,0.2239067405462265
Phyllodes Tumor and Breast,hsa-miR-3124,0.22388891875743866
Abnormalities and Drug-Induced,hsa-miR-4482,0.2238442748785019
Brachial Plexus Avulsion ,hsa-miR-3124,0.22381941974163055
Lentivirus Infections,hsa-miR-1238-3p,0.2238122671842575
Diminished  Ovarian Reserve,hsa-miR-3124,0.22380678355693817
Muscular Injury,hsa-miR-3124,0.2237994223833084
Meniscus Degeneration,hsa-miR-3074-5p,0.2237492948770523
Implantation Failure,hsa-miR-4439,0.22369347512722015
Her2-Positive Breast Cancer,hsa-miR-3124,0.22363950312137604
Adenocarcinoma Of Esophagus,hsa-miR-3124,0.22362522780895233
hearing loss,hsa-miR-4482,0.2236170917749405
Polyposis Syndrome and Hereditary Mixed and 1,hsa-miR-3124,0.22361700236797333
Tenon Fibroblasts,hsa-miR-3124,0.22361637651920319
Lymphoma and Nk-T-Cell,hsa-miR-3124,0.22360734641551971
Chediak-Higashi Syndrome,hsa-miR-3124,0.2235940545797348
Scleral Diseases,hsa-miR-3124,0.2235608845949173
Testicular Neoplasms,hsa-miR-3124,0.22353823482990265
Hyperaldosteronism,hsa-miR-3124,0.22353167831897736
Obstructive   Kidney Disease,hsa-miR-3124,0.22352756559848785
Urinary Calculi,hsa-miR-218-2,0.22343607246875763
Dilated Cardiomyopathy ,hsa-miR-335-5p,0.22343234717845917
UV-Sensitive Syndrome,hsa-miR-218-2,0.22340349853038788
Myeloma Bone Disease,hsa-miR-218-2,0.22331614792346954
Phyllodes Tumor and Breast,hsa-miR-218-2,0.2232712358236313
Tricuspid Valve Insufficiency,hsa-miR-218-2,0.2232694774866104
Venous Neointimal Hyperplasia,hsa-miR-218-2,0.22326646745204926
Amebiasis,hsa-miR-3613-5p,0.22322534024715424
Polyposis Syndrome and Hereditary Mixed and 1,hsa-miR-218-2,0.2229992002248764
Skeletal Muscle Dysplasia,hsa-miR-218-2,0.22298522293567657
Adrenocortical Adenoma,hsa-miR-218-2,0.2229798585176468
Amyloidosis and Hereditary and Transthyretin-Related,hsa-miR-4459,0.2229429930448532
Amyloidosis and Hereditary and Transthyretin-Related,hsa-miR-4456,0.2227933257818222
Gaucher Disease,hsa-miR-4439,0.22275681793689728
Sepsis and Intensive Care Unit-Acquired,hsa-miR-152,0.2226959615945816
Encephalopathy and Bovine Spongiform,hsa-mir-7844,0.2226083129644394
Testicular Neoplasms,hsa-miR-152,0.22225745022296906
Hypothermia,hsa-miR-4439,0.22214935719966888
Encephalitis and Viral,hsa-mir-8074,0.22214891016483307
Canavan Disease,hsa-miR-3117-3p,0.22199009358882904
Liposarcoma and Myxoid,hsa-miR-3117-3p,0.2219206541776657
UV-Sensitive Syndrome,hsa-miR-3117-3p,0.2218904346227646
Autoimmune Diseases of the Nervous System,hsa-miR-3117-3p,0.22188223898410797
Classical Swine Fever,hsa-miR-3117-3p,0.22185377776622772
Lupus Vasculitis and Central Nervous System,hsa-miR-3117-3p,0.22182683646678925
Submandibular Gland Diseases,hsa-miR-3117-3p,0.22181792557239532
congenital nongoitrous hypothyroidism 4,hsa-mir-8074,0.22181616723537445
Equine Infectious Anemia,hsa-miR-3117-3p,0.2218128889799118
Peripheral Vascular Diseases,hsa-miR-3117-3p,0.22179366648197174
Arene Oxide Detoxification Defect,hsa-miR-3117-3p,0.2217862755060196
Tricuspid Valve Insufficiency,hsa-miR-3117-3p,0.22175641357898712
Brain Edema,hsa-miR-3117-3p,0.22173158824443817
Primary Gastrointestinal Diffuse Large B-Cell Lymphoma ,hsa-miR-3117-3p,0.22171829640865326
Gliosis,hsa-miR-3117-3p,0.2216896265745163
Orofacial Cleft,hsa-miR-17-92,0.22168727219104767
Diminished  Ovarian Reserve,hsa-miR-3117-3p,0.22167588770389557
Uveomeningoencephalitic Syndrome,hsa-miR-3117-3p,0.2216697484254837
Susac Syndrome,hsa-miR-3117-3p,0.2216312736272812
Brugada Syndrome,hsa-miR-3117-3p,0.2216309756040573
Reperfusion Injury and Steatotic Liver Ischemia,hsa-miR-1245a,0.22161315381526947
Splenic Neoplasms,hsa-miR-3117-3p,0.22160477936267853
Guillain-Barre Syndrome,hsa-mir-8074,0.22159315645694733
Multiple Mitochondrial Dysfunctions Syndrome,hsa-miR-17-92,0.2215626984834671
Granulomatous Disease and Chronic,hsa-miR-17-92,0.2215525358915329
Dysentery and Bacillary,hsa-miR-3117-3p,0.2215236872434616
Deglutition Disorders,hsa-miR-3117-3p,0.22150231897830963
Adenocarcinoma Of Esophagus,hsa-miR-3117-3p,0.22149436175823212
Lysosomal Storage Diseases,hsa-miR-3117-3p,0.22148804366588593
Encephalitis and Tick-Borne,hsa-miR-193b-5p,0.22146667540073395
Canavan Disease,hsa-miR-193b-5p,0.22146545350551605
Lupus Vasculitis and Central Nervous System,hsa-miR-17-92,0.2214631885290146
Cervical   Spondylomyelopathy,hsa-miR-17-92,0.22146089375019073
Adenoviridae Infections,hsa-mir-8074,0.2214517742395401
Tibial Neuropathy,hsa-miR-17-92,0.2214469164609909
Short Qt Syndrome,hsa-miR-3117-3p,0.2214345782995224
Inflammation and Chronic,hsa-miR-17-92,0.22143198549747467
Reproductive Tract Infections,hsa-miR-3117-3p,0.22142674028873444
Asthma and Chronic,hsa-miR-17-92,0.22141782939434052
Hyperleptinemia,hsa-miR-193b-5p,0.22141776978969574
Spinal Diseases,hsa-miR-3117-3p,0.2214175909757614
Testicular Neoplasms,hsa-miR-3117-3p,0.22140736877918243
Multiple Mitochondrial Dysfunctions Syndrome,hsa-miR-193b-5p,0.22140200436115265
Aging and Premature,hsa-mir-8074,0.22140131890773773
Hyperaldosteronism,hsa-miR-3117-3p,0.22140078246593475
Urinary Calculi,hsa-miR-193b-5p,0.2213985174894333
Vaginosis and Bacterial,hsa-miR-17-92,0.2213924378156662
Lattice corneal dystrophy type 1,hsa-miR-17-92,0.22138537466526031
Echinococcosis and Hepatic,hsa-miR-193b-5p,0.2213328331708908
Urethritis,hsa-miR-193b-5p,0.22132103145122528
Chronic Inflammation,hsa-miR-193b-5p,0.22130782902240753
Inflammation and Chronic,hsa-miR-193b-5p,0.22127117216587067
Phyllodes Tumor and Breast,hsa-miR-193b-5p,0.221233531832695
Reperfusion Injury and Testicular Ischemia,hsa-miR-193b-5p,0.22121955454349518
Multiple Endocrine Neoplasia Type 1,hsa-miR-17-92,0.22116591036319733
Anaphylaxis,hsa-miR-17-92,0.2211029976606369
Chediak-Higashi Syndrome,hsa-miR-17-92,0.22109951078891754
Short Qt Syndrome,hsa-miR-17-92,0.22107090055942535
Testicular Neoplasms,hsa-miR-17-92,0.2210436910390854
Neuropathic Low Back Pain,hsa-let-7a-3p,0.22103433310985565
Juvenile gout,hsa-miR-193b-5p,0.22100864350795746
Cholestatic Liver Injury,hsa-miR-193b-5p,0.2209637314081192
Lymphoma and Nk-T-Cell,hsa-miR-193b-5p,0.22095198929309845
thyroid gland Hurthle cell carcinoma,hsa-miR-193b-5p,0.22093777358531952
Optic atrophy 1 and deafness,hsa-miR-193b-5p,0.2208615392446518
Wounds and Nonpenetrating,hsa-mir-873,0.22083990275859833
Congenital Abnormalities,mmu-miR-764-3p,0.2208147495985031
Rh Deficiency Syndrome,hsa-miR-4444,0.22033683955669403
Substance-Related Disorders,hsa-mir-8074,0.22026820480823517
Cardiomyopathy and Alcoholic,hsa-mir-8074,0.21984021365642548
Hypoglycemia,hsa-miR-3928-3p,0.2198239415884018
Placenta Accreta,hsa-miR-4511,0.2198077291250229
Heart Failure and Diastolic,hsa-miR-374a-3p,0.21975208818912506
Dilated Cardiomyopathy ,hsa-miR-181b-3p,0.21968691051006317
Death and Sudden,hsa-mir-8074,0.21913765370845795
familial chylomicronemia syndrome,hsa-miR-4511,0.2190827578306198
Vitreoretinochoroidopathy,hsa-miR-1284,0.21903906762599945
Lymphangioleiomyomatosis,hsa-mir-8074,0.21892167627811432
Still's Disease and Adult-Onset,hsa-miR-4443,0.21891887485980988
Iridocorneal Endothelial Syndrome,hsa-miR-223-5p,0.21877016127109528
Fatigue,hsa-miR-4511,0.2185448855161667
Abnormalities and Drug-Induced,hsa-mir-8074,0.21850891411304474
Iridocorneal Endothelial Syndrome,hsa-mir-8055,0.21834991872310638
hearing loss,hsa-mir-8074,0.21828176081180573
Brain Injuries,hsa-mir-8074,0.2181963175535202
Esophageal Neoplasms,hsa-mir-7844,0.21802781522274017
American Tegumentary Leishmaniasis,hsa-miR-4281,0.21756665408611298
Systemic Inflammatory Response Syndrome,hsa-miR-4511,0.21752525866031647
Classical Swine Fever,hsa-miR-4281,0.2174750119447708
Phyllodes Tumor and Breast,hsa-miR-4281,0.2173793762922287
Myocardial Dysfunction,hsa-miR-4281,0.2172728031873703
Chediak-Higashi Syndrome,hsa-miR-3154,0.2170947939157486
Amebiasis,hsa-miR-4281,0.21704159677028656
Amyloidosis and Hereditary and Transthyretin-Related,mmu-miR-708,0.2170300930738449
autosomal recessive congenital bilateral absence of vas deferens,mmu-miR-764-3p,0.2169790118932724
Multiple Mitochondrial Dysfunctions Syndrome,mmu-miR-744,0.2167947143316269
Autoimmune Diseases of the Nervous System,mmu-miR-744,0.21675045788288116
high grade glioma,hsa-mir-8074,0.2167392522096634
Classical Swine Fever,mmu-miR-744,0.21672199666500092
Lupus Vasculitis and Central Nervous System,mmu-miR-744,0.21669520437717438
Bronchiolitis Obliterans Syndrome,rno-miR-409-5p,0.2166496068239212
Reperfusion Injury and Testicular Ischemia,mmu-miR-744,0.2166122943162918
Intra-Articular Fractures,hsa-miR-150-5p,0.21659810841083527
Hearing Loss and Sensorineural,hsa-miR-4437,0.21658970415592194
Angioedemas and Hereditary,mmu-miR-744,0.216523215174675
Chronic   Pelvic Pain Syndrome,hsa-miR-329,0.2164759486913681
Spinal Cord Compression,mmu-miR-744,0.21643804013729095
Adenocarcinoma Of Esophagus,mmu-miR-744,0.2163625806570053
Wound Infection,hsa-miR-34a*,0.2163616567850113
Scleral Diseases,mmu-miR-744,0.2162982076406479
Reperfusion Injury and Testicular Ischemia,hsa-miR-329,0.21629302203655243
Amebiasis,mmu-miR-744,0.21628858149051666
D-bifunctional protein deficiency,hsa-miR-3117-3p,0.2161046713590622
Reperfusion Injury and Renal Ischemia,hsa-miR-4511,0.2160770446062088
Dilated Cardiomyopathy ,hsa-miR-365a-3p,0.21605823934078217
Fusariosis,hsa-miR-4444,0.21591629087924957
Heart Failure and Diastolic,hsa-miR-3117-3p,0.2157830446958542
Basal Ganglia Hemorrhage,hsa-miR-4482,0.21552492678165436
Diarrhea,hsa-miR-4511,0.21524865925312042
Dilated Cardiomyopathy ,hsa-miR-193b,0.21523113548755646
Guillain-Barre Syndrome,hsa-miR-4511,0.21523107588291168
Hemoglobin Bart'S Hydrops   Fetalis Syndrome,hsa-miR-4428,0.21520216763019562
Thyroid Diseases,hsa-miR-4428,0.21517877280712128
Benign Paroxysmal Positional Vertigo,hsa-miR-4428,0.21515341103076935
Abortion and Spontaneous,hsa-miR-4428,0.21514509618282318
Human Herpesvirus 6 encephalitis,hsa-miR-4428,0.2151237279176712
Bone Diseases,hsa-miR-4428,0.21511252224445343
Iridocorneal Endothelial Syndrome,hsa-miR-17-92,0.21510843932628632
Brain Neoplasms,hsa-miR-4428,0.21509917080402374
Autoimmune enteropathy,hsa-miR-4428,0.21509204804897308
Corneal Diseases,hsa-miR-4428,0.21508337557315826
Leigh Disease,hsa-miR-4428,0.2150656133890152
X-linked juvenile retinoschisis 1,hsa-miR-4428,0.21506236493587494
Genital Diseases and Male,hsa-miR-4428,0.2150620073080063
Multiple Sclerosis and Chronic Progressive,hsa-miR-4428,0.2150547355413437
Pleomorphic Sarcoma and Undifferentiated,hsa-miR-4428,0.21505220234394073
Halal syndrome,hsa-miR-4428,0.21505214273929596
Brain Damage and Chronic,hsa-miR-4428,0.21504943072795868
DNA Repair-Deficiency Disorders,hsa-miR-4428,0.21504919230937958
mucinous cystadenocarcinoma of pancreas,hsa-miR-4428,0.2150474339723587
Neuroleptic Malignant Syndrome,hsa-miR-4428,0.21504099667072296
AIDS Dementia Complex,hsa-miR-4428,0.21503986418247223
Aging and Premature,hsa-miR-4511,0.21503935754299164
Tracheal Diseases,hsa-miR-4428,0.21503449976444244
Oral Submucous Fibrosis,hsa-miR-4428,0.21503357589244843
Cervical Intraepithelial Neoplasia,hsa-miR-4428,0.215028777718544
Granulomatous Disease and Chronic,hsa-miR-324-5p,0.21502380073070526
Palatal Neoplasms,hsa-miR-4428,0.21502088010311127
Pleural Effusion and Malignant,hsa-miR-4428,0.21501396596431732
Shock and Septic,hsa-miR-4428,0.21500979363918304
Glaucoma,hsa-miR-4428,0.21500535309314728
Cryopyrin-Associated Periodic Syndromes,hsa-miR-4428,0.21500129997730255
Multiple Organ Failure,hsa-miR-4428,0.2149995118379593
Diabetic Keratopathy,hsa-miR-4428,0.2149970978498459
Cyprinid Herpesvirus 3,hsa-miR-4428,0.21499325335025787
Rhinitis and Allergic and Seasonal,hsa-miR-4428,0.21499072015285492
Colitis and Ulcerative,hsa-miR-4428,0.21498607099056244
ACTH-independent macronodular adrenal hyperplasia,hsa-miR-4428,0.2149854153394699
Hirschsprung Disease,hsa-miR-4428,0.21498145163059235
Neuropathic Lysosomal Storage Diseases,hsa-miR-4428,0.2149798721075058
Epilepsy and Post-Traumatic,hsa-miR-4428,0.21497784554958344
Eunuchism,hsa-miR-4428,0.21496565639972687
Cerebral Infarction,hsa-miR-4428,0.21496464312076569
Chromate Resistance,hsa-miR-4428,0.21496327221393585
Long Term Adverse Effects,hsa-miR-4428,0.2149590402841568
Arthrogryposis and ectodermal dysplasia,hsa-miR-4428,0.21495766937732697
Bicuspid Aortic Valve Disease,hsa-miR-4428,0.2149559110403061
Ventricular Dysfunction and Right,hsa-miR-4511,0.21494321525096893
Bacterial Infections,hsa-miR-4428,0.21493665874004364
Parathyroid Neoplasms,hsa-miR-4428,0.21492917835712433
Chagas Disease,hsa-miR-4428,0.2149246782064438
Urinary Retention,hsa-miR-4428,0.21489040553569794
Stress Disorders and Traumatic and Acute,hsa-mir-7844,0.21486885845661163
Hyperplasia,hsa-miR-4428,0.21486566960811615
Reperfusion Injury and Testicular Ischemia,hsa-miR-324-5p,0.214851513504982
Sleep Deprivation,hsa-miR-4428,0.21478496491909027
Brain Ischemia ,hsa-miR-4428,0.2147826999425888
Duodenal Ulcer,hsa-miR-4428,0.2147710770368576
Prostatitis and Chronic,hsa-miR-4428,0.21476726233959198
Blast Crisis,hsa-miR-4428,0.2147301882505417
Poisoning,hsa-miR-4428,0.21472252905368805
Bronchiectasis With Or Without Elevated Sweat Chloride 1,hsa-miR-4428,0.21471591293811798
vulva squamous cell carcinoma,hsa-miR-4428,0.21470411121845245
Hip Dislocation and Congenital,hsa-miR-4428,0.2146807461977005
Peritoneal Diseases,hsa-miR-4428,0.21467585861682892
Fatty Liver,hsa-miR-4428,0.2146724909543991
Still's Disease and Adult-Onset,hsa-miR-4459,0.2146688848733902
Encephalitis and Tick-Borne,hsa-miR-411,0.2146662324666977
Upper Tract Urothelial Carcinoma,hsa-miR-4428,0.2146369069814682
Neoplasms and Mesothelial,hsa-miR-411,0.21460019052028656
Cystoid Macular Edema and Diabetic,hsa-miR-4428,0.21459488570690155
Lentivirus Infections,hsa-miR-411,0.21458061039447784
UV-Sensitive Syndrome,hsa-miR-411,0.21456538140773773
Ventricular Premature Complexes,hsa-miR-4428,0.21454490721225739
Immunologic Deficiency Syndromes,hsa-miR-411,0.2145221084356308
Still's Disease and Adult-Onset,hsa-miR-4456,0.21451909840106964
autoimmune uveitis,hsa-miR-411,0.21449802815914154
Equine Infectious Anemia,hsa-miR-411,0.2144879549741745
Gastric Cancer and Early,hsa-mir-875,0.2144651859998703
X-Linked Combined Immunodeficiency Diseases,hsa-miR-411,0.21443502604961395
Vaginosis and Bacterial,hsa-miR-411,0.2144310623407364
Lattice corneal dystrophy type 1,hsa-miR-411,0.2144239991903305
Reperfusion Injury and Testicular Ischemia,hsa-miR-411,0.2144191414117813
Dilated Cardiomyopathy ,hsa-miR-3186-5p,0.21418727934360504
Lysosomal Storage Diseases,hsa-miR-411,0.21416310966014862
Chediak-Higashi Syndrome,hsa-miR-411,0.21413825452327728
Dilated Cardiomyopathy ,hsa-miR-147b,0.213982954621315
Anhedonia,hsa-miR-4482,0.2139066904783249
Amyloidosis and Hereditary and Transthyretin-Related,hsa-mir-8069,0.2136819213628769
Equine Infectious Anemia,hsa-miR-219a-1-3p,0.21361477673053741
Angioedemas and Hereditary,hsa-miR-219a-1-3p,0.21345676481723785
Heart   Transplant Rejection,mmu-miR-743a,0.21298165619373322
Pregnancy Complications and Infectious,rno-miR-409-5p,0.21296127140522003
Reperfusion Injury and Steatotic Liver Ischemia,hsa-miR-2392,0.21276216208934784
Ganglion Cysts,hsa-miR-4443,0.21273566782474518
Neoplasms and Mesothelial,hsa-miR-26b,0.2124180942773819
Granulomatous Disease and Chronic,hsa-miR-26b,0.21240918338298798
Central Nervous System Diseases,hsa-mir-873,0.21232648193836212
Asthma and Chronic,hsa-miR-129-2-3p,0.21229268610477448
Urinary Incontinence and Stress,hsa-miR-26b,0.21229170262813568
Venous Neointimal Hyperplasia,hsa-miR-26b,0.21224601566791534
Reperfusion Injury and Testicular Ischemia,hsa-miR-26b,0.2122369259595871
Transmissible Gastroenteritis,hsa-miR-26b,0.21220873296260834
Splenic Neoplasms,hsa-miR-4288,0.21220169961452484
Plaque and Amyloid,hsa-miR-3619,0.21215592324733734
Angioedemas and Hereditary,hsa-miR-26b,0.2121477574110031
Abnormalities and Drug-Induced,hsa-miR-4511,0.21214698255062103
Ganglion Cysts,mmu-miR-743a,0.21209140121936798
Lentivirus Infections,hcmv-miR-UL59,0.21208761632442474
Vitelliform Macular Dystrophy,hcmv-miR-UL59,0.21207492053508759
Autoimmune Diseases of the Nervous System,hcmv-miR-UL59,0.21206419169902802
Periodontitis and Diabetic,hcmv-miR-UL59,0.21204541623592377
Classical Swine Fever,hcmv-miR-UL59,0.21203573048114777
Sepsis and Intensive Care Unit-Acquired,hcmv-miR-UL59,0.21202783286571503
Lupus Vasculitis and Central Nervous System,hcmv-miR-UL59,0.21200893819332123
Inflammation and Chronic,hcmv-miR-UL59,0.2119777351617813
Asthma and Chronic,hcmv-miR-UL59,0.21196357905864716
Short Qt Syndrome,hsa-miR-26b,0.21192742884159088
Mycoplasma pneumoniae pneumonia,hsa-miR-26b,0.21190528571605682
Homozygous Familial Hypercholesterolemia,hsa-miR-26b,0.21190358698368073
Primary Gastrointestinal Diffuse Large B-Cell Lymphoma ,hcmv-miR-UL59,0.2119002491235733
Transmissible Gastroenteritis,hcmv-miR-UL59,0.2118978351354599
Corneal Allograft Rejection,hcmv-miR-UL59,0.21188946068286896
Gliosis,hcmv-miR-UL59,0.21187157928943634
Meniscus Degeneration,hsa-miR-3619,0.21180932223796844
Hemorrhagic Fever and Ebola,rno-miR-369-3p,0.21173767745494843
Thyroid Diseases,rno-miR-369-3p,0.21172039210796356
Reperfusion Injury and Testicular Ischemia,hsa-miR-3655,0.21170400083065033
Pediatric Cystic Fibrosis,rno-miR-369-3p,0.21170367300510406
sporatic amyotrophic lateral sclerosis,rno-miR-369-3p,0.2116970270872116
Ventricular Dysfunction and Left,rno-miR-369-3p,0.2116946429014206
Cholecystitis,rno-miR-369-3p,0.21167625486850739
Polycythemia Vera,rno-miR-369-3p,0.21167246997356415
Distal arthrogryposis type 2B,rno-miR-369-3p,0.21167121827602386
Tuberous Sclerosis 1,rno-miR-369-3p,0.21166957914829254
Malnutrition,rno-miR-369-3p,0.2116568237543106
Pars Planitis,rno-miR-369-3p,0.21165288984775543
Hyperpigmentation and Skin,rno-miR-369-3p,0.21165020763874054
Selenium Deficiency,rno-miR-369-3p,0.2116447240114212
Bradycardia,rno-miR-369-3p,0.211642786860466
Heart Septal Defects and Ventricular,rno-miR-369-3p,0.21164266765117645
Pain and Inflammatory,rno-miR-369-3p,0.21164242923259735
mitochondrial DNA depletion syndrome 4b,rno-miR-369-3p,0.21164201200008392
Thromboangiitis Obliterans,rno-miR-369-3p,0.21164025366306305
Adenomatous Polyposis Coli,rno-miR-369-3p,0.21163658797740936
Bovine Virus Diarrhea-Mucosal Disease,rno-miR-369-3p,0.21163634955883026
Noonan syndrome-like disorder with loose anagen hair,rno-miR-369-3p,0.2116314023733139
Acute  Kidney Injury,rno-miR-369-3p,0.21162863075733185
Hypospadias,rno-miR-369-3p,0.2116280347108841
Cerebral Intraventricular Hemorrhage,rno-miR-369-3p,0.21162645518779755
Dmd-Associated Dilated Cardiomyopathy,rno-miR-369-3p,0.21162466704845428
ACTH Syndrome and Ectopic,rno-miR-369-3p,0.2116241306066513
Wound Healing,rno-miR-369-3p,0.21162350475788116
Short Stature and Idiopathic and Autosomal,rno-miR-369-3p,0.21162278950214386
Simian Acquired Immunodeficiency Syndrome,rno-miR-369-3p,0.21161700785160065
Hepatopulmonary Syndrome,rno-miR-369-3p,0.21161647140979767
Albuminuria,rno-miR-369-3p,0.21161480247974396
Angioedemas and Hereditary,hsa-miR-3655,0.2116147130727768
Brachial Plexus Injury,rno-miR-369-3p,0.21160142123699188
Myocarditis,rno-miR-369-3p,0.21160106360912323
Autism Spectrum Disorder,rno-miR-369-3p,0.21159859001636505
Hepatitis A,rno-miR-369-3p,0.21159853041172028
Multiple Sclerosis and Chronic Progressive,rno-miR-369-3p,0.21159647405147552
Distal myopathy and Nonaka type,rno-miR-369-3p,0.211595818400383
Brain Damage and Chronic,rno-miR-369-3p,0.2115911990404129
Neural Tube Defects,rno-miR-369-3p,0.21158866584300995
Cholera,rno-miR-369-3p,0.2115839570760727
Neuroleptic Malignant Syndrome,rno-miR-369-3p,0.21158276498317719
Airway Inflammation,rno-miR-369-3p,0.21158184111118317
Parasitic Diseases,rno-miR-369-3p,0.21157385408878326
Cervical Intraepithelial Neoplasia,rno-miR-369-3p,0.21157054603099823
Ischemic Stroke and Diabetic,rno-miR-369-3p,0.211569681763649
Angelman Syndrome,rno-miR-369-3p,0.21156702935695648
Aneurysm,rno-miR-369-3p,0.21156372129917145
Sleep Apnea Syndromes,rno-miR-369-3p,0.21156324446201324
Coronary Restenosis,rno-miR-369-3p,0.21156252920627594
skin melanoma,rno-miR-369-3p,0.2115611881017685
Lumbosacral Spinal Root Avulsion,rno-miR-369-3p,0.2115604132413864
arteriosclerotic cardiovascular disease,rno-miR-369-3p,0.21155963838100433
Gastritis and Hypertrophic,rno-miR-369-3p,0.2115539163351059
Glomerulonephritis and Membranoproliferative,rno-miR-369-3p,0.21155326068401337
Bronchopulmonary Dysplasia,rno-miR-369-3p,0.2115519791841507
Giant Cell Arteritis,rno-miR-369-3p,0.211549773812294
familial febrile seizures 1,rno-miR-369-3p,0.2115473598241806
Alzheimer Disease ,rno-miR-369-3p,0.21154643595218658
Acne Vulgaris,rno-miR-369-3p,0.211544468998909
Heart Diseases and Congenital,rno-miR-369-3p,0.21153976023197174
SHORT syndrome,rno-miR-369-3p,0.21153463423252106
Pterygium,rno-miR-369-3p,0.21152646839618683
Psoriasis,rno-miR-369-3p,0.21152399480342865
Hirschsprung Disease,rno-miR-369-3p,0.21152310073375702
Hypertensive  Disorder Complicating Pregnancy,rno-miR-369-3p,0.21152259409427643
Carcinoma and Small Cell,rno-miR-369-3p,0.21152128279209137
Post-Dural Puncture Headache,rno-miR-369-3p,0.21151964366436005
Acromegaly,rno-miR-369-3p,0.21151669323444366
Keratitis and Herpetic,rno-miR-369-3p,0.21150942146778107
esophageal carcinoma,rno-miR-369-3p,0.21150846779346466
Growth Hormone-Secreting Pituitary Adenoma,rno-miR-369-3p,0.21150778234004974
paramyotonia congenita of Von Eulenburg,rno-miR-369-3p,0.2115059345960617
Chromate Resistance,rno-miR-369-3p,0.21150489151477814
Mastitis,rno-miR-369-3p,0.21150435507297516
Graves Disease,rno-miR-369-3p,0.21150057017803192
Arthrogryposis and ectodermal dysplasia,rno-miR-369-3p,0.21149928867816925
Bicuspid Aortic Valve Disease,rno-miR-369-3p,0.21149756014347076
Brain Injuries and Traumatic,rno-miR-369-3p,0.21149657666683197
Liver Failure,rno-miR-369-3p,0.21148671209812164
Glima,rno-miR-369-3p,0.2114841192960739
Lymphoma and T-Cell and Cutaneous,rno-miR-369-3p,0.21148063242435455
Bacterial Infections,rno-miR-369-3p,0.21147827804088593
Parathyroid Neoplasms,rno-miR-369-3p,0.211470827460289
Bronchial Hyperreactivity,rno-miR-369-3p,0.21146805584430695
Trypanosomiasis,rno-miR-369-3p,0.21145059168338776
Intracranial  Aneurysm,rno-miR-369-3p,0.21143843233585358
Pulmonary Eosinophilia,rno-miR-369-3p,0.21143825352191925
isolated cleft palate,hsa-miR-4444,0.21143664419651031
Neovascularization and Pathologic,rno-miR-369-3p,0.21143518388271332
Necrobiotic Disorders,rno-miR-369-3p,0.2114330679178238
Osteoporosis and Postmenopausal,rno-miR-369-3p,0.21143199503421783
Neoplasms and Germ Cell and Embryonal,rno-miR-369-3p,0.21142126619815826
Ear Diseases,rno-miR-369-3p,0.21141742169857025
FG syndrome,rno-miR-369-3p,0.2114158421754837
Intestinal Diseases,rno-miR-369-3p,0.21141399443149567
Scapuloperoneal Myopathy and X-Linked Dominant,rno-miR-369-3p,0.21141134202480316
Nervous Necrosis Virus Infectious,rno-miR-369-3p,0.21140821278095245
Hyperplasia,rno-miR-369-3p,0.21140728890895844
Thrombotic Stroke,rno-miR-369-3p,0.2113991230726242
Hallux Valgus,rno-miR-369-3p,0.21138833463191986
Neurosyphilis,rno-miR-369-3p,0.21138478815555573
Acute Pulmonary Embolism,rno-miR-369-3p,0.21135877072811127
Turner Syndrome,rno-miR-369-3p,0.2113465517759323
Sleep Deprivation,rno-miR-369-3p,0.21132661402225494
Chondrocalcinosis,rno-miR-369-3p,0.21131156384944916
Respiratory Distress Syndrome and Newborn,rno-miR-369-3p,0.21128977835178375
adhesions of uterus,rno-miR-369-3p,0.21128253638744354
Allograft Rejection and Antibody-Mediated,rno-miR-369-3p,0.21127484738826752
Blast Crisis,rno-miR-369-3p,0.21127180755138397
Heart Injuries,rno-miR-369-3p,0.21126718819141388
Platelet Storage Pool Deficiency,rno-miR-369-3p,0.21126364171504974
Lipodystrophy and Partial and Acquired,rno-miR-369-3p,0.21125413477420807
Heart Failure and Systolic,rno-miR-369-3p,0.21124984323978424
vulva squamous cell carcinoma,rno-miR-369-3p,0.21124576032161713
Hair Diseases,rno-miR-369-3p,0.21124286949634552
Lichen Sclerosus et Atrophicus,rno-miR-369-3p,0.21124009788036346
Bronchial Diseases,rno-miR-369-3p,0.2112378031015396
Hemangioma and Cavernous,rno-miR-369-3p,0.21123774349689484
Poikiloderma with Neutropenia,rno-miR-369-3p,0.21122105419635773
Fibrous Dysplasia of Bone,rno-miR-369-3p,0.21120823919773102
Nonsyndromic Deafness,rno-miR-369-3p,0.21119023859500885
Prolactinoma,rno-miR-369-3p,0.21118338406085968
Rectal Diseases,rno-miR-369-3p,0.21117572486400604
Paget Disease and Extramammary,rno-miR-369-3p,0.21117036044597626
Urologic Neoplasms,rno-miR-369-3p,0.21116580069065094
Coronavirus Infections,rno-miR-369-3p,0.21116410195827484
Salivary Gland Pleomorphic Adenoma,rno-miR-369-3p,0.21116380393505096
Kidney Diseases and Cystic,rno-miR-369-3p,0.21115688979625702
Rectal Injury,rno-miR-369-3p,0.21115584671497345
spondyloepimetaphyseal dysplasia and Strudwick type,rno-miR-369-3p,0.21114526689052582
Hepatitis E,rno-miR-369-3p,0.21114470064640045
Hypertension and Pregnancy-Induced,rno-miR-369-3p,0.2111404985189438
Myotonic Disorders,rno-miR-369-3p,0.21111883223056793
UV-Sensitive Syndrome,hsa-miR-3925,0.2108592838048935
Urinary Calculi,hsa-miR-1225,0.21083910763263702
Vitelliform Macular Dystrophy,hsa-miR-1225,0.2108089178800583
Autoimmune Diseases of the Nervous System,hsa-miR-1225,0.21079833805561066
Optic Nerve Glioma,hsa-miR-3925,0.21078355610370636
Neonatal Encephalopathy,hsa-miR-1225,0.2107326239347458
Arene Oxide Detoxification Defect,hsa-miR-1225,0.2107023447751999
Wound Infection,hsa-miR-1225,0.21069271862506866
Hemorrhagic Fever with Renal Syndrome,hsa-miR-4267,0.210623636841774
Lentivirus Infections,hsa-miR-4267,0.21060828864574432
Shprintzen Golberg craniosynostosis,hsa-miR-4267,0.21058695018291473
Splenic Neoplasms,hsa-miR-3925,0.21057377755641937
Angioedemas and Hereditary,hsa-miR-1225,0.21057109534740448
Periodontitis and Diabetic,hsa-miR-4267,0.21056629717350006
Immunologic Deficiency Syndromes,hsa-miR-4267,0.21054987609386444
Blood Coagulation Disorders and Traumatic and Acute,hsa-miR-4267,0.21054528653621674
Nevi and Melanomas,hsa-miR-4267,0.21054427325725555
Lymphohistiocytosis and Hemophagocytic,hsa-miR-4267,0.21052975952625275
Splenic Neoplasms,hsa-miR-1225,0.21052099764347076
Submandibular Gland Diseases,hsa-miR-4267,0.2105206698179245
Corneal Ulcer,hsa-miR-4267,0.2105204313993454
Neonatal Encephalopathy,hsa-miR-4267,0.21051926910877228
Optic Nerve Glioma,hsa-miR-4267,0.21051742136478424
Tibial Neuropathy,hsa-miR-4267,0.21051330864429474
Hereditary Autoinflammatory Diseases,hsa-miR-4267,0.21050699055194855
Tricuspid Valve Insufficiency,hsa-miR-4267,0.21045900881290436
Venous Neointimal Hyperplasia,hsa-miR-4267,0.2104559987783432
Human T-Cell Leukemia Virus Type 1 Infections,hsa-miR-1225,0.21045537292957306
Lattice corneal dystrophy type 1,hsa-miR-4267,0.21045179665088654
Reperfusion Injury and Testicular Ischemia,hsa-miR-4267,0.2104467898607254
Primary Gastrointestinal Diffuse Large B-Cell Lymphoma ,hsa-miR-4267,0.21042101085186005
high grade glioma,hsa-miR-4511,0.2103772908449173
Susac Syndrome,hsa-miR-4267,0.21033401787281036
Brugada Syndrome,hsa-miR-4267,0.2103337198495865
Juvenile gout,hsa-miR-4267,0.21023587882518768
ureteropelvic junction obstruction,hsa-miR-4267,0.21023358404636383
Her2-Positive Breast Cancer,hsa-miR-4267,0.21021123230457306
Cholestatic Liver Injury,hsa-miR-4267,0.21019093692302704
Lysosomal Storage Diseases,hsa-miR-4267,0.21019063889980316
Polyposis Syndrome and Hereditary Mixed and 1,hsa-miR-4267,0.21018873155117035
Tenon Fibroblasts,hsa-miR-4267,0.21018822491168976
Lymphoma and Nk-T-Cell,hsa-miR-4267,0.21017907559871674
Polymyalgia Rheumatica,hsa-miR-4267,0.21017752587795258
Pemphigus and Benign Familial,hsa-miR-4267,0.21017371118068695
Chediak-Higashi Syndrome,hsa-miR-4267,0.21016602218151093
Meniscus Degeneration,hsa-miR-4267,0.21016348898410797
Birth Weight,hsa-miR-4267,0.21013255417346954
Cestode Infections,hsa-miR-4267,0.21011947095394135
Placenta Accreta,hsa-miR-4428,0.20994393527507782
Orofacial Cleft,hsa-let-7a-1,0.20956064760684967
Granulomatous Disease and Chronic,hsa-let-7a-1,0.20942600071430206
Periodontitis and Diabetic,hsa-let-7a-1,0.2093731313943863
Asthma and Severe,hsa-let-7a-1,0.2093542367219925
Nevi and Melanomas,hsa-let-7a-1,0.20935122668743134
Equine Infectious Anemia,hsa-let-7a-1,0.20932255685329437
Peripheral Vascular Diseases,hsa-let-7a-1,0.2093033641576767
Tricuspid Valve Insufficiency,hsa-let-7a-1,0.2092660814523697
Retinitis Pigmentosa,hsa-let-7a-1,0.2092323750257492
Susac Syndrome,hsa-let-7a-1,0.2091408520936966
Osteolysis and Essential,hsa-miR-4428,0.2091224044561386
Urinary Calculi,hsa-miR-199a*-2,0.2090635746717453
Autoimmune Diseases of the Nervous System,hsa-miR-199a*-2,0.20902283489704132
Her2-Positive Breast Cancer,hsa-let-7a-1,0.20901818573474884
Classical Swine Fever,hsa-miR-199a*-2,0.20899446308612823
Nevi and Melanomas,hsa-miR-199a*-2,0.20898224413394928
Amyloidosis and Hereditary and Transthyretin-Related,hsa-miR-4437,0.2089601308107376
Ischemic Attack and Transient,hsa-miR-199a*-2,0.20895038545131683
Hereditary Autoinflammatory Diseases,hsa-miR-199a*-2,0.20894496142864227
Arene Oxide Detoxification Defect,hsa-miR-199a*-2,0.2089269608259201
Mycoplasma pneumoniae pneumonia,hsa-let-7a-1,0.2089221030473709
Autoimmune Pancreatitis,hsa-miR-199a*-2,0.20891331136226654
Phyllodes Tumor and Breast,hsa-miR-199a*-2,0.20889873802661896
Lattice corneal dystrophy type 1,hsa-miR-199a*-2,0.20888976752758026
Neutropenia,hsa-miR-199a*-2,0.2088712602853775
Angioedemas and Hereditary,hsa-miR-199a*-2,0.2087954729795456
Chediak-Higashi Syndrome,hsa-miR-3133,0.20876248180866241
Still's Disease and Adult-Onset,mmu-miR-708,0.2087557166814804
Reperfusion Injury and Steatotic Liver Ischemia,hsa-miR-374a-3p,0.2087251991033554
Human T-Cell Leukemia Virus Type 1 Infections,hsa-miR-199a*-2,0.20867998898029327
Dysentery and Bacillary,hsa-miR-199a*-2,0.20866425335407257
Polyposis Syndrome and Hereditary Mixed and 1,hsa-miR-199a*-2,0.20862670242786407
Heart Failure and Diastolic,hsa-miR-411,0.20845799148082733
Esophageal Neoplasms,mmu-miR-700-5p,0.20837007462978363
Intra-Articular Fractures,hsa-miR-181a-1*,0.20834191143512726
Pyelonephritis,hsa-miR-4511,0.2081865519285202
Chemical and Drug Induced Liver Injury and Chronic,hsa-miR-4444,0.20806507766246796
Multiple Mitochondrial Dysfunctions Syndrome,hsa-miR-1285-5p,0.20785273611545563
Echinococcosis and Hepatic,hsa-miR-1285-5p,0.20778365433216095
Classical Swine Fever,hsa-miR-1285-5p,0.20777998864650726
Multiple Mitochondrial Dysfunctions Syndrome,hsa-miR-433,0.20773781836032867
Nevi and Melanomas,hsa-miR-433,0.2076529711484909
Tibial Neuropathy,hsa-miR-433,0.20762203633785248
Carcinoma and Brown-Pearce,hsa-miR-30a,0.20756392180919647
Brugada Syndrome,hsa-miR-1285-5p,0.20755721628665924
Chronic   Pelvic Pain Syndrome,hsa-miR-30a,0.20752231776714325
Multiple Mitochondrial Dysfunctions Syndrome,hsa-miR-1975,0.20751942694187164
Posterior Segment Ocular Diseases,hsa-miR-433,0.20751236379146576
Vitelliform Macular Dystrophy,hsa-miR-1975,0.20748589932918549
hereditary fructose intolerance syndrome,hsa-mir-8080,0.20746691524982452
Human T-Cell Leukemia Virus Type 1 Infections,hsa-miR-1285-5p,0.20746563374996185
Nevi and Melanomas,hsa-miR-30a,0.20743687450885773
Blood Coagulation Disorders and Traumatic and Acute,hsa-miR-1975,0.20743562281131744
autoimmune uveitis,hsa-miR-30a,0.2074182778596878
Hypoglycemia,hsa-miR-412-5p,0.20740126073360443
Rhabdoid Tumor and Kidney,hsa-miR-30a,0.20739959180355072
Hereditary Autoinflammatory Diseases,hsa-miR-30a,0.20739959180355072
Inflammation and Chronic,hsa-miR-30a,0.20739085972309113
Tricuspid Valve Insufficiency,hsa-miR-1975,0.20734934508800507
Venous Neointimal Hyperplasia,hsa-miR-30a,0.20734848082065582
Posterior Segment Ocular Diseases,hsa-miR-30a,0.20729614794254303
Iridocorneal Endothelial Syndrome,hsa-miR-219a-1-3p,0.20727397501468658
thyroid gland Hurthle cell carcinoma,hsa-miR-433,0.20727358758449554
Diminished  Ovarian Reserve,hsa-miR-1975,0.2072688490152359
Encephalitis and Tick-Borne,hsa-miR-1283-1,0.20726348459720612
Rhabdoviridae Infections,hsa-miR-30a,0.2072325199842453
Amebiasis,hsa-miR-433,0.20723168551921844
Brugada Syndrome,hsa-miR-1975,0.2072240263223648
American Tegumentary Leishmaniasis,hsa-miR-1283-1,0.20721758902072906
Splenic Neoplasms,hsa-miR-30a,0.20720012485980988
Urinary Calculi,hsa-miR-1283-1,0.20719532668590546
Autoimmune Diseases of the Nervous System,hsa-miR-1283-1,0.2071545571088791
Periodontitis and Diabetic,hsa-miR-1283-1,0.2071359008550644
autosomal recessive osteopetrosis 7,hsa-miR-1283-1,0.207133486866951
Laryngeal Papillomas,hsa-miR-1283-1,0.2071198672056198
Immunologic Deficiency Syndromes,hsa-miR-1283-1,0.20711933076381683
Dysentery and Bacillary,hsa-miR-30a,0.20711876451969147
Chronic  Rhinosinusitis With Nasal Polyps,hsa-miR-1283-1,0.20710031688213348
Deglutition Disorders,hsa-miR-30a,0.2070973962545395
Cervical   Spondylomyelopathy,hsa-miR-1283-1,0.20709674060344696
Adenocarcinoma Of Esophagus,hsa-miR-30a,0.20708955824375153
Tibial Neuropathy,hsa-miR-1283-1,0.20708291232585907
Polyposis Syndrome and Hereditary Mixed and 1,hsa-miR-30a,0.20708133280277252
Hereditary Autoinflammatory Diseases,hsa-miR-1283-1,0.2070765644311905
thyroid gland Hurthle cell carcinoma,hsa-miR-296,0.20706523954868317
Adrenocortical Adenoma,hsa-miR-30a,0.20706187188625336
Fabry   Nephropathy,hsa-miR-1283-1,0.20703564584255219
Vaginosis and Bacterial,hsa-miR-1283-1,0.20702840387821198
Brain   Ventricle Enlargement,hsa-miR-1283-1,0.20702077448368073
Reperfusion Injury and Testicular Ischemia,hsa-miR-1283-1,0.2070164829492569
Cestode Infections,hsa-miR-30a,0.20701195299625397
Testicular Neoplasms,hsa-miR-30a,0.2070026844739914
Transmissible Gastroenteritis,hsa-miR-1283-1,0.20698831975460052
Diminished  Ovarian Reserve,hsa-miR-1283-1,0.20694832503795624
Angioedemas and Hereditary,hsa-miR-1283-1,0.20692719519138336
Reperfusion Injury and Steatotic Liver Ischemia,hsa-miR-3124,0.20688678324222565
Non-Segmental Vitiligo,hsa-miR-1283-1,0.20685656368732452
Human T-Cell Leukemia Virus Type 1 Infections,hsa-miR-1283-1,0.20681171119213104
Multiple Endocrine Neoplasia Type 1,hsa-miR-1283-1,0.20680202543735504
Dysentery and Bacillary,hsa-miR-1283-1,0.20679600536823273
Chediak-Higashi Syndrome,hsa-miR-1283-1,0.20673547685146332
thyroid gland Hurthle cell carcinoma,hsa-miR-1283-1,0.2067345827817917
Short Qt Syndrome,hsa-miR-1283-1,0.20670686662197113
Reproductive Tract Infections,hsa-miR-1283-1,0.20669905841350555
Hashimoto Disease,hsa-mir-873,0.20630984008312225
Labyrinth Diseases,hsa-miR-4428,0.20619674026966095
Hyperleptinemia,hsa-miR-3190-3p,0.20616285502910614
Lentivirus Infections,hsa-miR-3190-3p,0.20612598955631256
Fetal Hypoxia,hsa-miR-3190-3p,0.20607630908489227
Nevi and Melanomas,hsa-miR-3190-3p,0.20606188476085663
Amebiasis,hsa-miR-3917,0.2060425728559494
Inflammation and Chronic,hsa-miR-3190-3p,0.20601598918437958
Tricuspid Valve Insufficiency,hsa-miR-3190-3p,0.20597685873508453
Reperfusion Injury and Testicular Ischemia,hsa-miR-3190-3p,0.20596463978290558
Chronic  Rhinosinusitis With Nasal Polyps,hsa-miR-380*,0.2059427946805954
Chronic   Pelvic Pain Syndrome,hsa-miR-093,0.20588918030261993
Urinary Calculi,hsa-miR-093,0.20588521659374237
Vitelliform Macular Dystrophy,hsa-miR-093,0.20585505664348602
Periodontitis and Diabetic,hsa-miR-093,0.20582567155361176
Inflammation and Chronic,hsa-miR-093,0.2057577520608902
Arene Oxide Detoxification Defect,hsa-miR-093,0.20574833452701569
Tissue Adhesions,hsa-miR-093,0.20572985708713531
Adenocarcinoma Of Esophagus,hsa-miR-3190-3p,0.20571480691432953
Reperfusion Injury and Testicular Ischemia,hsa-miR-093,0.20570625364780426
Colonic Diseases,hsa-miR-093,0.20570434629917145
Pemphigus and Benign Familial,hsa-miR-3190-3p,0.20569132268428802
Adrenocortical Adenoma,hsa-miR-3190-3p,0.20568712055683136
Meniscus Degeneration,hsa-miR-3190-3p,0.20568110048770905
Iridocorneal Endothelial Syndrome,hcmv-miR-UL59,0.20565418899059296
Scleral Diseases,hsa-miR-3190-3p,0.2056504338979721
Intra-Articular Fractures,hsa-miR-376b-3p,0.2055765837430954
Myeloma Bone Disease,hsa-miR-4433-3p,0.20555149018764496
Posterior Segment Ocular Diseases,hsa-miR-4433-3p,0.20544938743114471
Chediak-Higashi Syndrome,hsa-miR-093,0.20542536675930023
Brugada Syndrome,hsa-miR-4433-3p,0.2053794115781784
Optic atrophy 1 and deafness,hsa-miR-093,0.20534823834896088
Arene Oxide Detoxification Defect,hsa-miR-103-as,0.2052658051252365
Meniscus Degeneration,hsa-miR-4433-3p,0.20520906150341034
Lentivirus Infections,hsa-miR-219-1-3p,0.20506088435649872
UV-Sensitive Syndrome,hsa-miR-219-1-3p,0.2050456553697586
Liposarcoma and Myxoid,hsa-miR-29b-1,0.2050318866968155
Myotonic Dystrophy,hsa-miR-219-1-3p,0.20501218736171722
Dilated Cardiomyopathy ,hsa-miR-30c-2,0.20497165620326996
Crisponi syndrome,hsa-miR-219-1-3p,0.20493318140506744
Venous Neointimal Hyperplasia,hsa-miR-29b-1,0.20486460626125336
Reperfusion Injury and Testicular Ischemia,hsa-miR-29b-1,0.20485539734363556
Neuropathic Allodynia,hsa-miR-29b-1,0.2048143893480301
Cardiomyopathy and Dilated,rno-miR-369-3p,0.20471452176570892
Human T-Cell Leukemia Virus Type 1 Infections,hsa-miR-29b-1,0.2046506255865097
Chediak-Higashi Syndrome,hsa-miR-29b-1,0.20457451045513153
Meniscus Degeneration,hsa-miR-29b-1,0.20457185804843903
Cestode Infections,hsa-miR-29b-1,0.2045278400182724
Electrocardiography and Ambulatory,hsa-miR-4267,0.20448239147663116
Reperfusion Injury and Steatotic Liver Ischemia,hsa-miR-17-92,0.2043922394514084
Penile Neoplasms,hsa-miR-4443,0.2043352872133255
Hypothyroidism,hsa-miR-450a-5p,0.20412983000278473
Ossification of the posterior longitudinal ligament of the spine,hsa-miR-4511,0.2040279060602188
Lymphoma and T-Cell and Peripheral,hsa-miR-4444,0.20384995639324188
Basal Ganglia Hemorrhage,hsa-miR-4511,0.2038278728723526
Rh Deficiency Syndrome,hsa-mir-7844,0.2036217302083969
Tachycardia,rno-miR-409-5p,0.20358766615390778
Vitreoretinochoroidopathy,hsa-miR-30b*,0.20333032310009003
Myocardial Fibrosis,mmu-miR-700-5p,0.20329336822032928
Neoplasms and Mesothelial,EBV-mir-BART8,0.20313964784145355
Urinary Calculi,EBV-mir-BART8,0.20313729345798492
Autoimmune Diseases of the Nervous System,EBV-mir-BART8,0.2030964344739914
Periodontitis and Diabetic,EBV-mir-BART8,0.2030777484178543
Myotonic Dystrophy,EBV-mir-BART8,0.2030712515115738
Fetal Hypoxia,EBV-mir-BART8,0.20307017862796783
Blood Coagulation Disorders and Traumatic and Acute,EBV-mir-BART8,0.20305697619915009
Hereditary Autoinflammatory Diseases,EBV-mir-BART8,0.2030186802148819
Myeloma Bone Disease,EBV-mir-BART8,0.2030174881219864
Arene Oxide Detoxification Defect,EBV-mir-BART8,0.20300056040287018
Mouth Diseases,EBV-mir-BART8,0.20299459993839264
Wound Infection,EBV-mir-BART8,0.2029910534620285
Edema,hsa-miR-1826,0.2029857188463211
Vaginosis and Bacterial,EBV-mir-BART8,0.20297040045261383
Encephalopathy and Bovine Spongiform,hsa-miR-4494,0.20295871794223785
Neutropenia,EBV-mir-BART8,0.20294497907161713
Transmissible Gastroenteritis,EBV-mir-BART8,0.20293016731739044
Hypertension and Portal,EBV-mir-BART8,0.2029254287481308
Diminished  Ovarian Reserve,EBV-mir-BART8,0.20289020240306854
Vitelliform Macular Dystrophy,hsa-miR-211-5p,0.20284919440746307
Brugada Syndrome,EBV-mir-BART8,0.20284540951251984
Chlamydia Infections,hsa-mir-8080,0.20283789932727814
Vasoplegia,EBV-mir-BART8,0.2027900665998459
Urticaria,EBV-mir-BART8,0.20270545780658722
Muscular Disorders and Atrophic,EBV-mir-BART8,0.20270444452762604
Polyposis Syndrome and Hereditary Mixed and 1,EBV-mir-BART8,0.2027004212141037
Pemphigus and Benign Familial,EBV-mir-BART8,0.2026851624250412
Adrenocortical Adenoma,EBV-mir-BART8,0.20268096029758453
Dilated Cardiomyopathy ,hsa-mir-8055,0.20261360704898834
Neuropathic Low Back Pain,hsa-miR-199a*-2,0.20259515941143036
Fractures and Bone,rno-miR-369-3p,0.2024848908185959
Encephalitis and Viral,rno-miR-369-3p,0.20246483385562897
Amebiasis,hsa-miR-211-5p,0.202376589179039
Abnormalities and Drug-Induced,hsa-miR-4428,0.20228318870067596
Chronic  Rhinosinusitis With Nasal Polyps,hsa-miR-4292,0.20221374928951263
Congenital amegakaryocytic thrombocytopenia,hcmv-miR-UL59,0.2021937519311905
Hereditary Autoinflammatory Diseases,hsa-miR-4292,0.20219002664089203
Hyperleptinemia,hsa-miR-186*,0.2021590918302536
Tricuspid Valve Insufficiency,hsa-miR-4292,0.20214204490184784
Urinary Calculi,hsa-miR-186*,0.20213983952999115
congenital nongoitrous hypothyroidism 4,rno-miR-369-3p,0.2021322101354599
Reperfusion Injury and Testicular Ischemia,hsa-miR-4292,0.20212982594966888
Vitelliform Macular Dystrophy,hsa-miR-186*,0.20210964977741241
Diminished  Ovarian Reserve,hsa-miR-4292,0.20206166803836823
Tibial Neuropathy,hsa-miR-186*,0.2020273059606552
Asthma and Chronic,hsa-miR-186*,0.20199821889400482
ovarian clear cell carcinoma,hsa-miR-186*,0.20199255645275116
Neutropenia,hsa-miR-186*,0.2019474059343338
Primary Gastrointestinal Diffuse Large B-Cell Lymphoma ,hsa-miR-186*,0.20193509757518768
Transmissible Gastroenteritis,hsa-miR-186*,0.20193271338939667
Campomelia Cumming type,rno-miR-369-3p,0.20188076794147491
Adrenocortical Adenoma,hsa-miR-4292,0.20185242593288422
Reperfusion Injury and Testicular Ischemia,hsa-miR-3912,0.20184411108493805
Spinal Cord Compression,hsa-miR-186*,0.20178650319576263
HIV-Associated Lipodystrophy Syndrome,mmu-miR-708,0.20173750817775726
Adenocarcinoma Of Esophagus,hsa-miR-186*,0.20171107351779938
Tenon Fibroblasts,hsa-miR-186*,0.20170222222805023
Chediak-Higashi Syndrome,hsa-miR-186*,0.201679989695549
Ventricular Dysfunction and Right,rno-miR-369-3p,0.20162107050418854
Transfusion Reaction,hsa-miR-4444,0.20136912167072296
Thyroiditis,mmu-miR-764-3p,0.20128275454044342
Nevi and Melanomas,hsa-miR-3126-5p,0.20127440989017487
Neonatal Encephalopathy,hsa-miR-3126-5p,0.20124955475330353
Joint Dislocations,hsa-miR-2355,0.2009982019662857
Meniscus Degeneration,hsa-miR-3126-5p,0.20089365541934967
Lupus Vasculitis and Central Nervous System,hsa-miR-2355,0.20088757574558258
Amebiasis,hsa-miR-3126-5p,0.20085324347019196
Chlamydia Infections,hsa-miR-4459,0.20076249539852142
Congenital amegakaryocytic thrombocytopenia,hsa-miR-4267,0.20071451365947723
Reperfusion Injury and Testicular Ischemia,hsa-miR-323b-3p,0.200299933552742
Urinary Calculi,hsa-miR-3669,0.20020966231822968
Vitelliform Macular Dystrophy,hsa-miR-3669,0.2001795917749405
Renal Artery Obstruction,hsa-miR-3669,0.20015893876552582
Pancreatic Beta-Cell Dysfunction,hsa-miR-3669,0.2001063972711563
Absent corpus callosum cataract immunodeficiency,hsa-miR-3669,0.20010174810886383
Inflammation and Chronic,hsa-miR-3669,0.2000821977853775
Venous Neointimal Hyperplasia,hsa-miR-3669,0.20003990828990936
Primary Gastrointestinal Diffuse Large B-Cell Lymphoma ,hsa-miR-3669,0.2000049203634262
Small-Bowel  Neuroendocrine Tumor,hsa-miR-3669,0.2000046819448471
Heart Failure and Diastolic,hsa-miR-3190-3p,0.20000337064266205
Posterior Segment Ocular Diseases,hsa-miR-3669,0.19998757541179657
Gliosis,hsa-miR-3669,0.19997628033161163
Splenic Neoplasms,hsa-miR-3669,0.19989143311977386
Spinal Cord Compression,hsa-miR-3669,0.1998564451932907
Ototoxicity,hsa-miR-3669,0.19978930056095123
Adenocarcinoma Of Esophagus,hsa-miR-3669,0.19978101551532745
Canavan Disease,hsa-miR-2681,0.19976554811000824
Severe Dengue,hsa-miR-4443,0.1997591108083725
Dilated Cardiomyopathy ,hsa-miR-3117-3p,0.19973580539226532
Premenstrual Syndrome,mmu-miR-743a,0.19972668588161469
hereditary fructose intolerance syndrome,mmu-miR-700-5p,0.19966740906238556
Diminished  Ovarian Reserve,hsa-miR-146a*,0.19966046512126923
Vitreoretinochoroidopathy,hsa-miR-30d-3p,0.1995973438024521
Rh Deficiency Syndrome,hsa-miR-4456,0.19953839480876923
Lattice corneal dystrophy type 1,hsa-miR-2681,0.1995246261358261
Juvenile gout,hsa-miR-146a*,0.19951771199703217
Severe Dengue,hsa-mir-7844,0.1994423121213913
Primary Aldosteronism ,hsa-miR-4443,0.19943158328533173
Classical Swine Fever,hsa-miR-4291,0.19912968575954437
Severe Dengue,mmu-miR-743a,0.19911475479602814
Hemangiosarcoma,hsa-miR-4291,0.1990555077791214
Reperfusion Injury and Testicular Ischemia,hsa-miR-4291,0.19902010262012482
Leukoencephalopathy and Progressive Multifocal,hsa-miR-433,0.19894231855869293
Iridocorneal Endothelial Syndrome,hsa-miR-29b-1,0.19858331978321075
Stomatitis and Aphthous,hsa-miR-4267,0.19851063191890717
Newcastle Disease,hsa-miR-4443,0.1984950453042984
Hereditary Autoinflammatory Diseases,hsa-miR-203b-3p,0.19847653806209564
Craniocerebral Trauma,hsa-miR-4443,0.19845916330814362
Arene Oxide Detoxification Defect,EBV-miR-BART3,0.1984262317419052
Reperfusion Injury and Testicular Ischemia,EBV-miR-BART3,0.1983841508626938
Intra-Articular Fractures,hsa-miR-3928-3p,0.19838263094425201
Esophageal Neoplasms,hsa-miR-4494,0.19837801158428192
Pyelonephritis,hsa-miR-4428,0.19832275807857513
Hypothyroidism,hsa-miR-4443,0.19809739291667938
Intra-Articular Fractures,hsa-miR-335-5p,0.1980474442243576
Adenocarcinoma Of Esophagus,hsa-miR-192-3p,0.19793649017810822
Newcastle Disease,mmu-miR-743a,0.19785065948963165
Hypothyroidism,hsa-mir-7844,0.19778071343898773
Granulomatous Disease and Chronic,EBV-miR-BART7,0.19761331379413605
Sepsis and Intensive Care Unit-Acquired,EBV-miR-BART7,0.1975429803133011
Tibial Neuropathy,EBV-miR-BART7,0.1975075751543045
Myeloma Bone Disease,EBV-miR-BART7,0.19750018417835236
Asthma and Chronic,EBV-miR-BART7,0.19747863709926605
Encephalitis Virus and Japanese,EBV-miR-BART7,0.19734807312488556
Autolysis,hsa-miR-4444,0.19731022417545319
Graft Occlusion and Vascular,hsa-miR-4511,0.19725053012371063
Dysentery and Bacillary,EBV-miR-BART7,0.19722066819667816
Gastric Cancer and Early,hsa-miR-4456,0.19721494615077972
Scleral Diseases,EBV-miR-BART7,0.19712711870670319
Still's Disease and Adult-Onset,hsa-miR-4482,0.19700492918491364
Urinary Calculi,hsa-miR-1271-3p,0.19680555164813995
Granulomatous Disease and Chronic,hsa-miR-1271-3p,0.19679899513721466
Myeloma Bone Disease,hsa-miR-3174,0.19676907360553741
Diminished  Ovarian Reserve,hsa-miR-132-3p,0.1967550367116928
Vitreoretinochoroidopathy,hsa-miR-4255,0.19675154983997345
Tricuspid Valve Insufficiency,hsa-miR-1271-3p,0.19663895666599274
Brugada Syndrome,hsa-miR-3174,0.1965968757867813
Hyperparathyroidism 2,hsa-miR-4444,0.1965578943490982
Skeletal Muscle Injury,hsa-let-7c_c,0.19653840363025665
Angioedemas and Hereditary,hsa-miR-1271-3p,0.19653742015361786
Canavan Disease,hsa-miR-134,0.19648222625255585
Urinary Calculi,hsa-miR-134,0.19641514122486115
Amebiasis,hsa-miR-3174,0.19638623297214508
Periodontitis and Diabetic,hsa-miR-26a-1*,0.19636870920658112
Chediak-Higashi Syndrome,hsa-miR-1271-3p,0.1963457316160202
Hereditary Autoinflammatory Diseases,hsa-miR-26a-1*,0.19630952179431915
Tibial Neuropathy,hsa-miR-134,0.19630272686481476
Testicular Neoplasms,hsa-miR-1271-3p,0.1962900310754776
Hepatocellular Carcinoma and Hbv-Related,rno-miR-326,0.19628460705280304
Hemangiosarcoma,hsa-miR-134,0.19627158343791962
Tricuspid Valve Insufficiency,hsa-miR-26a-1*,0.19626154005527496
Reperfusion Injury and Testicular Ischemia,hsa-miR-134,0.19623629748821259
Brugada Syndrome,hsa-miR-134,0.19612310826778412
Premenstrual Syndrome,hsa-miR-4459,0.19612069427967072
Scleral Diseases,hsa-miR-26a-1*,0.19593526422977448
Hypothyroidism,hsa-mir-8080,0.19592268764972687
Parkinson Disease and Secondary,hsa-mir-873,0.19585682451725006
Hypoglycemia,hsa-miR-3117-3p,0.1957923024892807
Encephalopathy and Bovine Spongiform,hsa-mir-8074,0.19567559659481049
Chlamydia Infections,mmu-miR-697,0.19561506807804108
Postoperative Nausea and Vomiting,hsa-miR-4446-5p,0.1953994184732437
Dilated Cardiomyopathy ,hsa-miR-4281,0.19535692036151886
Reperfusion Injury and Steatotic Liver Ischemia,hsa-miR-26b,0.1952487677335739
Plaque and Amyloid,hsa-miR-30c-2-3p,0.1950979381799698
Inflammation and Chronic,hsa-miR-30c-2-3p,0.19508640468120575
Stomatitis and Aphthous,hsa-miR-1283-1,0.19508011639118195
transient infantile liver failure,hsa-miR-30c-2-3p,0.1950700730085373
Lattice corneal dystrophy type 1,hsa-miR-30c-2-3p,0.19503985345363617
Reperfusion Injury and Testicular Ischemia,hsa-miR-30c-2-3p,0.1950349062681198
Myocardial Fibrosis,hsa-miR-4437,0.19503460824489594
Angioedemas and Hereditary,hsa-miR-30c-2-3p,0.19494561851024628
Encephalitis Virus and Japanese,hsa-miR-30c-2-3p,0.19494177401065826
Brugada Syndrome,hsa-miR-30c-1*,0.19483037292957306
Dilated Cardiomyopathy ,hsa-miR-320b-1,0.1948118954896927
Renal Artery Obstruction,hsa-miR-1255b,0.19478003680706024
Vitelliform Macular Dystrophy,hsa-miR-138-1*,0.19471590220928192
Meniscus Degeneration,hsa-miR-30c-1*,0.194660022854805
Thyroid cancer and medullary,hsa-miR-4443,0.19457970559597015
Splenic Neoplasms,hsa-miR-1255b,0.19451256096363068
Ganglion Cysts,hsa-miR-4437,0.19450245797634125
Spinal Cord Compression,hsa-miR-1255b,0.19447757303714752
Granulomatous Disease and Chronic,hsa-miR-1256,0.19437696039676666
Nevi and Melanomas,hsa-miR-1256,0.19430218636989594
Intra-Articular Fractures,hsa-miR-181b-3p,0.1943020075559616
Panic Disorder,hsa-miR-1256,0.1942417472600937
Wound Infection,hsa-miR-1256,0.1942373365163803
Phyllodes Tumor and Breast,hsa-miR-1256,0.1942187398672104
Rhabdoid Tumor and Kidney,hsa-miR-3682-3p,0.19414319097995758
Visceral Pain,hsa-miR-3682-3p,0.19413693249225616
Inflammation and Chronic,hsa-miR-3682-3p,0.19413457810878754
Heart Failure and Diastolic,hsa-miR-3669,0.19406954944133759
Neutropenia,hsa-miR-3682-3p,0.19406954944133759
Angioedemas and Hereditary,hsa-miR-3682-3p,0.19399388134479523
Stomatognathic Diseases,hsa-miR-1284,0.19398657977581024
Gastrointestinal Neoplasms,hsa-miR-4494,0.19398079812526703
Rh Deficiency Syndrome,mmu-miR-700-5p,0.19396407902240753
Adenocarcinoma Of Esophagus,hsa-miR-1256,0.1939549595117569
West Nile Fever,hsa-miR-3682-3p,0.19380678236484528
Rh Deficiency Syndrome,mmu-miR-708,0.19377516210079193
Myotonic Dystrophy,hsa-miR-3193,0.1937529295682907
Noma,hsa-miR-4444,0.19372166693210602
HIV-Associated Lipodystrophy Syndrome,hsa-miR-4437,0.19366754591464996
Myotonic Dystrophy,hsa-miR-1322,0.193321093916893
Vitreoretinochoroidopathy,hsa-miR-150-5p,0.19330494105815887
Myocardial Fibrosis,hsa-miR-4494,0.19330130517482758
Stress Disorders and Traumatic and Acute,hsa-miR-4482,0.19327138364315033
Encephalitis and Tick-Borne,hsa-miR-1909-3p,0.19295604526996613
Hyperleptinemia,hsa-miR-190b,0.1928853839635849
isolated cleft palate,hsa-mir-8080,0.19286327064037323
Plasmablastic Lymphoma,hsa-miR-4497,0.19276393949985504
Phyllodes Tumor,mmu-miR-764-3p,0.19274871051311493
Reperfusion Injury and Testicular Ischemia,hsa-miR-208,0.19266267120838165
Equine Infectious Anemia,hsa-miR-323-5p,0.19256602227687836
Skeletal Muscle Dysplasia,hsa-miR-1-5p,0.1925382763147354
Scleral Diseases,hsa-miR-320e-1095,0.1922176331281662
Multiple Mitochondrial Dysfunctions Syndrome,hsa-miR--196a-2,0.19213007390499115
Neoplasms and Mesothelial,hsa-miR--196a-2,0.19212879240512848
Granulomatous Disease and Chronic,hsa-miR--196a-2,0.19211988151073456
Renal Artery Obstruction,hsa-miR--196a-2,0.19207574427127838
Costello Syndrome,hsa-mir-873,0.192069873213768
Lupus Vasculitis and Central Nervous System,hsa-miR--196a-2,0.19203047454357147
Tibial Neuropathy,hsa-miR--196a-2,0.19201411306858063
Hereditary Autoinflammatory Diseases,hsa-miR--196a-2,0.19200782477855682
Vaginosis and Bacterial,hsa-miR--196a-2,0.19195960462093353
Canavan Disease,hsa-miR-338-5p,0.1917775720357895
Liposarcoma and Myxoid,hsa-miR-338-5p,0.19170819222927094
Brugada Syndrome,hsa-miR-1247-5p,0.1917078047990799
Autoimmune Diseases of the Nervous System,hsa-miR-338-5p,0.19166971743106842
Skeletal Muscle Injury,hsa-miR-130b,0.19166778028011322
thyroid gland Hurthle cell carcinoma,hsa-miR--196a-2,0.19166578352451324
Meniscus Degeneration,hsa-miR--196a-2,0.1916642040014267
Short Qt Syndrome,hsa-miR--196a-2,0.1916380673646927
Nevi and Melanomas,hsa-miR-338-5p,0.191629096865654
Equine Infectious Anemia,hsa-miR-338-5p,0.1916004866361618
Hereditary Autoinflammatory Diseases,hsa-miR-338-5p,0.19159187376499176
Equine Infectious Anemia,hsa-miR-130b,0.19157342612743378
Inflammation and Chronic,hsa-miR-130b,0.19155623018741608
Arene Oxide Detoxification Defect,hsa-miR-130b,0.1915467530488968
Renal Artery Obstruction,hsa-miR-422b,0.19151939451694489
Retinitis Pigmentosa,hsa-miR-338-5p,0.19151021540164948
Reperfusion Injury and Testicular Ischemia,hsa-miR-130b,0.1915046125650406
Posterior Segment Ocular Diseases,hsa-miR-338-5p,0.19148854911327362
Hereditary Autoinflammatory Diseases,hsa-miR-422b,0.19145147502422333
Angioedemas and Hereditary,hsa-miR-130b,0.1914154440164566
Splenic Neoplasms,hsa-miR-338-5p,0.1913924366235733
Urinary Calculi,hsa-miR-320c,0.1913921982049942
Primary Gastrointestinal Diffuse Large B-Cell Lymphoma ,hsa-miR-422b,0.19136549532413483
Myocardial Fibrosis,hsa-miR-4482,0.19135363399982452
Diminished  Ovarian Reserve,hsa-miR-422b,0.19132308661937714
Angioedemas and Hereditary,hsa-miR-422b,0.19130201637744904
Adenocarcinoma Of Esophagus,hsa-miR-338-5p,0.19128189980983734
Osteoarthritis ,hsa-miR-338-5p,0.1912689059972763
Visceral Pain,hsa-miR-320c,0.19126717746257782
Intra-Articular Fractures,hsa-miR-1245a,0.19120801985263824
Amebiasis,hsa-miR-338-5p,0.1912079006433487
Testicular Neoplasms,hsa-miR-338-5p,0.19119496643543243
Amebiasis,hsa-miR-130b,0.19118081033229828
Iridocorneal Endothelial Syndrome,EBV-miR-BART7,0.19116921722888947
Chemical and Drug Induced Liver Injury and Chronic,mmu-miR-743a,0.19102217257022858
Polyposis Syndrome and Hereditary Mixed and 1,hsa-miR-320c,0.1909552365541458
Amebiasis,hsa-miR-320c,0.19088946282863617
Neonatal Sepsis,mmu-miR-676-3p,0.19083689153194427
Reperfusion Injury and Testicular Ischemia,hsa-miR-351,0.19081805646419525
Posterior Segment Ocular Diseases,hsa-miR-351,0.1907748132944107
Intra-Articular Fractures,hsa-miR-365a-3p,0.19067330658435822
Adenocarcinoma Of Esophagus,hsa-miR-351,0.1905682235956192
Sialic Acid Storage Disease,hsa-miR-4459,0.19052444398403168
Sialic Acid Storage Disease,hsa-miR-4456,0.19037477672100067
Iridocorneal Endothelial Syndrome,hsa-miR-1271-3p,0.19035477936267853
Reperfusion Injury and Steatotic Liver Ischemia,hsa-miR-1975,0.19034884870052338
Dilated Cardiomyopathy ,hsa-miR-3135a,0.19034789502620697
Thyroid cancer and medullary,hsa-miR-4459,0.19032971560955048
Primary Aldosteronism ,mmu-miR-697,0.19003380835056305
hereditary fructose intolerance syndrome,rno-miR-352,0.19002984464168549
Heart   Transplant Rejection,hsa-miR-4439,0.18993429839611053
Wiskott-Aldrich Syndrome,rno-miR-27a,0.1899171620607376
Hemoglobin Bart'S Hydrops   Fetalis Syndrome,rno-miR-27a,0.18991531431674957
Myasthenia Gravis with Thymus Hyperplasia,rno-miR-27a,0.18989337980747223
Kidney Neoplasms,rno-miR-27a,0.18989260494709015
Obstetric Labor Complications,rno-miR-27a,0.18988339602947235
Interstitial Fibrosis and Renal,rno-miR-27a,0.18988226354122162
Hypocalciuric hypercalcemia and familial and type 1,rno-miR-27a,0.1898648589849472
Abortion and Spontaneous,rno-miR-27a,0.18985821306705475
Familial primary gastric lymphoma,rno-miR-27a,0.18985502421855927
recessive dystrophic epidermolysis bullosa,rno-miR-27a,0.18985490500926971
Lumbar Disc   Herniation,rno-miR-27a,0.1898529976606369
Parkinsonian Disorders,rno-miR-27a,0.18984563648700714
Polycythemia Vera,rno-miR-27a,0.1898440271615982
Hematoma and Subdural and Chronic,rno-miR-27a,0.18983708322048187
Postoperative Complications,rno-miR-27a,0.18983294069766998
Leukemia and Large Granular Lymphocytic,rno-miR-27a,0.1898299902677536
Hyperpigmentation and Skin,rno-miR-27a,0.18982167541980743
Facial Nerve Injuries,rno-miR-27a,0.18982137739658356
Thyroid Carcinoma and Anaplastic,rno-miR-27a,0.18981944024562836
Hepatorenal Syndrome,rno-miR-27a,0.18981878459453583
Eosinophilic enteropathy,rno-miR-27a,0.18981541693210602
Adiposis Dolorosa,rno-miR-27a,0.18981511890888214
Arm Lymphedema,rno-miR-27a,0.18981458246707916
Heart Septal Defects and Ventricular,rno-miR-27a,0.18981416523456573
Gynatresia,rno-miR-27a,0.18981404602527618
mitochondrial DNA depletion syndrome 4b,rno-miR-27a,0.1898135393857956
Brain Neoplasms,rno-miR-27a,0.1898122876882553
Carcinoma and Squamous Cell and Cutaneous,rno-miR-27a,0.18981121480464935
Cardiomyopathy and Dilated and with Left Ventricular Noncompaction,rno-miR-27a,0.1898096352815628
Depressive Disorder,rno-miR-27a,0.18980903923511505
Fibrous Dysplasia and Polyostotic,rno-miR-27a,0.18980886042118073
Neoplasms and Multiple Primary,rno-miR-27a,0.1898084431886673
Cancer-Associated Cachexia,rno-miR-27a,0.18980808556079865
Bovine Virus Diarrhea-Mucosal Disease,rno-miR-27a,0.18980787694454193
Dehydration,rno-miR-27a,0.18980757892131805
Meniere Disease,rno-miR-27a,0.18980692327022552
Corneal Injuries,rno-miR-27a,0.1898053139448166
Polyposis Syndrome and Hereditary Mixed and 1,hsa-miR-320c-1,0.18980444967746735
ovary adenocarcinoma,rno-miR-27a,0.18980072438716888
Acute  Kidney Injury,rno-miR-27a,0.18980012834072113
Hypospadias,rno-miR-27a,0.18979953229427338
Corneal Diseases,rno-miR-27a,0.18979646265506744
ACTH Syndrome and Ectopic,rno-miR-27a,0.18979565799236298
Short Stature and Idiopathic and Autosomal,rno-miR-27a,0.18979428708553314
Post-Cardiac Arrest Syndrome,rno-miR-27a,0.1897888034582138
Li-Fraumeni syndrome 1,rno-miR-27a,0.18978692591190338
Sarcoma and Ewing,rno-miR-27a,0.18978650867938995
Bloom Syndrome,rno-miR-27a,0.18978537619113922
Welander distal myopathy and Swedish type,rno-miR-27a,0.1897844523191452
Growth Disorders,rno-miR-27a,0.1897791177034378
Leigh Disease,rno-miR-27a,0.1897788792848587
Aortic Diseases,rno-miR-27a,0.1897776573896408
Sepsis Induced Liver Injury,rno-miR-27a,0.18977569043636322
Hyperkalemia,rno-miR-27a,0.1897754818201065
Pelvic Floor Disorders,rno-miR-27a,0.18977375328540802
Encephalomyelitis and Enzootic Porcine,rno-miR-27a,0.18976826965808868
Multiple Sclerosis and Chronic Progressive,rno-miR-27a,0.1897679716348648
Thoracic Aortic   Dissection,rno-miR-27a,0.18976663053035736
Osteochondromatosis,rno-miR-27a,0.18976400792598724
DNA Repair-Deficiency Disorders,rno-miR-27a,0.18976236879825592
Status Epilepticus,rno-miR-27a,0.18976213037967682
Hyperparathyroidism and Primary,rno-miR-27a,0.1897619515657425
Cumulative Trauma Disorders,rno-miR-27a,0.1897604912519455
Kidney Calculi,rno-miR-27a,0.18975965678691864
Fibroadenoma,rno-miR-27a,0.1897575408220291
Primary Graft Dysfunction,rno-miR-27a,0.18975599110126495
Airway Inflammation,rno-miR-27a,0.18975327908992767
AIDS Dementia Complex,rno-miR-27a,0.18975304067134857
Complex Regional Pain Syndromes,rno-miR-27a,0.1897498518228531
Tracheal Diseases,rno-miR-27a,0.1897476762533188
Parasitic Diseases,rno-miR-27a,0.1897452026605606
Heart Septal Defects and Atrial,rno-miR-27a,0.18974243104457855
Aspergillosis and Allergic Bronchopulmonary,rno-miR-27a,0.18973936140537262
Ovarian Insufficiency and Premature,rno-miR-27a,0.1897387057542801
Amebiasis,hsa-miR-320c-1,0.18973858654499054
Central Nervous System Bacterial Infections,rno-miR-27a,0.18973682820796967
Wasting Disease and Chronic,rno-miR-27a,0.18973581492900848
Hind Limb Ischemia,rno-miR-27a,0.1897280365228653
Neurofibromatosis 2,rno-miR-27a,0.1897263079881668
Glomerulonephritis and Membranoproliferative,rno-miR-27a,0.18972466886043549
Hyperalgesia,rno-miR-27a,0.18972443044185638
Cerebral Cortical Thinning,rno-miR-27a,0.18972431123256683
Infant and Newborn and Diseases,rno-miR-27a,0.18972425162792206
Fibrosarcoma,rno-miR-27a,0.18972347676753998
Thymic epithelial tumor,rno-miR-27a,0.1897185891866684
polycystic kidney disease 3,rno-miR-27a,0.189717635512352
Spermatic Cord Torsion,rno-miR-27a,0.18971611559391022
High Grade Ovarian Neoplasms,rno-miR-27a,0.1897146850824356
Seizures,rno-miR-27a,0.18971262872219086
Cirrhotic Cardiomyopathy,rno-miR-27a,0.1897120326757431
Sick Sinus Syndrome,rno-miR-27a,0.18970806896686554
Nephrosis and Lipoid,rno-miR-27a,0.18970750272274017
Jaw Abnormalities,rno-miR-27a,0.18970666825771332
Pyruvate Kinase Deficiency of Red Cells,rno-miR-27a,0.18970654904842377
SHORT syndrome,rno-miR-27a,0.18970607221126556
Hcv Associated Disorders,rno-miR-27a,0.18970312178134918
Kidney Transplant Rejection,rno-miR-27a,0.189702108502388
Nephrosclerosis,rno-miR-27a,0.1897018700838089
Yellow Nail Syndrome,rno-miR-27a,0.1897008866071701
Salpingitis,rno-miR-27a,0.1896992176771164
Testicular Diseases,rno-miR-27a,0.18969552218914032
Megalencephalic leukoencephalopathy with subcortical cysts,rno-miR-27a,0.18969421088695526
Rosacea,rno-miR-27a,0.18969403207302094
Hypertensive  Disorder Complicating Pregnancy,rno-miR-27a,0.18969403207302094
Neuropathic Lysosomal Storage Diseases,rno-miR-27a,0.18969301879405975
Vascular Remodeling,rno-miR-27a,0.18969283998012543
Kidney Failure and Chronic,rno-miR-27a,0.18969185650348663
Rhinitis and Allergic,rno-miR-27a,0.18968914449214935
Polythelia and Familial,rno-miR-27a,0.18968723714351654
Polycythemia and High Altitude,rno-miR-27a,0.1896863728761673
Canine Mammary Carcinoma,rno-miR-27a,0.18968619406223297
Autistic Disorder,rno-miR-27a,0.18968577682971954
Arthritis,rno-miR-27a,0.18967945873737335
Growth Hormone-Secreting Pituitary Adenoma,rno-miR-27a,0.18967927992343903
Skin Neoplasms,rno-miR-27a,0.18967826664447784
Chromate Resistance,rno-miR-27a,0.18967638909816742
Brain Infarction,rno-miR-27a,0.1896735578775406
Graves Disease,rno-miR-27a,0.18967212736606598
Infarction and Middle Cerebral Artery,rno-miR-27a,0.1896718591451645
Gastric And Colon Cancer,rno-miR-27a,0.18966953456401825
Bicuspid Aortic Valve Disease,rno-miR-27a,0.18966902792453766
Endophthalmitis,rno-miR-27a,0.18966583907604218
Cardiomyopathy dilated with woolly hair and keratoderma,rno-miR-27a,0.1896619349718094
Liver Cirrhosis and Hepatitis Virus B-Related,rno-miR-27a,0.18965785205364227
gastric cardia adenocarcinoma,rno-miR-27a,0.1896575540304184
Clubfoot,rno-miR-27a,0.18965266644954681
Hyperlipoproteinemia Type II,rno-miR-27a,0.18965043127536774
Endotoxemia,rno-miR-27a,0.18964864313602448
ovarian carcinoma,rno-miR-27a,0.18964381515979767
Aortic Aneurysm,rno-miR-27a,0.1896418184041977
Bronchial Hyperreactivity,rno-miR-27a,0.18963952362537384
Brain Injury and Chronic,rno-miR-27a,0.1896389275789261
Bone Pain,rno-miR-27a,0.18963851034641266
Chagas Disease,rno-miR-27a,0.18963785469532013
Tetralogy of Fallot,rno-miR-27a,0.1896311193704605
Turcot syndrome,rno-miR-27a,0.18963001668453217
Burns,rno-miR-27a,0.1896207481622696
Neutropenia,hsa-miR-23b*,0.18961401283740997
Mycobacterium Infections and Nontuberculous,rno-miR-27a,0.18961383402347565
Cervical Cancer and Hpv Infected,rno-miR-27a,0.18961183726787567
Intracranial  Aneurysm,rno-miR-27a,0.1896098405122757
Pulmonary Eosinophilia,rno-miR-27a,0.18960978090763092
Bk Virus Infections,rno-miR-27a,0.18960703909397125
Venous Thromboembolism,rno-miR-27a,0.1896054595708847
Osteoporosis and Postmenopausal,rno-miR-27a,0.1896035224199295
Osteonecrosis,rno-miR-27a,0.18960149586200714
Severe Dengue,mmu-miR-708,0.18959598243236542
Carcinoma and Merkel Cell,rno-miR-27a,0.1895909458398819
Cartilage Degradation,rno-miR-27a,0.1895909458398819
Psychotic Disorders,rno-miR-27a,0.18958552181720734
Scapuloperoneal Myopathy and X-Linked Dominant,rno-miR-27a,0.18958280980587006
Otofaciocervical Syndrome,rno-miR-27a,0.18958072364330292
Azoospermia and Nonobstructive,rno-miR-27a,0.18957607448101044
Myocardial Fibrosis,hsa-miR-4439,0.18957598507404327
Primary Ovarian Insufficiency,rno-miR-27a,0.18957559764385223
Kartagener Syndrome,rno-miR-27a,0.18956591188907623
Dermatitis and Allergic Contact,rno-miR-27a,0.18956570327281952
Hypersensitivity and Immediate,rno-miR-27a,0.18956492841243744
Trachoma,rno-miR-27a,0.18956036865711212
Neurosyphilis,rno-miR-27a,0.18955619633197784
Ventricular Dysfunction,rno-miR-27a,0.18955405056476593
Fusariosis,mmu-miR-700-5p,0.18954353034496307
Endocrine System Diseases,rno-miR-27a,0.18954350054264069
Muscular Diseases,rno-miR-27a,0.1895325928926468
Hemorrhoids,rno-miR-27a,0.18953163921833038
Acute Pulmonary Embolism,rno-miR-27a,0.18953023850917816
Neoplasms and Glandular and Epithelial,rno-miR-27a,0.18952946364879608
Osteoporosis-pseudoglioma syndrome,rno-miR-27a,0.18952737748622894
Peripartum Cardiomyopathy ,rno-miR-27a,0.18952392041683197
Hydrocephalus,rno-miR-27a,0.18951965868473053
Stress Disorders and Traumatic,rno-miR-27a,0.18951551616191864
Extra-Hepatic Portal Venous  Obstruction ,rno-miR-27a,0.18949823081493378
Brain Ischemia ,rno-miR-27a,0.1894957572221756
Coronary Stenosis,rno-miR-27a,0.1894935816526413
Duodenal Ulcer,rno-miR-27a,0.1894841343164444
Encephalomyelitis and Acute Disseminated,rno-miR-27a,0.18947865068912506
Facial Nerve Diseases,rno-miR-27a,0.18946866691112518
Oligospermia,rno-miR-27a,0.18946100771427155
Calcinosis,rno-miR-27a,0.18945704400539398
Blast Crisis,rno-miR-27a,0.18944324553012848
Hepatitis and Chronic,rno-miR-27a,0.18944312632083893
Tourette Syndrome,rno-miR-27a,0.18944041430950165
Leukemia and Myeloid and Chronic and Atypical and BCR-ABL Negative,rno-miR-27a,0.1894398182630539
Heart Injuries,rno-miR-27a,0.18943868577480316
Platelet Storage Pool Deficiency,rno-miR-27a,0.18943504989147186
Suppuration,rno-miR-27a,0.1894349306821823
Oophoritis,rno-miR-27a,0.18942667543888092
Polycythemia,rno-miR-27a,0.18942464888095856
Leukemia and Monocytic and Acute,rno-miR-27a,0.18942378461360931
Prosthesis Failure,rno-miR-27a,0.189423605799675
Trophoblastic Neoplasms,rno-miR-27a,0.1894189864397049
Gluteal Muscle Contracture,rno-miR-27a,0.18941740691661835
Darier Disease,rno-miR-27a,0.18941639363765717
Uterine Diseases,rno-miR-27a,0.18941543996334076
Schopf-Schulz-Passarge Syndrome,rno-miR-27a,0.18941520154476166
Nephrocalcinosis,rno-miR-27a,0.189413383603096
Lichen Sclerosus et Atrophicus,rno-miR-27a,0.18941156566143036
Hemangioma and Cavernous,rno-miR-27a,0.18940918147563934
Depression and Post Stroke,rno-miR-27a,0.18940766155719757
Arteriosclerosis,rno-miR-27a,0.1894044727087021
Granulosa Cell Tumor,rno-miR-27a,0.18940351903438568
Early Embryonic Arrestdagger,rno-miR-27a,0.1894012838602066
HTLV-II Infections,rno-miR-27a,0.18939580023288727
Migraine Disorders,rno-miR-27a,0.18939261138439178
Microvascular Obstruction,rno-miR-27a,0.18938978016376495
Oculocutaneous Albinism Type 3,rno-miR-27a,0.18938948214054108
Sexual Dysfunctions and Psychological,rno-miR-27a,0.18938495218753815
Digestive System Diseases,rno-miR-27a,0.1893727332353592
Nonsyndromic Deafness,rno-miR-27a,0.1893617957830429
White Dot Syndromes,rno-miR-27a,0.18935956060886383
Rotavirus Infections,rno-miR-27a,0.18935637176036835
Tongue Neoplasms,rno-miR-27a,0.1893543154001236
Bipolar Disorder,rno-miR-27a,0.18935389816761017
Intracranial Arteriosclerosis,rno-miR-27a,0.18935342133045197
Upper Tract Urothelial Carcinoma,rno-miR-27a,0.18935011327266693
Emphysema,rno-miR-27a,0.18934936821460724
Lung Carcinoid,rno-miR-27a,0.18934683501720428
Sarcopenia,rno-miR-27a,0.1893460601568222
Paget Disease and Extramammary,rno-miR-27a,0.18934179842472076
Salivary Gland Pleomorphic Adenoma,rno-miR-27a,0.18933524191379547
Arteriosclerosis Obliterans,rno-miR-27a,0.18933214247226715
Varicose Veins,rno-miR-27a,0.18932752311229706
Rectal Injury,rno-miR-27a,0.18932728469371796
Hypertension and Renal,rno-miR-27a,0.18932421505451202
Encephalopathy and Bovine Spongiform,hsa-miR-4511,0.1893138736486435
Xerostomia,rno-miR-27a,0.18931378424167633
Amelogenesis Imperfecta,rno-miR-27a,0.18929423391819
Lung Diseases and Interstitial,rno-miR-27a,0.18925853073596954
Neutropenia,hsa-miR-200c-3p,0.18915213644504547
Dilated Cardiomyopathy ,hsa-miR-1225,0.18865178525447845
Intrahepatic Cholestasis of Pregnancy,hsa-mir-7844,0.1885855346918106
UV-Sensitive Syndrome,hsa-miR-3117-5p,0.18835024535655975
Iridocorneal Endothelial Syndrome,hsa-miR-138-1*,0.1882951706647873
ovarian clear cell carcinoma,hsa-miR-3117-5p,0.18823565542697906
Reperfusion Injury and Steatotic Liver Ischemia,hsa-miR-103-as,0.18823544681072235
bladder carcinoma,hsa-mir-873,0.1882346123456955
Sepsis and Intensive Care Unit-Acquired,hsa-miR-213,0.18801583349704742
Equine Infectious Anemia,hsa-miR-213,0.18798284232616425
Cestode Infections,hsa-miR-3117-5p,0.18787641823291779
Reperfusion Injury and Steatotic Liver Ischemia,hsa-miR-29b-1,0.18786711990833282
Graft Occlusion and Vascular,hsa-miR-4428,0.187386617064476
Granulomatous Disease and Chronic,hsa-miR-1236-5p,0.18737386167049408
Renal Artery Obstruction,hsa-miR-1236-5p,0.18732984364032745
Hashimoto Disease,hsa-miR-4444,0.187124565243721
Brugada Syndrome,hsa-miR-1236-5p,0.18708859384059906
Sepsis and Intensive Care Unit-Acquired,hsa-miR-146b-5p,0.18686632812023163
Gluteal Muscle   Contracture,hsa-miR-146b-5p,0.18682049214839935
Lattice corneal dystrophy type 1,hsa-miR-146b-5p,0.186769500374794
Reperfusion Injury and Testicular Ischemia,hsa-miR-146b-5p,0.18676455318927765
Brugada Syndrome,hsa-miR-146b-5p,0.18665142357349396
Human T-Cell Leukemia Virus Type 1 Infections,hsa-miR-146b-5p,0.18655972182750702
Skeletal Muscle Dysplasia,hsa-miR-146b-5p,0.18649251759052277
Intra-Articular Fractures,hsa-miR-412-5p,0.18595971167087555
hereditary fructose intolerance syndrome,hsa-miR-4439,0.18595002591609955
Gastric Antral Vascular Ectasia,hsa-miR-3125,0.1858033984899521
Heart Failure and Diastolic,hsa-miR-338-5p,0.18557052314281464
Dilated Cardiomyopathy ,hsa-miR-433,0.1855471283197403
Hypoglycemia,hsa-miR-410-3p,0.18549327552318573
Intra-Articular Fractures,hsa-miR-2114*,0.1854785531759262
Angioedemas and Hereditary,hsa-miR-183*,0.1852947324514389
Lymphoma and T-Cell and Peripheral,hsa-mir-8080,0.1852768212556839
Heart Failure and Diastolic,hsa-miR-320c,0.1852520853281021
UV-Sensitive Syndrome,hsa-let-7g-5p,0.18518786132335663
Posterior Segment Ocular Diseases,hsa-miR-197,0.18506039679050446
Sialic Acid Storage Disease,mmu-miR-700-5p,0.18480034172534943
Liposarcoma and Myxoid,hsa-miR-3614-5p,0.18478377163410187
Laryngeal Papillomas,hsa-miR-3614-5p,0.18471069633960724
Neutropenia,hsa-miR-3614-5p,0.18459375202655792
Germ Cell Tumor and Non-Teratomatous,rno-miR-27a,0.18456433713436127
Juvenile gout,hsa-miR-3614-5p,0.18439631164073944
Dysentery and Bacillary,hsa-miR-3614-5p,0.18438668549060822
Penile Neoplasms,hsa-miR-4494,0.1843687742948532
Dilated Cardiomyopathy ,hsa-miR-3917,0.18435801565647125
Transfusion Reaction,mmu-miR-743a,0.18432630598545074
Reperfusion Injury and Steatotic Liver Ischemia,hsa-miR-3126-5p,0.18418891727924347
Equine Infectious Anemia,hsa-miR-3155,0.18413545191287994
Inflammation and Chronic,hsa-miR-3155,0.18411816656589508
Arene Oxide Detoxification Defect,hsa-miR-3155,0.18410871922969818
Dyspepsia,hsa-miR-3155,0.18407319486141205
Reperfusion Injury and Testicular Ischemia,hsa-miR-3155,0.18406663835048676
Non-Segmental Vitiligo,hsa-miR-3155,0.18390683829784393
Cystadenocarcinoma and Serous and Ovarian,rno-miR-27a,0.1836889237165451
Liposarcoma and Myxoid,hsa-miR-1910,0.18358488380908966
UV-Sensitive Syndrome,hsa-miR-1910,0.18355466425418854
Renal Artery Obstruction,hsa-miR-1910,0.18353654444217682
Gastrointestinal Stromal Tumors,rno-miR-27a,0.18352334201335907
Myeloma Bone Disease,hsa-miR-1910,0.1834673434495926
Lattice corneal dystrophy type 1,hsa-miR-1910,0.1834132820367813
Gastric Cancer and Early,hsa-miR-4437,0.18338187038898468
Orofacial Cleft,hsa-miR-371a-3p,0.18335260450839996
Cerebral Hemorrhage and Age-Related,hsa-miR-1910,0.18329967558383942
Dilated Cardiomyopathy ,hsa-miR-103-as,0.18321536481380463
Fetal Membranes and Premature Rupture,hsa-miR-371a-3p,0.18317653238773346
Nevi and Melanomas,hsa-miR-371a-3p,0.18314318358898163
Lupus Vasculitis and Central Nervous System,hsa-miR-371a-3p,0.18312855064868927
thyroid gland Hurthle cell carcinoma,hsa-miR-1910,0.18312643468379974
Neonatal Encephalopathy,hsa-miR-371a-3p,0.18311811983585358
Inflammation and Chronic,hsa-miR-371a-3p,0.18309734761714935
Scleral Diseases,hsa-miR-1910,0.18309427797794342
Asthma and Chronic,hsa-miR-371a-3p,0.18308325111865997
Venous Neointimal Hyperplasia,hsa-miR-371a-3p,0.18305490911006927
Lattice corneal dystrophy type 1,hsa-miR-371a-3p,0.183050736784935
Reperfusion Injury and Testicular Ischemia,hsa-miR-371a-3p,0.18304581940174103
Reperfusion Injury and Steatotic Liver Ischemia,hsa-miR-3669,0.18304242193698883
Intra-Articular Fractures,hsa-miR-1279,0.18300817906856537
Posterior Segment Ocular Diseases,hsa-miR-371a-3p,0.18300257623195648
Asthma and Chronic,hsa-miR-320,0.18297289311885834
Angioedemas and Hereditary,hsa-miR-371a-3p,0.18295659124851227
Juvenile gout,hsa-miR-371a-3p,0.18283481895923615
Granuloma,hsa-miR-371a-3p,0.18282358348369598
Scleral Diseases,hsa-miR-371a-3p,0.18273167312145233
Inflammation and Chronic,hsa-miR-1b-1,0.18239639699459076
Asthma and Chronic,hsa-miR-1b-1,0.18238230049610138
Nevi and Melanomas,mmu-miR-699,0.18231721222400665
Human T-Cell Leukemia Virus Type 1 Infections,hsa-miR-1b-1,0.18214000761508942
Liposarcoma and Myxoid,hsa-miR-329-5p,0.18211890757083893
Vitelliform Macular Dystrophy,hsa-miR-329-5p,0.18209128081798553
Wound Infection,hsa-miR-1274a_v16.0,0.1820293813943863
Amebiasis,hsa-miR-1b-1,0.18202103674411774
Parastremmatic dwarfism,hsa-miR-1b-1,0.18199019134044647
Inflammation and Chronic,hsa-miR-218-2*,0.18197022378444672
Scleral Diseases,mmu-miR-699,0.18190573155879974
Frailty,rno-miR-27a,0.18189950287342072
Brugada Syndrome,hsa-miR-329-5p,0.18182934820652008
Chemical and Drug Induced Liver Injury and Chronic,mmu-miR-700-5p,0.18169231712818146
Nevi and Melanomas,hsa-miR-181a,0.18166197836399078
Chediak-Higashi Syndrome,hsa-miR-218-2*,0.18163777887821198
prostate adenocarcinoma,hsa-miR-181a,0.18160538375377655
Wound Infection,hsa-miR-181a,0.18159706890583038
Phyllodes Tumor and Breast,hsa-miR-181a,0.18157847225666046
isolated cleft palate,hsa-mir-8069,0.1815267950296402
Chemical and Drug Induced Liver Injury and Chronic,mmu-miR-708,0.1815032809972763
Diminished  Ovarian Reserve,hsa-miR-181a,0.18149633705615997
Bile Duct Neoplasms,hsa-miR-133a-5p,0.181487575173378
Wound Infection,hsa-miR-196a-1,0.18146257102489471
Brugada Syndrome,hsa-miR-181a,0.1814514845609665
Neoplasms and Mesothelial,hsa-miR-3137,0.1814335733652115
Tenon Fibroblasts,hsa-miR-153-5p,0.18142618238925934
Autoimmune Diseases of the Nervous System,hsa-miR-3137,0.1813904494047165
Renal Artery Obstruction,hsa-miR-3137,0.1813805252313614
Chronic  Rhinosinusitis With Nasal Polyps,hsa-miR-3137,0.18133632838726044
Swine Diseases,hsa-miR-3137,0.1813257485628128
Ischemic Attack and Transient,hsa-miR-3137,0.1813180297613144
Inflammation and Chronic,hsa-miR-3137,0.181303933262825
Fusariosis,hsa-miR-4437,0.18128465116024017
Venous Neointimal Hyperplasia,hsa-miR-3137,0.1812615543603897
Amebiasis,hsa-miR-181a,0.1812407225370407
Meniscus Degeneration,hsa-miR-196a-1,0.18114657700061798
Wounds and Nonpenetrating,hsa-miR-4459,0.18100608885288239
Polyposis Syndrome and Hereditary Mixed and 1,hsa-miR-3137,0.18099437654018402
Scleral Diseases,hsa-miR-3137,0.18093831837177277
Equine Infectious Anemia,hsa-miR-4271,0.1807941049337387
Myeloma Bone Disease,hsa-miR-4271,0.18078432977199554
Posterior Segment Ocular Diseases,hsa-miR-4271,0.18068216741085052
Urinary Calculi,hsa-miR-34b-5p,0.1806633323431015
Encephalitis and Viral,rno-miR-27a,0.18063630163669586
Urethritis,hsa-miR-34b-5p,0.18058590590953827
Plaque and Amyloid,hsa-miR-34b-5p,0.1805475503206253
Myeloma Bone Disease,hsa-miR-34b-5p,0.1805434674024582
Diminished  Ovarian Reserve,hsa-miR-34b-5p,0.18041624128818512
Nevi and Melanomas,hsa-miR-3622b-3p,0.18018703162670135
Amebiasis,hsa-miR-34b-5p,0.18016062676906586
Diarrhea,rno-miR-27a,0.18009813129901886
Liposarcoma,rno-miR-27a,0.18001385033130646
Stomatitis and Aphthous,hsa-miR--196a-2,0.1800113171339035
Brugada Syndrome,hsa-miR-3622b-3p,0.1799764782190323
Dilated Cardiomyopathy ,hsa-miR-186*,0.17995239794254303
Intra-Articular Fractures,hsa-let-7a-3p,0.1799306422472
Aging and Premature,rno-miR-27a,0.17988882958889008
Phyllodes Tumor and Breast,hsa-miR-192-2,0.17965365946292877
Intrahepatic Cholestasis of Pregnancy,mmu-miR-697,0.17950443923473358
Obstructive   Kidney Disease,hsa-miR-192-2,0.1792922168970108
Intra-Articular Fractures,hsa-miR-425-5p,0.17896480858325958
Myotonic Dystrophy,hsa-miR-378*,0.17893145978450775
Wound Infection,hsa-miR-3665,0.17892543971538544
Nevi and Melanomas,hsa-miR-378*,0.1789161115884781
Tibial Neuropathy,hsa-miR-378*,0.17888514697551727
Asthma and Chronic,hsa-miR-378*,0.17885611951351166
Reperfusion Injury and Testicular Ischemia,hsa-miR-378*,0.1788186877965927
Gastric Antral Vascular Ectasia,hsa-miR-374c-5p,0.17830972373485565
Skeletal Muscle Injury,hsa-miR-125b-2,0.1780402511358261
Brugada Syndrome,hsa-miR-29c-3p,0.17802654206752777
Shprintzen Golberg craniosynostosis,hsa-miR-125b-2,0.17801730334758759
Autoimmune Diseases of the Nervous System,hsa-miR-125b-2,0.17801533639431
Swine Diseases,hsa-miR-125b-2,0.17795054614543915
Hereditary Autoinflammatory Diseases,hsa-miR-125b-2,0.1779373437166214
Gastric Cancer and Early,hsa-miR-4439,0.17792324721813202
Gonadotoxicity,hsa-miR-4444,0.1778503805398941
Gliosis,hsa-miR-125b-2,0.17782269418239594
Encephalitis and Tick-Borne,hsa-miR-1469,0.1778021901845932
Human T-Cell Leukemia Virus Type 1 Infections,hsa-miR-125b-2,0.1776724010705948
Dysentery and Bacillary,hsa-miR-125b-2,0.17765669524669647
Urinary Calculi,hsa-miR-27a-3p,0.17763246595859528
Death and Sudden,rno-miR-27a,0.1776251345872879
Fusariosis,hsa-miR-4482,0.17760367691516876
Meniscus Degeneration,hsa-miR-125b-2,0.17759378254413605
Dilated Cardiomyopathy ,hsa-miR-2681,0.17751114070415497
Lattice corneal dystrophy type 1,hsa-miR-27a-3p,0.17745853960514069
Rickettsia Infections,hsa-miR-27a-3p,0.17744196951389313
Human T-Cell Leukemia Virus Type 1 Infections,hsa-miR-1469,0.1773502379655838
Noma,hsa-miR-4443,0.177323117852211
Granulomatous Disease and Chronic,hsa-miR-4493,0.17726515233516693
Reperfusion Injury and Steatotic Liver Ischemia,hsa-miR-1256,0.1772165447473526
Canavan Disease,hsa-miR-185*,0.17718838155269623
Carcinoma and Adenoid Cystic and Lacrimal Gland,hsa-miR-4487,0.17717890441417694
Chediak-Higashi Syndrome,hsa-miR-27a-3p,0.1771727055311203
Amebiasis,hsa-miR-27a-3p,0.17712970077991486
Tendinopathy,hsa-miR-4478,0.1771143227815628
Heart Failure and Diastolic,hsa-miR-371a-3p,0.17708460986614227
Chronic  Rhinosinusitis With Nasal Polyps,hsa-miR-185*,0.17702634632587433
Equine Infectious Anemia,hsa-miR-185*,0.17701129615306854
Abnormalities and Drug-Induced,rno-miR-27a,0.17699633538722992
Angioedemas and Hereditary,hsa-miR-185*,0.1768532246351242
Short Qt Syndrome,hsa-miR-4493,0.17678339779376984
Iridocorneal Endothelial Syndrome,hsa-miR-371a-3p,0.17677386105060577
Hashimoto Disease,hsa-miR-450a-5p,0.17675845324993134
Rh Deficiency Syndrome,hsa-mir-8074,0.176689013838768
Brain Injuries,rno-miR-27a,0.17668364942073822
Premenstrual Syndrome,hsa-miR-4439,0.1766790896654129
Papilloma and Inverted,hsa-miR-103-2*,0.17656292021274567
Hereditary Autoinflammatory Diseases,hsa-miR-4482-5p,0.17644087970256805
Central Nervous System Diseases,hsa-mir-7844,0.1764262467622757
Cataract and posterior polar and 3,hsa-miR-4482-5p,0.17612414062023163
Neuropathic Low Back Pain,mmu-miR-699,0.1759301871061325
Reperfusion Injury and Testicular Ischemia,hsa-let-7e*,0.1758834272623062
Lupus Vasculitis and Central Nervous System,EBV-miR-BART12,0.1757064312696457
Lattice corneal dystrophy type 1,EBV-miR-BART12,0.1756286472082138
Reperfusion Injury and Testicular Ischemia,EBV-miR-BART12,0.17562370002269745
Anaphylaxis,hsa-let-7e*,0.17560593783855438
Transfusion Reaction,mmu-miR-697,0.17557279765605927
Diminished  Ovarian Reserve,EBV-miR-BART12,0.17555548250675201
Dilated Cardiomyopathy ,EBV-miR-BART7,0.17543254792690277
Neuropathic Low Back Pain,hsa-miR-181a,0.17527489364147186
high grade glioma,rno-miR-27a,0.1752265840768814
Sialic Acid Storage Disease,rno-miR-352,0.17516262829303741
Wound Infection,hsa-miR-3177,0.1747247725725174
Reperfusion Injury and Testicular Ischemia,hsa-miR-1199-3p,0.1746016889810562
Arene Oxide Detoxification Defect,hsa-miR-3128,0.1744833141565323
Obstructive   Kidney Disease,hsa-miR-3177,0.17434482276439667
Dilated Cardiomyopathy ,hsa-miR-26a-1*,0.174240842461586
Spinal Cord Compression,hsa-miR-19a,0.17391632497310638
Intra-Articular Fractures,hsa-miR-193b-5p,0.17382626235485077
Scleral Diseases,hsa-miR-411-3p,0.17378415167331696
Diminished  Ovarian Reserve,hsa-miR-3922-5p,0.1736777275800705
Vitelliform Macular Dystrophy,hsa-miR-1185-2-3p,0.173514261841774
Gastric Antral Vascular Ectasia,hsa-miR-329-3p,0.173335000872612
Canavan Disease,hsa-miR-425-3p,0.1732235997915268
Blind Loop Syndrome,hsa-miR-3126-5p,0.17318911850452423
isolated cleft palate,hsa-miR-4482,0.17312391102313995
Reperfusion Injury and Steatotic Liver Ischemia,hsa-miR-320c-1,0.17307426035404205
Noma,hsa-miR-4459,0.17307312786579132
Pyelonephritis,rno-miR-27a,0.17303584516048431
Classical Swine Fever,hsa-miR-302a,0.17268826067447662
Thyroid cancer and medullary,hsa-miR-4482,0.1726657599210739
Severe Dengue,hsa-mir-8074,0.1725098341703415
Skeletal Muscle Dysplasia,hsa-miR-1179,0.17246286571025848
Human T-Cell Leukemia Virus Type 1 Infections,hsa-miR-1294,0.17241938412189484
Primary Aldosteronism ,hsa-mir-8074,0.17218215763568878
Dilated Cardiomyopathy ,hsa-miR-3682-3p,0.1720746010541916
Autoimmune Diseases of the Nervous System,hsa-miR-3920,0.17202718555927277
Nevi and Melanomas,hsa-miR-1976,0.17202086746692657
Still's Disease and Adult-Onset,rno-miR-369-3p,0.17198549211025238
Tibial Neuropathy,hsa-miR-3920,0.17195554077625275
Reperfusion Injury and Testicular Ischemia,hsa-miR-128-1-5p,0.17195020616054535
Heart Failure and Diastolic,hsa-miR-125b-2,0.17191611230373383
Wound Infection,hsa-miR-18a-5p,0.17189393937587738
Myeloma Bone Disease,hsa-miR-130a*,0.17183507978916168
Urinary Calculi,hsa-miR-3663-3p,0.17180635035037994
Venous Neointimal Hyperplasia,hsa-miR-130a*,0.1717851608991623
Adenocarcinoma Of Esophagus,hsa-miR-128-1-5p,0.1717003732919693
Chemical and Drug Induced Liver Injury and Chronic,hsa-miR-4494,0.17170001566410065
Asthma and Chronic,hsa-miR-3663-3p,0.17166493833065033
Autolysis,mmu-miR-697,0.17151378095149994
Splenic Neoplasms,hsa-miR-3663-3p,0.1714882105588913
Stomatitis and Aphthous,hsa-miR-1910,0.17147214710712433
Adenocarcinoma Of Esophagus,hsa-miR-3663-3p,0.17137764394283295
Amebiasis,hsa-miR-3663-3p,0.1713036447763443
Heart Failure and Diastolic,hsa-miR-4493,0.17113174498081207
Sialic Acid Storage Disease,hsa-miR-4439,0.17108295857906342
Autolysis,mmu-miR-700-5p,0.17093737423419952
Hashimoto Disease,hsa-miR-4443,0.170726016163826
Penile Neoplasms,hsa-miR-4511,0.17072393000125885
Posterior Segment Ocular Diseases,hsa-miR-129-1-3p,0.17014889419078827
Dilated Cardiomyopathy ,hsa-miR--196a-2,0.16993920505046844
Dilated Cardiomyopathy ,hsa-miR-338-5p,0.16952316462993622
Dilated Cardiomyopathy ,hsa-miR-130b,0.16949613392353058
Blind Loop Syndrome,EBV-miR-BART7,0.1694532185792923
Iridocorneal Endothelial Syndrome,EBV-miR-BART12,0.1693517416715622
Myotonic Dystrophy,hsa-miR-211-3p,0.16933022439479828
Otitis Media,hsa-miR-4478,0.1692662090063095
Frontotemporal Lobar Degeneration,hsa-miR-4478,0.16922621428966522
Axenfeld-Rieger syndrome,hsa-mir-873,0.16917361319065094
bladder carcinoma,hsa-miR-4444,0.16904936730861664
Intrahepatic Cholestasis of Pregnancy,hsa-miR-4494,0.16893570125102997
Ossification of the posterior longitudinal ligament of the spine,rno-miR-27a,0.16887731850147247
Asthma and Chronic,hsa-miR-133a-1,0.1684645265340805
Wound Infection,hsa-miR-133a-1,0.16845963895320892
Spinal Cord Compression,hsa-miR-133a-1,0.16825281083583832
Vitreoretinochoroidopathy,hsa-miR-423-3p,0.16803471744060516
Vitreoretinochoroidopathy,hsa-miR-1245a,0.1679147332906723
Gastric Antral Vascular Ectasia,hsa-miR-18a*,0.16772539913654327
Inflammation and Chronic,hsa-miR-1234-3p,0.16766421496868134
Phyllodes Tumor and Breast,hsa-miR-1234-3p,0.16762660443782806
Neutropenia,hsa-miR-1234-3p,0.1675991266965866
Encephalitis and Tick-Borne,hsa-miR-3145-5p,0.1673826426267624
Scleral Diseases,hsa-miR-1234-3p,0.1672985702753067
Nevi and Melanomas,hsa-miR-3145-5p,0.16723288595676422
Congenital amegakaryocytic thrombocytopenia,hsa-miR-185*,0.1672101467847824
Equine Infectious Anemia,hsa-miR-3145-5p,0.16720427572727203
Granulomatous Disease and Chronic,hsa-miR-378a-5p,0.16714875400066376
UV-Sensitive Syndrome,hsa-miR-378a-5p,0.16712279617786407
Myotonic Dystrophy,hsa-miR-378a-5p,0.1670893281698227
Intrahepatic Cholestasis of Pregnancy,hsa-miR-4482,0.16698814928531647
Reperfusion Injury and Testicular Ischemia,hsa-miR-378a-5p,0.16697655618190765
Neutropenia,hsa-miR-378a-5p,0.16696305572986603
Ephemeral Fever,hsa-miR-1b-1,0.1669091433286667
Susac Syndrome,hsa-miR-378a-5p,0.16686366498470306
Chediak-Higashi Syndrome,hsa-miR-378a-5p,0.16669566929340363
Hashimoto Disease,hsa-miR-4459,0.1664757877588272
Hashimoto Disease,hsa-miR-4456,0.1663261204957962
Equine Infectious Anemia,hsa-miR-321,0.16613946855068207
Myeloma Bone Disease,hsa-miR-321,0.1661297231912613
Venous Neointimal Hyperplasia,hsa-miR-342-5p,0.166106715798378
Tricuspid Valve Insufficiency,hsa-miR-3652,0.16608937084674835
Phyllodes Tumor and Breast,hsa-miR-321,0.16608469188213348
Reperfusion Injury and Testicular Ischemia,hsa-miR-321,0.16607077419757843
Hearing Loss and Sensorineural,rno-miR-27a,0.16606096923351288
Small-Bowel  Neuroendocrine Tumor,hsa-miR-321,0.16604457795619965
Corneal Ulcer,hsa-miR-216,0.16601498425006866
Diminished  Ovarian Reserve,hsa-miR-321,0.166002556681633
Reperfusion Injury and Testicular Ischemia,hsa-miR-216,0.16594146192073822
Pancreatitis and Acute Hemorrhagic,hsa-miR-216,0.1659332662820816
Primary Aldosteronism ,hsa-miR-4511,0.16582034528255463
Splenic Neoplasms,hsa-miR-216,0.16580219566822052
Amebiasis,hsa-miR-321,0.16574688255786896
Optic atrophy 1 and deafness,hsa-miR-342-5p,0.16573955118656158
Scleral Diseases,hsa-miR-216,0.1656273454427719
Skeletal Muscle Injury,hsa-miR-126,0.1654633730649948
Periodontitis and Diabetic,hsa-miR-126,0.16541965305805206
Multiple Mitochondrial Dysfunctions Syndrome,hsa-miR-219b-5p,0.16540415585041046
Nevi and Melanomas,hsa-miR-126,0.16539768874645233
Tibial Neuropathy,hsa-miR-126,0.16536672413349152
Hereditary Autoinflammatory Diseases,hsa-miR-126,0.16536040604114532
Renal Artery Obstruction,hsa-miR-219b-5p,0.16534994542598724
Phyllodes Tumor and Breast,hsa-miR-126,0.16531424224376678
Venous Neointimal Hyperplasia,hsa-miR-126,0.16530941426753998
Gluteal Muscle   Contracture,hsa-miR-219b-5p,0.16527776420116425
Urinary Calculi,hsa-miR-3591-3p,0.16505523025989532
Deglutition Disorders,hsa-miR-219b-5p,0.16497988998889923
Equine Infectious Anemia,hsa-miR-3591-3p,0.1649451106786728
Reperfusion Injury and Steatotic Liver Ischemia,hsa-miR-218-2*,0.16493050754070282
Wound Infection,hsa-miR-3591-3p,0.16490893065929413
Phyllodes Tumor and Breast,hsa-miR-3591-3p,0.1648903340101242
Cardiomyopathy and Right Ventricular Dilated,hsa-miR-3591-3p,0.16486166417598724
Gliosis,hsa-miR-3591-3p,0.16482193768024445
Polyposis Syndrome and Hereditary Mixed and 1,hsa-miR-3591-3p,0.16461841762065887
Reperfusion Injury and Steatotic Liver Ischemia,hsa-miR-181a,0.16457633674144745
Urinary Calculi,hsa-miR-4441,0.16426576673984528
Granulomatous Disease and Chronic,hsa-miR-27a*,0.16426293551921844
Granulomatous Disease and Chronic,hsa-miR-181b-2,0.16424690186977386
Myotonic Dystrophy,hsa-miR-27a*,0.16420356929302216
Multiple System Atrophy,hsa-miR-4443,0.1641758233308792
Prekallikrein Deficiency,hsa-miR-27a*,0.16416998207569122
Chronic Inflammation,hsa-miR-181b-2,0.16416288912296295
Hereditary Autoinflammatory Diseases,hsa-miR-27a*,0.1641509085893631
Hereditary Autoinflammatory Diseases,hsa-miR-181b-2,0.16413484513759613
Wound Infection,hsa-miR-4441,0.1641194373369217
Arene Oxide Detoxification Defect,hsa-miR-181b-2,0.1641167849302292
Phyllodes Tumor and Breast,hsa-miR-27a*,0.16410471498966217
Lattice corneal dystrophy type 1,hsa-miR-27a*,0.16409574449062347
Vaginosis and Bacterial,hsa-miR-181b-2,0.16408665478229523
Pancreatitis and Acute Hemorrhagic,hsa-miR-27a*,0.1640826016664505
Posterior Segment Ocular Diseases,hsa-miR-27a*,0.16404758393764496
Teratocarcinoma and Ovarian,hsa-miR-181b-2,0.16399790346622467
Brugada Syndrome,hsa-miR-181b-2,0.16396160423755646
Optic atrophy 1 and deafness,hsa-miR-27a*,0.16373272240161896
Scleral Diseases,hsa-miR-19b-3p,0.16352464258670807
Intra-Articular Fractures,hsa-miR-4267,0.16305361688137054
Reperfusion Injury and Testicular Ischemia,hsa-miR-1275,0.16299493610858917
Posterior Segment Ocular Diseases,hsa-miR-1275,0.16295172274112701
Meniscus Degeneration,hsa-miR-30c-1,0.16272000968456268
Dilated Cardiomyopathy ,hsa-miR-3614-5p,0.1625988632440567
Rhabdoviridae Infections,hsa-miR-3925-5p,0.1624605804681778
Metabolic  Syndrome,hsa-mir-873,0.16202323138713837
UV-Sensitive Syndrome,hsa-miR-1225-3p,0.16180117428302765
Autoimmune Diseases of the Nervous System,hsa-miR-1225-3p,0.16179300844669342
Periodontitis and Diabetic,hsa-miR-1225-3p,0.16177432239055634
Optic Nerve Glioma,hsa-miR-1225-3p,0.1617255061864853
Myeloma Bone Disease,hsa-miR-1225-3p,0.16171394288539886
Inflammation and Chronic,hsa-miR-1225-3p,0.16170646250247955
Phyllodes Tumor and Breast,hsa-miR-1225-3p,0.16166891157627106
Lattice corneal dystrophy type 1,hsa-miR-1225-3p,0.16165994107723236
Nevi and Melanomas,hsa-miR-220b,0.1616121381521225
Diminished  Ovarian Reserve,hsa-miR-1225-3p,0.16158677637577057
Periodontitis and Diabetic,hsa-miR-1207,0.16158463060855865
Lupus Vasculitis and Central Nervous System,hsa-miR-1207,0.16154800355434418
Brugada Syndrome,hsa-miR-1225-3p,0.1615418642759323
Intra-Articular Fractures,hsa-miR-199a*-2,0.16149146854877472
Phyllodes Tumor and Breast,hsa-miR-1207,0.161479189991951
Venous Neointimal Hyperplasia,hsa-miR-1207,0.16147442162036896
Dysentery and Bacillary,hsa-miR-1225-3p,0.16143442690372467
Brugada Syndrome,hsa-miR-220b,0.16140161454677582
Dilated Cardiomyopathy ,hsa-miR-1910,0.1613999754190445
Polyposis Syndrome and Hereditary Mixed and 1,hsa-miR-1225-3p,0.16139693558216095
Amebiasis,hsa-miR-1225-3p,0.1613311618566513
Pelvic Organ Prolapse,hsa-miR-450a-5p,0.16133002936840057
Inflammation and Chronic,hsa-miR-2682-5p,0.16122280061244965
Sialic Acid Storage Disease,hsa-miR-4511,0.1611633151769638
Thyroid cancer and medullary,hsa-miR-4511,0.1609685868024826
Autolysis,hsa-miR-4494,0.16094519197940826
Neuropathic Low Back Pain,hsa-miR-378a-5p,0.1606868952512741
Meniscus Degeneration,hsa-miR-3116,0.16051296889781952
Gout,mmu-miR-743a,0.1604243963956833
Lymphoma and T-Cell and Peripheral,hsa-mir-8074,0.1602020114660263
Extramedullary Multiple Myeloma,hsa-miR-4517,0.1601741760969162
Teratoma,hsa-mir-873,0.16011126339435577
Inflammation and Chronic,hsa-miR-020,0.16009347140789032
Wound Infection,hsa-miR-020,0.16007448732852936
Venous Neointimal Hyperplasia,hsa-miR-020,0.16005106270313263
Diminished  Ovarian Reserve,hsa-miR-020,0.15997375547885895
Hyperphagia,hsa-miR-4444,0.15997375547885895
Intra-Articular Fractures,hsa-miR-1975,0.15994371473789215
Multiple System Atrophy,hsa-miR-4459,0.15992571413516998
Reperfusion Injury and Testicular Ischemia,hsa-miR-26b-5p,0.15984992682933807
Adenocarcinoma Of Esophagus,hsa-miR-020,0.15979216992855072
Polyposis Syndrome and Hereditary Mixed and 1,hsa-miR-020,0.15978385508060455
Neuropathic Low Back Pain,hsa-miR-321,0.15978111326694489
Aortic Valve Stenosis,hsa-mir-8074,0.1597408503293991
Gonadotoxicity,hsa-mir-8080,0.15927715599536896
Dilated Cardiomyopathy ,hsa-miR-3137,0.15924395620822906
Adrenocortical Adenoma,hsa-miR-30c-5p,0.15922234952449799
Lattice corneal dystrophy type 1,hsa-miR-3942-5p,0.1591535061597824
Neutropenia,hsa-miR-3942-5p,0.15913502871990204
Autolysis,hsa-miR-4482,0.15899764001369476
Respiratory Tract Neoplasms,hsa-miR-3942-5p,0.1589660495519638
Brugada Syndrome,hsa-miR-3124-5p,0.15894503891468048
Heart Failure and Diastolic,hsa-miR-3591-3p,0.1589152067899704
Gastric Cancer and Early,hsa-miR-4428,0.15813983976840973
Noma,hsa-miR-4494,0.15735675394535065
Stomatitis and Aphthous,hsa-miR-211-3p,0.15728111565113068
Fibrosis and Pancreas,hsa-mir-8061,0.15720413625240326
Gonadotoxicity,hsa-miR-4459,0.15720172226428986
Phyllodes Tumor and Breast,hsa-miR-1273g-5p,0.15716244280338287
Central Nervous System Diseases,hsa-miR-4494,0.1567765325307846
Tooth and Supernumerary,hsa-miR-450a-5p,0.15664459764957428
Vitreoretinochoroidopathy,hsa-let-7a-3p,0.15663735568523407
American Tegumentary Leishmaniasis,hsa-miR-3670,0.15643252432346344
Asthma and Chronic,hsa-miR-3658,0.15616224706172943
Splenic Neoplasms,hsa-miR-3670,0.1560920923948288
Asthma and Chronic,hsa-miR-199a*-1,0.15606774389743805
Costello Syndrome,mmu-miR-743a,0.15584169328212738
Eye Infections and Fungal,hsa-miR-3689b-3p,0.15583650767803192
Human T-Cell Leukemia Virus Type 1 Infections,hsa-miR-199a*-1,0.1558254510164261
Equine Infectious Anemia,hsa-miR-3689b-3p,0.15574587881565094
Hypoglycemia,hsa-miR-153-5p,0.1557329148054123
Reperfusion Injury and Testicular Ischemia,hsa-miR-3689b-3p,0.1556771844625473
Diminished  Ovarian Reserve,hsa-miR-3689b-3p,0.15560896694660187
Brugada Syndrome,hsa-miR-3689b-3p,0.1555640548467636
Dilated Cardiomyopathy ,hsa-miR-27a-3p,0.1554451435804367
Mesothelioma and Malignant,hsa-miR-4456,0.15532241761684418
Eye Infections and Fungal,hsa-miR-3610,0.15499572455883026
Asthma and Chronic,hsa-miR-3610,0.1548738032579422
Wound Infection,hsa-miR-3610,0.154868945479393
Fabry   Nephropathy,hsa-miR-3610,0.1548556238412857
Phyllodes Tumor and Breast,hsa-miR-3610,0.15485025942325592
Neutropenia,hsa-miR-3610,0.15482287108898163
Multiple System Atrophy,mmu-miR-697,0.15477816760540009
Intra-Articular Fractures,hsa-miR-186*,0.15456758439540863
Wound Infection,hsa-miR-224,0.15446420013904572
Reperfusion Injury and Testicular Ischemia,hsa-miR-224,0.15443174540996552
Angioedemas and Hereditary,hsa-miR-224,0.1543424278497696
Costello Syndrome,hsa-mir-8080,0.15431125462055206
Multiple System Atrophy,mmu-miR-708,0.15401266515254974
Juvenile gout,hsa-miR-3934-5p,0.1540059596300125
Gastric Antral Vascular Ectasia,hsa-miR-218-1,0.15331034362316132
Hyperoxia,hsa-mir-873,0.15326903760433197
Vitreoretinochoroidopathy,hsa-miR-3124,0.15318848192691803
Inflammation and Chronic,hsa-miR-190,0.15301968157291412
Fabry   Nephropathy,hsa-miR-190,0.15298746526241302
Intra-Articular Fractures,hsa-miR-323b-3p,0.15290652215480804
Severe Dengue,rno-miR-369-3p,0.1528257578611374
Human T-Cell Leukemia Virus Type 1 Infections,hsa-miR-190,0.15276329219341278
Plaque and Amyloid,hsa-miR-3185,0.15272046625614166
Classical Swine Fever,hsa-miR-216a-5p,0.1526624709367752
Sepsis and Intensive Care Unit-Acquired,hsa-miR-216a-5p,0.15265466272830963
Wound Infection,hsa-miR-26a-1,0.15265347063541412
Nevi and Melanomas,hsa-miR-216a-5p,0.15265031158924103
Pancreatitis and Acute Hemorrhagic,hsa-miR-3185,0.1526491791009903
Posterior Segment Ocular Diseases,hsa-miR-3185,0.15261419117450714
Vaginosis and Bacterial,hsa-miR-216a-5p,0.15256480872631073
Primary Aldosteronism ,rno-miR-369-3p,0.15249820053577423
Spinal Cord Compression,hsa-miR-3185,0.15248306095600128
Ischemic Stroke and Cerebral,hsa-miR-216a-5p,0.15244565904140472
Amebiasis,hsa-miR-3185,0.15233348309993744
Testicular Neoplasms,hsa-miR-216a-5p,0.15221618115901947
Costello Syndrome,hsa-miR-4456,0.15208615362644196
Lupus Vasculitis and Central Nervous System,hsa-miR-4262,0.15207906067371368
Vitreoretinochoroidopathy,hsa-miR-152,0.1519075483083725
Rhabdoid Tumor and Kidney,hsa-miR-3664-5p,0.1514062136411667
Transfusion Reaction,hsa-miR-4511,0.15135909616947174
Ophthalmoplegia and Chronic Progressive External,hsa-miR-29c*,0.1511821299791336
Vitreoretinochoroidopathy,hsa-miR-3117-3p,0.15105746686458588
Pelvic Organ Prolapse,hsa-miR-4459,0.15104760229587555
Intra-Articular Fractures,hsa-miR-203b-3p,0.1510230153799057
Gastroparesis and Diabetic,hsa-miR-3934,0.1509416550397873
Vitelliform Macular Dystrophy,hsa-miR-3934,0.15092642605304718
UV-Sensitive Syndrome,hsa-miR-3934,0.15092389285564423
Swine Diseases,hsa-miR-3934,0.15085090696811676
Plaque and Amyloid,hsa-miR-3934,0.15084068477153778
Human T-Cell Leukemia Virus Type 1 Infections,hsa-miR-1228-5p,0.1508358269929886
Phyllodes Tumor and Breast,hsa-miR-3934,0.15079154074192047
Retinitis Pigmentosa,hsa-miR-3934,0.1507560759782791
Dilated Cardiomyopathy ,hsa-miR-4300,0.15073789656162262
Dilated Cardiomyopathy ,hsa-miR-151,0.15069828927516937
Angioedemas and Hereditary,hsa-miR-3934,0.15068833529949188
Rhabdoviridae Infections,hsa-miR-3934,0.1506706327199936
Ovarian Cysts,hsa-miR-3934,0.15051330626010895
Meniscus Degeneration,hsa-miR-3934,0.15049414336681366
Lattice corneal dystrophy type 1,hsa-miR-210-3p,0.15048561990261078
Reperfusion Injury and Testicular Ischemia,hsa-miR-210-3p,0.15048076212406158
Nevi and Melanomas,hsa-miR-1282,0.15044666826725006
Neonatal Encephalopathy,hsa-miR-1282,0.15042166411876678
Optic atrophy 1 and deafness,hsa-miR-3934,0.15041960775852203
Tricuspid Valve Insufficiency,hsa-miR-1282,0.15036152303218842
Neutropenia,hsa-miR-1282,0.15033574402332306
Tooth and Supernumerary,hsa-mir-7844,0.15029560029506683
Adenocarcinoma Of Esophagus,hsa-miR-1282,0.15009953081607819
Intra-Articular Fractures,EBV-miR-BART7,0.1500478833913803
Scleral Diseases,hsa-miR-1282,0.15003518760204315
Dilated Cardiomyopathy ,hsa-miR-130a*,0.14976756274700165
Heart Failure and Diastolic,hsa-miR-3689b-3p,0.14971597492694855
Chronic  Rhinosinusitis With Nasal Polyps,hsa-miR-150*,0.14963598549365997
Esophageal Neoplasms,rno-miR-27a,0.14958246052265167
Milk Hypersensitivity,hsa-miR-150*,0.14955998957157135
Equine Infectious Anemia,hsa-miR-34a-5p,0.14920754730701447
Gastric Antral Vascular Ectasia,hsa-miR-376b-3p,0.14903150498867035
Heart Failure and Acute,hsa-miR-4444,0.14901773631572723
bladder carcinoma,hsa-miR-4459,0.14840082824230194
Liposarcoma and Myxoid,hsa-miR-23a-3p,0.14785827696323395
Spastic Paraplegia and Hereditary,hsa-miR-23a-3p,0.14760823547840118
Urinary Calculi,hsa-miR-4280,0.14732606709003448
Periodontitis and Diabetic,hsa-miR-4280,0.14726655185222626
Reperfusion Injury and Testicular Ischemia,hsa-miR-4280,0.14714716374874115
Hashimoto Disease,hsa-miR-4439,0.14703430235385895
Non-Segmental Vitiligo,hsa-miR-4280,0.14698736369609833
Equine Infectious Anemia,hsa-miR-23c,0.14682890474796295
Reperfusion Injury and Testicular Ischemia,hsa-miR-23c,0.14676021039485931
Heart Failure and Diastolic,hsa-miR-3185,0.14669616520404816
Intra-Articular Fractures,hsa-miR-3682-3p,0.14668981730937958
Heart Failure and Diastolic,hsa-miR-216a-5p,0.14659173786640167
Costello Syndrome,mmu-miR-708,0.14632292091846466
Tooth and Supernumerary,hsa-miR-4456,0.1462123841047287
Reperfusion Injury and Testicular Ischemia,hsa-miR-19b-1*,0.14605753123760223
Neutropenia,hsa-miR-19b-1*,0.14604397118091583
Reperfusion Injury and Steatotic Liver Ischemia,hsa-miR-1275,0.14600668847560883
Reperfusion Injury and Testicular Ischemia,hsa-miR-136*,0.14598773419857025
Angioedemas and Hereditary,hsa-miR-19b-1*,0.1459682732820511
Swine Diseases,hsa-let-7a_c,0.14595772325992584
Vitreoretinochoroidopathy,mmu-miR-744,0.14592568576335907
Spinal Cord Compression,hsa-miR-19b-1*,0.14588327705860138
Neonatal Sepsis,mmu-miR-743a,0.14585401117801666
Polyposis Syndrome and Hereditary Mixed and 1,hsa-miR-19b-1*,0.14579950273036957
Autoimmune Diseases of the Nervous System,hsa-miR-3192,0.14556585252285004
Intrahepatic Cholestasis of Pregnancy,hsa-miR-4428,0.14542709290981293
Gastric Antral Vascular Ectasia,hsa-miR-19a-5p,0.1453104466199875
Vitelliform Macular Dystrophy,mmu-miR-693-5p,0.1448887437582016
Renal Artery Obstruction,mmu-miR-693-5p,0.14486809074878693
Intra-Articular Fractures,hsa-let-7a-2-3p,0.14481796324253082
Heart Failure and Diastolic,hsa-miR-3934,0.14481641352176666
Intra-Articular Fractures,hsa-miR--196a-2,0.1445542722940445
Chediak-Higashi Syndrome,mmu-miR-693-5p,0.14445899426937103
Inflammation and Chronic,hsa-miR-1979,0.1443655639886856
Reperfusion Injury and Testicular Ischemia,hsa-miR-1979,0.1443140059709549
Posterior Segment Ocular Diseases,hsa-miR-1979,0.1442709118127823
Angioedemas and Hereditary,hsa-miR-1979,0.14422477781772614
Ganglion Cysts,rno-miR-27a,0.1439737230539322
Hyperphagia,hsa-miR-4443,0.14357532560825348
Lentivirus Infections,hsa-let-7i-3p,0.14316366612911224
Myotonic Dystrophy,hsa-let-7i-3p,0.14311493933200836
Fatty Liver and Alcoholic,hsa-miR-4497,0.1429375559091568
Angioedemas and Hereditary,hsa-let-7i-3p,0.14291293919086456
Dilated Cardiomyopathy ,hsa-miR-3591-3p,0.14286793768405914
Metabolic  Syndrome,hsa-miR-4444,0.14283795654773712
bladder carcinoma,mmu-miR-700-5p,0.1426767259836197
Scleroderma and Diffuse,hsa-mir-8061,0.14236284792423248
Multiple System Atrophy,hsa-miR-4482,0.14226187765598297
Neonatal Sepsis,hsa-miR-4459,0.14224837720394135
Human T-Cell Leukemia Virus Type 1 Infections,hsa-miR-17-3p,0.1422177404165268
Granulomatous Disease and Chronic,hsa-miR-193a,0.14206992089748383
Lentivirus Infections,hsa-miR-193a,0.14205928146839142
Intrahepatic Cholestasis of Pregnancy,rno-miR-369-3p,0.14196895062923431
Visceral Pain,hsa-miR-193a,0.14195160567760468
Wound Infection,hsa-miR-193a,0.1419302374124527
Phyllodes Tumor and Breast,hsa-miR-193a,0.14191164076328278
Vaginosis and Bacterial,hsa-miR-193a,0.14190970361232758
Reperfusion Injury and Testicular Ischemia,hsa-miR-193a,0.14189772307872772
Tuberous Sclerosis,hsa-miR-4444,0.14179424941539764
Pelvic Organ Prolapse,hsa-mir-8069,0.14178664982318878
Intra-Articular Fractures,hsa-miR-200c-3p,0.1417723447084427
Gastric Antral Vascular Ectasia,hsa-miR-18b-5p,0.14171089231967926
Polyposis Syndrome and Hereditary Mixed and 1,hsa-miR-193a,0.14163972437381744
Adrenocortical Adenoma,hsa-miR-193a,0.14162026345729828
Urinary Calculi,hsa-miR-19b-1,0.14158345758914948
Vitreoretinochoroidopathy,hsa-miR-26b,0.14155034720897675
Transfusion Reaction,hsa-miR-4428,0.14149542152881622
Gonadotoxicity,hsa-miR-4494,0.14148546755313873
Equine Infectious Anemia,hsa-miR-19b-1,0.14147339761257172
Rhabdoid Tumor and Kidney,hsa-miR-19b-1,0.1414647251367569
Periodontitis and Diabetic,rno-miR-25,0.14144326746463776
Asthma and Chronic,hsa-miR-19b-1,0.14144201576709747
Posterior Segment Ocular Diseases,hsa-miR-19b-1,0.14136140048503876
Angioedemas and Hereditary,hsa-miR-19b-1,0.14131532609462738
Transmissible Gastroenteritis,rno-miR-25,0.1412956863641739
Angioedemas and Hereditary,rno-miR-25,0.14123468101024628
Juvenile gout,hsa-miR-19b-1,0.1411937028169632
Chediak-Higashi Syndrome,hsa-miR-19b-1,0.14112360775470734
Dysentery and Bacillary,rno-miR-25,0.1411033719778061
Teratoma,hsa-miR-4444,0.14092637598514557
Tibial Neuropathy,hsa-miR-155-3p,0.1405709832906723
Intra-Articular Fractures,hsa-miR-213,0.14052079617977142
Vaginosis and Bacterial,hsa-miR-155-3p,0.1405165046453476
Venous Neointimal Hyperplasia,hsa-miR-155-3p,0.14051367342472076
Reperfusion Injury and Testicular Ischemia,hsa-miR-155-3p,0.14050458371639252
Intra-Articular Fractures,hsa-miR-1229-3p,0.14048807322978973
Primary Gastrointestinal Diffuse Large B-Cell Lymphoma ,hsa-miR-155-3p,0.14047874510288239
Tooth and Supernumerary,mmu-miR-708,0.14044924080371857
Roberts Syndrome,hsa-miR-155-3p,0.1403169482946396
Human T-Cell Leukemia Virus Type 1 Infections,hsa-miR-155-3p,0.14029966294765472
Urinary Calculi,hsa-miR-1305,0.1402905434370041
Granulomatous Disease and Chronic,hsa-miR-1305,0.14028392732143402
Meniscus Degeneration,hsa-miR-155-3p,0.14022104442119598
Scleral Diseases,hsa-miR-155-3p,0.14019043743610382
Reperfusion Injury and Testicular Ischemia,hsa-miR-1305,0.14011169970035553
Heart Failure and Diastolic,hsa-miR-19b-1*,0.14009632170200348
Neuropathic Allodynia,hsa-miR-1305,0.14007066190242767
Granulomatous Disease and Chronic,hsa-miR-3179,0.13985984027385712
Sepsis and Intensive Care Unit-Acquired,hsa-miR-3179,0.13978944718837738
Dilated Cardiomyopathy ,hsa-miR-1225-3p,0.139646515250206
Posterior Segment Ocular Diseases,hsa-miR-3179,0.13964445888996124
Axenfeld-Rieger syndrome,hsa-miR-450a-5p,0.13962210714817047
Nevi and Melanomas,hsa-miR-16-1*,0.13935045897960663
Gout,hsa-miR-4482,0.1391548365354538
Airway Obstruction,hsa-miR-361-3p,0.1389589160680771
thyroid gland Hurthle cell carcinoma,hsa-miR-194-5p,0.1384562999010086
Amebiasis,hsa-miR-194-5p,0.1384143978357315
Perinatal Asphyxia,hsa-miR-4482,0.13840942084789276
Reperfusion Injury and Testicular Ischemia,hsa-miR-23a-5p,0.13829220831394196
Blind Loop Syndrome,hsa-miR-216,0.13795341551303864
Chills,hsa-miR-181a-3p,0.13780997693538666
UV-Sensitive Syndrome,hsa-miR-181a-3p,0.13777421414852142
Gonadotoxicity,hsa-miR-4439,0.13776014745235443
Periodontitis and Diabetic,hsa-miR-181a-3p,0.13774730265140533
Lattice corneal dystrophy type 1,hsa-miR-181a-3p,0.13763289153575897
Polyposis Syndrome and Hereditary Mixed and 1,hsa-let-7a-5p,0.1375623494386673
Susac Syndrome,hsa-miR-181a-3p,0.13751505315303802
Scleral Diseases,hsa-let-7a-5p,0.13750635087490082
Optic Neuritis,hsa-miR-4497,0.1375012844800949
Skeletal Muscle Dysplasia,hsa-miR-181a-3p,0.13735593855381012
Rhabdoid Tumor and Kidney,hsa-miR-378f,0.1371539980173111
Hashimoto Disease,hsa-miR-4511,0.1371147781610489
Pelvic Organ Prolapse,hsa-miR-4437,0.1370646208524704
Multiple System Atrophy,hsa-mir-8074,0.13692642748355865
Myeloma Bone Disease,hsa-miR-4419b,0.13644294440746307
Neutropenia,hsa-miR-4419b,0.13637052476406097
Neuropathic Allodynia,hsa-miR-4419b,0.13634292781352997
Brugada Syndrome,hsa-miR-4419b,0.13627086579799652
Mesothelioma and Malignant,hsa-miR-4439,0.13603059947490692
Penile Neoplasms,rno-miR-27a,0.1355733424425125
Vitreoretinochoroidopathy,hsa-miR-3190-3p,0.13527803122997284
Reperfusion Injury and Testicular Ischemia,hsa-miR-125b-2-3p,0.13518236577510834
Brugada Syndrome,hsa-miR-125b-2-3p,0.13506923615932465
Scleral Diseases,hsa-miR-125b-2-3p,0.1348683089017868
Lattice corneal dystrophy type 1,hsa-miR-1225-5p,0.1347135454416275
Brugada Syndrome,hsa-miR-1225-5p,0.13459552824497223
Spinal Cord Compression,hsa-miR-1225-5p,0.1345343440771103
Chronic   Pelvic Pain Syndrome,hsa-miR-34a-3p,0.13445676863193512
Neoplasms and Mesothelial,hsa-miR-34a-3p,0.13445501029491425
Myeloma Bone Disease,hsa-miR-34a-3p,0.13433285057544708
Iridocorneal Endothelial Syndrome,hsa-miR-155-3p,0.1342325657606125
Trypanosomiasis and African,hsa-miR-4444,0.13413219153881073
Chronic Urticaria,hsa-mir-8061,0.13406865298748016
Polyposis Syndrome and Hereditary Mixed and 1,hsa-miR-34a-3p,0.13401581346988678
Stomatognathic Diseases,hsa-miR-2392,0.13401110470294952
Adrenocortical Adenoma,hsa-miR-34a-3p,0.13399638235569
Urinary Calculi,hsa-miR-181d-5p,0.13394619524478912
Periodontitis and Diabetic,hsa-miR-181d-5p,0.13388670980930328
Reperfusion Injury and Testicular Ischemia,hsa-miR-1273h-3p,0.1337636560201645
Equine Infectious Anemia,hsa-miR-130a,0.1337003856897354
Asthma and Chronic,hsa-miR-195,0.13363702595233917
Myotonic Dystrophy,hsa-miR-223-3p,0.13351814448833466
fragile X-associated tremor/ataxia syndrome,hsa-miR-223-3p,0.13347111642360687
Gluteal Muscle   Contracture,hsa-miR-223-3p,0.13346125185489655
Non-Segmental Vitiligo,hsa-miR-195,0.13343970477581024
Fabry   Nephropathy,hsa-miR-223-3p,0.1334245651960373
Pelvic Organ Prolapse,hsa-miR-4482,0.133383646607399
Meniscus Degeneration,hsa-miR-223-3p,0.13312183320522308
Scleral Diseases,hsa-miR-223-3p,0.1330912560224533
Amebiasis,hsa-miR-223-3p,0.13308154046535492
Neonatal Sepsis,hsa-mir-8069,0.13298730552196503
Dilated Cardiomyopathy ,hsa-miR-3610,0.1328279823064804
Intra-Articular Fractures,hsa-miR-3622b-3p,0.13269637525081635
Heart Failure and Acute,hsa-miR-4443,0.13261906802654266
Metabolic  Syndrome,hsa-miR-450a-5p,0.1324717253446579
Vitreoretinochoroidopathy,EBV-mir-BART8,0.13227178156375885
Blind Loop Syndrome,hsa-miR-4517,0.13219861686229706
Heart Failure and Acute,mmu-miR-743a,0.13197483122348785
Granulomatous Disease and Chronic,hsa-miR-3620-5p,0.13180963695049286
Renal Artery Obstruction,hsa-miR-3620-5p,0.13176549971103668
Periodontitis and Diabetic,hsa-miR-3620-5p,0.13175679743289948
Ophthalmoplegia and Chronic Progressive External,hsa-miR-130a-1,0.13173170387744904
Wound Infection,hsa-miR-3620-5p,0.13166995346546173
Amebiasis,hsa-miR-3620-5p,0.13131357729434967
Stomatognathic Diseases,hsa-miR-30c-2,0.13124080002307892
Polyneuropathies,hsa-miR-1258,0.13121087849140167
Autoimmune Diseases of the Nervous System,hsa-miR-1258,0.1311926394701004
Fibromatosis and Gingival,hsa-miR-1258,0.13110356032848358
Severe Dengue,rno-miR-27a,0.1309971660375595
Fusariosis,rno-miR-27a,0.13075579702854156
Chronic   Pelvic Pain Syndrome,hsa-miR-1237,0.13062624633312225
Dysentery and Bacillary,mmu-miR-707,0.1306065171957016
Intra-Articular Fractures,hsa-miR-3146,0.1305922418832779
Multiple System Atrophy,hsa-miR-4511,0.13056470453739166
Reperfusion Injury and Testicular Ischemia,hsa-miR-1237,0.13044331967830658
Posterior Segment Ocular Diseases,hsa-miR-1237,0.13040022552013397
Neutropenia,hsa-miR-3155b,0.130271777510643
Wound Infection,hsa-miR-19a-3p,0.1300615519285202
Reperfusion Injury and Testicular Ischemia,hsa-miR-19a-3p,0.13002909719944
Neutropenia,hsa-miR-19a-3p,0.1300155371427536
Scleral Diseases,hsa-miR-3155b,0.12997125089168549
Encephalitis Virus and Japanese,hsa-miR-19a-3p,0.12993599474430084
Juvenile gout,hsa-miR-19a-3p,0.12981809675693512
Holt-Oram syndrome,hsa-miR-4482,0.1294330507516861
Axenfeld-Rieger syndrome,hsa-miR-4459,0.12933991849422455
Endothelial Barrier Dysfunction,hsa-mir-8061,0.1293363720178604
Hypothyroidism,rno-miR-27a,0.1293354481458664
Costello Syndrome,hsa-mir-8074,0.12923677265644073
Wound Infection,hsa-miR-212,0.12919475138187408
Reperfusion Injury and Testicular Ischemia,hsa-miR-212,0.12916229665279388
Nevi and Melanomas,hsa-miR-16-2-3p,0.12844456732273102
Vitelliform Macular Dystrophy,hsa-miR-3175,0.128188356757164
Stomatognathic Diseases,hsa-miR-3124,0.12813572585582733
Lupus Vasculitis and Central Nervous System,hsa-miR-3175,0.12812237441539764
Hereditary Autoinflammatory Diseases,hsa-miR-3175,0.128099724650383
Myeloma Bone Disease,hsa-miR-3175,0.1280985325574875
Papillomavirus Infections,hsa-mir-8080,0.1280527561903
Pelvic Organ Prolapse,hsa-mir-8074,0.12804831564426422
Pancreatitis and Acute Hemorrhagic,hsa-miR-3175,0.12803144752979279
Rhabdoviridae Infections,hsa-miR-3175,0.1279325634241104
Splenic Neoplasms,hsa-miR-3175,0.12790031731128693
Spinal Cord Compression,hsa-miR-3175,0.127865269780159
Gonadotoxicity,hsa-miR-4511,0.12784059345722198
Wound Infection,hsa-miR-1251,0.12773676216602325
Tricuspid Valve Insufficiency,hsa-miR-1251,0.12771646678447723
Double Outlet Right Ventricle,hsa-miR-19a-5p,0.12747244536876678
Hashimoto Disease,hsa-miR-4428,0.12725113332271576
Reperfusion Injury and Testicular Ischemia,hsa-miR-1185,0.12717099487781525
Intra-Articular Fractures,hsa-miR-3128,0.12704788148403168
Opium Dependence,hsa-mir-873,0.12643684446811676
Mesothelioma and Malignant,hsa-miR-4511,0.12611083686351776
Stomatognathic Diseases,hsa-miR-3117-3p,0.12600485980510712
Papillomavirus Infections,hsa-miR-4459,0.12597747147083282
Papillomavirus Infections,hsa-miR-4456,0.12582780420780182
Metabolic  Syndrome,mmu-miR-743a,0.1257951706647873
Reperfusion Injury and Testicular Ischemia,hsa-miR-4485-3p,0.12536467611789703
Lung  Adenocarcinoma,hsa-miR-4478,0.12528426945209503
Iridocorneal Endothelial Syndrome,hsa-miR-362,0.1251174360513687
Diminished  Ovarian Reserve,hsa-miR-28,0.1251075714826584
Metabolic  Syndrome,hsa-mir-8080,0.12426473200321198
Granulomatous Disease and Chronic,hsa-miR-30b,0.12424640357494354
Intra-Articular Fractures,hsa-miR-3663-3p,0.12423406541347504
Equine Infectious Anemia,hsa-miR-30b,0.12414295971393585
Holt-Oram syndrome,hsa-mir-8074,0.12409792840480804
Equine Infectious Anemia,hsa-miR-4447,0.12400875985622406
Posterior Segment Ocular Diseases,hsa-miR-4447,0.12389679253101349
Juvenile gout,hsa-miR-30b,0.12386323511600494
Rhabdoviridae Infections,hsa-miR-4447,0.12383301556110382
Gastric Antral Vascular Ectasia,hsa-let-7a-3p,0.12338580191135406
Liposarcoma and Myxoid,hsa-miR-29b-3p,0.12307436764240265
Gastric Antral Vascular Ectasia,hsa-miR-30c-2,0.12304176390171051
Classical Swine Fever,hsa-miR-29b-3p,0.12300746142864227
Sepsis and Intensive Care Unit-Acquired,hsa-miR-29b-3p,0.12299971282482147
Lymphohistiocytosis and Hemophagocytic,hsa-miR-29b-3p,0.12298078835010529
Hereditary Autoinflammatory Diseases,hsa-miR-29b-3p,0.12295804917812347
Rhabdoid Tumor and Kidney,hsa-miR-29b-3p,0.12295804917812347
Myeloma Bone Disease,hsa-miR-29b-3p,0.12295688688755035
Wound Infection,hsa-miR-29b-3p,0.12293039262294769
Stomatitis and Aphthous,hsa-miR-1225-5p,0.12277241051197052
Tauopathies,hsa-miR-200a-3p,0.12273351848125458
Adenocarcinoma Of Esophagus,hsa-miR-29b-3p,0.12264813482761383
Skeletal Muscle Dysplasia,hsa-miR-29b-3p,0.12262584269046783
Dementia and Vascular,hsa-miR-4444,0.12261040508747101
Cestode Infections,hsa-miR-29b-3p,0.12257044017314911
Optic atrophy 1 and deafness,hsa-miR-29b-3p,0.12253986299037933
Heart Failure and Acute,mmu-miR-708,0.1224559098482132
Airway Obstruction,hsa-miR-130a-3p,0.12243635952472687
Metabolic  Syndrome,hsa-miR-4459,0.12218941748142242
Autoimmune Diseases of the Nervous System,rno-miR-30e*,0.12196491658687592
Classical Swine Fever,hsa-miR-1226,0.121874138712883
Neuromyelitis Optica,mmu-miR-676-3p,0.12181048095226288
Angioedemas and Hereditary,rno-miR-30e*,0.12173767387866974
Chronic   Pelvic Pain Syndrome,EBV-miR-BART16,0.12162964046001434
Myotonic Dystrophy,EBV-miR-BART16,0.12155948579311371
Visceral Hypersensitivity,EBV-miR-BART16,0.12152861058712006
Asthma and Chronic,EBV-miR-BART16,0.12148417532444
Tricuspid Valve Insufficiency,EBV-miR-BART16,0.12145893275737762
Uveomeningoencephalitic Syndrome,EBV-miR-BART16,0.12137235701084137
Angioedemas and Hereditary,EBV-miR-BART16,0.12135748565196991
Meniscus Degeneration,EBV-miR-BART16,0.12116323411464691
Scleral Diseases,EBV-miR-BART16,0.12113259732723236
Intra-Articular Fractures,hsa-miR-133a-1,0.12103377282619476
Papillomavirus Infections,mmu-miR-697,0.12082956731319427
Teratoma,hsa-miR-4459,0.12027756869792938
Intrahepatic Cholestasis of Pregnancy,rno-miR-27a,0.12014038860797882
Papillomavirus Infections,mmu-miR-708,0.12006430327892303
Nevi and Melanomas,hsa-miR-149*,0.11981119215488434
Lattice corneal dystrophy type 1,hsa-miR-3199,0.11945204436779022
Lipid Metabolism Disorders,mmu-miR-676-3p,0.11889441311359406
Preterm Premature Rupture of the Membranes,mmu-miR-743a,0.11868499219417572
Maxillary Fractures,hsa-let-7a*,0.11865799129009247
Intra-Articular Fractures,hsa-miR-216,0.11854805052280426
Rhabdoid Tumor and Kidney,hsa-miR-27b-3p,0.11820478737354279
Posterior Segment Ocular Diseases,hsa-miR-27b-3p,0.11810146272182465
Choroid Diseases,hsa-miR-34b-3p,0.11778543889522552
Multiple Mitochondrial Dysfunctions Syndrome,hsa-miR-34b-3p,0.1177809089422226
Urinary Calculi,hsa-miR-34b-3p,0.11777742207050323
Trypanosomiasis and African,hsa-miR-4443,0.11773364245891571
Prekallikrein Deficiency,hsa-miR-34b-3p,0.11767776310443878
Rhabdoid Tumor and Kidney,hsa-miR-34b-3p,0.11765868961811066
Myeloma Bone Disease,hsa-miR-34b-3p,0.11765758693218231
Wound Infection,hsa-miR-34b-3p,0.11763109266757965
Vaginosis and Bacterial,hsa-miR-34b-3p,0.11761058866977692
Venous Neointimal Hyperplasia,hsa-miR-34b-3p,0.11760769784450531
Skeletal Muscle Dysplasia,hsa-miR-34b-3p,0.11732654273509979
Pancoast Syndrome,mmu-miR-708,0.1173195093870163
Testicular Neoplasms,hsa-miR-34b-3p,0.1172618418931961
Optic Neuritis,hsa-miR-4478,0.11709438264369965
Tooth and Supernumerary,hsa-miR-4511,0.11700104176998138
Hereditary Autoinflammatory Diseases,hsa-miR-3677,0.11681802570819855
Reperfusion Injury and Testicular Ischemia,hsa-miR-3677,0.11675788462162018
Neoplasms and Mesothelial,hsa-miR-302b,0.11669658124446869
Tibial Neuropathy,hsa-miR-302b,0.11658193171024323
Reperfusion Injury and Testicular Ischemia,hsa-miR-302b,0.11651544272899628
Metabolic  Syndrome,mmu-miR-700-5p,0.11646507680416107
Iridocorneal Endothelial Syndrome,hsa-miR-193b*,0.1163879781961441
Hyperphagia,hsa-mir-8074,0.11632592976093292
Skeletal Muscle Injury,hsa-miR-432*,0.11629436910152435
Metabolic  Syndrome,mmu-miR-708,0.11627639830112457
Polymyalgia Rheumatica,hsa-miR-129-5p,0.11621944606304169
Tibial Neuropathy,hsa-miR-432*,0.11619772017002106
UV-Sensitive Syndrome,hsa-miR-335*,0.1161600798368454
Dilated Cardiomyopathy ,hsa-let-7a-5p,0.11581192910671234
Heart Failure and Diastolic,hsa-miR-1226,0.11580334603786469
Carcinoma and Mucoepidermoid,hsa-miR-1284,0.11574290692806244
Dilated Cardiomyopathy ,hsa-miR-181a-3p,0.1156194657087326
Testicular Neoplasms,hsa-miR-1343-3p,0.11554397642612457
Smith-McCort Dysplasia,mmu-miR-743a,0.11539791524410248
Myeloma Bone Disease,hsa-miR-3928,0.11533151566982269
Acute Uterine Injury,hsa-mir-8061,0.11511881649494171
Myeloma Bone Disease,hsa-miR-222,0.11503343284130096
Transmissible Gastroenteritis,hsa-miR-222,0.11494620144367218
Heart Failure and Acute,hsa-miR-4437,0.11438597738742828
Hemorrhagic Fever with Renal Syndrome,hsa-miR-320B,0.11424925923347473
Hereditary Autoinflammatory Diseases,hsa-miR-320B,0.11413262784481049
Diabetic  Retinopathy,hsa-miR-320B,0.11408007144927979
Lattice corneal dystrophy type 1,hsa-miR-320B,0.11407741904258728
Reperfusion Injury and Testicular Ischemia,hsa-miR-320B,0.11407247185707092
Human T-Cell Leukemia Virus Type 1 Infections,hsa-miR-320B,0.11386764049530029
Chediak-Higashi Syndrome,hsa-miR-423-5p,0.11384513974189758
Amebiasis,hsa-miR-320B,0.11374865472316742
Nevi and Melanomas,hsa-miR-3676-5p,0.11358797550201416
Equine Infectious Anemia,hsa-miR-1293,0.11354057490825653
Reperfusion Injury and Testicular Ischemia,hsa-miR-3676-5p,0.11349061131477356
Reperfusion Injury and Testicular Ischemia,hsa-miR-140-5p,0.11347927153110504
Chronic Kidney   Disease,hsa-miR-3676-5p,0.11347369849681854
Hyperoxia,hsa-miR-4459,0.11343535780906677
Diminished  Ovarian Reserve,hsa-miR-140-5p,0.1134110540151596
Nevi and Melanomas,hsa-miR-135b,0.11335176229476929
Splenic Neoplasms,hsa-miR-140-5p,0.11334006488323212
Hyperoxia,hsa-miR-4456,0.11328569054603577
Stomatitis and Aphthous,hsa-miR-28,0.11323946714401245
Neuromyelitis Optica,hsa-mir-873,0.11305563151836395
Proteinuria,hsa-mir-873,0.1129896342754364
Human T-Cell Leukemia Virus Type 1 Infections,hsa-miR-22-5p,0.11298412084579468
Polyposis Syndrome and Hereditary Mixed and 1,hsa-miR-22-5p,0.11293083429336548
Testicular Neoplasms,hsa-miR-135b,0.1129176914691925
Heart Failure and Acute,hsa-miR-4494,0.11265245079994202
Autolysis,rno-miR-27a,0.11214974522590637
Papillomavirus Infections,hsa-miR-4437,0.11199437081813812
Epilepsies and Partial,hsa-miR-4492,0.11179059743881226
Radiation-Induced Oral Mucositis,hsa-miR-1285-2,0.11174018681049347
Shprintzen Golberg craniosynostosis,hsa-miR-28-3p,0.11162067949771881
Persistent Fetal Circulation Syndrome,hsa-miR-4444,0.11156541109085083
Reperfusion Injury and Testicular Ischemia,hsa-miR-28-3p,0.11148062348365784
Neutropenia,hsa-miR-28-3p,0.1114671379327774
Spinal Cord Compression,hsa-miR-28-3p,0.11130636930465698
Lattice corneal dystrophy type 1,hsa-miR-338-3p,0.1111411601305008
Heart Failure and Acute,hsa-miR-4482,0.11070501804351807
IMAGe syndrome,hsa-miR-3918,0.11055633425712585
Urinary Calculi,hsa-mir-8078,0.1102399230003357
Kidney Tubular Necrosis and Acute,hsa-miR-4267,0.11005659401416779
Trichosporonosis,hsa-miR-329-3p,0.11005374789237976
Polyposis Syndrome and Hereditary Mixed and 1,hsa-mir-8078,0.10980308055877686
Diminished  Ovarian Reserve,hsa-miR-212-3p,0.10919143259525299
Posterior Segment Ocular Diseases,hsa-miR-379*,0.10914324223995209
Amebiasis,hsa-miR-212-3p,0.10893577337265015
Periodontitis and Diabetic,hsa-miR-3646,0.1088491827249527
Dilated Cardiomyopathy ,mmu-miR-707,0.10881863534450531
Chediak-Higashi Syndrome,hsa-miR-1303,0.10881759226322174
Gastric Antral Vascular Ectasia,hcmv-miR-UL59,0.1079876571893692
Equine Infectious Anemia,hsa-let-7f-2*,0.10798691213130951
Central Nervous System Diseases,rno-miR-27a,0.10798098146915436
Diminished  Ovarian Reserve,hsa-let-7f-2*,0.10784986615180969
Hemophilia A,hsa-miR-4443,0.1077239066362381
Hyperoxia,mmu-miR-700-5p,0.10771113634109497
Tuberculosis and Gastrointestinal,hsa-miR-3686,0.1076803207397461
Nevi and Melanomas,hsa-miR-3686,0.10765202343463898
Huntington Disease,mmu-miR-676-3p,0.10758495330810547
Pancoast Syndrome,hsa-miR-4494,0.10751637816429138
Hemorrhage,hsa-miR-4492,0.1072825938463211
Amebiasis,hsa-miR-3686,0.1072307825088501
Stomatognathic Diseases,EBV-mir-BART8,0.1072191596031189
Edwardsiella tarda,mmu-miR-676-3p,0.10712830722332001
Vitreoretinochoroidopathy,hsa-miR-1469,0.1068684309720993
Diabetes Complications,mmu-miR-676-3p,0.10664373636245728
Tauopathies,hsa-miR-021,0.10658074915409088
Papillomavirus Infections,hsa-miR-4439,0.10653598606586456
Hyperglycinemia and Nonketotic,hsa-miR-4444,0.10621173679828644
Smith-McCort Dysplasia,mmu-miR-700-5p,0.10606783628463745
Autoimmune Diseases of the Nervous System,hsa-miR-23a,0.1060461699962616
Tricuspid Valve Insufficiency,hsa-miR-23a,0.10592031478881836
Spinal Cord Compression,hsa-miR-1915*,0.10590225458145142
Neoplasms and Hormone-Dependent,hsa-miR-23a,0.10586023330688477
nonobstructive coronary artery disease,hsa-miR-333,0.1057228296995163
Juvenile gout,hsa-miR-23a,0.10569711029529572
Myeloma Bone Disease,hsa-miR-333,0.10559006035327911
Pancoast Syndrome,hsa-miR-4482,0.10556882619857788
Neutropenia,hsa-miR-333,0.10551762580871582
Neutropenia,hsa-miR-1231,0.10548640787601471
Gastric Antral Vascular Ectasia,hsa-let-7a-1,0.10531550645828247
Sepsis-Associated Encephalopathy,mmu-miR-676-3p,0.10526223480701447
Cholesteatoma and Middle Ear,hsa-mir-802,0.10526217520236969
Meniscus Degeneration,hsa-miR-333,0.1052476316690445
Hyperuricemic Nephropathy,mmu-miR-676-3p,0.10520178079605103
Reperfusion Injury and Testicular Ischemia,hsa-miR-1295b-3p,0.10516004264354706
Meniscus Degeneration,hsa-miR-155-5p,0.10513535141944885
Scleral Diseases,hsa-miR-155-5p,0.10510481894016266
Salivary Gland Neoplasms,mmu-miR-676-3p,0.10476234555244446
Metabolic  Syndrome,hsa-miR-4482,0.1045253574848175
Rheumatic Fever,mmu-miR-676-3p,0.10434243083000183
Trypanosomiasis and African,hsa-mir-8069,0.10422256588935852
Drug-Related Side Effects and Adverse Reactions,mmu-miR-676-3p,0.10417720675468445
Hyperoxia,hsa-mir-8069,0.10417452454566956
Chondrocyte Hypertrophy,mmu-miR-676-3p,0.10407231748104095
Otitis Media,mmu-miR-676-3p,0.10400380194187164
Multiple Mitochondrial Dysfunctions Syndrome,hsa-miR-30b-5p,0.10394610464572906
Tuberous Sclerosis,hsa-miR-4482,0.10348153114318848
Hemophilia A,hsa-miR-4459,0.10347403585910797
Gastric Antral Vascular Ectasia,hsa-miR-1975,0.1033986359834671
Postoperative Cognitive Complications,hsa-miR-4444,0.1031869500875473
Hepatitis and Alcoholic,mmu-miR-676-3p,0.10312411189079285
Neoplasms and Mesothelial,hsa-miR-15a-5p,0.10301089286804199
Nevi and Melanomas,hsa-miR-4433a-3p,0.10300956666469574
Equine Infectious Anemia,hsa-miR-4433a-3p,0.10298097133636475
Papillomavirus Infections,hsa-mir-8074,0.1029781699180603
Nevi and Melanomas,hsa-miR-15a-5p,0.10292713344097137
Pregnancy Complications and Infectious,mmu-miR-676-3p,0.10290193557739258
Chronic   Pelvic Pain Syndrome,hsa-miR-374c-3p,0.10289902985095978
Asthma and Chronic,hsa-miR-15a-5p,0.10286721587181091
Reperfusion Injury and Testicular Ischemia,hsa-miR-15a-5p,0.10282976925373077
Equine Infectious Anemia,hsa-miR-374c-3p,0.10278487205505371
Metabolic  Syndrome,hsa-miR-4439,0.1027475893497467
Wound Infection,hsa-miR-1974,0.1027444452047348
Phyllodes Tumor and Breast,hsa-miR-130,0.10268768668174744
Teratoma,hsa-miR-4482,0.10261374711990356
Susac Syndrome,hsa-miR-130,0.10256081819534302
Amebiasis,hsa-miR-15a-5p,0.1025058925151825
systemic primary carnitine deficiency disease,mmu-miR-708,0.1021072268486023
Dilated Cardiomyopathy ,hsa-miR-4447,0.10193152725696564
endometriosis in scar of skin,mmu-miR-676-3p,0.10192805528640747
Dementia and Vascular,hsa-miR-4456,0.10181185603141785
Aortic Valve Disease,hsa-miR-4492,0.10176503658294678
UV-Sensitive Syndrome,hsa-miR-4268,0.10133519768714905
Plasmablastic Lymphoma,hsa-miR-4492,0.10127021372318268
Myeloma Bone Disease,hsa-miR-4268,0.10124795138835907
Lattice corneal dystrophy type 1,hsa-miR-4268,0.1011938750743866
Periodontitis and Diabetic,hsa-miR-1321,0.10119330883026123
Inflammation and Chronic,hsa-miR-3134,0.10118281841278076
Constriction and Pathologic,mmu-miR-676-3p,0.10103006660938263
Respiratory Tract Infections,hsa-mir-8074,0.10098938643932343
Spinal Cord Ischemia,hsa-miR-4492,0.1009768545627594
Myeloma Bone Disease,hsa-miR-350,0.10096541047096252
Teratoma,hsa-miR-4439,0.10083597898483276
Plasmablastic Lymphoma,rno-miR-30b-3p,0.10081937909126282
Periodontitis and Diabetic,hsa-miR-409-5p,0.10062970221042633
Thymoma,hsa-miR-4510,0.10057015717029572
Reperfusion Injury and Intestinal Ischemia,hsa-miR-4510,0.10053300857543945
Mitochondrial Diseases,hsa-miR-4510,0.10048472881317139
Pregnancy and Ectopic,hsa-miR-4492,0.10041821002960205
Cerebral Infarction,hsa-miR-4510,0.10041210055351257
Bicuspid Aortic Valve Disease,hsa-miR-4510,0.1004033088684082
Cushing Syndrome,hsa-miR-4510,0.10038825869560242
cone-rod dystrophy 6,hsa-miR-4510,0.10033750534057617
Avian Leukosis,hsa-miR-4510,0.10025675594806671
Grave Disease,rno-miR-30b-3p,0.10019594430923462
Hirschsprung-Associated Enterocolitis,rno-miR-30b-3p,0.10013164579868317
Hpv-Induced Warts,hsa-miR-4510,0.10011544823646545
Cerebral Infarction and Acute,hsa-miR-4510,0.10010948777198792
Hyperphagia,hsa-miR-4428,0.1001003235578537
Camptocormia,rno-miR-30b-3p,0.10001339018344879
Supranuclear Palsy and Progressive,rno-miR-30b-3p,0.09998135268688202
Dilated Cardiomyopathy ,hsa-miR-1226,0.09975604712963104
Rhabdoid Tumor and Kidney,hsa-miR-3150b-3p,0.09952014684677124
Intra-Articular Fractures,hsa-miR-23c,0.09936685860157013
Vitreoretinochoroidopathy,hsa-let-7d,0.09908419847488403
Squamous Intraepithelial Lesions of the Cervix,hsa-miR-4492,0.09890112280845642
Renal Interstitial Fibrosis,hsa-miR-4492,0.09881658852100372
Diminished  Ovarian Reserve,EBV-mir-BHRF1-3,0.09877941012382507
Angioedemas and Hereditary,EBV-mir-BHRF1-3,0.09875845909118652
Fluoride Poisoning,hsa-miR-102,0.0986274927854538
Chediak-Higashi Syndrome,EBV-mir-BHRF1-3,0.0985666811466217
Chilblain lupus,hsa-miR-4492,0.09847168624401093
Squamous Intraepithelial Lesions of the Cervix,rno-miR-30b-3p,0.09845064580440521
Diabetes Complications,hsa-mir-802,0.09839887917041779
Multiple Mitochondrial Dysfunctions Syndrome,hsa-miR-101b,0.09839656949043274
Urinary Calculi,hsa-miR-101b,0.09839314222335815
Maxillary Fractures,hsa-miR-4255,0.0983908474445343
Autoimmune Diseases of the Nervous System,hsa-miR-101b,0.09835231304168701
Carcinoma,hsa-mir-873,0.09833499789237976
succinic semialdehyde dehydrogenase deficiency,hsa-miR-101b,0.0982813835144043
Pulmonary Hypertension and Thromboembolic and Chronic,rno-miR-30b-3p,0.0982741117477417
Posterior Segment Ocular Diseases,hsa-miR-101b,0.09817107021808624
Inflammation and Chronic,hsa-miR-206,0.098161980509758
Tuberous Sclerosis,hsa-mir-8074,0.09814642369747162
Reperfusion Injury and Testicular Ischemia,hsa-miR-206,0.09811043739318848
Rheumatic Fever,rno-miR-30b-3p,0.09806758165359497
Diminished  Ovarian Reserve,hsa-miR-206,0.09804221987724304
Gastric Antral Vascular Ectasia,hsa-miR-186*,0.09802252054214478
Vasospasm and Intracranial,hsa-mir-873,0.09801551699638367
Drug-Induced Kidney Injury,mmu-miR-676-3p,0.0979609489440918
Anaphylaxis,hsa-miR-101b,0.09793685376644135
Smith-McCort Dysplasia,hsa-miR-4437,0.09780895709991455
Dilated Cardiomyopathy ,hsa-miR-4445-5p,0.09779858589172363
Trypanosomiasis and African,hsa-miR-4494,0.09776712954044342
Cataract and Congenital Zonular and with Sutural Opacities,hsa-mir-873,0.09775346517562866
Otitis Media,rno-miR-30b-3p,0.09772871434688568
Rh-Negative Hemolytic Disease and Fetus,hsa-mir-873,0.09771950542926788
Lupus Erythematosus and Cutaneous,rno-miR-30b-3p,0.09729759395122528
Scleroderma and Diffuse,rno-miR-30b-3p,0.09729398787021637
Ameloblastoma,mmu-miR-676-3p,0.09717795252799988
Epidural   Fibrosis,hsa-mir-873,0.09708741307258606
Digestive System Neoplasms,rno-miR-30b-3p,0.09703736007213593
Gastric Antral Vascular Ectasia,hsa-miR-3669,0.0960923433303833
Blind Loop Syndrome,hsa-miR-30b,0.09608608484268188
Renal Interstitial Fibrosis,hsa-mir-873,0.09588630497455597
Trypanosomiasis and African,hsa-miR-4482,0.09581957757472992
Preterm Premature Rupture of the Membranes,hsa-miR-4439,0.09563776850700378
Aspermia,rno-miR-30b-3p,0.09549544751644135
Fused Teeth,hsa-mir-873,0.09543821215629578
Multiple System Atrophy,rno-miR-27a,0.09541387856006622
Wilms Tumor,hsa-mir-873,0.09525516629219055
Otitis Media,hsa-mir-873,0.09524890780448914
Neutropenia,hsa-miR-4265,0.0951797366142273
Retinitis Pigmentosa,hsa-miR-4265,0.09517179429531097
Mesothelioma,hsa-mir-873,0.09508560597896576
Follicular Atresia,hsa-miR-4444,0.09506642818450928
Angioedemas and Hereditary,hsa-miR-1251-5p,0.09498214721679688
Disease Progression,hsa-mir-873,0.09485535323619843
Coxsackievirus Infections,hsa-mir-873,0.0948449969291687
Neuromuscular Junction Diseases,rno-miR-30b-3p,0.09483601152896881
Inflammation and Chronic,hsa-miR-181a-2-3p,0.09477083384990692
Fabry   Nephropathy,hsa-miR-181a-2-3p,0.09473855793476105
Diminished  Ovarian Reserve,hsa-miR-181a-2-3p,0.09465107321739197
Pancreatic Intraductal Neoplasms,hsa-mir-873,0.09463727474212646
Toxoplasmosis and Cerebral,hsa-miR-4444,0.09462796151638031
Acute Lung Injury and Hyperoxic,hsa-miR-222,0.09447352588176727
Fluoride Poisoning,hsa-miR-3125,0.09419834613800049
Meniscus Degeneration,hsa-miR-100-2,0.09410080313682556
Scoliosis and Adolescent,hsa-mir-873,0.09407694637775421
Hyperoxia,hsa-miR-4439,0.09399387240409851
Neurotoxicity Syndromes,hsa-miR-4444,0.09396947920322418
Pancoast Syndrome,hsa-miR-4511,0.09387151896953583
Neuromyelitis Optica,hsa-miR-4444,0.09387049078941345
Leishmaniasis and Diffuse Cutaneous,hsa-mir-802,0.09383277595043182
Folic Acid Deficiency,hsa-mir-873,0.09383152425289154
Proteinuria,hsa-miR-4444,0.09380437433719635
Neuralgia,hsa-miR-4492,0.09377890825271606
Tachycardia,mmu-miR-676-3p,0.09352827072143555
Macular dystrophy and corneal type 1,mmu-miR-676-3p,0.09345951676368713
Vitreoretinochoroidopathy,hsa-miR-181b-2,0.09338805079460144
Nephrotic Syndrome,hsa-mir-8061,0.09331998229026794
Wallerian Degeneration,hsa-miR-4444,0.09330523014068604
endometriosis in scar of skin,hsa-mir-873,0.09317316114902496
Tauopathies,hsa-miR-218-1,0.09312626719474792
Polycystic Kidney Diseases,hsa-miR-4510,0.09294530749320984
Neointimal Hyperplasia,hsa-mir-873,0.0928681343793869
Metabolic  Syndrome,hsa-miR-4511,0.0928279310464859
Postoperative Cognitive Complications,hsa-miR-450a-5p,0.09282058477401733
Intra-Articular Fractures,hsa-miR-1305,0.09271836280822754
Gastric Antral Vascular Ectasia,hsa-miR-1271-3p,0.09268836677074432
Autoimmune Diseases of the Nervous System,hsa-miR-15a,0.0926685780286789
Smith-McCort Dysplasia,hsa-miR-4439,0.09235057234764099
systemic primary carnitine deficiency disease,hsa-miR-4494,0.09230375289916992
Neoplasms and Mesothelial,hsa-miR-1301-3p,0.09229309856891632
Diabetic Wound,hsa-miR-1284,0.09222401678562164
Scleral Diseases,hsa-miR-15a,0.09221644699573517
Nevi and Melanomas,hsa-miR-22,0.0922086238861084
Skeletal Muscle Injury,hsa-miR-124a-2,0.09215593338012695
Humeral Fractures,hsa-miR-1284,0.09212490916252136
Gliosis,hsa-miR-22,0.09205670654773712
Angioedemas and Hereditary,hsa-miR-1301-3p,0.09202274680137634
Splenic Neoplasms,hsa-miR-1301-3p,0.0919727087020874
Spinal Cord Compression,hsa-miR-22,0.09193694591522217
Visceral Pain,hsa-miR-1283,0.09178350865840912
IgA Vasculitis,hsa-mir-873,0.09163089096546173
Spinal Cord Compression,hsa-miR-1283,0.09155535697937012
Nerve Degeneration,hsa-mir-873,0.09152708947658539
Amebiasis,hsa-miR-1283,0.09140585362911224
Neuralgia,hsa-mir-802,0.09135867655277252
Sucrase-isomaltase deficiency and congenital,hsa-mir-873,0.09129190444946289
Mixed Connective Tissue Disease,rno-miR-30b-3p,0.09127761423587799
Mesothelioma and Malignant,rno-miR-27a,0.09096038341522217
Lipid Metabolism Disorders,hsa-miR-4444,0.0909544974565506
Hypocapnia,hsa-miR-34c-3p,0.09059165418148041
Trypanosomiasis and African,hsa-mir-8074,0.09048399329185486
Renal Artery Obstruction,hsa-let-7f-2-3p,0.09033440053462982
Absent corpus callosum cataract immunodeficiency,hsa-let-7f-2-3p,0.09027731418609619
Tibial Neuropathy,hsa-let-7f-2-3p,0.0902726799249649
Opium Dependence,mmu-miR-743a,0.09020891785621643
Urinary Bladder Neck Obstruction,hsa-miR-4492,0.09003962576389313
Adenocarcinoma in Situ,hsa-miR-3650,0.09003289043903351
Spinal Cord Compression,hsa-let-7f-2-3p,0.09003196656703949
Polyposis Syndrome and Hereditary Mixed and 1,hsa-let-7f-2-3p,0.08994820713996887
Angioedemas and Hereditary,hsa-miR-3650,0.08985580503940582
Drug-Induced Kidney Injury,hsa-mir-802,0.08971609175205231
Intra-Articular Fractures,hsa-miR-378f,0.08970044553279877
Epilepsies and Partial,hsa-miR-4444,0.08967487514019012
Testicular Damage,hsa-miR-4459,0.08959570527076721
Transmissible Gastroenteritis,hsa-miR-27a-5p,0.08950088918209076
Stress Disorders and Post-Traumatic,rno-miR-30b-3p,0.08933916687965393
Humeral Fractures,hsa-miR-200a-3p,0.08925493061542511
Drug-Induced Kidney Injury,hsa-mir-873,0.08920592069625854
Pneumococcal Infections,hsa-miR-4255,0.08894036710262299
hypomelanosis of Ito,mmu-miR-676-3p,0.08835813403129578
Acute Disease,hsa-mir-8061,0.08826170861721039
Meniscus Degeneration,hsa-miR-1277-3p,0.0882222056388855
Reperfusion Injury and Ischemia,hsa-miR-130a-3p,0.08794333040714264
Costello Syndrome,rno-miR-27a,0.08772411942481995
Macular dystrophy and corneal type 1,hsa-miR-4492,0.08763512969017029
Lattice corneal dystrophy type 1,hcmv-miR-UL148d,0.08730541169643402
Axenfeld-Rieger syndrome,rno-miR-369-3p,0.08665655553340912
Dilated Cardiomyopathy ,hsa-mir-885,0.08627106249332428
Trichosporonosis,hsa-miR-376b-3p,0.08575013279914856
Heart Failure and Acute,rno-miR-369-3p,0.08568558096885681
Hyperglycinemia and Nonketotic,hsa-miR-4459,0.08556319773197174
Maxillary Fractures,hsa-miR-3136-5p,0.08541621267795563
Dermatomyositis,hsa-mir-873,0.08537344634532928
Vitreoretinochoroidopathy,hsa-miR-199a*-1,0.08534359931945801
Reperfusion Injury and Testicular Ischemia,hsa-miR-218-1*,0.08528785407543182
Reperfusion Injury and Testicular Ischemia,hsa-miR-4485-5p,0.08513318002223969
Marek Disease,hsa-miR-450a-5p,0.0850430279970169
Persistent Fetal Circulation Syndrome,mmu-miR-708,0.08500358462333679
Dysentery and Bacillary,hsa-miR-4485-5p,0.08491267263889313
Diabetic Nephropathies and Proliferative,hsa-mir-873,0.08489957451820374
Heart Failure and Diastolic,hsa-miR-3187,0.08484990894794464
Postoperative Cognitive Complications,hsa-mir-8080,0.08461381494998932
Intra-Articular Fractures,hsa-miR-3620-5p,0.08424420654773712
Lymphohistiocytosis and Hemophagocytic,hsa-miR-4279,0.08419306576251984
Hyperoxia,hsa-miR-4511,0.0840742290019989
Airway Obstruction,hsa-miR-1238,0.08396364748477936
congenital myopathy 1A,hsa-miR-30d-3p,0.08370989561080933
Dilated Cardiomyopathy ,hsa-miR-1231,0.08349145948886871
Proteinuria,hsa-miR-450a-5p,0.08343802392482758
Splenic Neoplasms,hsa-miR-183-5p,0.08287723362445831
Severe Fever with Thrombocytopenia Syndrome,mmu-miR-708,0.08287642896175385
Dry Eye Syndromes,hsa-mir-873,0.08257733285427094
Dementia and Vascular,hsa-miR-4439,0.08252003788948059
Nervous System Diseases,hsa-mir-873,0.0819382518529892
Fluoride Poisoning,hsa-miR-329-3p,0.08172982931137085
Tauopathies,hsa-miR-3202,0.08167192339897156
Myotonic Dystrophy,hsa-miR-219a-5p,0.08166150748729706
Tricuspid Valve Insufficiency,hsa-miR-219a-5p,0.0815608948469162
Opium Dependence,mmu-miR-700-5p,0.08087895810604095
Skeletal Muscle Injury,hsa-let-7c-3p,0.08086176216602325
Reperfusion Injury and Testicular Ischemia,hsa-miR-33a*,0.08074826002120972
Primary Gastrointestinal Diffuse Large B-Cell Lymphoma ,hsa-miR-33a*,0.08072248101234436
Opium Dependence,mmu-miR-708,0.08069002628326416
Pathologic Processes,hsa-miR-4443,0.08064715564250946
Amebiasis,hsa-miR-33a*,0.08042444288730621
Eye Diseases,rno-miR-30b-3p,0.0799226462841034
Hyperglycinemia and Nonketotic,mmu-miR-700-5p,0.07983897626399994
Asthma and Chronic,hsa-miR-339,0.07977886497974396
Huntington Disease,hsa-miR-4444,0.07964479923248291
Premature Birth,hsa-miR-4444,0.07963010668754578
Adrenocorticotropic hormone deficiency,hsa-miR-4492,0.07935288548469543
Epilepsies and Partial,hsa-miR-450a-5p,0.0793083906173706
Edwardsiella tarda,hsa-miR-4444,0.079188272356987
Congenital Abnormalities,hsa-miR-4444,0.07917068898677826
Gastric Antral Vascular Ectasia,hsa-miR-371a-3p,0.07910726964473724
Branchio-Oto-Renal Syndrome,hsa-mir-873,0.07908529043197632
Cholecystolithiasis,hsa-miR-4444,0.07906629145145416
Phyllodes Tumor,mmu-miR-676-3p,0.07904481887817383
Thyroiditis,hsa-mir-873,0.07882408797740936
Stenosis and Pulmonary Artery,hsa-miR-329-3p,0.0786757618188858
Lattice corneal dystrophy type 1,hsa-miR-189,0.07864387333393097
Niemann-Pick Diseases,hsa-miR-329-3p,0.07861386239528656
Granulomatous Disease and Chronic,hsa-miR-3152-3p,0.07860662043094635
Cataract and Congenital Zonular and with Sutural Opacities,hsa-miR-4444,0.0785684585571289
Trichosporonosis,hsa-miR-3928-3p,0.07855595648288727
Grave Disease,hsa-miR-4444,0.07853111624717712
IMAGe syndrome,hsa-miR-329-3p,0.07844586670398712
Supranuclear Palsy and Progressive,hsa-miR-4444,0.07831664383411407
Epidural   Fibrosis,hsa-miR-4444,0.07790239155292511
Sepsis-Associated Encephalopathy,hsa-miR-4444,0.07732206583023071
Hyperuricemic Nephropathy,hsa-miR-4444,0.07726186513900757
Anemia and Iron-Deficiency,hsa-let-7a*,0.0769495815038681
Hereditary Autoinflammatory Diseases,hsa-miR-1914,0.0769130140542984
Wallerian Degeneration,hsa-miR-4443,0.07690668106079102
Diabetic Ischemia Complication,hsa-miR-4444,0.07690106332302094
Leukopenia,hsa-miR-329-3p,0.07685579359531403
Neuromyelitis Optica,mmu-miR-743a,0.07682770490646362
Salivary Gland Neoplasms,hsa-miR-4444,0.07682231068611145
Postoperative Cognitive Complications,mmu-miR-700-5p,0.0768141895532608
Gliosis,hsa-miR-1914,0.07679830491542816
Choledocholithiasis,hsa-miR-4444,0.07677799463272095
Maxillary Fractures,hsa-miR-3202,0.07674744725227356
Postoperative Cognitive Complications,mmu-miR-708,0.07662536203861237
Pulmonary Hypertension and Thromboembolic and Chronic,hsa-miR-4444,0.07660940289497375
Amebiasis,hsa-miR-1914,0.07652898132801056
Adrenocorticotropic hormone deficiency,hsa-mir-873,0.07642248272895813
Chilblain lupus,hsa-miR-4444,0.07635603845119476
Spinal Curvatures,hsa-miR-4444,0.0762864202260971
Panniculitis and Peritoneal,hsa-miR-4444,0.0762857049703598
Ehlers-Danlos Syndrome and musculocontractural type 1,mmu-miR-676-3p,0.07622738182544708
D-bifunctional protein deficiency,hsa-miR-3914,0.076212078332901
Charcot-Marie-Tooth disease type 1B,hsa-miR-4444,0.07591335475444794
Neurodevelopmental Injuries,hsa-miR-4444,0.07581508159637451
Lattice corneal dystrophy type 1,hsa-miR-4475,0.07567198574542999
Reperfusion Injury and Testicular Ischemia,hsa-miR-4475,0.07566703855991364
Niemann-Pick Diseases,hsa-miR-1268,0.0756666362285614
Neutropenia,hsa-miR-4475,0.0756535530090332
Lupus Erythematosus and Cutaneous,hsa-miR-4444,0.07563288509845734
Tachycardia and Sinus,hsa-miR-1244,0.07546663284301758
Pancreatic Intraductal Neoplasms,hsa-miR-4444,0.07545213401317596
Neurotoxicity Syndromes,hsa-mir-8080,0.07539629936218262
Digestive System Neoplasms,hsa-miR-4444,0.07537265121936798
autosomal recessive congenital bilateral absence of vas deferens,hsa-miR-4444,0.07533532381057739
Intra-Articular Fractures,hsa-miR-193b*,0.07526670396327972
Carcinoma and Adenoid Cystic and Lacrimal Gland,hsa-miR-3649,0.07522635161876678
Cholesteatoma and Middle Ear,hsa-miR-450a-5p,0.07520051300525665
Asthenozoospermia,hsa-miR-4444,0.07503172755241394
Renal Artery Obstruction,hsa-miR-221-5p,0.07500085234642029
Sepsis and Intensive Care Unit-Acquired,hsa-miR-221-5p,0.07497453689575195
Craniosynostoses,hsa-miR-4444,0.07481533288955688
Hyperphagia,rno-miR-27a,0.07481326162815094
Polyposis Syndrome and Hereditary Mixed and 1,hsa-miR-221-5p,0.07461470365524292
Amebiasis,hsa-miR-221-5p,0.07454890012741089
Reperfusion Injury and Ischemia,hsa-miR-1245b-3p,0.0742623507976532
Reperfusion Injury and Steatotic Liver Ischemia,EBV-miR-BART11,0.0742410272359848
Nevi and Melanomas,hsa-miR-136-3p,0.07414178550243378
Lupus Vasculitis and Central Nervous System,hsa-miR-136-3p,0.07412715256214142
Tachycardia and Sinus,hsa-miR-30d-3p,0.07406662404537201
Rhabdomyosarcoma,hsa-mir-875,0.07378284633159637
Mastocytoma and Skin,hsa-let-7a*,0.0737631767988205
Amebiasis,rno-miR-99a,0.07373403012752533
Testicular Neoplasms,hsa-miR-136-3p,0.07370765507221222
Proteinuria,hsa-miR-4459,0.07315577566623688
Tauopathies,hsa-miR-193b,0.07311731576919556
Severe Fever with Thrombocytopenia Syndrome,hsa-miR-4494,0.07307343184947968
Neuromyelitis Optica,hsa-miR-4456,0.07307228446006775
Hypocapnia,hsa-miR-1244,0.07268545031547546
Epilepsies and Partial,mmu-miR-743a,0.07263213396072388
Dementia and Vascular,hsa-miR-4511,0.07260051369667053
IgA Vasculitis,hsa-miR-4444,0.07244576513767242
Kidney Tubular Necrosis and Acute,hsa-miR-1179,0.0723445862531662
Nerve Degeneration,hsa-miR-4444,0.07234182953834534
Periodontitis and Diabetic,hsa-miR-196a*,0.07214176654815674
Sucrase-isomaltase deficiency and congenital,hsa-miR-4444,0.07210676372051239
Reperfusion Injury and Testicular Ischemia,hsa-miR-196a*,0.07202236354351044
Transmissible Gastroenteritis,hsa-miR-196a*,0.07199406623840332
Testicular Damage,hsa-miR-4482,0.07193151116371155
Dilated Cardiomyopathy ,hsa-let-7b-3p,0.07186484336853027
Kidney Cortex Necrosis,hsa-miR-30d-3p,0.07173125445842743
Amebiasis,hsa-miR-196a*,0.07169848680496216
proliferative diabetic retinopathy,hsa-miR-4444,0.07088856399059296
Opium Dependence,hsa-miR-4494,0.0708865374326706
Pathologic Processes,mmu-miR-700-5p,0.07067282497882843
Primary Gastrointestinal Diffuse Large B-Cell Lymphoma ,hsa-miR-3674,0.07052351534366608
Dilated Cardiomyopathy ,hsa-miR-15a,0.07052208483219147
 Lymph  Node Metastasis,hsa-miR-30d-3p,0.0704265832901001
Lipid Metabolism Disorders,hsa-miR-4456,0.07015623152256012
Mixed Connective Tissue Disease,hsa-miR-4444,0.06961290538311005
Progeria,rno-miR-30b-3p,0.06947192549705505
Anemia and Refractory and with Excess of Blasts,hsa-miR-4444,0.06928342580795288
Asthma ,mmu-miR-676-3p,0.06924426555633545
Ameloblastoma,hsa-miR-4444,0.06923779845237732
Cholesteatoma and Middle Ear,hsa-miR-4443,0.06916825473308563
Neointima,hsa-miR-4255,0.06903085112571716
Epilepsies and Partial,hsa-miR-4459,0.06902585923671722
Neutropenia,hsa-miR-3190,0.06900636851787567
Inflammation and Chronic,hsa-miR-330,0.06899623572826385
Congenital Abnormalities,hsa-miR-450a-5p,0.06880457699298859
Plasmablastic Lymphoma,hsa-miR-450a-5p,0.06878820061683655
Follicular Atresia,mmu-miR-700-5p,0.06869372725486755
IMAGe syndrome,hsa-miR-4255,0.06861034035682678
Retroviridae Infections,hsa-miR-4444,0.06826947629451752
Human T-Cell Leukemia Virus Type 1 Infections,hsa-miR-2114-3p,0.06819847226142883
Neuromyelitis Optica,mmu-miR-697,0.06807410717010498
Calcification of Joints and Arteries,hsa-miR-30d-3p,0.06805761158466339
Camptocormia,hsa-miR-450a-5p,0.06798219680786133
Urinary Bladder Neck Obstruction,hsa-miR-4444,0.06792397797107697
Stress Disorders and Post-Traumatic,hsa-miR-4444,0.06767398118972778
Phobic Disorders,hsa-miR-4444,0.06757113337516785
Acute Uterine Injury,hsa-mir-873,0.06757014989852905
Hemorrhagic Fever With Renal Syndrome,hsa-miR-450a-5p,0.06744788587093353
Neuromyelitis Optica,mmu-miR-708,0.06730879843235016
Tendinopathy,hsa-mir-7844,0.06719665229320526
Opium Dependence,hsa-miR-4439,0.06716133654117584
Wound Infection,hsa-miR-4306,0.06714165210723877
Reperfusion Injury and Steatotic Liver Ischemia,hsa-miR-4279,0.06712205708026886
Inflammation and Chronic,hsa-miR-1299,0.06709215044975281
hypotrichosis 8,hsa-miR-450a-5p,0.06699725985527039
Rhabdomyosarcoma,hsa-miR-450a-5p,0.06696486473083496
Cardiac Dysfunction,hsa-miR-450a-5p,0.06691910326480865
Postoperative Cognitive Complications,hsa-miR-4494,0.0668221265077591
Wallerian Degeneration,mmu-miR-708,0.06674352288246155
Testicular Damage,hsa-mir-8074,0.06659628450870514
Anemia and Iron-Deficiency,hsa-miR-329-3p,0.0665181577205658
Renal Interstitial Fibrosis,hsa-miR-450a-5p,0.06633467972278595
Severe Fever with Thrombocytopenia Syndrome,hsa-mir-8074,0.06579017639160156
Mesothelioma,hsa-miR-450a-5p,0.06553435325622559
Prostatic Diseases,hsa-miR-450a-5p,0.06552965939044952
Osteitis,hsa-miR-450a-5p,0.06526724994182587
Ataxia Telangiectasia,hsa-miR-4444,0.06525538861751556
Pancreatic Intraductal Neoplasms,hsa-miR-450a-5p,0.065085768699646
Hypocapnia,hsa-miR-150-5p,0.06499303877353668
Neuralgia and Postherpetic,hsa-miR-329-3p,0.06472072005271912
Chronic  Kidney Disease,hsa-miR-450a-5p,0.06469464302062988
Corneal dystrophy and epithelial basement membrane,hsa-miR-450a-5p,0.06427039206027985
Submandibular Gland Diseases,hsa-miR-3675-3p,0.0641322135925293
Mesangial sclerosis and diffuse,mmu-miR-743a,0.0641268640756607
Fibrosis and Pancreas,mmu-miR-700-5p,0.06409752368927002
Glycogen Storage Disease and Type IXD,hsa-mir-873,0.06407028436660767
Neurotoxicity Syndromes,hsa-mir-8069,0.06406010687351227
Chronic Inflammation,hsa-miR-320a,0.06393855810165405
Fibrosis and Pancreas,mmu-miR-708,0.0639086365699768
Heart Failure and Acute,rno-miR-27a,0.06385700404644012
Neoplasms and Hormone-Dependent,hsa-miR-320a,0.06380254030227661
Airway Obstruction,hsa-miR-335-3p,0.06377536058425903
Glucocorticoid Receptor Deficiency,hsa-mir-802,0.06373712420463562
Opium Dependence,hsa-mir-8074,0.06360387802124023
Wallerian Degeneration,hsa-mir-8069,0.06339584290981293
Nevus and Halo,hsa-miR-4444,0.06335100531578064
Tauopathies,hsa-let-7a-3p,0.06320148706436157
Radiation-Induced Oral Mucositis,hsa-miR-102,0.06319887936115265
Epilepsies and Partial,mmu-miR-708,0.0631132423877716
Agammaglobulinemia,hsa-miR-4444,0.06301972270011902
Lung Abscess,hsa-miR-4443,0.06294392049312592
Plasmablastic Lymphoma,hsa-miR-4443,0.06275606155395508
Carcinoma,hsa-miR-4443,0.06275136768817902
Constriction and Pathologic,hsa-miR-450a-5p,0.0627240240573883
Endothelial Barrier Dysfunction,hsa-miR-4444,0.06260281801223755
Trichosporonosis,hsa-miR-2392,0.06253032386302948
Congenital Abnormalities,hsa-mir-7844,0.06245569884777069
Plasmablastic Lymphoma,hsa-mir-7844,0.06243932247161865
Inflammation and Chronic,hsa-miR-202*,0.06240910291671753
Gastric Antral Vascular Ectasia,hsa-miR-151*,0.06230691075325012
Osteoporosis and Diabetic,hsa-miR-4443,0.062137335538864136
Plasmablastic Lymphoma,mmu-miR-743a,0.06211182475090027
IgA Vasculitis,hsa-miR-450a-5p,0.062079280614852905
Hirschsprung-Associated Enterocolitis,hsa-miR-4443,0.06206832826137543
Respiration Disorders,hsa-miR-4443,0.06202726066112518
Cholecystolithiasis,mmu-miR-743a,0.062023431062698364
Obstructive   Kidney Disease,hsa-miR-202*,0.06201013922691345
Retinal Vein Occlusion,hsa-mir-7844,0.061973392963409424
Camptocormia,hsa-miR-4443,0.06195007264614105
Fibromyalgia,hsa-mir-7844,0.06191186606884003
Grave Disease,hsa-mir-7844,0.061815887689590454
Diabetes Complications,mmu-miR-743a,0.06166084110736847
Retinal Vein Occlusion,mmu-miR-743a,0.06164541840553284
Fibromyalgia,mmu-miR-743a,0.06158424913883209
Encephalitis and Tick-Borne,hsa-miR-25,0.06152075529098511
Osteoporosis and Diabetic,mmu-miR-743a,0.06149308383464813
Papillomavirus Infections,rno-miR-27a,0.061465516686439514
Hirschsprung-Associated Enterocolitis,mmu-miR-743a,0.06142395734786987
Respiration Disorders,mmu-miR-743a,0.06138300895690918
Dilated Cardiomyopathy ,hsa-miR-181c-3p,0.06128875911235809
Arthritis and Temporomandibular,hsa-mir-7844,0.061079129576683044
Angina Pectoris and Variant,hsa-miR-450a-5p,0.061067238450050354
Myotonic Dystrophy,mmu-miR-691,0.06101219356060028
Gastric Antral Vascular Ectasia,hsa-miR-3591-3p,0.06093788146972656
Anemia and Iron-Deficiency,hsa-miR-1244,0.06092838943004608
Sepsis-Associated Encephalopathy,hsa-miR-4443,0.06092369556427002
Ulcerative   Colitis,hsa-miR-4444,0.06087835133075714
pancreatic adenocarcinoma,hsa-miR-4459,0.06085848808288574
Marek Disease,hsa-miR-4437,0.060777753591537476
Hemorrhagic Fever With Renal Syndrome,mmu-miR-743a,0.0607713907957077
Maxillary Fractures,hsa-miR-2392,0.06070326268672943
hypotrichosis 8,hsa-mir-7844,0.06064850091934204
Carcinoma,hsa-mir-8080,0.06057673692703247
Cardiac Dysfunction,hsa-mir-7844,0.06057022511959076
Mesangial sclerosis and diffuse,hsa-miR-4459,0.06052105128765106
Diabetic Ischemia Complication,hsa-miR-4443,0.06050269305706024
Asthma ,hsa-mir-873,0.06048937141895294
Severe Acute Respiratory Syndrome,mmu-miR-700-5p,0.06048806011676788
Choledocholithiasis,hsa-miR-4443,0.06037938594818115
Mesangial sclerosis and diffuse,hsa-miR-4456,0.060371458530426025
Severe Acute Respiratory Syndrome,mmu-miR-708,0.06029917299747467
Sepsis-Associated Encephalopathy,mmu-miR-743a,0.06027933955192566
Hyperuricemic Nephropathy,mmu-miR-743a,0.06021900475025177
Alcohol Withdrawal Syndrome,hsa-miR-4443,0.06021296977996826
Gastric Antral Vascular Ectasia,hsa-miR-27a*,0.06015238165855408
Diabetes Complications,hsa-mir-8080,0.06013044714927673
Osteochondrodysplasias,hsa-mir-8080,0.05992741882801056
Pulmonary Hypertension and Thromboembolic and Chronic,hsa-mir-7844,0.05989404022693634
Panniculitis and Peritoneal,hsa-miR-4443,0.05988709628582001
Fused Teeth,hsa-miR-4443,0.05985482037067413
Respiration Disorders,hsa-mir-8080,0.059852391481399536
Salivary Gland Neoplasms,mmu-miR-743a,0.05977945029735565
Camptocormia,hsa-mir-8080,0.05977518856525421
Temporomandibular Joint Disorders,hsa-mir-7844,0.05975085496902466
Choledocholithiasis,mmu-miR-743a,0.05973513424396515
Neurobehavioral Manifestations,hsa-miR-4444,0.059713974595069885
Maxillofacial Abnormalities,hsa-miR-4444,0.0596994012594223
Multiple Mitochondrial Dysfunctions Syndrome,hsa-miR-3689a-5p,0.05962023138999939
Reperfusion Injury and Cerebral Ischemia,hsa-miR-4443,0.05957159399986267
Panniculitis and Peritoneal,hsa-mir-7844,0.05957046151161194
Postoperative Cognitive Complications,hsa-mir-8074,0.05953910946846008
Fused Teeth,hsa-mir-7844,0.059538066387176514
Leukemia and Myeloid and Chronic-Phase,hsa-miR-4443,0.05951932072639465
Diabetic Angiopathies,mmu-miR-743a,0.05947129428386688
Dilated Cardiomyopathy ,hsa-miR-383,0.05936318635940552
Rheumatic Fever,mmu-miR-743a,0.059359773993492126
Leukemia and Myeloid and Acute and T-Cell,hsa-mir-7844,0.059299156069755554
Coxsackievirus Infections,hsa-miR-4443,0.0592612624168396
Hemorrhagic Fever With Renal Syndrome,hsa-mir-8080,0.059240758419036865
Charcot-Marie-Tooth disease type 1B,hsa-mir-7844,0.05919811129570007
Cholesteatoma and Middle Ear,mmu-miR-700-5p,0.05919422209262848
Plant Poisoning,mmu-miR-743a,0.05918961763381958
Lipoma,hsa-mir-7844,0.05911538004875183
Neurodevelopmental Injuries,hsa-mir-7844,0.05909973382949829
Pancreatic Intraductal Neoplasms,hsa-miR-4443,0.05905352532863617
Heart Neoplasms,hsa-miR-450a-5p,0.058978497982025146
Digestive System Neoplasms,hsa-miR-4443,0.05897416174411774
autosomal recessive congenital bilateral absence of vas deferens,hsa-miR-4443,0.0589367151260376
Postoperative Nausea and Vomiting,rno-miR-30b-3p,0.05881395936012268
Renal Insufficiency,hsa-mir-7844,0.058730751276016235
Lung Abscess,hsa-miR-4459,0.05869363248348236
Encephalocraniocutaneous lipomatosis,hsa-miR-4443,0.05865083634853363
Disease Progression,mmu-miR-743a,0.05862736701965332
autosomal recessive congenital bilateral absence of vas deferens,hsa-mir-7844,0.05862008035182953
Edwardsiella tarda,hsa-miR-4459,0.05853961408138275
Primary Myelofibrosis,mmu-miR-743a,0.058538734912872314
Dermatitis Herpetiformis,hsa-miR-4443,0.058479830622673035
Brain Diseases,mmu-miR-743a,0.05841818451881409
Edwardsiella tarda,hsa-miR-4456,0.05839000642299652
Plasmablastic Lymphoma,hsa-miR-4456,0.058356404304504395
Carcinoma,hsa-miR-4456,0.05835171043872833
Encephalocraniocutaneous lipomatosis,hsa-mir-7844,0.058334559202194214
Digestive System Neoplasms,mmu-miR-743a,0.05832991003990173
Toxoplasmosis and Cerebral,hsa-miR-4494,0.05826331675052643
Choledocholithiasis,hsa-mir-8080,0.05820487439632416
Intellectual Disability,hsa-mir-7844,0.058155372738838196
Repolarization Abnormality,hsa-mir-7844,0.058145731687545776
 Lymph  Node Metastasis,hsa-miR-296-3p,0.05809691548347473
Neoplasms and Second Primary,hsa-miR-4444,0.05806645750999451
Diabetes Complications,hsa-miR-4459,0.058055028319358826
Alcohol Withdrawal Syndrome,hsa-mir-8080,0.05803844332695007
Chronic  Kidney Disease,mmu-miR-743a,0.05801825225353241
Corneal dystrophy and epithelial basement membrane,hsa-mir-7844,0.05792149901390076
Pregnancy Complications and Infectious,mmu-miR-743a,0.05791915953159332
Airway Obstruction,hsa-miR-203a,0.057854995131492615
Osteochondrodysplasias,hsa-miR-4459,0.05785198509693146
Fibromyalgia,hsa-miR-4456,0.05782882869243622
Cataract and Congenital Zonular and with Sutural Opacities,hsa-miR-4456,0.05777019262313843
Neuralgia and Postherpetic,hsa-miR-30d-3p,0.05773116648197174
Metabolic  Syndrome,rno-miR-27a,0.05767747759819031
Disseminated Intravascular Coagulation,hsa-miR-4456,0.057660967111587524
Pregnancy and Ectopic,hsa-miR-4459,0.057653650641441345
Camptocormia,hsa-miR-4456,0.057550057768821716
Carcinoma and Squamous Cell and Skin,hsa-miR-4456,0.05752548575401306
Wilms Tumor,hsa-mir-8080,0.05749702453613281
Reperfusion Injury and Cerebral Ischemia,hsa-mir-8080,0.05739706754684448
Epilepsy and Generalized,hsa-mir-8080,0.05738706886768341
Charcot-Marie-Tooth disease type 1B,hsa-mir-8080,0.05734023451805115
Prostatic Diseases,hsa-mir-8080,0.057322531938552856
Fatty Liver and Alcoholic,mmu-miR-676-3p,0.05726826190948486
Lipoma,hsa-mir-8080,0.057257503271102905
Hemorrhagic Fever With Renal Syndrome,hsa-miR-4459,0.05716533958911896
Urinary Calculi,hsa-miR-3973,0.05711807310581207
Urinary Calculi,hsa-miR-3960,0.05711209774017334
Marek Disease,hsa-miR-4482,0.05709671974182129
Chronic  Rhinosinusitis With Nasal Polyps,hsa-miR-125b-1*,0.05708406865596771
Neoplasms and Plasma Cell,hsa-mir-8080,0.057019054889678955
Primary Myelofibrosis,hsa-mir-8080,0.05700846016407013
Tricuspid Valve Insufficiency,hsa-miR-3152,0.056997135281562805
Mouth Diseases,hsa-miR-4302,0.05696509778499603
Hereditary Autoinflammatory Diseases,hsa-miR-140,0.05695468187332153
Severe Acute Respiratory Syndrome,hsa-mir-8069,0.05695101618766785
Nevi and Melanomas,hsa-miR-3676-3p,0.05693601071834564
Reperfusion Injury and Testicular Ischemia,hsa-miR-3960,0.056933268904685974
Amebiasis,hsa-miR-146b-3p,0.05692034959793091
Pancreatic Intraductal Neoplasms,hsa-mir-8080,0.056879013776779175
Chills,hsa-miR-1908,0.05686958134174347
Spinal Cord Compression,hsa-miR-103a-3p,0.056717053055763245
Trichosporonosis,hsa-miR-3124,0.05665519833564758
Hepatitis and Alcoholic,hsa-mir-8080,0.056610941886901855
hypotrichosis 8,hsa-miR-4456,0.05656510591506958
Chromosome Aberrations,hsa-mir-8080,0.05655325949192047
Rhabdomyosarcoma,hsa-miR-4456,0.056532710790634155
Cryptococcosis,hsa-mir-7844,0.05650724470615387
Encephalocraniocutaneous lipomatosis,hsa-mir-8080,0.05647619068622589
Postoperative Nausea and Vomiting,hsa-mir-873,0.056334152817726135
Intellectual Disability,hsa-mir-8080,0.056297123432159424
Repolarization Abnormality,hsa-mir-8080,0.0562874972820282
Familial Multiple Coagulation Factor Deficiency I,hsa-mir-8080,0.05627579987049103
Craniosynostoses,hsa-mir-8080,0.056242331862449646
Dermatomyositis,hsa-miR-450a-5p,0.05582219362258911
Vision Disorders,hsa-miR-376b-3p,0.055782854557037354
Teratoma,rno-miR-27a,0.055765509605407715
pancreatic adenocarcinoma,mmu-miR-697,0.055711060762405396
Neuromyelitis Optica,hsa-miR-4482,0.05555783212184906
Frontotemporal Dementia,hsa-mir-8080,0.05554363131523132
Equine Infectious Anemia,hsa-miR-3680-3p,0.05550830066204071
Rhabdoid Tumor and Kidney,hsa-miR-3680-3p,0.05549974739551544
Venous Neointimal Hyperplasia,hsa-miR-3680-3p,0.05544869601726532
Neutropenia,hsa-miR-3680-3p,0.05542604625225067
Humeral Fractures,hsa-miR-376b-3p,0.05536895990371704
Marek Disease,hsa-miR-4439,0.05531907081604004
Epilepsy and Generalized,hsa-miR-4459,0.0553116500377655
Nerve Degeneration,mmu-miR-743a,0.05529910326004028
Myocardial Ischemia,hsa-miR-4456,0.05526934564113617
Mesothelioma,hsa-miR-4459,0.05525192618370056
Lipoma,hsa-miR-4459,0.05518195033073425
Polyposis Syndrome and Hereditary Mixed and 1,hsa-miR-3680-3p,0.055181533098220825
Epilepsy and Generalized,hsa-miR-4456,0.055161938071250916
Charcot-Marie-Tooth disease type 1B,hsa-miR-4456,0.05511508882045746
Mesothelioma,hsa-miR-4456,0.05510219931602478
Sucrase-isomaltase deficiency and congenital,mmu-miR-743a,0.055063918232917786
Lipoma,hsa-miR-4456,0.05503247678279877
cervical squamous cell carcinoma,hsa-miR-4456,0.055031150579452515
Wallerian Degeneration,hsa-miR-4482,0.0549929141998291
Osteitis,hsa-miR-4459,0.05498470366001129
Scleroderma and Diffuse,hsa-miR-4459,0.054980725049972534
Primary Myelofibrosis,hsa-miR-4459,0.05493292212486267
Neuralgia and Postherpetic,hsa-miR-4255,0.054885536432266235
Dilated Cardiomyopathy ,hsa-miR-1914,0.054844364523887634
Optic Nerve Injuries,hsa-miR-4444,0.054606929421424866
Lipid Metabolism Disorders,hsa-miR-4494,0.05458943545818329
proliferative diabetic retinopathy,hsa-miR-4443,0.05449007451534271
Chronic  Kidney Disease,hsa-miR-4456,0.05426248908042908
Repolarization Abnormality,hsa-miR-4459,0.0542120635509491
Familial Multiple Coagulation Factor Deficiency I,hsa-miR-4459,0.05420038104057312
proliferative diabetic retinopathy,hsa-mir-7844,0.054173439741134644
Pregnancy Complications and Infectious,hsa-miR-4456,0.05416373908519745
Motion Sickness,hsa-miR-4459,0.05413535237312317
Fibrolamellar hepatocellular carcinoma,hsa-miR-376b-3p,0.054063811898231506
Lymphoma and T-Cell,hsa-mir-7844,0.054014235734939575
Corneal dystrophy and epithelial basement membrane,hsa-miR-4459,0.05398820340633392
Motion Sickness,hsa-miR-4456,0.05398575961589813
Neurotoxicity Syndromes,hsa-miR-4439,0.053879514336586
Proteinuria,hsa-mir-8079,0.05381375551223755
Ceroid lipofuscinosis and neuronal 5,hsa-miR-376b-3p,0.053775638341903687
Fluoride Poisoning,hsa-miR-20b*,0.053723156452178955
Chromosome Duplication,hsa-mir-7844,0.05370764434337616
Drug-Induced Kidney Injury,hsa-miR-4443,0.053622305393218994
Frontotemporal Dementia,hsa-miR-4459,0.053468093276023865
Congenital Abnormalities,mmu-miR-697,0.053374603390693665
Plasmablastic Lymphoma,mmu-miR-697,0.053358227014541626
endometriosis in scar of skin,hsa-miR-4459,0.053339362144470215
Wallerian Degeneration,hsa-miR-4439,0.0532151460647583
Premature Birth,mmu-miR-708,0.05306847393512726
Tachycardia and Sinus,hsa-miR-20b*,0.05304938554763794
Nevi and Melanomas,hsa-miR-1247-3p,0.05294318497180939
Angina Pectoris and Variant,hsa-mir-8080,0.05286058783531189
Neutropenia,hsa-miR-1247-3p,0.052832335233688354
Fibromyalgia,mmu-miR-697,0.05283065140247345
Maxillary Fractures,hsa-miR-3117-3p,0.052697136998176575
Hirschsprung-Associated Enterocolitis,mmu-miR-697,0.052670493721961975
Lipid Metabolism Disorders,hsa-miR-4482,0.05264188349246979
Congenital Abnormalities,mmu-miR-708,0.05260893702507019
Plasmablastic Lymphoma,mmu-miR-708,0.052592918276786804
Camptocormia,mmu-miR-697,0.0525522381067276
Leukopenia,hsa-miR-376b-3p,0.05255213379859924
Carcinoma and Squamous Cell and Skin,mmu-miR-697,0.05252730846405029
Ameloblastoma,hsa-mir-7844,0.052522674202919006
Vasospasm and Intracranial,mmu-miR-700-5p,0.05245761573314667
Diabetes Complications,mmu-miR-700-5p,0.052330806851387024
Vasospasm and Intracranial,mmu-miR-708,0.052268609404563904
Fibromyalgia,mmu-miR-708,0.05206546187400818
Respiration Disorders,mmu-miR-700-5p,0.05205287039279938
Periodontitis and Diabetic,hsa-miR-340,0.052048638463020325
Cataract and Congenital Zonular and with Sutural Opacities,mmu-miR-708,0.052006691694259644
Supranuclear Palsy and Progressive,mmu-miR-700-5p,0.051943883299827576
Leukemia and Erythroblastic and Acute,hsa-miR-4443,0.05191831290721893
Chromosome Duplication,hsa-mir-8080,0.05184963345527649
Exfoliation Syndrome,mmu-miR-676-3p,0.05178706347942352
Carcinoma and Squamous Cell and Skin,mmu-miR-708,0.05176199972629547
Carcinoma and Mucoepidermoid,hsa-miR-374a-3p,0.05173003673553467
Nerve Degeneration,hsa-miR-4459,0.05169329047203064
Fatigue Syndrome and Chronic,mmu-miR-743a,0.051594868302345276
Rhabdomyosarcoma,mmu-miR-697,0.05153501033782959
Urinary Bladder Neck Obstruction,hsa-miR-4443,0.05152548849582672
Airway Obstruction,hsa-miR-20b*,0.051276400685310364
Lung  Adenocarcinoma,hsa-mir-873,0.05126684904098511
Airway Obstruction,hsa-miR-19a-5p,0.05125872790813446
Hemorrhagic Fever With Renal Syndrome,mmu-miR-708,0.05125260353088379
Reperfusion Injury and Steatotic Liver Ischemia,hsa-miR-17-5p,0.051164254546165466
Phyllodes Tumor,hsa-miR-4444,0.05110478401184082
Toxoplasmosis and Cerebral,hsa-mir-8074,0.050980180501937866
Lentivirus Infections,hsa-miR-200b-5p,0.05095267295837402
Sepsis-Associated Encephalopathy,mmu-miR-700-5p,0.050949424505233765
Cardiac Dysfunction,mmu-miR-700-5p,0.050912827253341675
Renal Interstitial Fibrosis,mmu-miR-697,0.05090484023094177
Sepsis-Associated Encephalopathy,mmu-miR-708,0.050760433077812195
Calcification of Joints and Arteries,hsa-miR-376b-3p,0.05074349045753479
Diminished  Ovarian Reserve,hsa-miR-200b-5p,0.05072295665740967
Shock and Cardiogenic,rno-miR-30b-3p,0.050708845257759094
Angina Pectoris and Variant,hsa-miR-4456,0.050635337829589844
Stress Disorders and Post-Traumatic,mmu-miR-743a,0.050631240010261536
Polyposis Syndrome and Hereditary Mixed and 1,hsa-miR-200b-5p,0.05053311586380005
Emergence Delirium,mmu-miR-697,0.05053308606147766
Severe Acute Respiratory Syndrome,hsa-miR-4494,0.05049563944339752
Drug-Related Side Effects and Adverse Reactions,mmu-miR-697,0.050440847873687744
Squamous Intraepithelial Lesions of the Cervix,mmu-miR-700-5p,0.05041281878948212
Choledocholithiasis,mmu-miR-700-5p,0.050405353307724
Diabetic Ischemia Complication,mmu-miR-708,0.05033943057060242
Chondrocyte Hypertrophy,mmu-miR-697,0.0503358393907547
Salivary Gland Neoplasms,mmu-miR-708,0.05026055872440338
Pulmonary Hypertension and Thromboembolic and Chronic,mmu-miR-700-5p,0.050236284732818604
Choledocholithiasis,mmu-miR-708,0.05021636188030243
Absent corpus callosum cataract immunodeficiency,hsa-miR-3928-5p,0.050143420696258545
Neutropenia,hsa-miR-3928-5p,0.05005894601345062
hypomelanosis of Ito,hsa-miR-450a-5p,0.0500517338514328
Alcohol Withdrawal Syndrome,mmu-miR-708,0.050049811601638794
Pulmonary Hypertension and Thromboembolic and Chronic,mmu-miR-708,0.05004775524139404
Primary Gastrointestinal Diffuse Large B-Cell Lymphoma ,hsa-miR-3928-5p,0.05004660785198212
Spondylarthropathies,mmu-miR-697,0.04994964599609375
Dysentery and Bacillary,hsa-miR-3928-5p,0.049851879477500916
Rheumatic Fever,mmu-miR-708,0.049840763211250305
Nondisjunction and Genetic,hsa-miR-4443,0.049780309200286865
Rift Valley Fever,hsa-miR-4459,0.04975217580795288
Amebiasis,hsa-miR-17,0.04975046217441559
Premature Birth,hsa-mir-8069,0.049720436334609985
Leukemia and Myeloid and Acute and T-Cell,mmu-miR-700-5p,0.04964163899421692
Plaque and Amyloid,hsa-miR-1268a,0.049575939774513245
Reperfusion Injury and Testicular Ischemia,hsa-miR-373,0.04951402544975281
Wilms Tumor,mmu-miR-708,0.049508750438690186
Myocardial Ischemia,mmu-miR-708,0.04950597882270813
Gastrointestinal Hemorrhage,mmu-miR-700-5p,0.04944641888141632
Coxsackievirus Infections,mmu-miR-700-5p,0.049287229776382446
Tendinopathy,hsa-miR-4437,0.049280181527137756
Tachycardia,hsa-miR-4443,0.049189627170562744
Pregnancy Complications and Infectious,mmu-miR-697,0.04916556179523468
Disease Progression,mmu-miR-708,0.04910857975482941
Lupus Erythematosus and Cutaneous,mmu-miR-708,0.04907125234603882
Scleroderma and Diffuse,mmu-miR-708,0.04906763136386871
Brain Diseases,mmu-miR-708,0.04889927804470062
Tachycardia,hsa-mir-7844,0.048872873187065125
Ataxia Telangiectasia,hsa-miR-4443,0.04885689914226532
Hepatitis and Alcoholic,mmu-miR-700-5p,0.04881143569946289
Macular dystrophy and corneal type 1,hsa-mir-7844,0.04880411922931671
Fibromyalgia,hsa-mir-8069,0.048717424273490906
Chronic  Kidney Disease,mmu-miR-700-5p,0.04868799448013306
Precursor B-Cell Lymphoblastic Leukemia-Lymphoma,hsa-miR-4443,0.04868397116661072
Chromosome Aberrations,mmu-miR-708,0.04856474697589874
Fatty Liver and Alcoholic,hsa-mir-873,0.04851323366165161
Encephalocraniocutaneous lipomatosis,mmu-miR-708,0.04848779737949371
Familial Multiple Coagulation Factor Deficiency I,mmu-miR-700-5p,0.04847617447376251
Craniosynostoses,mmu-miR-700-5p,0.048442691564559937
Intellectual Disability,mmu-miR-708,0.0483088493347168
Nephrotic Syndrome,rno-miR-30b-3p,0.04825124144554138
Shock and Cardiogenic,hsa-mir-873,0.048228919506073
Motion Sickness,mmu-miR-708,0.04822225868701935
Asthma and Allergic and Seasonal,hsa-miR-4456,0.048101142048835754
Folic Acid Deficiency,mmu-miR-708,0.04808473587036133
Familial encephalopathy with neuroserpin inclusion bodies,hsa-miR-4456,0.04798854887485504
Leukemia and Erythroblastic and Acute,hsa-miR-4459,0.047668248414993286
Nondisjunction and Genetic,hsa-mir-8080,0.047605663537979126
hypotrichosis 8,hsa-mir-8069,0.04745393991470337
Sepsis-Associated Encephalopathy,hsa-mir-8069,0.04741239547729492
Lipid Metabolism Disorders,hsa-mir-8074,0.04730653762817383
Constriction and Pathologic,mmu-miR-697,0.04729418456554413
Nervous System Neoplasms,hsa-miR-4443,0.04728199541568756
Cholesteatoma and Middle Ear,hsa-miR-4482,0.04725426435470581
Pathologic Processes,hsa-miR-4511,0.04703591763973236
Dry Eye Syndromes,hsa-miR-4443,0.04699370265007019
Adrenocorticotropic hormone deficiency,hsa-miR-450a-5p,0.046870991587638855
Neuromuscular Junction Diseases,mmu-miR-700-5p,0.04679867625236511
Heat Stroke,hsa-mir-7844,0.04677268862724304
Phobic Disorders,hsa-miR-4456,0.04677262902259827
cough variant asthma,hsa-mir-873,0.046756014227867126
Ataxia Telangiectasia,hsa-mir-8080,0.046682387590408325
Nervous System Neoplasms,mmu-miR-743a,0.04663775861263275
Nevus and Halo,hsa-mir-7844,0.04663589596748352
Agammaglobulinemia,hsa-miR-4443,0.046621352434158325
Neuromuscular Junction Diseases,mmu-miR-708,0.04660966992378235
Diabetic Angiopathies,hsa-mir-8069,0.04660482704639435
Mesangial sclerosis and diffuse,hsa-miR-4437,0.04653802514076233
Chronic Urticaria,hsa-miR-4456,0.04653659462928772
Heat Stroke,mmu-miR-743a,0.04644507169723511
Airway Obstruction,hsa-miR-2467-3p,0.04634973406791687
Neutropenia,hsa-miR-326,0.0460810512304306
Agammaglobulinemia,mmu-miR-743a,0.04597698152065277
 Lymph  Node Metastasis,hsa-miR-3928-3p,0.045918628573417664
Inflammation and Chronic,hsa-miR-3613-3p,0.045907288789749146
 Lymph  Node Metastasis,hsa-miR-18b-5p,0.045791834592819214
Amebiasis,hsa-miR-326,0.04577077925205231
Enterovirus A Infection,hsa-miR-4482,0.04572583734989166
Keratitis,mmu-miR-743a,0.04568856954574585
Primary Myelofibrosis,hsa-mir-8069,0.04567179083824158
Tendinopathy,hsa-miR-4482,0.045599162578582764
Mood Disorders,mmu-miR-700-5p,0.04559709131717682
Optic Neuritis,rno-miR-30b-3p,0.045556530356407166
Pancreatic Intraductal Neoplasms,hsa-mir-8069,0.04554244875907898
autosomal recessive congenital bilateral absence of vas deferens,hsa-mir-8069,0.04542587697505951
Ovarian Failure and Premature ,hsa-miR-4492,0.04539090394973755
Hypocapnia,hsa-miR-1224-5p,0.04527588188648224
Chromosome Aberrations,hsa-mir-8069,0.04521659016609192
Encephalocraniocutaneous lipomatosis,hsa-mir-8069,0.04513999819755554
Hemorrhage,hsa-miR-4439,0.045077040791511536
Craniosynostoses,hsa-mir-8069,0.044905662536621094
Reperfusion Injury and Testicular Ischemia,hsa-miR-3680-5p,0.0448993444442749
Mesangial sclerosis and diffuse,hsa-miR-4494,0.044804543256759644
Ophthalmoplegia and Chronic Progressive External,hsa-miR-374a-3p,0.044782087206840515
Tricuspid Valve Insufficiency,hsa-miR-1277-5p,0.0447162389755249
Arsenic Poisoning,rno-miR-30b-3p,0.044696226716041565
Toxoplasmosis and Cerebral,hsa-miR-4511,0.04461805522441864
Rift Valley Fever,mmu-miR-697,0.044604524970054626
Meniscus Degeneration,hsa-miR-203b-5p,0.04458744823932648
Edwardsiella tarda,hsa-miR-4437,0.044556573033332825
Plasmablastic Lymphoma,hsa-miR-4437,0.04452309012413025
Pneumothorax,hsa-miR-376b-3p,0.04445749521255493
Ataxia Telangiectasia,hsa-miR-4456,0.044457241892814636
Testicular Neoplasms,hsa-miR-125b-2*,0.04443465173244476
Precursor B-Cell Lymphoblastic Leukemia-Lymphoma,hsa-miR-4459,0.04443354904651642
Spinal Cord Ischemia,hsa-miR-4437,0.044229745864868164
Drug-Induced Kidney Injury,mmu-miR-697,0.04422447085380554
Ophthalmoplegia and Chronic Progressive External,hsa-miR-223-5p,0.044110849499702454
Diabetes Complications,hsa-miR-4437,0.04407234489917755
Transposition of Great Vessels,hsa-miR-4443,0.044036462903022766
hypomelanosis of Ito,hsa-miR-4443,0.044019609689712524
Intermittent Claudication,hsa-miR-3202,0.04397483170032501
Osteoporosis and Diabetic,hsa-miR-4437,0.043904125690460205
Grave Disease,hsa-miR-4437,0.04389941692352295
Osteochondrodysplasias,hsa-miR-4437,0.04386931657791138
Parvoviridae Infections,hsa-miR-1284,0.04386889934539795
Hypocapnia,hsa-miR-4436b-5p,0.04370489716529846
Supranuclear Palsy and Progressive,hsa-miR-4437,0.04368506371974945
Anorexia Nervosa,hsa-miR-4456,0.04353588819503784
Radiation-Induced Oral Mucositis,hsa-miR-1268,0.04335421323776245
Maxillofacial Abnormalities,hsa-miR-4443,0.04330079257488251
Epidural   Fibrosis,hsa-miR-4437,0.04327104985713959
Trichosporonosis,hsa-miR-4267,0.043226927518844604
Nervous System Neoplasms,hsa-miR-4459,0.04303206503391266
Chronic   Pelvic Pain Syndrome,hsa-miR-20b-5p,0.0430288165807724
Reperfusion Injury and Testicular Ischemia,hsa-miR-3184-3p,0.04299381375312805
Tauopathies,hsa-miR-1283-1,0.04289381206035614
Nervous System Neoplasms,hsa-miR-4456,0.04288233816623688
Mesangial sclerosis and diffuse,hsa-miR-4482,0.04285699129104614
Venous Neointimal Hyperplasia,hsa-miR-20b-5p,0.04285503923892975
Neutropenia,hsa-miR-20b-5p,0.042832404375076294
Plasmablastic Lymphoma,hsa-miR-4494,0.04278962314128876
Carcinoma,hsa-miR-4494,0.0427851527929306
Cholecystolithiasis,hsa-miR-4494,0.042701587080955505
Heat Stroke,hsa-miR-4456,0.04268966615200043
Ameloblastoma,mmu-miR-708,0.04267627000808716
Neurobehavioral Manifestations,mmu-miR-743a,0.04267111420631409
Dry Eye Syndromes,hsa-miR-4456,0.04259404540061951
Spinal Cord Ischemia,hsa-miR-4494,0.04249626398086548
Fibromyalgia,hsa-miR-4494,0.04226204752922058
Agammaglobulinemia,hsa-miR-4456,0.04222109913825989
Arsenic Poisoning,hsa-mir-873,0.042216405272483826
Rh-Negative Hemolytic Disease and Fetus,hsa-miR-4494,0.04216967523097992
Choledocholithiasis,hsa-miR-4437,0.042146652936935425
Osteochondrodysplasias,hsa-miR-4494,0.04213583469390869
Renal Interstitial Fibrosis,hsa-miR-4437,0.042069464921951294
Respiration Disorders,hsa-miR-4494,0.04206080734729767
Trichosporonosis,hsa-let-7a-1,0.04203425347805023
Camptocormia,hsa-miR-4494,0.04198350012302399
Alcohol Withdrawal Syndrome,hsa-miR-4437,0.04197998344898224
Pulmonary Hypertension and Thromboembolic and Chronic,hsa-miR-4437,0.04197782278060913
Carcinoma and Squamous Cell and Skin,hsa-miR-4494,0.04195892810821533
Pregnancy and Ectopic,hsa-miR-4494,0.04193761944770813
Myocardial Injury,hsa-mir-873,0.04184803366661072
Rheumatic Fever,hsa-miR-4437,0.0417712926864624
Actinic cheilitis,hsa-mir-873,0.04173170030117035
Retroviridae Infections,mmu-miR-708,0.041707828640937805
Fused Teeth,hsa-miR-4437,0.04162172973155975
Urinary Bladder Neck Obstruction,mmu-miR-700-5p,0.041551098227500916
Eye Diseases,hsa-mir-7844,0.041542693972587585
Otitis Media,hsa-miR-4437,0.04143242537975311
Urinary Bladder Neck Obstruction,mmu-miR-708,0.04136233031749725
Amebiasis,hsa-miR-4433a-5p,0.041353270411491394
hypotrichosis 8,rno-miR-352,0.04135291278362274
Neoplasms and Second Primary,hsa-mir-7844,0.04135158658027649
Stress Disorders and Post-Traumatic,mmu-miR-700-5p,0.041301459074020386
Charcot-Marie-Tooth disease type 1B,hsa-miR-4437,0.04128177464008331
Periprosthetic Fractures,hsa-miR-4443,0.0412527471780777
Lipoma,hsa-miR-4437,0.04119904339313507
Neurodevelopmental Injuries,hsa-miR-4437,0.04118338227272034
 Lymph  Node Metastasis,hsa-miR-365,0.04115171730518341
Pregnancy Complications and Infectious,hsa-miR-146a,0.041140392422676086
Stress Disorders and Post-Traumatic,mmu-miR-708,0.04111245274543762
Disease Progression,hsa-miR-4437,0.04103851318359375
UV-Sensitive Syndrome,hcmv-miR-UL148D,0.041009604930877686
Sepsis-Associated Encephalopathy,hsa-miR-4494,0.0409570187330246
Primary Myelofibrosis,hsa-miR-4437,0.040949881076812744
Lipid Metabolism Disorders,hsa-miR-4511,0.0409444123506546
Periprosthetic Fractures,hsa-mir-7844,0.04093612730503082
Brain Diseases,hsa-miR-4437,0.04082934558391571
Cholecystolithiasis,hsa-miR-4482,0.04075367748737335
autosomal recessive congenital bilateral absence of vas deferens,hsa-miR-4437,0.04070374369621277
Periprosthetic Fractures,mmu-miR-743a,0.04060851037502289
Adrenocorticotropic hormone deficiency,hsa-mir-7844,0.04052211344242096
Vasospasm and Intracranial,hsa-miR-4482,0.04051800072193146
Ovarian Diseases,mmu-miR-700-5p,0.04050557315349579
Diabetic Angiopathies,rno-miR-352,0.040503814816474915
Fibrosis and Pancreas,hsa-miR-4511,0.04046030342578888
Squamous Intraepithelial Lesions of the Cervix,hsa-miR-4494,0.0404207706451416
Myofibroblasts,hsa-miR-19a-5p,0.040384843945503235
Renal Interstitial Fibrosis,hsa-miR-4494,0.04033598303794861
Fibromyalgia,hsa-miR-4482,0.04031449556350708
Tendinopathy,hsa-mir-8074,0.040264055132865906
Cataract and Congenital Zonular and with Sutural Opacities,hsa-miR-4482,0.040255844593048096
Pulmonary Hypertension and Thromboembolic and Chronic,hsa-miR-4494,0.040244340896606445
Stomach Ulcer,mmu-miR-700-5p,0.04013033211231232
Rheumatic Fever,hsa-miR-4494,0.04003781080245972
Camptocormia,hsa-miR-4482,0.04003606736660004
Chilblain lupus,hsa-miR-4494,0.039991334080696106
Stomach Ulcer,mmu-miR-708,0.0399414598941803
Panniculitis and Peritoneal,hsa-miR-4494,0.03992064297199249
Charcot-Marie-Tooth disease type 1B,rno-miR-352,0.03990301489830017
Drug-Related Side Effects and Adverse Reactions,hsa-miR-4494,0.03987234830856323
Multiple Mitochondrial Dysfunctions Syndrome,hsa-miR-224-5p,0.03978434205055237
Macular dystrophy and corneal type 1,mmu-miR-697,0.03972315788269043
Frontotemporal Lobar Degeneration,hsa-miR-4494,0.039658963680267334
Leukemia and Myeloid and Acute and T-Cell,hsa-miR-4494,0.03964969515800476
hypomelanosis of Ito,hsa-miR-4456,0.03961959481239319
Premature Birth,hsa-miR-4439,0.039539843797683716
Polyposis Syndrome and Hereditary Mixed and 1,hsa-miR-224-5p,0.03934389352798462
Ameloblastoma,hsa-mir-8069,0.039328113198280334
Precursor B-Cell Lymphoblastic Leukemia-Lymphoma,mmu-miR-697,0.039286136627197266
Intermittent Claudication,hsa-miR-365,0.03918929398059845
Brain Diseases,hsa-miR-4494,0.039095863699913025
Plasmablastic Lymphoma,hsa-miR-4439,0.03906428813934326
Maxillofacial Abnormalities,hsa-miR-4459,0.03905050456523895
Tachycardia,mmu-miR-708,0.03902660310268402
Rhabdomyosarcoma,hsa-miR-4482,0.03901873528957367
Thyroiditis,hsa-miR-4459,0.038990408182144165
Hyalinosis and Systemic,hsa-mir-8080,0.03898635506629944
Lymphoma and AIDS-Related,hsa-miR-147b,0.03894995152950287
Precursor B-Cell Lymphoblastic Leukemia-Lymphoma,mmu-miR-700-5p,0.03870946168899536
Adrenocorticotropic hormone deficiency,hsa-mir-8080,0.03866410255432129
Cryptococcosis,hsa-miR-4437,0.03859090805053711
Diabetic Ischemia Complication,hsa-miR-4482,0.03858858346939087
Fibromyalgia,hsa-miR-4439,0.038536712527275085
Intellectual Disability,hsa-miR-4494,0.03850555419921875
Cataract and Congenital Zonular and with Sutural Opacities,hsa-miR-4439,0.038478314876556396
Constriction and Pathologic,hsa-miR-4437,0.03845880925655365
Craniosynostoses,hsa-miR-4494,0.038450270891189575
Osteochondrodysplasias,hsa-miR-4439,0.03841063380241394
Leukemia and Erythroblastic and Acute,hsa-mir-8069,0.03840723633766174
Renal Interstitial Fibrosis,hsa-miR-4482,0.03838843107223511
Pregnancy and Ectopic,hsa-miR-4439,0.03821229934692383
Optic Nerve Injuries,hsa-miR-4443,0.038208454847335815
Rheumatic Fever,hsa-miR-4482,0.03809027373790741
Spinal Curvatures,hsa-miR-4482,0.03797394037246704
Panniculitis and Peritoneal,hsa-miR-4482,0.03797309100627899
Maxillary Fractures,hsa-miR-1283-1,0.03796932101249695
Anorexia Nervosa,mmu-miR-700-5p,0.03796139359474182
Drug-Related Side Effects and Adverse Reactions,hsa-miR-4482,0.037924572825431824
Reperfusion Injury and Ischemia,hsa-miR-30d-3p,0.03780083358287811
Asthma ,hsa-mir-875,0.03775632381439209
Otitis Media,hsa-miR-4482,0.03775151073932648
Frontotemporal Lobar Degeneration,hsa-miR-4482,0.03771129250526428
Miliaria,hsa-miR-4482,0.037627726793289185
Eye Diseases,hsa-miR-4459,0.037609025835990906
Charcot-Marie-Tooth disease type 1B,hsa-miR-4482,0.037600740790367126
Prostatic Diseases,hsa-miR-4482,0.03758341073989868
Deficiency Diseases,rno-miR-30b-3p,0.037522584199905396
Sucrase-isomaltase deficiency and congenital,hsa-miR-4437,0.037475183606147766
Aspermia,hsa-miR-4494,0.037465691566467285
Disease Progression,hsa-miR-4482,0.03735761344432831
Coxsackievirus Infections,hsa-miR-4482,0.037347257137298584
Mood Disorders,hsa-miR-4437,0.03733813762664795
Primary Myelofibrosis,hsa-miR-4482,0.0372689813375473
Neoplasms and Second Primary,hsa-miR-4456,0.03726819157600403
Pneumothorax,hsa-miR-3928-3p,0.03726331889629364
Postoperative Nausea and Vomiting,hsa-miR-4444,0.037148892879486084
Conotruncal cardiac defects,hsa-mir-8074,0.03708776831626892
Digestive System Neoplasms,hsa-miR-4482,0.03706003725528717
Dry Eye Syndromes,mmu-miR-700-5p,0.037019550800323486
Nevus and Halo,mmu-miR-700-5p,0.036978259682655334
Maxillary Fractures,hsa-miR-3190-3p,0.036917462944984436
Dry Eye Syndromes,mmu-miR-708,0.036830559372901917
Chronic  Kidney Disease,hsa-miR-4482,0.03674839437007904
Intellectual Disability,hsa-miR-4482,0.03655800223350525
Alcohol Withdrawal Syndrome,hsa-miR-4439,0.036521315574645996
Developmental Dysplasia of the Hip,hsa-miR-4439,0.03651949763298035
Motion Sickness,hsa-miR-4482,0.03647153079509735
Adrenocorticotropic hormone deficiency,hsa-miR-4456,0.03643907606601715
Nerve Degeneration,rno-miR-352,0.03633148968219757
Intermittent Claudication,hsa-miR-365a-3p,0.03624683618545532
Endothelial Barrier Dysfunction,mmu-miR-700-5p,0.0362299382686615
Nervous System Diseases,mmu-miR-708,0.036191701889038086
Keratitis,mmu-miR-708,0.03616967797279358
Varicose Ulcer,hsa-mir-873,0.03615321218967438
Lymphoma and T-Cell,hsa-miR-4437,0.036097899079322815
Premature Birth,hsa-mir-8074,0.03598238527774811
Myocardial Ischemia,hsa-miR-4439,0.03597736358642578
Polyposis Syndrome and Hereditary Mixed and 1,hsa-miR-2115-5p,0.03597089648246765
Tibial Neuropathy,hsa-miR-4258,0.035855650901794434
Prostatic Diseases,hsa-miR-4439,0.03580574691295624
Rift Valley Fever,hsa-miR-4437,0.03576914966106415
cervical squamous cell carcinoma,hsa-miR-4439,0.03573927283287048
Neurodevelopmental Injuries,hsa-miR-4439,0.035724714398384094
Periapical Periodontitis,hsa-mir-7844,0.03570179641246796
Lung Abscess,hsa-mir-8074,0.03569422662258148
Mood Disorders,hsa-miR-4494,0.03560478985309601
Plasmablastic Lymphoma,hsa-mir-8074,0.0355067253112793
Primary Myelofibrosis,hsa-miR-4439,0.0354912132024765
Digestive System Neoplasms,hsa-mir-8079,0.03538195788860321
Periapical Periodontitis,mmu-miR-743a,0.03537417948246002
Vasospasm and Intracranial,hsa-mir-8074,0.03518253564834595
Anemia and Iron-Deficiency,hsa-miR-3202,0.03503905236721039
Neuromuscular Junction Diseases,hsa-miR-4482,0.03485870361328125
Hirschsprung-Associated Enterocolitis,hsa-mir-8074,0.034819096326828
Constriction and Pathologic,hsa-miR-4482,0.034777894616127014
Multiple Mitochondrial Dysfunctions Syndrome,hsa-miR-3191-5p,0.03472144901752472
Heart Neoplasms,hsa-miR-4437,0.034713149070739746
Motion Sickness,hsa-miR-4439,0.0346938818693161
Adrenoleukodystrophy,hsa-mir-7844,0.034650132060050964
Lymphoproliferative Disorders,hsa-miR-4444,0.034538716077804565
Lymphoma and T-Cell,hsa-miR-4494,0.03436441719532013
Hypocapnia,hsa-miR-412-5p,0.03435434401035309
Trichosporonosis,EBV-miR-BHRF1,0.0342850536108017
Epidural   Fibrosis,hsa-mir-8074,0.03425443172454834
Tauopathies,hsa-miR-1183,0.034162670373916626
Inhalant Abuse,rno-miR-30b-3p,0.033959731459617615
Optic Nerve Injuries,hsa-miR-4459,0.03395850956439972
Maxillary Fractures,EBV-mir-BART8,0.033911436796188354
Hypocapnia,hsa-miR-2114*,0.03387318551540375
Cholangitis and Sclerosing and Primary,hsa-miR-4437,0.033856213092803955
Optic Nerve Injuries,hsa-miR-4456,0.03380878269672394
Aspermia,hsa-miR-4439,0.03374037146568298
aortic atherosclerosis,hsa-mir-873,0.033698245882987976
Leukemia and Erythroblastic and Acute,hsa-miR-4437,0.03368522226810455
Mood Disorders,hsa-miR-4482,0.03365723788738251
Familial Hypophosphatemic Rickets,hsa-mir-873,0.03358662128448486
Reperfusion Injury and Testicular Ischemia,hsa-miR-432,0.03346841037273407
Neuralgia,hsa-miR-4482,0.03335075080394745
Neurobehavioral Manifestations,mmu-miR-700-5p,0.03334133327007294
Branchio-Oto-Renal Syndrome,mmu-miR-708,0.0333387553691864
Tauopathies,EBV-miR-BART7,0.03331872820854187
Cholestatic Liver Injury,hsa-miR-3171,0.03323471546173096
Neurobehavioral Manifestations,mmu-miR-708,0.03315234184265137
Skin Ulcer,hsa-miR-376b-3p,0.03312407433986664
Angina Pectoris and Variant,hsa-miR-4482,0.03312098979949951
Thyroiditis,mmu-miR-708,0.033077314496040344
Renal Interstitial Fibrosis,hsa-mir-8074,0.03305332362651825
Rheumatic Fever,hsa-mir-8074,0.032754555344581604
Drug-Related Side Effects and Adverse Reactions,hsa-mir-8074,0.03258933126926422
Non-Ischemic Diabetic Heart Disease,hsa-miR-32*,0.03252372145652771
Inflammation and Chronic,hsa-miR-32*,0.03245525062084198
Otitis Media,hsa-mir-8074,0.032415926456451416
Reperfusion Injury and Testicular Ischemia,hsa-miR-32*,0.032403767108917236
Frontotemporal Lobar Degeneration,hsa-mir-8074,0.03237594664096832
Diminished  Ovarian Reserve,hsa-miR-32*,0.032335489988327026
Neoplasms and Second Primary,mmu-miR-697,0.03227049112319946
Mesothelioma,hsa-mir-8074,0.03225263953208923
Prostatic Diseases,hsa-mir-8074,0.03224794566631317
Disease Progression,hsa-mir-8074,0.0320223867893219
Acute Uterine Injury,hsa-miR-4443,0.03198651969432831
Osteitis,hsa-mir-8074,0.031985536217689514
Lupus Erythematosus and Cutaneous,hsa-mir-8074,0.03198517858982086
Leukemia and Erythroblastic and Acute,hsa-miR-4494,0.03195174038410187
Primary Myelofibrosis,hsa-mir-8074,0.03193363547325134
Eye Diseases,mmu-miR-700-5p,0.03188493847846985
Mood Disorders,hsa-miR-4439,0.03187946975231171
Renal Insufficiency,hsa-mir-8074,0.03179815411567688
Fluoride Poisoning,hsa-let-7a-3p,0.031780511140823364
Periapical Periodontitis,hsa-miR-4459,0.03176848590373993
Myotonic Dystrophy,hsa-miR-3621,0.03176753222942352
Drug-Induced Kidney Injury,hsa-miR-4482,0.03170818090438843
Periapical Periodontitis,hsa-miR-4456,0.03161875903606415
Inhalant Abuse,hsa-mir-873,0.03147968649864197
Encephalocraniocutaneous lipomatosis,hsa-mir-8074,0.031401604413986206
Anemia and Aplastic,mmu-miR-700-5p,0.03139348328113556
Angina Pectoris and Variant,hsa-miR-4439,0.03134357929229736
Acute Uterine Injury,mmu-miR-743a,0.031342148780822754
Toxoplasmosis and Cerebral,rno-miR-369-3p,0.031296223402023315
Periprosthetic Fractures,mmu-miR-700-5p,0.03127861022949219
Hyalinosis and Systemic,mmu-miR-700-5p,0.031186729669570923
Mesangial sclerosis and diffuse,hsa-miR-4511,0.03115975856781006
Periprosthetic Fractures,mmu-miR-708,0.031089603900909424
Folic Acid Deficiency,hsa-mir-8074,0.03099854290485382
Chronic Urticaria,hsa-miR-4494,0.03097003698348999
Ameloblastoma,hsa-miR-4482,0.03092530369758606
proliferative diabetic retinopathy,hsa-miR-4439,0.030798301100730896
Adrenoleukodystrophy,hsa-miR-4459,0.030716463923454285
Ataxia Telangiectasia,hsa-miR-4437,0.03062380850315094
Ovarian Diseases,hsa-miR-4494,0.03051351010799408
Stomach Ulcer,rno-miR-352,0.03049275279045105
Phyllodes Tumor,hsa-miR-4459,0.03045623004436493
Aspermia,hsa-mir-8074,0.030182674527168274
Stomach Ulcer,hsa-miR-4494,0.030138522386550903
Neointimal Hyperplasia,hsa-mir-8074,0.030035153031349182
Nondisjunction and Genetic,hsa-miR-4494,0.0298139750957489
Acute Uterine Injury,hsa-mir-8080,0.029811888933181763
Ehlers-Danlos Syndrome and musculocontractural type 1,hsa-mir-8080,0.029714345932006836
Classical Swine Fever,hsa-miR-29b-2-5p,0.029703065752983093
Cryptococcosis,hsa-mir-8074,0.029574647545814514
Constriction and Pathologic,hsa-mir-8074,0.029442191123962402
Airway Obstruction,hsa-let-7a-3p,0.02933385968208313
Hereditary Autoinflammatory Diseases,hsa-miR-365b-3p,0.029328107833862305
Myeloma Bone Disease,hsa-miR-365b-3p,0.02932696044445038
Visceral Pain,hsa-miR-365b-3p,0.02932184934616089
Edwardsiella tarda,hsa-miR-4511,0.029178187251091003
Nervous System Neoplasms,hsa-miR-4437,0.02904890477657318
Carcinoma and Mucoepidermoid,EBV-mir-BART8,0.028975263237953186
Heat Stroke,hsa-miR-4437,0.028856351971626282
ACTH-Secreting Pituitary Adenoma,hsa-miR-4444,0.02879101037979126
Cataract and Congenital Zonular and with Sutural Opacities,hsa-miR-4511,0.02855837345123291
Periodontitis and Diabetic,hsa-miR-1269b,0.028549030423164368
Osteoporosis and Diabetic,hsa-miR-4511,0.02852584421634674
Osteochondrodysplasias,hsa-miR-4511,0.028490811586380005
Parvoviridae Infections,hsa-miR-1268,0.028469622135162354
Sucrase-isomaltase deficiency and congenital,hsa-mir-8074,0.028458938002586365
Hirschsprung-Associated Enterocolitis,hsa-miR-4511,0.028456851840019226
Respiration Disorders,hsa-miR-4511,0.028415903449058533
Agammaglobulinemia,hsa-miR-4437,0.028388142585754395
Optic Nerve Injuries,mmu-miR-700-5p,0.02823430299758911
Leukemia and Erythroblastic and Acute,hsa-miR-4439,0.028226539492607117
Histiocytosis,mmu-miR-743a,0.027881905436515808
Hemorrhagic Fever With Renal Syndrome,hsa-miR-4511,0.027804270386695862
Angina Pectoris and Variant,hsa-mir-8074,0.027785763144493103
 Lymph  Node Metastasis,hsa-miR-136,0.027695924043655396
Glucocorticoid Receptor Deficiency,hsa-miR-4443,0.027643322944641113
Absent corpus callosum cataract immunodeficiency,hsa-miR-31-5p,0.027606487274169922
Hereditary Autoinflammatory Diseases,hsa-miR-31-5p,0.027595654129981995
Arteritis,hsa-miR-4444,0.027584850788116455
Rhabdomyosarcoma,hsa-miR-4511,0.02732136845588684
proliferative diabetic retinopathy,hsa-mir-8074,0.027240842580795288
Amebiasis,hsa-miR-31-5p,0.027211621403694153
Macular dystrophy and corneal type 1,hsa-miR-4482,0.027206867933273315
Scleral Diseases,hsa-miR-103-1,0.02715301513671875
Progeria,hsa-miR-4456,0.02700883150100708
Salivary Gland Neoplasms,hsa-miR-4511,0.026812225580215454
Developmental Dysplasia of the Hip,hsa-miR-4511,0.026599794626235962
Pulmonary Hypertension and Thromboembolic and Chronic,hsa-miR-4511,0.02659931778907776
Heart Failure and Diastolic,hsa-miR-32*,0.0264425128698349
Nevi and Melanomas,hsa-miR-3156-3p,0.02643229067325592
Epilepsies and Partial,rno-miR-369-3p,0.02634260058403015
Panniculitis and Peritoneal,hsa-miR-4511,0.026275739073753357
Humeral Fractures,hsa-miR-3124,0.026273906230926514
Endothelial Barrier Dysfunction,hsa-miR-4494,0.02623787522315979
Fluoride Poisoning,hsa-miR-3117-3p,0.026200637221336365
Chondrocyte Hypertrophy,hsa-miR-4511,0.0261223167181015
Nondisjunction and Genetic,hsa-miR-4439,0.02608877420425415
Ophthalmoplegia and Chronic Progressive External,hsa-miR-1283-1,0.026085272431373596
Wilms Tumor,hsa-miR-4511,0.02606041729450226
Anorexia Nervosa,hsa-miR-4482,0.02602154016494751
Elephantiasis,hsa-mir-873,0.025964170694351196
Charcot-Marie-Tooth disease type 1B,hsa-miR-4511,0.02590338885784149
Ciliary Motility Disorders,hsa-mir-7844,0.02589714527130127
Prostatic Diseases,hsa-miR-4511,0.025886043906211853
Intermittent Claudication,hsa-miR-136,0.025733500719070435
Heart Neoplasms,hsa-mir-8074,0.025697022676467896
Disease Progression,hsa-miR-4511,0.02566024661064148
Ameloblastoma,hsa-mir-8074,0.0255899578332901
Primary Myelofibrosis,hsa-miR-4511,0.025571495294570923
Nervous System Neoplasms,hsa-miR-4482,0.02536788582801819
Hypocapnia,hsa-miR-29c,0.025323525071144104
Airway Obstruction,hsa-miR-218-2,0.02526696026325226
Niemann-Pick Diseases,hsa-miR-3124,0.0252152681350708
Ataxia Telangiectasia,hsa-miR-4439,0.025165483355522156
Intermittent Claudication,hsa-miR-30c-2,0.025160416960716248
Chromosome Aberrations,hsa-miR-4511,0.025116294622421265
Cone Dystrophy 3,hsa-miR-17-92,0.025058433413505554
Nevus and Halo,hsa-miR-4482,0.025038525462150574
Myeloma Bone Disease,hsa-miR-3612,0.024886950850486755
Cholangitis and Sclerosing and Primary,hsa-mir-8074,0.024839729070663452
Motion Sickness,hsa-miR-4511,0.024774298071861267
Neuroinflammatory Diseases,hsa-miR-450a-5p,0.02477012574672699
 Lymph  Node Metastasis,hsa-mir-8055,0.02476458251476288
Agammaglobulinemia,hsa-miR-4482,0.024707123637199402
Folic Acid Deficiency,hsa-miR-4511,0.024636775255203247
Niemann-Pick Diseases,hsa-miR-218-2,0.024597525596618652
Nervous System Diseases,hsa-miR-4482,0.02444097399711609
Parvoviridae Infections,hsa-miR-30d-3p,0.02442719042301178
Endothelial Barrier Dysfunction,hsa-miR-4482,0.02429032325744629
Histiocytosis,hsa-miR-4459,0.024276092648506165
Anorexia Nervosa,hsa-miR-4439,0.02424412965774536
Leishmaniasis and Diffuse Cutaneous,hsa-miR-4511,0.024127498269081116
Histiocytosis,hsa-miR-4456,0.024126380681991577
Ciliary Motility Disorders,hsa-mir-8080,0.024039387702941895
Exfoliation Syndrome,hsa-miR-4444,0.023847028613090515
 Lymph  Node Metastasis,hsa-miR-3613-5p,0.023691698908805847
Chronic Urticaria,hsa-mir-8074,0.02368701994419098
Avulavirus Infections,hsa-miR-376b-3p,0.02363806962966919
Nervous System Neoplasms,hsa-miR-4439,0.02359059453010559
Dry Eye Syndromes,hsa-miR-4439,0.023302286863327026
Periprosthetic Fractures,hsa-miR-4437,0.023019656538963318
Neointima,hsa-miR-17-92,0.022972941398620605
Agammaglobulinemia,hsa-miR-4439,0.022929459810256958
Neointima,hsa-miR-193b-5p,0.022812113165855408
Acute Uterine Injury,mmu-miR-697,0.022588923573493958
Papilloma and Inverted,hsa-miR-30c-2,0.022540241479873657
Nondisjunction and Genetic,hsa-mir-8074,0.02253095805644989
White Coat Hypertension,hsa-mir-8074,0.022520244121551514
Maxillary Fractures,hsa-miR-130b,0.02245756983757019
IMAGe syndrome,hsa-miR-193b-5p,0.022391721606254578
Hypocapnia,hsa-miR-17-92,0.022381901741027832
Ophthalmoplegia and Chronic Progressive External,hsa-miR-1826,0.022287949919700623
Cholesteatoma and Middle Ear,rno-miR-369-3p,0.022235065698623657
Chronic   Pelvic Pain Syndrome,hsa-miR-302d-3p,0.022105008363723755
Sucrase-isomaltase deficiency and congenital,hsa-miR-4511,0.022096797823905945
Intermittent Claudication,hsa-miR-3124,0.02205510437488556
Ophthalmoplegia and Chronic Progressive External,EBV-mir-BART8,0.022027194499969482
Radiation-Induced Oral Mucositis,hsa-miR-376b-3p,0.021997660398483276
Ciliary Motility Disorders,hsa-miR-4459,0.021963834762573242
Tachycardia,hsa-mir-8074,0.021940410137176514
Tricuspid Valve Insufficiency,hsa-miR-302d-3p,0.02193436026573181
Hemorrhage,rno-miR-369-3p,0.021835267543792725
Chorea,hsa-miR-3117-3p,0.021696925163269043
 Lymph  Node Metastasis,hsa-miR-17-92,0.02152267098426819
Hyphema,hsa-let-7a*,0.02148875594139099
Neurobehavioral Manifestations,hsa-miR-4482,0.02140137553215027
Anemia and Aplastic,hsa-miR-4494,0.021401062607765198
Leukopenia,hsa-miR-3117-3p,0.021326497197151184
Mesangial sclerosis and diffuse,hsa-miR-4428,0.02129592001438141
Phyllodes Tumor,hsa-mir-8069,0.021195337176322937
Hyperglycinemia and Nonketotic,rno-miR-27a,0.02105124294757843
Dilated Cardiomyopathy ,hsa-miR-20b-5p,0.020837455987930298
Leukopenia,hsa-miR-193b-5p,0.020801648497581482
Neuralgia and Postherpetic,hsa-miR-412-5p,0.020800188183784485
Lymphoma and T-Cell,hsa-miR-4511,0.020719513297080994
Tendinopathy,rno-miR-369-3p,0.02058008313179016
Reperfusion Injury and Ischemia,hsa-miR-376b-3p,0.02048671245574951
Chromosome Duplication,hsa-miR-4511,0.020412921905517578
hypomelanosis of Ito,hsa-miR-4439,0.020327836275100708
Premature Birth,hsa-miR-4428,0.019756421446800232
Neoplasms and Second Primary,hsa-miR-4482,0.019754216074943542
Dry Eye Syndromes,hsa-mir-8074,0.01974436640739441
Arterial Occlusive Diseases,hsa-miR-30d-3p,0.01928943395614624
Hyalinosis and Systemic,hsa-miR-4482,0.019247114658355713
Ameloblastoma,hsa-miR-4511,0.019227832555770874
Keratitis,hsa-mir-8074,0.01908358931541443
spinal cord glioma,hsa-miR-193b-5p,0.019009262323379517
Vasospasm and Intracranial,hsa-miR-4428,0.018956929445266724
Tauopathies,hsa-miR-371a-3p,0.018923312425613403
Papilloma and Inverted,hsa-miR-218-2,0.01881718635559082
Osteochondrodysplasias,hsa-miR-4428,0.018627092242240906
Histiocytosis,mmu-miR-700-5p,0.018552005290985107
Glycogen Storage Disease and Type IXD,mmu-miR-700-5p,0.018512502312660217
Radiation-Induced Oral Mucositis,hsa-miR-19a-5p,0.01827700436115265
Retroviridae Infections,hsa-miR-4511,0.01825973391532898
Lymphoproliferative Disorders,hsa-miR-4443,0.01814010739326477
Postoperative Cognitive Complications,rno-miR-27a,0.018026456236839294
Nance-Horan syndrome,hsa-miR-30d-3p,0.018020421266555786
Neoplasms and Second Primary,hsa-miR-4439,0.017976567149162292
Esophageal Fibrosis,hsa-miR-218-1,0.017789289355278015
Periapical Periodontitis,hsa-miR-4437,0.017785444855690002
Glucocorticoid Receptor Deficiency,mmu-miR-708,0.01748017966747284
cough variant asthma,hsa-miR-450a-5p,0.017204761505126953
Vision and Low,rno-miR-369-3p,0.017200157046318054
Adrenocorticotropic hormone deficiency,hsa-miR-4439,0.01714707911014557
Varicose Ulcer,hsa-miR-4444,0.016968071460723877
Ciliary Motility Disorders,mmu-miR-697,0.016816183924674988
Stomach Ulcer,hsa-miR-4511,0.01649312674999237
Postoperative Nausea and Vomiting,hsa-miR-4456,0.016350626945495605
Optic Nerve Injuries,hsa-miR-4482,0.0162946879863739
Nondisjunction and Genetic,hsa-miR-4511,0.016168713569641113
White Coat Hypertension,hsa-miR-4511,0.016158103942871094
Thyroiditis,hsa-mir-8074,0.015991240739822388
Cholecystolithiasis,rno-miR-369-3p,0.0157344788312912
Tachycardia,hsa-miR-4511,0.015578150749206543
Mastitis and Bovine,hsa-mir-8080,0.015533983707427979
Digestive System Neoplasms,hsa-miR-4428,0.015498846769332886
Non-ST Elevated Myocardial Infarction,hsa-miR-4444,0.015424355864524841
Fibromyalgia,rno-miR-369-3p,0.015295296907424927
Osteoporosis and Diabetic,rno-miR-369-3p,0.015203893184661865
Fluoride Poisoning,hsa-miR-3925,0.015169620513916016
Osteochondrodysplasias,rno-miR-369-3p,0.015168741345405579
Vision Disorders,hsa-miR-129-2-3p,0.015068411827087402
Adrenoleukodystrophy,hsa-miR-4494,0.015000313520431519
Carcinoma and Squamous Cell and Skin,rno-miR-369-3p,0.01499183475971222
Motion Sickness,hsa-miR-4428,0.014910578727722168
Fluoride Poisoning,hsa-miR-4267,0.014903366565704346
Corneal dystrophy and epithelial basement membrane,hsa-miR-4428,0.014763057231903076
Asthma ,mmu-miR-708,0.01474258303642273
Tooth and Impacted,hsa-miR-329-3p,0.01461319625377655
 Lymph  Node Metastasis,hsa-miR-411,0.014561668038368225
aortic atherosclerosis,hsa-miR-4444,0.014512985944747925
Arterial Occlusive Diseases,hsa-miR-151-3p,0.014492198824882507
Neuroinflammatory Diseases,hsa-miR-4459,0.014487579464912415
Frontotemporal Dementia,hsa-miR-4428,0.014243319630622864
Cerebral Hemorrhage and Traumatic,hsa-mir-7844,0.014189690351486206
Rhabdomyosarcoma,rno-miR-369-3p,0.013999179005622864
Hyalinosis and Systemic,hsa-mir-8074,0.013911649584770203
Fluoride Poisoning,hsa-let-7a-1,0.013710394501686096
Ehlers-Danlos Syndrome and musculocontractural type 1,hsa-miR-4437,0.013656005263328552
Pregnancy and Prolonged,hsa-miR-203a,0.013653412461280823
Diabetic Ischemia Complication,rno-miR-369-3p,0.013569027185440063
Kidney Cortex Necrosis,hcmv-miR-UL59,0.01337374746799469
Anemia and sideroblastic spinocerebellar ataxia,hsa-miR-4444,0.013228073716163635
Adrenoleukodystrophy,hsa-miR-4482,0.013052761554718018
Tachycardia and Sinus,hsa-let-7a-1,0.013036862015724182
Agammaglobulinemia,hsa-miR-4511,0.013009756803512573
Fatty Liver and Alcoholic,hsa-miR-4443,0.012929737567901611
Fused Teeth,rno-miR-369-3p,0.012921154499053955
Drug-Related Side Effects and Adverse Reactions,rno-miR-369-3p,0.01290525496006012
Humeral Fractures,hsa-miR-4267,0.012845814228057861
Keratitis,hsa-miR-4511,0.012721344828605652
Pneumothorax,hsa-miR-193b-5p,0.01270700991153717
Fatty Liver and Alcoholic,hsa-mir-7844,0.012612864375114441
Gastric Antral Vascular Ectasia,hsa-miR-302b,0.012577101588249207
Vitelliform Macular Dystrophy,hsa-miR-376b,0.012486651539802551
ACTH-Secreting Pituitary Adenoma,hsa-miR-4443,0.012392520904541016
Spinal Cord Compression,hsa-miR-376b,0.012163549661636353
Synovitis,hsa-mir-8080,0.012159839272499084
Deglutition Disorders,hsa-miR-376b,0.012095943093299866
Ehlers-Danlos Syndrome and musculocontractural type 1,hsa-miR-4494,0.011922642588615417
Chorea,hcmv-miR-UL59,0.011878818273544312
peripartum cardiomyopathy,mmu-miR-697,0.01187218725681305
Chronic  Kidney Disease,rno-miR-369-3p,0.011728957295417786
Asthenozoospermia,rno-miR-369-3p,0.011699572205543518
Angina Pectoris and Variant,hsa-miR-4428,0.011559918522834778
Hypocapnia,hsa-miR-4267,0.011448293924331665
Lung  Adenocarcinoma,hsa-miR-4459,0.01143316924571991
Postoperative Nausea and Vomiting,mmu-miR-697,0.01135292649269104
Corneal dystrophy and epithelial basement membrane,rno-miR-369-3p,0.01130494475364685
peripartum cardiomyopathy,mmu-miR-700-5p,0.011295527219772339
Adrenoleukodystrophy,hsa-miR-4439,0.011274993419647217
Lymphoma and Follicular,hsa-miR-4459,0.01121664047241211
cough variant asthma,hsa-miR-4443,0.011172279715538025
Lymphoma and Follicular,hsa-miR-4456,0.011067032814025879
Anemia and Iron-Deficiency,hsa-miR-3117-3p,0.010988861322402954
Neointima,hsa-let-7a-1,0.010846361517906189
Postoperative Nausea and Vomiting,mmu-miR-700-5p,0.010776251554489136
Postoperative Nausea and Vomiting,mmu-miR-708,0.010587260127067566
Transposition of Great Vessels,hsa-miR-4511,0.010424986481666565
Histiocytosis,hsa-miR-4437,0.010293424129486084
Cerebral Hemorrhage and Traumatic,hsa-miR-4459,0.010256022214889526
Hypocapnia,hsa-let-7a-1,0.010255321860313416
Cerebral Hemorrhage and Traumatic,hsa-miR-4456,0.010106310248374939
Follicular Atresia,rno-miR-27a,0.00990593433380127
Neuromuscular Junction Diseases,rno-miR-369-3p,0.009839504957199097
Fluoride Poisoning,hsa-miR-103-as,0.009680256247520447
congenital myopathy 1A,hsa-miR-26a-1*,0.009675055742263794
Drug Resistant Epilepsy,hsa-miR-4443,0.009616762399673462
Nephrotic Syndrome,mmu-miR-743a,0.009543687105178833
Toxoplasmosis and Cerebral,rno-miR-27a,0.009467467665672302
Humeral Fractures,hsa-miR-1283-1,0.009415626525878906
Fluoride Poisoning,hsa-miR-219-1-3p,0.009355977177619934
Fluoride Poisoning,hsa-miR-29b-1,0.00931181013584137
IgA Vasculitis,rno-miR-369-3p,0.00911383330821991
 Lymph  Node Metastasis,hsa-miR-199a*-2,0.009027287364006042
Arteritis,hsa-mir-8080,0.009011730551719666
Familial encephalopathy with neuroserpin inclusion bodies,hsa-miR-4428,0.008913487195968628
Lymphoproliferative Disorders,mmu-miR-697,0.00874263048171997
Niemann-Pick Diseases,hsa-miR-1975,0.008677318692207336
Ehlers-Danlos Syndrome and musculocontractural type 1,hsa-mir-8079,0.008296787738800049
Ehlers-Danlos Syndrome and musculocontractural type 1,hsa-miR-4439,0.008197322487831116
Lymphoproliferative Disorders,mmu-miR-700-5p,0.008165955543518066
Neoplasms and Second Primary,hsa-miR-4511,0.008056849241256714
Urinary Bladder Neck Obstruction,hsa-miR-4428,0.008050411939620972
Tooth and Impacted,hsa-miR-021,0.008043080568313599
Nephrotic Syndrome,hsa-mir-8080,0.008013412356376648
Carcinoma and Mucoepidermoid,hsa-miR-329-5p,0.007959231734275818
Adrenoleukodystrophy,hsa-mir-8074,0.007717058062553406
Periprosthetic Fractures,hsa-miR-4511,0.007641389966011047
Drug Resistant Epilepsy,hsa-mir-8080,0.007442250847816467
miR-142-y,hsa-miR-4444,0.007349357008934021
miR-675-y,hsa-miR-4444,0.00734575092792511
Adrenocorticotropic hormone deficiency,hsa-miR-4511,0.007227256894111633
Gastric Antral Vascular Ectasia,hsa-miR-338-3p,0.0071979910135269165
 Lymph  Node Metastasis,hsa-miR-1283-1,0.007159143686294556
Parvoviridae Infections,hsa-miR-376b-3p,0.007112950086593628
Intermittent Claudication,hsa-miR-199a*-2,0.007064983248710632
Hypocapnia,hsa-miR-3190-3p,0.006966263055801392
Arteritis,hsa-miR-4459,0.006936311721801758
Leukopenia,hsa-miR-1975,0.006919264793395996
Vaginosis and Bacterial,hcmv-miR-UL36,0.006902813911437988
Reperfusion Injury and Testicular Ischemia,hcmv-miR-UL36,0.0068909525871276855
Intra-Articular Fractures,hsa-miR-1227,0.006787121295928955
Arteritis,hsa-miR-4456,0.0067865848541259766
Elephantiasis,hsa-miR-4444,0.006779029965400696
Fluoride Poisoning,hsa-miR-4292,0.006586521863937378
Fluoride Poisoning,hsa-miR-186*,0.0064173489809036255
Fluoride Poisoning,hsa-let-7c-5p,0.006395608186721802
Ciliary Motility Disorders,hsa-miR-4494,0.006247326731681824
Myotonic Dystrophy,hsa-miR-3172,0.006042838096618652
Vitelliform Macular Dystrophy,hsa-miR-411*,0.006025955080986023
Papilloma and Inverted,hsa-miR-4267,0.006006717681884766
 Lymph  Node Metastasis,hsa-miR-380*,0.006001606583595276
Phyllodes Tumor and Breast,hsa-miR-3689c,0.0059808045625686646
Inflammation and Chronic,hsa-miR-337-5p,0.005968242883682251
Hypocapnia,hsa-miR-29b-1,0.005856737494468689
Ossification and Heterotopic,hsa-miR-4443,0.005798012018203735
Glucocorticoid Receptor Deficiency,hsa-miR-4482,0.005729690194129944
Spinal Cord Compression,mmu-miR-673,0.00570310652256012
Intermittent Claudication,hsa-miR-138-2*,0.005518719553947449
Lymphoma and Follicular,mmu-miR-700-5p,0.005492553114891052
Tendon Injuries,hsa-miR-4459,0.005331054329872131
Lymphoma and Follicular,mmu-miR-708,0.005303546786308289
Tendon Injuries,hsa-miR-4456,0.005181461572647095
idiopathic scoliosis,hsa-mir-7844,0.005156591534614563
Acute Disease,hsa-miR-4443,0.005129173398017883
Asthma ,hsa-miR-4494,0.004939645528793335
Urinary Bladder Neck Obstruction,rno-miR-369-3p,0.004591941833496094
Fluoride Poisoning,hsa-miR-3669,0.004487350583076477
Mastitis and Bovine,hsa-mir-8069,0.004197672009468079
IMAGe syndrome,EBV-mir-BART8,0.004130810499191284
Hypocapnia,EBV-mir-BART8,0.0039598047733306885
Ceroid lipofuscinosis and neuronal 5,EBV-mir-BART8,0.003764227032661438
Reperfusion Injury and Ischemia,hsa-miR-3186-5p,0.003712490200996399
Nevi and Melanomas,hsa-miR-124*,0.003582969307899475
Fluoride Poisoning,hsa-miR-4291,0.0034766793251037598
Chediak-Higashi Syndrome,hsa-miR-1207-3p,0.0034742504358291626
Prekallikrein Deficiency,hsa-miR-34b,0.0034741610288619995
Polyposis Syndrome and Hereditary Mixed and 1,hsa-miR-216b-3p,0.0034716278314590454
Echinococcosis and Hepatic,hsa-miR-185-5p,0.003471463918685913
Myotonic Dystrophy,hsa-miR-185-5p,0.00347098708152771
Rhabdoid Tumor and Kidney,hsa-miR-3647-5p,0.0034577548503875732
Diminished  Ovarian Reserve,hsa-miR-323,0.003424122929573059
Reperfusion Injury and Testicular Ischemia,hsa-miR-1297,0.003422677516937256
Reperfusion Injury and Testicular Ischemia,hsa-miR-1285,0.0033906251192092896
Inflammation and Chronic,hsa-miR-4432,0.0033070147037506104
Scleral Diseases,hsa-miR-203a-3p,0.003294512629508972
Optic Neuritis,hsa-miR-4459,0.0032431483268737793
Airway Obstruction,hsa-miR-3126-5p,0.003187119960784912
Agammaglobulinemia,hsa-miR-4428,0.003146037459373474
Optic Neuritis,hsa-miR-4456,0.0030935555696487427
 Lymph  Node Metastasis,hsa-miR-211-5p,0.0028430521488189697
Carcinoma and Adenoid Cystic and Lacrimal Gland,hsa-miR-186*,0.002803429961204529
Genetic Diseases and Inborn,hsa-miR-4456,0.002725660800933838
Shock and Cardiogenic,mmu-miR-700-5p,0.0026711374521255493
Ovarian Failure and Premature ,hsa-miR-4459,0.0026267021894454956
Papilloma and Inverted,hsa-miR-1283-1,0.0025765448808670044
Shock and Cardiogenic,mmu-miR-708,0.0024821460247039795
Parvoviridae Infections,hsa-miR-4327,0.0024251937866210938
Radiation-Induced Oral Mucositis,hsa-miR-412-5p,0.0023808032274246216
Neutropenia,hsa-miR-3934-3p,0.0022483915090560913
Posterior Segment Ocular Diseases,hsa-miR-3934-3p,0.002218768000602722
AIDS-Related Complex,hsa-mir-7844,0.0016472190618515015
Substance Withdrawal Syndrome,hsa-miR-450a-5p,0.0016085803508758545
Ossification and Heterotopic,hsa-miR-4456,0.0013983547687530518
Adrenoleukodystrophy,hsa-miR-4511,0.001355290412902832
idiopathic scoliosis,hsa-miR-4459,0.0012229233980178833
Arteritis,mmu-miR-700-5p,0.001212090253829956
cough variant asthma,mmu-miR-700-5p,0.0011981278657913208
Airway Obstruction,hsa-miR-31-3p,0.001117900013923645
Phyllodes Tumor,hsa-miR-4511,0.0010951608419418335
Fluoride Poisoning,hsa-miR-1271-3p,0.0010831952095031738
Arteritis,mmu-miR-708,0.001023218035697937
Light Fixation Seizure Syndrome,hsa-miR-376b-3p,0.0010009706020355225
Postoperative Nausea and Vomiting,hsa-miR-4494,0.0007841885089874268
Aortopathies,hsa-miR-4456,0.000634506344795227
hypomelanosis of Ito,hsa-miR-4428,0.0005444139242172241
 Lymph  Node Metastasis,hsa-miR-323b-3p,0.00044251978397369385
Cholesteatoma and Middle Ear,rno-miR-27a,0.0004064291715621948
Histiocytoma and Malignant Fibrous,hsa-miR-3124,0.0002716928720474243
Peritoneal Fibrosis,hsa-miR-4443,6.572902202606201e-05
Nephrotic Syndrome,mmu-miR-708,2.4780631065368652e-05
Hemorrhage,rno-miR-27a,6.511807441711426e-06
Parvoviridae Infections,hsa-miR-3928-3p,-8.07642936706543e-05
Tendon Injuries,mmu-miR-700-5p,-0.00039315223693847656
Parvoviridae Infections,hsa-miR-335-5p,-0.00041612982749938965
Endothelial Barrier Dysfunction,rno-miR-369-3p,-0.0007292181253433228
Fluoride Poisoning,hsa-miR-138-1*,-0.0009764730930328369
Postoperative Nausea and Vomiting,hsa-miR-4482,-0.0011633634567260742
Radiation-Induced Oral Mucositis,hsa-miR-2392,-0.0012217909097671509
Tendinopathy,rno-miR-27a,-0.001248672604560852
Papilloma and Inverted,EBV-mir-BART8,-0.0014814138412475586
Varicose Ulcer,hsa-mir-8080,-0.0016050487756729126
Non-ST Elevated Myocardial Infarction,mmu-miR-743a,-0.0016184896230697632
Reperfusion Injury and Testicular Ischemia,hsa-miR-3151,-0.0016474872827529907
Polyposis Syndrome and Hereditary Mixed and 1,hsa-miR-3151,-0.0019056200981140137
Niemann-Pick Diseases,hsa-miR-1271-3p,-0.0020330101251602173
Peritoneal Fibrosis,hsa-mir-8080,-0.0021089017391204834
Spinal Injuries,mmu-miR-743a,-0.002136796712875366
Myopia and Degenerative,hsa-miR-4443,-0.0022803544998168945
Asthma ,hsa-mir-8074,-0.002343490719795227
Ulcerative   Colitis,rno-miR-369-3p,-0.0024535655975341797
Ovarian Failure and Premature ,mmu-miR-697,-0.002520948648452759
Optic Neuritis,mmu-miR-708,-0.0026698261499404907
Arsenic Poisoning,mmu-miR-697,-0.0027650445699691772
Lymphoma and Follicular,hsa-miR-4437,-0.0027664005756378174
Genetic Diseases and Inborn,mmu-miR-700-5p,-0.002848714590072632
Nance-Horan syndrome,hsa-miR-20b*,-0.0029970556497573853
Rheumatic Heart Disease,hsa-miR-4443,-0.003211468458175659
Ovarian Failure and Premature ,mmu-miR-708,-0.003286391496658325
Urinary Calculi,hcmv-miR-US4,-0.003357231616973877
Rheumatic Heart Disease,hsa-mir-7844,-0.0035277456045150757
Fluoride Poisoning,hsa-miR--196a-2,-0.0035957247018814087
Airway Obstruction,hsa-miR-1256,-0.0037854760885238647
Rheumatic Heart Disease,mmu-miR-743a,-0.003855600953102112
Hypocapnia,hsa-miR-30c-2-3p,-0.003963753581047058
Niemann-Pick Diseases,hsa-miR-1255b,-0.004007548093795776
aortic atherosclerosis,hsa-mir-8080,-0.004060134291648865
Fluoride Poisoning,hsa-miR-422b,-0.004152223467826843
Peritoneal Fibrosis,hsa-miR-4459,-0.004184335470199585
Lung  Adenocarcinoma,hsa-miR-4494,-0.00428299605846405
Aortopathies,mmu-miR-697,-0.004363551735877991
Ossification and Heterotopic,mmu-miR-708,-0.004365146160125732
Papilloma and Inverted,hsa-miR-3669,-0.004409313201904297
Inhalant Abuse,hsa-mir-7844,-0.00442032516002655
Hyphema,hsa-miR-131,-0.00446946918964386
idiopathic scoliosis,mmu-miR-700-5p,-0.004501163959503174
Hypocapnia,hsa-miR-1256,-0.004793897271156311
Substance Withdrawal Syndrome,mmu-miR-743a,-0.005068153142929077
Neoplasms and Second Primary,rno-miR-369-3p,-0.005265340209007263
Huntington Disease,rno-miR-27a,-0.005515635013580322
Parvoviridae Infections,hsa-let7i,-0.005542069673538208
Shock and Cardiogenic,hsa-miR-4437,-0.005587562918663025
Simpson-Golabi-Behmel syndrome type 1,hsa-miR-224-3p,-0.005593463778495789
Synovitis,hsa-miR-4494,-0.005632087588310242
Hyalinosis and Systemic,rno-miR-369-3p,-0.005772441625595093
Spinal Cord Compression,hsa-miR-1914*,-0.005972534418106079
peripartum cardiomyopathy,hsa-mir-8074,-0.005979552865028381
Scleral Diseases,hsa-miR-223*,-0.005984827876091003
Cholecystolithiasis,rno-miR-27a,-0.00609414279460907
Testicular Neoplasms,hsa-miR-1914*,-0.006134986877441406
aortic atherosclerosis,hsa-miR-4456,-0.00628526508808136
Lymphoma and Follicular,hsa-miR-4482,-0.006447300314903259
Neointima,hsa-miR--196a-2,-0.006459757685661316
Rh-Negative Hemolytic Disease and Fetus,rno-miR-27a,-0.006626054644584656
Posterior Segment Ocular Diseases,rno-miR-30a*,-0.006663411855697632
Reperfusion Injury and Ischemia,hsa-miR-374a-3p,-0.006769925355911255
Carcinoma and Squamous Cell and Skin,rno-miR-27a,-0.006836801767349243
Hypocapnia,hsa-miR--196a-2,-0.007050797343254089
Reperfusion Injury and Testicular Ischemia,hsa-miR-3922-3p,-0.00723344087600708
Epidural   Fibrosis,rno-miR-27a,-0.0072580426931381226
Cerebral Hemorrhage and Traumatic,hsa-miR-4482,-0.0074077993631362915
Anemia and sideroblastic spinocerebellar ataxia,hsa-miR-4459,-0.007420465350151062
Rheumatic Heart Disease,hsa-miR-4459,-0.007461413741111755
Hypocapnia,hsa-miR-338-5p,-0.0074668824672698975
Anemia and sideroblastic spinocerebellar ataxia,hsa-miR-4456,-0.007570192217826843
ACTH-Secreting Pituitary Adenoma,hsa-miR-4494,-0.007573917508125305
Bursitis,hsa-miR-4459,-0.007698655128479004
Rhabdomyosarcoma,rno-miR-27a,-0.00782957673072815
 Lymph  Node Metastasis,hsa-miR--196a-2,-0.00790955126285553
AIDS-Related Complex,mmu-miR-700-5p,-0.00801055133342743
Motor Neuron Disease,hsa-miR-376b-3p,-0.008148923516273499
Astrocytoma,mmu-miR-697,-0.008268043398857117
Neuroinflammatory Diseases,hsa-mir-8074,-0.008511707186698914
Reperfusion Injury and Ischemia,hsa-miR-3124,-0.008608341217041016
Asthma ,hsa-miR-4511,-0.0087052583694458
Arteritis,hsa-miR-4494,-0.008779853582382202
cough variant asthma,hsa-miR-4494,-0.008793935179710388
Chilblain lupus,rno-miR-27a,-0.00880439579486847
Li-Fraumeni Syndrome,mmu-miR-743a,-0.008843794465065002
Heart Failure and Diastolic,hsa-miR-3135b,-0.00906883180141449
Myocardial Ischemia,rno-miR-27a,-0.009092941880226135
Radiation-Induced Oral Mucositis,hsa-miR-3117-3p,-0.009228095412254333
Prostatic Diseases,rno-miR-27a,-0.009264782071113586
Lipoma,rno-miR-27a,-0.009329929947853088
Neurodevelopmental Injuries,rno-miR-27a,-0.00934535264968872
Synovitis,hsa-miR-4439,-0.009357303380966187
Papilloma and Inverted,hsa-miR-30c-2-3p,-0.009405091404914856
Osteitis,rno-miR-27a,-0.00952717661857605
Primary Myelofibrosis,rno-miR-27a,-0.009578973054885864
Elephantiasis,hsa-miR-4443,-0.009619578719139099
Renal Insufficiency,rno-miR-27a,-0.009714558720588684
Parvoviridae Infections,hsa-miR-147b,-0.009865432977676392
Hepatitis and Alcoholic,rno-miR-27a,-0.009976238012313843
Peritoneal Fibrosis,mmu-miR-708,-0.010097429156303406
Asthenozoospermia,rno-miR-27a,-0.010129064321517944
Pregnancy Complications and Infectious,rno-miR-27a,-0.010198429226875305
Familial Multiple Coagulation Factor Deficiency I,rno-miR-27a,-0.010311625897884369
Drug Resistant Epilepsy,hsa-miR-4494,-0.010349683463573456
Tendon Injuries,hsa-miR-4494,-0.010385453701019287
Deficiency Diseases,mmu-miR-700-5p,-0.010514996945858002
Deficiency Diseases,mmu-miR-708,-0.010703876614570618
Non-ST Elevated Myocardial Infarction,mmu-miR-700-5p,-0.01094839721918106
Mastocytoma and Skin,EBV-mir-BART8,-0.010983675718307495
Shock and Cardiogenic,hsa-miR-4439,-0.011046238243579865
Genetic Diseases and Inborn,hsa-miR-4437,-0.011107653379440308
Leukodystrophy and Globoid Cell,hsa-miR-3170,-0.011147044599056244
ACTH-Secreting Pituitary Adenoma,hsa-miR-4439,-0.011299245059490204
Fluoride Poisoning,hsa-miR-3155,-0.011476673185825348
Lung  Adenocarcinoma,hsa-mir-8074,-0.011566005647182465
Nephrotic Syndrome,hsa-miR-4482,-0.01172606647014618
Tendon Injuries,hsa-miR-4482,-0.012332886457443237
Ossification and Heterotopic,hsa-miR-4437,-0.012435078620910645
Fluoride Poisoning,hsa-miR-371a-3p,-0.012497484683990479
Parvoviridae Infections,hsa-miR-412-5p,-0.012503795325756073
Li-Fraumeni Syndrome,hsa-miR-4456,-0.012599200010299683
Mood Disorders,rno-miR-27a,-0.013190709054470062
Reperfusion Injury and Testicular Ischemia,hsa-miR-372-5p,-0.013233043253421783
autoimmune uveitis,hsa-miR-3620-3p,-0.013323105871677399
Anemia and sideroblastic spinocerebellar ataxia,mmu-miR-708,-0.01333356648683548
Juvenile gout,hsa-miR-151a-5p@,-0.013335376977920532
Inflammation and Chronic,hsa-miR-3605-3p,-0.013336770236492157
Myeloma Bone Disease,hsa-miR-154-3p,-0.013355933129787445
Non-Segmental Vitiligo,hsa-miR-1911*,-0.013362281024456024
Meniscus Degeneration,hsa-miR-4307,-0.013364769518375397
Chronic Inflammation,hsa-miR-3191,-0.013367198407649994
Myeloma Bone Disease,hsa-miR-1246,-0.013369120657444
Angioedemas and Hereditary,hsa-miR-3688-3p,-0.013373017311096191
Brugada Syndrome,hsa-miR-1254,-0.013378232717514038
Neutropenia,hsa-miR-1249-3p,-0.013390280306339264
Neutropenia,EBV-mir-BART11,-0.013393864035606384
Posterior Segment Ocular Diseases,mmu-miR-681,-0.01340658962726593
Susac Syndrome,hsa-miR-4458,-0.01341237872838974
Posterior Segment Ocular Diseases,hsa-miR-30a-5P,-0.013445094227790833
Nephrotic Syndrome,hsa-miR-4439,-0.013503722846508026
Fluoride Poisoning,hsa-miR-329-5p,-0.013601042330265045
Papilloma and Inverted,hsa-miR-351,-0.013621844351291656
Elephantiasis,hsa-miR-4459,-0.013869516551494598
Humeral Fractures,hsa-miR-1910,-0.01419268548488617
Fluoride Poisoning,hsa-miR-3137,-0.014290779829025269
Fatty Liver and Alcoholic,hsa-mir-8074,-0.014319613575935364
Histiocytoma and Malignant Fibrous,hsa-let-7a-1,-0.014349624514579773
Hypocapnia,hsa-miR-3614-5p,-0.014391250908374786
Substance Withdrawal Syndrome,mmu-miR-700-5p,-0.014398053288459778
idiopathic scoliosis,hsa-miR-4494,-0.014493100345134735
Diffuse Malignant Peritoneal Mesothelioma,hsa-mir-8078,-0.015081994235515594
Arsenic Poisoning,hsa-miR-4482,-0.01528121531009674
Vision Disorders,hsa-miR-181a,-0.015622347593307495
Chronic  Rhinosinusitis With Nasal Polyps,hsa-miR-4315,-0.015722282230854034
Ophthalmoplegia and Chronic Progressive External,hsa-miR-27a*,-0.016840234398841858
Leukemia and Erythroblastic and Acute,rno-miR-27a,-0.016843639314174652
Retroviridae Infections,rno-miR-27a,-0.016891084611415863
Intermittent Claudication,hsa-miR-3614-5p,-0.017212294042110443
 Lymph  Node Metastasis,hsa-miR-1b-1,-0.017512619495391846
Actinic cheilitis,hsa-miR-4439,-0.017543815076351166
Drug Resistant Epilepsy,hsa-mir-8074,-0.017632462084293365
AIDS-Related Complex,hsa-miR-4494,-0.01800248771905899
Tauopathies,hsa-miR-19b-1*,-0.018064863979816437
Phyllodes Tumor and Breast,hsa-miR-3176,-0.018267996609210968
Hypocapnia,hsa-miR-4271,-0.018273331224918365
Ovarian Diseases,rno-miR-27a,-0.018282219767570496
Li-Fraumeni Syndrome,mmu-miR-708,-0.01836257427930832
Constipation,mmu-miR-697,-0.018385551869869232
 Lymph  Node Metastasis,hsa-miR-3137,-0.0186050683259964
Stomach Ulcer,rno-miR-27a,-0.01865721493959427
Aortopathies,hsa-miR-4439,-0.018657490611076355
Angioedemas and Hereditary,hsa-miR-371-3p,-0.018791884183883667
Nondisjunction and Genetic,rno-miR-27a,-0.018981754779815674
miR-675-y,mmu-miR-700-5p,-0.01902689039707184
Friedreich Ataxia,mmu-miR-708,-0.01914171129465103
Anemia and Iron-Deficiency,hsa-miR-338-5p,-0.01922360062599182
Acute Heart Failure,hsa-miR-3545-5p,-0.019820570945739746
Ataxia Telangiectasia,rno-miR-27a,-0.01990504562854767
Reperfusion Injury and Testicular Ischemia,hsa-miR-3545-5p,-0.019962608814239502
Precursor B-Cell Lymphoblastic Leukemia-Lymphoma,rno-miR-27a,-0.020078212022781372
Parvoviridae Infections,hsa-miR-374a-3p,-0.02014356106519699
Ovarian Failure and Premature ,hsa-mir-8074,-0.020372465252876282
Deficiency Diseases,hsa-miR-4494,-0.020507290959358215
Fatty Liver and Alcoholic,hsa-miR-4511,-0.020681865513324738
Astrocytoma,hsa-miR-4482,-0.020784206688404083
 Lymph  Node Metastasis,hsa-miR-378*,-0.02103879302740097
Reperfusion Injury and Testicular Ischemia,hsa-miR-1247,-0.021193794906139374
Angioedemas and Hereditary,hsa-miR-1247,-0.021282970905303955
Ossification and Heterotopic,hsa-mir-8074,-0.02145133912563324
Parvoviridae Infections,hsa-miR-29c,-0.02153497189283371
congenital fibrosarcoma,hsa-miR-105,-0.02154320478439331
Bursitis,hsa-miR-4437,-0.021681681275367737
Nevus and Halo,rno-miR-27a,-0.021809421479701996
Reperfusion Injury and Ischemia,hsa-miR-1225,-0.021822839975357056
 Lymph  Node Metastasis,hsa-miR-125b-2,-0.02197985351085663
Reperfusion Injury and Ischemia,hsa-miR-4267,-0.022036440670490265
Radiation-Induced Oral Mucositis,hsa-miR-199a*-2,-0.02208726853132248
Agammaglobulinemia,rno-miR-27a,-0.022141069173812866
cough variant asthma,hsa-miR-4511,-0.02243884652853012
Tauopathies,hsa-miR-19b-1,-0.022717997431755066
Rheumatic Heart Disease,hsa-miR-4494,-0.02317756414413452
Reperfusion Injury and Ischemia,hsa-let-7a-1,-0.02322930097579956
Radiation-Induced Oral Mucositis,hsa-miR-1285-5p,-0.02330150455236435
Nephrotic Syndrome,hsa-miR-4511,-0.02342355251312256
Reperfusion Injury and Testicular Ischemia,hsa-miR-092,-0.023498810827732086
Radiation-Induced Oral Mucositis,hsa-miR-1283-1,-0.023955658078193665
Drug Resistant Epilepsy,hsa-miR-4511,-0.02399459481239319
Myopia and Degenerative,hsa-miR-4482,-0.024194002151489258
Reperfusion Injury and Ischemia,hsa-miR-30a,-0.025143779814243317
Neurobehavioral Manifestations,rno-miR-27a,-0.025446459650993347
Myopia and Degenerative,hsa-miR-4439,-0.025971777737140656
Postoperative Nausea and Vomiting,rno-miR-369-3p,-0.026182904839515686
Hypocapnia,hsa-miR-1294,-0.026374436914920807
Spinal Dysraphism,hsa-miR-371a-3p,-0.02638605237007141
thyroid gland Hurthle cell carcinoma,hsa-miR-3690,-0.0264277383685112
Genetic Diseases and Inborn,hsa-miR-4511,-0.02648603916168213
Reperfusion Injury and Ischemia,hsa-miR-3190-3p,-0.026518598198890686
Urinary Calculi,hsa-miR-142-5p,-0.026649989187717438
Ovarian Failure and Premature ,hsa-miR-4511,-0.026734597980976105
Reperfusion Injury and Testicular Ischemia,hsa-miR-142-5p,-0.026828885078430176
Rheumatic Heart Disease,hsa-miR-4439,-0.02690289169549942
Arsenic Poisoning,hsa-miR-4511,-0.026978693902492523
Peritoneal Fibrosis,hsa-mir-8074,-0.027183622121810913
idiopathic scoliosis,hsa-miR-4511,-0.02813813090324402
Classical Swine Fever,hsa-miR-1251-3p,-0.02833779901266098
Nevi and Melanomas,hsa-miR-187,-0.028557464480400085
Aortopathies,hsa-miR-4511,-0.02857719361782074
Friedreich Ataxia,rno-miR-352,-0.028590530157089233
Radiation-Induced Oral Mucositis,hsa-miR-186*,-0.02901127189397812
Arterial Occlusive Diseases,hsa-miR-3117-3p,-0.029250316321849823
Reperfusion Injury and Ischemia,hsa-miR-1826,-0.0292641744017601
Urinary Calculi,hsa-miR-1226-5p,-0.03004889190196991
Li-Fraumeni Syndrome,hsa-miR-4482,-0.030113540589809418
Renal Artery Obstruction,hsa-miR-345,-0.03012717515230179
Wound Infection,hsa-miR-361-5p,-0.030158616602420807
Lattice corneal dystrophy type 1,hsa-miR-3166,-0.030326955020427704
Reperfusion Injury and Testicular Ischemia,hsa-miR-3166,-0.030331894755363464
Anemia and sideroblastic spinocerebellar ataxia,hsa-mir-8074,-0.030419640243053436
thyroid gland Hurthle cell carcinoma,hsa-miR-345,-0.030537210404872894
Fatty Liver and Alcoholic,hsa-miR-4428,-0.03054557740688324
Scleral Diseases,hsa-miR-3166,-0.030645959079265594
Skin Ulcer,hsa-miR-200c-3p,-0.030679918825626373
Tauopathies,hsa-mir-7684,-0.030869722366333008
Autoimmune Diseases of the Nervous System,hsa-miR-3120-5p,-0.03093496710062027
Radiation-Induced Oral Mucositis,hsa-miR-3669,-0.030941270291805267
IMAGe syndrome,hsa-miR-1234-3p,-0.031215108931064606
Inhalant Abuse,hsa-mir-8074,-0.03135327994823456
Airway Obstruction,hsa-miR-374a-5p,-0.031673699617385864
Li-Fraumeni Syndrome,hsa-miR-4439,-0.031891196966171265
Spherocytosis and Hereditary,hsa-miR-4482,-0.03192194551229477
Respiratory Sounds,hsa-miR-2114*,-0.03261049836874008
Reperfusion Injury and Testicular Ischemia,hsa-miR-1261,-0.03298380970954895
glioblastoma,hsa-miR-2392,-0.0329926535487175
Posterior Segment Ocular Diseases,hsa-miR-1261,-0.03302691876888275
Varicose Ulcer,hsa-miR-4511,-0.033041663467884064
Teratoma,hsa-miR-4510,-0.03350003808736801
Hypocapnia,hsa-miR-219b-5p,-0.03377684950828552
Fluoride Poisoning,hsa-miR-1225-3p,-0.03388842195272446
Tendon Injuries,hsa-miR-4428,-0.03389407694339752
Airway Obstruction,hsa-miR-27a*,-0.03389907628297806
Deficiency Diseases,hsa-miR-4511,-0.03415220230817795
Humeral Fractures,rno-miR-542-3p,-0.03427673876285553
Shock and Cardiogenic,rno-miR-369-3p,-0.03428801894187927
 Lymph  Node Metastasis,hsa-miR-3591-3p,-0.03498123586177826
Tricuspid Valve Insufficiency,hsa-miR-202,-0.03503357619047165
Reperfusion Injury and Ischemia,EBV-miR-BART7,-0.035042114555835724
Spinal Injuries,hsa-miR-4511,-0.03510391712188721
Arteritis,rno-miR-369-3p,-0.035746946930885315
Airway Obstruction,hsa-miR-2053,-0.03574896603822708
Reperfusion Injury and Ischemia,hsa-miR-1271-3p,-0.035856738686561584
Intermittent Claudication,hsa-miR-216,-0.03587818890810013
hsv2-miR-H19,hsa-mir-8074,-0.036299318075180054
miR-BART22,hsa-mir-8080,-0.0363621860742569
Anemia and sideroblastic spinocerebellar ataxia,hsa-miR-4511,-0.03678153455257416
Ehlers-Danlos Syndrome and musculocontractural type 1,rno-miR-27a,-0.03687320649623871
Humeral Fractures,hsa-miR-4270,-0.03738754242658615
Substance Withdrawal Syndrome,hsa-miR-4511,-0.03803502023220062
Optic Neuritis,rno-miR-369-3p,-0.03943997621536255
Inflammation-Related  Depression,hsa-miR-218-2,-0.039466492831707
Respiratory Sounds,hsa-miR-374a-3p,-0.03976910561323166
Myotonic Dystrophy,hsa-miR-29c-5p,-0.03977914899587631
Nevi and Melanomas,hsa-miR-3159,-0.039810918271541595
Myeloma Bone Disease,hsa-miR-3159,-0.039849333465099335
Spinal Cord Compression,hsa-miR-33,-0.04001149535179138
Polyposis Syndrome and Hereditary Mixed and 1,hsa-miR-2861,-0.04013047367334366
Respiratory Sounds,hsa-miR-223-5p,-0.040440335869789124
Parvoviridae Infections,hsa-miR-29b-1,-0.04100140184164047
Respiratory Sounds,hsa-miR-29c,-0.041160278022289276
Buschke-Ollendorff syndrome,hsa-miR-3669,-0.04136573523283005
idiopathic scoliosis,rno-miR-369-3p,-0.041460320353507996
Oculodentodigital Dysplasia,hsa-miR-3610,-0.04169531911611557
Hyphema,hsa-miR-3124,-0.04234151542186737
hsv2-miR-H19,hsa-miR-4511,-0.042661093175411224
hsv1-miR-H7,hsa-miR-4511,-0.04266302287578583
Granulomatous Disease and Chronic,hsa-miR-374b-5p,-0.043173424899578094
Myeloma Bone Disease,hsa-miR-204-5p,-0.043191105127334595
Malaria and Falciparum,hsa-miR-338-5p,-0.04321125149726868
Renal Artery Obstruction,hsa-miR-133,-0.04324830323457718
Scleral Diseases,hsa-miR-1180-5p,-0.043454691767692566
Mycoplasma pneumoniae pneumonia,hsa-miR-1180-5p,-0.04347221553325653
Juvenile gout,hsa-miR-122-5p,-0.04349261522293091
Cakut,hsa-miR-204-5p,-0.04357254505157471
Non-ST Elevated Myocardial Infarction,hsa-miR-4428,-0.044449083507061005
Hyphema,hsa-miR-3117-3p,-0.04447244852781296
Hypocapnia,hsa-miR-3934-5p,-0.044781602919101715
Light Fixation Seizure Syndrome,hsa-miR-1283-1,-0.044952355325222015
Hyphema,hsa-miR-193b-5p,-0.044996947050094604
aortic atherosclerosis,hsa-miR-4428,-0.045360684394836426
Pregnancy Complications and Infectious,hsa-miR-4316,-0.04616769403219223
Esophageal Fibrosis,hsa-miR-1322,-0.046251118183135986
Deficiency Diseases,rno-miR-369-3p,-0.04747403413057327
Airway Obstruction,hsa-miR-210-3p,-0.047509364783763885
Airway Obstruction,hsa-miR-1282,-0.04764069616794586
Arterial Occlusive Diseases,EBV-mir-BART8,-0.04803607612848282
Ischaemic Heart Disease,hsa-miR-199a*-1,-0.04821860045194626
Hypocapnia,hsa-miR-3934,-0.048220857977867126
Radiation-Induced Oral Mucositis,hsa-miR-1b-1,-0.048627182841300964
Respiratory Sounds,mmu-miR-744,-0.048869773745536804
Myopia and Degenerative,rno-miR-369-3p,-0.04921355098485947
Maxillary Fractures,hsa-miR-149*,-0.04933333396911621
Radiation-Induced Oral Mucositis,hsa-miR-3619-3p,-0.0494036003947258
Radiation-Induced Oral Mucositis,hsa-miR-181a,-0.049407653510570526
Parvoviridae Infections,hsa-let-7c_c,-0.049481578171253204
Neuroinflammatory Diseases,rno-miR-27a,-0.05002430081367493
Tauopathies,hsa-miR-320B,-0.05004990100860596
Periodontitis and Diabetic,hsa-miR-3927-3p,-0.05017691105604172
Laryngopharyngeal Neoplasms,hsa-miR-3189,-0.050208061933517456
Angioedemas and Hereditary,hsa-miR-196b,-0.05037110298871994
Motor Neuron Disease,hsa-miR-4267,-0.050671711564064026
Inflammation-Related  Depression,hcmv-miR-UL59,-0.05079755187034607
Parvoviridae Infections,hsa-miR-1255b,-0.05120491236448288
Parvoviridae Infections,hsa-miR-138-1*,-0.05128955841064453
Hypocapnia,hsa-miR-23a-3p,-0.05131649971008301
Esophageal Achalasia,hsa-miR-3192,-0.051447950303554535
Airway Obstruction,hsa-miR-136*,-0.05200215429067612
Inflammation-Related  Depression,hsa-miR-1225,-0.0520634800195694
Hypocapnia,hsa-miR-23c,-0.05223845690488815
Lattice corneal dystrophy type 1,hsa-miR-3163,-0.05312804877758026
Angioedemas and Hereditary,hsa-miR-3163,-0.05322222411632538
Humeral Fractures,hsa-miR-1979,-0.0532870814204216
Motor Neuron Disease,hsa-miR-30a,-0.053779296576976776
Fluoride Poisoning,rno-miR-25,-0.05421961843967438
Hyphema,hcmv-miR-UL59,-0.05429043620824814
Synovitis,rno-miR-27a,-0.05442747473716736
Radiation-Induced Oral Mucositis,hsa-miR-4482-5p,-0.05459125339984894
Li-Fraumeni Syndrome,rno-miR-369-3p,-0.055132731795310974
Posterior Segment Ocular Diseases,hsa-miR-3156,-0.055143050849437714
Fluoride Poisoning,hsa-miR-3179,-0.05585591495037079
Shock and Cardiogenic,rno-miR-27a,-0.05611676722764969
Nevi and Melanomas,hsa-miR-220a,-0.05631405860185623
Elephantiasis,rno-miR-369-3p,-0.05655264854431152
Stenosis and Pulmonary Artery,hsa-miR-193a,-0.05670011788606644
Spinal Dysraphism,hsa-miR-26a-1,-0.05681079626083374
Dilated Cardiomyopathy ,hsa-miR-202,-0.05705422908067703
Reperfusion Injury and Testicular Ischemia,hsa-miR-3617,-0.05734836310148239
Meniscus Degeneration,hsa-miR-3675-5p,-0.05743030458688736
Arteritis,rno-miR-27a,-0.05757570266723633
cough variant asthma,rno-miR-27a,-0.05758967250585556
Respiratory Sounds,hsa-miR-1975,-0.05814523249864578
Drug Resistant Epilepsy,rno-miR-27a,-0.059145182371139526
Hyphema,hsa-miR-1283-1,-0.05920014530420303
Humeral Fractures,hsa-miR-23a-5p,-0.05930882692337036
Respiratory Sounds,hsa-miR-093,-0.05977579206228256
Transmissible Gastroenteritis,hsa-miR-421,-0.06032819300889969
Tauopathies,hsa-miR-30b-5p,-0.06035865843296051
Fluoride Poisoning,hsa-miR-125b-2-3p,-0.060361117124557495
Inflammation-Related  Depression,hsa-miR-186*,-0.06076262891292572
Arsenic Poisoning,rno-miR-27a,-0.06212904304265976
Reperfusion Injury and Testicular Ischemia,hsa-let-7c,-0.06224720925092697
Respiratory Sounds,EBV-mir-BART8,-0.06252387911081314
Humeral Fractures,hsa-miR-130a,-0.06396947801113129
Radiation-Induced Oral Mucositis,hsa-miR-216,-0.06503067910671234
Angioedemas and Hereditary,hsa-let-7a-2*,-0.06532689183950424
Encephalitis and Tick-Borne,hsa-miR-1245b-5p,-0.06544305384159088
Gliosis,hsa-miR-4330,-0.06546348333358765
Hypocapnia,hsa-miR-223-3p,-0.06559312343597412
Reperfusion Injury and Testicular Ischemia,hsa-miR-3910,-0.06575875729322433
Amebiasis,hsa-miR-3672,-0.06606639921665192
AIDS-Related Complex,rno-miR-27a,-0.06679833680391312
Reperfusion Injury and Ischemia,hsa-miR-126,-0.06718290597200394
Niemann-Pick Diseases,hsa-miR-1258,-0.06760535389184952
Airway Obstruction,hsa-miR-3155b,-0.06770481169223785
miR-BART22,hsa-miR-4511,-0.0677991509437561
IMAGe syndrome,hsa-miR-1237,-0.06838463991880417
Tauopathies,hsa-miR-181a-2-3p,-0.06940332800149918
Non-ST Elevated Myocardial Infarction,rno-miR-27a,-0.06973619014024734
Human T-Cell Leukemia Virus Type 1 Infections,hsa-miR-3195,-0.0702531710267067
Hearing Loss and Age-Related,hsa-miR-378*,-0.07036898285150528
aortic atherosclerosis,rno-miR-27a,-0.07064744085073471
Urinary Calculi,hsa-miR-1255a,-0.07068149745464325
Diminished  Ovarian Reserve,hsa-miR-1255a,-0.07092855125665665
Respiratory Sounds,hsa-miR-130b,-0.07397755980491638
Hyphema,hsa-miR--196a-2,-0.07426882535219193
Penile Induration,hsa-miR-3610,-0.07535971701145172
Airway Obstruction,hcmv-mir-UL70,-0.07548701763153076
Periodontitis and Diabetic,hsa-miR-3200-3p,-0.0765395238995552
Lattice corneal dystrophy type 1,hsa-miR-1243,-0.07663679122924805
Polyposis Syndrome and Hereditary Mixed and 1,hsa-miR-1226*,-0.07677789777517319
Friedreich Ataxia,rno-miR-27a,-0.07774050533771515
Elephantiasis,rno-miR-27a,-0.07838140428066254
 Lymph  Node Metastasis,EBV-miR-BART16,-0.07841081917285919
Fluoride Poisoning,hsa-miR-3677,-0.07878535985946655
Motor Neuron Disease,hsa-miR-181a,-0.07955412566661835
Radiation-Induced Oral Mucositis,hsa-miR-1307-5p,-0.08024801313877106
Skin Ulcer,hsa-miR-23a-5p,-0.08155333995819092
Reperfusion Injury and Ischemia,hsa-miR-3934,-0.08170583844184875
Neoplasms and Mesothelial,hsa-miR-1255b-5p,-0.08294571936130524
Oculodentodigital Dysplasia,hsa-miR-3676-5p,-0.08304136246442795
Radiation-Induced Oral Mucositis,hsa-miR-4280,-0.08382492512464523
Hypocapnia,hsa-miR-222,-0.08402393758296967
Hyphema,hsa-miR-329-5p,-0.08427402377128601
Fluoride Poisoning,hsa-mir-874,-0.08453033864498138
Neointima,hsa-miR-140-5p,-0.08492818474769592
Nance-Horan syndrome,hsa-miR-3065-3p,-0.08514769375324249
Fluoride Poisoning,hsa-mir-8078,-0.08548226952552795
Neuropathic Low Back Pain,hsa-miR-16-1-3p,-0.08602727204561234
Radiation-Induced Oral Mucositis,mmu-miR-693-5p,-0.08623237907886505
Granulomatous Disease and Chronic,hsa-miR-1185-5p,-0.08756078779697418
Inflammation and Chronic,hsa-miR-1185-5p,-0.08768144249916077
Fluoride Poisoning,hsa-miR-333,-0.09001218527555466
Respiratory Sounds,hsa-miR-1185-2-3p,-0.09211680293083191
Angioedemas and Hereditary,hsa-miR-103-2,-0.09369423985481262
UV-Sensitive Syndrome,hsa-miR-130b-5p,-0.09370733797550201
Parvoviridae Infections,hsa-miR-3934,-0.09507935494184494
D-bifunctional protein deficiency,hsa-miR-24-2-5p,-0.09639254957437515
Posterior Segment Ocular Diseases,hsa-miR-1252-3p,-0.09689414501190186
Optic Neuritis,hsa-miR-4316,-0.09723824262619019
Hypocapnia,hsa-miR-4268,-0.09780967235565186
Parvoviridae Infections,hsa-miR-23a-3p,-0.09817510843276978
Encephalitis and Tick-Borne,hsa-miR-205-5p,-0.09928735345602036
Equine Infectious Anemia,hsa-miR-205-5p,-0.0994657576084137
Penile Induration,hsa-miR-3173-3p,-0.10342428833246231
Hyphema,hsa-miR-1225-3p,-0.10456152260303497
Motor Neuron Disease,hsa-miR-3670,-0.10488720238208771
Airway Obstruction,hsa-miR-124a-2,-0.1059970036149025
Reperfusion Injury and Testicular Ischemia,hsa-miR-2964a-5p,-0.10848881304264069
Hypocapnia,hsa-let-7f-2-3p,-0.10879203677177429
Neointima,hsa-miR-1277-3p,-0.10990194231271744
Parvoviridae Infections,hsa-miR-1225-5p,-0.11114819347858429
Tachycardia and Sinus,hsa-miR-3065-5p,-0.11119164526462555
Splenic Neoplasms,hsa-miR-212-5p,-0.11215395480394363
Anemia and Iron-Deficiency,hsa-miR-101b,-0.11254101991653442
Respiratory Sounds,hsa-miR-3934,-0.1147046610713005
Inflammation and Chronic,hsa-miR-3926,-0.11616413295269012
Posterior Segment Ocular Diseases,hsa-miR-3926,-0.11625884473323822
Vitreoretinochoroidopathy,hsa-miR-1228,-0.11666717380285263
Spinal Dysraphism,hcmv-miR-US29,-0.12261129915714264
Trichosporonosis,hsa-miR-20b-3p,-0.12445055693387985
Radiation-Induced Oral Mucositis,hsa-miR-1231,-0.1254723221063614
 Lymph  Node Metastasis,hsa-miR-328-1,-0.1275280863046646
Multiple Mitochondrial Dysfunctions Syndrome,hsa-miR-24-1*,-0.12825371325016022
Lentivirus Infections,hsa-miR-24-1*,-0.12827454507350922
Inflammation-Related  Depression,hsa-miR-223-3p,-0.129318505525589
Sezary Syndrome,hsa-miR-30e-3p,-0.13513071835041046
DiGeorge Syndrome,hsa-miR-378i,-0.14192025363445282
Orofacial Cleft,hsa-miR-101-3p,-0.15258455276489258
Periodontitis and Diabetic,hsa-miR-151a-3p,-0.15264984965324402
Amebiasis,hsa-miR-151a-3p,-0.15309306979179382
 Lymph  Node Metastasis,hsa-miR-376a-3p,-0.15529517829418182
Hypocapnia,hsa-miR-2115-5p,-0.16276970505714417
Skin Ulcer,hsa-miR-1908,-0.16315841674804688
Hyphema,hsa-miR-4485-5p,-0.1810833364725113
Intra-Articular Fractures,hsa-miR-378i,-0.18900489807128906
Kidney Tubular Necrosis and Acute,hsa-miR-205-5p,-0.19992466270923615
Acute Uterine Injury,hsa-miR-101b-2,-0.21125614643096924
Fluoride Poisoning,hsa-miR-142-5p,-0.22237223386764526
Intermittent Claudication,hsa-miR-105,-0.22333520650863647
Angioedemas and Hereditary,hsa-let-7j,-0.24788960814476013
Amebiasis,hsa-miR-194-1,-0.2714869976043701
Reperfusion Injury and Testicular Ischemia,hsa-miR-34b*,-0.27264735102653503
Chronic   Pelvic Pain Syndrome,hsa-miR-216a,-0.2727075219154358
Myeloma Bone Disease,hsa-miR-4323,-0.2730761766433716
Reperfusion Injury and Testicular Ischemia,hsa-miR-33b-3p,-0.2731470763683319
Angioedemas and Hereditary,hsa-miR-196b*,-0.273777574300766
Motor Neuron Disease,hsa-miR-3187-3p,-0.2756549119949341
Periodontitis and Diabetic,hsa-miR-1203,-0.275709331035614
Meniscus Degeneration,hsa-miR-1324,-0.2766634225845337
Reperfusion Injury and Testicular Ischemia,hsa-miR-1915-3p,-0.27711260318756104
Rhabdoid Tumor and Kidney,hsa-miR-181a-2*,-0.2771531343460083
Reperfusion Injury and Testicular Ischemia,hsa-miR-377,-0.2777920365333557
Nevi and Melanomas,hsa-miR-1306-3p,-0.2788759469985962
Urinary Calculi,hcmv-miR-UL70,-0.2795262932777405
Cataract and posterior polar and 3,hsa-miR-3196,-0.2796911597251892
Hypocapnia,hsa-miR-374a,-0.28009796142578125
Reperfusion Injury and Testicular Ischemia,hsa-miR-301a,-0.2820504307746887
Nevi and Melanomas,hsa-miR-1470,-0.2832219898700714
Reperfusion Injury and Ischemia,hsa-miR-1267,-0.28341054916381836
Periodontitis and Diabetic,hsa-miR-4319,-0.2840638756752014
Tibial Neuropathy,hsa-miR-3201,-0.28408074378967285
Posterior Segment Ocular Diseases,hsa-miR-32-3p,-0.28409895300865173
Myeloma Bone Disease,hsa-miR-4295,-0.2840994596481323
Diminished  Ovarian Reserve,hsa-miR-4440,-0.284105122089386
Inflammation and Chronic,hsa-miR-4295,-0.284106969833374
Reperfusion Injury and Testicular Ischemia,hsa-miR-3130-5p,-0.28411662578582764
Urinary Calculi,hsa-miR-199a-2-5p,-0.2841240167617798
Myotonic Dystrophy,hsa-miR-219b-3p,-0.2841273546218872
Granulomatous Disease and Chronic,hsa-miR-412-3p,-0.2841363847255707
Periodontitis and Diabetic,hsa-miR-125a-3p,-0.28414076566696167
Inflammation and Chronic,hsa-miR-25*,-0.28414732217788696
Primary Gastrointestinal Diffuse Large B-Cell Lymphoma ,hsa-miR-1287-5p,-0.2841513752937317
Pancreatic Beta-Cell Dysfunction,hsa-miR-1185-1-3p,-0.2841525673866272
Myeloma Bone Disease,rno-miR-26b,-0.2841540575027466
Reperfusion Injury and Testicular Ischemia,hsa-miR-4295,-0.28415846824645996
Myeloma Bone Disease,hsa-miR-33b*,-0.2841607630252838
Tibial Neuropathy,hsa-miR-1915-5p,-0.28416207432746887
Transmissible Gastroenteritis,hsa-miR-3201,-0.28417539596557617
Reperfusion Injury and Testicular Ischemia,hsa-miR-199b-5p,-0.2841935157775879
Posterior Segment Ocular Diseases,hsa-miR-4295,-0.28420162200927734
Phyllodes Tumor and Breast,hsa-mir-7695,-0.28420186042785645
Neutropenia,hsa-miR-301,-0.28420329093933105
Posterior Segment Ocular Diseases,hsa-miR-1252,-0.28420430421829224
Posterior Segment Ocular Diseases,hsa-miR-3927,-0.28420573472976685
Brugada Syndrome,hsa-miR-3908,-0.28420573472976685
Meniscus Degeneration,hsa-miR-3681-5p,-0.2842186689376831
Motor Neuron Disease,hsa-let-7d-v2,-0.2842240333557129
Splenic Neoplasms,hsa-miR-4468,-0.28423166275024414
Spinal Cord Compression,hsa-miR-3673,-0.2842327356338501
Multiple Endocrine Neoplasia Type 1,hsa-miR-32-5p,-0.2842377722263336
Chediak-Higashi Syndrome,hsa-miR-1236-3p,-0.2842572033405304
Adenocarcinoma Of Esophagus,hsa-miR-129-3p,-0.28426259756088257
Adenocarcinoma Of Esophagus,hsa-miR-3692-5p,-0.28426289558410645
Scleral Diseases,hsa-miR-3157-3p,-0.2842826247215271
Spinal Cord Compression,hsa-miR-4293,-0.28430500626564026
Skeletal Muscle Dysplasia,hsa-miR-1197,-0.28433191776275635
Chediak-Higashi Syndrome,hsa-miR-32-3p,-0.28433674573898315
Polyposis Syndrome and Hereditary Mixed and 1,hsa-miR-194-2,-0.2843402326107025
Radiation-Induced Oral Mucositis,hsa-miR-220a,-0.287383496761322
Myeloma Bone Disease,EBV-miR-BART22,-0.2991570234298706
Amebiasis,hsa-miR-182,-0.29924702644348145
Scleral Diseases,hsa-miR-3689a-3p,-0.29926663637161255
Scleral Diseases,hsa-miR-101*,-0.2992671728134155
Scleral Diseases,rno-miR-340-3p,-0.2992742955684662
Adrenocortical Adenoma,hsa-miR-125b-1-3p,-0.2992910146713257
Deglutition Disorders,hsa-miR-1273d,-0.29929232597351074
Dysentery and Bacillary,hsa-miR-411-5p,-0.299319326877594
Reperfusion Injury and Testicular Ischemia,hsa-let-7f-5p,-0.2993306517601013
Inflammation and Chronic,hsa-miR-4314,-0.2993450164794922
Spinal Cord Compression,hsa-miR-27b,-0.29935333132743835
Spinal Cord Compression,hsa-miR-199a-1,-0.29935500025749207
Splenic Neoplasms,hsa-miR-376c-5p,-0.2993816137313843
Pneumoconiosis,hsa-miR-2278,-0.2993886470794678
Granulomatous Disease and Chronic,hsa-miR-2054,-0.2993892431259155
Angioedemas and Hereditary,hsa-miR-2110,-0.2993942201137543
Posterior Segment Ocular Diseases,hsa-miR-1226-3p,-0.2993957996368408
Inflammation and Chronic,hsa-miR-23b-3p,-0.2994116544723511
Lattice corneal dystrophy type 1,hsa-miR-1537-3p,-0.29941990971565247
Venous Neointimal Hyperplasia,hsa-miR-1287-3p,-0.29942643642425537
Diminished  Ovarian Reserve,hsa-miR-193b-3p,-0.2994285225868225
Posterior Segment Ocular Diseases,hsa-miR-122*,-0.2994421720504761
Asthma and Chronic,hsa-let-7d*,-0.29944705963134766
Tibial Neuropathy,hsa-miR-128-3p,-0.29944923520088196
Vaginosis and Bacterial,hsa-miR-23b-3p,-0.29945120215415955
Equine Infectious Anemia,hsa-miR-3180@,-0.2994552552700043
Peripheral Vascular Diseases,hsa-miR-21,-0.2994595170021057
Reperfusion Injury and Testicular Ischemia,hsa-let-7a-3,-0.2994615137577057
Neutropenia,hsa-miR-3162,-0.2994692027568817
Neutropenia,hsa-miR-1272,-0.2994714081287384
Reperfusion Injury and Testicular Ischemia,hsa-miR-127,-0.2994714379310608
Reperfusion Injury and Testicular Ischemia,hsa-miR-24-3p-1104,-0.2994716167449951
Myeloma Bone Disease,hsa-miR-124a-3,-0.29947429895401
Myeloma Bone Disease,hsa-miR-378g,-0.29947429895401
Spindle Cell Oncocytomas,hsa-miR-4462,-0.29947584867477417
Rhabdoid Tumor and Kidney,hsa-miR-1273,-0.29947829246520996
Equine Infectious Anemia,hsa-miR-1300_v13.0,-0.2994816303253174
Rhabdoid Tumor and Kidney,hsa-mir-769,-0.29948192834854126
Equine Infectious Anemia,EBV-miR-BHRF12-1,-0.2994835376739502
Myotonic Dystrophy,hsa-miR-296-5p,-0.29948413372039795
Myotonic Dystrophy,hsa-mir-8112,-0.2994863986968994
Chediak-Higashi Syndrome,hsa-miR-199a,-0.2994884252548218
thyroid gland Hurthle cell carcinoma,hsa-miR-199a,-0.29948946833610535
Renal Artery Obstruction,hsa-miR-323a-5p,-0.2995055317878723
Lattice corneal dystrophy type 1,hsa-miR-215-3p,-0.29950565099716187
Lupus Vasculitis and Central Nervous System,hsa-miR-1250-5p,-0.2995067238807678
Nevi and Melanomas,hsa-miR-1228-3p,-0.29951316118240356
Gluteal Muscle   Contracture,hsa-let-7b,-0.2995166778564453
Nevi and Melanomas,hsa-let-7f,-0.29951775074005127
Scleral Diseases,EBV-miR-BART22,-0.299530029296875
Amebiasis,hsa-miR-199a,-0.29953137040138245
Equine Infectious Anemia,hsa-miR-141-3p,-0.2995424270629883
Eye Infections and Fungal,hsa-miR-3162-3p,-0.29954981803894043
Primary Gastrointestinal Diffuse Large B-Cell Lymphoma ,hsa-miR-381-3p,-0.2995564639568329
Meniscus Degeneration,hsa-miR-4314,-0.2996799945831299
Fluoride Poisoning,hsa-miR-2964a-5p,-0.3040321469306946
Hypocapnia,hsa-miR-3921,-0.3323037624359131
Airway Obstruction,hsa-miR-3682-5p,-0.33372414112091064
Dilated Cardiomyopathy ,hsa-miR-30e-5p,-0.33408644795417786
Dilated Cardiomyopathy ,hsa-miR-433-5p,-0.33408740162849426
Vitreoretinochoroidopathy,hsa-miR-100,-0.350411057472229
Kidney Tubular Necrosis and Acute,hsa-miR-3160-3p,-0.35920560359954834
Trichosporonosis,hsa-miR-2277-5p,-0.3719009757041931
Sezary Syndrome,mmu-miR-711,-0.3836400806903839
Radiation-Induced Oral Mucositis,hsa-miR-1285-3p,-0.4290870428085327
Leukodystrophy and Globoid Cell,hsa-miR-205,-0.44104713201522827
 Lymph  Node Metastasis,hsa-miR-3977,-0.45473384857177734
Hypocapnia,hsa-miR-30d,-0.4968861937522888
Ischaemic Heart Disease,hsa-miR-1269a,-0.5008372664451599
Fluoride Poisoning,hsa-miR-1248,-0.5148198008537292
Fluoride Poisoning,hsa-miR-1296,-0.5148545503616333
Tachycardia and Sinus,hsa-miR-1910-5p,-0.5152584314346313
Airway Obstruction,hsa-miR-3683,-0.5164136290550232
McDonough syndrome,hsa-miR-2909,-0.5170953273773193
Hyperphenylalaninemia with primapterinuria,hsa-miR-149-5p,-0.5180131196975708
Hypocapnia,hsa-miR-133a-3p,-0.5204052925109863
Respiratory Sounds,hsa-miR-3976,-0.5507185459136963
