source,destination,score
Gonadotoxicity,hsa-miR-4492,0.3317919969558716
Vision and Low,hsa-miR-4444,0.32658541202545166
Trichosporonosis,hsa-miR-4255,0.3257167339324951
Gonadotoxicity,hsa-miR-4456,0.32304662466049194
Gout,mmu-miR-743a,0.32271701097488403
Trichosporonosis,hsa-miR-20b*,0.32213282585144043
Trichosporonosis,hsa-miR-3928-3p,0.32170653343200684
Craniocerebral Trauma,mmu-miR-701,0.3208129405975342
Vision and Low,mmu-miR-700-5p,0.3201425075531006
Vision and Low,mmu-miR-708,0.31996458768844604
Gout,mmu-miR-700-5p,0.31973743438720703
Gout,hsa-miR-4494,0.3179105520248413
Fibrosarcoma,hsa-miR-103a,0.31774699687957764
Newcastle Disease,hsa-mir-873,0.3173796534538269
Gonadotoxicity,hsa-miR-4439,0.31585264205932617
Gout,mmu-miR-697,0.3140966296195984
Newcastle Disease,rno-miR-30b-3p,0.3101876974105835
Rhinitis and Allergic and Seasonal,rno-miR-652,0.3101222515106201
Gout,hsa-miR-4511,0.30900633335113525
Gonadotoxicity,hsa-miR-4511,0.3089069128036499
Trichosporonosis,hsa-miR-4267,0.30884850025177
Newcastle Disease,hsa-miR-4443,0.30848413705825806
Trichosporonosis,hsa-let-7a-1,0.30831485986709595
fibrolamellar carcinoma,hsa-miR-4455,0.30802518129348755
High Grade Ovarian Neoplasms,mmu-miR-715,0.30600506067276
Reperfusion Injury and Testicular Ischemia,hsa-miR-181a-5p,0.3057618737220764
Hypoglycemia and leucine-induced,mmu-miR-678,0.30426281690597534
Bronchiolitis Obliterans,mmu-miR-678,0.30420053005218506
Varicose Veins,hsa-miR-4481,0.3028721213340759
Reperfusion Injury and Testicular Ischemia,hsa-miR-3160-5p,0.30286067724227905
Chorioamnionitis,hsa-miR-4481,0.30265355110168457
Newcastle Disease,hsa-miR-4482,0.3024418354034424
Chediak-Higashi Syndrome,hsa-miR-1290,0.30221027135849
Myotonic Dystrophy,hsa-miR-151-5p,0.3000338077545166
High Grade Ovarian Neoplasms,hsa-miR-448,0.2996860146522522
Asymptomatic Infections,hsa-miR-4512,0.29882365465164185
Salivary Gland Pleomorphic Adenoma,hsa-miR-4497,0.2986938953399658
Cholelithiasis,hsa-miR-4512,0.29869163036346436
Apparent mineralocorticoid excess,hsa-miR-4512,0.29860299825668335
Allograft Rejection and Antibody-Mediated,hsa-miR-4497,0.29860085248947144
Brain Damage and Chronic,hsa-miR-4497,0.29832953214645386
Reperfusion Injury and Testicular Ischemia,hsa-miR-361-3p,0.29594093561172485
Neoplastic Cells and Circulating,hsa-miR-4446-5p,0.29449909925460815
Hypopharyngeal Neoplasms,mmu-miR-712-3p,0.29445022344589233
Anterior Cruciate Ligament Injuries,hsa-miR-4446-5p,0.2942919135093689
Burns,hsa-miR-4446-5p,0.2942551374435425
Enterocolitis,hsa-miR-4446-5p,0.29423707723617554
Rhinitis and Allergic and Seasonal,hsa-miR-4446-5p,0.2941778898239136
Halal syndrome,hsa-miR-4446-5p,0.2941226363182068
Adenomatous Polyposis Coli,hsa-miR-4446-5p,0.29406940937042236
Malnutrition,hsa-miR-4446-5p,0.29406261444091797
Papillomavirus Infections,rno-miR-409-5p,0.2939590811729431
Ichthyosis and Lamellar,rno-miR-409-5p,0.2939220070838928
Microvascular Obstruction,rno-miR-409-5p,0.2939205765724182
Genital Diseases and Male,rno-miR-409-5p,0.2935861349105835
Squamous Intraepithelial Lesions and Cervical,rno-miR-409-5p,0.2935613989830017
osteogenesis imperfecta type 1,rno-miR-409-5p,0.2935221791267395
Neutropenia,hsa-mir-78,0.29235315322875977
Rhabdoid Tumor and Kidney,hsa-mir-78,0.2922854423522949
Reperfusion Injury and Testicular Ischemia,hsa-miR-3912,0.29172414541244507
Newcastle Disease,hsa-mir-8074,0.2916746139526367
Multiple Mitochondrial Dysfunctions Syndrome,hsa-miR-3912,0.29155224561691284
Coronavirus Infections,hsa-miR-4478,0.291038453578949
Foot Ulcer,hsa-miR-4478,0.29101645946502686
Liver Failure and Acute,hsa-miR-4478,0.2909741997718811
Lipodystrophy and Partial and Acquired,hsa-miR-4478,0.29095959663391113
"Muscular Atrophy, Spinal",hsa-miR-4478,0.2908681631088257
Neovascularization and Pathologic,hsa-miR-4478,0.2908015847206116
Melanoma and Experimental,hsa-miR-4478,0.29078012704849243
Liver Failure,hsa-miR-4478,0.2907697558403015
paramyotonia congenita of Von Eulenburg,hsa-miR-4478,0.29074448347091675
Acromegaly,hsa-miR-4478,0.29073166847229004
 Equine Hepacivirus Infections,hsa-miR-4478,0.2907290458679199
SHORT syndrome,hsa-miR-4478,0.29070574045181274
Meibomian Gland Carcinoma  ,hsa-miR-4478,0.2907028794288635
Hemangioma and Infantile,hsa-miR-4478,0.2906845808029175
Inflammatory Osteolysis,hsa-miR-4478,0.2906724214553833
Rectal Neoplasms,hsa-miR-4478,0.2906666398048401
Finnish lethal neonatal metabolic syndrome,hsa-miR-4478,0.29065918922424316
Periodontal Diseases,hsa-miR-4478,0.29065006971359253
Cytokine Release Syndrome,hsa-miR-4478,0.2905849814414978
Renal Tubular Oxidative Injury,hsa-miR-4478,0.29055148363113403
Wiskott-Aldrich Syndrome,hsa-miR-4478,0.29053860902786255
Chanarin-Dorfman Syndrome,hsa-miR-367-3p,0.2888638377189636
Urologic Diseases,hsa-miR-1233-1-5p,0.288838267326355
peripartum cardiomyopathy,mmu-miR-697,0.28767549991607666
Scleral Diseases,hsa-miR-149,0.28684061765670776
Familial Hypophosphatemic Rickets,hsa-mir-873,0.28669077157974243
Amebiasis,hsa-miR-125a,0.28527194261550903
Hypopharyngeal Neoplasms,hsa-miR-302d*,0.28445136547088623
Fibrosarcoma,hsa-miR-302d*,0.28442472219467163
Tibial Neuropathy,hsa-miR-129-2,0.28412580490112305
Reperfusion Injury and Testicular Ischemia,hsa-miR-195-3p,0.2837810516357422
Tibial Neuropathy,hsa-miR-18b*,0.28360486030578613
Myeloma Bone Disease,hsa-miR-3687,0.2831239700317383
Multiple Endocrine Neoplasia Type 1,hsa-miR-1199-5p,0.28302592039108276
Exfoliation Syndrome,mmu-miR-676-3p,0.2821921706199646
Amebiasis,hsa-miR-3649,0.2807757258415222
Lymphoma and B-Cell and Diffuse,mmu-miR-764-3p,0.28076672554016113
Thymus Neoplasms,mmu-miR-764-3p,0.2807146906852722
Anodontia,mmu-miR-764-3p,0.2806199789047241
Cardiac Complexes and Premature,mmu-miR-764-3p,0.28056859970092773
Duane Retraction Syndrome,mmu-miR-764-3p,0.28055816888809204
AIDS Dementia Complex,mmu-miR-764-3p,0.2804766297340393
Wound Infection,hsa-miR-3649,0.28047096729278564
sporatic amyotrophic lateral sclerosis,mmu-miR-764-3p,0.28037387132644653
Hemorrhagic Fever and Ebola,mmu-miR-764-3p,0.2803260087966919
Fragile X Syndrome,hsa-miR-4434,0.28006595373153687
Fibrosarcoma,hsa-miR-4434,0.279982328414917
Dwarfism,hsa-miR-4434,0.27996766567230225
High Grade Ovarian Neoplasms,hsa-miR-4452,0.2792050242424011
Exfoliation Syndrome,hsa-mir-873,0.2782459855079651
Varicose Veins,hsa-miR-4469,0.27787429094314575
Familial Hypophosphatemic Rickets,hsa-miR-4443,0.2777952551841736
High Grade Ovarian Neoplasms,hsa-miR-4469,0.2775334119796753
Venous Neointimal Hyperplasia,hsa-miR-431-3p,0.27620232105255127
Alopecia Areata,mmu-miR-676-3p,0.2758992910385132
Hypertriglyceridemia,mmu-miR-676-3p,0.27589863538742065
Amelogenesis Imperfecta,mmu-miR-676-3p,0.27589094638824463
Hypertension and Pregnancy-Induced,mmu-miR-676-3p,0.27586930990219116
Hyperpigmentation,mmu-miR-676-3p,0.27586829662323
Hypertension and Renal,mmu-miR-676-3p,0.2758581042289734
Coronavirus Infections,mmu-miR-676-3p,0.27584928274154663
Papillomavirus Infections,mmu-miR-676-3p,0.2758408784866333
Papillary Thyroid Microcarcinoma,mmu-miR-676-3p,0.27583789825439453
Bipolar Disorder,mmu-miR-676-3p,0.27583009004592896
Sinus Thrombosis and Intracranial,mmu-miR-676-3p,0.27581584453582764
Poikiloderma with Neutropenia,mmu-miR-676-3p,0.275797963142395
Arthritis and Gouty,mmu-miR-676-3p,0.27579736709594727
Intracranial Arterial Diseases,mmu-miR-676-3p,0.2757876515388489
Pigmentation Disorders,mmu-miR-676-3p,0.2757737636566162
Acrodermatitis enteropathica,mmu-miR-676-3p,0.2757713198661804
Platelet Storage Pool Deficiency,mmu-miR-676-3p,0.2757585644721985
Hepatitis and Chronic,mmu-miR-676-3p,0.2757561206817627
Acidosis and Respiratory,mmu-miR-676-3p,0.27575236558914185
Hyperandrogenism,mmu-miR-676-3p,0.275729238986969
Hydrocephalus,mmu-miR-676-3p,0.27570223808288574
Turner Syndrome,mmu-miR-676-3p,0.27569764852523804
Dysentery and Bacillary,hsa-miR-101-5p,0.2756912112236023
Multiple Trauma,mmu-miR-676-3p,0.2756839394569397
Legg-Calve-Perthes Disease,mmu-miR-676-3p,0.27567338943481445
Pituitary Diseases,mmu-miR-676-3p,0.2756235599517822
Cervical Cancer and Hpv Infected,mmu-miR-676-3p,0.27561330795288086
Alopecia,mmu-miR-676-3p,0.27560973167419434
Vascular Calcification,mmu-miR-676-3p,0.27559542655944824
Colorectal   Adenocarcinoma,mmu-miR-676-3p,0.27559250593185425
Cardiac Complexes and Premature,mmu-miR-676-3p,0.2755851745605469
Duane Retraction Syndrome,mmu-miR-676-3p,0.2755747437477112
Diastrophic dysplasia,mmu-miR-676-3p,0.2755611538887024
Bicuspid Aortic Valve Disease,mmu-miR-676-3p,0.27555835247039795
Arthritis,mmu-miR-676-3p,0.2755565643310547
Hypertensive  Disorder Complicating Pregnancy,mmu-miR-676-3p,0.2755475640296936
Rhinitis and Allergic,mmu-miR-676-3p,0.2755436301231384
Cachexia,mmu-miR-676-3p,0.27554285526275635
Congenital central hypoventilation syndrome,mmu-miR-676-3p,0.27554017305374146
Iron Metabolism Disorders,mmu-miR-676-3p,0.2755371928215027
Bronchiolitis Obliterans,mmu-miR-676-3p,0.27553534507751465
Colitis and Ulcerative,mmu-miR-676-3p,0.2755339741706848
Acute Lymphocytic Leukemia and B-Cell,mmu-miR-676-3p,0.27552276849746704
Glossitis and Benign Migratory,mmu-miR-676-3p,0.27551907300949097
SHORT syndrome,mmu-miR-676-3p,0.27551668882369995
Neurofibromatosis 2,mmu-miR-676-3p,0.27550995349884033
Lip and Hamartomatous,mmu-miR-676-3p,0.27550894021987915
Neonatal hemochromatosis,mmu-miR-676-3p,0.27550792694091797
Zoonoses,mmu-miR-676-3p,0.27550649642944336
Palatal Neoplasms,mmu-miR-676-3p,0.27550506591796875
Adrenocortical Carcinoma,mmu-miR-676-3p,0.27550506591796875
Peripheral Blood Leukocytes,mmu-miR-676-3p,0.2755049467086792
Prader-Willi Syndrome,mmu-miR-676-3p,0.2755007743835449
Pain and Postoperative,mmu-miR-676-3p,0.27549856901168823
Infarction,mmu-miR-676-3p,0.2754971981048584
Ischemic Stroke and Diabetic,mmu-miR-676-3p,0.27549636363983154
Peri-Implantitis,mmu-miR-676-3p,0.27549535036087036
Rupture,mmu-miR-676-3p,0.2754911780357361
Nephritis,mmu-miR-676-3p,0.275490939617157
Airway Inflammation,mmu-miR-676-3p,0.275488018989563
Venous Neointimal Hyperplasia,hsa-miR-101-5p,0.2754848599433899
Leukemia and Promyelocytic and Acute,mmu-miR-676-3p,0.2754802703857422
Hyperparathyroidism and Primary,mmu-miR-676-3p,0.2754754424095154
Aortic Diseases,mmu-miR-676-3p,0.2754729986190796
Papillon-Lefevre Disease,mmu-miR-676-3p,0.27547168731689453
Finnish lethal neonatal metabolic syndrome,mmu-miR-676-3p,0.27547013759613037
Genital Diseases and Male,mmu-miR-676-3p,0.2754678726196289
Growth Disorders,mmu-miR-676-3p,0.27546584606170654
Bloom Syndrome,mmu-miR-676-3p,0.27546417713165283
Periodontal Diseases,mmu-miR-676-3p,0.27546101808547974
Post-Cardiac Arrest Syndrome,mmu-miR-676-3p,0.2754526138305664
Myeloproliferative Disorders,mmu-miR-676-3p,0.27545028924942017
Hypospadias,mmu-miR-676-3p,0.2754477858543396
Leptomeningeal Metastasis,mmu-miR-676-3p,0.2754392623901367
Arthritis and Juvenile,mmu-miR-676-3p,0.27543866634368896
Heart Septal Defects and Ventricular,mmu-miR-676-3p,0.2754378318786621
Fibrous Dysplasia and Polyostotic,mmu-miR-676-3p,0.2754340171813965
Keloid,mmu-miR-676-3p,0.2754333019256592
Thrombocythemia and Essential,mmu-miR-676-3p,0.27542948722839355
Polycythemia Vera,mmu-miR-676-3p,0.27541738748550415
Postoperative Complications,mmu-miR-676-3p,0.27541452646255493
Moebius syndrome 1,mmu-miR-676-3p,0.27541452646255493
Cerebral Hemorrhage,mmu-miR-676-3p,0.27540892362594604
Meningitis and Bacterial,mmu-miR-676-3p,0.27540159225463867
Pediatric Obesity,mmu-miR-676-3p,0.27538812160491943
Carotid Stenosis,mmu-miR-676-3p,0.2753872871398926
Pneumonia and Staphylococcal,mmu-miR-676-3p,0.27537965774536133
Stiff-Person Syndrome,mmu-miR-676-3p,0.2753731608390808
Kidney Neoplasms,mmu-miR-676-3p,0.27536237239837646
Protein-Losing Enteropathies,mmu-miR-701,0.2753109931945801
Sinus Thrombosis and Intracranial,mmu-miR-701,0.27528345584869385
Chorioamnionitis,mmu-miR-701,0.2751062512397766
Amebiasis,hsa-miR-129-2-3p,0.27506357431411743
Wound Infection,hsa-miR-129-2-3p,0.27475881576538086
Adenoma and Pleomorphic,hsa-miR-129-2-3p,0.2747379541397095
Diminished  Ovarian Reserve,hsa-miR-26a-2-3p,0.27467018365859985
Milk Hypersensitivity,hsa-miR-26a-2-3p,0.274591863155365
Apparent mineralocorticoid excess,hsa-miR-4498,0.27407383918762207
Wound Infection,hsa-miR-4272,0.2737273573875427
Neutropenia,hsa-miR-371a-5p,0.2735719680786133
Reperfusion Injury and Testicular Ischemia,hsa-miR-371a-5p,0.2735598087310791
Hepatitis E,hsa-miR-4492,0.2728866934776306
Neoplastic Cells and Circulating,hsa-miR-4492,0.2728726267814636
Emphysema,hsa-miR-4492,0.2728496193885803
lung squamous cell carcinoma,hsa-miR-4492,0.27284687757492065
Sexually Transmitted Diseases,hsa-miR-4492,0.27283334732055664
Incontinentia Pigmenti,hsa-miR-4492,0.27283018827438354
Osteochondritis Dissecans,hsa-miR-4492,0.27282559871673584
Poikiloderma with Neutropenia,hsa-miR-4492,0.2728143334388733
Myositis,hsa-miR-4492,0.27280521392822266
Rubella Syndrome and Congenital,hsa-miR-4492,0.27280193567276
Rabies,hsa-miR-4492,0.2727929949760437
Pigmentation Disorders,hsa-miR-4492,0.2727901339530945
Intestinal Atresia,hsa-miR-4492,0.2727887034416199
Suppuration,hsa-miR-4492,0.272783100605011
Heart Injuries,hsa-miR-4492,0.2727765440940857
late onset Parkinson's disease,hsa-miR-4492,0.2727687954902649
Trichohepatoenteric Syndrome,hsa-miR-4492,0.2727632522583008
Leukemia and Acute,hsa-miR-4492,0.27276068925857544
Neoplasm Metastasis,hsa-miR-4492,0.27276015281677246
Vitamin B Deficiency,hsa-miR-4492,0.2727434039115906
Hemorrhoids,hsa-miR-4492,0.27270495891571045
"Muscular Atrophy, Spinal",hsa-miR-4492,0.2726954221725464
Brugada Syndrome,hsa-miR-30c-1*,0.27267158031463623
Placental Insufficiency,hsa-miR-4492,0.2726707458496094
Anterior Cruciate Ligament Injuries,hsa-miR-4492,0.27266544103622437
Neointimal   Hyperplasia,hsa-miR-4492,0.2726154327392578
Tetralogy of Fallot,hsa-miR-4492,0.27261388301849365
Osteolysis,hsa-miR-4492,0.272610604763031
Glima,hsa-miR-4492,0.2726033329963684
Liver Failure,hsa-miR-4492,0.272597074508667
Bacterial Infections,hsa-miR-4492,0.2725970149040222
Primary Central Nervous System Lymphoma,hsa-miR-4492,0.27259552478790283
Hyperlipoproteinemia Type II,hsa-miR-4492,0.2725954055786133
Vulvar Neoplasms,hsa-miR-4492,0.2725938558578491
Primary Gastrointestinal Diffuse Large B-Cell Lymphoma ,hsa-miR-1268,0.27258920669555664
Intestinal Neoplasms,hsa-miR-4492,0.2725813388824463
Heart Defects and Congenital,hsa-miR-4492,0.27257317304611206
Gastric   Cancer,hsa-miR-4492,0.2725650668144226
Carcinoma and Small Cell,hsa-miR-4492,0.2725602388381958
Mitral Valve Insufficiency,hsa-miR-4492,0.27255308628082275
Encephalomyelitis and Autoimmune and Experimental,hsa-miR-4492,0.27254486083984375
Chordoma,hsa-miR-4492,0.2725422978401184
Wound Infection,hsa-miR-1268,0.2725396156311035
Acute Lymphoblastic Leukemia and T-Cell,hsa-miR-4492,0.2725391983985901
SHORT syndrome,hsa-miR-4492,0.27253299951553345
Glomerulonephritis and Membranoproliferative,hsa-miR-4492,0.272529661655426
Alzheimer Disease ,hsa-miR-4492,0.2725261449813843
Angelman Syndrome,hsa-miR-4492,0.27252286672592163
Palatal Neoplasms,hsa-miR-4492,0.2725214958190918
Staphylococcal Infections,hsa-miR-4492,0.27251410484313965
Neuroleptic Malignant Syndrome,hsa-miR-4492,0.2725089192390442
Sarcoidosis,hsa-miR-4492,0.2725083827972412
Cervical Intraepithelial Neoplasia,hsa-miR-4492,0.27250832319259644
Fibroadenoma,hsa-miR-4492,0.27250444889068604
Chronic Disease,hsa-miR-4492,0.2725035548210144
Tibial Neuropathy,hsa-miR-1268,0.2725028991699219
Skin Neoplasms and Non-Melanoma,hsa-miR-4492,0.27250224351882935
Pancreatitis,hsa-miR-4492,0.2724995017051697
Neural Tube Defects,hsa-miR-4492,0.2724979519844055
Gastric Intestinal   Metaplasia,hsa-miR-4492,0.2724962830543518
Lupus Nephritis,hsa-miR-4492,0.2724936008453369
Sveinsson Chorioretinal Atrophy,hsa-miR-4492,0.27248138189315796
Dehydration,hsa-miR-4492,0.2724694013595581
Post-Cardiac Arrest Syndrome,hsa-miR-4492,0.27246904373168945
Acute  Kidney Injury,hsa-miR-4492,0.2724631428718567
Thyroid Carcinoma and Anaplastic,hsa-miR-4492,0.2724425196647644
Polycythemia Vera,hsa-miR-4492,0.2724338173866272
Tuberous Sclerosis 1,hsa-miR-4492,0.2724267840385437
Hypocalciuric hypercalcemia and familial and type 1,hsa-miR-4492,0.27240490913391113
Neoplasms and Mesothelial,hsa-miR-1268,0.2724009156227112
Virus Diseases,hsa-miR-4492,0.27239662408828735
Reperfusion Injury and Testicular Ischemia,hsa-miR-31-3p,0.27218812704086304
Nevi and Melanomas,hsa-miR-31-3p,0.272098183631897
Amyloidosis,hsa-mir-873,0.2720147967338562
Rectal Injury,hsa-mir-802,0.27197784185409546
Hypertriglyceridemia,hsa-mir-873,0.27195239067077637
Myotonic Disorders,hsa-mir-873,0.27194100618362427
Condylomata Acuminata,hsa-mir-873,0.27193301916122437
Ethylmalonic encephalopathy,hsa-mir-873,0.27192550897598267
Hepatitis E,hsa-mir-873,0.27192413806915283
Hypertension and Pregnancy-Induced,hsa-mir-873,0.2719231843948364
Hypertension and Renal,hsa-mir-873,0.2719119191169739
Neoplastic Cells and Circulating,hsa-mir-873,0.2719101309776306
Myositis,hsa-mir-802,0.271906316280365
Lichen Sclerosus et Atrophicus,hsa-mir-802,0.27190136909484863
Hyperlipoproteinemia Type III,hsa-mir-873,0.27189910411834717
Sexually Transmitted Diseases and Viral,hsa-mir-873,0.27189862728118896
Protein-Losing Enteropathies,hsa-mir-873,0.2718971371650696
Intracranial Aneurysm,hsa-mir-873,0.2718926668167114
Upper Tract Urothelial Carcinoma,hsa-mir-873,0.2718924283981323
Rectal Diseases,hsa-mir-873,0.2718908190727234
Rotavirus Infections,hsa-mir-873,0.2718895673751831
Bipolar Disorder,hsa-mir-873,0.2718839645385742
Pulmonary Veno-Occlusive Disease,hsa-mir-873,0.2718806266784668
Pyloric Hypomotility,hsa-mir-873,0.27187371253967285
Cerebral Infarction and Acute,hsa-mir-873,0.27187222242355347
Incontinentia Pigmenti,hsa-mir-873,0.27186769247055054
Vitiligo,hsa-mir-802,0.27186262607574463
intracranial berry aneurysm 3,hsa-mir-802,0.2718602418899536
Arbovirus Infections,hsa-mir-873,0.2718578577041626
Ichthyosis and Lamellar,hsa-mir-873,0.2718575596809387
Poikiloderma with Neutropenia,hsa-mir-873,0.2718517780303955
Intestinal Fistula,hsa-mir-873,0.271848201751709
Depression and Post Stroke,hsa-mir-873,0.27184587717056274
Myeloproliferative Disorder and Chronic and with Eosinophilia,hsa-mir-873,0.2718456983566284
Intracranial Arteriovenous Malformations,hsa-mir-873,0.2718443274497986
Intracranial Arterial Diseases,hsa-mir-873,0.27184146642684937
Cerebral Small Vessel Diseases,hsa-mir-873,0.2718377709388733
Uterine Diseases,hsa-mir-873,0.27183395624160767
gastric adenocarcinoma,hsa-mir-873,0.2718271017074585
Shoulder Injuries,hsa-mir-873,0.2718246579170227
colon carcinoma,hsa-mir-873,0.27182191610336304
Suppuration,hsa-mir-873,0.2718205451965332
Endothelial Dysfunction,hsa-mir-873,0.2718190550804138
Leukemia and Myeloid and Chronic and Atypical and BCR-ABL Negative,hsa-mir-873,0.27181464433670044
Atrial Dilatation,hsa-mir-873,0.2718130350112915
Epidermodysplasia Verruciformis,hsa-mir-873,0.2718115448951721
Tourette Syndrome,hsa-mir-873,0.27180808782577515
Erythroblastosis and Fetal,hsa-mir-873,0.2718002200126648
adhesions of uterus,hsa-mir-873,0.27179980278015137
Porphyria and Variegate,hsa-mir-873,0.27179813385009766
Respiratory Distress Syndrome and Newborn,hsa-mir-873,0.27179425954818726
Mobility Limitation,hsa-mir-873,0.27179139852523804
immunodeficiency 9,hsa-mir-873,0.27178776264190674
Oropharyngeal Neoplasms,hsa-mir-873,0.2717784643173218
Scholte syndrome,hsa-mir-873,0.271777868270874
Adenocarcinoma and Sebaceous and Ocular,hsa-mir-802,0.271758496761322
Hemorrhoids,hsa-mir-873,0.27174246311187744
Osteonecrosis,hsa-mir-802,0.27174222469329834
Meningitis and Fungal,hsa-mir-873,0.2717393636703491
Malaria and Vivax,hsa-mir-802,0.27173304557800293
Temporomandibular Joint Osteoarthritis,hsa-mir-873,0.2717318534851074
Acute Pulmonary Embolism,hsa-mir-873,0.27172887325286865
Hypersensitivity and Immediate,hsa-mir-873,0.27171212434768677
Dermatitis and Allergic Contact,hsa-mir-873,0.27171117067337036
Spinal Cord Diseases,hsa-mir-873,0.2717105746269226
Placental Insufficiency,hsa-mir-873,0.2717081904411316
Adenocarcinoma and Sebaceous and Ocular,hsa-mir-873,0.27169471979141235
Reflex Sympathetic Dystrophy,hsa-mir-873,0.2716907262802124
Intestinal Diseases,hsa-mir-873,0.2716832160949707
Cartilage Degradation,hsa-mir-873,0.27168136835098267
Ear Diseases,hsa-mir-873,0.27168047428131104
Urinary Retention,hsa-mir-873,0.2716796398162842
Malaria and Vivax,hsa-mir-873,0.27166932821273804
Cervical Cancer and Hpv Infected,hsa-mir-873,0.2716671824455261
Osteoporotic Fractures,hsa-mir-873,0.2716636061668396
Ankle Fractures,hsa-mir-873,0.2716624140739441
Substance Abuse and Intravenous,hsa-mir-802,0.2716606855392456
Ocular Hypertension,hsa-mir-873,0.27166038751602173
Cachexia,hsa-mir-802,0.27166032791137695
Bronchiolitis Obliterans,hsa-mir-802,0.27165281772613525
Vascular Calcification,hsa-mir-873,0.27164924144744873
Peritoneal Hyalinizing Vasculopathy,hsa-mir-873,0.27164536714553833
Tibial Fractures,hsa-mir-873,0.27164024114608765
Polyomavirus Infections,hsa-mir-873,0.27164024114608765
Cystic Fibrosis,hsa-mir-802,0.27163195610046387
Bird Diseases,hsa-mir-873,0.27163076400756836
Cushing Syndrome,hsa-mir-873,0.2716286778450012
Duane Retraction Syndrome,hsa-mir-873,0.27162855863571167
renal fibrosis,hsa-mir-873,0.2716258764266968
External Auditory Canal Squamous Cell Carcinoma,hsa-mir-873,0.2716231942176819
Palatal Neoplasms,hsa-mir-802,0.27162259817123413
Dwarfism,hsa-mir-802,0.27162182331085205
diarrhea predominant irritable bowel syndrome (IBS-D),hsa-mir-873,0.27162104845046997
Disorders of Excessive Somnolence,hsa-mir-873,0.2716173529624939
Gastric And Colon Cancer,hsa-mir-873,0.27161717414855957
Graves Disease,hsa-mir-873,0.2716168761253357
Arthritis,hsa-mir-873,0.2716103792190552
Podocyte Hypertrophy,hsa-mir-873,0.2716100215911865
Neuroleptic Malignant Syndrome,hsa-mir-802,0.2716100215911865
paramyotonia congenita of Von Eulenburg,hsa-mir-873,0.27160918712615967
Ehlers-Danlos Syndrome,hsa-mir-873,0.2716081738471985
Reperfusion Injury and Pulmonary Ischemia,hsa-mir-873,0.2716071605682373
Kidney Failure and Chronic,hsa-mir-873,0.2716064453125
Lissencephaly,hsa-mir-873,0.27160441875457764
Small Cell Lung Carcinoma,hsa-mir-873,0.27160346508026123
Skin Neoplasms and Non-Melanoma,hsa-mir-802,0.2716033458709717
Phenylketonurias,hsa-mir-873,0.271602988243103
Gastric   Cancer,hsa-mir-873,0.2716025114059448
Brain Damage and Chronic,hsa-mir-802,0.27160167694091797
Rosacea,hsa-mir-873,0.27160125970840454
Post-Dural Puncture Headache,hsa-mir-873,0.2716006636619568
Enzootic Bovine Leukosis,hsa-mir-873,0.27160024642944336
Polycythemia and High Altitude,hsa-mir-873,0.2715998888015747
Coronary Artery Calcification,hsa-mir-873,0.2715892791748047
Finnish lethal neonatal metabolic syndrome,hsa-mir-802,0.27158766984939575
Cerebral Hemorrhage and Spontaneous,hsa-mir-873,0.2715873718261719
Sarcoma and Ewing,hsa-mir-802,0.27158522605895996
Langer mesomelic dysplasia,hsa-mir-873,0.2715814709663391
Sensation Disorders,hsa-mir-873,0.27158015966415405
Hepatitis C and Chronic,hsa-mir-873,0.2715785503387451
Bronchopulmonary Dysplasia,hsa-mir-873,0.2715749144554138
Glossitis and Benign Migratory,hsa-mir-873,0.27157288789749146
familial febrile seizures 1,hsa-mir-873,0.2715712785720825
SHORT syndrome,hsa-mir-873,0.27157050371170044
Cerebral Intraventricular Hemorrhage,hsa-mir-802,0.2715703845024109
Lumbosacral Spinal Root Avulsion,hsa-mir-873,0.2715659737586975
Infertility and Female,hsa-mir-873,0.27156347036361694
Hearing Disorders,hsa-mir-873,0.2715631127357483
Malformations of Cortical Development and Group II,hsa-mir-873,0.27156102657318115
Gingivitis,hsa-mir-873,0.2715575695037842
Colorectal Neoplasms and Hereditary Nonpolyposis,hsa-mir-873,0.27155691385269165
Sarcoma and Kaposi,hsa-mir-873,0.27155613899230957
Vascular System Injuries,hsa-mir-873,0.27155542373657227
Coronary Restenosis,hsa-mir-873,0.2715553045272827
Uremia,hsa-mir-873,0.2715548872947693
Parasitic Diseases,hsa-mir-873,0.271553099155426
Central Nervous System Bacterial Infections,hsa-mir-873,0.27155232429504395
Colonic Polyps,hsa-mir-873,0.2715519070625305
Cleidocranial Dysplasia,hsa-mir-873,0.2715517282485962
Ischemic Stroke and Diabetic,hsa-mir-873,0.2715502381324768
Bone Diseases,hsa-mir-802,0.27154791355133057
Exudative Vitreoretinopathy 4,hsa-mir-873,0.27154606580734253
Cervical Intraepithelial Neoplasia,hsa-mir-873,0.2715458273887634
Chronic Gastritis,hsa-mir-873,0.27154552936553955
Striatonigral Degeneration,hsa-mir-873,0.27154481410980225
Hematologic Neoplasms,hsa-mir-873,0.2715432047843933
Mitochondrial Diseases,hsa-mir-873,0.27154219150543213
Status Epilepticus,hsa-mir-873,0.27153801918029785
Pancreatitis,hsa-mir-873,0.2715369462966919
Gastric Precancerous Lesion,hsa-mir-873,0.2715364694595337
Primary Graft Dysfunction,hsa-mir-873,0.2715361714363098
Biotinidase Deficiency,hsa-mir-873,0.27153515815734863
Carcinoma and Adenoid Cystic,hsa-mir-802,0.271531879901886
Influenza in Birds,hsa-mir-873,0.27152979373931885
Aortic Diseases,hsa-mir-873,0.27152687311172485
Cerebral Hemorrhage,hsa-mir-802,0.27152639627456665
Autoimmune polyendocrinopathy syndrome and type 1,hsa-mir-873,0.2715228796005249
Heart Failure and Ischemic,hsa-mir-873,0.27152252197265625
low grade glioma,hsa-mir-873,0.2715221643447876
Hepatitis A,hsa-mir-873,0.2715212106704712
Elliptocytosis 2,hsa-mir-873,0.27151888608932495
Bloom Syndrome,hsa-mir-873,0.2715180516242981
Leigh Disease,hsa-mir-873,0.27150851488113403
Adenocarcinoma and Follicular,hsa-mir-873,0.27150779962539673
Cerebral Intraventricular Hemorrhage,hsa-mir-873,0.27150678634643555
Cancer-Associated Cachexia,hsa-mir-873,0.27150434255599976
Fetal Macrosomia,hsa-mir-873,0.2715025544166565
Hypospadias,hsa-mir-873,0.27150166034698486
Laryngeal Papilloma,hsa-mir-873,0.271501362323761
Acute  Kidney Injury,hsa-mir-873,0.27150052785873413
Corneal Injuries,hsa-mir-873,0.2714976668357849
Bovine Virus Diarrhea-Mucosal Disease,hsa-mir-873,0.27149659395217896
Paraganglioma,hsa-mir-873,0.271493136882782
Autoimmune enteropathy,hsa-mir-873,0.27149200439453125
Heart Septal Defects and Ventricular,hsa-mir-873,0.2714916467666626
Craniofacial Abnormalities,hsa-mir-873,0.27149099111557007
Arm Lymphedema,hsa-mir-873,0.2714906334877014
Tuberculosis and Spinal,hsa-mir-873,0.271489679813385
primary biliary cholangitis 1,hsa-mir-873,0.2714880108833313
Diabetic Retinopathy ,hsa-mir-873,0.2714879512786865
Fibrous Dysplasia and Polyostotic,hsa-mir-873,0.271487832069397
Hepatorenal Syndrome,hsa-mir-873,0.2714826464653015
Liver Diseases and Alcoholic,hsa-mir-802,0.27147436141967773
Distal arthrogryposis type 2B,hsa-mir-873,0.27147263288497925
Hematoma and Subdural and Chronic,hsa-mir-873,0.2714725732803345
White Spot Syndrome Virus  Infection,hsa-mir-873,0.2714710831642151
uterine corpus endometrial carcinoma,hsa-mir-873,0.2714657783508301
Tuberous Sclerosis 1,hsa-mir-873,0.27146416902542114
Borna Disease,hsa-mir-873,0.2714614272117615
Hearing Loss and Unilateral,hsa-mir-873,0.27144312858581543
Leg Ulcer,hsa-mir-873,0.27143925428390503
Peripheral Arterial Occlusive Disease 1,hsa-mir-873,0.2714354395866394
acute myocardial infarction,hsa-mir-873,0.27142906188964844
Neurodevelopmental Disorders,hsa-mir-873,0.27142012119293213
Liver Diseases and Alcoholic,hsa-mir-873,0.27141064405441284
Infant Nutrition Disorders,hsa-mir-873,0.2714061737060547
Wiskott-Aldrich Syndrome,hsa-mir-873,0.27140337228775024
Hemorrhagic Fever and Ebola,hsa-mir-873,0.2713963985443115
Murine Acquired Immunodeficiency Syndrome,hsa-mir-873,0.2713756561279297
Splenic Neoplasms,hsa-miR-365b-5p,0.2711406350135803
Chorioamnionitis,hsa-mir-87,0.27094435691833496
Urinary Calculi,hsa-miR-102,0.2708061933517456
Angioedemas and Hereditary,hsa-miR-183*,0.2702903151512146
Neoplasms and Mesothelial,hsa-miR-218-5p,0.270267128944397
Genetic Diseases and Inborn,hsa-mir-8080,0.2702309489250183
Meniscus Degeneration,hsa-miR-203a,0.26964765787124634
Genetic Diseases and Inborn,hsa-miR-4443,0.26948416233062744
Reperfusion Injury and Testicular Ischemia,hsa-miR-203a,0.2694162130355835
Plaque and Amyloid,hsa-miR-203a,0.26935601234436035
Genetic Diseases and Inborn,hsa-miR-4459,0.26905685663223267
Drug Resistant Epilepsy,hsa-mir-8080,0.26885199546813965
Periapical Diseases,hsa-miR-450a-5p,0.26879388093948364
Myotonic Disorders,hsa-miR-450a-5p,0.2687826156616211
Ossification of Posterior Longitudinal Ligament,hsa-miR-450a-5p,0.268759548664093
spondyloepimetaphyseal dysplasia and Strudwick type,hsa-miR-450a-5p,0.268757700920105
Hypoxia and Brain,hsa-miR-450a-5p,0.2687552571296692
Kidney Diseases and Cystic,hsa-miR-450a-5p,0.2687470316886902
Coronavirus Infections,hsa-miR-450a-5p,0.26874470710754395
Intracranial Aneurysm,hsa-miR-450a-5p,0.2687342166900635
Lung Carcinoid,hsa-miR-450a-5p,0.26873236894607544
Foot Ulcer,hsa-miR-450a-5p,0.2687227129936218
Pulmonary Veno-Occlusive Disease,hsa-miR-450a-5p,0.2687221169471741
Cholangitis and Biliary and Primary,hsa-miR-450a-5p,0.26870834827423096
Amebiasis,hsa-let-7a*,0.2686995267868042
Arbovirus Infections,hsa-miR-450a-5p,0.2686994671821594
HTLV-II Infections,hsa-miR-450a-5p,0.2686946988105774
Early-Stage Malignant Melanoma,hsa-miR-450a-5p,0.2686944007873535
Intestinal Fistula,hsa-miR-450a-5p,0.26868969202041626
ABCD syndrome,hsa-miR-450a-5p,0.26868683099746704
Arteriosclerosis,hsa-miR-450a-5p,0.26868218183517456
Arteritis,rno-miR-30b-3p,0.26867127418518066
Rotator Cuff,hsa-miR-450a-5p,0.268668532371521
Meniscus Degeneration,hsa-let-7a*,0.26866352558135986
Enteropathy-Associated T-Cell Lymphoma,hsa-miR-450a-5p,0.2686316967010498
Idiopathic Condylar Resorption,hsa-miR-450a-5p,0.2686222195625305
Juvenile gout,hsa-let-7a*,0.2686002254486084
Lumbar Radicular Pain,hsa-miR-450a-5p,0.2685985565185547
Turner Syndrome,hsa-miR-450a-5p,0.2685929536819458
Meningitis and Fungal,hsa-miR-450a-5p,0.26858091354370117
Temporomandibular Joint Osteoarthritis,hsa-miR-450a-5p,0.2685734033584595
Acute Pulmonary Embolism,hsa-miR-450a-5p,0.2685704231262207
Uveomeningoencephalitic Syndrome,hsa-miR-3132,0.268563449382782
Endocrine System Diseases,hsa-miR-450a-5p,0.26856011152267456
Spinal Cord Diseases,hsa-miR-450a-5p,0.2685520648956299
Azoospermia and Nonobstructive,hsa-miR-450a-5p,0.26854413747787476
Hyperplasia,hsa-miR-450a-5p,0.2685430645942688
Carcinoma and Cutaneous and Squamous Cell,hsa-miR-450a-5p,0.2685263156890869
Hidradenitis Suppurativa,hsa-miR-450a-5p,0.26852619647979736
Anemia and Hemolytic,hsa-let-7a*,0.26852303743362427
Urinary Retention,hsa-miR-450a-5p,0.26852113008499146
Angioedemas and Hereditary,hsa-let-7a*,0.2685011625289917
Enterocolitis,hsa-miR-450a-5p,0.26848942041397095
Helicobacter pylori,hsa-miR-450a-5p,0.2684864401817322
Neurofibroma and Plexiform,hsa-miR-450a-5p,0.2684856653213501
Pulmonary edema of mountaineers,hsa-miR-450a-5p,0.2684778571128845
Liver Failure,hsa-miR-450a-5p,0.2684759497642517
renal fibrosis,hsa-miR-450a-5p,0.26846736669540405
Clubfoot,hsa-miR-450a-5p,0.2684662342071533
Nasopharyngeal Neoplasms,hsa-miR-450a-5p,0.26846426725387573
Chronic recurrent multifocal osteomyelitis,hsa-miR-450a-5p,0.26846277713775635
Hyperostosis,hsa-miR-450a-5p,0.268462598323822
Diastrophic dysplasia,hsa-miR-450a-5p,0.2684563994407654
Growth Hormone-Secreting Pituitary Adenoma,hsa-miR-450a-5p,0.2684529423713684
Intracranial Hemorrhages,hsa-miR-450a-5p,0.26845264434814453
Obesity and Abdominal,hsa-miR-450a-5p,0.26845234632492065
Reperfusion Injury and Pulmonary Ischemia,hsa-miR-450a-5p,0.2684486508369446
Syphilis,hsa-miR-450a-5p,0.26844578981399536
Phenylketonurias,hsa-miR-450a-5p,0.2684444785118103
Shock and Hemorrhagic,hsa-miR-450a-5p,0.26844221353530884
Warburg micro syndrome 1,hsa-miR-450a-5p,0.2684411406517029
Exocrine Pancreatic Insufficiency,hsa-miR-450a-5p,0.2684370279312134
Hirschsprung Disease,hsa-miR-450a-5p,0.2684354782104492
Dacryocystitis,hsa-miR-450a-5p,0.2684354782104492
 Equine Hepacivirus Infections,hsa-miR-450a-5p,0.26843535900115967
Precursor T-Cell Lymphoblastic Leukemia-Lymphoma,hsa-miR-450a-5p,0.26843351125717163
Respiratory Syncytial Virus Infections,hsa-miR-450a-5p,0.2684318423271179
Rhinitis and Allergic and Seasonal,hsa-miR-450a-5p,0.268430233001709
familial multiple nevi flammei,hsa-miR-450a-5p,0.26842576265335083
Encephalomyelitis and Autoimmune and Experimental,hsa-miR-450a-5p,0.2684239149093628
Vaginosis and Bacterial,hsa-let-7a*,0.26842010021209717
Glomerulonephritis and Membranoproliferative,hsa-miR-450a-5p,0.2684085965156555
Lumbosacral Spinal Root Avulsion,hsa-miR-450a-5p,0.26840752363204956
Hind Limb Ischemia,hsa-miR-450a-5p,0.2684066891670227
Lip and Hamartomatous,hsa-miR-450a-5p,0.2684043049812317
Seizures and Febrile,hsa-miR-450a-5p,0.26840275526046753
Malformations of Cortical Development and Group II,hsa-miR-450a-5p,0.2684025168418884
Angelman Syndrome,hsa-miR-450a-5p,0.2684019207954407
Dwarfism,hsa-miR-450a-5p,0.2683996558189392
Gingivitis,hsa-miR-450a-5p,0.26839905977249146
Coronary Restenosis,hsa-miR-450a-5p,0.26839679479599
Parasitic Diseases,hsa-miR-450a-5p,0.2683946490287781
Central Nervous System Bacterial Infections,hsa-miR-450a-5p,0.2683938145637512
Carcinoma and Ductal and Breast,hsa-miR-450a-5p,0.26838600635528564
Endometrial Hyperplasia,hsa-miR-450a-5p,0.26838457584381104
Autism Spectrum Disorder,hsa-miR-450a-5p,0.2683795094490051
Inflammatory Osteolysis,hsa-miR-450a-5p,0.26837867498397827
Multiple Sclerosis and Chronic Progressive,hsa-miR-450a-5p,0.26837438344955444
DNA Repair-Deficiency Disorders,hsa-miR-450a-5p,0.26837295293807983
Rectal Neoplasms,hsa-miR-450a-5p,0.26837289333343506
Influenza in Birds,hsa-miR-450a-5p,0.2683712840080261
Osteoarthropathy and Primary Hypertrophic,hsa-miR-450a-5p,0.26837098598480225
Leukemia and Megakaryoblastic and Acute,hsa-miR-450a-5p,0.26836949586868286
brachydactyly type D,hsa-miR-450a-5p,0.26836419105529785
Premature Ovarian Aging,hsa-miR-450a-5p,0.26835739612579346
Periodontal Diseases,hsa-miR-450a-5p,0.2683563828468323
Low Tension Glaucoma,hsa-miR-450a-5p,0.2683548331260681
Microscopic Polyangiitis,hsa-miR-450a-5p,0.2683526873588562
Adenocarcinoma and Follicular,hsa-miR-450a-5p,0.268349289894104
ovary adenocarcinoma,hsa-miR-450a-5p,0.268348753452301
Classical Swine Fever,hsa-let-7a*,0.2683398723602295
Corneal Injuries,hsa-miR-450a-5p,0.2683391571044922
Pain and Inflammatory,hsa-miR-450a-5p,0.268338143825531
Bone Marrow Myelofibrosis,hsa-miR-450a-5p,0.2683371305465698
Cardiomyopathy and Dilated and with Left Ventricular Noncompaction,hsa-miR-450a-5p,0.2683361768722534
Meniere Disease,hsa-miR-450a-5p,0.2683345079421997
Leptomeningeal Metastasis,hsa-miR-450a-5p,0.2683345079421997
Ascites,hsa-miR-450a-5p,0.268332839012146
Human Herpesvirus 6 encephalitis,hsa-miR-450a-5p,0.2683315873146057
Diabetic Retinopathy ,hsa-miR-450a-5p,0.2683294415473938
Thrombocythemia and Essential,hsa-miR-450a-5p,0.2683248519897461
Hepatorenal Syndrome,hsa-miR-450a-5p,0.2683241367340088
Adiposis Dolorosa,hsa-miR-450a-5p,0.2683233618736267
Myotonic Dystrophy,hsa-let-7a*,0.2683197855949402
Malnutrition,hsa-miR-450a-5p,0.26831507682800293
White Spot Syndrome Virus  Infection,hsa-miR-450a-5p,0.26831257343292236
Postoperative Complications,hsa-miR-450a-5p,0.26830989122390747
Parkinsonian Disorders,hsa-miR-450a-5p,0.26830947399139404
Borna Disease,hsa-miR-450a-5p,0.2683029770851135
Meningitis and Bacterial,hsa-miR-450a-5p,0.26829689741134644
Familial primary gastric lymphoma,hsa-miR-450a-5p,0.26829493045806885
Benign Paroxysmal Positional Vertigo,hsa-miR-450a-5p,0.26829200983047485
Abortion and Spontaneous,hsa-miR-450a-5p,0.26829081773757935
Hypocalciuric hypercalcemia and familial and type 1,hsa-miR-450a-5p,0.2682839035987854
Carotid Stenosis,hsa-miR-450a-5p,0.26828259229660034
Skeletal Muscle Injury,hsa-let-7a*,0.26828140020370483
Leg Ulcer,hsa-miR-450a-5p,0.2682807445526123
Adrenocortical Carcinoma and Pediatric,hsa-miR-450a-5p,0.26827573776245117
Stiff-Person Syndrome,hsa-miR-450a-5p,0.2682684659957886
Choroid Diseases,hsa-let-7a*,0.268252432346344
Murine Acquired Immunodeficiency Syndrome,hsa-miR-450a-5p,0.26821714639663696
Angioedemas and Hereditary,hsa-miR-378d,0.26820671558380127
Arteritis,hsa-mir-8080,0.2677144408226013
Drug Resistant Epilepsy,hsa-miR-4459,0.267677903175354
Diminished  Ovarian Reserve,hsa-miR-4313,0.26753056049346924
Neutropenia,hsa-miR-4313,0.2674823999404907
Aagenaes syndrome,hsa-miR-1284,0.2674611210823059
Optic atrophy 1 and deafness,hsa-miR-1284,0.26743608713150024
Obstructive   Kidney Disease,hsa-miR-335-3p,0.2673785090446472
Testicular Neoplasms,hsa-miR-335-3p,0.26737266778945923
Mycoplasma pneumoniae pneumonia,hsa-miR-335-3p,0.26736509799957275
Arsenic Poisoning,mmu-miR-708,0.26734858751296997
Polyposis Syndrome and Hereditary Mixed and 1,hsa-miR-1284,0.2673393487930298
Meniscus Degeneration,hsa-miR-335-3p,0.2673206925392151
Dysentery and Bacillary,hsa-miR-1284,0.2673114538192749
Lung Diseases and Interstitial,hsa-miR-4444,0.26721739768981934
Hypertriglyceridemia,hsa-miR-4444,0.2672039866447449
Angioedemas and Hereditary,hsa-miR-1284,0.26719772815704346
Thyroiditis and Autoimmune,hsa-miR-4444,0.2671952247619629
Genetic Diseases and Inborn,mmu-miR-700-5p,0.26718831062316895
Condylomata Acuminata,hsa-miR-4444,0.2671844959259033
Neoplasms and Hormone-Dependent,hsa-miR-1284,0.2671762704849243
Hyperpigmentation,hsa-miR-4444,0.26717352867126465
Vesicular Stomatitis,hsa-miR-4444,0.26716846227645874
spondyloepimetaphyseal dysplasia and Strudwick type,hsa-miR-4444,0.26716774702072144
Posterior Segment Ocular Diseases,hsa-miR-1284,0.26716721057891846
Arteriosclerosis Obliterans,hsa-miR-4444,0.26715952157974243
Angioedemas and Hereditary,hsa-miR-335-3p,0.2671583890914917
Immune System Diseases,hsa-miR-4444,0.26715558767318726
non-alcoholic fatty liver,hsa-miR-4444,0.2671530842781067
Sexually Transmitted Diseases and Viral,hsa-miR-4444,0.2671501040458679
Pheochromocytoma,hsa-miR-4444,0.26714426279067993
Combined Saposin Deficiency,hsa-miR-4444,0.2671414017677307
Neutropenia,hsa-miR-1284,0.2671409845352173
Primary Gastrointestinal Diffuse Large B-Cell Lymphoma ,hsa-miR-1284,0.26714080572128296
Foot Ulcer,hsa-miR-4444,0.2671327590942383
Prostate Cancer ,hsa-miR-4444,0.2671324610710144
Pulmonary Veno-Occlusive Disease,hsa-miR-4444,0.26713210344314575
differentiated thyroid gland carcinoma,hsa-miR-4444,0.2671295404434204
Smooth Muscle Tumor,hsa-miR-4444,0.2671286463737488
Posterior Segment Ocular Diseases,hsa-miR-335-3p,0.2671278715133667
Testicular Germ Cell Tumor,hsa-miR-4444,0.26712578535079956
Cerebral Infarction and Acute,hsa-miR-4444,0.2671236991882324
Olfaction Disorders,hsa-miR-4444,0.26712262630462646
Heroin Dependence,hsa-miR-4444,0.2671215534210205
Sinus Thrombosis and Intracranial,hsa-miR-4444,0.26712119579315186
Osteomyelitis,hsa-miR-4444,0.26711755990982056
Spinal Injuries,hsa-miR-4428,0.26711660623550415
Cardiovascular And   Cerebrovascular Diseases,hsa-miR-4444,0.2671142816543579
Fatty Liver,hsa-miR-4444,0.26711344718933105
Phyllodes Tumor and Breast,hsa-miR-1284,0.2671070098876953
Peritoneal Diseases,hsa-miR-4444,0.26710593700408936
Hepatolenticular Degeneration,hsa-miR-4444,0.2671055197715759
Early-Stage Malignant Melanoma,hsa-miR-4444,0.26710444688796997
Tricuspid Valve Insufficiency,hsa-miR-1284,0.26710212230682373
Large Artery  Atherosclerosis,hsa-miR-4444,0.26709920167922974
Early Embryonic Arrestdagger,hsa-miR-4444,0.2670983672142029
Hip Dislocation and Congenital,hsa-miR-4444,0.26709794998168945
Depression and Post Stroke,hsa-miR-4444,0.2670974135398865
Myositis,hsa-miR-4444,0.2670941948890686
Bronchopneumonia,hsa-miR-4444,0.2670939564704895
Intracranial Arterial Diseases,hsa-miR-4444,0.2670930027961731
Polyposis Syndrome and Hereditary Mixed and 1,hsa-miR-3619,0.2670922875404358
Gluteal Muscle Contracture,hsa-miR-4444,0.26708799600601196
Urinary Incontinence and Stress,hsa-miR-1284,0.2670828104019165
Histiocytic Sarcoma,hsa-miR-4444,0.2670798897743225
Intestinal Atresia,hsa-miR-4444,0.2670776844024658
Acrodermatitis enteropathica,hsa-miR-4444,0.26707667112350464
Shoulder Injuries,hsa-miR-4444,0.26707619428634644
Diabetes Of The Exocrine Pancreas ,hsa-miR-4444,0.2670760750770569
Oophoritis,hsa-miR-4444,0.2670731544494629
Lattice corneal dystrophy type 1,hsa-miR-335-3p,0.2670711278915405
Phyllodes Tumor and Breast,hsa-miR-335-3p,0.2670676112174988
Acute Coronary Syndrome ,hsa-miR-4444,0.267067015171051
Breast Diseases,hsa-miR-4444,0.2670663595199585
Tricuspid Valve Insufficiency,hsa-miR-335-3p,0.267062783241272
Hepatitis and Chronic,hsa-miR-4444,0.26706141233444214
Thinness,hsa-miR-4444,0.26705867052078247
late onset Parkinson's disease,hsa-miR-4444,0.26705777645111084
Lupus Vasculitis and Central Nervous System,hsa-miR-1284,0.2670555114746094
Tibial Neuropathy,hsa-miR-1284,0.26705455780029297
Meniscus Degeneration,hsa-miR-4325,0.2670527696609497
Retinal Degeneration,hsa-miR-4444,0.2670521140098572
adhesions of uterus,hsa-miR-4444,0.2670512795448303
Sarcoma and Synovial,hsa-miR-4444,0.26705121994018555
Oligospermia,hsa-miR-4444,0.2670474052429199
autoimmune uveitis,hsa-miR-1284,0.26704609394073486
Respiratory Distress Syndrome and Newborn,hsa-miR-4444,0.267045795917511
Nevi and Melanomas,hsa-miR-1284,0.26703882217407227
Classical Swine Fever,hsa-miR-1284,0.26703643798828125
Sepsis and Intensive Care Unit-Acquired,hsa-miR-1284,0.2670350670814514
Laryngeal Papillomas,hsa-miR-1284,0.2670336365699768
Oropharyngeal Neoplasms,hsa-miR-4444,0.26702994108200073
Cardiomyopathy and Hypertrophic,hsa-miR-4444,0.2670292854309082
Duodenal Ulcer,hsa-miR-4444,0.2670252323150635
Extra-Hepatic Portal Venous  Obstruction ,hsa-miR-4444,0.26702046394348145
Coronary Stenosis,hsa-miR-4444,0.2670171856880188
Atrophy,hsa-miR-4444,0.2670167088508606
Lumbar Radicular Pain,hsa-miR-4444,0.2670084834098816
Turner Syndrome,hsa-miR-4444,0.2670029401779175
Autoimmune Diseases of the Nervous System,hsa-miR-1284,0.2669966220855713
UV-Sensitive Syndrome,hsa-miR-1284,0.26699554920196533
Avian Leukosis,hsa-miR-4444,0.26699256896972656
Multiple Trauma,hsa-miR-4444,0.26698923110961914
Legg-Calve-Perthes Disease,hsa-miR-4444,0.26697880029678345
Skeletal Muscle Injury,hsa-miR-1284,0.2669779062271118
Granulomatous Disease and Chronic,hsa-miR-1284,0.2669714689254761
Hand and Foot and Mouth Disease,hsa-miR-4444,0.2669677734375
Alcohol Withdrawal Delirium,hsa-miR-4444,0.266961932182312
Progressive Familial Heart Block and Type Ib,hsa-miR-4444,0.2669583559036255
Zika virus congenital syndrome,hsa-miR-4444,0.2669573426246643
Anterior Cruciate Ligament Injuries,hsa-miR-4444,0.2669544219970703
Hyperplasia,hsa-miR-4444,0.26695311069488525
Thrombotic Stroke,hsa-miR-4444,0.26694780588150024
Primary Ovarian Insufficiency,hsa-miR-4444,0.26694416999816895
Reflex Sympathetic Dystrophy,hsa-miR-4444,0.26694220304489136
Carcinoma and Merkel Cell,hsa-miR-4444,0.2669418454170227
Anodontia,hsa-miR-4444,0.2669418454170227
Decompression Sickness,hsa-miR-4444,0.26693761348724365
salivary gland adenoid cystic carcinoma,hsa-miR-4444,0.2669371962547302
Carcinoma and Cutaneous and Squamous Cell,hsa-miR-4444,0.2669363021850586
Neoplasms and Germ Cell and Embryonal,hsa-miR-4444,0.26693403720855713
Microvascular Rarefaction,hsa-miR-4444,0.2669333219528198
Cartilage Degradation,hsa-miR-4444,0.2669329047203064
Granulomatous Disease and Chronic,hsa-miR-335-3p,0.2669321298599243
Osteopenic Nonfracture Syndrome,hsa-miR-4444,0.26693087816238403
Osteoporosis and Postmenopausal,hsa-miR-4444,0.2669298052787781
Cysts,hsa-miR-4444,0.2669246196746826
Tuberculosis and Meningeal,hsa-miR-4444,0.26692450046539307
Ullrich congenital muscular dystrophy,hsa-miR-4444,0.26692110300064087
Pulmonary Eosinophilia,hsa-miR-4444,0.26692110300064087
Hydatidiform Mole,hsa-miR-4444,0.26691949367523193
Alopecia,hsa-miR-4444,0.26691508293151855
Mycobacterium Infections and Nontuberculous,hsa-miR-4444,0.2669146656990051
Cardiovascular Complications,hsa-miR-4444,0.26691383123397827
Papilloma and Choroid Plexus,hsa-miR-4444,0.26691049337387085
Colon   Adenocarcinoma,hsa-miR-4444,0.2669095993041992
Trypanosomiasis,hsa-miR-4444,0.2669088840484619
Neointimal   Hyperplasia,hsa-miR-4444,0.266904354095459
Tetralogy of Fallot,hsa-miR-4444,0.2669028043746948
Vascular Calcification,hsa-miR-4444,0.26690077781677246
Turcot syndrome,hsa-miR-4444,0.2668989300727844
Melanoma and Experimental,hsa-miR-4444,0.2668963074684143
Parathyroid Neoplasms,hsa-miR-4444,0.26689231395721436
Cardiac Complexes and Premature,hsa-miR-4444,0.2668904662132263
Ectrodactyly-cleft lip-palate syndrome,hsa-miR-4444,0.26688939332962036
Bisphosphonate-Associated Osteonecrosis of the Jaw,hsa-miR-4444,0.2668863534927368
Movement Disorders,hsa-miR-4444,0.2668858766555786
Primary Central Nervous System Lymphoma,hsa-miR-4444,0.2668845057487488
Cicatrix,hsa-miR-4444,0.2668845057487488
Hyperlipoproteinemia Type II,hsa-miR-4444,0.26688438653945923
Encephalitis Virus and Japanese,hsa-miR-4325,0.2668834924697876
Cushing Syndrome,hsa-miR-4444,0.2668802738189697
Hypoxia-Ischemia and Brain and Newborn,hsa-miR-4444,0.26687097549438477
Lacrimal Adenoid   Cystic Carcinoma,hsa-miR-4444,0.26687091588974
Pregnancy Complications,hsa-miR-4444,0.26686662435531616
Carotid Artery Injuries,hsa-miR-4444,0.2668628692626953
Arthritis,hsa-miR-4444,0.2668619155883789
Infarction and Middle Cerebral Artery,hsa-miR-4444,0.2668616771697998
Frontonasal dysplasia,hsa-miR-4444,0.26686084270477295
Ehlers-Danlos Syndrome,hsa-miR-4444,0.2668597102165222
Reperfusion Injury and Pulmonary Ischemia,hsa-miR-4444,0.26685869693756104
Kidney Failure and Chronic,hsa-miR-4444,0.26685792207717896
Digitorenocerebral Syndrome,hsa-miR-4444,0.26685595512390137
Retinal Dystrophies,hsa-miR-4444,0.26685577630996704
Small Cell Lung Carcinoma,hsa-miR-4444,0.26685500144958496
Phenylketonurias,hsa-miR-4444,0.26685452461242676
Gastric   Cancer,hsa-miR-4444,0.26685404777526855
Polythelia and Familial,hsa-miR-4444,0.266853928565979
Hypertensive  Disorder Complicating Pregnancy,hsa-miR-4444,0.2668529152870178
Shock and Hemorrhagic,hsa-miR-4444,0.2668522000312805
Yellow Nail Syndrome,hsa-miR-4444,0.2668522000312805
Polymyositis,hsa-miR-4444,0.26685166358947754
Polycythemia and High Altitude,hsa-miR-4444,0.26685142517089844
Allergic Inflammation,hsa-miR-4444,0.2668501138687134
Cleft Lip,hsa-miR-4444,0.26684969663619995
Carcinoma and Small Cell,hsa-miR-4444,0.266849160194397
Rhinitis and Allergic,hsa-miR-4444,0.26684892177581787
Acromegaly,hsa-miR-4444,0.2668479084968567
Lesch-Nyhan Syndrome,hsa-miR-4444,0.2668452262878418
Neuropathic Lysosomal Storage Diseases,hsa-miR-4444,0.266843318939209
Pterygium,hsa-miR-4444,0.2668417692184448
Salpingitis,hsa-miR-4444,0.2668408155441284
Gastritis and Pediatric,hsa-miR-4444,0.2668396234512329
Cerebral Hemorrhage and Spontaneous,hsa-miR-4444,0.26683884859085083
Sick Sinus Syndrome,hsa-miR-4444,0.2668346166610718
Obsessive-Compulsive Disorder,hsa-miR-4444,0.26683366298675537
Anemia,hsa-miR-4444,0.26683348417282104
Acne Vulgaris,hsa-miR-4444,0.2668318748474121
Cyprinid Herpesvirus 3,hsa-miR-4444,0.26683175563812256
Infant and Newborn and Diseases,hsa-miR-4444,0.266831636428833
Rolandic Epilepsy and Mental Retardation and and Speech Dyspraxia and X-Linked,hsa-miR-4444,0.2668301463127136
Multiple Organ Failure,hsa-miR-4444,0.26683008670806885
Arrest of spermatogenesis,hsa-miR-4444,0.2668299078941345
Folliculotropic Mycosis Fungoides,hsa-miR-4444,0.26682937145233154
Pleural Effusion and Malignant,hsa-miR-4444,0.26682865619659424
Rett Syndrome,hsa-miR-4444,0.26682764291763306
Gastrinoma,hsa-miR-4444,0.2668275833129883
Glossitis and Benign Migratory,hsa-miR-4444,0.26682448387145996
familial febrile seizures 1,hsa-miR-4444,0.26682281494140625
Polycystic lipomembranous osteodysplasia with sclerosing leukoencephalopathy,hsa-miR-4444,0.26682209968566895
ST Elevation Myocardial Infarction,hsa-miR-4444,0.2668219804763794
High Grade Ovarian Neoplasms,hsa-miR-4444,0.2668214440345764
Plaque and Amyloid,hsa-miR-3619,0.2668214440345764
Fibrosis and Skin,hsa-miR-4444,0.2668212056159973
Glomerulonephritis and Membranoproliferative,hsa-miR-4444,0.266818642616272
Gastritis and Hypertrophic,hsa-miR-4444,0.26681673526763916
Tracheal Stenosis,hsa-miR-4444,0.26681673526763916
Hemochromatosis,hsa-miR-4444,0.2668156027793884
Alzheimer Disease ,hsa-miR-4444,0.2668151259422302
Bone Neoplasms,hsa-miR-4444,0.2668142318725586
Neonatal hemochromatosis,hsa-miR-4444,0.26681333780288696
Sleep Apnea Syndromes,hsa-miR-4444,0.2668127417564392
Oral Ulcer,hsa-miR-4444,0.2668120265007019
Lymphoproliferative Disorders,hsa-miR-4444,0.26681089401245117
Palatal Neoplasms,hsa-miR-4444,0.26681041717529297
Peripheral Blood Leukocytes,hsa-miR-4444,0.2668102979660034
Aneurysm,hsa-miR-4444,0.26680952310562134
Gingivitis,hsa-miR-4444,0.2668091654777527
Ataxia with vitamin E deficiency,hsa-miR-4444,0.2668088674545288
Colorectal Neoplasms and Hereditary Nonpolyposis,hsa-miR-4444,0.26680850982666016
Wasting Disease and Chronic,hsa-miR-4444,0.26680606603622437
Urinary Bladder Diseases,hsa-miR-4444,0.266803503036499
Staphylococcal Infections,hsa-miR-4444,0.2668030261993408
Tracheal Diseases,hsa-miR-4444,0.2667984366416931
Neuroleptic Malignant Syndrome,hsa-miR-4444,0.26679790019989014
Neuroectodermal Tumors and Primitive,hsa-miR-4444,0.2667977809906006
Malaria and Cerebral,hsa-miR-4444,0.26679766178131104
Exudative Vitreoretinopathy 4,hsa-miR-4444,0.26679766178131104
Sarcoidosis,hsa-miR-4444,0.26679736375808716
nonsyndromic congenital nail disorder 7,hsa-miR-4444,0.26679718494415283
Necrosis,hsa-miR-4444,0.26679712533950806
Nephritis,hsa-miR-4444,0.2667962908744812
Carcinoma and Ductal and Breast,hsa-miR-4444,0.26679593324661255
Chronic Disease,hsa-miR-4444,0.26679253578186035
Oral Submucous Fibrosis,hsa-miR-4444,0.26679033041000366
Inflammatory Osteolysis,hsa-miR-4444,0.26678866147994995
Pancreatitis,hsa-miR-4444,0.26678842306137085
Gastric Precancerous Lesion,hsa-miR-4444,0.2667880058288574
Primary Graft Dysfunction,hsa-miR-4444,0.26678770780563354
Encephalomyelitis and Enzootic Porcine,hsa-miR-4444,0.26678740978240967
Leukemia and Promyelocytic and Acute,hsa-miR-4444,0.2667856812477112
Halal syndrome,hsa-miR-4444,0.2667851448059082
von Willebrand Diseases,hsa-miR-4444,0.2667849659919739
Wound Infection,hsa-miR-4325,0.26678407192230225
DNA Repair-Deficiency Disorders,hsa-miR-4444,0.2667829990386963
Rectal Neoplasms,hsa-miR-4444,0.26678282022476196
Lupus Nephritis,hsa-miR-4444,0.26678258180618286
Pancreatitis and Acute Necrotizing,hsa-miR-4444,0.2667815089225769
Pleomorphic Sarcoma and Undifferentiated,hsa-miR-4444,0.2667793035507202
Low Back Pain,hsa-miR-4444,0.26677894592285156
Aortic Diseases,hsa-miR-4444,0.2667783498764038
X-linked juvenile retinoschisis 1,hsa-miR-4444,0.26677823066711426
Myocarditis,hsa-miR-4444,0.26677703857421875
Welander distal myopathy and Swedish type,hsa-miR-4444,0.26677650213241577
Environmental Illness,hsa-miR-4444,0.2667757272720337
Autoimmune polyendocrinopathy syndrome and type 1,hsa-miR-4444,0.2667744755744934
brachydactyly type D,hsa-miR-4444,0.26677417755126953
Growth Disorders,hsa-miR-4444,0.26677125692367554
Bloom Syndrome,hsa-miR-4444,0.2667695879936218
Albuminuria,hsa-miR-4444,0.2667677402496338
Genital Diseases and Female,hsa-miR-4444,0.26676619052886963
Carcinoma and Squamous Cell and Cutaneous,hsa-miR-4444,0.2667604088783264
ovary adenocarcinoma,hsa-miR-4444,0.2667587399482727
Dehydration,hsa-miR-4444,0.2667583227157593
ACTH Syndrome and Ectopic,hsa-miR-4444,0.26675814390182495
Post-Cardiac Arrest Syndrome,hsa-miR-4444,0.2667579650878906
Hepatopulmonary Syndrome,hsa-miR-4444,0.26675736904144287
Mast Cell Tumors,hsa-miR-4444,0.26675599813461304
Myeloproliferative Disorders,hsa-miR-4444,0.2667556405067444
Fetal Macrosomia,hsa-miR-4444,0.2667540907859802
Corneal Injuries,hsa-miR-4444,0.26674914360046387
Bovine Virus Diarrhea-Mucosal Disease,hsa-miR-4444,0.26674801111221313
Bone Marrow Myelofibrosis,hsa-miR-4444,0.26674723625183105
Leptomeningeal Metastasis,hsa-miR-4444,0.26674455404281616
Eosinophilic enteropathy,hsa-miR-4444,0.2667433023452759
Heart Septal Defects and Ventricular,hsa-miR-4444,0.26674318313598633
Thromboangiitis Obliterans,hsa-miR-4444,0.2667417526245117
Brain Neoplasms,hsa-miR-4444,0.2667391896247864
Adiposis Dolorosa,hsa-miR-4444,0.26673340797424316
Adenomatous Polyposis Coli,hsa-miR-4444,0.2667319178581238
Blood Coagulation Disorders,hsa-miR-4444,0.266731321811676
Distal arthrogryposis type 2B,hsa-miR-4444,0.266724169254303
Vitamin D Deficiency,hsa-miR-4444,0.2667214870452881
Moebius syndrome 1,hsa-miR-4444,0.26671987771987915
Parkinsonian Disorders,hsa-miR-4444,0.2667195200920105
Cholecystitis,hsa-miR-4444,0.26671451330184937
Leukokeratosis and Hereditary Mucosal,hsa-miR-4444,0.266709566116333
arthrogryposis and renal dysfunction and and cholestasis 1,hsa-miR-4444,0.2667061686515808
Abortion and Spontaneous,hsa-miR-4444,0.2667008638381958
Bowen-Conradi syndrome,hsa-miR-4444,0.26669472455978394
Multiple Sclerosis and Relapsing-Remitting,hsa-miR-4444,0.2666945457458496
Hypocalciuric hypercalcemia and familial and type 1,hsa-miR-4444,0.2666938900947571
Pediatric Obesity,hsa-miR-4444,0.26669347286224365
Ventricular Dysfunction and Left,hsa-miR-4444,0.2666913866996765
Vitelliform Macular Dystrophy,hsa-miR-4325,0.26668792963027954
Lymphoma and Extranodal NK-T-Cell,hsa-miR-4444,0.2666841149330139
Interstitial Fibrosis and Renal,hsa-miR-4444,0.26668375730514526
Obstetric Labor Complications,hsa-miR-4444,0.26668059825897217
Chediak-Higashi Syndrome,hsa-miR-200a-3p,0.26666903495788574
Renal Tubular Oxidative Injury,hsa-miR-4444,0.2666677236557007
Granulomatous Disease and Chronic,hsa-miR-4325,0.26666414737701416
N acetyltransferase deficiency,hsa-miR-4444,0.2666485905647278
Polyposis Syndrome and Hereditary Mixed and 1,hsa-miR-200a-3p,0.2666451334953308
Adenocarcinoma Of Esophagus,hsa-miR-200a-3p,0.2666413187980652
Community-Acquired Pneumonia,hsa-miR-4444,0.2666108012199402
Non-Segmental Vitiligo,hsa-miR-200a-3p,0.26656222343444824
Arteritis,hsa-miR-4459,0.2665403485298157
Reperfusion Injury and Testicular Ischemia,hsa-miR-200a-3p,0.2664344906806946
Myeloma Bone Disease,hsa-miR-200a-3p,0.2663745880126953
Polyposis Syndrome and Hereditary Mixed and 1,hsa-miR-135a*,0.26636385917663574
Autoimmune Diseases of the Nervous System,hsa-miR-200a-3p,0.2663024067878723
Urinary Calculi,hsa-miR-200a-3p,0.26627230644226074
Amelogenesis Imperfecta,hsa-mir-8061,0.26618772745132446
spondyloepimetaphyseal dysplasia and Strudwick type,hsa-mir-8061,0.26615917682647705
Varicose Veins,hsa-mir-8061,0.26615387201309204
Arthritis and Gouty,hsa-mir-8061,0.2660942077636719
Liver Failure and Acute,hsa-mir-8061,0.26608192920684814
Lymphoma and B-Cell and Diffuse,hsa-mir-8061,0.2660800814628601
Gluteal Muscle Contracture,hsa-mir-8061,0.2660794258117676
Intestinal Atresia,hsa-mir-8061,0.2660691738128662
Lipodystrophy and Partial and Acquired,hsa-mir-8061,0.2660672664642334
Asymptomatic Infections,hsa-mir-8061,0.2660653591156006
Sarcoma and Synovial,hsa-mir-8061,0.26604270935058594
Legg-Calve-Perthes Disease,hsa-mir-8061,0.26597023010253906
Scleral Diseases,hsa-miR-3186-5p,0.2659682631492615
salivary gland adenoid cystic carcinoma,hsa-mir-8061,0.26592862606048584
Hidradenitis Suppurativa,hsa-mir-8061,0.2659277319908142
Intestinal Diseases,hsa-mir-8061,0.2659261226654053
Polyposis Syndrome and Hereditary Mixed and 1,hsa-miR-3186-5p,0.2659170627593994
Mycobacterium Infections and Nontuberculous,hsa-mir-8061,0.2659061551094055
Diastrophic dysplasia,hsa-mir-8061,0.26585787534713745
esophageal carcinoma,hsa-mir-8061,0.2658500671386719
Encephalomyelitis and Autoimmune and Experimental,hsa-mir-8061,0.2658253312110901
fibrolamellar carcinoma,hsa-mir-8061,0.26582515239715576
Hyperglycemia,hsa-mir-8061,0.2658228874206543
Bronchopulmonary Dysplasia,hsa-mir-8061,0.26581794023513794
Fibrosarcoma,hsa-mir-8061,0.265815794467926
Peripheral Blood Leukocytes,hsa-mir-8061,0.26580172777175903
Dwarfism,hsa-mir-8061,0.2658011317253113
Cervical Intraepithelial Neoplasia,hsa-mir-8061,0.265788733959198
Aspergillosis and Allergic Bronchopulmonary,hsa-mir-8061,0.26578807830810547
Airway Inflammation,hsa-mir-8061,0.2657848000526428
Status Epilepticus,hsa-mir-8061,0.2657809257507324
Inflammatory Osteolysis,hsa-mir-8061,0.26578009128570557
Carcinoma and Squamous Cell and Cutaneous,hsa-mir-8061,0.26575177907943726
Selenium Deficiency,hsa-mir-8061,0.26573848724365234
Neoplasms and Multiple Primary,hsa-mir-8061,0.2657362222671509
Leptomeningeal Metastasis,hsa-mir-8061,0.26573604345321655
Bone Diseases,hsa-mir-8061,0.2657272219657898
Arsenic Poisoning,hsa-miR-4494,0.265699565410614
Meningitis and Bacterial,hsa-mir-8061,0.2656983733177185
Myeloma Bone Disease,hsa-miR-181b-3p,0.26566147804260254
Hemorrhagic Fever and Ebola,hsa-mir-8061,0.2656393051147461
Myotonic Dystrophy,hsa-miR-3186-5p,0.2655940651893616
Pregnancy Complications and Infectious,hsa-miR-4489,0.26553672552108765
Genetic Diseases and Inborn,hsa-miR-4494,0.2653614282608032
Gingival Overgrowth,hsa-miR-021,0.26525282859802246
Testicular Neoplasms,hsa-miR-021,0.26523005962371826
Chediak-Higashi Syndrome,hsa-miR-021,0.2651812434196472
Anaphylaxis,hsa-miR-021,0.26517587900161743
Subarachnoid Hemorrhage ,hsa-miR-021,0.2651625871658325
Adenocarcinoma Of Esophagus,hsa-miR-021,0.26515352725982666
Postoperative Nausea and Vomiting,hsa-miR-4444,0.26513779163360596
Posterior Segment Ocular Diseases,hsa-miR-021,0.26498526334762573
Gliosis,hsa-miR-021,0.264983594417572
Neutropenia,hsa-miR-021,0.264958918094635
Primary Gastrointestinal Diffuse Large B-Cell Lymphoma ,hsa-miR-021,0.26495885848999023
Wound Infection,hsa-miR-021,0.2649093270301819
Gluteal Muscle   Contracture,hsa-miR-021,0.2648881673812866
Myeloma Bone Disease,hsa-miR-021,0.2648867964744568
Swine Diseases,hsa-miR-021,0.2648778557777405
Neonatal Encephalopathy,hsa-miR-021,0.26487189531326294
Pancreatic Beta-Cell Dysfunction,hsa-miR-021,0.2648717761039734
Nevi and Melanomas,hsa-miR-021,0.26485681533813477
Myotonic Dystrophy,hsa-miR-021,0.26483434438705444
Diarrhea and Bacterial,hsa-miR-021,0.2648264765739441
Dwarfism,rno-miR-760-3p,0.26479530334472656
Postural Orthostatic Tachycardia Syndrome,rno-miR-30b-3p,0.2647392153739929
Hyperpigmentation,rno-miR-30b-3p,0.26473021507263184
Salivary Gland Pleomorphic Adenoma,rno-miR-30b-3p,0.2647104859352112
Combined Saposin Deficiency,rno-miR-30b-3p,0.2646980285644531
Arthritis and Gouty,rno-miR-30b-3p,0.2646592855453491
Intracranial Arterial Diseases,rno-miR-30b-3p,0.2646496295928955
Schopf-Schulz-Passarge Syndrome,rno-miR-30b-3p,0.2646428942680359
Respiratory Distress Syndrome and Newborn,rno-miR-30b-3p,0.2646024227142334
Spinal Cord Diseases,rno-miR-30b-3p,0.26451873779296875
Anterior Cruciate Ligament Injuries,rno-miR-30b-3p,0.26451098918914795
FG syndrome,rno-miR-30b-3p,0.26449495553970337
Arteritis,mmu-miR-708,0.2644938826560974
Intestinal Diseases,rno-miR-30b-3p,0.26449131965637207
Hydatidiform Mole,rno-miR-30b-3p,0.26447612047195435
Osteolysis,rno-miR-30b-3p,0.2644561529159546
Cardiac Complexes and Premature,rno-miR-30b-3p,0.26444703340530396
Bacterial Infections,rno-miR-30b-3p,0.264442503452301
dilated cardiomyopathy 1FF,rno-miR-30b-3p,0.2644299268722534
Lymphoma and Natural   Killer/T-Cell,rno-miR-30b-3p,0.2644287347793579
Bicuspid Aortic Valve Disease,rno-miR-30b-3p,0.2644203305244446
esophageal carcinoma,rno-miR-30b-3p,0.2644152045249939
Lyme Disease,rno-miR-30b-3p,0.2644094228744507
Adenocarcinoma,rno-miR-30b-3p,0.26440900564193726
Hypoplastic Left Heart Syndrome,rno-miR-30b-3p,0.26440727710723877
Megalencephalic leukoencephalopathy with subcortical cysts,rno-miR-30b-3p,0.26440638303756714
Cleft Lip,rno-miR-30b-3p,0.26440346240997314
Bronchiolitis Obliterans,rno-miR-30b-3p,0.2643972635269165
Popliteal Artery Aneurysm,rno-miR-30b-3p,0.2643921375274658
Pleural Effusion and Malignant,rno-miR-30b-3p,0.2643851637840271
Acute Lymphocytic Leukemia and B-Cell,rno-miR-30b-3p,0.2643846273422241
Glossitis and Benign Migratory,rno-miR-30b-3p,0.2643810510635376
Spinal Injuries,hsa-miR-4511,0.2643774151802063
arteriosclerotic cardiovascular disease,rno-miR-30b-3p,0.2643718719482422
Infertility and Female,rno-miR-30b-3p,0.2643715739250183
Infarction,rno-miR-30b-3p,0.26435917615890503
Cervical Intraepithelial Neoplasia,rno-miR-30b-3p,0.26435387134552
Rupture,rno-miR-30b-3p,0.2643531560897827
Leukemia and Promyelocytic and Acute,rno-miR-30b-3p,0.26434218883514404
Halal syndrome,rno-miR-30b-3p,0.26434171199798584
Bloom Syndrome,rno-miR-30b-3p,0.26432615518569946
Femur Head Necrosis,rno-miR-30b-3p,0.2643260359764099
rectum adenocarcinoma,rno-miR-30b-3p,0.2643206715583801
Reperfusion Injury and Intestinal Ischemia,rno-miR-30b-3p,0.2643163800239563
Post-Cardiac Arrest Syndrome,rno-miR-30b-3p,0.2643144726753235
Selenium Deficiency,rno-miR-30b-3p,0.26430362462997437
Cardiomyopathy and Dilated and with Left Ventricular Noncompaction,rno-miR-30b-3p,0.26430273056030273
Leptomeningeal Metastasis,rno-miR-30b-3p,0.2643011808395386
Adenomatous Polyposis Coli,rno-miR-30b-3p,0.26428860425949097
Altitude Sickness,rno-miR-30b-3p,0.2642614245414734
sporatic amyotrophic lateral sclerosis,rno-miR-30b-3p,0.26425230503082275
Hemoglobin Bart'S Hydrops   Fetalis Syndrome,rno-miR-30b-3p,0.2642073631286621
Hemorrhagic Fever and Ebola,rno-miR-30b-3p,0.2642044425010681
Lung Diseases and Interstitial,hsa-miR-4456,0.26418304443359375
Condylomata Acuminata,hsa-miR-4456,0.2641502618789673
Blood Platelet Disorders,hsa-miR-4456,0.2641490697860718
Hepatitis E,hsa-miR-4456,0.264141321182251
Postoperative Nausea and Vomiting,hsa-mir-8061,0.2641292214393616
Neoplastic Cells and Circulating,hsa-miR-4456,0.264127254486084
Fluorosis and Dental,hsa-miR-4456,0.2641260027885437
Coronavirus Infections,hsa-miR-4456,0.2641203999519348
non-alcoholic fatty liver,hsa-miR-4456,0.26411885023117065
Papillomavirus Infections,hsa-miR-4456,0.26411187648773193
Muscular Dystrophy and Facioscapulohumeral,hsa-miR-4456,0.26411116123199463
Pheochromocytoma,hsa-miR-4456,0.26410990953445435
Pulmonary Veno-Occlusive Disease,hsa-miR-4456,0.26409780979156494
Smooth Muscle Tumor,hsa-miR-4456,0.2640942931175232
Testicular Germ Cell Tumor,hsa-miR-4456,0.264091432094574
Cerebral Infarction and Acute,hsa-miR-4456,0.2640894055366516
Brucellosis,hsa-miR-4456,0.2640848159790039
Leishmaniasis,hsa-miR-4456,0.26407545804977417
Hepatolenticular Degeneration,hsa-miR-4456,0.2640712261199951
HTLV-II Infections,hsa-miR-4456,0.26407039165496826
Poikiloderma with Neutropenia,hsa-miR-4456,0.26406896114349365
Arthritis and Gouty,hsa-miR-4456,0.2640684247016907
Intestinal Fistula,hsa-miR-4456,0.26406538486480713
Early Embryonic Arrestdagger,hsa-miR-4456,0.2640640139579773
ABCD syndrome,hsa-miR-4456,0.2640625238418579
Liver Failure and Acute,hsa-miR-4456,0.2640562057495117
Hemangioma and Cavernous,hsa-miR-4456,0.264055073261261
Hair Diseases,hsa-miR-4456,0.26405400037765503
Gluteal Muscle Contracture,hsa-miR-4456,0.2640536427497864
vulva squamous cell carcinoma,hsa-miR-4456,0.2640532851219177
Schopf-Schulz-Passarge Syndrome,hsa-miR-4456,0.26405203342437744
Heart Failure and Systolic,hsa-miR-4456,0.2640470862388611
Hyperphosphatemia,hsa-miR-4456,0.26404404640197754
Gastrointestinal Diseases,hsa-miR-4456,0.2640414237976074
Asymptomatic Infections,hsa-miR-4456,0.26403963565826416
Acute Coronary Syndrome ,hsa-miR-4456,0.26403266191482544
Poisoning,hsa-miR-4456,0.26403236389160156
Atrial Dilatation,hsa-miR-4456,0.2640303373336792
Platelet Storage Pool Deficiency,hsa-miR-4456,0.26402968168258667
late onset Parkinson's disease,hsa-miR-4456,0.26402348279953003
Pleuropulmonary blastoma,hsa-miR-4456,0.2640184760093689
adhesions of uterus,hsa-miR-4456,0.2640169858932495
Calcinosis,hsa-miR-4456,0.2640160322189331
Porphyria and Variegate,hsa-miR-4456,0.2640153169631958
intracranial berry aneurysm 3,hsa-miR-4456,0.26401370763778687
Prion Diseases,hsa-miR-4456,0.26401031017303467
Mobility Limitation,hsa-miR-4456,0.26400864124298096
Siderosis,hsa-miR-4456,0.2640073895454407
Thymus Neoplasms,hsa-miR-4456,0.26400226354599
Scholte syndrome,hsa-miR-4456,0.26399505138397217
Chondrocalcinosis,hsa-miR-4456,0.2639923691749573
Brucellosis and Bovine,hsa-miR-4456,0.2639791965484619
Turner Syndrome,hsa-miR-4456,0.26396864652633667
Cholesteatoma,hsa-miR-4456,0.2639648914337158
Meningitis and Fungal,hsa-miR-4456,0.2639566659927368
Muscular Diseases,hsa-miR-4456,0.2639498710632324
Temporomandibular Joint Osteoarthritis,hsa-miR-4456,0.26394909620285034
Carcinoma and Basal Cell and Skin,hsa-miR-4456,0.2639486789703369
Acute Pulmonary Embolism,hsa-miR-4456,0.26394617557525635
Legg-Calve-Perthes Disease,hsa-miR-4456,0.26394444704055786
Carcinogenesis,hsa-miR-4456,0.26393991708755493
Spinal Cord Diseases,hsa-miR-4456,0.2639278173446655
Nonsyndromic sensorineural hearing loss,hsa-miR-4456,0.2639262080192566
Zika virus congenital syndrome,hsa-miR-4456,0.2639230489730835
Azoospermia and Nonobstructive,hsa-miR-4456,0.2639197111129761
Anodontia,hsa-miR-4456,0.2639075517654419
salivary gland adenoid cystic carcinoma,hsa-miR-4456,0.26390284299850464
Intestinal Diseases,hsa-miR-4456,0.2639003396034241
Ear Diseases,hsa-miR-4456,0.2638976573944092
Osteopenic Nonfracture Syndrome,hsa-miR-4456,0.2638965845108032
Osteonecrosis,hsa-miR-4456,0.26389575004577637
Toxoplasmosis and Ocular,hsa-miR-4456,0.2638947367668152
Meier-Gorlin syndrome,hsa-miR-4456,0.26389437913894653
Sciatica,hsa-miR-4456,0.2638935446739197
Tuberculosis and Meningeal,hsa-miR-4456,0.26389020681381226
Pulmonary Eosinophilia,hsa-miR-4456,0.26388680934906006
Malaria and Vivax,hsa-miR-4456,0.26388663053512573
Alopecia,hsa-miR-4456,0.26388072967529297
Respirovirus Infections,hsa-miR-4456,0.2638782858848572
Mandibulofacial Dysostosis,hsa-miR-4456,0.26387304067611694
Vascular Calcification,hsa-miR-4456,0.26386648416519165
Bone Pain,hsa-miR-4456,0.2638653516769409
Osteolysis,hsa-miR-4456,0.26386523246765137
Turcot syndrome,hsa-miR-4456,0.26386457681655884
Colorectal   Adenocarcinoma,hsa-miR-4456,0.2638635039329529
Peritoneal Hyalinizing Vasculopathy,hsa-miR-4456,0.26386260986328125
Melanoma and Experimental,hsa-miR-4456,0.2638619542121887
Glima,hsa-miR-4456,0.26385796070098877
Tibial Fractures,hsa-miR-4456,0.263857364654541
GATA2 Deficiency,hsa-miR-4456,0.26385706663131714
Cardiac Complexes and Premature,hsa-miR-4456,0.26385611295700073
Hemangioma,hsa-miR-4456,0.26385146379470825
Primary Central Nervous System Lymphoma,hsa-miR-4456,0.2638501524925232
Vulvar Neoplasms,hsa-miR-4456,0.2638484835624695
External Auditory Canal Squamous Cell Carcinoma,hsa-miR-4456,0.26384037733078003
Intestinal Neoplasms,hsa-miR-4456,0.2638360261917114
Gastric And Colon Cancer,hsa-miR-4456,0.2638344168663025
Diastrophic dysplasia,hsa-miR-4456,0.263832151889801
Chromate Resistance,hsa-miR-4456,0.263830304145813
Bone Diseases and Metabolic,hsa-miR-4456,0.2638283371925354
Frontonasal dysplasia,hsa-miR-4456,0.26382648944854736
paramyotonia congenita of Von Eulenburg,hsa-miR-4456,0.2638263702392578
Skin Neoplasms,hsa-miR-4456,0.2638246417045593
esophageal carcinoma,hsa-miR-4456,0.26382434368133545
Arthrogryposis and ectodermal dysplasia,hsa-miR-4456,0.2638240456581116
Ventricular Premature Complexes,hsa-mir-8080,0.2638236880302429
Polythelia and Familial,hsa-miR-4456,0.2638196349143982
Rosacea,hsa-miR-4456,0.2638183832168579
Warburg micro syndrome 1,hsa-miR-4456,0.2638168931007385
Cachexia,hsa-miR-4456,0.2638137936592102
Hirschsprung Disease,hsa-miR-4456,0.26381129026412964
Enterovirus B and Human,hsa-miR-4456,0.2638106346130371
Precursor T-Cell Lymphoblastic Leukemia-Lymphoma,hsa-miR-4456,0.2638092637062073
ACTH-independent macronodular adrenal hyperplasia,hsa-miR-4456,0.2638092041015625
Pterygium,hsa-miR-4456,0.263807475566864
Larva Migrans and Visceral,hsa-miR-4456,0.26380693912506104
Retinal Detachment,hsa-miR-4456,0.26380693912506104
Rhinitis and Allergic and Seasonal,hsa-miR-4456,0.2638060450553894
Nephrosclerosis,hsa-miR-4456,0.2638055086135864
Glaucoma,hsa-miR-4456,0.2637979984283447
Seizures,hsa-miR-4456,0.2637975215911865
Infant and Newborn and Diseases,hsa-miR-4456,0.2637972831726074
Amelogenesis Imperfecta,hsa-mir-8080,0.26379597187042236
Multiple Organ Failure,hsa-miR-4456,0.26379573345184326
Arrest of spermatogenesis,hsa-miR-4456,0.2637956738471985
Spermatic Cord Torsion,hsa-miR-4456,0.26379305124282837
Bronchopulmonary Dysplasia,hsa-miR-4456,0.26379209756851196
Heart Diseases and Congenital,hsa-miR-4456,0.2637910842895508
Glomerulonephritis and Membranoproliferative,hsa-miR-4456,0.2637842893600464
Gastritis and Hypertrophic,hsa-miR-4456,0.2637823820114136
arteriosclerotic cardiovascular disease,hsa-miR-4456,0.26378101110458374
Neurofibromatosis 2,hsa-miR-4456,0.26378101110458374
Amnesia,hsa-miR-4456,0.263780415058136
Hearing Disorders,hsa-miR-4456,0.26378029584884644
Cystoid Macular Edema and Diabetic,hsa-mir-8080,0.2637786865234375
Lymphoproliferative Disorders,hsa-miR-4456,0.26377665996551514
Dwarfism,hsa-miR-4456,0.26377540826797485
Hepatitis E,hsa-mir-8080,0.2637753486633301
Aneurysm,hsa-miR-4456,0.2637752294540405
Ataxia with vitamin E deficiency,hsa-miR-4456,0.2637745141983032
Ovarian Insufficiency and Premature,hsa-miR-4456,0.26377373933792114
Prader-Willi Syndrome,hsa-miR-4456,0.26377177238464355
Wasting Disease and Chronic,hsa-miR-4456,0.2637717127799988
Leukemia and Myelomonocytic and Chronic,hsa-miR-4456,0.26377153396606445
Urinary Bladder Diseases,hsa-miR-4456,0.26376914978027344
Cleidocranial Dysplasia,hsa-miR-4456,0.26376891136169434
Arrhythmias and Cardiac,hsa-miR-4456,0.26376885175704956
Hypoxia and Brain,hsa-mir-8080,0.26376497745513916
AIDS Dementia Complex,hsa-miR-4456,0.2637641429901123
Neuroleptic Malignant Syndrome,hsa-miR-4456,0.2637636065483093
Endometrial Hyperplasia,hsa-miR-4456,0.2637602686882019
Arteriosclerosis Obliterans,hsa-mir-8080,0.26375919580459595
Fibroadenoma,hsa-miR-4456,0.2637590765953064
Urologic Neoplasms,hsa-mir-8080,0.2637583613395691
Liver Cirrhosis and Alcoholic,hsa-miR-4456,0.2637583613395691
Chronic Disease,hsa-miR-4456,0.26375818252563477
Skin Neoplasms and Non-Melanoma,hsa-miR-4456,0.2637569308280945
Oral Submucous Fibrosis,hsa-miR-4456,0.2637559771537781
Cumulative Trauma Disorders,hsa-miR-4456,0.26375526189804077
Autism Spectrum Disorder,hsa-miR-4456,0.26375526189804077
mucinous cystadenocarcinoma of pancreas,hsa-miR-4456,0.2637551426887512
Pancreatitis,hsa-miR-4456,0.26375412940979004
Sexually Transmitted Diseases and Viral,hsa-mir-8080,0.2637498378753662
Purpura,hsa-miR-4456,0.26374971866607666
Pancreatitis and Acute Necrotizing,hsa-miR-4456,0.2637471556663513
Alcohol Induced Neurogenic Inflammation,hsa-miR-4456,0.2637462615966797
Aortic Diseases,hsa-miR-4456,0.2637439966201782
Pheochromocytoma,hsa-mir-8080,0.2637439966201782
X-linked juvenile retinoschisis 1,hsa-miR-4456,0.26374393701553345
Papillary Thyroid Microcarcinoma,hsa-mir-8080,0.2637431025505066
Sepsis Induced Liver Injury,hsa-miR-4456,0.2637428641319275
Welander distal myopathy and Swedish type,hsa-miR-4456,0.26374220848083496
Environmental Illness,hsa-miR-4456,0.2637414336204529
Alopecia Areata,mmu-miR-743a,0.26374131441116333
Arsenic Poisoning,hsa-miR-4439,0.263741135597229
Hypertriglyceridemia,mmu-miR-743a,0.263740599155426
low grade glioma,hsa-miR-4456,0.2637394666671753
Growth Disorders,hsa-miR-4456,0.2637368440628052
Elliptocytosis 2,hsa-miR-4456,0.2637360692024231
Bloom Syndrome,hsa-miR-4456,0.26373523473739624
Bipolar Disorder,hsa-mir-8080,0.26373517513275146
Femur Head Necrosis,hsa-miR-4456,0.2637351155281067
Acute Uterine Injury,hsa-miR-4455,0.26372992992401123
Hepatitis,hsa-mir-8080,0.26372772455215454
Digestive System Diseases,hsa-mir-8080,0.2637271285057068
Angina and Unstable,hsa-miR-4456,0.2637263536453247
Carcinoma and Squamous Cell and Cutaneous,hsa-miR-4456,0.2637261152267456
Bone Regeneration,hsa-miR-4456,0.2637253999710083
Pyloric Hypomotility,hsa-mir-8080,0.2637249231338501
Corneal Diseases,hsa-miR-4456,0.263724148273468
obstructive nephropathy,hsa-mir-8080,0.2637220621109009
Dental Caries,hsa-miR-4456,0.2637220025062561
Cancer-Associated Cachexia,hsa-miR-4456,0.2637215852737427
Sinus Thrombosis and Intracranial,hsa-mir-8080,0.26372087001800537
Blood Platelet Disorders,mmu-miR-743a,0.2637200951576233
Wound Healing,hsa-miR-4456,0.26371967792510986
Acute  Kidney Injury,hsa-miR-4456,0.2637178301811218
Fibrous Dysplasia of Bone,hsa-mir-8080,0.26371443271636963
Squamous Intraepithelial Lesions and Cervical,hsa-miR-4456,0.2637141942977905
Noonan syndrome-like disorder with loose anagen hair,hsa-miR-4456,0.2637140154838562
Epilepsy and Rolandic,hsa-miR-4456,0.26371312141418457
Hepatitis E,mmu-miR-743a,0.2637122869491577
Erectile Dysfunction,hsa-mir-8080,0.26371222734451294
Sexual Dysfunctions and Psychological,hsa-mir-8080,0.2637103199958801
Arthritis and Juvenile,hsa-miR-4456,0.2637096643447876
Hepatic Veno-Occlusive Disease,hsa-mir-8080,0.26370710134506226
Staphylococcal Scalded Skin Syndrome,hsa-miR-4456,0.26370561122894287
Hepatolenticular Degeneration,hsa-mir-8080,0.263705313205719
Gynatresia,hsa-miR-4456,0.263705313205719
Diabetic Retinopathy ,hsa-miR-4456,0.26370519399642944
Obesity and Osteosarcopenic,mmu-miR-743a,0.26370471715927124
Depressive Disorder,hsa-miR-4456,0.26370298862457275
Hypertension and Renal,mmu-miR-743a,0.2637001872062683
Endodermal Sinus Tumor,hsa-mir-8080,0.2637001872062683
Glycogen Storage Disease Type VI,hsa-miR-4456,0.263699471950531
Large Artery  Atherosclerosis,hsa-mir-8080,0.263698935508728
Hip Dislocation and Congenital,hsa-mir-8080,0.26369768381118774
Adenomatous Polyposis Coli,hsa-miR-4456,0.26369762420654297
Thyroid Carcinoma and Anaplastic,hsa-miR-4456,0.26369720697402954
Fluorosis and Dental,mmu-miR-743a,0.26369708776474
Arteriosclerosis Obliterans,mmu-miR-743a,0.26369619369506836
Leukemia and Myeloid,hsa-miR-4456,0.2636960744857788
Intracranial Arteriovenous Malformations,hsa-mir-8080,0.26369553804397583
Bronchopneumonia,hsa-mir-8080,0.2636936902999878
Synucleinopathies,hsa-miR-4456,0.2636924386024475
Immune System Diseases,mmu-miR-743a,0.2636922597885132
Coronavirus Infections,mmu-miR-743a,0.2636914849281311
Brain Ischemia and Acute,hsa-miR-4456,0.2636904716491699
Leukemia and Large Granular Lymphocytic,hsa-miR-4456,0.26369035243988037
Liver Failure and Acute,hsa-mir-8080,0.2636902928352356
non-alcoholic fatty liver,mmu-miR-743a,0.2636898159980774
Pars Planitis,hsa-miR-4456,0.2636888027191162
Polycythemia Vera,hsa-miR-4456,0.26368850469589233
Hair Diseases,hsa-mir-8080,0.2636880874633789
vulva squamous cell carcinoma,hsa-mir-8080,0.2636873126029968
Sexually Transmitted Diseases and Viral,mmu-miR-743a,0.2636868357658386
Pheochromocytoma,mmu-miR-743a,0.26368099451065063
Cerebral Hemorrhage,hsa-miR-4456,0.26367998123168945
Polycythemia,hsa-mir-8080,0.2636786103248596
Sarcopenia,mmu-miR-743a,0.26367801427841187
Rotavirus Infections,mmu-miR-743a,0.26367777585983276
Acrodermatitis enteropathica,hsa-mir-8080,0.2636764645576477
Lipodystrophy and Partial and Acquired,hsa-mir-8080,0.26367563009262085
Leukokeratosis and Hereditary Mucosal,hsa-miR-4456,0.2636752128601074
Asymptomatic Infections,hsa-mir-8080,0.26367366313934326
Meningitis and Bacterial,hsa-miR-4456,0.2636726498603821
Bipolar Disorder,mmu-miR-743a,0.2636721134185791
arthrogryposis and renal dysfunction and and cholestasis 1,hsa-miR-4456,0.263671875
Familial primary gastric lymphoma,hsa-miR-4456,0.2636706233024597
Altitude Sickness,hsa-miR-4456,0.2636704444885254
recessive dystrophic epidermolysis bullosa,hsa-miR-4456,0.2636701464653015
Foot Ulcer,mmu-miR-743a,0.2636694312095642
Hypogonadism,mmu-miR-743a,0.26366788148880005
Atrial Dilatation,hsa-mir-8080,0.2636643648147583
Cerebral Infarction and Acute,mmu-miR-743a,0.2636604905128479
Hypocalciuric hypercalcemia and familial and type 1,hsa-miR-4456,0.2636595368385315
Tourette Syndrome,hsa-mir-8080,0.26365941762924194
Olfaction Disorders,mmu-miR-743a,0.2636592984199524
Sexually Transmitted Diseases,mmu-miR-743a,0.2636590600013733
late onset Parkinson's disease,hsa-mir-8080,0.26365751028060913
Ventricular Dysfunction and Left,hsa-miR-4456,0.2636570334434509
Leg Ulcer,hsa-miR-4456,0.2636563777923584
Osteomyelitis,mmu-miR-743a,0.2636542320251465
Virus Diseases,hsa-miR-4456,0.2636513113975525
adhesions of uterus,hsa-mir-8080,0.2636510729789734
Cardiovascular And   Cerebrovascular Diseases,mmu-miR-743a,0.26365095376968384
Enterocolitis and Pseudomembranous,hsa-miR-4456,0.26364970207214355
Interstitial Fibrosis and Renal,hsa-miR-4456,0.26364946365356445
Oculocutaneous Albinism Type 3,mmu-miR-743a,0.2636485695838928
Ichthyosis and Lamellar,mmu-miR-743a,0.26364582777023315
Respiratory Distress Syndrome and Newborn,hsa-mir-8080,0.2636455297470093
Facial Nerve Diseases,hsa-mir-8080,0.26364535093307495
Stiff-Person Syndrome,hsa-miR-4456,0.26364409923553467
Opioid-Related Disorders,hsa-mir-8080,0.2636440396308899
Thyroid Diseases,hsa-miR-4456,0.2636406421661377
Delayed Graft Function,hsa-mir-8080,0.26364046335220337
Arthritis and Gouty,mmu-miR-743a,0.2636393904685974
Prostatitis and Chronic,hsa-mir-8080,0.26363807916641235
Hepatoblastoma,hsa-mir-8080,0.2636364698410034
Thymus Neoplasms,hsa-mir-8080,0.2636362910270691
Depression and Post Stroke,mmu-miR-743a,0.2636341452598572
Renal Tubular Oxidative Injury,hsa-miR-4456,0.2636333703994751
Myasthenia Gravis with Thymus Hyperplasia,hsa-miR-4456,0.2636328935623169
Idiopathic Condylar Resorption,hsa-mir-8080,0.2636319398880005
Intracranial Arterial Diseases,mmu-miR-743a,0.2636297345161438
Liver Failure and Acute,mmu-miR-743a,0.26362717151641846
Lichen Sclerosus et Atrophicus,mmu-miR-743a,0.2636259198188782
Hair Diseases,mmu-miR-743a,0.2636250853538513
Extra-Hepatic Portal Venous  Obstruction ,hsa-mir-8080,0.2636202573776245
Prosthesis Failure,mmu-miR-743a,0.2636191248893738
Trophoblastic Neoplasms,mmu-miR-743a,0.26361769437789917
Syphilis and secondary,mmu-miR-743a,0.26361727714538574
Diabetes Of The Exocrine Pancreas ,mmu-miR-743a,0.2636127471923828
Sleep Initiation and Maintenance Disorders,hsa-miR-4456,0.2636096477508545
Cholestasis and Intrahepatic,mmu-miR-743a,0.2636096477508545
Suppuration,mmu-miR-743a,0.26360881328582764
Hydrocephalus,hsa-mir-8080,0.26360732316970825
Rectal Prolapse,mmu-miR-743a,0.26360583305358887
Heart Injuries,mmu-miR-743a,0.26360219717025757
Allograft Rejection and Antibody-Mediated,mmu-miR-743a,0.2635975480079651
Nijmegen Breakage Syndrome,hsa-mir-8080,0.2635974884033203
Murine Acquired Immunodeficiency Syndrome,hsa-miR-4456,0.2635929584503174
Multiple Trauma,hsa-mir-8080,0.26358896493911743
Neoplasm Metastasis,mmu-miR-743a,0.26358580589294434
Respiratory Distress Syndrome and Newborn,mmu-miR-743a,0.2635825276374817
Prion Diseases,mmu-miR-743a,0.2635813355445862
Neurosyphilis,hsa-mir-8080,0.26358067989349365
Acute Pulmonary Embolism,hsa-mir-8080,0.2635801434516907
Leukemia and Myeloid and Accelerated Phase,mmu-miR-743a,0.2635801434516907
Legg-Calve-Perthes Disease,hsa-mir-8080,0.26357853412628174
Community-Acquired Pneumonia,hsa-miR-4456,0.2635764479637146
Carcinogenesis,hsa-mir-8080,0.26357388496398926
Aphasia and Primary Progressive,hsa-mir-8080,0.2635723352432251
Hyperandrogenism,mmu-miR-743a,0.2635713219642639
Encephalomyelitis and Acute Disseminated,mmu-miR-743a,0.26356983184814453
Idiopathic Condylar Resorption,mmu-miR-743a,0.2635689973831177
Hand and Foot and Mouth Disease,hsa-mir-8080,0.26356738805770874
Hallux Valgus,hsa-mir-8080,0.2635672092437744
Hypersensitivity and Immediate,hsa-mir-8080,0.263563334941864
Pica,mmu-miR-743a,0.26356321573257446
Duodenal Ulcer,mmu-miR-743a,0.2635619044303894
Alcohol Withdrawal Delirium,hsa-mir-8080,0.2635616064071655
Placental Insufficiency,hsa-mir-8080,0.26355940103530884
Extra-Hepatic Portal Venous  Obstruction ,mmu-miR-743a,0.26355719566345215
Zika virus congenital syndrome,hsa-mir-8080,0.2635571360588074
Coronary Stenosis,mmu-miR-743a,0.2635539174079895
Hyperplasia,hsa-mir-8080,0.2635529041290283
Brucellosis and Bovine,mmu-miR-743a,0.2635502219200134
Thrombotic Stroke,hsa-mir-8080,0.2635475993156433
Sleep Deprivation,mmu-miR-743a,0.263546884059906
Psychotic Disorders,hsa-mir-8080,0.26354026794433594
FG syndrome,hsa-mir-8080,0.26353806257247925
Intestinal Diseases,hsa-mir-8080,0.2635344862937927
Microvascular Rarefaction,hsa-mir-8080,0.2635330557823181
Osteoporosis and Postmenopausal,hsa-mir-8080,0.2635294795036316
Pituitary Diseases,hsa-mir-8080,0.26352864503860474
Meier-Gorlin syndrome,hsa-mir-8080,0.2635284662246704
Meningitis and Fungal,mmu-miR-743a,0.26352763175964355
Fissure in Ano,hsa-mir-8080,0.2635262608528137
Multiple Trauma,mmu-miR-743a,0.26352596282958984
"Muscular Atrophy, Spinal",mmu-miR-743a,0.26352113485336304
Muscular Diseases,mmu-miR-743a,0.26352083683013916
Malaria and Vivax,hsa-mir-8080,0.26352065801620483
Ankle Fractures,hsa-mir-8080,0.2635137438774109
Papilloma and Choroid Plexus,hsa-mir-8080,0.26351016759872437
Sarcoidosis and Pulmonary,hsa-mir-8080,0.26350831985473633
Fragile X Syndrome,hsa-mir-8080,0.2635076642036438
Atrial Myosins,hsa-mir-8080,0.2634992003440857
Coronary Artery  Disease,hsa-mir-8080,0.2634921073913574
rippling muscle disease 1,hsa-mir-8080,0.26349079608917236
Hyperplasia,mmu-miR-743a,0.26348990201950073
Bisphosphonate-Associated Osteonecrosis of the Jaw,hsa-mir-8080,0.2634860873222351
Liver Failure,hsa-mir-8080,0.26348572969436646
Bacterial Infections,hsa-mir-8080,0.2634856700897217
Hemangioma,hsa-mir-8080,0.26348549127578735
Hyperinsulinism,hsa-mir-8080,0.2634848356246948
Thrombotic Stroke,mmu-miR-743a,0.26348453760147095
Hyperlipoproteinemia Type II,hsa-mir-8080,0.2634841203689575
Vulvar Neoplasms,hsa-mir-8080,0.2634825110435486
Cardiomyopathy dilated with woolly hair and keratoderma,hsa-mir-8080,0.2634795904159546
Brain Injuries and Traumatic,hsa-mir-8080,0.2634775638580322
Hypertrophy and Right Ventricular,mmu-miR-743a,0.263475239276886
Respiration Disorders and Infant,hsa-mir-8080,0.2634734511375427
Hidradenitis Suppurativa,mmu-miR-743a,0.2634729743003845
Chronic recurrent multifocal osteomyelitis,hsa-mir-8080,0.2634725570678711
Lymphoma and Natural   Killer/T-Cell,hsa-mir-8080,0.26347190141677856
Intestinal Neoplasms,hsa-mir-8080,0.2634700536727905
Ear Diseases,mmu-miR-743a,0.26346874237060547
Gastric And Colon Cancer,hsa-mir-8080,0.2634684443473816
hyper IgE recurrent infection syndrome 2,hsa-mir-8080,0.26346635818481445
Autistic Disorder,hsa-mir-8080,0.26346635818481445
Diastrophic dysplasia,hsa-mir-8080,0.2634661793708801
Alveolar Bone Loss,hsa-mir-8080,0.2634660601615906
gastric cardia adenocarcinoma,hsa-mir-8080,0.2634657621383667
Long Term Adverse Effects,hsa-mir-8080,0.2634645104408264
Barrett Esophagus,hsa-mir-8080,0.2634633183479309
Bk Virus Infections,mmu-miR-743a,0.26346248388290405
Frontonasal dysplasia,hsa-mir-8080,0.263460636138916
esophageal carcinoma,hsa-mir-8080,0.2634583115577698
Intracranial  Aneurysm,mmu-miR-743a,0.26345813274383545
Lissencephaly,hsa-mir-8080,0.26345568895339966
Cervical Cancer and Hpv Infected,mmu-miR-743a,0.2634553909301758
Neovascularization and Pathologic,mmu-miR-743a,0.2634546160697937
Hypertensive  Disorder Complicating Pregnancy,hsa-mir-8080,0.2634527087211609
Venous Thromboembolism,mmu-miR-743a,0.2634526491165161
Mycobacterium Infections and Nontuberculous,mmu-miR-743a,0.2634514570236206
Keratitis and Herpetic,hsa-mir-8080,0.263447642326355
 Equine Hepacivirus Infections,hsa-mir-8080,0.26344501972198486
Vascular Remodeling,hsa-mir-8080,0.26344501972198486
Neuropathic Lysosomal Storage Diseases,hsa-mir-8080,0.26344311237335205
Respiratory Syncytial Virus Infections,hsa-mir-8080,0.2634415626525879
Nephrosclerosis,hsa-mir-8080,0.2634395360946655
Colitis and Ulcerative,hsa-mir-8080,0.2634390592575073
Enterocolitis,mmu-miR-743a,0.2634362578392029
Turcot syndrome,mmu-miR-743a,0.26343560218811035
Splenic Diseases,mmu-miR-743a,0.26343512535095215
Peritoneal Hyalinizing Vasculopathy,mmu-miR-743a,0.26343363523483276
Helicobacter pylori,mmu-miR-743a,0.26343321800231934
Cyprinid Herpesvirus 3,hsa-mir-8080,0.2634314298629761
Infant and Newborn and Diseases,hsa-mir-8080,0.2634313106536865
Multiple Pulmonary Nodules,mmu-miR-743a,0.2634294629096985
Coronary Artery  Disease,mmu-miR-743a,0.26342910528182983
Folliculotropic Mycosis Fungoides,hsa-mir-8080,0.26342910528182983
Nephrosis and Lipoid,hsa-mir-8080,0.26342904567718506
Pleural Effusion and Malignant,hsa-mir-8080,0.26342833042144775
Acute Lymphocytic Leukemia and B-Cell,hsa-mir-8080,0.2634277939796448
Ectrodactyly-cleft lip-palate syndrome,mmu-miR-743a,0.26342618465423584
salivary gland mucoepidermoid carcinoma,hsa-mir-8080,0.2634260058403015
Pulmonary edema of mountaineers,mmu-miR-743a,0.2634246349334717
Fibrosarcoma,hsa-mir-8080,0.2634240984916687
Acute Aortic   Dissection,mmu-miR-743a,0.2634238004684448
Movement Disorders,mmu-miR-743a,0.26342254877090454
Osteoarthritis and Spine,hsa-mir-8080,0.26342225074768066
Primary Central Nervous System Lymphoma,mmu-miR-743a,0.2634211778640747
Hyperlipoproteinemia Type II,mmu-miR-743a,0.26342105865478516
Gastritis and Hypertrophic,hsa-mir-8080,0.26341646909713745
MPTP Poisoning,hsa-mir-8080,0.2634150981903076
Neurofibromatosis 2,hsa-mir-8080,0.26341497898101807
Bone Neoplasms,hsa-mir-8080,0.26341384649276733
Liver Cirrhosis and Hepatitis Virus B-Related,mmu-miR-743a,0.26341384649276733
Brain Infarction,mmu-miR-743a,0.263413667678833
Clubfoot,mmu-miR-743a,0.2634130120277405
Oral Ulcer,hsa-mir-8080,0.2634117007255554
Angelman Syndrome,hsa-mir-8080,0.26341158151626587
Choroidal Melanoma,hsa-mir-8080,0.2634114623069763
Glomus Tumor,hsa-mir-8080,0.2634110450744629
Lymphoproliferative Disorders,hsa-mir-8080,0.26341068744659424
Peripheral Blood Leukocytes,hsa-mir-8080,0.26340997219085693
Dwarfism,hsa-mir-8080,0.26340943574905396
Hyperostosis,mmu-miR-743a,0.2634093761444092
Exanthema,hsa-mir-8080,0.2634093761444092
Aneurysm,hsa-mir-8080,0.26340919733047485
Lymphoma and Natural   Killer/T-Cell,mmu-miR-743a,0.263408899307251
Immune-Mediated Inflammatory Diseases,hsa-mir-8080,0.2634057402610779
Leukemia and Biphenotypic and Acute,hsa-mir-8080,0.26340460777282715
Mastitis,mmu-miR-743a,0.26340407133102417
Osteoarthritis and Post-Traumatic,hsa-mir-8080,0.2634034752845764
hyper IgE recurrent infection syndrome 2,mmu-miR-743a,0.26340341567993164
Pregnancy Complications,mmu-miR-743a,0.26340341567993164
Colonic Polyps,hsa-mir-8080,0.26340317726135254
Cleidocranial Dysplasia,hsa-mir-8080,0.2634029984474182
Cerebral Infarction,mmu-miR-743a,0.26340150833129883
Long Term Adverse Effects,mmu-miR-743a,0.2634013891220093
Chromate Resistance,mmu-miR-743a,0.2634013295173645
Barrett Esophagus,mmu-miR-743a,0.2634003758430481
Tracheal Diseases,hsa-mir-8080,0.2633982300758362
AIDS Dementia Complex,hsa-mir-8080,0.2633982300758362
Cervical Intraepithelial Neoplasia,hsa-mir-8080,0.2633969783782959
Aspergillosis and Allergic Bronchopulmonary,hsa-mir-8080,0.26339638233184814
Marfan Syndrome,mmu-miR-743a,0.26339566707611084
Kidney Failure and Chronic,mmu-miR-743a,0.26339471340179443
Digitorenocerebral Syndrome,mmu-miR-743a,0.26339268684387207
Chronic Disease,hsa-mir-8080,0.26339221000671387
Polythelia and Familial,mmu-miR-743a,0.2633906602859497
Aneuploidy,hsa-mir-8080,0.2633902430534363
mucinous cystadenocarcinoma of pancreas,hsa-mir-8080,0.2633892297744751
Brain Damage and Chronic,hsa-mir-8080,0.2633892297744751
Polycythemia and High Altitude,mmu-miR-743a,0.26338815689086914
Tembusu virus,mmu-miR-743a,0.2633877396583557
Encephalomyelitis and Enzootic Porcine,hsa-mir-8080,0.2633870840072632
Carcinoma and Small Cell,mmu-miR-743a,0.2633858323097229
Rhinitis and Allergic,mmu-miR-743a,0.26338571310043335
Gastric Intestinal   Metaplasia,hsa-mir-8080,0.26338499784469604
Collagen Diseases,mmu-miR-743a,0.2633848786354065
Multiple Sclerosis and Chronic Progressive,hsa-mir-8080,0.2633841037750244
Myopia,mmu-miR-743a,0.2633838653564453
Hirschsprung Disease,mmu-miR-743a,0.2633822560310364
Lesch-Nyhan Syndrome,mmu-miR-743a,0.2633819580078125
Hyperparathyroidism and Primary,hsa-mir-8080,0.2633805274963379
Mitral Valve Insufficiency,mmu-miR-743a,0.2633788585662842
Larva Migrans and Visceral,mmu-miR-743a,0.2633780241012573
Salpingitis,mmu-miR-743a,0.26337748765945435
Nephrosclerosis,mmu-miR-743a,0.26337653398513794
Cerebral Hemorrhage and Spontaneous,mmu-miR-743a,0.26337558031082153
Environmental Illness,hsa-mir-8080,0.2633754014968872
Hypoxia-Ischemia and Brain,mmu-miR-743a,0.2633715271949768
Sick Sinus Syndrome,mmu-miR-743a,0.2633713483810425
Growth Disorders,hsa-mir-8080,0.2633708715438843
Hyperkalemia,hsa-mir-8080,0.2633705735206604
Dmd-Associated Dilated Cardiomyopathy,hsa-mir-8080,0.26337045431137085
Elliptocytosis 2,hsa-mir-8080,0.263370156288147
Subarachnoid Hemorrhage,mmu-miR-743a,0.2633695602416992
Mite Infestations,hsa-mir-8080,0.2633689045906067
Acne Vulgaris,mmu-miR-743a,0.2633686065673828
Brachial Plexus Injury,hsa-mir-8080,0.26336854696273804
Chordoma,mmu-miR-743a,0.26336801052093506
Rolandic Epilepsy and Mental Retardation and and Speech Dyspraxia and X-Linked,mmu-miR-743a,0.2633668780326843
Multiple Organ Failure,mmu-miR-743a,0.26336681842803955
Arrest of spermatogenesis,mmu-miR-743a,0.26336669921875
Nephrosis and Lipoid,mmu-miR-743a,0.26336604356765747
Genital Diseases and Female,hsa-mir-8080,0.2633659243583679
Iris Diseases,hsa-mir-8080,0.2633655071258545
Pleural Effusion and Malignant,mmu-miR-743a,0.26336532831192017
Gastrinoma,mmu-miR-743a,0.2633642554283142
salivary gland mucoepidermoid carcinoma,mmu-miR-743a,0.2633630633354187
Short Stature and Idiopathic and Autosomal,hsa-mir-8080,0.26336169242858887
Leigh Disease,hsa-mir-8080,0.26335978507995605
Reperfusion Injury and Intestinal Ischemia,hsa-mir-8080,0.2633594870567322
Bone Regeneration,hsa-mir-8080,0.2633593678474426
Shock and Septic,mmu-miR-743a,0.26335930824279785
SHORT syndrome,mmu-miR-743a,0.2633587121963501
Simian Acquired Immunodeficiency Syndrome,hsa-mir-8080,0.26335859298706055
Fibrosis and Skin,mmu-miR-743a,0.263357937335968
Immunoglobulin G4-Related Disease,mmu-miR-743a,0.2633563280105591
Neoplasm and Residual,mmu-miR-743a,0.2633563280105591
Myeloproliferative Disorders,hsa-mir-8080,0.2633553743362427
Lumbosacral Spinal Root Avulsion,mmu-miR-743a,0.2633543014526367
skin melanoma,mmu-miR-743a,0.2633528709411621
Laryngeal Papilloma,hsa-mir-8080,0.26335257291793823
Alzheimer Disease ,mmu-miR-743a,0.2633518576622009
Acute  Kidney Injury,hsa-mir-8080,0.2633517384529114
Lip and Hamartomatous,mmu-miR-743a,0.26335108280181885
Palatal Neoplasms,mmu-miR-743a,0.26334720849990845
Colorectal Neoplasms and Hereditary Nonpolyposis,mmu-miR-743a,0.26334524154663086
Leptomeningeal Metastasis,hsa-mir-8080,0.26334428787231445
Central Nervous System Bacterial Infections,mmu-miR-743a,0.2633405327796936
Urinary Bladder Diseases,mmu-miR-743a,0.2633402347564697
Gynatresia,hsa-mir-8080,0.2633392810821533
Peri-Implantitis,mmu-miR-743a,0.26333731412887573
Heart Septal Defects and Atrial,mmu-miR-743a,0.2633369565010071
Tracheal Diseases,mmu-miR-743a,0.2633351683616638
Malaria and Cerebral,mmu-miR-743a,0.26333433389663696
Cervical Intraepithelial Neoplasia,mmu-miR-743a,0.2633340358734131
Aspergillosis and Allergic Bronchopulmonary,mmu-miR-743a,0.26333343982696533
Adiposis Dolorosa,hsa-mir-8080,0.2633330821990967
Leukemia and Myeloid,hsa-mir-8080,0.2633301615715027
Pancreatitis,mmu-miR-743a,0.26332521438598633
Biotinidase Deficiency,mmu-miR-743a,0.2633233666419983
Halal syndrome,mmu-miR-743a,0.2633218765258789
von Willebrand Diseases,mmu-miR-743a,0.2633216381072998
Pelvic Floor Disorders,mmu-miR-743a,0.26332104206085205
DNA Repair-Deficiency Disorders,mmu-miR-743a,0.2633196711540222
Rectal Neoplasms,mmu-miR-743a,0.26331955194473267
Alcohol Induced Neurogenic Inflammation,mmu-miR-743a,0.2633172869682312
Thymoma,hsa-mir-8080,0.26331669092178345
Low Back Pain,mmu-miR-743a,0.26331567764282227
Prostatitis,hsa-mir-8080,0.26331543922424316
Tuberous Sclerosis 1,hsa-mir-8080,0.2633153796195984
Welander distal myopathy and Swedish type,mmu-miR-743a,0.2633132338523865
Meningitis and Bacterial,hsa-mir-8080,0.2633066177368164
Endothelial Dysfunction ,mmu-miR-743a,0.2633064389228821
Brachial Plexus Injury,mmu-miR-743a,0.2633054852485657
recessive dystrophic epidermolysis bullosa,hsa-mir-8080,0.26330411434173584
Periodontal Diseases,mmu-miR-743a,0.26330310106277466
Cystadenocarcinoma and Serous and Endometrial,hsa-mir-8080,0.2633030414581299
Chagas Cardiomyopathy,hsa-mir-8080,0.2633020281791687
rectum adenocarcinoma,mmu-miR-743a,0.2633007764816284
Microscopic Polyangiitis,mmu-miR-743a,0.26329946517944336
Heart Valve Diseases,hsa-mir-8080,0.2632986307144165
Leigh Disease,mmu-miR-743a,0.26329678297042847
Hepatopulmonary Syndrome,mmu-miR-743a,0.2632940411567688
Pediatric Obesity,hsa-mir-8080,0.26329314708709717
Dental Caries,mmu-miR-743a,0.2632930874824524
Cancer-Associated Cachexia,mmu-miR-743a,0.2632925510406494
Ventricular Dysfunction and Left,hsa-mir-8080,0.26329106092453003
Fetal Macrosomia,mmu-miR-743a,0.2632908225059509
Leg Ulcer,hsa-mir-8080,0.2632904648780823
Laryngeal Papilloma,mmu-miR-743a,0.26328957080841064
Meniere Disease,mmu-miR-743a,0.26328128576278687
Arthritis and Juvenile,mmu-miR-743a,0.2632806897163391
Eosinophilic enteropathy,mmu-miR-743a,0.26328009366989136
Craniofacial Abnormalities,mmu-miR-743a,0.2632791996002197
Peptic Ulcer,hsa-mir-8080,0.26327913999557495
Human Herpesvirus 6 encephalitis,mmu-miR-743a,0.26327836513519287
Stiff-Person Syndrome,hsa-mir-8080,0.26327818632125854
Gynatresia,mmu-miR-743a,0.2632763385772705
Scleral Diseases,hsa-miR-3653-3p,0.26327627897262573
primary biliary cholangitis 1,mmu-miR-743a,0.26327621936798096
Fibrous Dysplasia and Polyostotic,mmu-miR-743a,0.2632761001586914
Thyroid Diseases,hsa-mir-8080,0.2632747292518616
Depressive Disorder,mmu-miR-743a,0.26327407360076904
Neurodevelopmental Disorders,hsa-mir-8080,0.26327139139175415
Exfoliation Syndrome,hsa-miR-4439,0.263269305229187
Blood Coagulation Disorders,mmu-miR-743a,0.26326799392700195
Leukemia and Myeloid,mmu-miR-743a,0.2632670998573303
Myasthenia Gravis with Thymus Hyperplasia,hsa-mir-8080,0.263266921043396
Laron Syndrome,hsa-mir-8080,0.26326364278793335
Synucleinopathies,mmu-miR-743a,0.2632635235786438
Liver Diseases and Alcoholic,hsa-mir-8080,0.26326191425323486
Malnutrition,mmu-miR-743a,0.2632618546485901
Leukemia and Large Granular Lymphocytic,mmu-miR-743a,0.2632613182067871
Hematoma and Subdural and Chronic,mmu-miR-743a,0.2632609009742737
Norrie disease,mmu-miR-743a,0.2632609009742737
Hyperpigmentation and Skin,mmu-miR-743a,0.26326048374176025
Vitamin D Deficiency,mmu-miR-743a,0.2632582187652588
Moebius syndrome 1,mmu-miR-743a,0.2632565498352051
common variable immunodeficiency 2,hsa-mir-8080,0.26325464248657227
Cholecystitis,mmu-miR-743a,0.2632511854171753
Hemorrhagic Fever and Ebola,hsa-mir-8080,0.263247549533844
Meningitis and Bacterial,mmu-miR-743a,0.2632436156272888
sporatic amyotrophic lateral sclerosis,mmu-miR-743a,0.2632324695587158
Murine Acquired Immunodeficiency Syndrome,hsa-mir-8080,0.2632269859313965
Chronic Pain,mmu-miR-743a,0.2632265090942383
Pediatric Cystic Fibrosis,mmu-miR-743a,0.26322489976882935
Enterocolitis and Pseudomembranous,mmu-miR-743a,0.2632206678390503
Spinal muscular atrophy with respiratory distress 1,mmu-miR-743a,0.26315003633499146
Lung Diseases and Interstitial,hsa-miR-4443,0.26307034492492676
Alopecia Areata,hsa-miR-4443,0.2630575895309448
Periapical Diseases,hsa-miR-4443,0.2630569338798523
Alveolar echinococcosis,hsa-miR-4443,0.2630535960197449
Amelogenesis Imperfecta,hsa-miR-4443,0.26304924488067627
Myotonic Disorders,hsa-miR-4443,0.2630455493927002
Condylomata Acuminata,hsa-miR-4443,0.2630375623703003
Cystoid Macular Edema and Diabetic,hsa-miR-4443,0.26303189992904663
Hepatitis E,hsa-miR-4443,0.26302868127822876
Vesicular Stomatitis,hsa-miR-4443,0.26302140951156616
spondyloepimetaphyseal dysplasia and Strudwick type,hsa-miR-4443,0.26302069425582886
Rectal Injury,hsa-miR-4443,0.2630186676979065
Hypertension and Renal,hsa-miR-4443,0.2630164623260498
Neoplastic Cells and Circulating,hsa-miR-4443,0.26301461458206177
Reperfusion Injury and Testicular Ischemia,hsa-miR-3653-3p,0.26301443576812744
Arteriosclerosis Obliterans,hsa-miR-4443,0.2630124092102051
Kidney Diseases and Cystic,hsa-miR-4443,0.26301002502441406
Coronavirus Infections,hsa-miR-4443,0.26300764083862305
Paget Disease and Extramammary,hsa-miR-4443,0.2630038261413574
Tongue Neoplasms,hsa-miR-4443,0.26299750804901123
Intracranial Aneurysm,hsa-miR-4443,0.2629971504211426
Upper Tract Urothelial Carcinoma,hsa-miR-4443,0.2629968523979187
Lung Carcinoid,hsa-miR-4443,0.2629953622817993
Rectal Diseases,hsa-miR-4443,0.26299530267715454
Rotavirus Infections,hsa-miR-4443,0.26299405097961426
Muscular Atrophy and Spinal,hsa-miR-4443,0.26298731565475464
White Dot Syndromes,hsa-miR-4443,0.26298654079437256
Foot Ulcer,hsa-miR-4443,0.2629856467247009
Smooth Muscle Tumor,hsa-miR-4443,0.2629815340042114
Cerebral Infarction and Acute,hsa-miR-4443,0.2629767656326294
Olfaction Disorders,hsa-miR-4443,0.2629755139350891
obstructive nephropathy,hsa-miR-4443,0.26297539472579956
Incontinentia Pigmenti,hsa-miR-4443,0.26297223567962646
Fibrous Dysplasia of Bone,hsa-miR-4443,0.26296770572662354
HTLV-II Infections,hsa-miR-4443,0.2629576325416565
Fibromatosis and Aggressive,hsa-miR-4443,0.26295405626296997
Hip Dislocation and Congenital,hsa-miR-4443,0.26295095682144165
Liver Failure and Acute,hsa-miR-4443,0.2629435062408447
Hemangioma and Cavernous,hsa-miR-4443,0.262942373752594
Cerebral Small Vessel Diseases,hsa-miR-4443,0.262942373752594
Schopf-Schulz-Passarge Syndrome,hsa-miR-4443,0.26293933391571045
Tooth Diseases,hsa-miR-4443,0.26293426752090454
hyperekplexia 1,hsa-miR-4443,0.2629331350326538
Darier Disease,hsa-miR-4443,0.26293236017227173
Pigmentation Disorders,hsa-miR-4443,0.26293206214904785
gastric adenocarcinoma,hsa-miR-4443,0.2629317045211792
Leukemia and Monocytic and Acute,hsa-miR-4443,0.2629314064979553
Hyperphosphatemia,hsa-miR-4443,0.26293128728866577
Diabetes Of The Exocrine Pancreas ,hsa-miR-4443,0.2629290223121643
Oophoritis,hsa-miR-4443,0.2629261016845703
Platelet Storage Pool Deficiency,hsa-miR-4443,0.2629169225692749
Epidermodysplasia Verruciformis,hsa-miR-4443,0.26291608810424805
Blast Crisis,hsa-miR-4443,0.2629142999649048
Craniosynostosis radial aplasia syndrome,hsa-miR-4443,0.2629120945930481
Thinness,hsa-miR-4443,0.26291167736053467
Rhabdomyosarcoma 1,hsa-miR-4443,0.26290613412857056
adhesions of uterus,hsa-miR-4443,0.2629042863845825
Mycobacterium avium-intracellulare Infection,hsa-miR-4443,0.26290297508239746
Leukemia and Myeloid and Accelerated Phase,hsa-miR-4443,0.26289647817611694
Thymus Neoplasms,hsa-miR-4443,0.2628896236419678
Idiopathic Condylar Resorption,hsa-miR-4443,0.26288527250289917
Duodenal Ulcer,hsa-miR-4443,0.2628782391548157
Microphthalmos,hsa-miR-4443,0.26287275552749634
Sleep Deprivation,hsa-miR-4443,0.2628632187843323
Lumbar Radicular Pain,hsa-miR-4443,0.2628614902496338
Breast Neoplasms and Basal Cell,hsa-miR-4443,0.26284343004226685
Muscular Diseases,hsa-miR-4443,0.26283717155456543
Graves Ophthalmopathy,hsa-miR-4443,0.2628364562988281
Carcinoma and Basal Cell and Skin,hsa-miR-4443,0.2628360390663147
Neurosyphilis,hsa-miR-4443,0.26283401250839233
Acute Pulmonary Embolism,hsa-miR-4443,0.26283347606658936
Hand and Foot and Mouth Disease,hsa-miR-4443,0.2628207206726074
Spinal Cord Diseases,hsa-miR-4443,0.26281511783599854
Reperfusion Injury and Testicular Ischemia,hsa-miR-3156-5p,0.2628147602081299
Nonsyndromic sensorineural hearing loss,hsa-miR-4443,0.2628135085105896
Weight Loss,hsa-miR-4443,0.26280587911605835
Nervous Necrosis Virus Infectious,hsa-miR-4443,0.262803316116333
Adenocarcinoma and Sebaceous and Ocular,hsa-miR-4443,0.26279932260513306
Maxillary Sinusitis,hsa-miR-4443,0.26279711723327637
Reflex Sympathetic Dystrophy,hsa-miR-4443,0.26279520988464355
Carcinoma and Merkel Cell,hsa-miR-4443,0.2627948522567749
Hypertrophy and Right Ventricular,hsa-miR-4443,0.2627915143966675
Osteoporosis and Postmenopausal,hsa-miR-4443,0.2627828121185303
Toxoplasmosis and Ocular,hsa-miR-4443,0.26278209686279297
Sciatica,hsa-miR-4443,0.26278090476989746
Bk Virus Infections,hsa-miR-4443,0.26277875900268555
cone-rod dystrophy 6,hsa-miR-4443,0.262778103351593
Cervical Cancer and Hpv Infected,hsa-miR-4443,0.2627716660499573
Venous Thromboembolism,hsa-miR-4443,0.26276880502700806
Osteoporotic Fractures,hsa-miR-4443,0.26276808977127075
Mycobacterium Infections and Nontuberculous,hsa-miR-4443,0.26276761293411255
Colon   Adenocarcinoma,hsa-miR-4443,0.26276254653930664
Sarcoidosis and Pulmonary,hsa-miR-4443,0.26276159286499023
Neointimal   Hyperplasia,hsa-miR-4443,0.26275742053985596
Urothelial   Carcinoma,hsa-miR-4443,0.26275634765625
Vascular Calcification,hsa-miR-4443,0.26275378465652466
Bone Pain,hsa-miR-4443,0.2627526521682739
Mesothelioma and Malignant and Pleural,hsa-miR-4443,0.26275044679641724
Melanoma and Experimental,hsa-miR-4443,0.2627493143081665
Bronchial Hyperreactivity,hsa-miR-4443,0.2627487778663635
rippling muscle disease 1,hsa-miR-4443,0.26274406909942627
Aortic Aneurysm,hsa-miR-4443,0.26274025440216064
Acute Aortic   Dissection,hsa-miR-4443,0.2627401351928711
Liver Failure,hsa-miR-4443,0.26273900270462036
Hemangioma,hsa-miR-4443,0.26273882389068604
Primary Central Nervous System Lymphoma,hsa-miR-4443,0.262737512588501
Reinjuries,hsa-miR-4443,0.262737512588501
Hyperlipoproteinemia Type II,hsa-miR-4443,0.2627372741699219
Sensory ataxic neuropathy and dysarthria and and ophthalmoparesis,hsa-miR-4443,0.26273679733276367
Vulvar Neoplasms,hsa-miR-4443,0.2627357244491577
Cushing Syndrome,hsa-miR-4443,0.26273322105407715
Endotoxemia,hsa-miR-4443,0.2627300024032593
External Auditory Canal Squamous Cell Carcinoma,hsa-miR-4443,0.2627277374267578
Hyperostosis,hsa-miR-4443,0.2627256512641907
Nager acrofacial dysostosis,hsa-miR-4443,0.2627241611480713
Lacrimal Adenoid   Cystic Carcinoma,hsa-miR-4443,0.2627239227294922
Disorders of Excessive Somnolence,hsa-miR-4443,0.26272183656692505
Gastric And Colon Cancer,hsa-miR-4443,0.2627217173576355
hyper IgE recurrent infection syndrome 2,hsa-miR-4443,0.26271963119506836
Autistic Disorder,hsa-miR-4443,0.26271963119506836
Marfan Syndrome,hsa-miR-4443,0.26271194219589233
Hereditary pancreatitis,hsa-miR-4443,0.26270991563796997
Lissencephaly,hsa-miR-4443,0.2627089023590088
Retinal Dystrophies,hsa-miR-4443,0.262708842754364
Small Cell Lung Carcinoma,hsa-miR-4443,0.26270800828933716
Phenylketonurias,hsa-miR-4443,0.26270753145217896
Gastric   Cancer,hsa-miR-4443,0.26270705461502075
Hypertensive  Disorder Complicating Pregnancy,hsa-miR-4443,0.26270592212677
Adenocarcinoma,hsa-miR-4443,0.2627055048942566
Yellow Nail Syndrome,hsa-miR-4443,0.2627052068710327
Shock and Hemorrhagic,hsa-miR-4443,0.2627052068710327
Takayasu Arteritis,hsa-miR-4443,0.2627040147781372
Tembusu virus,hsa-miR-4443,0.2627040147781372
Substance Abuse and Intravenous,hsa-miR-4443,0.26270151138305664
Cachexia,hsa-miR-4443,0.262701153755188
Myopia,hsa-miR-4443,0.26270002126693726
Atrial Premature Complexes,hsa-miR-4443,0.26269906759262085
Congenital central hypoventilation syndrome,hsa-miR-4443,0.26269853115081787
Teratoid Rhabdoid Tumor and Atypical,hsa-miR-4443,0.2626984119415283
Vascular Remodeling,hsa-miR-4443,0.262698233127594
Lesch-Nyhan Syndrome,hsa-miR-4443,0.26269811391830444
ACTH-independent macronodular adrenal hyperplasia,hsa-miR-4443,0.2626965641975403
Mitral Valve Insufficiency,hsa-miR-4443,0.2626950144767761
Bronchiolitis Obliterans,hsa-miR-4443,0.2626936435699463
Rhinitis and Allergic and Seasonal,hsa-miR-4443,0.2626933455467224
Nephrosclerosis,hsa-miR-4443,0.26269274950027466
Amyloidosis,hsa-miR-4459,0.2626919150352478
Cerebral Hemorrhage and Spontaneous,hsa-miR-4443,0.262691855430603
Depression and Postpartum,hsa-miR-4443,0.26269078254699707
Pyruvate Kinase Deficiency of Red Cells,hsa-miR-4443,0.2626901865005493
Langer mesomelic dysplasia,hsa-miR-4443,0.2626860737800598
Viral Myocarditis,hsa-miR-4443,0.26268547773361206
Glaucoma,hsa-miR-4443,0.2626853585243225
Multiple Organ Failure,hsa-miR-4443,0.26268303394317627
Folliculotropic Mycosis Fungoides,hsa-miR-4443,0.26268237829208374
Telangiectasia and Hereditary Hemorrhagic,hsa-miR-4443,0.2626819610595703
Acute Lymphoblastic Leukemia and T-Cell,hsa-miR-4443,0.26268118619918823
Acute Lymphocytic Leukemia and B-Cell,hsa-miR-4443,0.2626810073852539
Spermatic Cord Torsion,hsa-miR-4443,0.2626802921295166
Microphthalmia and syndromic 2,hsa-miR-4443,0.2626796364784241
Glossitis and Benign Migratory,hsa-miR-4443,0.2626774311065674
Fibrosis and Skin,hsa-miR-4443,0.26267415285110474
Giant Cell Arteritis,hsa-miR-4443,0.26267361640930176
Cystic Fibrosis,hsa-miR-4443,0.2626728415489197
Cerebral Cortical Thinning,hsa-miR-4443,0.26266998052597046
Gastritis and Hypertrophic,hsa-miR-4443,0.26266974210739136
Hind Limb Ischemia,hsa-miR-4443,0.2626696825027466
Multicystic renal dysplasia and bilateral,hsa-miR-4443,0.26266878843307495
Hearing Disorders,hsa-miR-4443,0.26266759634017944
Bone Neoplasms,hsa-miR-4443,0.262667179107666
Vasospasm and Intracranial and Postoperative,hsa-miR-4443,0.26266539096832275
Angelman Syndrome,hsa-miR-4443,0.2626648545265198
Lymphoproliferative Disorders,hsa-miR-4443,0.26266390085220337
Palatal Neoplasms,hsa-miR-4443,0.26266342401504517
Gingivitis,hsa-miR-4443,0.2626621723175049
Parasitic Diseases,hsa-miR-4443,0.26265764236450195
Osteoarthritis and Post-Traumatic,hsa-miR-4443,0.26265662908554077
Colonic Polyps,hsa-miR-4443,0.26265645027160645
Arrhythmias and Cardiac,hsa-miR-4443,0.26265615224838257
Staphylococcal Infections,hsa-miR-4443,0.262656033039093
Ischemic Stroke and Diabetic,hsa-miR-4443,0.26265472173690796
Skeletal Muscle Dysplasia,hsa-miR-3127-5p,0.2626529932022095
Neuroectodermal Tumors and Primitive,hsa-miR-4443,0.2626507878303528
Malaria and Cerebral,hsa-miR-4443,0.26265066862106323
Cholera,hsa-miR-4443,0.2626492381095886
Carcinoma and Ductal and Breast,hsa-miR-4443,0.2626489996910095
Stanford Type A Aortic   Dissection,hsa-miR-4443,0.2626488208770752
Liver Cirrhosis and Alcoholic,hsa-miR-4443,0.2626456618309021
Chronic Disease,hsa-miR-4443,0.26264554262161255
Aneuploidy,hsa-miR-4443,0.2626435160636902
Hemoglobinopathies,hsa-miR-4443,0.2626429796218872
Osteochondromatosis,hsa-miR-4443,0.262639582157135
Thalassemia,hsa-miR-4443,0.2626388669013977
von Willebrand Diseases,hsa-miR-4443,0.2626378536224365
Multiple Sclerosis and Chronic Progressive,hsa-miR-4443,0.2626373767852783
Pelvic Floor Disorders,hsa-miR-4443,0.26263725757598877
DNA Repair-Deficiency Disorders,hsa-miR-4443,0.2626360058784485
Rectal Neoplasms,hsa-miR-4443,0.26263582706451416
Pancreatitis and Acute Necrotizing,hsa-miR-4443,0.2626345157623291
Alcohol Induced Neurogenic Inflammation,hsa-miR-4443,0.26263362169265747
Aortic Diseases,hsa-miR-4443,0.262631356716156
Alopecia Areata,hsa-miR-4459,0.2626302242279053
Sepsis Induced Liver Injury,hsa-miR-4443,0.2626301646232605
Papillon-Lefevre Disease,hsa-miR-4443,0.26262998580932617
Environmental Illness,hsa-miR-4443,0.2626286745071411
Heart Failure and Ischemic,hsa-miR-4443,0.2626270651817322
Endothelial Dysfunction ,hsa-miR-4443,0.2626226544380188
Mite Infestations,hsa-miR-4443,0.2626221179962158
Amelogenesis Imperfecta,hsa-miR-4459,0.26262181997299194
Chediak-Higashi Syndrome,hsa-miR-1244,0.26261967420578003
Genital Diseases and Female,hsa-miR-4443,0.2626191973686218
Myotonic Disorders,hsa-miR-4459,0.26261818408966064
Low Tension Glaucoma,hsa-miR-4443,0.26261788606643677
non-alcoholic steatohepatitis,hsa-miR-4459,0.26261669397354126
Meniscus Degeneration,hsa-miR-1244,0.26261651515960693
Angina and Unstable,hsa-miR-4443,0.2626137137413025
Malformations of Cortical Development,hsa-miR-4443,0.26261335611343384
Dental Caries,hsa-miR-4443,0.26260924339294434
Infant and Low Birth Weight,hsa-miR-4443,0.2626076936721802
Scleral Diseases,hsa-miR-3125,0.2626035213470459
Ethylmalonic encephalopathy,hsa-miR-4459,0.2626027464866638
Noonan syndrome-like disorder with loose anagen hair,hsa-miR-4443,0.26260125637054443
Pain and Inflammatory,hsa-miR-4443,0.2626011371612549
Bovine Virus Diarrhea-Mucosal Disease,hsa-miR-4443,0.2626010775566101
Hypertension and Pregnancy-Induced,hsa-miR-4459,0.262600302696228
Leptomeningeal Metastasis,hsa-miR-4443,0.26259756088256836
Heart Septal Defects and Ventricular,hsa-miR-4443,0.2625961899757385
Polyposis Syndrome and Hereditary Mixed and 1,hsa-miR-1244,0.2625957727432251
Ossification of Posterior Longitudinal Ligament,hsa-miR-4459,0.26259517669677734
Arm Lymphedema,hsa-miR-4443,0.26259517669677734
Human Herpesvirus 6 encephalitis,hsa-miR-4443,0.26259464025497437
Graft vs Host Disease,hsa-miR-4443,0.26259344816207886
Depressive Disorder,hsa-miR-4443,0.26259034872055054
Bone Diseases,hsa-miR-4443,0.2625887393951416
Neoplastic Cells and Circulating,hsa-miR-4459,0.26258718967437744
Glycogen Storage Disease Type VI,hsa-miR-4443,0.26258671283721924
Fluorosis and Dental,hsa-miR-4459,0.26258593797683716
Osteosarcoma and Juxtacortical,hsa-miR-4459,0.26258552074432373
Arteriosclerosis Obliterans,hsa-miR-4459,0.2625851035118103
Refractory Angina,hsa-miR-4443,0.2625848650932312
Facial Nerve Injuries,hsa-miR-4443,0.26258373260498047
Leukemia and Myeloid,hsa-miR-4443,0.2625834345817566
Kidney Diseases and Cystic,hsa-miR-4459,0.2625826597213745
Immune System Diseases,hsa-miR-4459,0.2625812292098999
thyroid gland Hurthle cell carcinoma,hsa-miR-3125,0.2625809907913208
Malnutrition,hsa-miR-4443,0.2625780701637268
Hyperpigmentation and Skin,hsa-miR-4443,0.26257675886154175
Paget Disease and Extramammary,hsa-miR-4459,0.26257646083831787
Chediak-Higashi Syndrome,hsa-miR-3125,0.26257622241973877
Sexually Transmitted Diseases and Viral,hsa-miR-4459,0.26257574558258057
Moebius syndrome 1,hsa-miR-4443,0.26257288455963135
Parkinsonian Disorders,hsa-miR-4443,0.2625725269317627
Muscular Dystrophy and Facioscapulohumeral,hsa-miR-4459,0.2625710368156433
Thymoma,hsa-miR-4443,0.26256996393203735
Dementia,hsa-miR-4459,0.2625698447227478
Acute Coronary Syndrome and Non-St  Elevation,hsa-miR-4443,0.2625632882118225
Leukokeratosis and Hereditary Mucosal,hsa-miR-4443,0.26256263256073
Upper Extremity Deep Vein Thrombosis,hsa-miR-4443,0.2625614404678345
Jaundice and Acute,hsa-miR-4443,0.2625610828399658
arthrogryposis and renal dysfunction and and cholestasis 1,hsa-miR-4443,0.262559175491333
White Dot Syndromes,hsa-miR-4459,0.262559175491333
Demyelinating Diseases,hsa-miR-4443,0.2625575661659241
Lumbar Disc   Herniation,hsa-miR-4443,0.2625570297241211
Cystadenocarcinoma and Serous and Endometrial,hsa-miR-4443,0.2625563144683838
Heart Valve Diseases,hsa-miR-4443,0.2625519037246704
Pyloric Hypomotility,hsa-miR-4459,0.26255083084106445
Retinal Neovascularization,hsa-miR-4459,0.26255035400390625
Carotid Artery Diseases,hsa-miR-4459,0.2625496983528137
sporatic amyotrophic lateral sclerosis,hsa-miR-4443,0.2625487446784973
Hearing Loss and Unilateral,hsa-miR-4443,0.2625475525856018
Chemical and Drug Induced Liver Injury,hsa-miR-4459,0.2625458240509033
Carotid Stenosis,hsa-miR-4443,0.2625455856323242
Incontinentia Pigmenti,hsa-miR-4459,0.2625448703765869
Ventricular Dysfunction and Left,hsa-miR-4443,0.26254427433013916
Typical Teratoid Rhabdoid Tumor,hsa-miR-4443,0.26253950595855713
Adrenocortical Carcinoma and Pediatric,hsa-miR-4443,0.2625386714935303
Enterocolitis and Pseudomembranous,hsa-miR-4443,0.2625369429588318
acute myocardial infarction,hsa-miR-4443,0.2625335454940796
Peritoneal Diseases,hsa-miR-4459,0.262531578540802
Stiff-Person Syndrome,hsa-miR-4443,0.26253145933151245
Migraine Disorders,hsa-miR-4459,0.2625298500061035
Poikiloderma with Neutropenia,hsa-miR-4459,0.2625288963317871
Eclampsia,hsa-miR-4459,0.2625232934951782
Renal Tubular Oxidative Injury,hsa-miR-4443,0.2625207304954529
Multiple Chronic Conditions,hsa-miR-4459,0.2625199556350708
Lymphoma and B-Cell and Diffuse,hsa-miR-4459,0.2625141739845276
Hair Diseases,hsa-miR-4459,0.26251405477523804
Vitreoretinopathy and Proliferative,hsa-miR-4443,0.2625097632408142
common variable immunodeficiency 2,hsa-miR-4443,0.2625078558921814
Heart Failure and Systolic,hsa-miR-4459,0.26250702142715454
Darier Disease,hsa-miR-4459,0.2625049948692322
Rotator Cuff,hsa-miR-4459,0.26250410079956055
Intestinal Atresia,hsa-miR-4459,0.26250332593917847
Acrodermatitis enteropathica,hsa-miR-4459,0.2625023126602173
Bronchiectasis With Or Without Elevated Sweat Chloride 1,hsa-miR-4459,0.26250189542770386
Lipodystrophy and Partial and Acquired,hsa-miR-4459,0.26250141859054565
Hemorrhagic Fever and Ebola,hsa-miR-4443,0.2625008225440979
colon carcinoma,hsa-miR-4459,0.26249897480010986
Cholestasis and Intrahepatic,hsa-miR-4459,0.26249855756759644
Out-of-Hospital Cardiac Arrest,hsa-miR-4459,0.2624979019165039
dystonia 5,hsa-miR-4459,0.2624968886375427
Poisoning,hsa-miR-4459,0.26249223947525024
Atrial Dilatation,hsa-miR-4459,0.2624902129173279
Reperfusion Injury and Testicular Ischemia,hsa-miR-380*,0.26248878240585327
Epidermodysplasia Verruciformis,hsa-miR-4459,0.2624887228012085
Blast Crisis,hsa-miR-4459,0.26248693466186523
Craniosynostosis radial aplasia syndrome,hsa-miR-4459,0.26248466968536377
adhesions of uterus,hsa-miR-4459,0.26247692108154297
Oligospermia,hsa-miR-4459,0.26247310638427734
Siderosis,hsa-miR-4459,0.26246732473373413
Delayed Graft Function,hsa-miR-4459,0.2624663710594177
Thymus Neoplasms,hsa-miR-4459,0.2624622583389282
Stillbirth,hsa-miR-4459,0.26245611906051636
Angioedemas and Hereditary,hsa-miR-1244,0.26245415210723877
Chondrocalcinosis,hsa-miR-4459,0.2624523639678955
Pica,hsa-miR-4459,0.26245206594467163
Microphthalmos,hsa-miR-4459,0.2624453902244568
Brucellosis and Bovine,hsa-miR-4459,0.26243919134140015
Sleep Deprivation,hsa-miR-4459,0.2624358534812927
Hydrocephalus,hsa-miR-4459,0.2624332904815674
Orchitis,hsa-miR-4459,0.26242977380752563
Myeloma Bone Disease,hsa-miR-380*,0.262428879737854
Turner Syndrome,hsa-miR-4459,0.2624285817146301
Stress Disorders and Traumatic,hsa-miR-4459,0.2624204158782959
Chronic  Rhinosinusitis With Nasal Polyps,hsa-miR-380*,0.2624126076698303
Carcinoma and Basal Cell and Skin,hsa-miR-4459,0.26240867376327515
Acute Pulmonary Embolism,hsa-miR-4459,0.26240605115890503
Diminished  Ovarian Reserve,hsa-miR-3125,0.26240217685699463
immunodeficiency 35,hsa-miR-30d-3p,0.26239991188049316
Primary Gastrointestinal Diffuse Large B-Cell Lymphoma ,hsa-miR-1244,0.26239728927612305
Classical Swine Fever,hsa-miR-380*,0.2623964548110962
Hypersensitivity and Immediate,hsa-miR-4459,0.26238930225372314
Nonsyndromic sensorineural hearing loss,hsa-miR-4459,0.26238614320755005
Placental Insufficiency,hsa-miR-4459,0.2623853087425232
Focal Infection,hsa-miR-4459,0.262384295463562
Tenon Fibroblasts,hsa-miR-30d-3p,0.26238012313842773
Anterior Cruciate Ligament Injuries,hsa-miR-4459,0.2623800039291382
Hyperplasia,hsa-miR-4459,0.2623787522315979
Thrombotic Stroke,hsa-miR-4459,0.2623734474182129
Intestinal Diseases,hsa-miR-4459,0.2623603343963623
Neoplasms and Germ Cell and Embryonal,hsa-miR-4459,0.26235973834991455
Rhegmatogenous Retinal Detachment and Autosomal Dominant,hsa-miR-4459,0.26235973834991455
Microvascular Rarefaction,hsa-miR-4459,0.26235902309417725
Prethrombotic State,hsa-miR-30d-3p,0.26235437393188477
Meier-Gorlin syndrome,hsa-miR-4459,0.26235431432724
Stomatitis and Herpetic,hsa-miR-4459,0.2623496651649475
Intracranial  Aneurysm,hsa-miR-4459,0.2623470425605774
Ullrich congenital muscular dystrophy,hsa-miR-4459,0.2623467445373535
Pulmonary Eosinophilia,hsa-miR-4459,0.2623467445373535
Jaundice and Obstructive,hsa-miR-4459,0.2623453140258789
Osteoporotic Fractures,hsa-miR-4459,0.2623406648635864
Ankle Fractures,hsa-miR-4459,0.26233959197998047
Juvenile gout,hsa-miR-30d-3p,0.26233601570129395
Trypanosomiasis,hsa-miR-4459,0.2623344659805298
Sarcoidosis and Pulmonary,hsa-miR-4459,0.2623342275619507
Premature Ejaculation,hsa-miR-4459,0.2623332738876343
Mandibulofacial Dysostosis,hsa-miR-4459,0.2623329162597656
Peripheral Vascular Diseases,hsa-miR-1244,0.2623291015625
Visceral Pain,hsa-miR-1244,0.2623264789581299
Vascular Calcification,hsa-miR-4459,0.26232635974884033
Atrial Myosins,hsa-miR-4459,0.2623251676559448
Enterocolitis,hsa-miR-4459,0.2623251676559448
Splenic Diseases,hsa-miR-4459,0.2623240351676941
Mesothelioma and Malignant and Pleural,hsa-miR-4459,0.2623230814933777
Peritoneal Hyalinizing Vasculopathy,hsa-miR-4459,0.2623225450515747
Helicobacter pylori,hsa-miR-4459,0.26232218742370605
Neurofibroma and Plexiform,hsa-miR-4459,0.2623212933540344
Glima,hsa-miR-4459,0.2623178958892822
Polyomavirus Infections,hsa-miR-4459,0.262317419052124
GATA2 Deficiency,hsa-miR-4459,0.26231706142425537
rippling muscle disease 1,hsa-miR-4459,0.2623167037963867
Cardiac Complexes and Premature,hsa-miR-4459,0.26231610774993896
ovarian carcinoma,hsa-miR-4459,0.26231449842453003
Bacterial Infections,hsa-miR-4459,0.26231157779693604
Movement Disorders,hsa-miR-4459,0.2623114585876465
Tibial Neuropathy,hsa-miR-1244,0.2623109817504883
Bird Diseases,hsa-miR-4459,0.26230794191360474
Duane Retraction Syndrome,hsa-miR-4459,0.26230567693710327
Meningioma,hsa-miR-4459,0.2623041868209839
Brain Injuries and Traumatic,hsa-miR-4459,0.26230353116989136
Endotoxemia,hsa-miR-4459,0.2623026967048645
Pulmonary Edema,hsa-miR-4459,0.2623024582862854
External Auditory Canal Squamous Cell Carcinoma,hsa-miR-4459,0.26230037212371826
Chronic recurrent multifocal osteomyelitis,hsa-miR-4459,0.26229846477508545
Hyperostosis,hsa-miR-4459,0.2622982859611511
Disorders of Excessive Somnolence,hsa-miR-4459,0.2622944712638855
Graves Disease,hsa-miR-4459,0.26229405403137207
hyper IgE recurrent infection syndrome 2,hsa-miR-4459,0.2622922658920288
Alveolar Bone Loss,hsa-miR-4459,0.2622920274734497
Long Term Adverse Effects,hsa-miR-4459,0.26229023933410645
Barrett Esophagus,hsa-miR-4459,0.26228928565979004
Bone Diseases and Metabolic,hsa-miR-4459,0.2622883915901184
Heart Defects and Congenital,hsa-miR-4459,0.2622877359390259
Reperfusion Injury and Pulmonary Ischemia,hsa-miR-4459,0.2622843384742737
esophageal carcinoma,hsa-miR-4459,0.26228421926498413
Arthrogryposis and ectodermal dysplasia,hsa-miR-4459,0.26228392124176025
Kidney Failure and Chronic,hsa-miR-4459,0.2622836232185364
Digitorenocerebral Syndrome,hsa-miR-4459,0.26228153705596924
Retinal Dystrophies,hsa-miR-4459,0.2622814178466797
Lyme Disease,hsa-miR-4459,0.26227837800979614
Warburg micro syndrome 1,hsa-miR-4459,0.262276828289032
Tembusu virus,hsa-miR-4459,0.26227664947509766
Hypoplastic Left Heart Syndrome,hsa-miR-4459,0.2622763514518738
Megalencephalic leukoencephalopathy with subcortical cysts,hsa-miR-4459,0.26227545738220215
Carcinoma and Small Cell,hsa-miR-4459,0.26227474212646484
Asthma and Allergic,hsa-miR-4459,0.2622741460800171
Collagen Diseases,hsa-miR-4459,0.26227372884750366
Testicular Diseases,hsa-miR-4459,0.26227253675460815
Cleft Lip,hsa-miR-4459,0.26227253675460815
Inflammation and Post Stroke,hsa-miR-4459,0.26227033138275146
Cystitis and Interstitial,hsa-miR-4459,0.26226991415023804
ACTH-independent macronodular adrenal hyperplasia,hsa-miR-4459,0.26226913928985596
Infections,hsa-miR-4459,0.26226913928985596
Iron Metabolism Disorders,hsa-miR-4459,0.26226818561553955
Respiratory Syncytial Virus Infections,hsa-miR-4459,0.26226747035980225
Retinal Detachment,hsa-miR-4459,0.26226693391799927
Bronchiolitis Obliterans,hsa-miR-4459,0.2622663378715515
Renal Artery Obstruction,hsa-miR-1244,0.26226603984832764
Jaw Abnormalities,hsa-miR-4459,0.26226603984832764
Rhinitis and Allergic and Seasonal,hsa-miR-4459,0.26226598024368286
Nephrosclerosis,hsa-miR-4459,0.2622654438018799
Gastritis and Pediatric,hsa-miR-4459,0.26226526498794556
Cerebral Hemorrhage and Spontaneous,hsa-miR-4459,0.2622644901275635
Susac Syndrome,hsa-miR-30d-3p,0.2622644305229187
Hcv Associated Disorders,hsa-miR-4459,0.2622617483139038
familial multiple nevi flammei,hsa-miR-4459,0.2622612714767456
Kidney Transplant Rejection,hsa-miR-4459,0.26226097345352173
Abortion and Septic,hsa-miR-4459,0.2622607946395874
Leukemia and Prolymphocytic and T-Cell,hsa-miR-4459,0.26225900650024414
Subarachnoid Hemorrhage,hsa-miR-4459,0.26225847005844116
Glaucoma,hsa-miR-4459,0.26225799322128296
Cryopyrin-Associated Periodic Syndromes,hsa-miR-4459,0.26225799322128296
Prekallikrein Deficiency,hsa-miR-3125,0.2622565031051636
Arrest of spermatogenesis,hsa-miR-4459,0.26225554943084717
Cirrhotic Cardiomyopathy,hsa-miR-4459,0.26225465536117554
Telangiectasia and Hereditary Hemorrhagic,hsa-miR-4459,0.26225465536117554
Acute Lymphoblastic Leukemia and T-Cell,hsa-miR-4459,0.2622537612915039
Gastrinoma,hsa-miR-4459,0.26225316524505615
Rhabdoviridae Infections,hsa-miR-30d-3p,0.2622530460357666
Spermatic Cord Torsion,hsa-miR-4459,0.26225292682647705
Vitelliform Macular Dystrophy,hsa-miR-1244,0.26225173473358154
Thymic epithelial tumor,hsa-miR-4459,0.2622489333152771
familial febrile seizures 1,hsa-miR-4459,0.2622484564781189
Sepsis and Intensive Care Unit-Acquired,hsa-miR-3125,0.26224803924560547
High Grade Ovarian Neoplasms,hsa-miR-4459,0.26224714517593384
Giant Cell Arteritis,hsa-miR-4459,0.2622462511062622
Cystic Fibrosis,hsa-miR-4459,0.2622454762458801
Neurofibromatosis 2,hsa-miR-4459,0.2622409462928772
Alzheimer Disease ,hsa-miR-4459,0.2622407078742981
Infertility and Female,hsa-miR-4459,0.2622406482696533
Amnesia,hsa-miR-4459,0.26224035024642944
Neonatal hemochromatosis,hsa-miR-4459,0.26223891973495483
Malformations of Cortical Development and Group II,hsa-miR-4459,0.26223814487457275
Angelman Syndrome,hsa-miR-4459,0.26223742961883545
Choroidal Melanoma,hsa-miR-4459,0.26223742961883545
Glomus Tumor,hsa-miR-4459,0.2622368335723877
Exanthema,hsa-miR-4459,0.26223522424697876
Ataxia with vitamin E deficiency,hsa-miR-4459,0.26223450899124146
Hyperalgesia,hsa-miR-4459,0.2622334957122803
Prader-Willi Syndrome,hsa-miR-4459,0.262231707572937
Pain and Postoperative,hsa-miR-4459,0.2622295022010803
Arrhythmias and Cardiac,hsa-miR-4459,0.262228786945343
Heart Septal Defects and Atrial,hsa-miR-4459,0.262225866317749
AIDS Dementia Complex,hsa-miR-4459,0.26222407817840576
Neuroleptic Malignant Syndrome,hsa-miR-4459,0.2622235417366028
Neuroectodermal Tumors and Primitive,hsa-miR-4459,0.262223482131958
Hepacivirus,hsa-miR-4459,0.26222318410873413
Necrosis,hsa-miR-4459,0.26222264766693115
Chronic Gastritis,hsa-miR-4459,0.26222264766693115
Mitochondrial Diseases,hsa-miR-4459,0.26221925020217896
Liver Cirrhosis and Alcoholic,hsa-miR-4459,0.2622183561325073
Autism Spectrum Disorder,hsa-miR-4459,0.26221519708633423
Brain Damage and Chronic,hsa-miR-4459,0.26221519708633423
Inflammatory Osteolysis,hsa-miR-4459,0.2622142434120178
Ataxia Neuropathy Spectrum,hsa-miR-4459,0.26221370697021484
Encephalomyelitis and Enzootic Porcine,hsa-miR-4459,0.26221299171447754
Bone Marrow Diseases,hsa-miR-4459,0.2622120976448059
Gastric Intestinal   Metaplasia,hsa-miR-4459,0.2622108459472656
von Willebrand Diseases,hsa-miR-4459,0.26221054792404175
Multiple Sclerosis and Chronic Progressive,hsa-miR-4459,0.26221007108688354
DNA Repair-Deficiency Disorders,hsa-miR-4459,0.26220864057540894
Alcohol Induced Neurogenic Inflammation,hsa-miR-4459,0.26220619678497314
Leukemia and Megakaryoblastic and Acute,hsa-miR-4459,0.26220518350601196
Adrenal Cortex Neoplasms,hsa-miR-4459,0.26220226287841797
Autoimmune polyendocrinopathy syndrome and type 1,hsa-miR-4459,0.2622000575065613
Genital Diseases and Male,hsa-miR-4459,0.26219886541366577
Viral Respiratory Infections,hsa-miR-4459,0.2621966600418091
Dmd-Associated Dilated Cardiomyopathy,hsa-miR-4459,0.26219642162323
Femur Head Necrosis,hsa-miR-4459,0.2621951699256897
Bloom Syndrome,hsa-miR-4459,0.2621951699256897
Albuminuria,hsa-miR-4459,0.26219332218170166
rectum adenocarcinoma,hsa-miR-4459,0.26218968629837036
Transmissible Gastroenteritis,hsa-miR-30d-3p,0.2621891498565674
Simian Acquired Immunodeficiency Syndrome,hsa-miR-4459,0.26218438148498535
Corneal Diseases,hsa-miR-4459,0.2621840834617615
Dehydration,hsa-miR-4459,0.2621840238571167
ACTH Syndrome and Ectopic,hsa-miR-4459,0.2621837854385376
Post-Cardiac Arrest Syndrome,hsa-miR-4459,0.26218360662460327
Hepatopulmonary Syndrome,hsa-miR-4459,0.2621830105781555
Niemann-Pick disease type C1,hsa-miR-4459,0.2621820569038391
Dental Caries,hsa-miR-4459,0.26218193769454956
Primary Gastrointestinal Diffuse Large B-Cell Lymphoma ,hsa-miR-30d-3p,0.2621802091598511
Acute  Kidney Injury,hsa-miR-4459,0.2621777057647705
Noonan syndrome-like disorder with loose anagen hair,hsa-miR-4459,0.26217395067214966
Bone Marrow Myelofibrosis,hsa-miR-4459,0.2621728181838989
Chronic Kidney   Disease,hsa-miR-30d-3p,0.26217007637023926
Canavan Disease,hsa-miR-1244,0.2621679902076721
Human Herpesvirus 6 encephalitis,hsa-miR-4459,0.2621672749519348
Encephalitis and Tick-Borne,hsa-miR-1244,0.2621658444404602
Staphylococcal Scalded Skin Syndrome,hsa-miR-4459,0.26216554641723633
Diabetic Retinopathy ,hsa-miR-4459,0.2621650695800781
Depressive Disorder,hsa-miR-4459,0.262162983417511
Glycogen Storage Disease Type VI,hsa-miR-4459,0.2621593475341797
Synucleinopathies,hsa-miR-4459,0.26215243339538574
torsion dystonia 1,hsa-miR-4459,0.2621515989303589
Hematoma and Subdural and Chronic,hsa-miR-4459,0.2621498107910156
Hyperpigmentation and Skin,hsa-miR-4459,0.2621493935585022
Pars Planitis,hsa-miR-4459,0.2621486783027649
White Spot Syndrome Virus  Infection,hsa-miR-4459,0.26214826107025146
Venous Neointimal Hyperplasia,hsa-miR-30d-3p,0.26214438676834106
Thymoma,hsa-miR-4459,0.262142539024353
Prostatitis,hsa-miR-4459,0.2621413469314575
Cholecystitis,hsa-miR-4459,0.26214009523391724
Borna Disease,hsa-miR-4459,0.2621386647224426
Mouth Diseases,hsa-miR-30d-3p,0.262129545211792
Cystadenocarcinoma and Serous and Endometrial,hsa-miR-4459,0.26212888956069946
Chagas Cardiomyopathy,hsa-miR-4459,0.2621278762817383
Arene Oxide Detoxification Defect,hsa-miR-30d-3p,0.2621261477470398
Asthma and Chronic,hsa-miR-30d-3p,0.2621227502822876
Encephalitis and Tick-Borne,hsa-miR-3125,0.2621224522590637
Leg Ulcer,hsa-miR-4459,0.26211637258529663
Leukoplakia and Oral,hsa-miR-4459,0.26211482286453247
Peripheral Arterial Occlusive Disease 1,hsa-miR-4459,0.2621126174926758
Peripheral Vascular Diseases,hsa-miR-30d-3p,0.2621120810508728
Lymphoma and Extranodal NK-T-Cell,hsa-miR-4459,0.26210975646972656
Interstitial Fibrosis and Renal,hsa-miR-4459,0.2621093988418579
acute myocardial infarction,hsa-miR-4459,0.26210618019104004
Obstetric Labor Complications,hsa-miR-4459,0.26210618019104004
Stiff-Person Syndrome,hsa-miR-4459,0.2621040940284729
Postoperative Nausea and Vomiting,hsa-miR-4456,0.26210349798202515
Equine Infectious Anemia,hsa-miR-30d-3p,0.262101411819458
Kidney Neoplasms,hsa-miR-4459,0.26209336519241333
Lymphohistiocytosis and Hemophagocytic,hsa-miR-30d-3p,0.2620909810066223
Submandibular Gland Diseases,hsa-miR-30d-3p,0.2620905637741089
Abnormalities and Multiple,hsa-miR-4459,0.26208728551864624
Susac Syndrome,hsa-miR-30d*,0.2620779275894165
Thyroiditis and Subacute,hsa-miR-4459,0.26207631826400757
Sleep Initiation and Maintenance Disorders,hsa-miR-4459,0.26206958293914795
Murine Acquired Immunodeficiency Syndrome,hsa-miR-4459,0.26205283403396606
Vitelliform Macular Dystrophy,hsa-miR-30d-3p,0.26203453540802
Papillomavirus Infections,hsa-mir-875,0.26197296380996704
Testicular Neoplasms,hsa-miR-329-3p,0.26192528009414673
Intracranial Arteriovenous Malformations,hsa-mir-875,0.2619226574897766
Spinal Diseases,hsa-miR-329-3p,0.26191216707229614
Amebiasis,hsa-miR-329-3p,0.26190924644470215
Cholestasis and Intrahepatic,hsa-mir-875,0.26189976930618286
Short Qt Syndrome,hsa-miR-329-3p,0.2618960738182068
Allograft Rejection and Antibody-Mediated,hsa-mir-875,0.26188772916793823
Arsenic Poisoning,mmu-miR-697,0.26188576221466064
Hyperandrogenism,hsa-mir-875,0.2618614435195923
Polyposis Syndrome and Hereditary Mixed and 1,hsa-miR-329-3p,0.261852502822876
Adenocarcinoma Of Esophagus,hsa-miR-329-3p,0.2618487477302551
Splenic Neoplasms,hsa-miR-329-3p,0.26176005601882935
Ear Diseases,hsa-mir-875,0.26175886392593384
Cervical Cancer and Hpv Infected,hsa-mir-875,0.26174551248550415
Angioedemas and Hereditary,hsa-miR-329-3p,0.2617109417915344
Posterior Segment Ocular Diseases,hsa-miR-329-3p,0.2616804242134094
Colitis and Ulcerative,hsa-mir-875,0.2616662383079529
Neutropenia,hsa-miR-329-3p,0.2616540789604187
Glossitis and Benign Migratory,hsa-mir-875,0.26165133714675903
Immunoglobulin G4-Related Disease,hsa-mir-875,0.2616465091705322
Reperfusion Injury and Testicular Ischemia,hsa-miR-329-3p,0.2616419196128845
Adrenocortical Carcinoma,hsa-mir-875,0.26163727045059204
Peripheral Blood Leukocytes,hsa-mir-875,0.2616370916366577
Gastric Precancerous Lesion,hsa-mir-875,0.26161491870880127
Arene Oxide Detoxification Defect,hsa-miR-329-3p,0.2616000175476074
Crisponi syndrome,hsa-miR-329-3p,0.2615986466407776
Tibial Neuropathy,hsa-miR-329-3p,0.26156777143478394
Lymphohistiocytosis and Hemophagocytic,hsa-miR-329-3p,0.26156485080718994
Visceral Hypersensitivity,hsa-miR-329-3p,0.26156240701675415
Nevi and Melanomas,hsa-miR-329-3p,0.26155203580856323
Sepsis and Intensive Care Unit-Acquired,hsa-miR-329-3p,0.26154834032058716
Genetic Diseases and Inborn,mmu-miR-697,0.2615475058555603
Myotonic Dystrophy,hsa-miR-329-3p,0.26152944564819336
Periodontitis and Diabetic,hsa-miR-329-3p,0.2615293264389038
Autoimmune Diseases of the Nervous System,hsa-miR-329-3p,0.26150983572006226
Vitelliform Macular Dystrophy,hsa-miR-329-3p,0.26150840520858765
Lentivirus Infections,hsa-miR-329-3p,0.2614956498146057
Liposarcoma and Myxoid,hsa-miR-329-3p,0.26147300004959106
Neoplasms and Mesothelial,hsa-miR-329-3p,0.26146572828292847
Anemia and Diamond-Blackfan,hsa-miR-329-3p,0.2614554762840271
Acute Disease,mmu-miR-674,0.2611873745918274
Reperfusion Injury and Testicular Ischemia,hsa-miR-194-3p,0.26115041971206665
Postoperative Nausea and Vomiting,hsa-miR-4443,0.26099079847335815
Hydrocephalus,hsa-mir-8079,0.26097047328948975
Hyperuricemia,hsa-mir-8079,0.26091259717941284
Angioedemas and Hereditary,hsa-miR-3923,0.2608942985534668
Arteritis,hsa-miR-4439,0.26088643074035645
dilated cardiomyopathy 1FF,hsa-mir-8079,0.26083624362945557
Adrenocorticotropic hormone deficiency,mmu-miR-676-3p,0.26083624362945557
Amebiasis,hsa-miR-193b,0.26082873344421387
Amyloidosis,mmu-miR-700-5p,0.2608233094215393
Skeletal Muscle Dysplasia,hsa-miR-193b,0.26078587770462036
Infertility and Female,hsa-mir-8079,0.2607778310775757
Amelogenesis Imperfecta,mmu-miR-700-5p,0.2607532739639282
Hepatitis E,mmu-miR-700-5p,0.26073265075683594
Xerostomia,mmu-miR-700-5p,0.2607302665710449
Juvenile gout,hsa-miR-193b,0.2607293128967285
Obesity and Osteosarcopenic,mmu-miR-700-5p,0.2607249617576599
Hypoxia and Brain,mmu-miR-700-5p,0.260722279548645
Varicose Veins,mmu-miR-700-5p,0.2607194185256958
Kidney Diseases and Cystic,mmu-miR-700-5p,0.2607141137123108
Coronavirus Infections,mmu-miR-700-5p,0.2607117295265198
non-alcoholic fatty liver,mmu-miR-700-5p,0.2607101798057556
Paget Disease and Extramammary,mmu-miR-700-5p,0.2607078552246094
Sexually Transmitted Diseases and Viral,mmu-miR-700-5p,0.26070719957351685
Papillary Thyroid Microcarcinoma,mmu-miR-700-5p,0.2607002854347229
Lung Carcinoid,mmu-miR-700-5p,0.26069945096969604
Rotavirus Infections,mmu-miR-700-5p,0.260698139667511
White Dot Syndromes,mmu-miR-700-5p,0.2606905698776245
Hypogonadism,mmu-miR-700-5p,0.2606881856918335
Smooth Muscle Tumor,mmu-miR-700-5p,0.26068562269210815
Olfaction Disorders,mmu-miR-700-5p,0.26067960262298584
Sinus Thrombosis and Intracranial,mmu-miR-700-5p,0.260678231716156
Cholangitis and Biliary and Primary,mmu-miR-700-5p,0.2606753706932068
Fibrous Dysplasia of Bone,mmu-miR-700-5p,0.26067179441452026
Fatty Liver,mmu-miR-700-5p,0.26067054271698
Oculocutaneous Albinism Type 3,mmu-miR-700-5p,0.26066893339157104
Sexual Dysfunctions and Psychological,mmu-miR-700-5p,0.2606675624847412
Hepatic Veno-Occlusive Disease,mmu-miR-700-5p,0.2606644630432129
Hepatolenticular Degeneration,mmu-miR-700-5p,0.26066261529922485
HTLV-II Infections,mmu-miR-700-5p,0.2606617212295532
Migraine Disorders,mmu-miR-700-5p,0.260661244392395
Early Embryonic Arrestdagger,mmu-miR-700-5p,0.26065540313720703
Hip Dislocation and Congenital,mmu-miR-700-5p,0.26065492630004883
Eclampsia,mmu-miR-700-5p,0.26065462827682495
Granulosa Cell Tumor,mmu-miR-700-5p,0.26065242290496826
Multiple Chronic Conditions,mmu-miR-700-5p,0.2606513500213623
Bronchopneumonia,mmu-miR-700-5p,0.2606510519981384
Intracranial Arterial Diseases,mmu-miR-700-5p,0.260650098323822
Hemangioma and Cavernous,mmu-miR-700-5p,0.26064640283584595
Lichen Sclerosus et Atrophicus,mmu-miR-700-5p,0.2606462240219116
Amyloidosis,mmu-miR-708,0.2606455087661743
Gluteal Muscle Contracture,mmu-miR-700-5p,0.2606450319290161
Uterine Diseases,mmu-miR-700-5p,0.2606425881385803
Prosthesis Failure,mmu-miR-700-5p,0.260639488697052
Rabies,mmu-miR-700-5p,0.2606390118598938
Trophoblastic Neoplasms,mmu-miR-700-5p,0.2606380581855774
Darier Disease,mmu-miR-700-5p,0.26063650846481323
Acrodermatitis enteropathica,mmu-miR-700-5p,0.2606337070465088
Bronchiectasis With Or Without Elevated Sweat Chloride 1,mmu-miR-700-5p,0.26063334941864014
colon carcinoma,mmu-miR-700-5p,0.26063042879104614
Cholestasis and Intrahepatic,mmu-miR-700-5p,0.26062995195388794
Out-of-Hospital Cardiac Arrest,mmu-miR-700-5p,0.2606292963027954
Adenine phosphoribosyltransferase deficiency,mmu-miR-700-5p,0.2606256604194641
Leukemia and Myeloid and Chronic and Atypical and BCR-ABL Negative,mmu-miR-700-5p,0.2606232762336731
Retinal Degeneration,mmu-miR-700-5p,0.26060909032821655
Calcinosis,mmu-miR-700-5p,0.2606074810028076
Leukemia and Acute,mmu-miR-700-5p,0.26060670614242554
Oligospermia,mmu-miR-700-5p,0.26060450077056885
Ventricular Premature Complexes,mmu-miR-708,0.26060307025909424
Respiratory Distress Syndrome and Newborn,mmu-miR-700-5p,0.26060283184051514
Idiopathic Condylar Resorption,mmu-miR-700-5p,0.2605893015861511
Chondrocalcinosis,mmu-miR-700-5p,0.260583758354187
Hypertriglyceridemia,mmu-miR-708,0.2605830430984497
Periapical Diseases,mmu-miR-708,0.2605830430984497
Duodenal Ulcer,mmu-miR-700-5p,0.2605823278427124
Alveolar echinococcosis,mmu-miR-708,0.26057976484298706
Microphthalmos,mmu-miR-700-5p,0.26057690382003784
Amelogenesis Imperfecta,mmu-miR-708,0.26057541370391846
Neutropenia,hsa-miR-193b,0.26057350635528564
Brain Ischemia ,mmu-miR-700-5p,0.2605687379837036
Hydrocephalus,mmu-miR-700-5p,0.2605646848678589
Hearing Loss,mmu-miR-700-5p,0.2605632543563843
Reperfusion Injury and Testicular Ischemia,hsa-miR-193b,0.26056134700775146
Turner Syndrome,mmu-miR-700-5p,0.26055997610092163
Stress Disorders and Traumatic,mmu-miR-700-5p,0.2605518102645874
Vesicular Stomatitis,mmu-miR-708,0.26054757833480835
Breast Neoplasms and Basal Cell,mmu-miR-700-5p,0.26054757833480835
Osteoporosis-pseudoglioma syndrome,mmu-miR-700-5p,0.2605467438697815
Hypertension and Renal,mmu-miR-708,0.260542631149292
Arteriosclerosis Obliterans,mmu-miR-708,0.26053857803344727
Kidney Diseases and Cystic,mmu-miR-708,0.26053619384765625
Legg-Calve-Perthes Disease,mmu-miR-700-5p,0.2605357766151428
Coronavirus Infections,mmu-miR-708,0.26053386926651
Salivary Gland Pleomorphic Adenoma,mmu-miR-708,0.2605329751968384
non-alcoholic fatty liver,mmu-miR-708,0.2605322599411011
Paget Disease and Extramammary,mmu-miR-708,0.26052993535995483
Ventricular Dysfunction,mmu-miR-700-5p,0.2605298161506653
Endocrine System Diseases,mmu-miR-700-5p,0.2605270743370056
Hand and Foot and Mouth Disease,mmu-miR-700-5p,0.26052480936050415
Infarct-Related Artery Total Occlusion,mmu-miR-700-5p,0.26052403450012207
Wound Infection,hsa-miR-193b,0.2605239152908325
Pheochromocytoma,mmu-miR-708,0.2605234384536743
Upper Tract Urothelial Carcinoma,mmu-miR-708,0.26052308082580566
Conjunctivitis and Allergic,mmu-miR-700-5p,0.26052266359329224
Papillary Thyroid Microcarcinoma,mmu-miR-708,0.26052242517471313
Rectal Diseases,mmu-miR-708,0.26052147150039673
Sarcopenia,mmu-miR-708,0.26052039861679077
Rotavirus Infections,mmu-miR-708,0.26052021980285645
Alcohol Withdrawal Delirium,mmu-miR-700-5p,0.26051896810531616
Kartagener Syndrome,mmu-miR-700-5p,0.26051628589630127
Focal Infection,mmu-miR-700-5p,0.2605156898498535
Zika virus congenital syndrome,mmu-miR-700-5p,0.26051443815231323
Muscular Atrophy and Spinal,mmu-miR-708,0.26051342487335205
von Hippel-Lindau Disease,mmu-miR-708,0.2605101466178894
Digestive System Diseases,mmu-miR-708,0.26050645112991333
Pyloric Hypomotility,mmu-miR-708,0.2605043649673462
Carotid Artery Diseases,mmu-miR-708,0.26050323247909546
Cerebral Infarction and Acute,mmu-miR-708,0.2605028748512268
Myeloma Bone Disease,hsa-miR-193b,0.2605014443397522
obstructive nephropathy,mmu-miR-708,0.2605014443397522
Chemical and Drug Induced Liver Injury,mmu-miR-708,0.26049935817718506
Glaucoma and Open-Angle,mmu-miR-708,0.2604982852935791
Brucellosis,mmu-miR-708,0.2604982256889343
Cholangitis and Biliary and Primary,mmu-miR-708,0.26049745082855225
Otofaciocervical Syndrome,mmu-miR-700-5p,0.2604954242706299
FG syndrome,mmu-miR-700-5p,0.2604954242706299
Fibrous Dysplasia of Bone,mmu-miR-708,0.2604938745498657
Fatty Liver,mmu-miR-708,0.26049262285232544
Rhegmatogenous Retinal Detachment and Autosomal Dominant,mmu-miR-700-5p,0.2604910731315613
Neoplasms and Germ Cell and Embryonal,mmu-miR-700-5p,0.2604910731315613
Microvascular Rarefaction,mmu-miR-700-5p,0.26049041748046875
Arbovirus Infections,mmu-miR-708,0.2604885697364807
Osteopenic Nonfracture Syndrome,mmu-miR-700-5p,0.26048797369003296
Hepatic Veno-Occlusive Disease,mmu-miR-708,0.2604864835739136
Pituitary Diseases,mmu-miR-700-5p,0.2604859471321106
Meier-Gorlin syndrome,mmu-miR-700-5p,0.26048576831817627
Hepatolenticular Degeneration,mmu-miR-708,0.26048463582992554
Migraine Disorders,mmu-miR-708,0.26048344373703003
Bk Virus Infections,mmu-miR-700-5p,0.2604828476905823
cone-rod dystrophy 6,mmu-miR-700-5p,0.26048213243484497
Borderline Personality Disorder,mmu-miR-700-5p,0.26048171520233154
Intestinal Fistula,mmu-miR-708,0.26047879457473755
Intracranial  Aneurysm,mmu-miR-700-5p,0.2604784369468689
Large Artery  Atherosclerosis,mmu-miR-708,0.26047831773757935
Hernias and Diaphragmatic and Congenital,mmu-miR-708,0.2604781985282898
Hydatidiform Mole,mmu-miR-700-5p,0.26047658920288086
Hunner-Type Interstitial Cystitis,mmu-miR-708,0.2604745030403137
Myositis,mmu-miR-708,0.2604733109474182
Bronchopneumonia,mmu-miR-708,0.2604730725288391
Cardiovascular Complications,mmu-miR-700-5p,0.2604708671569824
Respirovirus Infections,mmu-miR-700-5p,0.26046961545944214
Nevi and Melanomas,hsa-miR-424-5p,0.2604689598083496
Lichen Sclerosus et Atrophicus,mmu-miR-708,0.26046836376190186
Hair Diseases,mmu-miR-708,0.2604674696922302
Schopf-Schulz-Passarge Syndrome,mmu-miR-708,0.26046550273895264
Mandibulofacial Dysostosis,mmu-miR-700-5p,0.2604644298553467
Heart Failure and Systolic,mmu-miR-708,0.2604604959487915
Syphilis and secondary,mmu-miR-708,0.2604597806930542
hyperekplexia 1,mmu-miR-708,0.26045936346054077
Darier Disease,mmu-miR-708,0.2604585886001587
Polycythemia,mmu-miR-708,0.26045799255371094
Vascular Calcification,mmu-miR-700-5p,0.2604578137397766
Rhabdoviridae,mmu-miR-700-5p,0.26045769453048706
Rotator Cuff,mmu-miR-708,0.2604576349258423
Intestinal Atresia,mmu-miR-708,0.2604568600654602
Atrial Myosins,mmu-miR-700-5p,0.2604566216468811
Splenic Diseases,mmu-miR-700-5p,0.26045548915863037
Bronchiectasis With Or Without Elevated Sweat Chloride 1,mmu-miR-708,0.26045531034469604
Diabetes Of The Exocrine Pancreas ,mmu-miR-708,0.26045525074005127
Mesothelioma and Malignant and Pleural,mmu-miR-700-5p,0.26045453548431396
Peritoneal Hyalinizing Vasculopathy,mmu-miR-700-5p,0.2604539394378662
Melanoma and Experimental,mmu-miR-700-5p,0.2604532837867737
colon carcinoma,mmu-miR-708,0.2604525089263916
Acute Coronary Syndrome ,mmu-miR-708,0.26044613122940063
ovarian carcinoma,mmu-miR-700-5p,0.26044589281082153
Breast Diseases,mmu-miR-708,0.2604455351829529
Acute Aortic   Dissection,mmu-miR-700-5p,0.26044410467147827
Bacterial Infections,mmu-miR-700-5p,0.26044297218322754
Primary Central Nervous System Lymphoma,mmu-miR-700-5p,0.26044154167175293
Duane Retraction Syndrome,mmu-miR-700-5p,0.2604370713233948
late onset Parkinson's disease,mmu-miR-708,0.2604369521141052
Cardiomyopathy dilated with woolly hair and keratoderma,mmu-miR-700-5p,0.2604368329048157
renal fibrosis,mmu-miR-700-5p,0.2604343891143799
Endotoxemia,mmu-miR-700-5p,0.26043403148651123
Nasopharyngeal Neoplasms,mmu-miR-700-5p,0.26043128967285156
Erythroblastosis and Fetal,mmu-miR-708,0.26043087244033813
Respiration Disorders and Infant,mmu-miR-700-5p,0.2604307532310486
Leukemia and Acute,mmu-miR-708,0.26042884588241577
Porphyria and Variegate,mmu-miR-708,0.26042884588241577
Lacrimal Adenoid   Cystic Carcinoma,mmu-miR-700-5p,0.2604280710220337
Chediak-Higashi Syndrome,hsa-miR-1245a,0.26042795181274414
Endophthalmitis,mmu-miR-700-5p,0.2604278326034546
Adrenocortical Adenoma,hsa-miR-1245a,0.260425865650177
Meniscus Degeneration,hsa-miR-1245a,0.26042479276657104
Mastitis,mmu-miR-700-5p,0.2604244351387024
Opioid-Related Disorders,mmu-miR-708,0.2604234218597412
gastric cardia adenocarcinoma,mmu-miR-700-5p,0.26042306423187256
Leukemia and Myeloid and Accelerated Phase,mmu-miR-708,0.26042258739471436
Chromate Resistance,mmu-miR-700-5p,0.26042163372039795
Enteropathy-Associated T-Cell Lymphoma,mmu-miR-708,0.26042091846466064
Carotid Artery Injuries,mmu-miR-700-5p,0.2604198455810547
Intracranial Hemorrhages,mmu-miR-700-5p,0.26041966676712036
Obesity and Abdominal,mmu-miR-700-5p,0.26041942834854126
Prostatitis and Chronic,mmu-miR-708,0.2604175806045532
Skin Neoplasms,mmu-miR-700-5p,0.2604159712791443
Eunuchism,mmu-miR-700-5p,0.2604135274887085
Retinal Dystrophies,mmu-miR-700-5p,0.2604128122329712
Idiopathic Condylar Resorption,mmu-miR-708,0.2604113817214966
Hypertensive  Disorder Complicating Pregnancy,mmu-miR-700-5p,0.260409951210022
Lyme Disease,mmu-miR-700-5p,0.2604098320007324
Adenocarcinoma,mmu-miR-700-5p,0.26040947437286377
Scholte syndrome,mmu-miR-708,0.26040852069854736
Warburg micro syndrome 1,mmu-miR-700-5p,0.26040828227996826
Chondrocalcinosis,mmu-miR-708,0.26040589809417725
Pica,mmu-miR-708,0.26040565967559814
Substance Abuse and Intravenous,mmu-miR-700-5p,0.26040560007095337
Cachexia,mmu-miR-700-5p,0.2604052424430847
Keratitis and Herpetic,mmu-miR-700-5p,0.2604050040245056
Exocrine Pancreatic Insufficiency,mmu-miR-700-5p,0.2604040503501892
Polyposis Syndrome and Hereditary Mixed and 1,hsa-miR-1245a,0.26040399074554443
Hirschsprung Disease,mmu-miR-700-5p,0.2604026198387146
Lesch-Nyhan Syndrome,mmu-miR-700-5p,0.26040220260620117
Reperfusion Injury and Hepatic Ischemia,mmu-miR-700-5p,0.26040202379226685
Cystitis and Interstitial,mmu-miR-700-5p,0.26040130853652954
Precursor T-Cell Lymphoblastic Leukemia-Lymphoma,mmu-miR-700-5p,0.260400652885437
ACTH-independent macronodular adrenal hyperplasia,mmu-miR-700-5p,0.26040053367614746
Neuropathic Lysosomal Storage Diseases,mmu-miR-700-5p,0.2604004144668579
Extra-Hepatic Portal Venous  Obstruction ,mmu-miR-708,0.26039963960647583
Salpingitis,mmu-miR-700-5p,0.26039791107177734
Bronchiolitis Obliterans,mmu-miR-700-5p,0.260397732257843
Gastroenteritis and Transmissible and of Swine,mmu-miR-708,0.26039761304855347
Jaw Abnormalities,mmu-miR-700-5p,0.26039743423461914
Rhinitis and Allergic and Seasonal,mmu-miR-700-5p,0.26039737462997437
Nephrosclerosis,mmu-miR-700-5p,0.2603968381881714
Gastritis and Pediatric,mmu-miR-700-5p,0.26039671897888184
Colitis and Ulcerative,mmu-miR-700-5p,0.26039642095565796
Coronary Stenosis,mmu-miR-708,0.2603963017463684
Cerebral Hemorrhage and Spontaneous,mmu-miR-700-5p,0.26039594411849976
Pyruvate Kinase Deficiency of Red Cells,mmu-miR-700-5p,0.26039427518844604
Brucellosis and Bovine,mmu-miR-708,0.2603926658630371
Abortion and Septic,mmu-miR-700-5p,0.2603921890258789
Anemia,mmu-miR-700-5p,0.26039057970046997
Glaucoma,mmu-miR-700-5p,0.26038938760757446
Sensation Disorders,mmu-miR-700-5p,0.26038873195648193
Lattice corneal dystrophy type 1,hsa-miR-3141,0.26038819551467896
Lumbar Radicular Pain,mmu-miR-708,0.26038771867752075
Rolandic Epilepsy and Mental Retardation and and Speech Dyspraxia and X-Linked,mmu-miR-700-5p,0.2603871822357178
Multiple Organ Failure,mmu-miR-700-5p,0.2603870630264282
Hearing Loss,mmu-miR-708,0.2603853940963745
Diabetic Keratopathy,mmu-miR-700-5p,0.2603846788406372
Gastrinoma,mmu-miR-700-5p,0.26038461923599243
Thymic epithelial tumor,mmu-miR-700-5p,0.2603803277015686
ST Elevation Myocardial Infarction,mmu-miR-700-5p,0.26037901639938354
High Grade Ovarian Neoplasms,mmu-miR-700-5p,0.26037847995758057
Cholesteatoma,mmu-miR-708,0.26037830114364624
Fibrosis and Skin,mmu-miR-700-5p,0.2603781819343567
Dysentery and Bacillary,hsa-miR-1245a,0.26037609577178955
Neoplasms and Glandular and Epithelial,mmu-miR-708,0.2603757977485657
Tracheal Stenosis,mmu-miR-700-5p,0.2603737711906433
Hind Limb Ischemia,mmu-miR-700-5p,0.2603737711906433
Gastritis and Hypertrophic,mmu-miR-700-5p,0.26037371158599854
Hemochromatosis,mmu-miR-700-5p,0.2603726387023926
Neurofibromatosis 2,mmu-miR-700-5p,0.2603722810745239
Sleep Apnea Syndromes,mmu-miR-700-5p,0.2603698968887329
Osteoporosis-pseudoglioma syndrome,mmu-miR-708,0.26036882400512695
Glomus Tumor,mmu-miR-700-5p,0.260368287563324
Peripheral Blood Leukocytes,mmu-miR-700-5p,0.26036733388900757
uric acid nephrolithiasis,mmu-miR-708,0.26036733388900757
Hyperalgesia,mmu-miR-700-5p,0.2603648900985718
Sarcoma and Kaposi,mmu-miR-700-5p,0.26036471128463745
Vascular System Injuries,mmu-miR-700-5p,0.2603640556335449
"Muscular Atrophy, Spinal",mmu-miR-708,0.26036351919174194
Wasting Disease and Chronic,mmu-miR-700-5p,0.26036304235458374
Leukemia and Myelomonocytic and Chronic,mmu-miR-700-5p,0.2603629231452942
Carcinoma and Basal Cell and Skin,mmu-miR-708,0.26036208868026733
Leukemia and Biphenotypic and Acute,mmu-miR-700-5p,0.260361909866333
Parasitic Diseases,mmu-miR-700-5p,0.2603617310523987
Pain and Postoperative,mmu-miR-700-5p,0.2603609561920166
Central Nervous System Bacterial Infections,mmu-miR-700-5p,0.2603609561920166
Human T-Cell Leukemia Virus Type 1 Infections,hsa-miR-1245a,0.2603563070297241
Tracheal Diseases,mmu-miR-700-5p,0.26035547256469727
Neuroectodermal Tumors and Primitive,mmu-miR-700-5p,0.2603548765182495
Exudative Vitreoretinopathy 4,mmu-miR-700-5p,0.2603546977043152
Sarcoidosis,mmu-miR-700-5p,0.2603543996810913
Cervical Intraepithelial Neoplasia,mmu-miR-700-5p,0.260354220867157
Hypotension,mmu-miR-700-5p,0.26035380363464355
Rupture,mmu-miR-700-5p,0.26035362482070923
Airway Inflammation,mmu-miR-700-5p,0.26035046577453613
Fibroadenoma,mmu-miR-700-5p,0.26035040616989136
Endocrine System Diseases,mmu-miR-708,0.26034921407699585
Skin Neoplasms and Non-Melanoma,mmu-miR-700-5p,0.26034820079803467
Aneuploidy,mmu-miR-700-5p,0.2603476047515869
Hemoglobinopathies,mmu-miR-700-5p,0.26034700870513916
Hand and Foot and Mouth Disease,mmu-miR-708,0.2603468894958496
Pancreatitis,mmu-miR-700-5p,0.2603455185890198
Gastric Precancerous Lesion,mmu-miR-700-5p,0.2603450417518616
Encephalomyelitis and Enzootic Porcine,mmu-miR-700-5p,0.2603444457054138
Canavan Disease,hsa-miR-193b,0.26034414768218994
Neural Tube Defects,mmu-miR-700-5p,0.26034390926361084
Osteochondromatosis,mmu-miR-700-5p,0.26034367084503174
Distal myopathy and Nonaka type,mmu-miR-700-5p,0.26034367084503174
Thalassemia,mmu-miR-700-5p,0.26034289598464966
Hypersensitivity and Immediate,mmu-miR-708,0.26034271717071533
Trachoma,mmu-miR-708,0.2603425979614258
Halal syndrome,mmu-miR-700-5p,0.2603421211242676
Multiple Sclerosis and Chronic Progressive,mmu-miR-700-5p,0.2603414058685303
Polymyalgia Rheumatica,hsa-miR-3164,0.2603414058685303
Spinal Cord Diseases,mmu-miR-708,0.26034122705459595
Rectal Neoplasms,mmu-miR-700-5p,0.2603399157524109
Kartagener Syndrome,mmu-miR-708,0.2603384852409363
Aortic Diseases,mmu-miR-700-5p,0.26033544540405273
X-linked juvenile retinoschisis 1,mmu-miR-700-5p,0.2603352665901184
Myocarditis,mmu-miR-700-5p,0.2603341341018677
Anterior Cruciate Ligament Injuries,mmu-miR-708,0.2603335380554199
Hyperplasia,mmu-miR-708,0.26033228635787964
Weight Loss,mmu-miR-708,0.26033204793930054
Sarcoma and Ewing,mmu-miR-700-5p,0.26033008098602295
Nervous Necrosis Virus Infectious,mmu-miR-708,0.2603294849395752
Growth Disorders,mmu-miR-700-5p,0.2603282332420349
Viral Respiratory Infections,mmu-miR-700-5p,0.2603280544281006
Dmd-Associated Dilated Cardiomyopathy,mmu-miR-700-5p,0.2603277564048767
Bloom Syndrome,mmu-miR-700-5p,0.2603265643119812
Chorioamnionitis,mmu-miR-708,0.2603229880332947
Low Tension Glaucoma,mmu-miR-700-5p,0.2603219151496887
Anodontia,mmu-miR-708,0.2603210210800171
Otofaciocervical Syndrome,mmu-miR-708,0.26031750440597534
Carcinoma and Squamous Cell and Cutaneous,mmu-miR-700-5p,0.26031744480133057
Malformations of Cortical Development,mmu-miR-700-5p,0.2603173851966858
Corneal Diseases,mmu-miR-700-5p,0.260315477848053
Post-Cardiac Arrest Syndrome,mmu-miR-700-5p,0.2603150010108948
Myeloproliferative Disorders,mmu-miR-700-5p,0.26031267642974854
Ear Diseases,mmu-miR-708,0.2603110671043396
Osteopenic Nonfracture Syndrome,mmu-miR-708,0.2603100538253784
Laryngeal Papilloma,mmu-miR-700-5p,0.26030993461608887
Osteonecrosis,mmu-miR-708,0.26030921936035156
Selenium Deficiency,mmu-miR-700-5p,0.2603040337562561
Cysts,mmu-miR-708,0.26030367612838745
Tuberculosis and Meningeal,mmu-miR-708,0.2603035569190979
Stomatitis and Herpetic,mmu-miR-708,0.2603031396865845
Meniere Disease,mmu-miR-700-5p,0.2603016495704651
Leptomeningeal Metastasis,mmu-miR-700-5p,0.2603016495704651
Arthritis and Juvenile,mmu-miR-700-5p,0.26030105352401733
Pulmonary Eosinophilia,mmu-miR-708,0.26030033826828003
Heart Septal Defects and Ventricular,mmu-miR-700-5p,0.2603002190589905
Arm Lymphedema,mmu-miR-700-5p,0.2602991461753845
Graft vs Host Disease,mmu-miR-700-5p,0.2602974772453308
Burns,mmu-miR-708,0.2602967619895935
Gynatresia,mmu-miR-700-5p,0.26029664278030396
Alopecia,mmu-miR-708,0.26029419898986816
Ankle Fractures,mmu-miR-708,0.26029306650161743
Skin Pigmentation,mmu-miR-700-5p,0.26029300689697266
Thrombocythemia and Essential,mmu-miR-700-5p,0.2602918744087219
Respirovirus Infections,mmu-miR-708,0.2602916955947876
Ocular Hypertension,mmu-miR-708,0.2602909803390503
Adiposis Dolorosa,mmu-miR-700-5p,0.2602904438972473
Papilloma and Choroid Plexus,mmu-miR-708,0.26028960943222046
Trypanosomiasis,mmu-miR-708,0.2602880001068115
Sarcoidosis and Pulmonary,mmu-miR-708,0.2602877616882324
Leukemia and Myeloid,mmu-miR-700-5p,0.26028740406036377
Neointimal   Hyperplasia,mmu-miR-708,0.26028358936309814
Vascular Calcification,mmu-miR-708,0.26027989387512207
White Spot Syndrome Virus  Infection,mmu-miR-700-5p,0.26027965545654297
Bone Pain,mmu-miR-708,0.2602788805961609
Turcot syndrome,mmu-miR-708,0.26027804613113403
Colorectal   Adenocarcinoma,mmu-miR-708,0.26027703285217285
Carcinoma and Adenoid Cystic,mmu-miR-700-5p,0.26027679443359375
Parkinsonian Disorders,mmu-miR-700-5p,0.26027655601501465
Peritoneal Hyalinizing Vasculopathy,mmu-miR-708,0.26027607917785645
Syphilis and primary,mmu-miR-708,0.2602745294570923
Tuberous Sclerosis 1,mmu-miR-700-5p,0.2602728009223938
Chediak-Higashi Syndrome,hsa-miR-296,0.2602716088294983
Parathyroid Neoplasms,mmu-miR-708,0.26027143001556396
GATA2 Deficiency,mmu-miR-708,0.26027053594589233
Borna Disease,mmu-miR-700-5p,0.26027005910873413
Cardiac Complexes and Premature,mmu-miR-708,0.2602696418762207
Brain Injury and Chronic,mmu-miR-708,0.2602689266204834
ovarian carcinoma,mmu-miR-708,0.260267972946167
Acute Coronary Syndrome and Non-St  Elevation,mmu-miR-700-5p,0.26026731729507446
Chagas Disease,mmu-miR-708,0.2602667808532715
Bisphosphonate-Associated Osteonecrosis of the Jaw,mmu-miR-708,0.2602655291557312
Bacterial Infections,mmu-miR-708,0.260265052318573
Hyperinsulinism,mmu-miR-708,0.2602642774581909
Reinjuries,mmu-miR-708,0.26026368141174316
Primary Central Nervous System Lymphoma,mmu-miR-708,0.26026368141174316
Hyperlipoproteinemia Type II,mmu-miR-708,0.26026350259780884
Reticuloendotheliosis Virus Infections,mmu-miR-708,0.260262131690979
Lumbar Disc   Herniation,mmu-miR-700-5p,0.2602611184120178
Cushing Syndrome,mmu-miR-708,0.26025933027267456
Duane Retraction Syndrome,mmu-miR-708,0.260259211063385
Cardiomyopathy dilated with woolly hair and keratoderma,mmu-miR-708,0.2602589726448059
Endotoxemia,mmu-miR-708,0.26025617122650146
Clubfoot,mmu-miR-708,0.26025545597076416
Diminished  Ovarian Reserve,hsa-miR-1245a,0.26025390625
Multiple Sclerosis and Relapsing-Remitting,mmu-miR-700-5p,0.260251522064209
Lymphoma and Natural   Killer/T-Cell,mmu-miR-708,0.2602512836456299
Smoke Inhalation Injury,mmu-miR-708,0.2602512240409851
Hypocalciuric hypercalcemia and familial and type 1,mmu-miR-700-5p,0.26025092601776123
Acute Lung Injury,mmu-miR-708,0.2602505683898926
Lacrimal Adenoid   Cystic Carcinoma,mmu-miR-708,0.26025015115737915
Ventricular Dysfunction and Left,mmu-miR-700-5p,0.2602483630180359
Mastitis,mmu-miR-708,0.26024651527404785
Leukoplakia and Oral,mmu-miR-700-5p,0.260246217250824
Pregnancy Complications,mmu-miR-708,0.2602458596229553
Pediatric Cystic Fibrosis,mmu-miR-700-5p,0.2602452039718628
gastric cardia adenocarcinoma,mmu-miR-708,0.26024508476257324
Pneumonia and Staphylococcal,mmu-miR-700-5p,0.2602420449256897
Carotid Artery Injuries,mmu-miR-708,0.2602420449256897
Intracranial Hemorrhages,mmu-miR-708,0.2602418065071106
Lymphoma and Extranodal NK-T-Cell,mmu-miR-700-5p,0.26024121046066284
Obstetric Labor Complications,mmu-miR-700-5p,0.2602376937866211
Kidney Failure and Chronic,mmu-miR-708,0.2602371573448181
Stiff-Person Syndrome,mmu-miR-700-5p,0.2602354884147644
Hypertensive  Disorder Complicating Pregnancy,mmu-miR-708,0.2602320909500122
Posterior Segment Ocular Diseases,hsa-miR-1245a,0.26023197174072266
Thyroid Diseases,mmu-miR-700-5p,0.26023197174072266
Rosacea,mmu-miR-708,0.2602318525314331
Adenocarcinoma,mmu-miR-708,0.260231614112854
Post-Dural Puncture Headache,mmu-miR-708,0.2602313160896301
Cleft Lip,mmu-miR-708,0.26022881269454956
Neurodevelopmental Disorders,mmu-miR-700-5p,0.26022869348526
Asthma and Allergic,mmu-miR-708,0.26022762060165405
Collagen Diseases,mmu-miR-708,0.2602272629737854
Cleft Lip,mmu-miR-708,0.26022595167160034
Epilepsy and Post-Traumatic,mmu-miR-708,0.2602253556251526
Renal Tubular Oxidative Injury,mmu-miR-700-5p,0.26022469997406006
Hirschsprung Disease,mmu-miR-708,0.26022469997406006
ACTH-independent macronodular adrenal hyperplasia,mmu-miR-708,0.2602226734161377
Psoriasis,mmu-miR-708,0.2602219581604004
Iron Metabolism Disorders,mmu-miR-708,0.2602216601371765
Mitral Valve Insufficiency,mmu-miR-708,0.2602212429046631
Infant Nutrition Disorders,mmu-miR-700-5p,0.26021474599838257
Hypoxia-Ischemia and Brain,mmu-miR-708,0.2602139711380005
Vitreoretinopathy and Proliferative,mmu-miR-700-5p,0.26021379232406616
Sick Sinus Syndrome,mmu-miR-708,0.26021379232406616
Langer mesomelic dysplasia,mmu-miR-708,0.26021212339401245
Rolandic Epilepsy and Mental Retardation and and Speech Dyspraxia and X-Linked,mmu-miR-708,0.26020926237106323
Cirrhotic Cardiomyopathy,mmu-miR-708,0.2602081298828125
Acute Lymphoblastic Leukemia and T-Cell,mmu-miR-708,0.26020729541778564
Spondylocheirodysplasia and Ehlers-Danlos Syndrome-Like,mmu-miR-708,0.2602046728134155
Fibrosarcoma,mmu-miR-708,0.26020348072052
Sleep Initiation and Maintenance Disorders,mmu-miR-700-5p,0.26020097732543945
High Grade Ovarian Neoplasms,mmu-miR-708,0.2602006196975708
Poorly Differentiated Thyroid Gland Carcinoma,mmu-miR-708,0.26019901037216187
Neoplasm and Residual,mmu-miR-708,0.26019877195358276
Immunoglobulin G4-Related Disease,mmu-miR-708,0.26019877195358276
Lumbosacral Spinal Root Avulsion,mmu-miR-708,0.2601966857910156
Tracheal Stenosis,mmu-miR-708,0.260195791721344
arteriosclerotic cardiovascular disease,mmu-miR-708,0.26019442081451416
Neurofibromatosis 2,mmu-miR-708,0.26019442081451416
Choroidal Neovascularization,mmu-miR-708,0.26019424200057983
Hearing Disorders,mmu-miR-708,0.2601938247680664
Reperfusion Injury and Testicular Ischemia,hsa-miR-1245a,0.260193407535553
Bone Neoplasms,mmu-miR-708,0.26019322872161865
Ape Diseases,mmu-miR-708,0.26019203662872314
Malformations of Cortical Development and Group II,mmu-miR-708,0.2601916193962097
Morphine Dependence,mmu-miR-708,0.2601889371871948
Colorectal Neoplasms and Hereditary Nonpolyposis,mmu-miR-708,0.260187566280365
Vascular System Injuries,mmu-miR-708,0.2601861357688904
Wasting Disease and Chronic,mmu-miR-708,0.260185182094574
Immune-Mediated Inflammatory Diseases,mmu-miR-708,0.260185182094574
Leukemia and Biphenotypic and Acute,mmu-miR-708,0.26018399000167847
Parasitic Diseases,mmu-miR-708,0.26018381118774414
Pain and Postoperative,mmu-miR-708,0.26018303632736206
Osteoarthritis and Post-Traumatic,mmu-miR-708,0.26018279790878296
Colonic Polyps,mmu-miR-708,0.26018255949020386
Cleidocranial Dysplasia,mmu-miR-708,0.2601824402809143
Heart Septal Defects and Atrial,mmu-miR-708,0.260179340839386
Chronic Gastritis,mmu-miR-708,0.2601761817932129
Endometrial Hyperplasia,mmu-miR-708,0.2601736783981323
Airway Inflammation,mmu-miR-708,0.2601724863052368
Chronic Disease,mmu-miR-708,0.26017165184020996
Spinal muscular atrophy with respiratory distress 1,mmu-miR-700-5p,0.2601703405380249
Complex Regional Pain Syndromes,mmu-miR-708,0.26017022132873535
Venous Neointimal Hyperplasia,hsa-miR-1245a,0.26016974449157715
Aneuploidy,mmu-miR-708,0.2601696252822876
Autism Spectrum Disorder,mmu-miR-708,0.2601686716079712
Status Epilepticus,mmu-miR-708,0.2601686716079712
Autographa californica multiple nuclear polyhedrosis virus,hsa-miR-1245a,0.26016587018966675
Distal myopathy and Nonaka type,mmu-miR-708,0.260165810585022
Osteochondromatosis,mmu-miR-708,0.260165810585022
Gastric Intestinal   Metaplasia,mmu-miR-708,0.2601643204689026
Rectal Neoplasms,mmu-miR-708,0.2601620554924011
Lupus Nephritis,mmu-miR-708,0.26016169786453247
X-linked juvenile retinoschisis 1,mmu-miR-708,0.2601572871208191
Sepsis Induced Liver Injury,mmu-miR-708,0.2601563334465027
Wound Infection,hsa-miR-1245a,0.2601560354232788
Heart Failure and Ischemic,mmu-miR-708,0.26015323400497437
Sarcoma and Ewing,mmu-miR-708,0.2601522207260132
Growth Disorders,mmu-miR-708,0.2601502537727356
Hyperkalemia,mmu-miR-708,0.26014989614486694
Bloom Syndrome,mmu-miR-708,0.26014870405197144
Brachial Plexus Injury,mmu-miR-708,0.2601478695869446
Drug Hypersensitivity,mmu-miR-708,0.260145902633667
Periodontal Diseases,mmu-miR-708,0.26014554500579834
Inflammation and Chronic,hsa-miR-1245a,0.2601429224014282
Leigh Disease,mmu-miR-708,0.2601391673088074
ovary adenocarcinoma,mmu-miR-708,0.26013779640197754
Dehydration,mmu-miR-708,0.26013755798339844
Dental Caries,mmu-miR-708,0.2601354122161865
Mast Cell Tumors,mmu-miR-708,0.26013505458831787
Myeloproliferative Disorders,mmu-miR-708,0.260134756565094
Brugada Syndrome,hsa-miR-296,0.26013267040252686
Hypospadias,mmu-miR-708,0.2601323127746582
Corneal Injuries,mmu-miR-708,0.2601282596588135
Bovine Virus Diarrhea-Mucosal Disease,mmu-miR-708,0.2601272463798523
Equine Infectious Anemia,hsa-miR-1245a,0.2601267099380493
Selenium Deficiency,mmu-miR-708,0.26012617349624634
Swine Diseases,hsa-miR-1245a,0.2601245045661926
Human Herpesvirus 6 encephalitis,mmu-miR-708,0.2601207494735718
Tuberculosis and Spinal,mmu-miR-708,0.2601203918457031
Graft vs Host Disease,mmu-miR-708,0.26011955738067627
Bradycardia,mmu-miR-708,0.26011937856674194
Gynatresia,mmu-miR-708,0.2601187825202942
primary biliary cholangitis 1,mmu-miR-708,0.2601187229156494
Neonatal Encephalopathy,hsa-miR-1245a,0.26011860370635986
Brain Neoplasms,mmu-miR-708,0.26011842489242554
Bone Diseases,mmu-miR-708,0.2601149082183838
Glycogen Storage Disease Type VI,mmu-miR-708,0.2601128816604614
Adiposis Dolorosa,mmu-miR-708,0.2601125240325928
mitochondrial DNA depletion syndrome 4b,mmu-miR-708,0.26011210680007935
Adenomatous Polyposis Coli,mmu-miR-708,0.26011109352111816
Postural Orthostatic Tachycardia Syndrome,hsa-mir-8069,0.26011061668395996
Facial Nerve Injuries,mmu-miR-708,0.26010990142822266
Venous Thrombosis,mmu-miR-708,0.2601085305213928
Synucleinopathies,mmu-miR-708,0.2601059675216675
Leukemia and Large Granular Lymphocytic,mmu-miR-708,0.2601037621498108
Pars Planitis,mmu-miR-708,0.26010221242904663
Carcinoma and Adenoid Cystic,mmu-miR-708,0.260098934173584
spondyloepimetaphyseal dysplasia and Strudwick type,hsa-mir-8069,0.2600957155227661
Prostatitis,mmu-miR-708,0.26009488105773926
Meningitis and Bacterial,mmu-miR-708,0.2600860595703125
arthrogryposis and renal dysfunction and and cholestasis 1,mmu-miR-708,0.2600853443145752
Kidney Diseases and Cystic,hsa-mir-8069,0.2600850462913513
Vertigo,mmu-miR-708,0.260084867477417
Cystadenocarcinoma and Serous and Endometrial,mmu-miR-708,0.2600824236869812
Myotonic Dystrophy,hsa-miR-1245a,0.2600809931755066
Abortion and Spontaneous,mmu-miR-708,0.26007992029190063
Diarrhea and Bacterial,hsa-miR-1245a,0.260073184967041
Hypocalciuric hypercalcemia and familial and type 1,mmu-miR-708,0.26007306575775146
Pheochromocytoma,hsa-mir-8069,0.2600722312927246
Leukoplakia and Oral,mmu-miR-708,0.2600683569908142
Emphysema,hsa-mir-8069,0.26006650924682617
Glucose Intolerance,mmu-miR-708,0.26006650924682617
Adrenocortical Carcinoma and Pediatric,mmu-miR-708,0.26006484031677246
Interstitial Fibrosis and Renal,mmu-miR-708,0.26006293296813965
UV-Sensitive Syndrome,hsa-miR-1245a,0.26006031036376953
Vitelliform Macular Dystrophy,hsa-miR-1245a,0.2600598931312561
acute myocardial infarction,mmu-miR-708,0.260059654712677
von Hippel-Lindau Disease,hsa-mir-8069,0.2600589990615845
Stiff-Person Syndrome,mmu-miR-708,0.26005762815475464
Smooth Muscle Tumor,hsa-mir-8069,0.2600565552711487
Digestive System Diseases,hsa-mir-8069,0.2600553631782532
Liver Diseases and Alcoholic,mmu-miR-708,0.2600412368774414
Vitreoretinopathy and Proliferative,mmu-miR-708,0.2600359320640564
Immunosuppression Therapy,hsa-miR-1245a,0.26003241539001465
Poikiloderma with Neutropenia,hsa-mir-8069,0.26003122329711914
Eclampsia,hsa-mir-8069,0.2600255608558655
Depression and Post Stroke,hsa-mir-8069,0.2600254416465759
Dysentery and Bacillary,hsa-miR-2114*,0.26002103090286255
Hyperleptinemia,hsa-miR-1245a,0.2600110173225403
Juvenile gout,hsa-miR-2114*,0.2600064277648926
Human T-Cell Leukemia Virus Type 1 Infections,hsa-miR-2114*,0.2600012421607971
Suppuration,hsa-mir-8069,0.2600000500679016
Leukemia and Myeloid and Chronic and Atypical and BCR-ABL Negative,hsa-mir-8069,0.2599942088127136
Facial Nerve Diseases,hsa-mir-8069,0.25997358560562134
thyroid gland Hurthle cell carcinoma,hsa-miR-4255,0.2599650025367737
Chediak-Higashi Syndrome,hsa-miR-4255,0.2599602937698364
Meniscus Degeneration,hsa-miR-4255,0.25995713472366333
Cataract and posterior polar and 3,hsa-miR-4255,0.25994157791137695
Brugada Syndrome,hsa-miR-2114*,0.2599339485168457
Adenocarcinoma Of Esophagus,hsa-miR-4255,0.2599325180053711
Myotonic Dystrophy,hsa-miR-2277-3p,0.25993025302886963
Peripartum Cardiomyopathy ,hsa-mir-8069,0.2599279284477234
Muscular Diseases,hsa-mir-8069,0.25991207361221313
Carcinoma and Basal Cell and Skin,hsa-mir-8069,0.2599109411239624
Dysentery and Bacillary,hsa-miR-4255,0.25990837812423706
salivary gland adenoid cystic carcinoma,hsa-mir-8069,0.2598651647567749
Osteonecrosis,hsa-mir-8069,0.2598579525947571
neovascular inflammatory vitreoretinopathy,hsa-miR-423-3p,0.25985145568847656
Turcot syndrome,hsa-mir-8069,0.2598269581794739
Bronchial Hyperreactivity,hsa-mir-8069,0.259823739528656
Glima,hsa-mir-8069,0.25982022285461426
Ectrodactyly-cleft lip-palate syndrome,hsa-mir-8069,0.2598174214363098
Pulmonary edema of mountaineers,hsa-mir-8069,0.25981587171554565
Aortic Aneurysm,hsa-mir-8069,0.2598152160644531
Vulvar Neoplasms,hsa-mir-8069,0.25981074571609497
Meningioma,hsa-mir-8069,0.2598065137863159
renal fibrosis,hsa-mir-8069,0.2598053812980652
Disorders of Excessive Somnolence,hsa-mir-8069,0.25979679822921753
Diastrophic dysplasia,hsa-mir-8069,0.2597944736480713
Skeletal Muscular Injury and Non-Ischemic,hsa-miR-4255,0.2597889304161072
Marfan Syndrome,hsa-mir-8069,0.25978684425354004
Diminished  Ovarian Reserve,hsa-miR-4255,0.2597861886024475
Digitorenocerebral Syndrome,hsa-mir-8069,0.2597839832305908
Canine Mammary Carcinoma,hsa-mir-8069,0.25978320837020874
Rhabdoid Tumor and Kidney,hsa-miR-2114*,0.2597828507423401
Respiratory Syncytial Virus Infections,hsa-mir-8069,0.2597697973251343
Nephrosclerosis,hsa-mir-8069,0.2597677707672119
Sick Sinus Syndrome,hsa-mir-8069,0.25976264476776123
Langer mesomelic dysplasia,hsa-mir-8069,0.2597609758377075
Viral Myocarditis,hsa-mir-8069,0.2597604990005493
Glaucoma,hsa-mir-8069,0.259760320186615
Sensation Disorders,hsa-mir-8069,0.25975966453552246
Arrest of spermatogenesis,hsa-mir-8069,0.2597578763961792
Hemochromatosis,hsa-mir-8069,0.2597436308860779
Sleep Apnea Syndromes,hsa-mir-8069,0.2597407102584839
Oral Ulcer,hsa-mir-8069,0.25974005460739136
Immune-Mediated Inflammatory Diseases,hsa-mir-8069,0.25973403453826904
Retinitis Pigmentosa,hsa-miR-4255,0.2597338557243347
Infarction,hsa-mir-8069,0.25973057746887207
Reperfusion Injury and Testicular Ischemia,hsa-miR-4255,0.2597256898880005
Fibroadenoma,hsa-mir-8069,0.25972139835357666
mucinous cystadenocarcinoma of pancreas,hsa-mir-8069,0.2597174644470215
Encephalomyelitis and Enzootic Porcine,hsa-mir-8069,0.2597154378890991
Distal myopathy and Nonaka type,hsa-mir-8069,0.25971460342407227
Thalassemia,hsa-mir-8069,0.2597138285636902
Vaginosis and Bacterial,hsa-miR-4255,0.25971370935440063
Multiple Sclerosis and Chronic Progressive,hsa-mir-8069,0.2597123384475708
Lupus Nephritis,hsa-mir-8069,0.25971049070358276
Lattice corneal dystrophy type 1,hsa-miR-4255,0.25970757007598877
Adrenal Cortex Neoplasms,hsa-mir-8069,0.2597046494483948
Phyllodes Tumor and Breast,hsa-miR-4255,0.25970399379730225
Tricuspid Valve Insufficiency,hsa-miR-4255,0.25969916582107544
Premature Ovarian Aging,hsa-mir-8069,0.25969547033309937
Drug Hypersensitivity,hsa-mir-8069,0.2596946954727173
Hepatopulmonary Syndrome,hsa-mir-8069,0.25968533754348755
Cancer-Associated Cachexia,hsa-mir-8069,0.2596837878227234
Asthma and Chronic,hsa-miR-4255,0.2596803903579712
Heart Septal Defects and Ventricular,hsa-mir-8069,0.2596712112426758
Hereditary Autoinflammatory Diseases,hsa-miR-4255,0.25966906547546387
Diabetic Retinopathy ,hsa-mir-8069,0.2596675157546997
Visceral Pain,hsa-miR-4255,0.2596670389175415
Adiposis Dolorosa,hsa-mir-8069,0.25966137647628784
Equine Infectious Anemia,hsa-miR-4255,0.2596590518951416
Facial Nerve Injuries,hsa-mir-8069,0.2596587538719177
Swine Diseases,hsa-miR-4255,0.2596568465232849
Cardiomyopathy and Hypertrophic and Familial,hsa-miR-4255,0.2596566081047058
succinic semialdehyde dehydrogenase deficiency,hsa-miR-4255,0.25965332984924316
Brain Ischemia and Acute,hsa-mir-8069,0.25965285301208496
Leukemia and Large Granular Lymphocytic,hsa-mir-8069,0.25965261459350586
Pars Planitis,hsa-mir-8069,0.2596510648727417
Chronic  Rhinosinusitis With Nasal Polyps,hsa-miR-4255,0.2596495747566223
Moebius syndrome 1,hsa-mir-8069,0.2596479058265686
arthrogryposis and renal dysfunction and and cholestasis 1,hsa-mir-8069,0.2596341371536255
Classical Swine Fever,hsa-miR-4255,0.2596333622932434
Virus Diseases,hsa-mir-8069,0.25961363315582275
Periodontitis and Diabetic,hsa-miR-4255,0.25961315631866455
Autoimmune Diseases of the Nervous System,hsa-miR-4255,0.2595936059951782
Vitelliform Macular Dystrophy,hsa-miR-4255,0.2595922350883484
Optic atrophy 1 and deafness,hsa-miR-335-5p,0.2595863938331604
Multiple Mitochondrial Dysfunctions Syndrome,hsa-miR-4255,0.25955384969711304
Amebiasis,hsa-miR-19a-5p,0.259535014629364
Scleral Diseases,hsa-miR-19a-5p,0.2595294713973999
Neutropenia,hsa-miR-1228*,0.25951671600341797
Chediak-Higashi Syndrome,hsa-miR-19a-5p,0.25950223207473755
Polyposis Syndrome and Hereditary Mixed and 1,hsa-miR-335-5p,0.2594897150993347
Polyposis Syndrome and Hereditary Mixed and 1,hsa-miR-19a-5p,0.25947827100753784
Non-Segmental Vitiligo,hsa-miR-19a-5p,0.2593953013420105
Rhabdoviridae Infections,hsa-miR-335-5p,0.2593640685081482
Pneumoconiosis,hsa-miR-19a-5p,0.2593502402305603
Tibial Neuropathy,hsa-miR-4328,0.25934410095214844
Conjunctival Diseases,hsa-miR-335-5p,0.25929129123687744
Reperfusion Injury and Testicular Ischemia,hsa-miR-335-5p,0.2592790722846985
Retinitis Pigmentosa,hsa-miR-19a-5p,0.25927573442459106
Brain   Ventricle Enlargement,hsa-miR-19a-5p,0.2592613697052002
Lattice corneal dystrophy type 1,hsa-miR-335-5p,0.259260892868042
Chronic Rhinosinusitis With Nasal  Polyps,hsa-miR-19a-5p,0.25925731658935547
Tricuspid Valve Insufficiency,hsa-miR-335-5p,0.25925248861312866
Lattice corneal dystrophy type 1,hsa-miR-19a-5p,0.2592494487762451
Autoimmune Pancreatitis,hsa-miR-19a-5p,0.2592398524284363
Wound Infection,hsa-miR-19a-5p,0.25923025608062744
Hereditary Autoinflammatory Diseases,hsa-miR-335-5p,0.2592223286628723
Asthma and Chronic,hsa-miR-19a-5p,0.25922226905822754
Inflammation and Chronic,hsa-miR-19a-5p,0.2592170834541321
Rhabdoid Tumor and Kidney,hsa-miR-19a-5p,0.25921207666397095
Peripheral Vascular Diseases,hsa-miR-19a-5p,0.2592116594314575
Visceral Pain,hsa-miR-19a-5p,0.2592090368270874
Lupus Vasculitis and Central Nervous System,hsa-miR-335-5p,0.2592058777809143
Lupus Vasculitis and Central Nervous System,hsa-miR-19a-5p,0.25919443368911743
Laryngeal Papillomas,hsa-miR-19a-5p,0.25917255878448486
Renal Artery Obstruction,hsa-miR-335-5p,0.25915998220443726
Periodontitis and Diabetic,hsa-miR-19a-5p,0.2591550946235657
Temporomandibular Joint Dysfunction Syndrome,hsa-miR-19a-5p,0.25913727283477783
Vitelliform Macular Dystrophy,hsa-miR-19a-5p,0.25913411378860474
Skeletal Muscle Injury,hsa-miR-19a-5p,0.2591168284416199
Urinary Calculi,hsa-miR-335-5p,0.2591168284416199
Neoplasms and Mesothelial,hsa-miR-19a-5p,0.25909143686294556
Choroid Diseases,hsa-miR-19a-5p,0.25908786058425903
Encephalitis and Tick-Borne,hsa-miR-19a-5p,0.2590484023094177
Ventricular Premature Complexes,hsa-miR-4494,0.25895410776138306
Lung Diseases and Interstitial,hsa-miR-4494,0.25894755125045776
Angioedemas and Hereditary,hcmv-miR-US25-1,0.258928120136261
Thyroiditis and Autoimmune,hsa-miR-4494,0.2589253783226013
Condylomata Acuminata,hsa-miR-4494,0.2589147090911865
Blood Platelet Disorders,hsa-miR-4494,0.2589135766029358
Hypoxia and Brain,hsa-miR-4494,0.2588954567909241
Hypertension and Renal,hsa-miR-4494,0.25889360904693604
Fluorosis and Dental,hsa-miR-4494,0.2588905096054077
Urologic Neoplasms,hsa-miR-4494,0.2588889002799988
Kidney Diseases and Cystic,hsa-miR-4494,0.25888723134994507
Coronavirus Infections,hsa-miR-4494,0.25888484716415405
Salivary Gland Pleomorphic Adenoma,hsa-miR-4494,0.258884072303772
Sexually Transmitted Diseases and Viral,hsa-miR-4494,0.2588803172111511
Protein-Losing Enteropathies,hsa-miR-4494,0.2588788866996765
Periodontal Cyst,hsa-miR-4494,0.25887566804885864
Pheochromocytoma,hsa-miR-4494,0.25887447595596313
Dementia,hsa-miR-4494,0.25887441635131836
Prolactinoma,hsa-miR-4494,0.2588668465614319
Intracranial Arteriosclerosis,hsa-miR-4494,0.2588666081428528
Nonsyndromic Deafness,hsa-miR-4494,0.25886648893356323
Foot Ulcer,hsa-miR-4494,0.2588629126548767
Hypogonadism,hsa-miR-4494,0.2588614225387573
von Hippel-Lindau Disease,hsa-miR-4494,0.2588611841201782
Smooth Muscle Tumor,hsa-miR-4494,0.2588587999343872
Olfaction Disorders,hsa-miR-4494,0.2588527202606201
Sexually Transmitted Diseases,hsa-miR-4494,0.2588525414466858
obstructive nephropathy,hsa-miR-4494,0.2588525414466858
Sinus Thrombosis and Intracranial,hsa-miR-4494,0.2588512897491455
Incontinentia Pigmenti,hsa-miR-4494,0.25884944200515747
Brucellosis,hsa-miR-4494,0.25884926319122314
Cholangitis and Biliary and Primary,hsa-miR-4494,0.2588486075401306
Erectile Dysfunction,hsa-miR-4494,0.2588426470756531
Oculocutaneous Albinism Type 3,hsa-miR-4494,0.2588420510292053
Early-Stage Malignant Melanoma,hsa-miR-4494,0.2588346004486084
Poikiloderma with Neutropenia,hsa-miR-4494,0.25883346796035767
Arthritis and Gouty,hsa-miR-4494,0.25883299112319946
Fibromatosis and Aggressive,hsa-miR-4494,0.2588312029838562
Intestinal Fistula,hsa-miR-4494,0.25882989168167114
Nephrocalcinosis,hsa-miR-4494,0.2588281035423279
Myeloproliferative Disorder and Chronic and with Eosinophilia,hsa-miR-4494,0.2588273882865906
Bronchopneumonia,hsa-miR-4494,0.25882411003112793
Hemangioma and Cavernous,hsa-miR-4494,0.2588196396827698
Hair Diseases,hsa-miR-4494,0.2588185667991638
Thrombosis,hsa-miR-4494,0.2588130235671997
Prosthesis Failure,hsa-miR-4494,0.2588126063346863
Heart Failure and Systolic,hsa-miR-4494,0.2588116526603699
Syphilis and secondary,hsa-miR-4494,0.258810818195343
Zika Virus Infection,hsa-miR-4494,0.2588101029396057
Rotator Cuff,hsa-miR-4494,0.2588087320327759
Acrodermatitis enteropathica,hsa-miR-4494,0.25880688428878784
Bronchiectasis With Or Without Elevated Sweat Chloride 1,hsa-miR-4494,0.2588065266609192
Lipodystrophy and Partial and Acquired,hsa-miR-4494,0.2588059902191162
Oophoritis,hsa-miR-4494,0.2588033080101013
Suppuration,hsa-miR-4494,0.25880223512649536
Adenine phosphoribosyltransferase deficiency,hsa-miR-4494,0.25879883766174316
Ventricular Remodeling,hsa-miR-4494,0.25879859924316406
Platelet Storage Pool Deficiency,hsa-miR-4494,0.25879406929016113
Hepatitis and Chronic,hsa-miR-4494,0.25879162549972534
late onset Parkinson's disease,hsa-miR-4494,0.25878793001174927
Retinal Degeneration,hsa-miR-4494,0.2587823271751404
Erythroblastosis and Fetal,hsa-miR-4494,0.25878190994262695
Mycobacterium avium-intracellulare Infection,hsa-miR-4494,0.2587801218032837
Neoplasm Metastasis,hsa-miR-4494,0.25877928733825684
Oligospermia,hsa-miR-4494,0.2587776184082031
Prion Diseases,hsa-miR-4494,0.2587747573852539
Opioid-Related Disorders,hsa-miR-4494,0.25877445936203003
Thymus Neoplasms,hsa-miR-4494,0.2587668299674988
Scholte syndrome,hsa-miR-4494,0.2587595582008362
Duodenal Ulcer,hsa-miR-4494,0.2587554454803467
Microphthalmos,hsa-miR-4494,0.25874996185302734
Turner Syndrome,hsa-miR-4494,0.2587330937385559
Meniscus Degeneration,hsa-miR-33b,0.2587320804595947
Nijmegen Breakage Syndrome,hsa-miR-4494,0.25872790813446045
Stress Disorders and Traumatic,hsa-miR-4494,0.25872498750686646
Meningitis and Fungal,hsa-miR-4494,0.25872117280960083
Graves Ophthalmopathy,hsa-miR-4494,0.25871366262435913
Neurosyphilis,hsa-miR-4494,0.25871121883392334
Acute Pulmonary Embolism,hsa-miR-4494,0.25871068239212036
Legg-Calve-Perthes Disease,hsa-miR-4494,0.2587089538574219
Hand and Foot and Mouth Disease,hsa-miR-4494,0.2586979866027832
Scleral Diseases,hsa-miR-131,0.2586957812309265
Spinal Cord Diseases,hsa-miR-4494,0.25869232416152954
Nonsyndromic sensorineural hearing loss,hsa-miR-4494,0.2586907148361206
Focal Infection,hsa-miR-4494,0.25868886709213257
Anterior Cruciate Ligament Injuries,hsa-miR-4494,0.2586846351623535
Azoospermia and Nonobstructive,hsa-miR-4494,0.25868433713912964
Reflex Sympathetic Dystrophy,hsa-miR-4494,0.2586723566055298
Psychotic Disorders,hsa-miR-4494,0.2586708068847656
FG syndrome,hsa-miR-4494,0.25866854190826416
Neoplasms and Germ Cell and Embryonal,hsa-miR-4494,0.25866425037384033
Microvascular Rarefaction,hsa-miR-4494,0.258663535118103
Cartilage Degradation,hsa-miR-4494,0.2586630582809448
Ear Diseases,hsa-miR-4494,0.25866222381591797
Osteoporosis and Postmenopausal,hsa-miR-4494,0.2586599588394165
Pituitary Diseases,hsa-miR-4494,0.25865912437438965
Sciatica,hsa-miR-4494,0.25865811109542847
Pemphigoid and Bullous,hsa-miR-4494,0.2586516737937927
Ankle Fractures,hsa-miR-4494,0.25864410400390625
Fragile X Syndrome,hsa-miR-4494,0.2586381435394287
Premature Ejaculation,hsa-miR-4494,0.2586379051208496
Mandibulofacial Dysostosis,hsa-miR-4494,0.2586374878883362
Renal Artery Obstruction,hsa-miR-375,0.2586374878883362
Colorectal   Adenocarcinoma,hsa-miR-4494,0.25862807035446167
Bronchial Hyperreactivity,hsa-miR-4494,0.25862592458724976
Neurofibroma and Plexiform,hsa-miR-4494,0.258625864982605
Multiple Pulmonary Nodules,hsa-miR-4494,0.25862300395965576
Coronary Artery  Disease,hsa-miR-4494,0.2586224675178528
Polyomavirus Infections,hsa-miR-4494,0.25862187147140503
GATA2 Deficiency,hsa-miR-4494,0.25862157344818115
rippling muscle disease 1,hsa-miR-4494,0.2586212754249573
Cardiac Complexes and Premature,hsa-miR-4494,0.25862061977386475
Ectrodactyly-cleft lip-palate syndrome,hsa-miR-4494,0.25861966609954834
Aortic Aneurysm,hsa-miR-4494,0.25861746072769165
Movement Disorders,hsa-miR-4494,0.25861603021621704
Lymphoma and T-Cell and Cutaneous,hsa-miR-4494,0.25861483812332153
Reinjuries,hsa-miR-4494,0.258614718914032
Reticuloendotheliosis Virus Infections,hsa-miR-4494,0.2586132287979126
Bird Diseases,hsa-miR-4494,0.2586124539375305
Cushing Syndrome,hsa-miR-4494,0.25861042737960815
Cardiomyopathy dilated with woolly hair and keratoderma,hsa-miR-4494,0.2586100101470947
renal fibrosis,hsa-miR-4494,0.25860756635665894
Endotoxemia,hsa-miR-4494,0.2586072087287903
Clubfoot,hsa-miR-4494,0.258606493473053
Lacrimal Adenoid   Cystic Carcinoma,hsa-miR-4494,0.2586011290550232
Endophthalmitis,hsa-miR-4494,0.2586010694503784
Intestinal Neoplasms,hsa-miR-4494,0.25860053300857544
Graves Disease,hsa-miR-4494,0.2585986256599426
Mastitis,hsa-miR-4494,0.25859761238098145
hyper IgE recurrent infection syndrome 2,hsa-miR-4494,0.25859683752059937
Alveolar Bone Loss,hsa-miR-4494,0.25859659910202026
Long Term Adverse Effects,hsa-miR-4494,0.2585948705673218
Chromate Resistance,hsa-miR-4494,0.258594810962677
Bone Diseases and Metabolic,hsa-miR-4494,0.2585929036140442
Intracranial Hemorrhages,hsa-miR-4494,0.2585928440093994
Heart Defects and Congenital,hsa-miR-4494,0.2585923671722412
Arthritis,hsa-miR-4494,0.25859206914901733
Ehlers-Danlos Syndrome,hsa-miR-4494,0.25858986377716064
Arthrogryposis and ectodermal dysplasia,hsa-miR-4494,0.2585884928703308
Hereditary pancreatitis,hsa-miR-4494,0.2585870623588562
Lissencephaly,hsa-miR-4494,0.2585861086845398
Syphilis,hsa-miR-4494,0.25858592987060547
Rosacea,hsa-miR-4494,0.2585828900337219
Polymyositis,hsa-miR-4494,0.25858187675476074
Takayasu Arteritis,hsa-miR-4494,0.258581280708313
Megalencephalic leukoencephalopathy with subcortical cysts,hsa-miR-4494,0.2585800290107727
Atrial Premature Complexes,hsa-miR-4494,0.25857633352279663
Hirschsprung Disease,hsa-miR-4494,0.2585756778717041
Congenital central hypoventilation syndrome,hsa-miR-4494,0.2585756778717041
Inflammation and Post Stroke,hsa-miR-4494,0.2585749626159668
invasive aspergillosis,hsa-miR-4494,0.25857460498809814
Infections,hsa-miR-4494,0.2585737109184265
Psoriasis,hsa-miR-4494,0.2585729956626892
Mitral Valve Insufficiency,hsa-miR-4494,0.25857222080230713
Bronchiolitis Obliterans,hsa-miR-4494,0.25857090950012207
Coronary Artery Calcification,hsa-miR-4494,0.25857090950012207
Nephrosclerosis,hsa-miR-4494,0.25856995582580566
Hcv Associated Disorders,hsa-miR-4494,0.25856637954711914
Chlamydia Infections,mmu-miR-674,0.2585645914077759
Encephalomyelitis and Autoimmune and Experimental,hsa-miR-4494,0.2585640549659729
Obsessive-Compulsive Disorder,hsa-miR-4494,0.2585638761520386
Leukemia and Prolymphocytic and T-Cell,hsa-miR-4494,0.2585635185241699
Cyprinid Herpesvirus 3,hsa-miR-4494,0.258561909198761
Hepatitis C and Chronic,hsa-miR-4494,0.2585601806640625
Arrest of spermatogenesis,hsa-miR-4494,0.25856006145477295
Cirrhotic Cardiomyopathy,hsa-miR-4494,0.2585592269897461
Pleural Effusion and Malignant,hsa-miR-4494,0.25855880975723267
Gastrinoma,hsa-miR-4494,0.2585577368736267
salivary gland mucoepidermoid carcinoma,hsa-miR-4494,0.2585564851760864
Thymic epithelial tumor,hsa-miR-4494,0.25855350494384766
Arrhythmogenic Heart Diseases,hsa-miR-4494,0.25855255126953125
Fibrosis and Skin,hsa-miR-4494,0.25855129957199097
Giant Cell Arteritis,hsa-miR-4494,0.25855088233947754
Cystic Fibrosis,hsa-miR-4494,0.2585500478744507
Neoplasm and Residual,hsa-miR-4494,0.2585498094558716
Lumbosacral Spinal Root Avulsion,hsa-miR-4494,0.25854766368865967
Cerebral Cortical Thinning,hsa-miR-4494,0.2585471272468567
Hind Limb Ischemia,hsa-miR-4494,0.2585468888282776
Gastritis and Hypertrophic,hsa-miR-4494,0.2585468888282776
skin melanoma,hsa-miR-4494,0.2585463523864746
Choroidal Neovascularization,hsa-miR-4494,0.2585452198982239
Lip and Hamartomatous,hsa-miR-4494,0.2585444450378418
Sleep Apnea Syndromes,hsa-miR-4494,0.2585429549217224
Vasospasm and Intracranial and Postoperative,hsa-miR-4494,0.25854259729385376
Oral Ulcer,hsa-miR-4494,0.2585422396659851
Angelman Syndrome,hsa-miR-4494,0.2585420608520508
Glomus Tumor,hsa-miR-4494,0.258541464805603
Aneurysm,hsa-miR-4494,0.25853967666625977
Gingivitis,hsa-miR-4494,0.2585393786430359
Ataxia with vitamin E deficiency,hsa-miR-4494,0.258539080619812
Parasitic Diseases,hsa-miR-4494,0.25853490829467773
Central Nervous System Bacterial Infections,hsa-miR-4494,0.2585340738296509
Osteoarthritis and Post-Traumatic,hsa-miR-4494,0.25853389501571655
Urinary Bladder Diseases,hsa-miR-4494,0.25853365659713745
Cleidocranial Dysplasia,hsa-miR-4494,0.25853341817855835
Staphylococcal Infections,hsa-miR-4494,0.258533239364624
Peri-Implantitis,hsa-miR-4494,0.258530855178833
AIDS Dementia Complex,hsa-miR-4494,0.25852859020233154
Malaria and Cerebral,hsa-miR-4494,0.25852787494659424
Hepacivirus,hsa-miR-4494,0.2585277557373047
Cervical Intraepithelial Neoplasia,hsa-miR-4494,0.2585274577140808
nonsyndromic congenital nail disorder 7,hsa-miR-4494,0.25852733850479126
Aspergillosis and Allergic Bronchopulmonary,hsa-miR-4494,0.25852686166763306
Striatonigral Degeneration,hsa-miR-4494,0.2585265040397644
Cholera,hsa-miR-4494,0.25852644443511963
Stanford Type A Aortic   Dissection,hsa-miR-4494,0.2585260272026062
Hematologic Neoplasms,hsa-miR-4494,0.2585248351097107
Liver Cirrhosis and Alcoholic,hsa-miR-4494,0.2585228681564331
Chronic Disease,hsa-miR-4494,0.25852274894714355
Skin Neoplasms and Non-Melanoma,hsa-miR-4494,0.2585214376449585
Complex Regional Pain Syndromes,hsa-miR-4494,0.2585211992263794
Autism Spectrum Disorder,hsa-miR-4494,0.25851970911026
Pancreatitis,hsa-miR-4494,0.25851869583129883
Encephalomyelitis and Enzootic Porcine,hsa-miR-4494,0.2585175633430481
Postoperative Nausea and Vomiting,mmu-miR-708,0.25851690769195557
Biotinidase Deficiency,hsa-miR-4494,0.2585168480873108
Pelvic Floor Disorders,hsa-miR-4494,0.25851452350616455
Lupus Nephritis,hsa-miR-4494,0.25851279497146606
Kidney Calculi,hsa-miR-4494,0.25851166248321533
Alcohol Induced Neurogenic Inflammation,hsa-miR-4494,0.25851088762283325
Thoracic Aortic   Dissection,hsa-miR-4494,0.2585071325302124
Autoimmune polyendocrinopathy syndrome and type 1,hsa-miR-4494,0.25850462913513184
Kahrizi Syndrome,hsa-miR-4494,0.2585042119026184
low grade glioma,hsa-miR-4494,0.2585039734840393
Genital Diseases and Male,hsa-miR-4494,0.25850337743759155
Viral Respiratory Infections,hsa-miR-4494,0.25850123167037964
Elliptocytosis 2,hsa-miR-4494,0.2585005760192871
Mite Infestations,hsa-miR-4494,0.2584993839263916
Low Tension Glaucoma,hsa-miR-4494,0.2584950923919678
rectum adenocarcinoma,hsa-miR-4494,0.2584942579269409
Microscopic Polyangiitis,hsa-miR-4494,0.25849294662475586
Malformations of Cortical Development,hsa-miR-4494,0.25849056243896484
Bone Regeneration,hsa-miR-4494,0.2584899067878723
Li-Fraumeni syndrome 1,hsa-miR-4494,0.2584894895553589
Dehydration,hsa-miR-4494,0.25848859548568726
ACTH Syndrome and Ectopic,hsa-miR-4494,0.2584882974624634
Hepatopulmonary Syndrome,hsa-miR-4494,0.2584875822067261
Fetal Macrosomia,hsa-miR-4494,0.2584843039512634
Laryngeal Papilloma,hsa-miR-4494,0.2584831118583679
Pain and Inflammatory,hsa-miR-4494,0.2584782838821411
Bovine Virus Diarrhea-Mucosal Disease,hsa-miR-4494,0.25847822427749634
Selenium Deficiency,hsa-miR-4494,0.25847721099853516
Cardiomyopathy and Dilated and with Left Ventricular Noncompaction,hsa-miR-4494,0.2584763169288635
Arterial Occlusive Diseases,hsa-let7i,0.25847482681274414
Craniofacial Abnormalities,hsa-miR-4494,0.25847262144088745
Staphylococcal Scalded Skin Syndrome,hsa-miR-4494,0.2584701180458069
primary biliary cholangitis 1,hsa-miR-4494,0.25846976041793823
Diabetic Retinopathy ,hsa-miR-4494,0.2584696412086487
Skin Pigmentation,hsa-miR-4494,0.25846612453460693
Lymphoma and Mantle-Cell,hsa-miR-4494,0.25846415758132935
Thyroid Carcinoma and Anaplastic,hsa-miR-4494,0.25846171379089355
Malnutrition,hsa-miR-4494,0.2584552764892578
Schistosomiasis,hsa-miR-4494,0.2584548592567444
Leukemia and Large Granular Lymphocytic,hsa-miR-4494,0.2584548592567444
Hematoma and Subdural and Chronic,hsa-miR-4494,0.2584543228149414
White Spot Syndrome Virus  Infection,hsa-miR-4494,0.25845277309417725
Parkinsonian Disorders,hsa-miR-4494,0.2584496736526489
uterine corpus endometrial carcinoma,hsa-miR-4494,0.258447527885437
Cerebral Hemorrhage,hsa-miR-4494,0.25844448804855347
Borna Disease,hsa-miR-4494,0.2584432363510132
Meningitis and Bacterial,hsa-miR-4494,0.2584371566772461
arthrogryposis and renal dysfunction and and cholestasis 1,hsa-miR-4494,0.258436381816864
Vertigo,hsa-miR-4494,0.2584359645843506
Familial primary gastric lymphoma,hsa-miR-4494,0.25843513011932373
Altitude Sickness,hsa-miR-4494,0.2584349513053894
Abortion and Spontaneous,hsa-miR-4494,0.258431077003479
sporatic amyotrophic lateral sclerosis,hsa-miR-4494,0.25842589139938354
Hearing Loss and Unilateral,hsa-miR-4494,0.2584247589111328
Hypocalciuric hypercalcemia and familial and type 1,hsa-miR-4494,0.2584240436553955
Carotid Stenosis,hsa-miR-4494,0.2584227919578552
Chronic Pain,hsa-miR-4494,0.2584199905395508
Leukoplakia and Oral,hsa-miR-4494,0.25841933488845825
Typical Teratoid Rhabdoid Tumor,hsa-miR-4494,0.2584167718887329
Obstetric Labor Complications,hsa-miR-4494,0.2584107518196106
acute myocardial infarction,hsa-miR-4494,0.2584107518196106
Peptic Ulcer,hsa-miR-4494,0.25840961933135986
Abnormalities and Multiple,hsa-miR-4494,0.2583918571472168
Infant Nutrition Disorders,hsa-miR-4494,0.25838786363601685
Thyroiditis and Subacute,hsa-miR-4494,0.2583808898925781
N acetyltransferase deficiency,hsa-miR-4494,0.258378803730011
Lung Diseases and Interstitial,hsa-miR-4437,0.2583242654800415
Periapical Diseases,hsa-miR-4437,0.25831085443496704
Cystoid Macular Edema and Diabetic,hsa-miR-4437,0.2582858204841614
spondyloepimetaphyseal dysplasia and Strudwick type,hsa-miR-4437,0.25827473402023315
Varicose Veins,hsa-miR-4437,0.2582693099975586
Arteriosclerosis Obliterans,hsa-miR-4437,0.2582663893699646
Kidney Diseases and Cystic,hsa-miR-4437,0.2582639455795288
Immune System Diseases,hsa-miR-4437,0.258262574672699
Salivary Gland Pleomorphic Adenoma,hsa-miR-4437,0.2582607865333557
Paget Disease and Extramammary,hsa-miR-4437,0.2582576870918274
Pheochromocytoma,hsa-miR-4437,0.2582511901855469
Intracranial Aneurysm,hsa-miR-4437,0.2582511305809021
Sarcopenia,hsa-miR-4437,0.25824815034866333
White Dot Syndromes,hsa-miR-4437,0.2582405209541321
Sexual Dysfunctions and Psychological,hsa-miR-4437,0.25821739435195923
Arthritis and Gouty,hsa-miR-4437,0.2582097053527832
Myeloproliferative Disorder and Chronic and with Eosinophilia,hsa-miR-4437,0.25820404291152954
Multiple Chronic Conditions,hsa-miR-4437,0.2582013010978699
Arteriosclerosis,hsa-miR-4437,0.2581990361213684
Rubella Syndrome and Congenital,hsa-miR-4437,0.2581977844238281
Hemangioma and Cavernous,hsa-miR-4437,0.2581963539123535
Cerebral Small Vessel Diseases,hsa-miR-4437,0.25819623470306396
Tooth Diseases,hsa-miR-4437,0.2581881880760193
Trophoblastic Neoplasms,hsa-miR-4437,0.2581878900527954
Darier Disease,hsa-miR-4437,0.2581862807273865
Leukemia and Monocytic and Acute,hsa-miR-4437,0.25818532705307007
Cholestasis and Intrahepatic,hsa-miR-4437,0.2581797242164612
frontotemporal dementia,hsa-miR-4437,0.2581790089607239
Suppuration,hsa-miR-4437,0.2581789493560791
Ventricular Remodeling,hsa-miR-4437,0.2581753134727478
Allograft Rejection and Antibody-Mediated,hsa-miR-4437,0.2581678032875061
Respiratory Distress Syndrome and Newborn,hsa-miR-4437,0.25815266370773315
Prion Diseases,hsa-miR-4437,0.25815147161483765
Siderosis,hsa-miR-4437,0.25814855098724365
Delayed Graft Function,hsa-miR-4437,0.258147656917572
Prostatitis and Chronic,hsa-miR-4437,0.25814539194107056
Encephalomyelitis and Acute Disseminated,hsa-miR-4437,0.25814008712768555
Chondrocalcinosis,hsa-miR-4437,0.25813359022140503
Pica,hsa-miR-4437,0.2581333518028259
Nevi and Melanomas,hsa-miR-4284,0.25811803340911865
Lumbar Radicular Pain,hsa-miR-4437,0.25811541080474854
Hydrocephalus,hsa-miR-4437,0.2581145763397217
Peripartum Cardiomyopathy ,hsa-miR-4437,0.25810688734054565
Meningitis and Fungal,hsa-miR-4437,0.25809788703918457
Multiple Trauma,hsa-miR-4437,0.2580961585044861
Fluoride Poisoning,hsa-miR-151-5p,0.258095383644104
Neurosyphilis,hsa-miR-4437,0.2580879330635071
Infarct-Related Artery Total Occlusion,hsa-miR-4437,0.25807398557662964
Conjunctivitis and Allergic,hsa-miR-4437,0.25807249546051025
Hypersensitivity and Immediate,hsa-miR-4437,0.2580704689025879
Adenocarcinoma and Sebaceous and Ocular,hsa-miR-4437,0.258053183555603
Anodontia,hsa-miR-4437,0.25804877281188965
Diabetic Neuropathies,hsa-miR-4437,0.2580476403236389
FG syndrome,hsa-miR-4437,0.2580452561378479
salivary gland adenoid cystic carcinoma,hsa-miR-4437,0.25804412364959717
cone-rod dystrophy 6,hsa-miR-4437,0.25803202390670776
Osteoporotic Fractures,hsa-miR-4437,0.2580219507217407
Respirovirus Infections,hsa-miR-4437,0.25801950693130493
Neointimal   Hyperplasia,hsa-miR-4437,0.2580113410949707
Splenic Diseases,hsa-miR-4437,0.2580053210258484
GATA2 Deficiency,hsa-miR-4437,0.2579982876777649
rippling muscle disease 1,hsa-miR-4437,0.25799793004989624
Acute Aortic   Dissection,hsa-miR-4437,0.25799405574798584
Liver Failure,hsa-miR-4437,0.2579929232597351
Reticuloendotheliosis Virus Infections,hsa-miR-4437,0.25798994302749634
Vulvar Neoplasms,hsa-miR-4437,0.25798964500427246
Cushing Syndrome,hsa-miR-4437,0.2579871416091919
Encephalitis and Tick-Borne,hsa-miR-1909-3p,0.2579856514930725
Liver Cirrhosis and Hepatitis Virus B-Related,hsa-miR-4437,0.25798410177230835
Respiration Disorders and Infant,hsa-miR-4437,0.2579805850982666
hyper IgE recurrent infection syndrome 2,hsa-miR-4437,0.2579735517501831
Cerebral Infarction,hsa-miR-4437,0.2579716444015503
Bone Diseases and Metabolic,hsa-miR-4437,0.25796961784362793
Obesity and Abdominal,hsa-miR-4437,0.25796931982040405
thyroid gland Hurthle cell carcinoma,hsa-miR-129-1-3p,0.2579689025878906
Chediak-Higashi Syndrome,hsa-miR-320b,0.25796884298324585
Marfan Syndrome,hsa-miR-4437,0.2579658627510071
Reperfusion Injury and Pulmonary Ischemia,hsa-miR-4437,0.257965624332428
Chediak-Higashi Syndrome,hsa-miR-129-1-3p,0.2579640746116638
Hereditary pancreatitis,hsa-miR-4437,0.2579638361930847
Lissencephaly,hsa-miR-4437,0.2579628825187683
Gastric   Cancer,hsa-miR-4437,0.2579609751701355
Rhinitis and Allergic,hsa-miR-4437,0.2579559087753296
Substance Abuse and Intravenous,hsa-miR-4437,0.2579554319381714
Keratitis and Herpetic,hsa-miR-4437,0.2579548954963684
Enterovirus B and Human,hsa-miR-4437,0.2579517960548401
Precursor T-Cell Lymphoblastic Leukemia-Lymphoma,hsa-miR-4437,0.25795048475265503
ACTH-independent macronodular adrenal hyperplasia,hsa-miR-4437,0.25795042514801025
Neuropathic Lysosomal Storage Diseases,hsa-miR-4437,0.2579502463340759
Mitral Valve Insufficiency,hsa-miR-4437,0.25794893503189087
Respiratory Syncytial Virus Infections,hsa-miR-4437,0.25794875621795654
Salpingitis,hsa-miR-4437,0.25794774293899536
Jaw Abnormalities,hsa-miR-4437,0.25794732570648193
Nephrosclerosis,hsa-miR-4437,0.2579466700553894
Leukemia and Prolymphocytic and T-Cell,hsa-miR-4437,0.25794023275375366
Glaucoma,hsa-miR-4437,0.25793933868408203
Viral Myocarditis,hsa-miR-4437,0.25793933868408203
Cryopyrin-Associated Periodic Syndromes,hsa-miR-4437,0.25793933868408203
Sensation Disorders,hsa-miR-4437,0.2579386234283447
Hepatitis C and Chronic,hsa-miR-4437,0.257936954498291
Arrest of spermatogenesis,hsa-miR-4437,0.25793683528900146
Folliculotropic Mycosis Fungoides,hsa-miR-4437,0.25793635845184326
Acute Lymphoblastic Leukemia and T-Cell,hsa-miR-4437,0.257935106754303
Diabetic Keratopathy,hsa-miR-4437,0.2579345703125
salivary gland mucoepidermoid carcinoma,hsa-miR-4437,0.25793325901031494
SHORT syndrome,hsa-miR-4437,0.25792890787124634
Cerebral Cortical Thinning,hsa-miR-4437,0.2579239010810852
Malformations of Cortical Development and Group II,hsa-miR-4437,0.2579194903373718
Glomus Tumor,hsa-miR-4437,0.25791817903518677
Colorectal Neoplasms and Hereditary Nonpolyposis,hsa-miR-4437,0.2579154372215271
Coronary Restenosis,hsa-miR-4437,0.25791364908218384
Wasting Disease and Chronic,hsa-miR-4437,0.25791287422180176
Leukemia and Biphenotypic and Acute,hsa-miR-4437,0.2579118013381958
Neuroleptic Malignant Syndrome,hsa-miR-4437,0.2579048275947571
Malaria and Cerebral,hsa-miR-4437,0.257904589176178
Sarcoidosis,hsa-miR-4437,0.2579043507575989
Cervical Intraepithelial Neoplasia,hsa-miR-4437,0.2579042315483093
Halal syndrome,hsa-miR-4437,0.25789207220077515
Osteoarthropathy and Primary Hypertrophic,hsa-miR-4437,0.25788789987564087
Environmental Illness,hsa-miR-4437,0.25788265466690063
Autoimmune polyendocrinopathy syndrome and type 1,hsa-miR-4437,0.2578813433647156
Heart Failure and Ischemic,hsa-miR-4437,0.2578809857368469
Kahrizi Syndrome,hsa-miR-4437,0.25788092613220215
Polyps,hsa-miR-4437,0.25787895917892456
Dmd-Associated Dilated Cardiomyopathy,hsa-miR-4437,0.2578775882720947
Endothelial Dysfunction ,hsa-miR-4437,0.25787657499313354
Deltaretrovirus Infections,hsa-miR-4437,0.25787627696990967
Periodontal Diseases,hsa-miR-4437,0.2578732371330261
Genital Diseases and Female,hsa-miR-4437,0.2578731179237366
Leigh Disease,hsa-miR-4437,0.2578669786453247
Reperfusion Injury and Intestinal Ischemia,hsa-miR-4437,0.2578667402267456
Adenocarcinoma and Follicular,hsa-miR-4437,0.2578662633895874
Corneal Diseases,hsa-miR-4437,0.25786542892456055
Hepatopulmonary Syndrome,hsa-miR-4437,0.2578642964363098
Niemann-Pick disease type C1,hsa-miR-4437,0.25786328315734863
Hip Fractures,hsa-miR-4437,0.25786125659942627
Acute  Kidney Injury,hsa-miR-4437,0.2578590512275696
Pain and Inflammatory,hsa-miR-4437,0.25785505771636963
Bovine Virus Diarrhea-Mucosal Disease,hsa-miR-4437,0.2578549385070801
Selenium Deficiency,hsa-miR-4437,0.2578539252281189
Human Herpesvirus 6 encephalitis,hsa-miR-4437,0.2578485608100891
Diabetic Retinopathy ,hsa-miR-4437,0.2578463554382324
mitochondrial DNA depletion syndrome 4b,hsa-miR-4437,0.25783979892730713
Facial Nerve Injuries,hsa-miR-4437,0.2578376531600952
Synucleinopathies,hsa-miR-4437,0.25783371925354004
End Stage Liver Disease,hsa-miR-4437,0.2578284740447998
Cerebral Hemorrhage,hsa-miR-4437,0.25782114267349243
Chagas Cardiomyopathy,hsa-miR-4437,0.25780922174453735
sporatic amyotrophic lateral sclerosis,hsa-miR-4437,0.2578026056289673
Hypocalciuric hypercalcemia and familial and type 1,hsa-miR-4437,0.257800817489624
Chronic Pain,hsa-miR-4437,0.2577967047691345
Leukoplakia and Oral,hsa-miR-4437,0.25779610872268677
Pediatric Cystic Fibrosis,hsa-miR-4437,0.2577950954437256
Typical Teratoid Rhabdoid Tumor,hsa-miR-4437,0.25779348611831665
Enterocolitis and Pseudomembranous,hsa-miR-4437,0.2577909231185913
Renal Artery Obstruction,hsa-miR-3925,0.2577891945838928
Obstetric Labor Complications,hsa-miR-4437,0.25778746604919434
Stiff-Person Syndrome,hsa-miR-4437,0.2577853798866272
Optic atrophy 1 and deafness,hsa-miR-29c,0.257782518863678
Sleep Initiation and Maintenance Disorders,hsa-miR-4437,0.25775080919265747
Primary Gastrointestinal Diffuse Large B-Cell Lymphoma ,hsa-miR-320b,0.25774645805358887
Reperfusion Injury and Testicular Ischemia,hsa-miR-320b,0.2577342391014099
Chediak-Higashi Syndrome,hsa-miR-29c,0.2577097415924072
Rhabdoid Tumor and Kidney,hsa-miR-320b,0.257678747177124
Rhabdoid Tumor and Kidney,hsa-miR-129-1-3p,0.25767409801483154
Juvenile gout,hsa-miR-29c,0.2576431632041931
Human T-Cell Leukemia Virus Type 1 Infections,hsa-miR-29c,0.25763803720474243
Liposarcoma and Myxoid,hsa-miR-320b,0.2575654983520508
Canavan Disease,hsa-miR-320b,0.25751709938049316
Reperfusion Injury and Testicular Ischemia,hsa-miR-29c,0.2574751377105713
Lattice corneal dystrophy type 1,hsa-miR-29c,0.2574569582939148
Hereditary Autoinflammatory Diseases,hsa-miR-29c,0.2574184536933899
Lupus Vasculitis and Central Nervous System,hsa-miR-29c,0.2574020028114319
Chediak-Higashi Syndrome,hsa-miR-412-5p,0.25739920139312744
Nevi and Melanomas,hsa-miR-29c,0.25738513469696045
Classical Swine Fever,hsa-miR-29c,0.2573828101158142
Polyposis Syndrome and Hereditary Mixed and 1,hsa-miR-412-5p,0.2573752999305725
Chediak-Higashi Syndrome,hsa-miR-2355-5p,0.25734949111938477
Liposarcoma and Myxoid,hsa-miR-29c,0.2573062777519226
Susac Syndrome,hsa-miR-412-5p,0.2572609782218933
Brugada Syndrome,hsa-miR-412-5p,0.257260262966156
Angioedemas and Hereditary,hsa-miR-412-5p,0.2572336792945862
Posterior Segment Ocular Diseases,hsa-miR-412-5p,0.25720322132110596
Tibial Neuropathy,hsa-miR-412-5p,0.2570905089378357
Amyloidosis,hsa-miR-4482,0.2570769786834717
Short Qt Syndrome,hsa-miR-218-1,0.2570580840110779
Echinococcosis and Hepatic,hsa-miR-412-5p,0.25705552101135254
Myeloma Bone Disease,hsa-miR-2355-5p,0.2570551037788391
Polyposis Syndrome and Hereditary Mixed and 1,hsa-miR-218-1,0.25701457262039185
Granulomatous Disease and Chronic,hsa-miR-412-5p,0.2570074200630188
Amelogenesis Imperfecta,hsa-miR-4482,0.2570069432258606
Blood Platelet Disorders,hsa-miR-4482,0.25699394941329956
Cystoid Macular Edema and Diabetic,hsa-miR-4482,0.2569895386695862
Ossification of Posterior Longitudinal Ligament,hsa-miR-4482,0.2569802403450012
spondyloepimetaphyseal dysplasia and Strudwick type,hsa-miR-4482,0.2569783926010132
Alopecia Areata,hsa-miR-4439,0.2569763660430908
Hypertriglyceridemia,hsa-miR-4439,0.2569756507873535
Hypertension and Renal,hsa-miR-4482,0.25697416067123413
Radiation-Induced Oral Mucositis,hsa-miR-30d-3p,0.2569696307182312
Kidney Diseases and Cystic,hsa-miR-4482,0.2569677233695984
Immune System Diseases,hsa-miR-4482,0.2569662928581238
Coronavirus Infections,hsa-miR-4482,0.2569653391838074
Paget Disease and Extramammary,hsa-miR-4482,0.25696152448654175
Hyperlipoproteinemia Type III,hsa-miR-4482,0.25696122646331787
Carcinoma and Brown-Pearce,hsa-miR-412-5p,0.25695669651031494
Tongue Neoplasms,hsa-miR-4482,0.256955087184906
Rectal Diseases,hsa-miR-4482,0.2569529414176941
Cystoid Macular Edema and Diabetic,hsa-miR-4439,0.25695061683654785
Ethylmalonic encephalopathy,hsa-miR-4439,0.2569488286972046
Spinal Cord Compression,hsa-miR-218-1,0.2569482922554016
Quadruple Negative Breast Cancer,hsa-miR-4439,0.25694739818573
Nonsyndromic Deafness,hsa-miR-4482,0.2569469213485718
lung squamous cell carcinoma,hsa-miR-4482,0.25694650411605835
White Dot Syndromes,hsa-miR-4482,0.2569442391395569
Brain Injury and Ischemic,hsa-miR-4482,0.25694167613983154
von Hippel-Lindau Disease,hsa-miR-4482,0.25694167613983154
Ossification of Posterior Longitudinal Ligament,hsa-miR-4439,0.2569413185119629
Hypoxia and Brain,hsa-miR-4439,0.2569369673728943
Sinus Thrombosis and Intracranial,hsa-miR-4482,0.2569318413734436
Glaucoma and Open-Angle,hsa-miR-4482,0.25692981481552124
Brucellosis,hsa-miR-4482,0.2569296956062317
Immune System Diseases,hsa-miR-4439,0.25692737102508545
Paget Disease and Extramammary,hsa-miR-4439,0.25692254304885864
Sexual Dysfunctions and Psychological,hsa-miR-4482,0.2569212317466736
Arbovirus Infections,hsa-miR-4482,0.2569200396537781
Hepatic Veno-Occlusive Disease,hsa-miR-4482,0.2569180727005005
Muscular Dystrophy and Facioscapulohumeral,hsa-miR-4439,0.25691717863082886
Poikiloderma with Neutropenia,hsa-miR-4482,0.256913959980011
Arthritis and Gouty,hsa-miR-4482,0.25691336393356323
Fibromatosis and Aggressive,hsa-miR-4482,0.2569117546081543
Intestinal Fistula,hsa-miR-4482,0.2569103240966797
Large Artery  Atherosclerosis,hsa-miR-4482,0.25690990686416626
Early Embryonic Arrestdagger,hsa-miR-4482,0.25690895318984985
Nephrocalcinosis,hsa-miR-4482,0.256908655166626
Myeloproliferative Disorder and Chronic and with Eosinophilia,hsa-miR-4482,0.25690793991088867
ABCD syndrome,hsa-miR-4482,0.25690752267837524
White Dot Syndromes,hsa-miR-4439,0.2569052577018738
Foot Ulcer,hsa-miR-4439,0.2569044232368469
Arteriosclerosis,hsa-miR-4482,0.256902813911438
Rubella Syndrome and Congenital,hsa-miR-4482,0.2569015622138977
Liver Failure and Acute,hsa-miR-4482,0.2569011449813843
Bronchial Diseases,hsa-miR-4482,0.25689876079559326
Gluteal Muscle Contracture,hsa-miR-4482,0.2568987011909485
Pyloric Hypomotility,hsa-miR-4439,0.25689697265625
Uterine Diseases,hsa-miR-4482,0.25689613819122314
Cerebral Infarction and Acute,hsa-miR-4439,0.25689542293548584
Ischemic Stroke and Cerebral,hsa-miR-218-1,0.2568947672843933
Thrombosis,hsa-miR-4482,0.256893515586853
Sinus Thrombosis and Intracranial,hsa-miR-4439,0.2568929195404053
Trophoblastic Neoplasms,hsa-miR-4482,0.256891667842865
Incontinentia Pigmenti,hsa-miR-4439,0.2568909525871277
Acrodermatitis enteropathica,hsa-miR-4482,0.2568873167037964
Diabetes Of The Exocrine Pancreas ,hsa-miR-4482,0.25688672065734863
Lipodystrophy and Partial and Acquired,hsa-miR-4482,0.2568865418434143
Cholestasis and Intrahepatic,hsa-miR-4482,0.25688350200653076
Rectal Prolapse,hsa-miR-4482,0.2568798065185547
Hepatic Veno-Occlusive Disease,hsa-miR-4439,0.2568790316581726
Poisoning,hsa-miR-4482,0.2568773031234741
Breast Diseases,hsa-miR-4482,0.2568771243095398
Leukemia and Myeloid and Chronic and Atypical and BCR-ABL Negative,hsa-miR-4482,0.2568768858909607
Heart Injuries,hsa-miR-4482,0.2568761110305786
Migraine Disorders,hsa-miR-4439,0.2568759322166443
Fibromatosis and Aggressive,hsa-miR-4439,0.2568727135658264
Blast Crisis,hsa-miR-4482,0.25687193870544434
Tourette Syndrome,hsa-miR-4482,0.2568702697753906
Early Embryonic Arrestdagger,hsa-miR-4439,0.2568700909614563
Myeloproliferative Disorder and Chronic and with Eosinophilia,hsa-miR-4439,0.25686895847320557
Acidosis and Respiratory,hsa-miR-4482,0.25686830282211304
Encephalitis,hsa-miR-4482,0.2568681836128235
Granulosa Cell Tumor,hsa-miR-4439,0.2568671703338623
Myositis,hsa-miR-4439,0.25686585903167725
Diminished  Ovarian Reserve,hsa-miR-218-1,0.25686442852020264
Arteriosclerosis,hsa-miR-4439,0.25686395168304443
Erythroblastosis and Fetal,hsa-miR-4482,0.2568623423576355
Liver Failure and Acute,hsa-miR-4439,0.25686216354370117
Hemangioma and Cavernous,hsa-miR-4439,0.25686115026474
Vitiligo,hsa-miR-4482,0.2568610906600952
Calcinosis,hsa-miR-4482,0.25686103105545044
Leukemia and Acute,hsa-miR-4482,0.25686031579971313
Prosthesis Failure,hsa-miR-4439,0.2568541169166565
Darier Disease,hsa-miR-4439,0.25685107707977295
Pigmentation Disorders,hsa-miR-4439,0.2568507790565491
Leukemia and Monocytic and Acute,hsa-miR-4439,0.25685012340545654
Prostatitis and Chronic,hsa-miR-4482,0.2568490505218506
Oophoritis,hsa-miR-4439,0.25684481859207153
Encephalomyelitis and Acute Disseminated,hsa-miR-4482,0.25684380531311035
Suppuration,hsa-miR-4439,0.2568437457084656
Diminished  Ovarian Reserve,hsa-miR-2053,0.25684094429016113
Adenine phosphoribosyltransferase deficiency,hsa-miR-4439,0.2568403482437134
Scholte syndrome,hsa-miR-4482,0.2568399906158447
Atrial Dilatation,hsa-miR-4439,0.25683629512786865
Duodenal Ulcer,hsa-miR-4482,0.2568358778953552
Blast Crisis,hsa-miR-4439,0.256833016872406
Microphthalmos,hsa-miR-4482,0.25683051347732544
late onset Parkinson's disease,hsa-miR-4439,0.2568294405937195
Acidosis and Respiratory,hsa-miR-4439,0.2568293809890747
Coronary Stenosis,hsa-miR-4482,0.2568278908729553
Retinal Degeneration,hsa-miR-4439,0.2568238377571106
Erythroblastosis and Fetal,hsa-miR-4439,0.25682342052459717
Sleep Deprivation,hsa-miR-4482,0.2568208575248718
Hydrocephalus,hsa-miR-4482,0.2568182945251465
Facial Nerve Diseases,hsa-miR-4439,0.2568172216415405
Primary Gastrointestinal Diffuse Large B-Cell Lymphoma ,hsa-miR-218-1,0.2568160891532898
Nijmegen Breakage Syndrome,hsa-miR-4482,0.25680840015411377
Thymus Neoplasms,hsa-miR-4439,0.256808340549469
Stress Disorders and Traumatic,hsa-miR-4482,0.2568054795265198
Encephalomyelitis and Acute Disseminated,hsa-miR-4439,0.25680482387542725
Avian Leukosis,hsa-miR-4482,0.25680315494537354
Meningitis and Fungal,hsa-miR-4482,0.2568015456199646
Osteoporosis-pseudoglioma syndrome,hsa-miR-4482,0.2568002939224243
Arsenic Poisoning,hsa-miR-4511,0.25679540634155273
"Muscular Atrophy, Spinal",hsa-miR-4482,0.2567950487136841
Muscular Diseases,hsa-miR-4482,0.25679486989974976
Carcinoma and Basal Cell and Skin,hsa-miR-4482,0.2567936182022095
Neurosyphilis,hsa-miR-4482,0.2567916512489319
Acute Pulmonary Embolism,hsa-miR-4482,0.25679105520248413
Coronary Stenosis,hsa-miR-4439,0.2567889094352722
Atrophy,hsa-miR-4439,0.256788432598114
Brucellosis and Bovine,hsa-miR-4439,0.2567852735519409
Ventricular Dysfunction,hsa-miR-4482,0.25678348541259766
Sleep Deprivation,hsa-miR-4439,0.2567819356918335
Venous Neointimal Hyperplasia,hsa-miR-218-1,0.25678032636642456
Lumbar Radicular Pain,hsa-miR-4439,0.256780207157135
Conjunctivitis and Allergic,hsa-miR-4482,0.25677627325057983
Kartagener Syndrome,hsa-miR-4482,0.2567700147628784
Weight Loss,hsa-miR-4482,0.25676363706588745
Breast Neoplasms and Basal Cell,hsa-miR-4439,0.25676214694976807
Osteoporosis-pseudoglioma syndrome,hsa-miR-4439,0.25676143169403076
Hyperuricemia,hsa-miR-4482,0.2567603588104248
Lattice corneal dystrophy type 1,hsa-miR-4433-3p,0.2567597031593323
Thrombotic Stroke,hsa-miR-4482,0.25675851106643677
"Muscular Atrophy, Spinal",hsa-miR-4439,0.25675612688064575
Muscular Diseases,hsa-miR-4439,0.25675588846206665
Chorioamnionitis,hsa-miR-4482,0.2567545771598816
Diabetic Neuropathies,hsa-miR-4482,0.2567514181137085
X-linked spermatogenic failure 1,hsa-miR-218-1,0.25675052404403687
Carcinoma and Cutaneous and Squamous Cell,hsa-miR-4482,0.25674694776535034
Intestinal Diseases,hsa-miR-4482,0.2567453980445862
Ventricular Dysfunction,hsa-miR-4439,0.25674450397491455
Microvascular Rarefaction,hsa-miR-4482,0.25674402713775635
Osteoporosis and Postmenopausal,hsa-miR-4482,0.25674039125442505
Meier-Gorlin syndrome,hsa-miR-4482,0.25673937797546387
Hallux Valgus,hsa-miR-4439,0.25673913955688477
Sciatica,hsa-miR-4482,0.256738543510437
Fissure in Ano,hsa-miR-4482,0.2567371726036072
Hypersensitivity and Immediate,hsa-miR-4439,0.25673532485961914
Spinal Cord Diseases,hsa-miR-4439,0.25673383474349976
Nonsyndromic sensorineural hearing loss,hsa-miR-4439,0.2567322254180908
Intracranial  Aneurysm,hsa-miR-4482,0.25673210620880127
Chronic  Rhinosinusitis With Nasal Polyps,hsa-miR-218-1,0.25672775506973267
Anterior Cruciate Ligament Injuries,hsa-miR-4439,0.25672608613967896
Azoospermia and Nonobstructive,hsa-miR-4439,0.25672584772109985
Mycobacterium Infections and Nontuberculous,hsa-miR-4482,0.2567253112792969
Cardiovascular Complications,hsa-miR-4482,0.25672459602355957
Colon   Adenocarcinoma,hsa-miR-4482,0.2567201852798462
Trypanosomiasis,hsa-miR-4482,0.25671952962875366
Enterocolitis,hsa-miR-4482,0.2567101716995239
Atrial Myosins,hsa-miR-4482,0.2567101716995239
Turcot syndrome,hsa-miR-4482,0.2567095160484314
Splenic Diseases,hsa-miR-4482,0.25670909881591797
Colorectal   Adenocarcinoma,hsa-miR-4482,0.2567085027694702
Carcinoma and Cutaneous and Squamous Cell,hsa-miR-4439,0.256708025932312
Melanoma and Experimental,hsa-miR-4482,0.25670695304870605
Cartilage Degradation,hsa-miR-4439,0.2567046284675598
Parathyroid Neoplasms,hsa-miR-4482,0.2567029595375061
Tibial Fractures,hsa-miR-4482,0.2567024230957031
Polyomavirus Infections,hsa-miR-4482,0.2567024230957031
Osteoporosis and Postmenopausal,hsa-miR-4439,0.2567015290260315
Cardiac Complexes and Premature,hsa-miR-4482,0.25670117139816284
Pituitary Diseases,hsa-miR-4439,0.25670069456100464
Ectrodactyly-cleft lip-palate syndrome,hsa-miR-4482,0.2567000985145569
Pulmonary edema of mountaineers,hsa-miR-4482,0.2566985487937927
Chagas Disease,hsa-miR-4482,0.2566983103752136
Acute Aortic   Dissection,hsa-miR-4482,0.25669777393341064
Bk Virus Infections,hsa-miR-4439,0.256697416305542
Bisphosphonate-Associated Osteonecrosis of the Jaw,hsa-miR-4482,0.25669705867767334
cone-rod dystrophy 6,hsa-miR-4439,0.25669676065444946
Hemangioma,hsa-miR-4482,0.2566964626312256
Hyperinsulinism,hsa-miR-4482,0.2566957473754883
Lymphoma and T-Cell and Cutaneous,hsa-miR-4482,0.2566952705383301
Hyperlipoproteinemia Type II,hsa-miR-4482,0.2566949129104614
Reticuloendotheliosis Virus Infections,hsa-miR-4482,0.2566937208175659
Cushing Syndrome,hsa-miR-4482,0.2566908597946167
Burns,hsa-miR-4439,0.2566893696784973
Respirovirus Infections,hsa-miR-4439,0.2566843032836914
Respiration Disorders and Infant,hsa-miR-4482,0.2566843032836914
Ocular Hypertension,hsa-miR-4439,0.2566836476325989
Hyperostosis,hsa-miR-4482,0.256683349609375
Lymphoma and Natural   Killer/T-Cell,hsa-miR-4482,0.256682813167572
Papilloma and Choroid Plexus,hsa-miR-4439,0.2566820979118347
Lacrimal Adenoid   Cystic Carcinoma,hsa-miR-4482,0.2566816806793213
Intestinal Neoplasms,hsa-miR-4482,0.256680965423584
Disorders of Excessive Somnolence,hsa-miR-4482,0.2566795349121094
Graves Disease,hsa-miR-4482,0.25667905807495117
Mastitis,hsa-miR-4482,0.25667804479599
Autistic Disorder,hsa-miR-4482,0.2566773295402527
Alveolar Bone Loss,hsa-miR-4482,0.2566770911216736
Cerebral Infarction,hsa-miR-4482,0.25667548179626465
Obesity and Abdominal,hsa-miR-4482,0.25667303800582886
Heart Defects and Congenital,hsa-miR-4482,0.25667285919189453
Vascular Calcification,hsa-miR-4439,0.2566725015640259
Enterocolitis,hsa-miR-4439,0.2566712498664856
Ehlers-Danlos Syndrome,hsa-miR-4482,0.25667041540145874
esophageal carcinoma,hsa-miR-4482,0.25666922330856323
Arthrogryposis and ectodermal dysplasia,hsa-miR-4482,0.2566691040992737
Kidney Failure and Chronic,hsa-miR-4482,0.2566686272621155
Melanoma and Experimental,hsa-miR-4439,0.2566680312156677
Hereditary pancreatitis,hsa-miR-4482,0.2566675543785095
Bronchial Hyperreactivity,hsa-miR-4439,0.25666749477386475
Multiple Pulmonary Nodules,hsa-miR-4439,0.256664514541626
Pseudarthrosis,hsa-miR-4482,0.2566640377044678
Enzootic Bovine Leukosis,hsa-miR-4482,0.25666242837905884
Warburg micro syndrome 1,hsa-miR-4482,0.2566618323326111
Tembusu virus,hsa-miR-4482,0.25666171312332153
Takayasu Arteritis,hsa-miR-4482,0.25666171312332153
Brain Injury and Chronic,hsa-miR-4439,0.2566615343093872
Aortic Aneurysm,hsa-miR-4439,0.25665897130966187
Collagen Diseases,hsa-miR-4482,0.25665873289108276
Lentivirus Infections,hsa-miR-218-1,0.2566577196121216
Movement Disorders,hsa-miR-4439,0.25665754079818726
Lymphoma and T-Cell and Cutaneous,hsa-miR-4439,0.25665634870529175
Reinjuries,hsa-miR-4439,0.2566562294960022
Lesch-Nyhan Syndrome,hsa-miR-4482,0.25665587186813354
Vascular Remodeling,hsa-miR-4482,0.25665587186813354
Enterovirus B and Human,hsa-miR-4482,0.2566555142402649
Reticuloendotheliosis Virus Infections,hsa-miR-4439,0.2566547393798828
Infections,hsa-miR-4482,0.25665414333343506
Respiratory Syncytial Virus Infections,hsa-miR-4482,0.2566525340080261
Retinal Detachment,hsa-miR-4482,0.25665193796157837
Bronchiolitis Obliterans,hsa-miR-4482,0.2566513419151306
renal fibrosis,hsa-miR-4439,0.25664907693862915
Pulmonary Edema,hsa-miR-4439,0.2566486597061157
Granulomatous Disease and Chronic,hsa-miR-218-1,0.25664669275283813
Kidney Transplant Rejection,hsa-miR-4482,0.25664591789245605
Cryopyrin-Associated Periodic Syndromes,hsa-miR-4482,0.25664305686950684
Nager acrofacial dysostosis,hsa-miR-4439,0.2566428780555725
Hypoxia-Ischemia and Brain and Newborn,hsa-miR-4439,0.2566426992416382
Sensation Disorders,hsa-miR-4482,0.2566424012184143
Cyprinid Herpesvirus 3,hsa-miR-4482,0.2566424012184143
Intestinal Neoplasms,hsa-miR-4439,0.2566419839859009
Multiple Organ Failure,hsa-miR-4482,0.2566407322883606
Gastric And Colon Cancer,hsa-miR-4439,0.25664037466049194
Graves Disease,hsa-miR-4439,0.25664013624191284
Cirrhotic Cardiomyopathy,hsa-miR-4482,0.25663965940475464
Mastitis,hsa-miR-4439,0.25663912296295166
Acute Lymphocytic Leukemia and B-Cell,hsa-miR-4482,0.25663870573043823
Rett Syndrome,hsa-miR-4482,0.2566382884979248
Alveolar Bone Loss,hsa-miR-4439,0.25663816928863525
gastric cardia adenocarcinoma,hsa-miR-4439,0.25663769245147705
Microphthalmia and syndromic 2,hsa-miR-4482,0.2566372752189636
Bronchopulmonary Dysplasia,hsa-miR-4482,0.2566370368003845
salivary gland mucoepidermoid carcinoma,hsa-miR-4482,0.25663697719573975
Peripheral Nervous System Diseases,hsa-miR-4482,0.25663650035858154
Cerebral Infarction,hsa-miR-4439,0.25663650035858154
Heart Diseases and Congenital,hsa-miR-4482,0.25663596391677856
Barrett Esophagus,hsa-miR-4439,0.2566353678703308
Fibrosarcoma,hsa-miR-4482,0.2566351294517517
Arthritis,hsa-miR-4439,0.25663357973098755
Infarction and Middle Cerebral Artery,hsa-miR-4439,0.2566334009170532
Osteoporotic Fracture and Tibial,hsa-miR-4439,0.2566331624984741
Arrhythmogenic Heart Diseases,hsa-miR-4482,0.25663310289382935
Ehlers-Danlos Syndrome,hsa-miR-4439,0.25663137435913086
esophageal carcinoma,hsa-miR-4439,0.2566303014755249
Neoplasm and Residual,hsa-miR-4482,0.2566302418708801
Kidney Failure and Chronic,hsa-miR-4439,0.25662970542907715
Hereditary pancreatitis,hsa-miR-4439,0.2566285729408264
American Tegumentary Leishmaniasis,hsa-miR-218-1,0.2566276788711548
Syphilis,hsa-miR-4439,0.2566274404525757
Retinal Dystrophies,hsa-miR-4439,0.2566274404525757
Tracheal Stenosis,hsa-miR-4482,0.2566273808479309
MPTP Poisoning,hsa-miR-4482,0.2566261291503906
Neurofibromatosis 2,hsa-miR-4482,0.2566258907318115
Alzheimer Disease ,hsa-miR-4482,0.256625771522522
Amnesia,hsa-miR-4482,0.25662535429000854
Lip and Hamartomatous,hsa-miR-4482,0.2566249370574951
Bone Neoplasms,hsa-miR-4482,0.25662487745285034
Hypertensive  Disorder Complicating Pregnancy,hsa-miR-4439,0.25662463903427124
Sleep Apnea Syndromes,hsa-miR-4482,0.25662344694137573
Polymyositis,hsa-miR-4439,0.25662338733673096
Malformations of Cortical Development and Group II,hsa-miR-4482,0.25662320852279663
Tembusu virus,hsa-miR-4439,0.2566227912902832
Glomus Tumor,hsa-miR-4482,0.2566218972206116
Allergic Inflammation,hsa-miR-4439,0.256621778011322
Palatal Neoplasms,hsa-miR-4482,0.2566211223602295
Aneurysm,hsa-miR-4482,0.2566201686859131
Cachexia,hsa-miR-4439,0.2566198706626892
Gingivitis,hsa-miR-4482,0.25661975145339966
Collagen Diseases,hsa-miR-4439,0.25661975145339966
Keratitis and Herpetic,hsa-miR-4439,0.2566196918487549
Ovarian Insufficiency and Premature,hsa-miR-4482,0.2566187381744385
Testicular Diseases,hsa-miR-4439,0.25661855936050415
Vascular System Injuries,hsa-miR-4482,0.25661760568618774
Immune-Mediated Inflammatory Diseases,hsa-miR-4482,0.25661665201187134
Enterovirus B and Human,hsa-miR-4439,0.25661659240722656
Leukemia and Myelomonocytic and Chronic,hsa-miR-4482,0.2566165328025818
Neuropathic Lysosomal Storage Diseases,hsa-miR-4439,0.2566150426864624
Central Nervous System Bacterial Infections,hsa-miR-4482,0.2566145062446594
Iron Metabolism Disorders,hsa-miR-4439,0.2566142678260803
Colonic Polyps,hsa-miR-4482,0.256614089012146
Mitral Valve Insufficiency,hsa-miR-4439,0.25661373138427734
Respiratory Syncytial Virus Infections,hsa-miR-4439,0.256613552570343
Infarction,hsa-miR-4482,0.25661319494247437
Larva Migrans and Visceral,hsa-miR-4439,0.2566130757331848
Ischemic Stroke and Diabetic,hsa-miR-4482,0.2566123604774475
Hemangioma and Infantile,hsa-miR-4482,0.25661152601242065
Nephrosclerosis,hsa-miR-4439,0.2566114664077759
Cerebral Hemorrhage and Spontaneous,hsa-miR-4439,0.25661057233810425
Malaria and Cerebral,hsa-miR-4482,0.256608247756958
Exudative Vitreoretinopathy 4,hsa-miR-4482,0.256608247756958
nonsyndromic congenital nail disorder 7,hsa-miR-4482,0.25660789012908936
familial multiple nevi flammei,hsa-miR-4439,0.25660741329193115
Cholera,hsa-miR-4482,0.25660693645477295
Hypoxia-Ischemia and Brain,hsa-miR-4439,0.2566065788269043
Sick Sinus Syndrome,hsa-miR-4439,0.2566063404083252
Cryopyrin-Associated Periodic Syndromes,hsa-miR-4439,0.25660407543182373
Acne Vulgaris,hsa-miR-4439,0.2566035985946655
Chronic Disease,hsa-miR-4482,0.2566032409667969
Cirrhotic Cardiomyopathy,hsa-miR-4439,0.25660067796707153
Autism Spectrum Disorder,hsa-miR-4482,0.2566002607345581
Rett Syndrome,hsa-miR-4439,0.2565993666648865
Gastrinoma,hsa-miR-4439,0.2565992474555969
Ataxia Neuropathy Spectrum,hsa-miR-4482,0.25659871101379395
Microphthalmia and syndromic 2,hsa-miR-4439,0.2565983533859253
Bronchopulmonary Dysplasia,hsa-miR-4439,0.2565981149673462
Encephalomyelitis and Enzootic Porcine,hsa-miR-4482,0.2565980553627014
Biotinidase Deficiency,hsa-miR-4482,0.25659728050231934
Spondylocheirodysplasia and Ehlers-Danlos Syndrome-Like,hsa-miR-4439,0.25659722089767456
Thalassemia,hsa-miR-4482,0.25659650564193726
Multiple Sclerosis and Chronic Progressive,hsa-miR-4482,0.25659501552581787
High Grade Ovarian Neoplasms,hsa-miR-4439,0.2565932273864746
Poorly Differentiated Thyroid Gland Carcinoma,hsa-miR-4439,0.2565916180610657
Neoplasm and Residual,hsa-miR-4439,0.2565913796424866
Corneal Neovascularization,hsa-miR-4482,0.2565907835960388
Lumbosacral Spinal Root Avulsion,hsa-miR-4439,0.2565891742706299
Thoracic Aortic   Dissection,hsa-miR-4482,0.2565876245498657
MPTP Poisoning,hsa-miR-4439,0.2565871477127075
Environmental Illness,hsa-miR-4482,0.25658637285232544
Starvation,hsa-miR-4482,0.2565860152244568
Autoimmune polyendocrinopathy syndrome and type 1,hsa-miR-4482,0.2565850615501404
Encephalitis and Tick-Borne,hsa-miR-218-1,0.25658470392227173
Kahrizi Syndrome,hsa-miR-4482,0.25658464431762695
low grade glioma,hsa-miR-4482,0.25658440589904785
Genital Diseases and Male,hsa-miR-4482,0.25658392906188965
Sarcoma and Ewing,hsa-miR-4482,0.2565837502479553
Exanthema,hsa-miR-4439,0.25658130645751953
Aneurysm,hsa-miR-4439,0.25658118724823
Gingivitis,hsa-miR-4439,0.2565808892250061
Bloom Syndrome,hsa-miR-4482,0.25658029317855835
Coronary Restenosis,hsa-miR-4439,0.2565784454345703
Uremia,hsa-miR-4439,0.25657814741134644
Premature Ovarian Aging,hsa-miR-4482,0.25657808780670166
Immune-Mediated Inflammatory Diseases,hsa-miR-4439,0.25657761096954346
Genital Diseases and Female,hsa-miR-4482,0.2565768361091614
Osteoarthritis and Post-Traumatic,hsa-miR-4439,0.25657540559768677
Urinary Bladder Diseases,hsa-miR-4439,0.25657522678375244
Colonic Polyps,hsa-miR-4439,0.25657516717910767
Infarction,hsa-miR-4439,0.25657421350479126
Microscopic Polyangiitis,hsa-miR-4482,0.2565733790397644
Ischemic Stroke and Diabetic,hsa-miR-4439,0.2565733790397644
Hemangioma and Infantile,hsa-miR-4439,0.25657254457473755
Peri-Implantitis,hsa-miR-4439,0.2565723657608032
Carcinoma and Squamous Cell and Cutaneous,hsa-miR-4482,0.25657105445861816
Bone Regeneration,hsa-miR-4482,0.25657033920288086
AIDS Dementia Complex,hsa-miR-4439,0.25657016038894653
Exudative Vitreoretinopathy 4,hsa-miR-4439,0.25656938552856445
Malaria and Cerebral,hsa-miR-4439,0.25656938552856445
Corneal Diseases,hsa-miR-4482,0.2565690875053406
ACTH Syndrome and Ectopic,hsa-miR-4482,0.2565688490867615
Chronic Gastritis,hsa-miR-4439,0.2565687298774719
Hepatopulmonary Syndrome,hsa-miR-4482,0.2565680146217346
Stanford Type A Aortic   Dissection,hsa-miR-4439,0.2565675973892212
Dental Caries,hsa-miR-4482,0.25656700134277344
Mast Cell Tumors,hsa-miR-4482,0.25656658411026
Endometrial Hyperplasia,hsa-miR-4439,0.2565663456916809
Hematologic Neoplasms,hsa-miR-4439,0.2565663456916809
Fetal Macrosomia,hsa-miR-4482,0.256564736366272
Wound Healing,hsa-miR-4482,0.2565646171569824
Skin Neoplasms and Non-Melanoma,hsa-miR-4439,0.2565629482269287
Oral Submucous Fibrosis,hsa-miR-4439,0.2565619945526123
Hemoglobinopathies,hsa-miR-4439,0.2565616965293884
Encephalomyelitis and Enzootic Porcine,hsa-miR-4439,0.2565591335296631
Noonan syndrome-like disorder with loose anagen hair,hsa-miR-4482,0.25655895471572876
Neural Tube Defects,hsa-miR-4439,0.2565586566925049
Osteochondromatosis,hsa-miR-4439,0.256558358669281
Cardiomyopathy and Dilated and with Left Ventricular Noncompaction,hsa-miR-4482,0.2565568685531616
Neoplasms and Multiple Primary,hsa-miR-4482,0.256555438041687
Leptomeningeal Metastasis,hsa-miR-4482,0.2565552592277527
DNA Repair-Deficiency Disorders,hsa-miR-4439,0.2565547227859497
Arthritis and Juvenile,hsa-miR-4482,0.25655466318130493
Eosinophilic enteropathy,hsa-miR-4482,0.2565540075302124
Craniofacial Abnormalities,hsa-miR-4482,0.25655311346054077
Thromboangiitis Obliterans,hsa-miR-4482,0.256552517414093
Pleomorphic Sarcoma and Undifferentiated,hsa-miR-4439,0.25655102729797363
Bradycardia,hsa-miR-4482,0.25655102729797363
Gynatresia,hsa-miR-4482,0.25655025243759155
Brain Neoplasms,hsa-miR-4482,0.2565499544143677
Papillon-Lefevre Disease,hsa-miR-4439,0.2565487027168274
Adrenal Cortex Neoplasms,hsa-miR-4439,0.2565484046936035
Skin Pigmentation,hsa-miR-4482,0.2565465569496155
Bone Diseases,hsa-miR-4482,0.25654637813568115
Heart Failure and Ischemic,hsa-miR-4439,0.2565458416938782
Thrombocythemia and Essential,hsa-miR-4482,0.2565455436706543
Glycogen Storage Disease Type VI,hsa-miR-4482,0.2565443515777588
Adiposis Dolorosa,hsa-miR-4482,0.2565440535545349
Polyps,hsa-miR-4439,0.25654375553131104
Adenomatous Polyposis Coli,hsa-miR-4482,0.2565425634384155
Dmd-Associated Dilated Cardiomyopathy,hsa-miR-4439,0.256542444229126
Deltaretrovirus Infections,hsa-miR-4439,0.2565411329269409
Asthma-Chronic Obstructive Pulmonary Disease Overlap Syndrome,hsa-miR-4439,0.2565399408340454
Foot-and-Mouth Disease,hsa-miR-4482,0.2565363645553589
Schistosomiasis,hsa-miR-4482,0.25653529167175293
Distal arthrogryposis type 2B,hsa-miR-4482,0.2565348744392395
Hyperpigmentation and Skin,hsa-miR-4482,0.2565343976020813
Polycythemia Vera,hsa-miR-4482,0.2565334439277649
White Spot Syndrome Virus  Infection,hsa-miR-4482,0.25653326511383057
End Stage Liver Disease,hsa-miR-4482,0.2565321922302246
Carcinoma and Squamous Cell and Cutaneous,hsa-miR-4439,0.25653213262557983
Postoperative Complications,hsa-miR-4482,0.2565305829048157
Moebius syndrome 1,hsa-miR-4482,0.2565305829048157
Simian Acquired Immunodeficiency Syndrome,hsa-miR-4439,0.2565305233001709
Carcinoma and Adenoid Cystic,hsa-miR-4482,0.2565304636955261
Cerebral Intraventricular Hemorrhage,hsa-miR-4439,0.25652992725372314
uterine corpus endometrial carcinoma,hsa-miR-4482,0.25652801990509033
Myeloproliferative Disorders,hsa-miR-4439,0.2565273642539978
Corneal Injuries,hsa-miR-4439,0.2565208673477173
osteogenesis imperfecta type 1,hsa-miR-4482,0.25652003288269043
arthrogryposis and renal dysfunction and and cholestasis 1,hsa-miR-4482,0.25651687383651733
Vertigo,hsa-miR-4482,0.2565164566040039
recessive dystrophic epidermolysis bullosa,hsa-miR-4482,0.2565150260925293
Arm Lymphedema,hsa-miR-4439,0.25651389360427856
Human Herpesvirus 6 encephalitis,hsa-miR-4439,0.2565133571624756
Cytokine Release Syndrome,hsa-miR-4482,0.2565118074417114
Keratoconus,hsa-miR-4439,0.25651174783706665
Heart Valve Diseases,hsa-miR-4482,0.25650954246520996
Bone Diseases,hsa-miR-4439,0.2565074563026428
sporatic amyotrophic lateral sclerosis,hsa-miR-4482,0.25650638341903687
Lymphoma and Mantle-Cell,hsa-miR-4439,0.25650566816329956
Bowen-Conradi syndrome,hsa-miR-4482,0.25650548934936523
Hearing Loss and Unilateral,hsa-miR-4482,0.25650525093078613
Facial Nerve Injuries,hsa-miR-4439,0.2565024495124817
Leg Ulcer,hsa-miR-4482,0.2565014362335205
Venous Thrombosis,hsa-miR-4439,0.25650113821029663
Pediatric Cystic Fibrosis,hsa-miR-4482,0.2564988136291504
Virus Diseases,hsa-miR-4482,0.2564963102340698
Hematoma and Subdural and Chronic,hsa-miR-4439,0.2564958333969116
Hyperpigmentation and Skin,hsa-miR-4439,0.25649547576904297
Lymphoma and Extranodal NK-T-Cell,hsa-miR-4482,0.25649476051330566
Polycythemia Vera,hsa-miR-4439,0.25649452209472656
White Spot Syndrome Virus  Infection,hsa-miR-4439,0.25649434328079224
End Stage Liver Disease,hsa-miR-4439,0.2564932107925415
Moebius syndrome 1,hsa-miR-4439,0.25649160146713257
Obstetric Labor Complications,hsa-miR-4482,0.2564913034439087
Thymoma,hsa-miR-4439,0.2564886212348938
Borna Disease,hsa-miR-4439,0.2564847469329834
Neurodevelopmental Disorders,hsa-miR-4482,0.2564823031425476
Acute Coronary Syndrome and Non-St  Elevation,hsa-miR-4439,0.25648200511932373
arthrogryposis and renal dysfunction and and cholestasis 1,hsa-miR-4439,0.25647789239883423
Familial primary gastric lymphoma,hsa-miR-4439,0.25647664070129395
Abortion and Spontaneous,hsa-miR-4439,0.2564725875854492
Hearing Loss and Unilateral,hsa-miR-4439,0.2564663290977478
Wiskott-Aldrich Syndrome,hsa-miR-4482,0.2564655542373657
common variable immunodeficiency 2,hsa-miR-4482,0.2564655542373657
Glucose Intolerance,hsa-miR-4439,0.25645923614501953
Lymphoma and Extranodal NK-T-Cell,hsa-miR-4439,0.25645583868026733
common variable immunodeficiency 2,hsa-miR-4439,0.25642651319503784
Testicular Neoplasms,hsa-miR-20b*,0.25642502307891846
Hemoglobin Bart'S Hydrops   Fetalis Syndrome,hsa-miR-4439,0.25642257928848267
Thyroiditis and Subacute,hsa-miR-4439,0.25642240047454834
Community-Acquired Pneumonia,hsa-miR-4482,0.25642138719558716
N acetyltransferase deficiency,hsa-miR-4439,0.2564203143119812
Amebiasis,hsa-miR-20b*,0.2564091086387634
Meniscus Degeneration,hsa-miR-20b*,0.2563731074333191
Juvenile gout,hsa-miR-20b*,0.2563098073005676
Human T-Cell Leukemia Virus Type 1 Infections,hsa-miR-20b*,0.25630462169647217
Esophageal Fibrosis,hsa-miR-218-1,0.25628966093063354
Postoperative Nausea and Vomiting,hsa-miR-4437,0.2562446594238281
Equine Infectious Anemia,hsa-miR-152-5p,0.2561829686164856
Brachial Plexus Avulsion ,hsa-miR-20b*,0.2561752200126648
Phyllodes Tumor and Breast,hsa-miR-20b*,0.2561200261116028
Venous Neointimal Hyperplasia,hsa-miR-20b*,0.2561180591583252
Myeloma Bone Disease,hsa-miR-20b*,0.256081759929657
Absent corpus callosum cataract immunodeficiency,hsa-miR-20b*,0.2560640573501587
Classical Swine Fever,hsa-miR-20b*,0.25604939460754395
Optic atrophy 1 and deafness,hsa-miR-3928-3p,0.2560228109359741
Renal Artery Obstruction,hsa-miR-20b*,0.2560226321220398
Autoimmune Diseases of the Nervous System,hsa-miR-20b*,0.25600963830947876
Testicular Neoplasms,hsa-miR-3928-3p,0.25599873065948486
Lentivirus Infections,hsa-miR-20b*,0.25599539279937744
Urologic Diseases,hsa-miR-20b*,0.25595998764038086
Meniscus Degeneration,hsa-miR-3928-3p,0.2559467554092407
Human T-Cell Leukemia Virus Type 1 Infections,hsa-miR-3928-3p,0.2558783292770386
Human T-Cell Leukemia Virus Type 1 Infections,hsa-miR-141*,0.25584954023361206
Splenic Neoplasms,hsa-miR-3928-3p,0.25583356618881226
Amebiasis,hsa-miR-103-as,0.25580698251724243
Rhabdoviridae Infections,hsa-miR-3928-3p,0.2558005452156067
Diminished  Ovarian Reserve,hsa-miR-3928-3p,0.2557758688926697
Posterior Segment Ocular Diseases,hsa-miR-3928-3p,0.2557539939880371
Neutropenia,hsa-miR-3928-3p,0.2557276487350464
Reperfusion Injury and Testicular Ischemia,hsa-miR-3928-3p,0.25571542978286743
Lattice corneal dystrophy type 1,hsa-miR-3928-3p,0.25569725036621094
Venous Neointimal Hyperplasia,hsa-miR-3928-3p,0.2556917667388916
Crisponi syndrome,hsa-miR-3928-3p,0.2556722164154053
Swine Diseases,hsa-miR-3928-3p,0.2556465268135071
Classical Swine Fever,hsa-miR-3928-3p,0.2556231617927551
Reperfusion Injury and Testicular Ischemia,hsa-miR-26b-5p,0.255571186542511
Granulomatous Disease and Chronic,hsa-miR-3928-3p,0.25555819272994995
cataract 32 multiple types,hsa-miR-376b-3p,0.25555306673049927
Neutropenia,hsa-miR-103-as,0.25555187463760376
Primary Gastrointestinal Diffuse Large B-Cell Lymphoma ,hsa-miR-103-as,0.255551815032959
Lattice corneal dystrophy type 1,hsa-miR-103-as,0.2555214762687683
Testicular Neoplasms,hsa-miR-147b,0.2554616332054138
Meniscus Degeneration,hsa-miR-147b,0.2554096579551697
Acute Uterine Injury,hsa-miR-448,0.2554030418395996
Hay-Wells syndrome,hsa-miR-3202,0.2553756833076477
Amebiasis,hsa-miR-3202,0.2553597092628479
Adenocarcinoma Of Esophagus,hsa-miR-3202,0.2552991509437561
Splenic Neoplasms,hsa-miR-3917,0.25529545545578003
Brugada Syndrome,hsa-miR-3202,0.2551879286766052
Meniscus Degeneration,hsa-miR-1285-2,0.25516682863235474
Phyllodes Tumor and Breast,hsa-miR-147b,0.25515663623809814
Alveolar echinococcosis,mmu-miR-697,0.25511687994003296
Thyroiditis and Autoimmune,mmu-miR-697,0.2551115155220032
Myotonic Disorders,mmu-miR-697,0.2551087737083435
Human T-Cell Leukemia Virus Type 1 Infections,hsa-miR-1285-2,0.2550984025001526
Quadruple Negative Breast Cancer,mmu-miR-697,0.25509196519851685
Hypertension and Pregnancy-Induced,mmu-miR-697,0.2550908923149109
Nevi and Melanomas,hsa-miR-147b,0.2550884485244751
Hypoxia and Brain,mmu-miR-697,0.2550814747810364
Amebiasis,hsa-miR-433,0.2550802230834961
Fluorosis and Dental,mmu-miR-697,0.25507664680480957
Myotonic Dystrophy,hsa-miR-147b,0.2550659775733948
Papillomavirus Infections,mmu-miR-697,0.255062460899353
Tongue Neoplasms,mmu-miR-697,0.25506073236465454
Sarcopenia,mmu-miR-697,0.25505757331848145
Wound Infection,hsa-miR-3202,0.2550550103187561
Intracranial Arteriosclerosis,mmu-miR-697,0.25505268573760986
thyroid gland Hurthle cell carcinoma,hsa-miR-433,0.25505220890045166
Foot Ulcer,mmu-miR-697,0.2550489902496338
Asthma and Chronic,hsa-miR-3202,0.2550469636917114
Vitelliform Macular Dystrophy,hsa-miR-3917,0.25504374504089355
Inflammation and Chronic,hsa-miR-3202,0.25504183769226074
Pyloric Hypomotility,mmu-miR-697,0.25504153966903687
Cerebral Infarction and Acute,mmu-miR-697,0.2550399899482727
Incontinentia Pigmenti,mmu-miR-697,0.25503551959991455
Glaucoma and Open-Angle,mmu-miR-697,0.255035400390625
Equine Infectious Anemia,hsa-miR-3202,0.25502562522888184
Polyposis Syndrome and Hereditary Mixed and 1,hsa-miR-433,0.2550235390663147
Radiation-Induced Pulmonary Fibrosis,mmu-miR-697,0.2550157308578491
Large Artery  Atherosclerosis,mmu-miR-697,0.25501543283462524
Optic Nerve Glioma,hsa-miR-3202,0.25501251220703125
Multiple Chronic Conditions,mmu-miR-697,0.2550106644630432
Cerebral Small Vessel Diseases,mmu-miR-697,0.2550056576728821
Hemangioma and Cavernous,mmu-miR-697,0.2550055980682373
Bronchial Diseases,mmu-miR-697,0.2550044059753418
Sepsis and Intensive Care Unit-Acquired,hsa-miR-3202,0.25499874353408813
Pigmentation Disorders,mmu-miR-697,0.25499534606933594
Acrodermatitis enteropathica,mmu-miR-697,0.2549929618835449
Lipodystrophy and Partial and Acquired,mmu-miR-697,0.25499212741851807
Wound Infection,hsa-miR-3655,0.2549911141395569
colon carcinoma,mmu-miR-697,0.2549896836280823
frontotemporal dementia,mmu-miR-697,0.2549883723258972
Allograft Rejection and Antibody-Mediated,mmu-miR-697,0.25497716665267944
Sarcoma and Synovial,mmu-miR-697,0.25496751070022583
Neoplasm Metastasis,mmu-miR-697,0.2549653649330139
Respiratory Distress Syndrome and Newborn,mmu-miR-697,0.25496208667755127
Enteropathy-Associated T-Cell Lymphoma,mmu-miR-697,0.25495803356170654
Polyneuropathies,hsa-miR-3202,0.2549512982368469
Postoperative Nausea and Vomiting,hsa-miR-4482,0.2549484372138977
Reperfusion Injury and Testicular Ischemia,hsa-miR-1285-2,0.25493550300598145
Coronary Stenosis,mmu-miR-697,0.2549334168434143
Hydrocephalus,mmu-miR-697,0.25492388010025024
Turner Syndrome,mmu-miR-697,0.25491923093795776
Neoplasms and Mesothelial,hsa-miR-3202,0.2549161911010742
Angioedemas and Hereditary,hsa-miR-433,0.25488197803497314
Hyperplasia,mmu-miR-697,0.2548694610595703
Diabetic Neuropathies,mmu-miR-697,0.25485700368881226
salivary gland adenoid cystic carcinoma,mmu-miR-697,0.25485342741012573
Posterior Segment Ocular Diseases,hsa-miR-433,0.25485140085220337
Ear Diseases,mmu-miR-697,0.2548482418060303
cone-rod dystrophy 6,mmu-miR-697,0.25484132766723633
Necrobiotic Disorders,mmu-miR-697,0.2548372149467468
Critical Illness,mmu-miR-697,0.2548283338546753
Tetralogy of Fallot,mmu-miR-697,0.25481903553009033
Colorectal   Adenocarcinoma,mmu-miR-697,0.254814088344574
Deglutition Disorders,hsa-miR-1229-3p,0.25480955839157104
Liver Failure,mmu-miR-697,0.25480228662490845
Primary Central Nervous System Lymphoma,mmu-miR-697,0.25480079650878906
Cushing Syndrome,mmu-miR-697,0.25479644536972046
Liver Cirrhosis and Hepatitis Virus B-Related,mmu-miR-697,0.2547934651374817
Phyllodes Tumor and Breast,hsa-miR-433,0.25479114055633545
Bicuspid Aortic Valve Disease,mmu-miR-697,0.2547800540924072
Intracranial Hemorrhages,mmu-miR-697,0.2547789216041565
Heart Defects and Congenital,mmu-miR-697,0.25477850437164307
Infarction and Middle Cerebral Artery,mmu-miR-697,0.2547779679298401
esophageal carcinoma,mmu-miR-697,0.25477486848831177
Pseudarthrosis,mmu-miR-697,0.25476956367492676
Lyme Disease,mmu-miR-697,0.25476908683776855
Adenocarcinoma,mmu-miR-697,0.25476861000061035
Polymyositis,mmu-miR-697,0.2547680139541626
Warburg micro syndrome 1,mmu-miR-697,0.25476741790771484
Megalencephalic leukoencephalopathy with subcortical cysts,mmu-miR-697,0.254766047000885
Chediak-Higashi Syndrome,hsa-miR-26a-1-3p,0.25476521253585815
 Equine Hepacivirus Infections,mmu-miR-697,0.25476163625717163
Precursor T-Cell Lymphoblastic Leukemia-Lymphoma,mmu-miR-697,0.25475984811782837
Larva Migrans and Visceral,mmu-miR-697,0.2547575831413269
Anemia,mmu-miR-697,0.25474977493286133
Langer mesomelic dysplasia,mmu-miR-697,0.25474923849105835
Acute Lymphoblastic Leukemia and T-Cell,mmu-miR-697,0.2547444701194763
Acute Lymphocytic Leukemia and B-Cell,mmu-miR-697,0.25474435091018677
Arrhythmogenic Heart Diseases,mmu-miR-697,0.2547386884689331
SHORT syndrome,mmu-miR-697,0.25473833084106445
Hind Limb Ischemia,mmu-miR-697,0.25473296642303467
Choroidal Neovascularization,mmu-miR-697,0.25473129749298096
Choroidal Melanoma,mmu-miR-697,0.2547280192375183
Adrenocortical Carcinoma,mmu-miR-697,0.254726767539978
Colorectal Neoplasms and Hereditary Nonpolyposis,mmu-miR-697,0.25472474098205566
Sarcoma and Kaposi,mmu-miR-697,0.2547239065170288
Wasting Disease and Chronic,mmu-miR-697,0.2547222971916199
Infarction,mmu-miR-697,0.2547188997268677
Canavan Disease,hsa-miR-1285-2,0.2547183632850647
AIDS Dementia Complex,mmu-miR-697,0.2547147274017334
Neuroleptic Malignant Syndrome,mmu-miR-697,0.25471413135528564
Necrosis,mmu-miR-697,0.2547132968902588
Hypotension,mmu-miR-697,0.2547130584716797
Nephritis,mmu-miR-697,0.2547125816345215
Hematologic Neoplasms,mmu-miR-697,0.25471097230911255
Mitochondrial Diseases,mmu-miR-697,0.25471001863479614
Airway Inflammation,mmu-miR-697,0.2547096014022827
Aneuploidy,mmu-miR-697,0.25470679998397827
Oral Submucous Fibrosis,mmu-miR-697,0.25470656156539917
Autism Spectrum Disorder,mmu-miR-697,0.25470584630966187
Ataxia Neuropathy Spectrum,mmu-miR-697,0.2547043561935425
Encephalomyelitis and Enzootic Porcine,mmu-miR-697,0.25470370054244995
Neural Tube Defects,mmu-miR-697,0.2547031044960022
Gastric Intestinal   Metaplasia,mmu-miR-697,0.25470149517059326
Multiple Sclerosis and Chronic Progressive,mmu-miR-697,0.25470060110092163
T-cell acute lymphoblastic leukemia,mmu-miR-697,0.2546998858451843
Lipodystrophy,mmu-miR-697,0.2546982169151306
Low Back Pain,mmu-miR-697,0.25469517707824707
Aortic Diseases,mmu-miR-697,0.2546946406364441
X-linked juvenile retinoschisis 1,mmu-miR-697,0.25469446182250977
Sepsis Induced Liver Injury,mmu-miR-697,0.2546934485435486
Myocarditis,mmu-miR-697,0.2546933889389038
Papillon-Lefevre Disease,mmu-miR-697,0.25469326972961426
Finnish lethal neonatal metabolic syndrome,mmu-miR-697,0.2546917200088501
brachydactyly type D,mmu-miR-697,0.2546904683113098
Genital Diseases and Male,mmu-miR-697,0.2546895146369934
Polyps,mmu-miR-697,0.2546883225440979
Growth Disorders,mmu-miR-697,0.25468742847442627
Femur Head Necrosis,mmu-miR-697,0.2546856999397278
Brachial Plexus Injury,mmu-miR-697,0.25468504428863525
Periodontal Diseases,mmu-miR-697,0.25468266010284424
Genital Diseases and Female,mmu-miR-697,0.2546824812889099
Microscopic Polyangiitis,mmu-miR-697,0.25467902421951294
Dehydration,mmu-miR-697,0.25467467308044434
PEHO syndrome,mmu-miR-697,0.2546725869178772
Lentivirus Infections,hsa-miR-433,0.25466662645339966
Pain and Inflammatory,mmu-miR-697,0.25466448068618774
Graft vs Host Disease,mmu-miR-697,0.25465667247772217
Fibrous Dysplasia and Polyostotic,mmu-miR-697,0.25465571880340576
Brain Neoplasms,mmu-miR-697,0.25465553998947144
Adrenocortical Adenoma,hsa-miR-4292,0.2546536326408386
Urinary Calculi,hsa-miR-433,0.25465071201324463
Neoplasms and Mesothelial,hsa-miR-433,0.2546367645263672
Vertigo,mmu-miR-697,0.25462204217910767
Bowen-Conradi syndrome,mmu-miR-697,0.2546110153198242
Pediatric Obesity,mmu-miR-697,0.25460970401763916
Adrenocortical Carcinoma and Pediatric,mmu-miR-697,0.25460201501846313
Enterocolitis and Pseudomembranous,mmu-miR-697,0.25460028648376465
Dysentery and Bacillary,hsa-miR-18b-5p,0.2545556426048279
Meniscus Degeneration,hsa-miR-150-5p,0.254530131816864
Pancreatitis and Acute Hemorrhagic,hsa-miR-26a-1-3p,0.2545240521430969
Intrahepatic Cholestasis of Pregnancy,mmu-miR-678,0.25449174642562866
Urinary Calculi,hsa-miR-4436b-5p,0.2544768452644348
Human T-Cell Leukemia Virus Type 1 Infections,hsa-miR-150-5p,0.2544616460800171
Reperfusion Injury and Testicular Ischemia,hsa-miR-4292,0.2544211745262146
Osteoblastoma,hsa-miR-4292,0.25433963537216187
Nevi and Melanomas,hsa-miR-4292,0.25433140993118286
Inflammation and Chronic,hsa-miR-18b-5p,0.25432246923446655
Neutropenia,hsa-miR-150-5p,0.2543109655380249
Equine Infectious Anemia,hsa-miR-18b-5p,0.2543063163757324
Periodontitis and Diabetic,hsa-miR-18b-5p,0.2542603611946106
Asthma and Chronic,hsa-miR-150-5p,0.25425344705581665
Inflammation and Chronic,hsa-miR-150-5p,0.2542482018470764
Equine Infectious Anemia,hsa-miR-150-5p,0.25423210859298706
Vitelliform Macular Dystrophy,hsa-miR-3606-3p,0.254210889339447
Posterior Segment Ocular Diseases,hsa-miR-296-3p,0.25390028953552246
Asthma and Chronic,hsa-miR-1180,0.2538289427757263
Leishmaniasis and Visceral,hsa-miR-1180,0.2537969946861267
Canavan Disease,hsa-miR-296-3p,0.2536446452140808
Arterial Occlusive Diseases,hsa-miR-181a-1*,0.25363868474960327
Reperfusion Injury and Testicular Ischemia,hsa-miR-3658,0.253406822681427
Asthma and Chronic,hsa-miR-3658,0.2533615231513977
Vitelliform Macular Dystrophy,hsa-miR-1185-2-3p,0.25334590673446655
Brugada Syndrome,hsa-miR-2681,0.2532968521118164
Testicular Neoplasms,hsa-miR-152,0.2532097101211548
Lattice corneal dystrophy type 1,hsa-miR-2681,0.2531832456588745
Adrenocortical Adenoma,hsa-miR-134-5p,0.2530462145805359
Periapical Periodontitis,hsa-miR-4456,0.2529541254043579
Humeral Fractures,hsa-miR-4418,0.2528844475746155
Amebiasis,mmu-miR-744,0.2528071403503418
Immune System Diseases,hsa-miR-4428,0.25272077322006226
White Dot Syndromes,hsa-miR-4428,0.25269871950149536
Spinal Cord Compression,mmu-miR-744,0.2526840567588806
Fatty Liver,hsa-miR-4428,0.25267863273620605
HTLV-II Infections,hsa-miR-4428,0.2526698112487793
Myeloproliferative Disorder and Chronic and with Eosinophilia,hsa-miR-4428,0.25266242027282715
Hypoxia and Brain,rno-miR-352,0.2526612877845764
Bronchial Diseases,hsa-miR-4428,0.2526533007621765
vulva squamous cell carcinoma,hsa-miR-4428,0.25265276432037354
Coronavirus Infections,rno-miR-352,0.25265079736709595
Rotator Cuff,hsa-miR-4428,0.2526436448097229
Poisoning,hsa-miR-4428,0.2526317834854126
Testicular Germ Cell Tumor,rno-miR-352,0.25262194871902466
obstructive nephropathy,rno-miR-352,0.2526184320449829
Angioedemas and Hereditary,mmu-miR-744,0.2526088356971741
Early-Stage Malignant Melanoma,rno-miR-352,0.25260061025619507
Extra-Hepatic Portal Venous  Obstruction ,hsa-miR-4428,0.25258564949035645
Cerebral Small Vessel Diseases,rno-miR-352,0.2525854706764221
Syphilis and secondary,rno-miR-352,0.2525767683982849
Gliosis,mmu-miR-744,0.25257670879364014
Orchitis,hsa-miR-4428,0.25256937742233276
Temporomandibular Joint Osteoarthritis,hsa-miR-4428,0.25254857540130615
Prion Diseases,rno-miR-352,0.2525407075881958
Reperfusion Injury and Testicular Ischemia,mmu-miR-744,0.25253981351852417
Conjunctivitis and Allergic,hsa-miR-4428,0.2525307536125183
Hyperplasia,hsa-miR-4428,0.25251829624176025
Urinary Retention,hsa-miR-4428,0.25249630212783813
Cysts,hsa-miR-4428,0.25248974561691284
uric acid nephrolithiasis,rno-miR-352,0.2524842619895935
Equine Infectious Anemia,mmu-miR-744,0.2524731159210205
Mesothelioma and Malignant and Pleural,hsa-miR-4428,0.2524626851081848
Dermatitis and Allergic Contact,rno-miR-352,0.2524588108062744
Chagas Disease,hsa-miR-4428,0.2524528503417969
Bacterial Infections,hsa-miR-4428,0.2524510622024536
Mastitis,hsa-miR-4428,0.25243258476257324
Diastrophic dysplasia,hsa-miR-4428,0.25243163108825684
Long Term Adverse Effects,hsa-miR-4428,0.25242990255355835
Chromate Resistance,hsa-miR-4428,0.2524297833442688
Retinal Dystrophies,hsa-miR-4428,0.2524210214614868
Pseudarthrosis,hsa-miR-4428,0.2524184584617615
Epilepsy and Post-Traumatic,hsa-miR-4428,0.252411425113678
Hirschsprung Disease,hsa-miR-4428,0.25241076946258545
Enterovirus B and Human,hsa-miR-4428,0.25241005420684814
Infections,hsa-miR-4428,0.2524086833000183
ACTH-independent macronodular adrenal hyperplasia,hsa-miR-4428,0.2524086833000183
Autoimmune Diseases of the Nervous System,mmu-miR-744,0.2524077892303467
Iron Metabolism Disorders,hsa-miR-4428,0.2524077296257019
Coronary Artery Calcification,hsa-miR-4428,0.25240594148635864
Rhinitis and Allergic and Seasonal,hsa-miR-4428,0.2524055242538452
Urinary Bladder Neck Obstruction,mmu-miR-676-3p,0.25239813327789307
Glaucoma,hsa-miR-4428,0.2523975372314453
Cyprinid Herpesvirus 3,hsa-miR-4428,0.2523968815803528
Multiple Organ Failure,hsa-miR-4428,0.2523952126502991
Colorectal   Adenocarcinoma,rno-miR-352,0.2523939609527588
Neurofibroma and Plexiform,rno-miR-352,0.2523916959762573
Polyomavirus Infections,rno-miR-352,0.2523878216743469
ovarian carcinoma,rno-miR-352,0.2523849606513977
Neurofibromatosis 2,hsa-miR-4428,0.25238037109375
Choroidal Melanoma,hsa-miR-4428,0.252376914024353
Palatal Neoplasms,hsa-miR-4428,0.25237566232681274
Dwarfism,hsa-miR-4428,0.25237494707107544
Ataxia with vitamin E deficiency,hsa-miR-4428,0.2523741126060486
External Auditory Canal Squamous Cell Carcinoma,rno-miR-352,0.25237077474594116
Cleidocranial Dysplasia,hsa-miR-4428,0.2523684501647949
Neuroectodermal Tumors and Primitive,hsa-miR-4428,0.2523629665374756
Cervical Intraepithelial Neoplasia,hsa-miR-4428,0.2523624300956726
Chronic Disease,hsa-miR-4428,0.2523576617240906
Oral Submucous Fibrosis,hsa-miR-4428,0.25235551595687866
mucinous cystadenocarcinoma of pancreas,hsa-miR-4428,0.2523546814918518
Primary Graft Dysfunction,hsa-miR-4428,0.25235283374786377
Pruritus,hsa-miR-4428,0.2523508071899414
X-linked juvenile retinoschisis 1,hsa-miR-4428,0.2523433566093445
Finnish lethal neonatal metabolic syndrome,hsa-miR-4428,0.2523406744003296
Arrest of spermatogenesis,rno-miR-352,0.25232601165771484
Angina and Unstable,hsa-miR-4428,0.2523258328437805
Dehydration,hsa-miR-4428,0.2523235082626343
Spermatic Cord Torsion,rno-miR-352,0.2523234486579895
Niemann-Pick disease type C1,hsa-miR-4428,0.2523215413093567
Cystic Fibrosis,rno-miR-352,0.2523159384727478
Human Herpesvirus 6 encephalitis,hsa-miR-4428,0.2523067593574524
Diabetic Retinopathy ,hsa-miR-4428,0.2523046135902405
Pain and Postoperative,rno-miR-352,0.252299964427948
Arrhythmias and Cardiac,rno-miR-352,0.25229930877685547
nonsyndromic congenital nail disorder 7,rno-miR-352,0.2522932291030884
Hyperpigmentation and Skin,hsa-miR-4428,0.25228893756866455
Pleomorphic Sarcoma and Undifferentiated,rno-miR-352,0.2522754669189453
Vertigo,hsa-miR-4428,0.25227099657058716
Cystadenocarcinoma and Serous and Endometrial,hsa-miR-4428,0.25226855278015137
Abortion and Spontaneous,hsa-miR-4428,0.252265989780426
Myeloproliferative Disorders,rno-miR-352,0.25225168466567993
Enterocolitis and Pseudomembranous,hsa-miR-4428,0.2522491216659546
Bovine Virus Diarrhea-Mucosal Disease,rno-miR-352,0.252244234085083
Craniofacial Abnormalities,rno-miR-352,0.25223857164382935
Airway Obstruction,hsa-let-7i-5p,0.2521984577178955
Human T-Cell Leukemia Virus Type 1 Infections,hsa-let7i,0.2520253658294678
Amyloidosis,hsa-mir-7844,0.25202476978302
Amelogenesis Imperfecta,hsa-mir-7844,0.25195473432540894
Birth Weight,hsa-miR-20a*,0.25195062160491943
Hepatitis E,hsa-mir-7844,0.25193411111831665
Hyperpigmentation,hsa-mir-7844,0.2519320845603943
Rectal Injury,hsa-mir-7844,0.25192415714263916
Lung Carcinoid,hsa-mir-7844,0.251900851726532
White Dot Syndromes,hsa-mir-7844,0.25189197063446045
Pyloric Hypomotility,hsa-mir-7844,0.25188368558883667
Reperfusion Injury and Testicular Ischemia,hsa-miR-329-2,0.25187885761260986
Incontinentia Pigmenti,hsa-mir-7844,0.25187772512435913
Brucellosis,hsa-mir-7844,0.2518775463104248
Fibrous Dysplasia of Bone,hsa-mir-7844,0.2518731355667114
Sexual Dysfunctions and Psychological,hsa-mir-7844,0.2518690824508667
Ichthyosis and Lamellar,hsa-mir-7844,0.2518676519393921
HTLV-II Infections,hsa-mir-7844,0.25186318159103394
Arthritis and Gouty,hsa-mir-7844,0.25186121463775635
Endodermal Sinus Tumor,hsa-mir-7844,0.2518589496612549
Intestinal Fistula,hsa-mir-7844,0.2518581748008728
Large Artery  Atherosclerosis,hsa-mir-7844,0.2518577575683594
Venous Neointimal Hyperplasia,hsa-miR-329-2,0.2518553137779236
Bronchopneumonia,hsa-mir-7844,0.25185245275497437
Liver Failure and Acute,hsa-mir-7844,0.2518489956855774
Cerebral Small Vessel Diseases,hsa-mir-7844,0.2518478035926819
Hair Diseases,hsa-mir-7844,0.2518468499183655
Gluteal Muscle Contracture,hsa-mir-7844,0.2518464922904968
Uterine Diseases,hsa-mir-7844,0.25184404850006104
Periapical Periodontitis,hsa-miR-4443,0.2518414258956909
Thrombosis,hsa-mir-7844,0.25184130668640137
Rabies,hsa-mir-7844,0.25184041261672974
Heart Failure and Systolic,hsa-mir-7844,0.25183993577957153
Bronchiectasis With Or Without Elevated Sweat Chloride 1,hsa-mir-7844,0.2518347501754761
Diabetes Of The Exocrine Pancreas ,hsa-mir-7844,0.25183457136154175
Chondrocyte Hypertrophy,hsa-miR-4446-5p,0.2518311142921448
dystonia 5,hsa-mir-7844,0.25182974338531494
Breast Diseases,hsa-mir-7844,0.25182491540908813
Mycobacterium avium-intracellulare Infection,hsa-mir-7844,0.2518085241317749
Porphyria and Variegate,hsa-mir-7844,0.25180816650390625
Pancreatic Beta-Cell Dysfunction,hsa-miR-329-2,0.2518039345741272
Myeloma Bone Disease,hsa-let7i,0.2518025040626526
Leukemia and Myeloid and Accelerated Phase,hsa-mir-7844,0.25180190801620483
Mobility Limitation,hsa-mir-7844,0.25180143117904663
Hyperandrogenism,hsa-mir-7844,0.25179314613342285
Encephalomyelitis and Acute Disseminated,hsa-mir-7844,0.2517915964126587
Liver Disease and Alcohol-Associated ,hsa-mir-7844,0.2517520785331726
Meningitis and Fungal,hsa-mir-7844,0.2517493963241577
Multiple Trauma,hsa-mir-7844,0.251747727394104
UV-Sensitive Syndrome,hsa-miR-329-2,0.2517458200454712
Muscular Diseases,hsa-mir-7844,0.2517426013946533
Temporomandibular Joint Osteoarthritis,hsa-mir-7844,0.251741886138916
Hand and Foot and Mouth Disease,hsa-mir-7844,0.2517262101173401
Placental Insufficiency,hsa-mir-7844,0.2517182230949402
Maxillary Sinusitis,hsa-mir-7844,0.25170260667800903
Reperfusion Injury and Testicular Ischemia,hsa-miR-4281,0.25170040130615234
Psychotic Disorders,hsa-mir-7844,0.2516990900039673
Toxoplasmosis and Ocular,hsa-mir-7844,0.25168752670288086
Meier-Gorlin syndrome,hsa-mir-7844,0.2516871690750122
Cysts,hsa-mir-7844,0.2516830563545227
Tuberculosis and Meningeal,hsa-mir-7844,0.25168293714523315
Malaria and Vivax,hsa-mir-7844,0.25167936086654663
Vaginosis and Bacterial,hsa-miR-20a*,0.25167739391326904
Cardiovascular Complications,hsa-mir-7844,0.2516723871231079
Colon   Adenocarcinoma,hsa-mir-7844,0.2516680359840393
Trypanosomiasis,hsa-mir-7844,0.2516673803329468
Mandibulofacial Dysostosis,hsa-mir-7844,0.2516658306121826
Hypoglycemia and leucine-induced,hsa-mir-7844,0.251661479473114
Chediak-Higashi Syndrome,hsa-miR-17-92,0.2516587972640991
Enterocolitis,hsa-mir-7844,0.25165802240371704
Peritoneal Hyalinizing Vasculopathy,hsa-mir-7844,0.25165534019470215
Helicobacter pylori,hsa-mir-7844,0.2516549825668335
GATA2 Deficiency,hsa-mir-7844,0.2516498565673828
Skeletal Muscle Dysplasia,hsa-miR-17-92,0.2516487240791321
Antisynthetase syndrome,hsa-miR-17-92,0.25164711475372314
Acute Aortic   Dissection,hsa-mir-7844,0.25164562463760376
Hyperinsulinism,hsa-mir-7844,0.2516435980796814
Opitz GBBB Syndrome and X-Linked,hsa-mir-7844,0.2516399621963501
Cushing Syndrome,hsa-mir-7844,0.2516387104988098
Hyperoxia-Induced Lung Injury,hsa-mir-7844,0.2516361474990845
Polyposis Syndrome and Hereditary Mixed and 1,hsa-miR-17-92,0.2516348361968994
External Auditory Canal Squamous Cell Carcinoma,hsa-mir-7844,0.2516332268714905
Hyperostosis,hsa-mir-7844,0.25163114070892334
Nager acrofacial dysostosis,hsa-mir-7844,0.25162965059280396
Mastitis,hsa-mir-7844,0.2516258955001831
Diastrophic dysplasia,hsa-mir-7844,0.2516250014305115
Long Term Adverse Effects,hsa-mir-7844,0.2516232132911682
Cerebral Infarction,hsa-mir-7844,0.2516232132911682
Bicuspid Aortic Valve Disease,hsa-mir-7844,0.25162214040756226
Growth Hormone-Secreting Pituitary Adenoma,hsa-mir-7844,0.2516213059425354
Intracranial Hemorrhages,hsa-mir-7844,0.25162118673324585
Arthritis,hsa-mir-7844,0.25162041187286377
Infarction and Middle Cerebral Artery,hsa-mir-7844,0.25162017345428467
Frontonasal dysplasia,hsa-mir-7844,0.2516193389892578
paramyotonia congenita of Von Eulenburg,hsa-mir-7844,0.25161921977996826
esophageal carcinoma,hsa-mir-7844,0.2516170144081116
Hereditary pancreatitis,hsa-mir-7844,0.25161534547805786
Phenylketonurias,hsa-mir-7844,0.25161296129226685
Hypertensive  Disorder Complicating Pregnancy,hsa-mir-7844,0.2516114115715027
Rosacea,hsa-mir-7844,0.25161123275756836
Adenocarcinoma,hsa-mir-7844,0.2516109347343445
Nevi and Melanomas,hsa-miR-4281,0.25161051750183105
Enzootic Bovine Leukosis,hsa-mir-7844,0.25161027908325195
Tembusu virus,hsa-mir-7844,0.2516095042228699
Keratitis and Herpetic,hsa-mir-7844,0.25160640478134155
Testicular Diseases,hsa-mir-7844,0.2516053318977356
Enterovirus B and Human,hsa-mir-7844,0.25160330533981323
Cystitis and Interstitial,hsa-mir-7844,0.25160276889801025
Precursor T-Cell Lymphoblastic Leukemia-Lymphoma,hsa-mir-7844,0.25160205364227295
Psoriasis,hsa-mir-7844,0.25160133838653564
Rhinitis and Allergic and Seasonal,hsa-mir-7844,0.2515987753868103
Nephrosclerosis,hsa-mir-7844,0.2515982389450073
Gastritis and Pediatric,hsa-mir-7844,0.2515981197357178
Lipidoses,hsa-mir-7844,0.25159716606140137
Abortion and Septic,hsa-mir-7844,0.2515936493873596
Arterial Occlusive Diseases,hsa-miR-3117-3p,0.2515925168991089
Encephalomyelitis and Autoimmune and Experimental,hsa-mir-7844,0.2515922784805298
Leukemia and Prolymphocytic and T-Cell,hsa-mir-7844,0.25159186124801636
Langer mesomelic dysplasia,hsa-mir-7844,0.2515915036201477
Cryopyrin-Associated Periodic Syndromes,hsa-mir-7844,0.2515907883644104
Acne Vulgaris,hsa-mir-7844,0.25159043073654175
Sensation Disorders,hsa-mir-7844,0.25159019231796265
Human T-Cell Leukemia Virus Type 1 Infections,hsa-miR-17-92,0.2515870928764343
Spermatic Cord Torsion,hsa-mir-7844,0.25158578157424927
Spondylocheirodysplasia and Ehlers-Danlos Syndrome-Like,hsa-mir-7844,0.251583993434906
SHORT syndrome,hsa-mir-7844,0.25158053636550903
Giant Cell Arteritis,hsa-mir-7844,0.2515791058540344
Gastritis and Hypertrophic,hsa-mir-7844,0.251575231552124
arteriosclerotic cardiovascular disease,hsa-mir-7844,0.2515738010406494
Neurofibromatosis 2,hsa-mir-7844,0.25157368183135986
Choroidal Neovascularization,hsa-mir-7844,0.25157350301742554
Bone Neoplasms,hsa-mir-7844,0.2515726685523987
Acute Lymphoblastic Leukemia and B-Cell,hsa-mir-7844,0.25157225131988525
Neonatal hemochromatosis,hsa-mir-7844,0.2515718340873718
Palatal Neoplasms,hsa-mir-7844,0.25156891345977783
Gingivitis,hsa-mir-7844,0.25156766176223755
Colorectal Neoplasms and Hereditary Nonpolyposis,hsa-mir-7844,0.251567006111145
Uremia,hsa-mir-7844,0.2515649199485779
Prader-Willi Syndrome,hsa-mir-7844,0.251564621925354
Wasting Disease and Chronic,hsa-mir-7844,0.25156456232070923
Heart Septal Defects and Atrial,hsa-mir-7844,0.251558780670166
Ischemic Cerebral Infarction,hsa-mir-7844,0.2515581250190735
Hepacivirus,hsa-mir-7844,0.25155603885650635
Aspergillosis and Allergic Bronchopulmonary,hsa-mir-7844,0.2515552043914795
Endometrial Hyperplasia,hsa-mir-7844,0.2515530586242676
Encephalomyelitis and Enzootic Porcine,hsa-mir-7844,0.25154590606689453
Neural Tube Defects,hsa-mir-7844,0.25154536962509155
von Willebrand Diseases,hsa-mir-7844,0.25154340267181396
DNA Repair-Deficiency Disorders,hsa-mir-7844,0.25154149532318115
Rectal Neoplasms,hsa-mir-7844,0.2515413165092468
Osteoarthropathy and Primary Hypertrophic,hsa-mir-7844,0.251539409160614
Low Back Pain,hsa-mir-7844,0.2515374422073364
Aortic Diseases,hsa-mir-7844,0.25153690576553345
Myocarditis,hsa-mir-7844,0.2515355944633484
Thoracic Aortic   Dissection,hsa-mir-7844,0.2515355348587036
Papillon-Lefevre Disease,hsa-mir-7844,0.2515355348587036
Welander distal myopathy and Swedish type,hsa-mir-7844,0.25153499841690063
Finnish lethal neonatal metabolic syndrome,hsa-mir-7844,0.2515339255332947
brachydactyly type D,hsa-mir-7844,0.2515326738357544
Kahrizi Syndrome,hsa-mir-7844,0.25153249502182007
Polyps,hsa-mir-7844,0.25153058767318726
Tricuspid Valve Insufficiency,hsa-miR-2681-5p,0.251528799533844
Endothelial Dysfunction ,hsa-mir-7844,0.25152814388275146
Femur Head Necrosis,hsa-mir-7844,0.25152796506881714
Urinary Calculi,hsa-miR-20a*,0.25152724981307983
Drug Hypersensitivity,hsa-mir-7844,0.25152528285980225
Angina and Unstable,hsa-mir-7844,0.25151920318603516
Carcinoma and Squamous Cell and Cutaneous,hsa-mir-7844,0.2515188455581665
Reperfusion Injury and Intestinal Ischemia,hsa-mir-7844,0.25151824951171875
Bone Regeneration,hsa-mir-7844,0.251518189907074
Corneal Diseases,hsa-mir-7844,0.2515169382095337
Endometrial Fibrosis,hsa-mir-7844,0.25151681900024414
Dehydration,hsa-mir-7844,0.25151681900024414
Post-Cardiac Arrest Syndrome,hsa-mir-7844,0.2515164017677307
Fetal Macrosomia,hsa-mir-7844,0.2515125274658203
Laryngeal Papilloma,hsa-mir-7844,0.2515113353729248
Pain and Inflammatory,hsa-mir-7844,0.2515066862106323
Inflammation and Chronic,hsa-miR-2681-5p,0.2515047788619995
Cardiomyopathy and Dilated and with Left Ventricular Noncompaction,hsa-mir-7844,0.25150465965270996
Thromboangiitis Obliterans,hsa-mir-7844,0.25150030851364136
Tuberculosis and Spinal,hsa-mir-7844,0.2514997124671936
primary biliary cholangitis 1,hsa-mir-7844,0.2514979839324951
Diabetic Retinopathy ,hsa-mir-7844,0.25149792432785034
Depressive Disorder,hsa-mir-7844,0.2514958381652832
Thyroid Carcinoma and Anaplastic,hsa-mir-7844,0.2514899969100952
Leukemia and Myeloid,hsa-mir-7844,0.25148892402648926
Plaque and Amyloid,hsa-miR-29,0.2514863610267639
Leukemia and Large Granular Lymphocytic,hsa-mir-7844,0.25148314237594604
Hyperpigmentation and Skin,hsa-mir-7844,0.2514823079109192
Postoperative Complications,hsa-mir-7844,0.25147831439971924
Meningitis and Bacterial,hsa-mir-7844,0.25146543979644775
Vertigo,hsa-mir-7844,0.25146418809890747
Lumbar Disc   Herniation,hsa-mir-7844,0.25146257877349854
Benign Paroxysmal Positional Vertigo,hsa-mir-7844,0.25146061182022095
Abortion and Spontaneous,hsa-mir-7844,0.25145936012268066
Chronic Pain,hsa-mir-7844,0.25144821405410767
Typical Teratoid Rhabdoid Tumor,hsa-mir-7844,0.25144505500793457
Adrenocortical Carcinoma and Pediatric,hsa-mir-7844,0.25144416093826294
Interstitial Fibrosis and Renal,hsa-mir-7844,0.2514422535896301
Renal Tubular Oxidative Injury,hsa-mir-7844,0.25142616033554077
Abnormalities and Multiple,hsa-mir-7844,0.25142019987106323
common variable immunodeficiency 2,hsa-mir-7844,0.25141340494155884
Hemoglobin Bart'S Hydrops   Fetalis Syndrome,hsa-mir-7844,0.2514093518257141
Thyroiditis and Subacute,hsa-mir-7844,0.251409113407135
Phyllodes Tumor and Breast,hsa-miR-17-92,0.25140243768692017
Venous Neointimal Hyperplasia,hsa-miR-17-92,0.25140053033828735
Urinary Calculi,hsa-miR-2681-5p,0.2513931393623352
Inflammation and Chronic,hsa-miR-17-92,0.2513737678527832
Chronic  Rhinosinusitis With Nasal Polyps,hsa-miR-17-92,0.25134801864624023
Drug Resistant Epilepsy,hsa-mir-8074,0.25129568576812744
Vitelliform Macular Dystrophy,hsa-miR-17-92,0.2512907385826111
Granulomatous Disease and Chronic,hsa-miR-17-92,0.2512669563293457
Urinary Calculi,hsa-miR-17-92,0.25126200914382935
Lupus Erythematosus and Cutaneous,rno-miR-409-5p,0.2512449026107788
Optic Nerve Injuries,hsa-miR-4456,0.25116151571273804
Pregnancy Complications and Infectious,rno-miR-409-5p,0.25115686655044556
Acute Uterine Injury,hsa-miR-4474-3p,0.2511431574821472
Mycoplasma pneumoniae pneumonia,hsa-miR-30c-2,0.25105416774749756
Scleral Diseases,hsa-miR-30c-2,0.2510402202606201
Chediak-Higashi Syndrome,hsa-miR-30c-2,0.2510128617286682
Lysosomal Storage Diseases,hsa-miR-30c-2,0.25099122524261475
Multiple Endocrine Neoplasia Type 1,hsa-miR-30c-2,0.2509516477584839
Radiation-Induced Oral Mucositis,hsa-miR-20b*,0.25094330310821533
Angioedemas and Hereditary,hsa-miR-30c-2,0.25084733963012695
Primary Gastrointestinal Diffuse Large B-Cell Lymphoma ,hsa-miR-30c-2,0.250790536403656
Reperfusion Injury and Testicular Ischemia,hsa-miR-30c-2,0.25077831745147705
Venous Neointimal Hyperplasia,hsa-miR-30c-2,0.250754714012146
Hemangiosarcoma,hsa-miR-30c-2,0.2507401704788208
Hereditary Autoinflammatory Diseases,hsa-miR-30c-2,0.25072163343429565
Visceral Hypersensitivity,hsa-miR-30c-2,0.25069892406463623
Optic Nerve Glioma,hsa-miR-30c-2,0.250698447227478
Periodontitis and Diabetic,hsa-miR-30c-2,0.2506657838821411
UV-Sensitive Syndrome,hsa-miR-30c-2,0.25064539909362793
Granulomatous Disease and Chronic,hsa-miR-30c-2,0.25062114000320435
Polyposis Syndrome and Hereditary Mixed and 1,hsa-let-7i-3p,0.25053870677948
Inflammation and Chronic,hsa-miR-2682-5p,0.2505320906639099
Amyloidosis,hsa-miR-4511,0.2500923275947571
Condylomata Acuminata,hsa-miR-4511,0.25001049041748047
Hepatitis E,hsa-miR-4511,0.25000160932540894
Hyperpigmentation,hsa-miR-4511,0.24999959766864777
Xerostomia,hsa-miR-4511,0.24999921023845673
Ossification of Posterior Longitudinal Ligament,hsa-miR-4511,0.24999548494815826
Polyposis Syndrome and Hereditary Mixed and 1,mmu-miR-712,0.24999357759952545
Neoplastic Cells and Circulating,hsa-miR-4511,0.2499876171350479
Paget Disease and Extramammary,hsa-miR-4511,0.24997679889202118
Sexually Transmitted Diseases and Viral,hsa-miR-4511,0.24997611343860626
Dementia,hsa-miR-4511,0.2499701827764511
Lung Carcinoid,hsa-miR-4511,0.24996830523014069
Bipolar Disorder,hsa-miR-4511,0.24996145069599152
Cerebral Infarction and Acute,hsa-miR-4511,0.24994967877864838
Sexually Transmitted Diseases,hsa-miR-4511,0.24994833767414093
Brucellosis,hsa-miR-4511,0.2499450296163559
Hepatic Veno-Occlusive Disease,hsa-miR-4511,0.2499333769083023
HTLV-II Infections,hsa-miR-4511,0.24993066489696503
Eclampsia,hsa-miR-4511,0.24992351233959198
Depression and Post Stroke,hsa-miR-4511,0.2499234527349472
Myositis,hsa-miR-4511,0.24992017447948456
Hemangioma and Cavernous,hsa-miR-4511,0.24991540610790253
Cerebral Small Vessel Diseases,hsa-miR-4511,0.24991537630558014
vulva squamous cell carcinoma,hsa-miR-4511,0.2499135285615921
Uterine Diseases,hsa-miR-4511,0.24991153180599213
Heart Failure and Systolic,hsa-miR-4511,0.24990735948085785
Tooth Diseases,hsa-miR-4511,0.2499072104692459
Syphilis and secondary,hsa-miR-4511,0.24990661442279816
hyperekplexia 1,hsa-miR-4511,0.24990622699260712
Histiocytic Sarcoma,hsa-miR-4511,0.24990586936473846
Darier Disease,hsa-miR-4511,0.24990536272525787
Rotator Cuff,hsa-miR-4511,0.24990446865558624
Hyperphosphatemia,hsa-miR-4511,0.24990426003932953
Acrodermatitis enteropathica,hsa-miR-4511,0.2499026507139206
Bronchiectasis With Or Without Elevated Sweat Chloride 1,hsa-miR-4511,0.24990220367908478
Diabetes Of The Exocrine Pancreas ,hsa-miR-4511,0.24990205466747284
Lipodystrophy and Partial and Acquired,hsa-miR-4511,0.24990178644657135
colon carcinoma,hsa-miR-4511,0.24989940226078033
Postoperative Nausea and Vomiting,hsa-mir-7844,0.24989621341228485
Breast Diseases,hsa-miR-4511,0.24989236891269684
Epidermodysplasia Verruciformis,hsa-miR-4511,0.24988903105258942
Acidosis and Respiratory,hsa-miR-4511,0.24988366663455963
Leukemia and Acute,hsa-miR-4511,0.24987564980983734
Leukemia and Myeloid and Accelerated Phase,hsa-miR-4511,0.2498694211244583
CREST Syndrome,hsa-miR-4511,0.2498631328344345
Hyperandrogenism,hsa-miR-4511,0.24986056983470917
Vitamin B Deficiency,hsa-miR-4511,0.24985836446285248
Idiopathic Condylar Resorption,hsa-miR-4511,0.24985821545124054
Duodenal Ulcer,hsa-miR-4511,0.24985118210315704
Microphthalmos,hsa-miR-4511,0.24984581768512726
Atrophy,hsa-miR-4511,0.24984271824359894
Turner Syndrome,hsa-miR-4511,0.24982888996601105
Cholesteatoma,hsa-miR-4511,0.2498251348733902
Nijmegen Breakage Syndrome,hsa-miR-4511,0.2498236745595932
Avian Leukosis,hsa-miR-4511,0.24981848895549774
Meningitis and Fungal,hsa-miR-4511,0.24981693923473358
Hallux Valgus,hsa-miR-4511,0.24979345500469208
Conjunctivitis and Allergic,hsa-miR-4511,0.24979160726070404
Hypersensitivity and Immediate,hsa-miR-4511,0.2497895210981369
Spinal Cord Diseases,hsa-miR-4511,0.2497880607843399
Alcohol Withdrawal Delirium,hsa-miR-4511,0.24978794157505035
Hyperplasia,hsa-miR-4511,0.24977914988994598
Reflex Sympathetic Dystrophy,hsa-miR-4511,0.2497682124376297
Carcinoma and Merkel Cell,hsa-miR-4511,0.24976779520511627
Hypertrophy and Right Ventricular,hsa-miR-4511,0.2497645765542984
FG syndrome,hsa-miR-4511,0.24976427853107452
Decompression Sickness,hsa-miR-4511,0.24976356327533722
salivary gland adenoid cystic carcinoma,hsa-miR-4511,0.2497631162405014
Pituitary Diseases,hsa-miR-4511,0.24975483119487762
cone-rod dystrophy 6,hsa-miR-4511,0.24975107610225677
Pulmonary Eosinophilia,hsa-miR-4511,0.2497471123933792
Necrobiotic Disorders,hsa-miR-4511,0.24974696338176727
Malaria and Vivax,hsa-miR-4511,0.24974684417247772
Cervical Cancer and Hpv Infected,hsa-miR-4511,0.24974463880062103
Ankle Fractures,hsa-miR-4511,0.24973993003368378
Sarcoidosis and Pulmonary,hsa-miR-4511,0.249734565615654
Urothelial   Carcinoma,hsa-miR-4511,0.24972935020923615
Hypoglycemia and leucine-induced,hsa-miR-4511,0.2497289925813675
Vascular Calcification,hsa-miR-4511,0.2497267872095108
Atrial Myosins,hsa-miR-4511,0.2497255653142929
Splenic Diseases,hsa-miR-4511,0.24972446262836456
Peritoneal Hyalinizing Vasculopathy,hsa-miR-4511,0.2497229129076004
Melanoma and Experimental,hsa-miR-4511,0.24972225725650787
Bronchial Hyperreactivity,hsa-miR-4511,0.2497216910123825
Syphilis and primary,hsa-miR-4511,0.24972139298915863
Polyomavirus Infections,hsa-miR-4511,0.24971772730350494
Ectrodactyly-cleft lip-palate syndrome,hsa-miR-4511,0.24971549212932587
Swine Diseases,mmu-miR-712,0.2497139424085617
Pulmonary edema of mountaineers,hsa-miR-4511,0.24971388280391693
Aortic Aneurysm,hsa-miR-4511,0.24971316754817963
Acute Aortic   Dissection,hsa-miR-4511,0.24971310794353485
Bisphosphonate-Associated Osteonecrosis of the Jaw,hsa-miR-4511,0.24971236288547516
Bacterial Infections,hsa-miR-4511,0.24971185624599457
Hyperinsulinism,hsa-miR-4511,0.24971111118793488
Nasopharyngeal Neoplasms,hsa-miR-4511,0.24970020353794098
Respiration Disorders and Infant,hsa-miR-4511,0.249699667096138
Nager acrofacial dysostosis,hsa-miR-4511,0.24969716370105743
Lacrimal Adenoid   Cystic Carcinoma,hsa-miR-4511,0.24969695508480072
Disorders of Excessive Somnolence,hsa-miR-4511,0.24969477951526642
Gastric And Colon Cancer,hsa-miR-4511,0.24969474971294403
Graves Disease,hsa-miR-4511,0.24969439208507538
Autistic Disorder,hsa-miR-4511,0.2496926337480545
Pregnancy Complications,hsa-miR-4511,0.2496926337480545
Cerebral Infarction,hsa-miR-4511,0.2496907263994217
Chromate Resistance,hsa-miR-4511,0.24969051778316498
Carotid Artery Injuries,hsa-miR-4511,0.24968881905078888
Intracranial Hemorrhages,hsa-miR-4511,0.24968861043453217
Obesity and Abdominal,hsa-miR-4511,0.24968837201595306
Marfan Syndrome,hsa-miR-4511,0.24968485534191132
Hyperaldosteronism,hsa-miR-193b-5p,0.24968306720256805
Eunuchism,hsa-miR-4511,0.24968256056308746
Lissencephaly,hsa-miR-4511,0.24968193471431732
Syphilis,hsa-miR-4511,0.2496817260980606
Canine Mammary Carcinoma,hsa-miR-4511,0.24968118965625763
Pseudarthrosis,hsa-miR-4511,0.24967928230762482
Apparent mineralocorticoid excess,hsa-miR-4511,0.24967928230762482
Polycythemia and High Altitude,hsa-miR-4511,0.24967734515666962
Warburg micro syndrome 1,hsa-miR-4511,0.24967710673809052
Hypoplastic Left Heart Syndrome,hsa-miR-4511,0.24967671930789948
Megalencephalic leukoencephalopathy with subcortical cysts,hsa-miR-4511,0.24967576563358307
Rhinitis and Allergic,hsa-miR-4511,0.24967490136623383
Substance Abuse and Intravenous,hsa-miR-4511,0.24967451393604279
Collagen Diseases,hsa-miR-4511,0.24967406690120697
Keratitis and Herpetic,hsa-miR-4511,0.24967394769191742
Atrial Premature Complexes,hsa-miR-4511,0.24967209994792938
Congenital central hypoventilation syndrome,hsa-miR-4511,0.24967144429683685
Teratoid Rhabdoid Tumor and Atypical,hsa-miR-4511,0.24967141449451447
 Equine Hepacivirus Infections,hsa-miR-4511,0.24967129528522491
Cystitis and Interstitial,hsa-miR-4511,0.24967016279697418
Salpingitis,hsa-miR-4511,0.24966676533222198
Bronchiolitis Obliterans,hsa-miR-4511,0.24966661632061005
Gastritis and Pediatric,hsa-miR-4511,0.24966563284397125
Cerebral Hemorrhage and Spontaneous,hsa-miR-4511,0.24966485798358917
Hcv Associated Disorders,hsa-miR-4511,0.2496621161699295
Abortion and Septic,hsa-miR-4511,0.2496611624956131
Sick Sinus Syndrome,hsa-miR-4511,0.2496606558561325
Glaucoma,hsa-miR-4511,0.24965830147266388
Sensation Disorders,hsa-miR-4511,0.24965767562389374
Hepatitis C and Chronic,hsa-miR-4511,0.2496560961008072
Arrest of spermatogenesis,hsa-miR-4511,0.24965588748455048
Scleral Diseases,hsa-miR-193b-5p,0.24965457618236542
Acute Lymphoblastic Leukemia and T-Cell,hsa-miR-4511,0.24965418875217438
Acute Lymphocytic Leukemia and B-Cell,hsa-miR-4511,0.24965400993824005
Rett Syndrome,hsa-miR-4511,0.2496536821126938
Diabetic Keratopathy,hsa-miR-4511,0.249653622508049
Bronchopulmonary Dysplasia,hsa-miR-4511,0.24965240061283112
salivary gland mucoepidermoid carcinoma,hsa-miR-4511,0.24965231120586395
Thymic epithelial tumor,hsa-miR-4511,0.24964924156665802
Short Qt Syndrome,hsa-miR-193b-5p,0.24964682757854462
Cystic Fibrosis,hsa-miR-4511,0.24964578449726105
Meibomian Gland Carcinoma  ,hsa-miR-4511,0.24964506924152374
skin melanoma,hsa-miR-4511,0.24964211881160736
MPTP Poisoning,hsa-miR-4511,0.24964137375354767
arteriosclerotic cardiovascular disease,hsa-miR-4511,0.24964125454425812
Neurofibromatosis 2,hsa-miR-4511,0.24964122474193573
Choroidal Neovascularization,hsa-miR-4511,0.24964101612567902
Infertility and Female,hsa-miR-4511,0.24964089691638947
Acute Lymphoblastic Leukemia and B-Cell,hsa-miR-4511,0.24963976442813873
Sleep Apnea Syndromes,hsa-miR-4511,0.24963869154453278
Malformations of Cortical Development and Group II,hsa-miR-4511,0.24963857233524323
Choroidal Melanoma,hsa-miR-4511,0.24963770806789398
Palatal Neoplasms,hsa-miR-4511,0.2496364563703537
Morphine Dependence,hsa-miR-4511,0.24963580071926117
Dwarfism,hsa-miR-4511,0.24963562190532684
Exanthema,hsa-miR-4511,0.24963553249835968
Gingivitis,hsa-miR-4511,0.2496350258588791
Sarcoma and Kaposi,hsa-miR-4511,0.24963368475437164
Vascular System Injuries,hsa-miR-4511,0.24963299930095673
thyroid gland Hurthle cell carcinoma,hsa-miR-193b-5p,0.24963201582431793
Wasting Disease and Chronic,hsa-miR-4511,0.24963198602199554
Leukemia and Biphenotypic and Acute,hsa-miR-4511,0.2496308833360672
Pain and Postoperative,hsa-miR-4511,0.24962987005710602
Colonic Polyps,hsa-miR-4511,0.24962936341762543
Cleidocranial Dysplasia,hsa-miR-4511,0.2496292144060135
Testicular Neoplasms,hsa-miR-151-3p,0.2496265023946762
Heart Septal Defects and Atrial,hsa-miR-4511,0.24962620437145233
Tracheal Diseases,hsa-miR-4511,0.24962444603443146
Hepacivirus,hsa-miR-4511,0.24962355196475983
Sarcoidosis,hsa-miR-4511,0.2496234029531479
nonsyndromic congenital nail disorder 7,hsa-miR-4511,0.2496231347322464
Fibroadenoma,hsa-miR-4511,0.24961943924427032
Liver Cirrhosis and Alcoholic,hsa-miR-4511,0.24961863458156586
Skin Neoplasms and Non-Melanoma,hsa-miR-4511,0.24961723387241364
Complex Regional Pain Syndromes,hsa-miR-4511,0.24961702525615692
Hemoglobinopathies,hsa-miR-4511,0.24961604177951813
mucinous cystadenocarcinoma of pancreas,hsa-miR-4511,0.24961541593074799
Angioedemas and Hereditary,hsa-miR-219a-1-3p,0.2496153563261032
Pancreatitis,hsa-miR-4511,0.2496144026517868
Encephalomyelitis and Enzootic Porcine,hsa-miR-4511,0.249613419175148
Distal myopathy and Nonaka type,hsa-miR-4511,0.24961258471012115
Gastric Intestinal   Metaplasia,hsa-miR-4511,0.2496112436056137
Pelvic Floor Disorders,hsa-miR-4511,0.24961034953594208
Lupus Nephritis,hsa-miR-4511,0.24960853159427643
Kidney Calculi,hsa-miR-4511,0.24960748851299286
Influenza in Birds,hsa-miR-4511,0.24960722029209137
Osteoarthropathy and Primary Hypertrophic,hsa-miR-4511,0.24960698187351227
Corneal Neovascularization,hsa-miR-4511,0.24960608780384064
Pleomorphic Sarcoma and Undifferentiated,hsa-miR-4511,0.24960531294345856
Tenon Fibroblasts,hsa-miR-193b-5p,0.2496047466993332
Aortic Diseases,hsa-miR-4511,0.24960429966449738
X-linked juvenile retinoschisis 1,hsa-miR-4511,0.24960415065288544
Finnish lethal neonatal metabolic syndrome,hsa-miR-4511,0.24960146844387054
Autoimmune polyendocrinopathy syndrome and type 1,hsa-miR-4511,0.2496003955602646
brachydactyly type D,hsa-miR-4511,0.24960018694400787
Heart Failure and Ischemic,hsa-miR-4511,0.24960003793239594
Adenocarcinoma Of Esophagus,hsa-miR-193b-5p,0.24959947168827057
Hepatitis A,hsa-miR-4511,0.2495986968278885
Polyps,hsa-miR-4511,0.24959804117679596
Growth Disorders,hsa-miR-4511,0.24959714710712433
Endothelial Dysfunction ,hsa-miR-4511,0.24959568679332733
Femur Head Necrosis,hsa-miR-4511,0.24959535896778107
Deltaretrovirus Infections,hsa-miR-4511,0.24959532916545868
Brachial Plexus Injury,hsa-miR-4511,0.2495947927236557
Periodontal Diseases,hsa-miR-4511,0.24959231913089752
Reperfusion Injury and Intestinal Ischemia,hsa-miR-4511,0.24958579242229462
Bone Regeneration,hsa-miR-4511,0.24958570301532745
Dehydration,hsa-miR-4511,0.24958433210849762
Myeloproliferative Disorders,hsa-miR-4511,0.24958162009716034
Wound Healing,hsa-miR-4511,0.24957998096942902
Hypospadias,hsa-miR-4511,0.24957911670207977
Laryngeal Papilloma,hsa-miR-4511,0.2495788186788559
Paraganglioma,hsa-miR-4511,0.24957062304019928
Eosinophilic enteropathy,hsa-miR-4511,0.24956931173801422
Graft vs Host Disease,hsa-miR-4511,0.24956642091274261
Keratoconus,hsa-miR-4511,0.2495660036802292
primary biliary cholangitis 1,hsa-miR-4511,0.24956555664539337
Depressive Disorder,hsa-miR-4511,0.2495632916688919
Skin Pigmentation,hsa-miR-4511,0.24956195056438446
Adiposis Dolorosa,hsa-miR-4511,0.24955932796001434
Blood Coagulation Disorders,hsa-miR-4511,0.24955733120441437
Leukemia and Myeloid,hsa-miR-4511,0.24955643713474274
Human T-Cell Leukemia Virus Type 1 Infections,hsa-miR-193b-5p,0.24955560266971588
Venous Thrombosis,hsa-miR-4511,0.24955542385578156
torsion dystonia 1,hsa-miR-4511,0.24955199658870697
Foot-and-Mouth Disease,hsa-miR-4511,0.24955175817012787
Schistosomiasis,hsa-miR-4511,0.24955059587955475
Hematoma and Subdural and Chronic,hsa-miR-4511,0.24955008924007416
Hyperpigmentation and Skin,hsa-miR-4511,0.2495497316122055
Polycythemia Vera,hsa-miR-4511,0.2495487779378891
Vitamin D Deficiency,hsa-miR-4511,0.24954743683338165
Parkinsonian Disorders,hsa-miR-4511,0.24954546988010406
uterine corpus endometrial carcinoma,hsa-miR-4511,0.24954338371753693
Cholecystitis,hsa-miR-4511,0.24954046308994293
Cerebral Hemorrhage,hsa-miR-4511,0.24954025447368622
Chagas Cardiomyopathy,hsa-miR-4511,0.24952830374240875
sporatic amyotrophic lateral sclerosis,hsa-miR-4511,0.2495216578245163
Pediatric Obesity,hsa-miR-4511,0.24951942265033722
Carotid Stenosis,hsa-miR-4511,0.24951855838298798
Glucose Intolerance,hsa-miR-4511,0.2495134323835373
Peripheral Arterial Occlusive Disease 1,hsa-miR-4511,0.2495129257440567
Splenic Neoplasms,hsa-miR-193b-5p,0.24951080977916718
Lymphoma and Extranodal NK-T-Cell,hsa-miR-4511,0.24951006472110748
Enterocolitis and Pseudomembranous,hsa-miR-4511,0.24950997531414032
Interstitial Fibrosis and Renal,hsa-miR-4511,0.2495097666978836
Obstetric Labor Complications,hsa-miR-4511,0.24950654804706573
acute myocardial infarction,hsa-miR-4511,0.24950651824474335
Neurodevelopmental Disorders,hsa-miR-4511,0.24949763715267181
Inflammation and Chronic,hsa-miR-219a-1-3p,0.24949578940868378
Brugada Syndrome,hsa-miR-193b-5p,0.2494882196187973
Wiskott-Aldrich Syndrome,hsa-miR-4511,0.24948079884052277
Rhabdoviridae Infections,hsa-miR-151-3p,0.24942828714847565
Diminished  Ovarian Reserve,hsa-miR-151-3p,0.2494037002325058
Pancreatitis and Acute Hemorrhagic,hsa-miR-193b-5p,0.24938605725765228
Phyllodes Tumor and Breast,hsa-miR-193b-5p,0.24937091767787933
Tricuspid Valve Insufficiency,hsa-miR-193b-5p,0.2493661791086197
Wound Infection,hsa-miR-193b-5p,0.2493552714586258
Hyperaldosteronism,hsa-miR-376b-3p,0.24935205280780792
Peripheral Vascular Diseases,hsa-miR-193b-5p,0.24933667480945587
Scleral Diseases,hsa-miR-376b-3p,0.24932341277599335
Neonatal Encephalopathy,hsa-miR-193b-5p,0.24931789934635162
Chronic Inflammation,hsa-miR-193b-5p,0.24930702149868011
Nevi and Melanomas,hsa-miR-193b-5p,0.24930278956890106
Urethritis,hsa-miR-193b-5p,0.2492973953485489
Skeletal Muscle Dysplasia,hsa-miR-376b-3p,0.24928610026836395
Antisynthetase syndrome,hsa-miR-376b-3p,0.24928449094295502
Echinococcosis and Hepatic,hsa-miR-193b-5p,0.24928347766399384
Myeloma Bone Disease,hsa-miR-151-3p,0.24928341805934906
Plaque and Amyloid,hsa-miR-151-3p,0.24928300082683563
Lysosomal Storage Diseases,hsa-miR-376b-3p,0.24927441775798798
Progeria,rno-miR-409-5p,0.2492647022008896
Reperfusion Injury and Testicular Ischemia,hsa-miR-20,0.249264195561409
Autoimmune Diseases of the Nervous System,hsa-miR-193b-5p,0.24926058948040009
UV-Sensitive Syndrome,hsa-miR-193b-5p,0.24925963580608368
Her2-Positive Breast Cancer,hsa-miR-376b-3p,0.24925778806209564
Granulomatous Disease and Chronic,hsa-miR-193b-5p,0.24923540651798248
Choroid Diseases,hsa-miR-193b-5p,0.24921293556690216
Spinal Cord Compression,hsa-miR-376b-3p,0.2492058128118515
Urinary Calculi,hsa-miR-151-3p,0.24918101727962494
Susac Syndrome,hsa-miR-376b-3p,0.24915792047977448
Rhabdoviridae Infections,hsa-miR-376b-3p,0.24914662539958954
Angioedemas and Hereditary,hsa-miR-376b-3p,0.24913062155246735
Neuropathic Allodynia,hsa-miR-376b-3p,0.24909652769565582
Brachial Plexus Avulsion ,hsa-miR-376b-3p,0.24909506738185883
Transmissible Gastroenteritis,hsa-miR-376b-3p,0.24908266961574554
Cognitive Impairment and Vascular,hsa-miR-376b-3p,0.24906493723392487
Reperfusion Injury and Testicular Ischemia,hsa-miR-376b-3p,0.24906156957149506
Brain   Ventricle Enlargement,hsa-miR-376b-3p,0.24905534088611603
Extramedullary Multiple Myeloma,hsa-miR-376b-3p,0.2490551918745041
Lattice corneal dystrophy type 1,hsa-miR-376b-3p,0.24904344975948334
Esophageal Atresia,hsa-miR-376b-3p,0.2490406483411789
Maxillary Sinus Neoplasms,hsa-miR-376b-3p,0.24903206527233124
Crisponi syndrome,hsa-miR-376b-3p,0.24901838600635529
Myeloma Bone Disease,hsa-miR-376b-3p,0.2490016669034958
Plaque and Amyloid,hsa-miR-376b-3p,0.24900130927562714
Leukemia Virus and Bovine Infection,hsa-miR-376b-3p,0.24899686872959137
Ischemic Attack and Transient,hsa-miR-376b-3p,0.2489960938692093
Tibial Neuropathy,hsa-miR-376b-3p,0.24898748099803925
Chronic  Rhinosinusitis With Nasal Polyps,hsa-miR-376b-3p,0.24898536503314972
Absent corpus callosum cataract immunodeficiency,hsa-miR-376b-3p,0.2489839643239975
Vascular Endothelial Damage,hsa-miR-376b-3p,0.24898184835910797
Classical Swine Fever,hsa-miR-376b-3p,0.24896930158138275
Laryngeal Papillomas,hsa-miR-376b-3p,0.2489665299654007
Immunologic Deficiency Syndromes,hsa-miR-376b-3p,0.24896295368671417
Fetal Hypoxia,hsa-miR-376b-3p,0.2489577978849411
Tuberculosis and Gastrointestinal,hsa-miR-376b-3p,0.2489456981420517
Multiple Endocrine Neoplasia Type 1,hsa-miR-148,0.24891690909862518
Skeletal Muscle Injury,hsa-miR-376b-3p,0.2489107996225357
Urinary Calculi,hsa-miR-376b-3p,0.2488994151353836
Neoplasms and Mesothelial,hsa-miR-376b-3p,0.2488854080438614
Encephalitis and Tick-Borne,hsa-miR-376b-3p,0.24884231388568878
Dysentery and Bacillary,hsa-miR-337-3p,0.24879716336727142
Reperfusion Injury and Testicular Ischemia,hsa-miR-1229,0.24859575927257538
Human T-Cell Leukemia Virus Type 1 Infections,hsa-miR-3915,0.24855701625347137
Stress Disorders and Post-Traumatic,hsa-mir-873,0.2485489696264267
Tibial Neuropathy,hsa-miR-337-3p,0.24854041635990143
Periodontitis and Diabetic,hsa-miR-337-3p,0.2485019415616989
Wound Infection,hsa-miR-2116*,0.24848999083042145
Renal Interstitial Fibrosis,hsa-miR-4478,0.248483344912529
Myeloma Bone Disease,hsa-miR-2116*,0.24846746027469635
Salivary Gland Neoplasms,hsa-miR-4478,0.24843142926692963
Frontotemporal Lobar Degeneration,hsa-miR-4478,0.24842707812786102
Optic atrophy 1 and deafness,hsa-miR-093,0.24841482937335968
Pemphigus and Benign Familial,hsa-miR-093,0.24833525717258453
Wound Infection,hsa-miR-26a-1,0.24827592074871063
Hemangiosarcoma,hsa-miR-26a-1,0.24827511608600616
Angioedemas and Hereditary,hsa-miR-093,0.24817650020122528
Diminished  Ovarian Reserve,hsa-miR-093,0.24816791713237762
Reperfusion Injury and Testicular Ischemia,hsa-miR-093,0.248107448220253
Arene Oxide Detoxification Defect,hsa-miR-093,0.2480655461549759
Intraoperative Awareness,hsa-miR-093,0.24798835813999176
Autoimmune Diseases of the Nervous System,hsa-miR-093,0.2479754239320755
Postoperative Nausea and Vomiting,hsa-miR-4511,0.2479637712240219
Neoplasms and Mesothelial,hsa-miR-093,0.2479313462972641
Testicular Neoplasms,hcmv-miR-UL59,0.2478628009557724
Scleral Diseases,hcmv-miR-UL59,0.24784128367900848
Neoplasms and Second Primary,mmu-miR-743a,0.24783580005168915
Lysosomal Storage Diseases,hsa-miR-135b-3p,0.24781624972820282
Chediak-Higashi Syndrome,hcmv-miR-UL59,0.24781404435634613
Polyposis Syndrome and Hereditary Mixed and 1,hcmv-miR-UL59,0.2477901428937912
Optic Nerve Injuries,mmu-miR-700-5p,0.2477528601884842
Juvenile gout,hcmv-miR-UL59,0.2477475255727768
Splenic Neoplasms,hsa-miR-135b-3p,0.24772153794765472
Periapical Periodontitis,hsa-miR-4494,0.24771861732006073
Amebiasis,hsa-miR-223-5p,0.24765543639659882
Diminished  Ovarian Reserve,hcmv-miR-UL59,0.2476399689912796
Neuromyelitis Optica,rno-miR-409-5p,0.2475951462984085
Neutropenia,hcmv-miR-UL59,0.24759171903133392
talaromycosis,hsa-miR-144*,0.24758870899677277
Colonic Diseases,hcmv-miR-UL59,0.2475738376379013
Fabry   Nephropathy,hcmv-miR-UL59,0.24754808843135834
Wound Infection,hcmv-miR-UL59,0.2475421279668808
Asthma and Chronic,hcmv-miR-UL59,0.24753420054912567
Nevi and Melanomas,hsa-miR-135b-3p,0.24751348793506622
Fluoride Poisoning,hsa-mir-874,0.2475026398897171
Absent corpus callosum cataract immunodeficiency,hcmv-miR-UL59,0.24750186502933502
Urethritis,hcmv-miR-UL59,0.24748419225215912
Pneumoconiosis,hsa-miR-223-5p,0.24747072160243988
Periodontitis and Diabetic,hcmv-miR-UL59,0.24746690690517426
Ovarian Neoplasms and Serous,hsa-miR-135b-3p,0.2474634200334549
Urinary Calculi,hcmv-miR-UL59,0.24741725623607635
Primary Gastrointestinal Diffuse Large B-Cell Lymphoma ,hsa-miR-223-5p,0.24740023910999298
Carcinoma and Lewis Lung,hsa-miR-135b-3p,0.24737419188022614
Lattice corneal dystrophy type 1,hsa-miR-223-5p,0.2473699003458023
Phyllodes Tumor and Breast,hsa-miR-223-5p,0.24736632406711578
Venous Neointimal Hyperplasia,hsa-miR-223-5p,0.24736444652080536
Tricuspid Valve Insufficiency,hsa-miR-223-5p,0.24736152589321136
Wound Infection,hsa-miR-223-5p,0.24735067784786224
Optic atrophy 1 and deafness,hsa-miR-199a*-2,0.24734844267368317
Tibial Neuropathy,hsa-miR-223-5p,0.24731393158435822
Polyposis Syndrome and Hereditary Mixed and 1,hsa-miR-3925-5p,0.24730513989925385
Classical Swine Fever,hsa-miR-223-5p,0.24729575216770172
Myotonic Dystrophy,hsa-miR-223-5p,0.24727566540241241
Chediak-Higashi Syndrome,hsa-miR-199a*-2,0.24727563560009003
Renal Artery Obstruction,hsa-miR-223-5p,0.24726904928684235
Arsenic Poisoning,rno-miR-27a,0.2472579926252365
Vitelliform Macular Dystrophy,hsa-miR-223-5p,0.2472546249628067
Polyposis Syndrome and Hereditary Mixed and 1,hsa-miR-199a*-2,0.2472517341375351
Urinary Calculi,hsa-miR-223-5p,0.24722586572170258
Incisional Pain,hsa-miR-223-5p,0.24722234904766083
Chediak-Higashi Syndrome,hsa-miR-130a-3p,0.24719096720218658
Pyoderma Gangrenosum,hsa-miR-223-5p,0.2471761554479599
Neoplasms and Second Primary,hsa-miR-4443,0.24715207517147064
Glucose Metabolism Disorders,hsa-miR-181a-1*,0.24711160361766815
Myeloma Bone Disease,hsa-miR-3925-5p,0.24703462421894073
Phyllodes Tumor and Breast,hsa-miR-199a*-2,0.24701936542987823
Autoimmune Pancreatitis,hsa-miR-199a*-2,0.24701334536075592
Bile Duct Neoplasms,hsa-miR-130a-3p,0.24700002372264862
transient infantile liver failure,hsa-miR-199a*-2,0.2469998449087143
Asthma and Chronic,hsa-miR-199a*-2,0.24699567258358002
Inflammation and Chronic,hsa-miR-199a*-2,0.24699054658412933
Myeloma Bone Disease,hsa-miR-199a*-2,0.2469811588525772
Equine Infectious Anemia,hsa-miR-181a-1*,0.24695958197116852
ovarian clear cell carcinoma,hsa-miR-130a-3p,0.24692578613758087
Hereditary Autoinflammatory Diseases,hsa-miR-130a-3p,0.24689970910549164
Myeloma Bone Disease,hsa-miR-130a-3p,0.24689655005931854
Brugada Syndrome,hsa-miR-3689f,0.24688734114170074
Arterial Occlusive Diseases,hsa-miR-365a-3p,0.24687229096889496
Liposarcoma and Myxoid,hsa-miR-199a*-2,0.24687223136425018
Reperfusion Injury and Testicular Ischemia,hsa-miR-181c,0.24685640633106232
Vaginosis and Bacterial,hsa-miR-181c,0.24684448540210724
Canavan Disease,hsa-miR-199a*-2,0.2468239814043045
Rift Valley Fever,hsa-miR-4492,0.24682383239269257
Testicular Neoplasms,hsa-miR-29b-1,0.2468119114637375
thyroid gland Hurthle cell carcinoma,hsa-miR-29b-1,0.24676795303821564
Nevi and Melanomas,hsa-miR-181c,0.24676655232906342
Adrenocortical Adenoma,hsa-miR-29b-1,0.2467610090970993
Asthma and Chronic,hsa-miR-3689f,0.2467464655637741
Myeloma Bone Disease,hsa-miR-3689f,0.24673189222812653
Hereditary Autoinflammatory Diseases,hsa-miR-1237-5p,0.24665628373622894
Urinary Calculi,hsa-miR-3689f,0.24662958085536957
Neuropathic Low Back Pain,hsa-miR-126-3p,0.24662722647190094
Diminished  Ovarian Reserve,hsa-miR-29b-1,0.2465890496969223
Neutropenia,hsa-miR-29b-1,0.24654079973697662
ovarian clear cell carcinoma,hsa-miR-29b-1,0.2464979737997055
Inflammation and Chronic,hsa-miR-29b-1,0.2464780956506729
Absent corpus callosum cataract immunodeficiency,hsa-miR-29b-1,0.24645091593265533
Nevi and Melanomas,hsa-miR-29b-1,0.246438667178154
Myotonic Dystrophy,hsa-miR-29b-1,0.24641619622707367
Urinary Calculi,hsa-miR-29b-1,0.24636636674404144
Ehlers-Danlos Syndrome and musculocontractural type 1,hsa-miR-4478,0.24636177718639374
Ventricular Premature Complexes,hsa-mir-8074,0.2462673932313919
Alopecia Areata,hsa-mir-8074,0.24624811112880707
Optic atrophy 1 and deafness,hsa-miR-2392,0.2462465912103653
Alveolar echinococcosis,hsa-mir-8074,0.24624411761760712
Blood Platelet Disorders,hsa-mir-8074,0.24622683227062225
Testicular Neoplasms,hsa-miR-2392,0.24622254073619843
Ethylmalonic encephalopathy,hsa-mir-8074,0.24622057378292084
Quadruple Negative Breast Cancer,hsa-mir-8074,0.24621914327144623
Hyperpigmentation,hsa-mir-8074,0.24621708691120148
Xerostomia,hsa-mir-8074,0.24621669948101044
Pheochromocytoma,hsa-mir-8074,0.2461877316236496
Upper Tract Urothelial Carcinoma,hsa-mir-8074,0.24618743360042572
Lung Carcinoid,hsa-mir-8074,0.24618585407733917
Rectal Diseases,hsa-mir-8074,0.24618582427501678
Combined Saposin Deficiency,hsa-mir-8074,0.24618490040302277
Emphysema,hsa-mir-8074,0.24618203938007355
lung squamous cell carcinoma,hsa-mir-8074,0.24617935717105865
Prostate Cancer ,hsa-mir-8074,0.24617601931095123
Testicular Germ Cell Tumor,hsa-mir-8074,0.2461693435907364
Incontinentia Pigmenti,hsa-mir-8074,0.24616272747516632
Cholangitis and Biliary and Primary,hsa-mir-8074,0.2461618036031723
Erectile Dysfunction,hsa-mir-8074,0.24615593254566193
Sexual Dysfunctions and Psychological,hsa-mir-8074,0.2461540251970291
Arbovirus Infections,hsa-mir-8074,0.24615292251110077
Ichthyosis and Lamellar,hsa-mir-8074,0.24615256488323212
Peritoneal Diseases,hsa-mir-8074,0.24614934623241425
Hepatolenticular Degeneration,hsa-mir-8074,0.24614907801151276
Early-Stage Malignant Melanoma,hsa-mir-8074,0.2461479753255844
Migraine Disorders,hsa-mir-8074,0.24614782631397247
Arthritis and Gouty,hsa-mir-8074,0.24614624679088593
Adenocarcinoma Of Esophagus,hsa-miR-2392,0.2461460679769516
Fibromatosis and Aggressive,hsa-mir-8074,0.2461446076631546
Hip Dislocation and Congenital,hsa-mir-8074,0.2461414784193039
Intracranial Arteriovenous Malformations,hsa-mir-8074,0.24613933265209198
Myositis,hsa-mir-8074,0.24613772332668304
Hemangioma and Cavernous,hsa-mir-8074,0.24613289535045624
Bronchial Diseases,hsa-mir-8074,0.24613164365291595
Gluteal Muscle Contracture,hsa-mir-8074,0.2461315542459488
Trophoblastic Neoplasms,hsa-mir-8074,0.2461245208978653
Histiocytic Sarcoma,hsa-mir-8074,0.24612335860729218
Shoulder Injuries,hsa-mir-8074,0.2461196929216385
Diabetes Of The Exocrine Pancreas ,hsa-mir-8074,0.24611948430538177
Gastrointestinal Diseases,hsa-mir-8074,0.24611930549144745
colon carcinoma,hsa-mir-8074,0.24611689150333405
Cholestasis and Intrahepatic,hsa-mir-8074,0.24611638486385345
frontotemporal dementia,hsa-mir-8074,0.24611563980579376
Rectal Prolapse,hsa-mir-8074,0.24611259996891022
Acute Coronary Syndrome ,hsa-mir-8074,0.2461104542016983
Poisoning,hsa-mir-8074,0.24611015617847443
Breast Diseases,hsa-mir-8074,0.24610991775989532
Leukemia and Myeloid and Chronic and Atypical and BCR-ABL Negative,hsa-mir-8074,0.2461097091436386
Epidermodysplasia Verruciformis,hsa-mir-8074,0.24610652029514313
Hepatitis and Chronic,hsa-mir-8074,0.24610497057437897
Human T-Cell Leukemia Virus Type 1 Infections,hsa-miR-2392,0.2461021989583969
Sertoli Cell-Only Syndrome,hsa-mir-8074,0.24609865248203278
Erythroblastosis and Fetal,hsa-mir-8074,0.2460951954126358
Neoplasm Metastasis,hsa-mir-8074,0.24609263241291046
Oligospermia,hsa-mir-8074,0.24609096348285675
Siderosis,hsa-mir-8074,0.24608515202999115
Delayed Graft Function,hsa-mir-8074,0.24608425796031952
Spinal Cord Compression,hsa-miR-2392,0.24608345329761505
Thymus Neoplasms,hsa-mir-8074,0.24608008563518524
Encephalomyelitis and Acute Disseminated,hsa-mir-8074,0.24607665836811066
Duodenal Ulcer,hsa-mir-8074,0.24606873095035553
Non-Segmental Vitiligo,hsa-miR-2392,0.24606694281101227
Hydrocephalus,hsa-mir-8074,0.2460511177778244
Cholesteatoma,hsa-mir-8074,0.24604268372058868
Neoplasms and Glandular and Epithelial,hsa-mir-8074,0.24604018032550812
Stress Disorders and Traumatic,hsa-mir-8074,0.2460382729768753
Liver Disease and Alcohol-Associated ,hsa-mir-8074,0.2460370510816574
Meningitis and Fungal,hsa-mir-8074,0.2460344284772873
Graves Ophthalmopathy,hsa-mir-8074,0.24602694809436798
Carcinoma and Basal Cell and Skin,hsa-mir-8074,0.24602650105953217
Acute Pulmonary Embolism,hsa-mir-8074,0.24602393805980682
Carcinogenesis,hsa-mir-8074,0.24601761996746063
Aphasia and Primary Progressive,hsa-mir-8074,0.24601607024669647
Endocrine System Diseases,hsa-mir-8074,0.2460135966539383
Hand and Foot and Mouth Disease,hsa-mir-8074,0.24601124227046967
Conjunctivitis and Allergic,hsa-mir-8074,0.24600909650325775
Hypersensitivity and Immediate,hsa-mir-8074,0.2460070699453354
Trachoma,hsa-mir-8074,0.24600692093372345
Alcohol Withdrawal Delirium,hsa-mir-8074,0.24600543081760406
Nonsyndromic sensorineural hearing loss,hsa-mir-8074,0.24600405991077423
Scapuloperoneal Myopathy and X-Linked Dominant,hsa-mir-8074,0.24599342048168182
Thrombotic Stroke,hsa-mir-8074,0.24599136412143707
Reflex Sympathetic Dystrophy,hsa-mir-8074,0.2459857016801834
Cholelithiasis,hsa-mir-8074,0.24598543345928192
Carcinoma and Merkel Cell,hsa-mir-8074,0.24598534405231476
Diabetic Neuropathies,hsa-mir-8074,0.2459842413663864
Psychotic Disorders,hsa-mir-8074,0.24598409235477448
Rhegmatogenous Retinal Detachment and Autosomal Dominant,hsa-mir-8074,0.24597759544849396
Cartilage Degradation,hsa-mir-8074,0.24597640335559845
Ear Diseases,hsa-mir-8074,0.2459755390882492
Osteonecrosis,hsa-mir-8074,0.24597354233264923
Osteoporosis and Postmenopausal,hsa-mir-8074,0.24597327411174774
Pituitary Diseases,hsa-mir-8074,0.2459723800420761
Meier-Gorlin syndrome,hsa-mir-8074,0.2459721714258194
Tuberculosis and Meningeal,hsa-mir-8074,0.24596796929836273
Ullrich congenital muscular dystrophy,hsa-mir-8074,0.24596460163593292
Malaria and Vivax,hsa-mir-8074,0.2459643930196762
Osteoporotic Fractures,hsa-mir-8074,0.24595864117145538
Cardiovascular Complications,hsa-mir-8074,0.2459573894739151
Respirovirus Infections,hsa-mir-8074,0.2459561675786972
Colon   Adenocarcinoma,hsa-mir-8074,0.24595309793949127
Fragile X Syndrome,hsa-mir-8074,0.24595148861408234
Primary Gastrointestinal Diffuse Large B-Cell Lymphoma ,hsa-miR-2392,0.24595142900943756
Mandibulofacial Dysostosis,hsa-mir-8074,0.2459508329629898
Neointimal   Hyperplasia,hsa-mir-8074,0.24594800174236298
Urothelial   Carcinoma,hsa-mir-8074,0.24594689905643463
Rhabdoviridae,hsa-mir-8074,0.24594415724277496
Osteolysis,hsa-mir-8074,0.24594299495220184
Turcot syndrome,hsa-mir-8074,0.2459423989057541
Colorectal   Adenocarcinoma,hsa-mir-8074,0.24594129621982574
Mesothelioma and Malignant and Pleural,hsa-mir-8074,0.2459409385919571
Reperfusion Injury and Testicular Ischemia,hsa-miR-2392,0.2459392100572586
Glima,hsa-mir-8074,0.24593572318553925
Brain Edema,hsa-miR-2392,0.24593479931354523
Myeloma Bone Disease,hsa-miR-4262,0.24593444168567657
Brain   Ventricle Enlargement,hsa-miR-2392,0.24593304097652435
Pancreatitis and Acute Hemorrhagic,hsa-miR-2392,0.2459326535463333
Aortic Aneurysm,hsa-mir-8074,0.2459307163953781
Acute Aortic   Dissection,hsa-mir-8074,0.24593059718608856
Liver Failure,hsa-mir-8074,0.24592949450016022
Bacterial Infections,hsa-mir-8074,0.24592940509319305
Movement Disorders,hsa-mir-8074,0.2459292858839035
Meningioma,hsa-mir-8074,0.2459220141172409
Liver Cirrhosis and Hepatitis Virus B-Related,hsa-mir-8074,0.24592061340808868
Nasopharyngeal Neoplasms,hsa-mir-8074,0.24591781198978424
Lymphoma and Natural   Killer/T-Cell,hsa-mir-8074,0.24591569602489471
Nager acrofacial dysostosis,hsa-mir-8074,0.24591471254825592
Gastric And Colon Cancer,hsa-mir-8074,0.24591217935085297
Autographa californica multiple nuclear polyhedrosis virus,hsa-miR-2392,0.24591170251369476
Barrett Esophagus,hsa-mir-8074,0.24590711295604706
Obesity and Abdominal,hsa-mir-8074,0.24590586125850677
Wound Infection,hsa-miR-2392,0.24590180814266205
Eunuchism,hsa-mir-8074,0.24590004980564117
Lissencephaly,hsa-mir-8074,0.2458994835615158
Small Cell Lung Carcinoma,hsa-mir-8074,0.24589847028255463
Hypertensive  Disorder Complicating Pregnancy,hsa-mir-8074,0.24589647352695465
Adenocarcinoma,hsa-mir-8074,0.24589596688747406
Yellow Nail Syndrome,hsa-mir-8074,0.24589572846889496
Takayasu Arteritis,hsa-mir-8074,0.24589456617832184
Megalencephalic leukoencephalopathy with subcortical cysts,hsa-mir-8074,0.24589325487613678
Substance Abuse and Intravenous,hsa-mir-8074,0.2458920031785965
Dacryocystitis,hsa-mir-8074,0.24588905274868011
ACTH-independent macronodular adrenal hyperplasia,hsa-mir-8074,0.24588696658611298
Respiratory Syncytial Virus Infections,hsa-mir-8074,0.24588538706302643
Retinal Detachment,hsa-mir-8074,0.24588482081890106
Coronary Artery Calcification,hsa-mir-8074,0.24588428437709808
Bronchiolitis Obliterans,hsa-mir-8074,0.24588416516780853
Hcv Associated Disorders,hsa-mir-8074,0.245879665017128
Abortion and Septic,hsa-mir-8074,0.24587871134281158
Obsessive-Compulsive Disorder,hsa-mir-8074,0.24587707221508026
Anemia,hsa-mir-8074,0.2458769828081131
Glaucoma,hsa-mir-8074,0.24587585031986237
Acne Vulgaris,hsa-mir-8074,0.24587543308734894
Sensation Disorders,hsa-mir-8074,0.24587516486644745
Hepatitis C and Chronic,hsa-mir-8074,0.2458735853433609
Folliculotropic Mycosis Fungoides,hsa-mir-8074,0.24587292969226837
Pleural Effusion and Malignant,hsa-mir-8074,0.24587206542491913
Acute Lymphocytic Leukemia and B-Cell,hsa-mir-8074,0.24587149918079376
Spermatic Cord Torsion,hsa-mir-8074,0.24587075412273407
Bronchopulmonary Dysplasia,hsa-mir-8074,0.2458699494600296
salivary gland mucoepidermoid carcinoma,hsa-mir-8074,0.24586980044841766
Spondylocheirodysplasia and Ehlers-Danlos Syndrome-Like,hsa-mir-8074,0.24586905539035797
Thymic epithelial tumor,hsa-mir-8074,0.2458667904138565
Shock and Septic,hsa-mir-8074,0.24586613476276398
Lupus Vasculitis and Central Nervous System,hsa-miR-2392,0.2458661049604416
Tibial Neuropathy,hsa-miR-2392,0.2458651214838028
Giant Cell Arteritis,hsa-mir-8074,0.24586419761180878
Chronic  Rhinosinusitis With Nasal Polyps,hsa-miR-2392,0.24586306512355804
Neoplasm and Residual,hsa-mir-8074,0.24586306512355804
Immunoglobulin G4-Related Disease,hsa-mir-8074,0.24586306512355804
Hind Limb Ischemia,hsa-mir-8074,0.2458602339029312
skin melanoma,hsa-mir-8074,0.24585960805416107
Hemochromatosis,hsa-mir-8074,0.24585919082164764
Neurofibromatosis 2,hsa-mir-8074,0.24585877358913422
Alzheimer Disease ,hsa-mir-8074,0.24585868418216705
Choroidal Neovascularization,hsa-mir-8074,0.2458585649728775
Infertility and Female,hsa-mir-8074,0.24585844576358795
Amnesia,hsa-mir-8074,0.24585820734500885
Lip and Hamartomatous,hsa-mir-8074,0.2458578199148178
Sleep Apnea Syndromes,hsa-mir-8074,0.24585624039173126
Vasospasm and Intracranial and Postoperative,hsa-mir-8074,0.245855912566185
Glomus Tumor,hsa-mir-8074,0.24585480988025665
Peripheral Blood Leukocytes,hsa-mir-8074,0.24585379660129547
Vascular System Injuries,hsa-mir-8074,0.24585048854351044
Leukemia and Myelomonocytic and Chronic,hsa-mir-8074,0.24584932625293732
Chronic  Rhinosinusitis With Nasal Polyps,hsa-miR-4291,0.24584294855594635
AIDS Dementia Complex,hsa-mir-8074,0.24584199488162994
Necrosis,hsa-mir-8074,0.24584053456783295
Rupture,hsa-mir-8074,0.24584002792835236
Cholera,hsa-mir-8074,0.24583972990512848
Chronic Disease,hsa-mir-8074,0.24583594501018524
Cumulative Trauma Disorders,hsa-mir-8074,0.2458331137895584
mucinous cystadenocarcinoma of pancreas,hsa-mir-8074,0.24583296477794647
Brain Damage and Chronic,hsa-mir-8074,0.24583296477794647
Primary Graft Dysfunction,hsa-mir-8074,0.24583114683628082
Encephalomyelitis and Enzootic Porcine,hsa-mir-8074,0.24583090841770172
Neural Tube Defects,hsa-mir-8074,0.24583034217357635
T-cell acute lymphoblastic leukemia,hsa-mir-8074,0.2458270937204361
Myotonic Dystrophy,hsa-miR-2392,0.245826855301857
Classical Swine Fever,hsa-miR-4291,0.2458268254995346
DNA Repair-Deficiency Disorders,hsa-mir-8074,0.24582646787166595
Lupus Nephritis,hsa-mir-8074,0.24582608044147491
Osteoarthropathy and Primary Hypertrophic,hsa-mir-8074,0.24582453072071075
Hyperparathyroidism and Primary,hsa-mir-8074,0.24582426249980927
Alcohol Induced Neurogenic Inflammation,hsa-mir-8074,0.24582411348819733
Aortic Diseases,hsa-mir-8074,0.24582184851169586
Renal Artery Obstruction,hsa-miR-2392,0.24582023918628693
Welander distal myopathy and Swedish type,hsa-mir-8074,0.2458200603723526
Hyperkalemia,hsa-mir-8074,0.2458142787218094
Dmd-Associated Dilated Cardiomyopathy,hsa-mir-8074,0.24581418931484222
Sveinsson Chorioretinal Atrophy,hsa-mir-8074,0.24581386148929596
Bloom Syndrome,hsa-mir-8074,0.24581314623355865
Drug Hypersensitivity,hsa-mir-8074,0.24581025540828705
Spinal Diseases,hsa-miR-1225,0.24580807983875275
rectum adenocarcinoma,hsa-mir-8074,0.245807483792305
Microscopic Polyangiitis,hsa-mir-8074,0.24580629169940948
Angina and Unstable,hsa-mir-8074,0.24580417573451996
Bone Regeneration,hsa-mir-8074,0.24580319225788116
Corneal Diseases,hsa-mir-8074,0.2458019107580185
Niemann-Pick disease type C1,hsa-mir-8074,0.24579985439777374
Periapical Periodontitis,hsa-miR-4482,0.24579910933971405
Noonan syndrome-like disorder with loose anagen hair,hsa-mir-8074,0.24579177796840668
Meniere Disease,hsa-mir-8074,0.2457880824804306
Arthritis and Juvenile,hsa-mir-8074,0.24578751623630524
Keratoconus,hsa-mir-8074,0.24578355252742767
Diabetic Retinopathy ,hsa-mir-8074,0.2457830160856247
Keloid,hsa-mir-8074,0.24578218162059784
mitochondrial DNA depletion syndrome 4b,hsa-mir-8074,0.24577642977237701
Thyroid Carcinoma and Anaplastic,hsa-mir-8074,0.2457750290632248
Leukemia and Myeloid,hsa-mir-8074,0.24577392637729645
Chediak-Higashi Syndrome,hsa-miR-1225,0.2457723170518875
Foot-and-Mouth Disease,hsa-mir-8074,0.2457691878080368
Multiple Mitochondrial Dysfunctions Syndrome,hsa-miR-2392,0.24576745927333832
Pars Planitis,hsa-mir-8074,0.24576659500598907
Polycythemia Vera,hsa-mir-8074,0.24576632678508759
White Spot Syndrome Virus  Infection,hsa-mir-8074,0.24576608836650848
End Stage Liver Disease,hsa-mir-8074,0.24576504528522491
Postoperative Complications,hsa-mir-8074,0.2457634061574936
Moebius syndrome 1,hsa-mir-8074,0.2457634061574936
Neoplasms and Mesothelial,hsa-miR-2392,0.2457631379365921
Periapical Periodontitis,hsa-miR-4439,0.24576012790203094
Pancreatitis and Acute Hemorrhagic,hsa-miR-181b,0.24575452506542206
osteogenesis imperfecta type 1,hsa-mir-8074,0.24575282633304596
Meningitis and Bacterial,hsa-mir-8074,0.24575041234493256
Altitude Sickness,hsa-mir-8074,0.24574832618236542
Cystadenocarcinoma and Serous and Endometrial,hsa-mir-8074,0.24574674665927887
Chagas Cardiomyopathy,hsa-mir-8074,0.2457457333803177
Carotid Stenosis,hsa-mir-8074,0.24573616683483124
Leg Ulcer,hsa-mir-8074,0.2457343190908432
Leukoplakia and Oral,hsa-mir-8074,0.24573270976543427
Pediatric Cystic Fibrosis,hsa-mir-8074,0.24573157727718353
Glucose Intolerance,hsa-mir-8074,0.245730921626091
Typical Teratoid Rhabdoid Tumor,hsa-mir-8074,0.2457299679517746
Enterocolitis and Pseudomembranous,hsa-mir-8074,0.2457275241613388
Stiff-Person Syndrome,hsa-mir-8074,0.2457219511270523
Dysentery and Bacillary,hsa-miR-1225,0.24572046101093292
Thyroid Diseases,hsa-mir-8074,0.24571849405765533
Neurodevelopmental Disorders,hsa-mir-8074,0.24571512639522552
Kidney Neoplasms,hsa-mir-8074,0.24571125209331512
Renal Tubular Oxidative Injury,hsa-mir-8074,0.24571119248867035
Myasthenia Gravis with Thymus Hyperplasia,hsa-mir-8074,0.24571071565151215
Abnormalities and Multiple,hsa-mir-8074,0.24570517241954803
Hemoglobin Bart'S Hydrops   Fetalis Syndrome,hsa-mir-8074,0.2456943243741989
Hemorrhagic Fever and Ebola,hsa-mir-8074,0.24569137394428253
Spinal Cord Compression,hsa-miR-1225,0.24568204581737518
Orofacial Cleft,hsa-miR-2392,0.2456819862127304
Diminished  Ovarian Reserve,hsa-miR-1225,0.24559827148914337
Amyloidosis,rno-miR-369-3p,0.2455877810716629
Optic atrophy 1 and deafness,hsa-miR-422b,0.24557365477085114
Drug Resistant Epilepsy,rno-miR-27a,0.2455407828092575
Scleral Diseases,hsa-miR-422b,0.24552805721759796
Periapical Diseases,rno-miR-369-3p,0.24552537500858307
Alveolar echinococcosis,rno-miR-369-3p,0.24552206695079803
Amelogenesis Imperfecta,rno-miR-369-3p,0.24551768600940704
Postural Orthostatic Tachycardia Syndrome,rno-miR-369-3p,0.2455039769411087
Wound Infection,hsa-miR-1225,0.24550040066242218
Hepatitis E,rno-miR-369-3p,0.24549712240695953
Arene Oxide Detoxification Defect,hsa-miR-1225,0.24549590051174164
Obesity and Osteosarcopenic,rno-miR-369-3p,0.2454894334077835
spondyloepimetaphyseal dysplasia and Strudwick type,rno-miR-369-3p,0.24548916518688202
Rectal Injury,rno-miR-369-3p,0.2454870492219925
Hypoxia and Brain,rno-miR-369-3p,0.24548666179180145
Neoplastic Cells and Circulating,rno-miR-369-3p,0.24548305571079254
Coronavirus Infections,rno-miR-369-3p,0.2454761117696762
non-alcoholic fatty liver,rno-miR-369-3p,0.24547450244426727
Hyperlipoproteinemia Type III,rno-miR-369-3p,0.24547205865383148
Protein-Losing Enteropathies,rno-miR-369-3p,0.2454700917005539
succinic semialdehyde dehydrogenase deficiency,hsa-miR-1225,0.24546529352664948
Rectal Diseases,rno-miR-369-3p,0.24546371400356293
Vascular Endothelial Damage,hsa-miR-1225,0.24545808136463165
Muscular Atrophy and Spinal,rno-miR-369-3p,0.24545572698116302
White Dot Syndromes,rno-miR-369-3p,0.24545492231845856
obstructive nephropathy,rno-miR-369-3p,0.24544377624988556
Cardiovascular And   Cerebrovascular Diseases,rno-miR-369-3p,0.2454356700181961
Arbovirus Infections,rno-miR-369-3p,0.24543090164661407
Hepatic Veno-Occlusive Disease,rno-miR-369-3p,0.24542878568172455
Large Artery  Atherosclerosis,rno-miR-369-3p,0.2454206496477127
Hip Dislocation and Congenital,rno-miR-369-3p,0.2454194575548172
Cerebral Small Vessel Diseases,rno-miR-369-3p,0.24541081488132477
Hair Diseases,rno-miR-369-3p,0.2454098016023636
Autoimmune Diseases of the Nervous System,hsa-miR-1225,0.24540571868419647
Heart Failure and Systolic,rno-miR-369-3p,0.24540282785892487
Polycythemia,rno-miR-369-3p,0.2454002946615219
Leukemia and Myeloid and Chronic and Atypical and BCR-ABL Negative,rno-miR-369-3p,0.24538759887218475
Skeletal Muscle Injury,hsa-miR-1225,0.24538709223270416
Heart Injuries,rno-miR-369-3p,0.24538688361644745
Blast Crisis,rno-miR-369-3p,0.24538274109363556
Allograft Rejection and Antibody-Mediated,rno-miR-369-3p,0.24538235366344452
Tourette Syndrome,rno-miR-369-3p,0.24538107216358185
Chediak-Higashi Syndrome,hsa-miR-378a-5p,0.24536974728107452
Respiratory Distress Syndrome and Newborn,rno-miR-369-3p,0.24536727368831635
Leukemia and Myeloid and Accelerated Phase,rno-miR-369-3p,0.24536485970020294
Delayed Graft Function,rno-miR-369-3p,0.24536214768886566
Thymus Neoplasms,rno-miR-369-3p,0.24535803496837616
neonatal-onset type II citrullinemia,rno-miR-369-3p,0.245345339179039
Mycoplasma pneumoniae pneumonia,hsa-miR-1271-3p,0.2453448325395584
Brucellosis and Bovine,rno-miR-369-3p,0.24533499777317047
Sleep Deprivation,rno-miR-369-3p,0.24533168971538544
Testicular Neoplasms,hsa-miR-136,0.2452978640794754
Aphasia and Primary Progressive,rno-miR-369-3p,0.2452940195798874
Hand and Foot and Mouth Disease,rno-miR-369-3p,0.2452891319990158
Alcohol Withdrawal Delirium,rno-miR-369-3p,0.24528343975543976
Lysosomal Storage Diseases,hsa-miR-1271-3p,0.2452818900346756
Primary Gastrointestinal Diffuse Large B-Cell Lymphoma ,hsa-miR-422b,0.24527837336063385
Anterior Cruciate Ligament Injuries,rno-miR-369-3p,0.2452758401632309
Hyperplasia,rno-miR-369-3p,0.2452745884656906
Thrombotic Stroke,rno-miR-369-3p,0.245269313454628
Mycoplasma pneumoniae pneumonia,hsa-miR-3117-3p,0.2452557533979416
Splenic Neoplasms,hsa-miR-378a-5p,0.24525336921215057
Osteoporosis and Postmenopausal,rno-miR-369-3p,0.24525125324726105
Spinal Diseases,hsa-miR-3117-3p,0.24525035917758942
Sciatica,rno-miR-369-3p,0.24524934589862823
Chediak-Higashi Syndrome,hsa-miR-136,0.24524904787540436
Adrenocortical Adenoma,hsa-miR-136,0.245247021317482
Tuberculosis and Meningeal,rno-miR-369-3p,0.24524591863155365
Necrobiotic Disorders,rno-miR-369-3p,0.24524246156215668
Scleral Diseases,hsa-miR-3117-3p,0.2452419251203537
Burns,rno-miR-369-3p,0.24523909389972687
Ankle Fractures,rno-miR-369-3p,0.2452353686094284
Human T-Cell Leukemia Virus Type 1 Infections,hsa-miR-1271-3p,0.2452319711446762
Susac Syndrome,hsa-miR-378a-5p,0.2452315241098404
Trypanosomiasis,rno-miR-369-3p,0.2452303022146225
Fragile X Syndrome,rno-miR-369-3p,0.24522940814495087
Neointimal   Hyperplasia,rno-miR-369-3p,0.24522589147090912
Testicular Neoplasms,hsa-miR-374a-3p,0.24522243440151215
Atrial Myosins,rno-miR-369-3p,0.24522103369235992
Colorectal   Adenocarcinoma,rno-miR-369-3p,0.24521927535533905
Spinal Cord Compression,hsa-miR-1271-3p,0.24521328508853912
Cestode Infections,hsa-miR-374a-3p,0.2452123910188675
Meniscus Degeneration,hsa-miR-3117-3p,0.2452114373445511
Hereditary Autoinflammatory Diseases,hsa-miR-422b,0.24520952999591827
Vulvar Neoplasms,rno-miR-369-3p,0.2452041357755661
Lymphoma and Nk-T-Cell,hsa-miR-3117-3p,0.2452036589384079
Scleral Diseases,hsa-miR-374a-3p,0.2452010065317154
Meningioma,rno-miR-369-3p,0.2451999932527542
Brain Injuries and Traumatic,rno-miR-369-3p,0.24519933760166168
Pulmonary Edema,rno-miR-369-3p,0.2451983243227005
Chronic recurrent multifocal osteomyelitis,rno-miR-369-3p,0.24519427120685577
Hyperostosis,rno-miR-369-3p,0.24519403278827667
Graves Disease,rno-miR-369-3p,0.24518983066082
Mastitis,rno-miR-369-3p,0.24518881738185883
hyper IgE recurrent infection syndrome 2,rno-miR-369-3p,0.2451881319284439
Arthritis,rno-miR-369-3p,0.2451833039522171
Infarction and Middle Cerebral Artery,rno-miR-369-3p,0.24518315494060516
Amebiasis,hsa-miR-29c-3p,0.2451823204755783
Frontonasal dysplasia,rno-miR-369-3p,0.2451823204755783
thyroid gland Hurthle cell carcinoma,hsa-miR-374a-3p,0.24517841637134552
Human T-Cell Leukemia Virus Type 1 Infections,hsa-miR-136,0.2451774626970291
Retinal Dystrophies,rno-miR-369-3p,0.24517722427845
Polythelia and Familial,rno-miR-369-3p,0.24517543613910675
Deglutition Disorders,hsa-miR-3117-3p,0.2451753467321396
Rosacea,rno-miR-369-3p,0.24517418444156647
Post-Dural Puncture Headache,rno-miR-369-3p,0.2451736181974411
Takayasu Arteritis,rno-miR-369-3p,0.24517251551151276
Allergic Inflammation,rno-miR-369-3p,0.24517150223255157
Megalencephalic leukoencephalopathy with subcortical cysts,rno-miR-369-3p,0.24517126381397247
Cleft Lip,rno-miR-369-3p,0.2451711744070053
Cachexia,rno-miR-369-3p,0.245169535279274
Short Qt Syndrome,hsa-miR-29c-3p,0.24516911804676056
Lesch-Nyhan Syndrome,rno-miR-369-3p,0.24516664445400238
Cystitis and Interstitial,rno-miR-369-3p,0.24516569077968597
Psoriasis,rno-miR-369-3p,0.24516429007053375
Retinal Detachment,rno-miR-369-3p,0.2451627105474472
Larva Migrans and Visceral,rno-miR-369-3p,0.2451627105474472
Dysentery and Bacillary,hsa-miR-3117-3p,0.24516268074512482
Gastritis and Pediatric,rno-miR-369-3p,0.24516113102436066
Granuloma,hsa-miR-3117-3p,0.24515922367572784
familial multiple nevi flammei,rno-miR-369-3p,0.2451571673154831
Encephalomyelitis and Autoimmune and Experimental,rno-miR-369-3p,0.24515528976917267
Leukemia and Prolymphocytic and T-Cell,rno-miR-369-3p,0.24515484273433685
Viral Myocarditis,rno-miR-369-3p,0.24515388906002045
Acne Vulgaris,rno-miR-369-3p,0.24515332281589508
Lysosomal Storage Diseases,hsa-miR-374a-3p,0.24515189230442047
Telangiectasia and Hereditary Hemorrhagic,rno-miR-369-3p,0.24515049159526825
Acute Lymphoblastic Leukemia and T-Cell,rno-miR-369-3p,0.245149627327919
Juvenile gout,hsa-miR-3117-3p,0.24514807760715485
Heart Diseases and Congenital,rno-miR-369-3p,0.2451467663049698
Adenocarcinoma Of Esophagus,hsa-miR-374a-3p,0.24514593183994293
familial febrile seizures 1,rno-miR-369-3p,0.24514420330524445
Cystic Fibrosis,rno-miR-369-3p,0.24514122307300568
Meibomian Gland Carcinoma  ,rno-miR-369-3p,0.24514053761959076
Lumbosacral Spinal Root Avulsion,rno-miR-369-3p,0.2451389878988266
Angioedemas and Hereditary,hsa-miR-1271-3p,0.24513809382915497
skin melanoma,rno-miR-369-3p,0.245137557387352
Multicystic renal dysplasia and bilateral,rno-miR-369-3p,0.2451373189687729
Choroidal Neovascularization,rno-miR-369-3p,0.24513651430606842
Infertility and Female,rno-miR-369-3p,0.24513642489910126
Reperfusion Injury and Testicular Ischemia,hsa-miR-378a-5p,0.24513517320156097
Sleep Apnea Syndromes,rno-miR-369-3p,0.24513421952724457
Choroidal Melanoma,rno-miR-369-3p,0.2451331466436386
Lymphoproliferative Disorders,rno-miR-369-3p,0.24513234198093414
Diminished  Ovarian Reserve,hsa-miR-1271-3p,0.24512948095798492
Vascular System Injuries,rno-miR-369-3p,0.24512837827205658
Colonic Polyps,rno-miR-369-3p,0.24512486159801483
Dysentery and Bacillary,hsa-miR-374a-3p,0.2451217621564865
Heart Septal Defects and Atrial,rno-miR-369-3p,0.24512164294719696
Neuroectodermal Tumors and Primitive,rno-miR-369-3p,0.24511919915676117
nonsyndromic congenital nail disorder 7,rno-miR-369-3p,0.24511860311031342
Chronic Gastritis,rno-miR-369-3p,0.24511845409870148
Rupture,rno-miR-369-3p,0.2451179474592209
Hematologic Neoplasms,rno-miR-369-3p,0.24511612951755524
Fibroadenoma,rno-miR-369-3p,0.24511487782001495
Chronic Disease,rno-miR-369-3p,0.24511398375034332
Oral Submucous Fibrosis,rno-miR-369-3p,0.24511177837848663
Brain Damage and Chronic,rno-miR-369-3p,0.2451109141111374
Muscular Dystrophies,rno-miR-369-3p,0.24511025846004486
Inflammatory Osteolysis,rno-miR-369-3p,0.24511010944843292
Pancreatitis,rno-miR-369-3p,0.2451099008321762
Biotinidase Deficiency,rno-miR-369-3p,0.24510811269283295
Distal myopathy and Nonaka type,rno-miR-369-3p,0.24510811269283295
Juvenile gout,hsa-miR-374a-3p,0.24510709941387177
Halal syndrome,rno-miR-369-3p,0.24510659277439117
Influenza in Birds,rno-miR-369-3p,0.24510271847248077
Myocarditis,rno-miR-369-3p,0.2450985163450241
brachydactyly type D,rno-miR-369-3p,0.2450956553220749
Heart Failure and Ischemic,rno-miR-369-3p,0.24509556591510773
Kahrizi Syndrome,rno-miR-369-3p,0.24509544670581818
Dmd-Associated Dilated Cardiomyopathy,rno-miR-369-3p,0.24509213864803314
Brachial Plexus Injury,rno-miR-369-3p,0.24509017169475555
Albuminuria,rno-miR-369-3p,0.24508915841579437
Periodontal Diseases,rno-miR-369-3p,0.24508781731128693
Low Tension Glaucoma,rno-miR-369-3p,0.24508629739284515
Hypercholesterolemia,rno-miR-369-3p,0.24508421123027802
Short Stature and Idiopathic and Autosomal,rno-miR-369-3p,0.24508346617221832
Cerebral Intraventricular Hemorrhage,rno-miR-369-3p,0.24507968127727509
Pain and Inflammatory,rno-miR-369-3p,0.24506957828998566
Heart Septal Defects and Ventricular,rno-miR-369-3p,0.2450646311044693
Craniofacial Abnormalities,rno-miR-369-3p,0.24506397545337677
Human Herpesvirus 6 encephalitis,rno-miR-369-3p,0.24506308138370514
Neoplasms and Hormone-Dependent,hsa-miR-136,0.24506212770938873
Diabetic Retinopathy ,rno-miR-369-3p,0.24506090581417084
Venous Thrombosis,rno-miR-369-3p,0.24505086243152618
Angioedemas and Hereditary,hsa-miR-3117-3p,0.24504907429218292
Synucleinopathies,rno-miR-369-3p,0.24504823982715607
Malnutrition,rno-miR-369-3p,0.2450464814901352
Brain Ischemia and Acute,rno-miR-369-3p,0.24504630267620087
Schistosomiasis,rno-miR-369-3p,0.24504609405994415
Hematoma and Subdural and Chronic,rno-miR-369-3p,0.2450455278158188
Polycythemia Vera,rno-miR-369-3p,0.2450443059206009
Moebius syndrome 1,rno-miR-369-3p,0.24504132568836212
Cholecystitis,rno-miR-369-3p,0.24503590166568756
Ischemic Stroke and Cerebral,hsa-miR-374a-3p,0.24502988159656525
Jaundice and Acute,rno-miR-369-3p,0.2450295239686966
Fatty Liver and Alcoholic,hsa-miR-4478,0.24502883851528168
Neutropenia,hsa-miR-136,0.24502675235271454
Asthma and Chronic,hsa-miR-1271-3p,0.245023712515831
Mental Retardation and X-Linked,hsa-miR-3117-3p,0.24501891434192657
Hearing Loss and Unilateral,rno-miR-369-3p,0.24501608312129974
Leg Ulcer,rno-miR-369-3p,0.24501220881938934
Brugada Syndrome,hsa-miR-29c-3p,0.24501056969165802
Brain   Ventricle Enlargement,hsa-miR-136,0.24500830471515656
Angioedemas and Hereditary,hsa-miR-374a-3p,0.24500815570354462
Adrenocortical Carcinoma and Pediatric,rno-miR-369-3p,0.24500714242458344
UV-Sensitive Syndrome,hsa-miR-378a-5p,0.2450021356344223
Primary Gastrointestinal Diffuse Large B-Cell Lymphoma ,hsa-miR-3117-3p,0.2449921816587448
Kidney Neoplasms,rno-miR-369-3p,0.24498914182186127
Reperfusion Injury and Testicular Ischemia,hsa-miR-3117-3p,0.2449800819158554
Brain Edema,hsa-miR-3117-3p,0.24497567117214203
Pancreatitis and Acute Hemorrhagic,hsa-miR-3117-3p,0.24497340619564056
Hemorrhagic Fever and Ebola,rno-miR-369-3p,0.24496932327747345
Vaginosis and Bacterial,hsa-miR-3117-3p,0.24496804177761078
Sleep Initiation and Maintenance Disorders,rno-miR-369-3p,0.2449653595685959
Carcinoma and Intraductal and Noninfiltrating,hsa-miR-3117-3p,0.24494947493076324
Tibial Neuropathy,hsa-miR-136,0.244940385222435
Reperfusion Injury and Testicular Ischemia,hsa-miR-374a-3p,0.24493913352489471
Arene Oxide Detoxification Defect,hsa-miR-3117-3p,0.24493812024593353
Asthma and Chronic,hsa-miR-3117-3p,0.24493475258350372
Pancreatitis and Acute Hemorrhagic,hsa-miR-374a-3p,0.24493248760700226
Arterial Occlusive Diseases,EBV-miR-BART7,0.24492718279361725
Nevi and Melanomas,hsa-miR-136,0.24492467939853668
Peripheral Vascular Diseases,hsa-miR-3117-3p,0.24492405354976654
Lattice corneal dystrophy type 1,hsa-miR-374a-3p,0.24492095410823822
Myeloma Bone Disease,hsa-miR-3117-3p,0.24492020905017853
Trophoblastic Tumor and Placental Site,hsa-miR-374a-3p,0.24491558969020844
Venous Neointimal Hyperplasia,hsa-miR-374a-3p,0.24491547048091888
Tricuspid Valve Insufficiency,hsa-miR-374a-3p,0.2449125498533249
Chondrosarcoma and Extraskeletal Myxoid,hsa-miR-374a-3p,0.24490563571453094
Myotonic Dystrophy,hsa-miR-136,0.24490217864513397
Hemangiosarcoma,hsa-miR-374a-3p,0.24490098655223846
Arene Oxide Detoxification Defect,hsa-miR-374a-3p,0.24489726126194
Neoplasms and Mesothelial,hsa-miR-1271-3p,0.2448929101228714
Inflammation and Chronic,hsa-miR-374a-3p,0.24488861858844757
Visceral Pain,hsa-miR-374a-3p,0.24488048255443573
fragile X-associated tremor/ataxia syndrome,hsa-miR-374a-3p,0.24487923085689545
Plaque and Amyloid,hsa-miR-374a-3p,0.2448788732290268
Muscular Dystrophies and Limb-Girdle,hsa-miR-3117-3p,0.24486683309078217
Lupus Vasculitis and Central Nervous System,hsa-miR-374a-3p,0.24486596882343292
Visceral Hypersensitivity,hsa-miR-374a-3p,0.2448597103357315
UV-Sensitive Syndrome,hsa-miR-3117-3p,0.24484698474407196
Vitelliform Macular Dystrophy,hsa-miR-3117-3p,0.24484659731388092
Chronic   Pelvic Pain Syndrome,hsa-miR-136,0.24483896791934967
Lentivirus Infections,hsa-miR-3117-3p,0.2448337823152542
Rhabdomyosarcoma and Alveolar,hsa-miR-3117-3p,0.24483199417591095
Skeletal Muscle Injury,hsa-miR-3117-3p,0.24482931196689606
Muscular Dystrophies and Limb-Girdle,hsa-miR-374a-3p,0.24482591450214386
Granulomatous Disease and Chronic,hsa-miR-3117-3p,0.24482278525829315
Renal Artery Obstruction,hsa-miR-374a-3p,0.24482007324695587
Autoimmune Diseases of the Nervous System,hsa-miR-374a-3p,0.24480707943439484
Lentivirus Infections,hsa-miR-1238-3p,0.24478541314601898
Multiple Mitochondrial Dysfunctions Syndrome,hsa-miR-374a-3p,0.24476732313632965
American Tegumentary Leishmaniasis,hsa-miR-374a-3p,0.24476288259029388
Encephalitis and Tick-Borne,hsa-miR-3117-3p,0.24476082623004913
Canavan Disease,hsa-miR-374a-3p,0.24472196400165558
Encephalitis and Tick-Borne,hsa-miR-374a-3p,0.24471990764141083
Cranial Nerve Injuries,hsa-miR-374a-3p,0.24470923840999603
Periodontitis and Diabetic,hsa-miR-3678-3p,0.24468766152858734
Myotonic Dystrophy,hsa-miR-140-3p,0.24466966092586517
Stomach Ulcer,hsa-miR-4444,0.24460195004940033
Optic Neuritis,hsa-miR-4478,0.24455974996089935
Axenfeld-Rieger syndrome,hsa-miR-4446-5p,0.2443736344575882
Testicular Neoplasms,hsa-miR-1343-3p,0.24436350166797638
Rhabdoid Tumor and Kidney,hsa-miR-4436a,0.2443082183599472
West Nile Fever,hsa-miR-3682-3p,0.24426276981830597
Testicular Neoplasms,hsa-miR-3124,0.24425683915615082
Spinal Diseases,hsa-miR-3124,0.24424384534358978
Adenocarcinoma Of Esophagus,hsa-miR-27a-3p,0.24423183500766754
Chediak-Higashi Syndrome,hsa-miR-3124,0.2442082315683365
Polyposis Syndrome and Hereditary Mixed and 1,hsa-miR-3124,0.244184210896492
Postoperative Nausea and Vomiting,hsa-mir-8074,0.24418126046657562
Splenic Neoplasms,hsa-miR-3124,0.24409173429012299
Posterior Segment Ocular Diseases,hsa-miR-3682-3p,0.24406938254833221
Neuroaxonal Dystrophies,hsa-miR-3682-3p,0.24405406415462494
Neutropenia,hsa-miR-3682-3p,0.24404306709766388
Angioedemas and Hereditary,hsa-miR-3124,0.2440425604581833
Rickettsia Infections,hsa-miR-27a-3p,0.24403421580791473
Gliosis,hsa-miR-3124,0.24401043355464935
Lattice corneal dystrophy type 1,hsa-miR-27a-3p,0.24400685727596283
Optic Nerve Injuries,hsa-miR-4482,0.24400649964809418
Arene Oxide Detoxification Defect,hsa-miR-3682-3p,0.24398894608020782
Crisponi syndrome,hsa-miR-3682-3p,0.24398769438266754
Reperfusion Injury and Testicular Ischemia,hsa-miR-3124,0.24397359788417816
Rhabdoid Tumor and Kidney,hsa-miR-27a-3p,0.24396945536136627
Hereditary Autoinflammatory Diseases,hsa-miR-27a-3p,0.24396823346614838
Lattice corneal dystrophy type 1,hsa-miR-3124,0.24395547807216644
Phyllodes Tumor and Breast,hsa-miR-3124,0.24395184218883514
Chondrosarcoma and Extraskeletal Myxoid,hsa-miR-3124,0.2439401000738144
Pelvic Organ Prolapse,hsa-miR-4446-5p,0.24393822252750397
Inflammation and Chronic,hsa-miR-3124,0.24392308294773102
Visceral Pain,hsa-miR-3124,0.24391500651836395
Renal Artery Obstruction,hsa-miR-27a-3p,0.2439059168100357
Lupus Vasculitis and Central Nervous System,hsa-miR-3124,0.24390049278736115
Pfeiffer type acrocephalosyndactyly,hsa-miR-3124,0.2438937872648239
Vitelliform Macular Dystrophy,hsa-miR-27a-3p,0.24389152228832245
Adrenocorticotropic hormone deficiency,hsa-miR-4494,0.2438717633485794
Urinary Calculi,hsa-miR-3682-3p,0.24386872351169586
Radiation-Induced Oral Mucositis,hsa-miR-376b-3p,0.2438632696866989
Autoimmune Diseases of the Nervous System,hsa-miR-3124,0.24384154379367828
Pasteurella Multocida Infections,hsa-miR-410-5p,0.24383728206157684
Chills,hsa-miR-3124,0.2438088208436966
American Tegumentary Leishmaniasis,hsa-miR-3124,0.24379731714725494
Canavan Disease,hsa-miR-3124,0.24375642836093903
Encephalitis and Tick-Borne,hsa-miR-3124,0.24375437200069427
Placenta Accreta,hsa-miR-4446-5p,0.24367399513721466
Nerve Degeneration,hsa-mir-873,0.24354974925518036
Esophageal Neoplasms,hsa-miR-4446-5p,0.24352188408374786
Hypothermia,hsa-miR-4446-5p,0.2434585839509964
Posterior Segment Ocular Diseases,hsa-miR-4517,0.24335403740406036
Scleral Diseases,hsa-miR-125b-2,0.2433159500360489
Polyposis Syndrome and Hereditary Mixed and 1,hsa-miR-125b-2,0.24326471984386444
Perinatal Asphyxia,rno-miR-409-5p,0.24325503408908844
Spinal Cord Compression,hsa-miR-125b-2,0.24319829046726227
Autoimmune Diseases of the Nervous System,hsa-miR-4517,0.24318335950374603
Brugada Syndrome,hsa-miR-125b-2,0.24314959347248077
Hay-Wells syndrome,hsa-miR-4267,0.24314071238040924
Mycoplasma pneumoniae pneumonia,hsa-miR-4267,0.24313317239284515
Amebiasis,hsa-miR-4267,0.24312473833560944
Diminished  Ovarian Reserve,hsa-miR-125b-2,0.24311448633670807
Chediak-Higashi Syndrome,hsa-miR-4267,0.2430918961763382
Diminished  Ovarian Reserve,hsa-miR-211-5p,0.2430485337972641
Multiple Endocrine Neoplasia Type 1,hsa-miR-4267,0.24303065240383148
Dilated Cardiomyopathy ,hsa-miR-1178-3p,0.24302490055561066
Human T-Cell Leukemia Virus Type 1 Infections,hsa-miR-4267,0.24302031099796295
Splenic Neoplasms,hsa-miR-4267,0.24297551810741425
Susac Syndrome,hsa-miR-4267,0.24295373260974884
Angioedemas and Hereditary,hsa-miR-4267,0.24292640388011932
Uveomeningoencephalitic Syndrome,hsa-miR-4267,0.24291794002056122
Posterior Segment Ocular Diseases,hsa-miR-4267,0.2428959459066391
Primary Gastrointestinal Diffuse Large B-Cell Lymphoma ,hsa-miR-4267,0.2428695410490036
Reperfusion Injury and Testicular Ischemia,hsa-miR-4267,0.24285738170146942
Vitelliform Macular Dystrophy,hsa-miR-211-5p,0.24285463988780975
Lattice corneal dystrophy type 1,hsa-miR-4267,0.24283920228481293
Diabetic  Retinopathy,hsa-miR-4267,0.24283795058727264
Canavan Disease,hsa-miR-125b-2,0.24283696711063385
Venous Neointimal Hyperplasia,hsa-miR-4267,0.2428337186574936
Wound Infection,hsa-miR-4267,0.24282003939151764
Arene Oxide Detoxification Defect,hsa-miR-4267,0.24281544983386993
Chronic   Pelvic Pain Syndrome,hsa-miR-211-5p,0.24281255900859833
Tibial Neuropathy,hsa-miR-4267,0.24278320372104645
Chronic  Rhinosinusitis With Nasal Polyps,hsa-miR-4267,0.2427811473608017
Immunologic Deficiency Syndromes,hsa-miR-4267,0.24275876581668854
Myotonic Dystrophy,hsa-miR-4267,0.2427450269460678
Lupus Vasculitis and Central Nervous System,hsa-miR-2355,0.24272872507572174
Shprintzen Golberg craniosynostosis,hsa-miR-4267,0.242719367146492
Choroid Diseases,hsa-miR-4267,0.24267764389514923
Adrenocortical Adenoma,hsa-miR-1975,0.24266333878040314
Orofacial Cleft,hsa-miR-4267,0.24260015785694122
Chediak-Higashi Syndrome,hsa-let-7a-1,0.2425582855939865
Her2-Positive Breast Cancer,hsa-let-7a-1,0.2425200492143631
Testicular Neoplasms,hsa-miR-30a,0.24251095950603485
Angioedemas and Hereditary,hsa-miR-1975,0.24249984323978424
Neoplasms and Hormone-Dependent,hsa-miR-1975,0.24247847497463226
Posterior Segment Ocular Diseases,hsa-miR-1975,0.24246947467327118
Spinal Cord Compression,hsa-let-7a-1,0.24246807396411896
Adrenocortical Adenoma,hsa-miR-30a,0.24246002733707428
Skeletal Muscle Dysplasia,hsa-miR-30a,0.24245215952396393
Reperfusion Injury and Testicular Ischemia,hsa-miR-1975,0.2424308806657791
Dysentery and Bacillary,hsa-miR-30a,0.24241028726100922
Neoplasms and Second Primary,hsa-miR-4437,0.24240605533123016
Juvenile gout,hsa-miR-30a,0.24239568412303925
Diminished  Ovarian Reserve,hsa-let-7a-1,0.24238426983356476
Radiation-Induced Oral Mucositis,hcmv-miR-UL59,0.24238111078739166
Deglutition Disorders,hsa-miR-219b-5p,0.24236737191677094
Muscular Injury,hsa-let-7a-1,0.24236734211444855
Equine Infectious Anemia,hsa-miR-1975,0.24236424267292023
Splenic Neoplasms,hsa-miR-30a,0.24234576523303986
Chronic Inflammation,hsa-miR-1975,0.24234522879123688
Nevi and Melanomas,hsa-miR-1975,0.24234099686145782
Classical Swine Fever,hsa-miR-1975,0.24233858287334442
Neutropenia,hsa-let-7a-1,0.24233601987361908
Reperfusion Injury and Testicular Ischemia,hsa-let-7a-1,0.24232377111911774
Pneumoconiosis,hsa-miR-30a,0.2423102706670761
Lattice corneal dystrophy type 1,hsa-let-7a-1,0.24230559170246124
Angioedemas and Hereditary,hsa-miR-320c-1,0.24230380356311798
Esophageal Atresia,hsa-let-7a-1,0.2423027902841568
Venous Neointimal Hyperplasia,hsa-let-7a-1,0.24230016767978668
Vitelliform Macular Dystrophy,hsa-miR-1975,0.2422974854707718
Tricuspid Valve Insufficiency,hsa-let-7a-1,0.2422972470521927
Inflammation and Chronic,hsa-let-7a-1,0.24227331578731537
X-linked spermatogenic failure 1,hsa-let-7a-1,0.24227045476436615
Urinary Calculi,hsa-miR-1975,0.24226869642734528
Peripheral Vascular Diseases,hsa-let-7a-1,0.24226777255535126
Hereditary Autoinflammatory Diseases,hsa-let-7a-1,0.24226708710193634
Gliosis,hsa-miR-30a,0.24226446449756622
Scleral Diseases,hsa-miR-3670,0.2422640174627304
Myeloma Bone Disease,hsa-let-7a-1,0.24226392805576324
Equine Infectious Anemia,hsa-let-7a-1,0.24225710332393646
Chronic  Rhinosinusitis With Nasal Polyps,hsa-let-7a-1,0.2422475963830948
Angioedemas and Hereditary,hsa-miR-219b-5p,0.24224106967449188
Uveomeningoencephalitic Syndrome,hsa-miR-219b-5p,0.2422325760126114
Classical Swine Fever,hsa-let-7a-1,0.24223150312900543
Reperfusion Injury and Testicular Ischemia,hsa-miR-30a,0.24222762882709503
Myeloma Bone Disease,hsa-miR-1285-5p,0.2422238439321518
Fetal Hypoxia,hsa-let-7a-1,0.24222005903720856
Posterior Segment Ocular Diseases,hsa-miR-219b-5p,0.24221064150333405
Lattice corneal dystrophy type 1,hsa-miR-30a,0.24220944941043854
Tricuspid Valve Insufficiency,hsa-miR-30a,0.2422010749578476
Mouth Diseases,hsa-miR-30a,0.2421891838312149
Crisponi syndrome,hsa-miR-30a,0.24218444526195526
Primary Gastrointestinal Diffuse Large B-Cell Lymphoma ,hsa-miR-219b-5p,0.24218423664569855
Phyllodes Tumor,hsa-miR-4478,0.2421831339597702
Panic Disorder,hsa-miR-30a,0.24218003451824188
Lentivirus Infections,hsa-let-7a-1,0.2421775609254837
Inflammation and Chronic,hsa-miR-30a,0.2421771138906479
Equine Infectious Anemia,hsa-miR-320c-1,0.2421681433916092
Plaque and Amyloid,hsa-miR-30a,0.2421673685312271
Granulomatous Disease and Chronic,hsa-let-7a-1,0.24216650426387787
Tibial Neuropathy,hsa-miR-30a,0.24215348064899445
American Tegumentary Leishmaniasis,hsa-let-7a-1,0.24214749038219452
autoimmune uveitis,hsa-miR-30a,0.24214504659175873
Multiple Mitochondrial Dysfunctions Syndrome,hsa-miR-1285-5p,0.242111936211586
Equine Infectious Anemia,hsa-miR-219b-5p,0.2421054095029831
Encephalitis and Tick-Borne,hsa-let-7a-1,0.24210457503795624
Brugada Syndrome,hsa-miR-3670,0.2420976608991623
Shprintzen Golberg craniosynostosis,hsa-miR-30a,0.24208961427211761
Meniscus Degeneration,hsa-miR-4513,0.24206353724002838
Multiple Mitochondrial Dysfunctions Syndrome,hsa-miR-219b-5p,0.24200020730495453
Adrenocorticotropic hormone deficiency,hsa-miR-4482,0.24195228517055511
Neutropenia,hsa-miR-16,0.24193988740444183
Status Asthmaticus,hsa-miR-3670,0.24183492362499237
Reperfusion Injury and Testicular Ischemia,hsa-miR-4513,0.2418321818113327
American Tegumentary Leishmaniasis,hsa-miR-3670,0.24182595312595367
Acute Uterine Injury,rno-miR-674-3p,0.24180011451244354
Inflammation and Chronic,hsa-miR-4513,0.2417817860841751
Liposarcoma and Myxoid,hsa-miR-16,0.24175889790058136
Encephalitis and Tick-Borne,hsa-miR-4513,0.2416129857301712
Neuralgia,hsa-miR-450a-5p,0.24150826036930084
Dermatomyositis,hsa-mir-8080,0.24141313135623932
Multiple Endocrine Neoplasia Type 1,hsa-miR-130b,0.24137787520885468
Arene Oxide Detoxification Defect,EBV-miR-BART3,0.2413107007741928
Brugada Syndrome,hsa-miR-130b,0.2413000911474228
Cardiomyopathy and Hypertrophic and Familial,EBV-miR-BART3,0.24128358066082
Deglutition Disorders,hsa-miR-4271,0.2412438839673996
Primary Gastrointestinal Diffuse Large B-Cell Lymphoma ,hsa-miR-130b,0.24121682345867157
Venous Neointimal Hyperplasia,hsa-miR-130b,0.24118094146251678
Polydactyly,hsa-miR-130b,0.2411736696958542
Rhabdoid Tumor and Kidney,hsa-miR-130b,0.24114902317523956
Myeloma Bone Disease,hsa-miR-130b,0.24114470183849335
Stomach Ulcer,mmu-miR-743a,0.2411387711763382
Tibial Neuropathy,hsa-miR-130b,0.24113042652606964
Chediak-Higashi Syndrome,hsa-miR-26b,0.24112622439861298
Amebiasis,hsa-miR-216a-5p,0.24111558496952057
Nevi and Melanomas,hsa-miR-130b,0.24111466109752655
Neoplasms and Second Primary,hsa-miR-4482,0.24110974371433258
Adrenocortical Adenoma,hsa-miR-216a-5p,0.2410806268453598
Meniscus Degeneration,hsa-miR-216a-5p,0.241079643368721
Autoimmune Diseases of the Nervous System,hsa-miR-130b,0.24107252061367035
Eye Infections and Fungal,hsa-miR-130b,0.24106068909168243
Reperfusion Injury and Testicular Ischemia,hsa-miR-4270,0.24105636775493622
Reperfusion Injury and Testicular Ischemia,hsa-miR-4271,0.24104855954647064
Granulomatous Disease and Chronic,hsa-miR-130b,0.24104727804660797
Optic atrophy 1 and deafness,hsa-miR-411,0.2410198301076889
Testicular Neoplasms,hsa-miR-411,0.24099577963352203
Cestode Infections,hsa-miR-411,0.24098573625087738
Scleral Diseases,hsa-miR-411,0.24097435176372528
Chronic  Rhinosinusitis With Nasal Polyps,hsa-miR-4271,0.24097241461277008
Angioedemas and Hereditary,hsa-miR-26b,0.24096064269542694
Chediak-Higashi Syndrome,hsa-miR-411,0.24094702303409576
Adenocarcinoma Of Esophagus,hsa-miR-411,0.2409193068742752
Neutropenia,hsa-miR-26b,0.240903839468956
Encephalitis and Tick-Borne,hsa-let-7f-1-3p,0.2409001737833023
Reperfusion Injury and Testicular Ischemia,hsa-miR-26b,0.24089159071445465
Humeral Fractures,hsa-miR-3687,0.24087388813495636
Phyllodes Tumor and Breast,hsa-miR-26b,0.2408698946237564
Spinal Cord Compression,hsa-miR-411,0.24085675179958344
Urinary Incontinence and Stress,hsa-miR-26b,0.2408456951379776
Myeloma Bone Disease,hsa-miR-26b,0.24083168804645538
Splenic Neoplasms,hsa-miR-411,0.24083064496517181
Swine Diseases,hsa-miR-26b,0.24082277715206146
Rhabdoviridae Infections,hsa-miR-411,0.2407975047826767
Myeloma Bone Disease,hsa-miR-216a-5p,0.24078838527202606
Diminished  Ovarian Reserve,hsa-miR-411,0.24077291786670685
Brugada Syndrome,hsa-miR-3174,0.24076558649539948
UV-Sensitive Syndrome,hsa-miR-26b,0.24075861275196075
Nevi and Melanomas,hsa-miR-216a-5p,0.2407582849264145
Classical Swine Fever,hsa-miR-216a-5p,0.24075596034526825
Gluteal Muscle   Contracture,hsa-miR-3193,0.2407522350549698
Posterior Segment Ocular Diseases,hsa-miR-411,0.2407510131597519
Urinary Calculi,hsa-miR-26b,0.2407294362783432
Brain   Ventricle Enlargement,hsa-miR-411,0.24070627987384796
Swine Diseases,hcmv-miR-UL22a,0.2407003492116928
Lattice corneal dystrophy type 1,hsa-miR-411,0.2406943291425705
ovarian clear cell carcinoma,hsa-miR-411,0.24068184196949005
Peripheral Vascular Diseases,hsa-miR-411,0.24065648019313812
Cardiomyopathy and Hypertrophic and Familial,hsa-miR-411,0.24064336717128754
Tibial Neuropathy,hsa-miR-411,0.2406383603811264
Chronic  Rhinosinusitis With Nasal Polyps,hsa-miR-411,0.24063630402088165
Chronic Inflammation,hsa-miR-411,0.24062679708003998
Nevi and Melanomas,hsa-miR-411,0.2406225949525833
Laryngeal Papillomas,hsa-miR-411,0.24061740934848785
Nevi and Melanomas,hsa-miR-3174,0.24058012664318085
Skeletal Muscle Dysplasia,hsa-miR-218-2,0.24055339395999908
Liposarcoma and Myxoid,hsa-miR-411,0.24054361879825592
Polyposis Syndrome and Hereditary Mixed and 1,hsa-miR-218-2,0.24053959548473358
Chronic   Pelvic Pain Syndrome,hsa-miR-411,0.24053694307804108
Neoplasms and Mesothelial,hsa-miR-411,0.24053634703159332
Venous Neointimal Hyperplasia,hsa-miR-1207,0.24053095281124115
Edema,hsa-miR-1826,0.24052701890468597
Canavan Disease,hsa-miR-411,0.24049536883831024
Chediak-Higashi Syndrome,hsa-miR-365a-3p,0.2404945343732834
Amelogenesis Imperfecta,rno-miR-27a,0.240484818816185
Condylomata Acuminata,rno-miR-27a,0.24047307670116425
Blood Platelet Disorders,rno-miR-27a,0.24047185480594635
Encephalitis and Tick-Borne,hsa-miR-3174,0.24045084416866302
Neoplastic Cells and Circulating,rno-miR-27a,0.2404501885175705
Urologic Neoplasms,rno-miR-27a,0.2404472678899765
Paget Disease and Extramammary,rno-miR-27a,0.24043940007686615
Tongue Neoplasms,rno-miR-27a,0.24043302237987518
Lung Carcinoid,rno-miR-27a,0.24043096601963043
Combined Saposin Deficiency,rno-miR-27a,0.24043001234531403
Emphysema,rno-miR-27a,0.24042712152004242
Intracranial Arteriosclerosis,rno-miR-27a,0.2404249757528305
Nonsyndromic Deafness,rno-miR-27a,0.24042482674121857
Foot Ulcer,rno-miR-27a,0.24042119085788727
Pulmonary Veno-Occlusive Disease,rno-miR-27a,0.24042071402072906
Heart Diseases,hsa-miR-4478,0.24041716754436493
Diminished  Ovarian Reserve,hsa-miR-34b-5p,0.2404155284166336
Cerebral Infarction and Acute,rno-miR-27a,0.24041227996349335
Sinus Thrombosis and Intracranial,rno-miR-27a,0.240409716963768
Brucellosis,rno-miR-27a,0.24040760099887848
Cholangitis and Biliary and Primary,rno-miR-27a,0.2404068559408188
Cardiovascular And   Cerebrovascular Diseases,rno-miR-27a,0.24040280282497406
Stress Disorders and Post-Traumatic,hsa-mir-8080,0.24040023982524872
Sexual Dysfunctions and Psychological,rno-miR-27a,0.24039913713932037
Arbovirus Infections,rno-miR-27a,0.24039797484874725
Hepatic Veno-Occlusive Disease,rno-miR-27a,0.24039597809314728
Reperfusion Injury and Testicular Ischemia,rno-miR-542-3p,0.2403957098722458
Migraine Disorders,rno-miR-27a,0.24039284884929657
Poikiloderma with Neutropenia,rno-miR-27a,0.2403918355703354
Arthritis and Gouty,rno-miR-27a,0.2403912991285324
Nephrocalcinosis,rno-miR-27a,0.2403864711523056
Eclampsia,rno-miR-27a,0.24038617312908173
Depression and Post Stroke,rno-miR-27a,0.240385964512825
Myeloproliferative Disorder and Chronic and with Eosinophilia,rno-miR-27a,0.2403857558965683
ABCD syndrome,rno-miR-27a,0.24038542807102203
Granulosa Cell Tumor,rno-miR-27a,0.24038396775722504
Multiple Chronic Conditions,rno-miR-27a,0.24038289487361908
Myositis,rno-miR-27a,0.24038280546665192
Arteriosclerosis,rno-miR-27a,0.24038074910640717
Liver Failure and Acute,rno-miR-27a,0.24037902057170868
Hemangioma and Cavernous,rno-miR-27a,0.24037791788578033
Cerebral Small Vessel Diseases,rno-miR-27a,0.24037788808345795
Hair Diseases,rno-miR-27a,0.24037693440914154
Schopf-Schulz-Passarge Syndrome,rno-miR-27a,0.2403748482465744
Uterine Diseases,rno-miR-27a,0.24037407338619232
Tooth Diseases,rno-miR-27a,0.24036987125873566
Trophoblastic Neoplasms,rno-miR-27a,0.2403695434331894
hyperekplexia 1,rno-miR-27a,0.2403687983751297
Polycythemia,rno-miR-27a,0.24036748707294464
Leukemia and Monocytic and Acute,rno-miR-27a,0.24036692082881927
Hyperphosphatemia,rno-miR-27a,0.2403668314218521
Bronchiectasis With Or Without Elevated Sweat Chloride 1,rno-miR-27a,0.24036483466625214
Asymptomatic Infections,rno-miR-27a,0.24036256968975067
colon carcinoma,rno-miR-27a,0.24036197364330292
Out-of-Hospital Cardiac Arrest,rno-miR-27a,0.2403608113527298
Rectal Prolapse,rno-miR-27a,0.24035771191120148
Adenine phosphoribosyltransferase deficiency,rno-miR-27a,0.2403572052717209
Acute Coronary Syndrome ,rno-miR-27a,0.24035553634166718
Tourette Syndrome,rno-miR-27a,0.24034814536571503
late onset Parkinson's disease,rno-miR-27a,0.24034635722637177
Vaginosis and Bacterial,hsa-miR-34b-5p,0.24034304916858673
Neutropenia,hsa-miR-218-2,0.2403411716222763
Erythroblastosis and Fetal,rno-miR-27a,0.2403402179479599
Reperfusion Injury and Testicular Ischemia,hsa-miR-218-2,0.24032898247241974
Tibial Neuropathy,rno-miR-542-3p,0.2403215616941452
Stillbirth,rno-miR-27a,0.24031905829906464
Asthma and Chronic,hsa-miR-34b-5p,0.24030975997447968
Extra-Hepatic Portal Venous  Obstruction ,rno-miR-27a,0.24030904471874237
Brucellosis and Bovine,rno-miR-27a,0.24030207097530365
Autoimmune Pancreatitis,hsa-miR-218-2,0.2403012067079544
Brain Ischemia ,rno-miR-27a,0.2403002828359604
Hydrocephalus,rno-miR-27a,0.2402961403131485
Hearing Loss,rno-miR-27a,0.24029479920864105
Plaque and Amyloid,hsa-miR-34b-5p,0.24029476940631866
Neoplasms and Glandular and Epithelial,rno-miR-27a,0.24028514325618744
Stress Disorders and Traumatic,rno-miR-27a,0.2402832955121994
Breast Neoplasms and Basal Cell,rno-miR-27a,0.24027903378009796
Inflammation and Chronic,hsa-miR-218-2,0.2402784675359726
Absent corpus callosum cataract immunodeficiency,hsa-miR-34b-5p,0.24027742445468903
Nevi and Melanomas,hsa-miR-34b-5p,0.24026517570018768
Carcinogenesis,rno-miR-27a,0.2402627021074295
Urethritis,hsa-miR-34b-5p,0.24025975167751312
Hallux Valgus,rno-miR-27a,0.24025608599185944
Brain   Ventricle Enlargement,hsa-miR-365a-3p,0.2402537316083908
Alcohol Withdrawal Delirium,rno-miR-27a,0.24025045335292816
Nonsyndromic sensorineural hearing loss,rno-miR-27a,0.2402491718530655
Zika virus congenital syndrome,rno-miR-27a,0.24024595320224762
Anterior Cruciate Ligament Injuries,rno-miR-27a,0.24024291336536407
Azoospermia and Nonobstructive,rno-miR-27a,0.24024273455142975
Scapuloperoneal Myopathy and X-Linked Dominant,rno-miR-27a,0.24023838341236115
Tricuspid Valve Insufficiency,hsa-miR-365a-3p,0.2402334362268448
Primary Ovarian Insufficiency,rno-miR-27a,0.24023278057575226
Reflex Sympathetic Dystrophy,rno-miR-27a,0.24023078382015228
Carcinoma and Merkel Cell,rno-miR-27a,0.24023036658763885
Diabetic Neuropathies,rno-miR-27a,0.24022932350635529
FG syndrome,rno-miR-27a,0.24022690951824188
Intestinal Diseases,rno-miR-27a,0.24022330343723297
Vitelliform Macular Dystrophy,hsa-miR-34b-5p,0.24022157490253448
Ear Diseases,rno-miR-27a,0.2402205914258957
Osteonecrosis,rno-miR-27a,0.24021856486797333
Parkinson Disease and Familial and Type 1,rno-miR-27a,0.24021421372890472
Stomatitis and Herpetic,rno-miR-27a,0.2402126044034958
Renal Artery Obstruction,hsa-miR-218-2,0.2402098923921585
Necrobiotic Disorders,rno-miR-27a,0.24020953476428986
Malaria and Vivax,rno-miR-27a,0.2402094453573227
Hydatidiform Mole,rno-miR-27a,0.24020807445049286
Alopecia,rno-miR-27a,0.24020366370677948
Ankle Fractures,rno-miR-27a,0.24020250141620636
Cardiovascular Complications,rno-miR-27a,0.24020247161388397
Respirovirus Infections,rno-miR-27a,0.2402012199163437
Mandibulofacial Dysostosis,rno-miR-27a,0.24019594490528107
Urinary Calculi,hsa-miR-34b-5p,0.24019287526607513
Osteolysis,rno-miR-27a,0.2401881068944931
Turcot syndrome,rno-miR-27a,0.24018751084804535
Peritoneal Hyalinizing Vasculopathy,rno-miR-27a,0.24018548429012299
Neonatal Encephalopathy,hsa-miR-365a-3p,0.2401851862668991
Glima,rno-miR-27a,0.24018077552318573
Ectrodactyly-cleft lip-palate syndrome,rno-miR-27a,0.24017800390720367
ovarian carcinoma,rno-miR-27a,0.24017734825611115
Hyperinsulinism,rno-miR-27a,0.24017368257045746
Reticuloendotheliosis Virus Infections,rno-miR-27a,0.2401716262102127
Endotoxemia,rno-miR-27a,0.2401656061410904
Pulmonary Edema,rno-miR-27a,0.24016539752483368
Hyperostosis,rno-miR-27a,0.24016116559505463
Liposarcoma and Myxoid,hsa-miR-218-2,0.24016006290912628
Lacrimal Adenoid   Cystic Carcinoma,rno-miR-27a,0.24015958607196808
Endophthalmitis,rno-miR-27a,0.24015937745571136
Graves Disease,rno-miR-27a,0.24015696346759796
Heart Defects and Congenital,rno-miR-27a,0.24015073478221893
Chanarin-Dorfman Syndrome,hsa-miR-34b-5p,0.2401474267244339
Arthrogryposis and ectodermal dysplasia,rno-miR-27a,0.24014697968959808
Lissencephaly,rno-miR-27a,0.2401445060968399
Syphilis,rno-miR-27a,0.24014441668987274
Hypertensive  Disorder Complicating Pregnancy,rno-miR-27a,0.24014146625995636
Tembusu virus,rno-miR-27a,0.24013958871364594
Cleft Lip,rno-miR-27a,0.2401382476091385
Keratitis and Herpetic,rno-miR-27a,0.24013648927211761
Myopia,rno-miR-27a,0.24013568460941315
Hirschsprung Disease,rno-miR-27a,0.2401340752840042
Enterovirus B and Human,rno-miR-27a,0.24013341963291168
invasive aspergillosis,rno-miR-27a,0.24013303220272064
Precursor T-Cell Lymphoblastic Leukemia-Lymphoma,rno-miR-27a,0.24013210833072662
Larva Migrans and Visceral,rno-miR-27a,0.24012990295886993
Depression and Postpartum,rno-miR-27a,0.2401263564825058
Skeletal Muscle Dysplasia,hsa-miR-146b-5p,0.2401256114244461
Hypoxia-Ischemia and Brain,rno-miR-27a,0.24012337625026703
Obsessive-Compulsive Disorder,rno-miR-27a,0.24012218415737152
Seizures,rno-miR-27a,0.24012042582035065
Cyprinid Herpesvirus 3,rno-miR-27a,0.2401202768087387
Sensation Disorders,rno-miR-27a,0.2401202768087387
Infant and Newborn and Diseases,rno-miR-27a,0.24012015759944916
Telangiectasia and Hereditary Hemorrhagic,rno-miR-27a,0.24011750519275665
Diabetic Keratopathy,rno-miR-27a,0.2401161938905716
Spermatic Cord Torsion,rno-miR-27a,0.24011586606502533
Fibrosarcoma,rno-miR-27a,0.2401130050420761
Glossitis and Benign Migratory,rno-miR-27a,0.24011297523975372
High Grade Ovarian Neoplasms,rno-miR-27a,0.24011002480983734
Poorly Differentiated Thyroid Gland Carcinoma,rno-miR-27a,0.24010847508907318
Glomerulonephritis and Membranoproliferative,rno-miR-27a,0.2401072233915329
Gastritis and Hypertrophic,rno-miR-27a,0.24010531604290009
Hind Limb Ischemia,rno-miR-27a,0.2401052564382553
Multicystic renal dysplasia and bilateral,rno-miR-27a,0.24010445177555084
Amnesia,rno-miR-27a,0.2401033192873001
Lip and Hamartomatous,rno-miR-27a,0.24010290205478668
Oral Ulcer,rno-miR-27a,0.24010051786899567
Glomus Tumor,rno-miR-27a,0.24009983241558075
Exanthema,rno-miR-27a,0.24009819328784943
Aneurysm,rno-miR-27a,0.24009807407855988
Ovarian Insufficiency and Premature,rno-miR-27a,0.24009661376476288
Vascular System Injuries,rno-miR-27a,0.24009551107883453
Prader-Willi Syndrome,rno-miR-27a,0.24009470641613007
Immune-Mediated Inflammatory Diseases,rno-miR-27a,0.2400946170091629
Pain and Postoperative,rno-miR-27a,0.2400924116373062
Infarction,rno-miR-27a,0.24009110033512115
Peri-Implantitis,rno-miR-27a,0.24008925259113312
Heart Septal Defects and Atrial,rno-miR-27a,0.2400888353586197
AIDS Dementia Complex,rno-miR-27a,0.24008701741695404
Malaria and Cerebral,rno-miR-27a,0.24008618295192719
Exudative Vitreoretinopathy 4,rno-miR-27a,0.24008618295192719
Hepacivirus,rno-miR-27a,0.2400861233472824
Chronic Gastritis,rno-miR-27a,0.2400856465101242
Aspergillosis and Allergic Bronchopulmonary,rno-miR-27a,0.24008522927761078
Fibroadenoma,rno-miR-27a,0.2400820106267929
Airway Inflammation,rno-miR-27a,0.24008192121982574
Complex Regional Pain Syndromes,rno-miR-27a,0.2400795966386795
Aneuploidy,rno-miR-27a,0.24007903039455414
Hemoglobinopathies,rno-miR-27a,0.24007855355739594
Cumulative Trauma Disorders,rno-miR-27a,0.24007819592952728
Inflammatory Osteolysis,rno-miR-27a,0.2400771826505661
Ataxia Neuropathy Spectrum,rno-miR-27a,0.24007664620876312
Distal myopathy and Nonaka type,rno-miR-27a,0.2400752454996109
Gastric Intestinal   Metaplasia,rno-miR-27a,0.2400738149881363
Rectal Neoplasms,rno-miR-27a,0.2400713711977005
Pancreatitis and Acute Necrotizing,rno-miR-27a,0.24007005989551544
Alcohol Induced Neurogenic Inflammation,rno-miR-27a,0.2400691956281662
Corneal Neovascularization,rno-miR-27a,0.24006865918636322
Aortic Diseases,rno-miR-27a,0.2400670200586319
Sepsis Induced Liver Injury,rno-miR-27a,0.24006567895412445
Adrenal Cortex Neoplasms,rno-miR-27a,0.24006520211696625
Welander distal myopathy and Swedish type,rno-miR-27a,0.24006514251232147
Environmental Illness,rno-miR-27a,0.24006424844264984
Human T-Cell Leukemia Virus Type 1 Infections,hsa-miR-146b-5p,0.24006395041942596
Autoimmune polyendocrinopathy syndrome and type 1,rno-miR-27a,0.24006296694278717
brachydactyly type D,rno-miR-27a,0.24006278812885284
Kahrizi Syndrome,rno-miR-27a,0.24006257951259613
low grade glioma,rno-miR-27a,0.24006228148937225
Genital Diseases and Male,rno-miR-27a,0.24006183445453644
Sarcoma and Ewing,rno-miR-27a,0.24006162583827972
Polyps,rno-miR-27a,0.24006067216396332
Dmd-Associated Dilated Cardiomyopathy,rno-miR-27a,0.2400592714548111
Femur Head Necrosis,rno-miR-27a,0.2400580793619156
Mite Infestations,rno-miR-27a,0.24005769193172455
Brachial Plexus Injury,rno-miR-27a,0.24005736410617828
Genital Diseases and Female,rno-miR-27a,0.24005474150180817
Iris Diseases,rno-miR-27a,0.24005435407161713
Angina and Unstable,rno-miR-27a,0.24004928767681122
Carcinoma and Squamous Cell and Cutaneous,rno-miR-27a,0.24004893004894257
Li-Fraumeni syndrome 1,rno-miR-27a,0.2400478571653366
ovary adenocarcinoma,rno-miR-27a,0.24004732072353363
Dehydration,rno-miR-27a,0.2400469034910202
Hepatopulmonary Syndrome,rno-miR-27a,0.24004597961902618
Dental Caries,rno-miR-27a,0.24004484713077545
Mast Cell Tumors,rno-miR-27a,0.2400444597005844
Fetal Macrosomia,rno-miR-27a,0.24004264175891876
Reperfusion Injury and Testicular Ischemia,hsa-miR-302c*,0.24003829061985016
Eosinophilic enteropathy,rno-miR-27a,0.2400319129228592
Heart Septal Defects and Ventricular,rno-miR-27a,0.24003170430660248
Tuberculosis and Spinal,rno-miR-27a,0.24002979695796967
Bradycardia,rno-miR-27a,0.24002890288829803
Diabetic Retinopathy ,rno-miR-27a,0.24002797901630402
Stomach Ulcer,hsa-miR-4459,0.24002762138843536
Thrombocythemia and Essential,rno-miR-27a,0.2400234192609787
mitochondrial DNA depletion syndrome 4b,rno-miR-27a,0.2400215119123459
Foot-and-Mouth Disease,rno-miR-27a,0.24001426994800568
Leukemia and Large Granular Lymphocytic,rno-miR-27a,0.24001316726207733
Polycythemia Vera,rno-miR-27a,0.24001143872737885
Postoperative Complications,rno-miR-27a,0.2400083988904953
Moebius syndrome 1,rno-miR-27a,0.2400083988904953
Parkinsonian Disorders,rno-miR-27a,0.24000804126262665
Prostatitis,rno-miR-27a,0.2400042861700058
Cholecystitis,rno-miR-27a,0.24000303447246552
Optic Neuritis,mmu-miR-687,0.2399950474500656
Vertigo,rno-miR-27a,0.23999430239200592
recessive dystrophic epidermolysis bullosa,rno-miR-27a,0.2399929314851761
Lumbar Disc   Herniation,rno-miR-27a,0.2399926334619522
Chagas Cardiomyopathy,rno-miR-27a,0.23999081552028656
Hypocalciuric hypercalcemia and familial and type 1,rno-miR-27a,0.2399825006723404
Leg Ulcer,rno-miR-27a,0.2399793416261673
Typical Teratoid Rhabdoid Tumor,rno-miR-27a,0.23997505009174347
Obstetric Labor Complications,rno-miR-27a,0.2399691492319107
acute myocardial infarction,rno-miR-27a,0.23996908962726593
Peptic Ulcer,rno-miR-27a,0.23996798694133759
Obstructive   Kidney Disease,hsa-miR-338-5p,0.23994456231594086
N acetyltransferase deficiency,rno-miR-27a,0.23993711173534393
Sleep Initiation and Maintenance Disorders,rno-miR-27a,0.23993249237537384
Leukemia and Erythroblastic and Acute,hsa-mir-8080,0.2399216741323471
Neutropenia,hsa-miR-146b-5p,0.23991326987743378
Osteoarthritis ,hsa-miR-338-5p,0.23987017571926117
Testicular Neoplasms,hsa-miR-138-1*,0.23984460532665253
Gluteal Muscle   Contracture,hsa-miR-146b-5p,0.23984254896640778
Scleral Diseases,hsa-miR-138-1*,0.239823117852211
Splenic Neoplasms,hsa-miR-338-5p,0.23977361619472504
Cholestatic Liver Injury,hsa-miR-193a,0.2397521287202835
Cestode Infections,hsa-miR-3117-5p,0.2397245615720749
Spinal Cord Compression,hsa-miR-193a,0.23969011008739471
Neutropenia,hsa-miR-338-5p,0.23966766893863678
Spinal Cord Compression,hsa-miR-19a,0.23963706195354462
Tricuspid Valve Insufficiency,hsa-miR-338-5p,0.23962892591953278
Equine Infectious Anemia,hsa-miR-338-5p,0.23958875238895416
Nevi and Melanomas,hsa-miR-338-5p,0.23956553637981415
Reperfusion Injury and Testicular Ischemia,hsa-miR-1199-3p,0.23953957855701447
Vaginosis and Bacterial,hsa-miR-193a,0.23953382670879364
Autoimmune Diseases of the Nervous System,hsa-miR-338-5p,0.23952339589595795
Optic atrophy 1 and deafness,EBV-mir-BART8,0.2395092099905014
Juvenile gout,hsa-let-7g,0.23950277268886566
Granulomatous Disease and Chronic,hsa-miR-338-5p,0.23949821293354034
Swine Diseases,hsa-miR-138-1*,0.23949240148067474
Hyperaldosteronism,EBV-mir-BART8,0.2394922524690628
Atopic Asthma,EBV-mir-BART8,0.2394711822271347
Amebiasis,EBV-mir-BART8,0.2394692748785019
Optic Nerve Glioma,hsa-miR-193a,0.23946599662303925
Scleral Diseases,EBV-mir-BART8,0.239463672041893
Chediak-Higashi Syndrome,EBV-mir-BART8,0.23943649232387543
Muscular Disorders and Atrophic,EBV-mir-BART8,0.23942367732524872
Lentivirus Infections,hsa-miR-193a,0.23939956724643707
Granulomatous Disease and Chronic,hsa-miR-193a,0.2393886297941208
ureteropelvic junction obstruction,EBV-mir-BART8,0.23938791453838348
Neoplasms and Mesothelial,hsa-miR-193a,0.23936964571475983
Carcinoma and Adenoid Cystic and Lacrimal Gland,hsa-miR-130a-5p,0.2393684834241867
Vasoplegia,EBV-mir-BART8,0.23933996260166168
Aristolochic Acid Induced Nephropathy,EBV-mir-BART8,0.2393215447664261
Diminished  Ovarian Reserve,EBV-mir-BART8,0.23926235735416412
Posterior Segment Ocular Diseases,EBV-mir-BART8,0.23924042284488678
Transmissible Gastroenteritis,EBV-mir-BART8,0.23922286927700043
congenital fibrosarcoma,EBV-mir-BART8,0.2392200380563736
Neoplasms and Second Primary,mmu-miR-697,0.2392154484987259
Scleral Diseases,hsa-miR-411-3p,0.23919697105884552
Vaginosis and Bacterial,EBV-mir-BART8,0.23918978869915009
Scleral Diseases,hsa-miR-23a-5p,0.23918412625789642
Lattice corneal dystrophy type 1,EBV-mir-BART8,0.23918373882770538
Inflammation and Chronic,EBV-mir-BART8,0.23915134370326996
Visceral Pain,EBV-mir-BART8,0.2391432672739029
Myeloma Bone Disease,EBV-mir-BART8,0.2391420155763626
Swine Diseases,EBV-mir-BART8,0.23913295567035675
Urinary Bladder Neck Obstruction,hsa-miR-4459,0.23912911117076874
Tibial Neuropathy,EBV-mir-BART8,0.2391277402639389
Absent corpus callosum cataract immunodeficiency,EBV-mir-BART8,0.23912422358989716
Blood Coagulation Disorders and Traumatic and Acute,EBV-mir-BART8,0.23910902440547943
Obstructive   Kidney Disease,hsa-miR-3177,0.23910166323184967
Echinococcosis and Hepatic,EBV-mir-BART8,0.2390926629304886
Renal Artery Obstruction,EBV-mir-BART8,0.23908279836177826
Temporomandibular Joint Dysfunction Syndrome,EBV-mir-BART8,0.2390715330839157
Ovarian Neoplasms and Serous,EBV-mir-BART8,0.23906193673610687
Rhabdomyosarcoma and Alveolar,EBV-mir-BART8,0.23905374109745026
Granulomatous Disease and Chronic,EBV-mir-BART8,0.23904459178447723
Urinary Calculi,EBV-mir-BART8,0.23903964459896088
Angioedemas and Hereditary,hsa-miR-3129-5p,0.23902232944965363
Canavan Disease,EBV-mir-BART8,0.23898468911647797
Encephalitis and Tick-Borne,EBV-mir-BART8,0.2389826625585556
Myotonic Dystrophy,hsa-miR-3065-3p,0.2389686554670334
Encephalitis Virus and Japanese,hsa-miR-3591-3p,0.2389492243528366
Scleral Diseases,hsa-miR-185*,0.23892883956432343
Optic atrophy 1 and deafness,hsa-miR-3669,0.23892156779766083
Optic atrophy 1 and deafness,hsa-miR-1283-1,0.23890803754329681
Meniscus Degeneration,hsa-miR-185*,0.2388983815908432
Reperfusion Injury and Testicular Ischemia,hsa-miR-3591-3p,0.23888717591762543
Testicular Neoplasms,hsa-miR-1283-1,0.23888392746448517
Meningitis and Escherichia coli,mmu-miR-708,0.23888029158115387
Reproductive Tract Infections,hsa-miR-1283-1,0.23887337744235992
Phyllodes Tumor and Breast,hsa-miR-3591-3p,0.2388654202222824
Meniscus Degeneration,hsa-miR-1283-1,0.2388320118188858
Adenocarcinoma Of Esophagus,hsa-miR-3669,0.23882104456424713
Ototoxicity,hsa-miR-3669,0.2388174682855606
Periapical Periodontitis,hsa-miR-4511,0.23881448805332184
Nerve Degeneration,hsa-miR-4444,0.23880131542682648
Dysentery and Bacillary,hsa-miR-1283-1,0.2387833148241043
Human T-Cell Leukemia Virus Type 1 Infections,hsa-miR-3669,0.2387770563364029
Wound Infection,hsa-miR-3177,0.23877517879009247
Multiple Endocrine Neoplasia Type 1,hsa-miR-1283-1,0.23877392709255219
Brugada Syndrome,hsa-miR-185*,0.2387625128030777
Spinal Cord Compression,hsa-miR-3669,0.23875842988491058
Cryptococcosis,hsa-miR-450a-5p,0.23875175416469574
Leukemia and Erythroblastic and Acute,hsa-miR-4459,0.2387474924325943
Urinary Calculi,hsa-miR-3591-3p,0.23872502148151398
Brugada Syndrome,hsa-miR-1283-1,0.23869620263576508
Esophageal Fibrosis,EBV-mir-BART8,0.23868758976459503
Diminished  Ovarian Reserve,hsa-miR-1283-1,0.23866112530231476
Gliosis,hsa-miR-3669,0.23865102231502533
Posterior Segment Ocular Diseases,hsa-miR-1283-1,0.23863916099071503
Neutropenia,hsa-miR-1283-1,0.2386128455400467
Primary Gastrointestinal Diffuse Large B-Cell Lymphoma ,hsa-miR-1283-1,0.2386128157377243
Vaginosis and Bacterial,hsa-miR-3669,0.2386021465063095
Reperfusion Injury and Testicular Ischemia,hsa-miR-1283-1,0.23860059678554535
Equine Infectious Anemia,hsa-miR-185*,0.23860032856464386
Lattice corneal dystrophy type 1,hsa-miR-3669,0.23859606683254242
Phyllodes Tumor and Breast,hsa-miR-3669,0.23859243094921112
Lattice corneal dystrophy type 1,hsa-miR-374a-5p,0.2385881096124649
Myeloma Bone Disease,hsa-miR-3669,0.23855428397655487
Hereditary Autoinflammatory Diseases,hsa-miR-374a-5p,0.23854960501194
Chediak-Higashi Syndrome,EBV-miR-BART7,0.23854927718639374
Rhabdoid Tumor and Kidney,hsa-miR-1283-1,0.23854507505893707
Pancreatic Beta-Cell Dysfunction,hsa-miR-3669,0.23853923380374908
succinic semialdehyde dehydrogenase deficiency,hsa-miR-1283-1,0.23852814733982086
Neonatal Encephalopathy,hsa-miR-1283-1,0.23852591216564178
Nevi and Melanomas,hsa-miR-3669,0.23852427303791046
Adenocarcinoma Of Esophagus,EBV-miR-BART7,0.23852156102657318
Cervical   Spondylomyelopathy,hsa-miR-1283-1,0.23851962387561798
Chronic Inflammation,hsa-miR-1283-1,0.2385149449110031
Plasmablastic Lymphoma,mmu-miR-764-3p,0.23849864304065704
Myotonic Dystrophy,hsa-miR-1283-1,0.2384883016347885
Periodontitis and Diabetic,hsa-miR-1283-1,0.2384880930185318
Spinal Cord Compression,EBV-miR-BART7,0.2384590059518814
Urinary Calculi,hsa-miR-3669,0.2384519726037979
Chediak-Higashi Syndrome,hsa-miR-4256,0.2384493499994278
Granulomatous Disease and Chronic,hsa-miR-1283-1,0.23844341933727264
Multiple Mitochondrial Dysfunctions Syndrome,hsa-miR-3669,0.23844237625598907
Urinary Calculi,hsa-miR-1283-1,0.2384384423494339
Multiple Mitochondrial Dysfunctions Syndrome,hsa-miR-1283-1,0.23842878639698029
Postoperative Nausea and Vomiting,rno-miR-27a,0.2384263128042221
Chronic   Pelvic Pain Syndrome,hsa-miR-1283-1,0.2384250909090042
Neoplasms and Mesothelial,hsa-miR-1283-1,0.23842449486255646
American Tegumentary Leishmaniasis,hsa-miR-1283-1,0.2384243756532669
Canavan Disease,hsa-miR-3669,0.2383970469236374
Angioedemas and Hereditary,EBV-miR-BART7,0.2383837252855301
Amebiasis,hsa-miR-3126-5p,0.23825819790363312
Myeloma Bone Disease,EBV-miR-BART7,0.2382548600435257
Testicular Neoplasms,hsa-miR-3190-3p,0.23824305832386017
Classical Swine Fever,EBV-miR-BART7,0.23822243511676788
Meniscus Degeneration,hsa-miR-3126-5p,0.23822219669818878
Short Qt Syndrome,hsa-miR-3190-3p,0.2382139414548874
Myotonic Dystrophy,EBV-miR-BART7,0.23820234835147858
Polyposis Syndrome and Hereditary Mixed and 1,hsa-miR-3126-5p,0.23820145428180695
Chediak-Higashi Syndrome,hsa-miR-3190-3p,0.2381943017244339
Dermatomyositis,mmu-miR-708,0.2381925731897354
Adenocarcinoma Of Esophagus,hsa-miR-3128,0.23818384110927582
Testicular Neoplasms,hsa-let-7a-3p,0.23818297684192657
Vitelliform Macular Dystrophy,EBV-miR-BART7,0.2381811887025833
Chediak-Higashi Syndrome,hsa-let-7a-3p,0.23813427984714508
Adrenocortical Adenoma,hsa-let-7a-3p,0.23813213407993317
Angioedemas and Hereditary,hsa-miR-3136-5p,0.2381182163953781
Encephalitis and Tick-Borne,EBV-miR-BART7,0.2380954474210739
Brugada Syndrome,hsa-miR-3126-5p,0.23808632791042328
Rift Valley Fever,hsa-miR-4456,0.23807837069034576
Condylar Hyperplasia,mmu-miR-708,0.23807118833065033
Angioedemas and Hereditary,hsa-miR-3190-3p,0.23802869021892548
Rhabdoviridae Infections,hsa-let-7a-3p,0.237984761595726
Neutropenia,hsa-miR-3190-3p,0.2379719763994217
Diminished  Ovarian Reserve,hsa-let-7a-3p,0.23796023428440094
Corneal Dystrophy and Juvenile Epithelial of Meesmann,hsa-miR-3126-5p,0.23794297873973846
Arene Oxide Detoxification Defect,hsa-miR-3128,0.23793499171733856
Neonatal Encephalopathy,hsa-miR-3126-5p,0.2379160374403
Chronic  Rhinosinusitis With Nasal Polyps,hsa-miR-3190-3p,0.23788343369960785
Venous Neointimal Hyperplasia,hsa-let-7a-3p,0.2378760725259781
Nevi and Melanomas,hsa-miR-3190-3p,0.23786978423595428
Testicular Neoplasms,hsa-miR-186*,0.23785682022571564
Fetal Hypoxia,hsa-miR-3190-3p,0.23785601556301117
Hereditary Autoinflammatory Diseases,hsa-let-7a-3p,0.23784302175045013
Myeloma Bone Disease,hsa-let-7a-3p,0.2378397434949875
Granulomatous Disease and Chronic,hsa-miR-3126-5p,0.23783354461193085
Non-Syndromic Tooth Agenesis,hsa-miR-186*,0.2378299981355667
Lentivirus Infections,hsa-miR-3190-3p,0.23781339824199677
Otitis Media with Effusion,hsa-miR-3190-3p,0.23779349029064178
Tenon Fibroblasts,hsa-miR-186*,0.23778553307056427
Autoimmune Diseases of the Nervous System,hsa-let-7a-3p,0.23776762187480927
Shprintzen Golberg craniosynostosis,hsa-let-7a-3p,0.23776163160800934
Dysentery and Bacillary,hsa-miR-186*,0.23775629699230194
Juvenile gout,hsa-miR-186*,0.2377416044473648
Rift Valley Fever,mmu-miR-743a,0.23764945566654205
Neutropenia,hsa-miR-186*,0.23758576810359955
ovarian clear cell carcinoma,hsa-miR-186*,0.23754288256168365
Fabry   Nephropathy,hsa-miR-186*,0.23754219710826874
Rhabdoid Tumor and Kidney,hsa-miR-3664-5p,0.23753775656223297
Tibial Neuropathy,hsa-miR-186*,0.23749940097332
Nevi and Melanomas,hsa-miR-186*,0.23748363554477692
Classical Swine Fever,hsa-miR-186*,0.2374812811613083
Echinococcosis and Hepatic,hsa-miR-186*,0.23746438324451447
Myotonic Dystrophy,hsa-miR-186*,0.2374611645936966
Periodontitis and Diabetic,hsa-miR-186*,0.23746098577976227
Hyperleptinemia,hsa-miR-186*,0.23739109933376312
Tenon Fibroblasts,hsa-miR-153-5p,0.237384632229805
Encephalitis and Tick-Borne,hsa-miR-186*,0.2373543530702591
Urinary Bladder Neck Obstruction,mmu-miR-700-5p,0.23726044595241547
Neutropenia,hsa-miR-30c-2-3p,0.2372521609067917
Reperfusion Injury and Testicular Ischemia,hsa-miR-30c-2-3p,0.23723997175693512
Plaque and Amyloid,hsa-miR-30c-2-3p,0.2371797114610672
Stress Disorders and Post-Traumatic,mmu-miR-708,0.2371797114610672
Fetal Hypoxia,hsa-miR-193a-5p,0.23716937005519867
Cryptococcosis,hsa-miR-4444,0.23716183006763458
Periodontitis and Diabetic,hsa-miR-30c-2-3p,0.23712743818759918
Radiation-Induced Oral Mucositis,hsa-let-7a-1,0.23712541162967682
Radiation-Induced Oral Mucositis,hsa-miR-1285-5p,0.23708538711071014
Urinary Bladder Neck Obstruction,mmu-miR-708,0.2370825856924057
Urinary Calculi,hsa-miR-30c-2-3p,0.23707778751850128
Polyposis Syndrome and Hereditary Mixed and 1,hsa-miR-192-2,0.2369617372751236
Chediak-Higashi Syndrome,hsa-miR-377*,0.23691560328006744
Human T-Cell Leukemia Virus Type 1 Infections,hsa-miR-192-2,0.23691390454769135
Chondrocyte Hypertrophy,hsa-miR-4452,0.2368772178888321
Diminished  Ovarian Reserve,hsa-miR-192-2,0.23681150376796722
Reperfusion Injury and Testicular Ischemia,hsa-miR-192-2,0.23675106465816498
Phyllodes Tumor and Breast,hsa-miR-192-2,0.23672936856746674
Tricuspid Valve Insufficiency,hsa-miR-192-2,0.23672442138195038
Inflammation and Chronic,hsa-miR-192-2,0.23670054972171783
Dysentery and Bacillary,rno-miR-25,0.2366395741701126
Amebiasis,hsa-miR-378*,0.23659835755825043
Scleral Diseases,hsa-miR-378*,0.2365928739309311
Urinary Calculi,hsa-miR-192-2,0.23658888041973114
Chediak-Higashi Syndrome,hsa-miR-378*,0.23656557500362396
Angioedemas and Hereditary,rno-miR-25,0.23652593791484833
Angioedemas and Hereditary,hsa-miR-378*,0.23640002310276031
Polyposis Syndrome and Hereditary Mixed and 1,hsa-miR-320c,0.23639856278896332
Primary Gastrointestinal Diffuse Large B-Cell Lymphoma ,hsa-miR-125b-2-3p,0.23639018833637238
Periodontitis and Diabetic,rno-miR-25,0.2363443821668625
Reperfusion Injury and Testicular Ischemia,hsa-miR-378*,0.2363310009241104
Asthma and Chronic,hsa-miR-378*,0.23628564178943634
Tibial Neuropathy,hsa-miR-378*,0.23625682294368744
Leukemia and Erythroblastic and Acute,hsa-mir-8069,0.23624993860721588
Nevi and Melanomas,hsa-miR-378*,0.23624111711978912
Granulomatous Disease and Chronic,hsa-miR-378*,0.23617373406887054
Reperfusion Injury and Testicular Ischemia,hsa-miR-378j,0.2361641675233841
Posterior Segment Ocular Diseases,hsa-miR-23a-3p,0.23615841567516327
Spinal Cord Compression,hsa-miR-320b-1,0.23614846169948578
Granulomatous Disease and Chronic,hsa-miR-320c,0.23603056371212006
Urinary Calculi,hsa-miR-320c,0.2360256165266037
Inflammation and Chronic,hsa-miR-320b-1,0.23595373332500458
Classical Swine Fever,hsa-miR-320b-1,0.23591189086437225
Pasteurella Multocida Infections,hsa-miR-320b-1,0.2358832210302353
Neuralgia,hsa-miR-4443,0.23577122390270233
Reperfusion Injury and Testicular Ischemia,mmu-miR-679,0.2356410175561905
Severe Dengue,mmu-miR-687,0.23556263744831085
Nevi and Melanomas,mmu-miR-679,0.23555107414722443
Juvenile gout,hsa-miR-1236-5p,0.2355213314294815
Urinary Bladder Neck Obstruction,hsa-miR-4494,0.2354336529970169
Reperfusion Injury and Testicular Ischemia,hsa-miR-24-1,0.235343798995018
Nerve Degeneration,mmu-miR-743a,0.23533795773983002
Leukemia and Erythroblastic and Acute,hsa-miR-4494,0.23505206406116486
Periapical Periodontitis,hsa-mir-8074,0.23503197729587555
Airway Obstruction,hcmv-mir-UL70,0.23478324711322784
Optic atrophy 1 and deafness,hsa-miR--196a-2,0.23458997905254364
Short Qt Syndrome,hsa-miR--196a-2,0.234536811709404
thyroid gland Hurthle cell carcinoma,hsa-miR--196a-2,0.23452194035053253
Hereditary Autoinflammatory Diseases,hsa-miR-302a,0.2344876080751419
Granuloma,hsa-miR--196a-2,0.23446179926395416
Intra-Articular Fractures,hsa-miR-129-2,0.23437459766864777
Stomach Ulcer,hsa-miR-4439,0.23437367379665375
Neoplasms and Mesothelial,hsa-miR-302a,0.23436810076236725
Rhabdoviridae Infections,hsa-miR--196a-2,0.23436765372753143
Cholangitis and Sclerosing and Primary,hsa-miR-4437,0.23435528576374054
Primary Gastrointestinal Diffuse Large B-Cell Lymphoma ,hsa-miR--196a-2,0.2342948168516159
Reperfusion Injury and Testicular Ischemia,hsa-miR--196a-2,0.23428259789943695
Reperfusion Injury and Testicular Ischemia,hsa-miR-1292,0.23426322638988495
Inflammation and Chronic,hsa-miR--196a-2,0.2342320829629898
Rhabdoid Tumor and Kidney,hsa-miR--196a-2,0.23422707617282867
Hereditary Autoinflammatory Diseases,hsa-miR--196a-2,0.23422591388225555
Chediak-Higashi Syndrome,hsa-miR-181a,0.23419089615345
Classical Swine Fever,hsa-miR--196a-2,0.23419032990932465
Periodontitis and Diabetic,hsa-miR--196a-2,0.23417003452777863
Hypocapnia,hsa-miR-1183,0.23414181172847748
Multiple Mitochondrial Dysfunctions Syndrome,hsa-miR--196a-2,0.2341107875108719
American Tegumentary Leishmaniasis,hsa-miR--196a-2,0.23410631716251373
Non-Segmental Vitiligo,hsa-miR-181a,0.23408402502536774
Brugada Syndrome,hsa-miR-181a,0.2340519279241562
Angioedemas and Hereditary,hsa-miR-181a,0.23402537405490875
Reperfusion Injury and Testicular Ischemia,hsa-miR-181a,0.23395632207393646
Tricuspid Valve Insufficiency,hsa-miR-181a,0.2339298278093338
Wound Infection,hsa-miR-181a,0.23391897976398468
Visceral Pain,hsa-miR-181a,0.23389776051044464
Myotonic Dystrophy,hsa-miR-211-3p,0.23388351500034332
Autoimmune Diseases of the Nervous System,hsa-miR-211-3p,0.23386381566524506
Granulomatous Disease and Chronic,hsa-miR-181a,0.23379908502101898
Multiple Mitochondrial Dysfunctions Syndrome,hsa-miR-181a,0.23378460109233856
Cryptococcosis,hsa-mir-8080,0.23376153409481049
Urinary Bladder Neck Obstruction,hsa-miR-4482,0.23351414501667023
Fluoride Poisoning,hsa-miR-1193,0.2334781140089035
Urinary Bladder Neck Obstruction,hsa-miR-4439,0.23347516357898712
Hirschsprung-Associated Enterocolitis,mmu-miR-676-3p,0.2334497720003128
Venous Neointimal Hyperplasia,hsa-miR-3646,0.23340041935443878
Periodontitis and Diabetic,hsa-miR-3646,0.2333114892244339
Rhabdomyosarcoma,mmu-miR-676-3p,0.2332795113325119
Salivary Gland Neoplasms,mmu-miR-676-3p,0.23324237763881683
Optic Nerve Injuries,hsa-mir-8074,0.2332393079996109
Amebiasis,hsa-miR-3663-3p,0.2332376390695572
Dysentery and Bacillary,hsa-miR-1293,0.23315386474132538
Pancreatic Intraductal Neoplasms,mmu-miR-676-3p,0.2330961674451828
IgA Vasculitis,hsa-miR-450a-5p,0.23308099806308746
autosomal recessive congenital bilateral absence of vas deferens,mmu-miR-676-3p,0.23308055102825165
Hypocapnia,hsa-miR-101-5p,0.23306907713413239
Repolarization Abnormality,mmu-miR-676-3p,0.23302389681339264
Reperfusion Injury and Testicular Ischemia,hsa-miR-3663-3p,0.2329702228307724
Wound Infection,hsa-miR-3663-3p,0.23293285071849823
Inflammation and Chronic,hsa-miR-3663-3p,0.23291970789432526
Rift Valley Fever,hsa-miR-4494,0.23284299671649933
Multiple Mitochondrial Dysfunctions Syndrome,hsa-miR-1293,0.23279942572116852
Hereditary Autoinflammatory Diseases,hsa-miR-3155b,0.23272009193897247
UV-Sensitive Syndrome,hsa-miR-3155b,0.2326437383890152
Myeloma Bone Disease,mmu-miR-699,0.23262520134449005
Nevi and Melanomas,mmu-miR-699,0.2325952798128128
Lysosomal Storage Diseases,hsa-miR-26a-1*,0.23258908092975616
Cryptococcosis,hsa-miR-4459,0.23258741199970245
Macular dystrophy and corneal type 1,mmu-miR-676-3p,0.23256967961788177
Vision Disorders,hsa-miR-129-2-3p,0.23256225883960724
Digestive System Neoplasms,mmu-miR-701,0.2325531393289566
 Lymph  Node Metastasis,hsa-miR-021,0.2323896735906601
Reperfusion Injury and Testicular Ischemia,hsa-miR-26a-1*,0.23237620294094086
Sepsis and Intensive Care Unit-Acquired,hsa-miR-26a-1*,0.23228268325328827
Periodontitis and Diabetic,hsa-miR-26a-1*,0.2322636991739273
Neutropenia,hsa-miR-3677,0.2322627156972885
Reperfusion Injury and Testicular Ischemia,hsa-miR-3677,0.2322504073381424
Urinary Calculi,hsa-miR-26a-1*,0.23221410810947418
Brugada Syndrome,hsa-miR-371a-3p,0.23208065330982208
Multiple Mitochondrial Dysfunctions Syndrome,hsa-miR-3677,0.23207871615886688
Posterior Segment Ocular Diseases,hsa-miR-371a-3p,0.2320236712694168
Neuropathic Allodynia,hsa-miR-371a-3p,0.2320200353860855
hypomelanosis of Ito,mmu-miR-676-3p,0.2320050448179245
Primary Gastrointestinal Diffuse Large B-Cell Lymphoma ,hsa-miR-371a-3p,0.2319972962141037
Phyllodes Tumor,mmu-miR-764-3p,0.23197756707668304
Drug-Induced Kidney Injury,mmu-miR-676-3p,0.23196448385715485
Venous Neointimal Hyperplasia,hsa-miR-371a-3p,0.2319614440202713
Wound Infection,hsa-miR-371a-3p,0.23194773495197296
Equine Infectious Anemia,hsa-miR-371a-3p,0.23191846907138824
Nevi and Melanomas,hsa-miR-371a-3p,0.23189522325992584
Lentivirus Infections,hsa-miR-371a-3p,0.2318388968706131
Gallbladder Diseases,hsa-miR-371a-3p,0.23182930052280426
Testicular Neoplasms,hsa-miR-1282,0.23181451857089996
Neoplasms and Mesothelial,hsa-miR-371a-3p,0.23180891573429108
Anemia and Aplastic,mmu-miR-676-3p,0.23180429637432098
Amebiasis,hsa-miR-1282,0.2317986637353897
Adenocarcinoma Of Esophagus,hsa-miR-1282,0.23173804581165314
Nerve Degeneration,hsa-mir-8069,0.23172928392887115
Scleral Diseases,hsa-miR-30b,0.23153690993785858
Reperfusion Injury and Testicular Ischemia,hsa-miR-1282,0.23153124749660492
Tricuspid Valve Insufficiency,hsa-miR-1282,0.23150469362735748
Hyperleptinemia,hsa-miR-423-5p,0.23148517310619354
Neonatal Encephalopathy,hsa-miR-1282,0.23145650327205658
Urethritis,hsa-miR-1282,0.23143590986728668
White Coat Hypertension,hsa-mir-873,0.231414332985878
Diabetic Nephropathies and Proliferative,hsa-mir-873,0.23138003051280975
Acute Uterine Injury,mmu-miR-676-3p,0.23123319447040558
Arene Oxide Detoxification Defect,hsa-miR-30b,0.2312331646680832
Equine Infectious Anemia,hsa-miR-30b,0.23120833933353424
Maternal   Cholestasis,hsa-miR-3137,0.23118750751018524
Nevi and Melanomas,hsa-miR-30b,0.2311852127313614
Chediak-Higashi Syndrome,hsa-miR-3614-5p,0.23117806017398834
Polyposis Syndrome and Hereditary Mixed and 1,hsa-miR-3137,0.23117782175540924
Cholangitis and Sclerosing and Primary,mmu-miR-697,0.2311646193265915
Splenic Neoplasms,hsa-miR-3137,0.23108534514904022
Splenic Neoplasms,hsa-miR-3614-5p,0.23106156289577484
Angioedemas and Hereditary,hsa-miR-3137,0.2310362309217453
Gliosis,hsa-miR-3137,0.2310040444135666
Primary Gastrointestinal Diffuse Large B-Cell Lymphoma ,hsa-miR-3137,0.2309793382883072
Neutropenia,hsa-miR-3614-5p,0.23095561563968658
Lattice corneal dystrophy type 1,hsa-miR-3137,0.2309490293264389
Pancreatitis and Acute Hemorrhagic,hsa-miR-3614-5p,0.23093681037425995
Wound Infection,hsa-miR-3137,0.23092977702617645
Inflammation and Chronic,hsa-miR-3137,0.23091663420200348
Intestinal-Type Sinonasal Adenocarcinoma,hsa-miR-3614-5p,0.230914905667305
Wound Infection,hsa-miR-3614-5p,0.23090608417987823
Equine Infectious Anemia,hsa-miR-3137,0.23090051114559174
Chronic  Rhinosinusitis With Nasal Polyps,hsa-miR-3137,0.2308909147977829
Lupus Vasculitis and Central Nervous System,hsa-miR-3614-5p,0.23087026178836823
Periodontitis and Diabetic,hsa-miR-3137,0.23085461556911469
Antisynthetase syndrome,hsa-miR-126,0.2308504730463028
Laryngeal Papillomas,hsa-miR-3614-5p,0.23084838688373566
Polyposis Syndrome and Hereditary Mixed and 1,hsa-miR-126,0.23083819448947906
Brugada Syndrome,hsa-miR-329-5p,0.2308339923620224
Periodontitis and Diabetic,hsa-miR-3614-5p,0.2308308631181717
Diminished  Ovarian Reserve,hsa-miR-132-3p,0.23082490265369415
Vitelliform Macular Dystrophy,hsa-miR-3614-5p,0.23080997169017792
Human T-Cell Leukemia Virus Type 1 Infections,hsa-miR-126,0.23079045116901398
Gastric Cancer and Early,mmu-miR-764-3p,0.23078714311122894
Multiple Mitochondrial Dysfunctions Syndrome,hsa-miR-3614-5p,0.23077161610126495
Conotruncal cardiac defects,mmu-miR-676-3p,0.23073171079158783
Asthma ,hsa-miR-4452,0.23072828352451324
Vesico-Ureteral Reflux,hsa-miR-3614-5p,0.23072291910648346
Rhabdoviridae Infections,hsa-miR-126,0.23071260750293732
Acute Uterine Injury,mmu-miR-701,0.2307008057832718
Inflammation and Chronic,hsa-miR-218-2*,0.23067738115787506
Intra-Articular Fractures,hsa-miR-340-3p,0.23066626489162445
Posterior Segment Ocular Diseases,hsa-miR-126,0.2306661158800125
Endothelial Barrier Dysfunction,hsa-miR-4492,0.23066173493862152
Pancreatitis and Acute Hemorrhagic,hsa-miR-126,0.230620875954628
Phyllodes Tumor and Breast,hsa-miR-126,0.2306058257818222
Venous Neointimal Hyperplasia,hsa-miR-126,0.2306039184331894
Tricuspid Valve Insufficiency,hsa-miR-126,0.2306009978055954
Hereditary Autoinflammatory Diseases,hsa-miR-126,0.23057089745998383
Myeloma Bone Disease,hsa-miR-126,0.23056767880916595
Plasmablastic Lymphoma,hsa-miR-4492,0.23053161799907684
Nerve Degeneration,hsa-miR-4494,0.2305314689874649
Cholecystolithiasis,hsa-miR-4492,0.2305239886045456
Spinal Cord Ischemia,hsa-miR-4492,0.23049677908420563
Skeletal Muscle Injury,hsa-miR-126,0.23047678172588348
Disseminated Intravascular Coagulation,hsa-miR-4492,0.23046351969242096
Chronic Kidney   Disease,hsa-miR-3676-5p,0.23045624792575836
Equine Infectious Anemia,hsa-miR-3145-5p,0.23045624792575836
Reperfusion Injury and Testicular Ischemia,hsa-miR-3676-5p,0.230454221367836
Supranuclear Palsy and Progressive,hsa-miR-4492,0.23043887317180634
Intermittent Claudication,hsa-miR-4255,0.23042653501033783
Encephalitis and Tick-Borne,hsa-miR-126,0.23040829598903656
Nevi and Melanomas,hsa-miR-3676-5p,0.23036424815654755
Neoplasms and Second Primary,hsa-mir-8074,0.2303425520658493
Polyposis Syndrome and Hereditary Mixed and 1,hsa-mir-8055,0.23033173382282257
Urticaria,hsa-mir-8055,0.23033083975315094
Renal Interstitial Fibrosis,hsa-miR-4492,0.23031069338321686
Polyposis Syndrome and Hereditary Mixed and 1,hsa-miR-19b-1*,0.2302616685628891
Squamous Intraepithelial Lesions of the Cervix,hsa-miR-4492,0.23025555908679962
Splenic Neoplasms,hsa-mir-8055,0.23023919761180878
Heart Neoplasms,hsa-miR-450a-5p,0.23016668856143951
Epilepsy and Generalized,hsa-miR-4492,0.23015619814395905
Radiation-Induced Oral Mucositis,hsa-miR-24-1,0.2301454395055771
Hypocapnia,hsa-miR-1268,0.23013760149478912
Pancreatic Intraductal Neoplasms,hsa-miR-4492,0.23011256754398346
Tricuspid Valve Insufficiency,hsa-mir-8055,0.23009444773197174
Tricuspid Valve Insufficiency,hsa-miR-19b-1*,0.23002447187900543
Wound Infection,hsa-miR-19b-1*,0.2300136238336563
Renal Artery Obstruction,hsa-mir-8055,0.23000197112560272
Equine Infectious Anemia,hsa-miR-19b-1*,0.2299843579530716
Aspermia,hsa-miR-4492,0.2299802154302597
Nervous System Diseases,hsa-mir-873,0.22996903955936432
Lymphoma and T-Cell,hsa-miR-4444,0.22992388904094696
UV-Sensitive Syndrome,hsa-miR-19b-1*,0.2299179881811142
Chediak-Higashi Syndrome,hsa-miR-1226,0.22987239062786102
Fatty Liver and Alcoholic,mmu-miR-676-3p,0.22983978688716888
Dilated Cardiomyopathy ,hsa-miR-340-3p,0.22979198396205902
 Lymph  Node Metastasis,hsa-miR-3125,0.22978462278842926
Gliosis,hsa-miR-1226,0.22967474162578583
Reperfusion Injury and Testicular Ischemia,hsa-miR-1226,0.22963781654834747
Macular dystrophy and corneal type 1,hsa-miR-4492,0.2295861393213272
Cholecystolithiasis,hsa-mir-873,0.22956140339374542
Lupus Vasculitis and Central Nervous System,EBV-miR-BART12,0.229556605219841
Retinal Vein Occlusion,hsa-mir-873,0.22952063381671906
Cataract and Congenital Zonular and with Sutural Opacities,hsa-mir-873,0.2295181304216385
Disseminated Intravascular Coagulation,hsa-mir-873,0.2295009046792984
Osteochondrodysplasias,hsa-mir-873,0.22949783504009247
Carcinoma and Squamous Cell and Skin,hsa-mir-873,0.22949080169200897
Supranuclear Palsy and Progressive,hsa-mir-873,0.22947625815868378
hypotrichosis 8,hsa-mir-873,0.22939275205135345
Child Development Disorders and Pervasive,hsa-mir-873,0.22930224239826202
Spinal Curvatures,hsa-mir-802,0.22928689420223236
Myocardial Ischemia,hsa-mir-873,0.22920362651348114
Lipoma,hsa-mir-873,0.22920159995555878
Reperfusion Injury and Cerebral Ischemia,hsa-mir-873,0.22918544709682465
Coxsackievirus Infections,hsa-mir-873,0.22916753590106964
Pancreatic Intraductal Neoplasms,hsa-mir-873,0.2291499525308609
Neoplasms and Plasma Cell,hsa-mir-873,0.22914396226406097
endometrial serous adenocarcinoma,hsa-miR-324-3p,0.22912470996379852
Craniosynostoses,hsa-mir-873,0.2291141003370285
Corneal dystrophy and epithelial basement membrane,hsa-mir-873,0.22910146415233612
Pregnancy Complications and Infectious,hsa-mir-873,0.22909246385097504
Repolarization Abnormality,hsa-mir-873,0.22907774150371552
Scoliosis and Adolescent,hsa-mir-873,0.22906549274921417
Frontotemporal Dementia,hsa-mir-873,0.2290254384279251
Leukopenia,hsa-miR-30d-3p,0.22891177237033844
Peritoneal Fibrosis,mmu-miR-676-3p,0.22879786789417267
Radiation-Induced Oral Mucositis,hsa-miR-181a,0.22875796258449554
Ameloblastoma,hsa-mir-802,0.22873972356319427
Nerve Degeneration,hsa-miR-4482,0.22861187160015106
Gastric Antral Vascular Ectasia,hsa-miR-374c-5p,0.22858484089374542
Chronic Urticaria,hsa-mir-873,0.22858305275440216
Reperfusion Injury and Testicular Ischemia,hsa-miR-4493,0.22850053012371063
Classical Swine Fever,hsa-miR-4493,0.22840823233127594
Myotonic Dystrophy,hsa-miR-4493,0.2283882051706314
Leukopenia,hsa-miR-329-3p,0.22838561236858368
Anorexia Nervosa,hsa-mir-873,0.22834141552448273
Agammaglobulinemia,hsa-mir-873,0.22824044525623322
Pulmonary Hypertension and Thromboembolic and Chronic,hsa-miR-4492,0.2281903773546219
Ehlers-Danlos Syndrome and musculocontractural type 1,hsa-miR-4492,0.2281891256570816
Drug-Induced Kidney Injury,hsa-mir-802,0.22808201611042023
Reperfusion Injury and Ischemia,hsa-miR-1245b-3p,0.2280619889497757
Transposition of Great Vessels,hsa-mir-873,0.22805099189281464
Wound Infection,hsa-miR-1274a_v16.0,0.2280220240354538
Glucocorticoid Receptor Deficiency,hsa-miR-4492,0.22793696820735931
Brugada Syndrome,hsa-miR-3124-5p,0.2278354912996292
Reperfusion Injury and Ischemia,hsa-miR-1268,0.2277723103761673
 Lymph  Node Metastasis,hsa-miR-1245a,0.22763635218143463
Optic atrophy 1 and deafness,hsa-miR-342-5p,0.22753103077411652
Crisponi syndrome,hsa-miR-219-1-3p,0.227510467171669
Amebiasis,hsa-miR-321,0.22750486433506012
Scleral Diseases,hsa-miR-321,0.22749929130077362
Lupus Vasculitis and Central Nervous System,hsa-miR-219-1-3p,0.22748054563999176
Tendinopathy,hsa-miR-4492,0.22744925320148468
Polyposis Syndrome and Hereditary Mixed and 1,hsa-miR-321,0.22744815051555634
Adenocarcinoma Of Esophagus,hsa-miR-321,0.22744430601596832
Myotonic Dystrophy,hsa-miR-219-1-3p,0.22744126617908478
Chronic   Pelvic Pain Syndrome,hsa-miR-219-1-3p,0.22737811505794525
Nervous System Neoplasms,hsa-miR-450a-5p,0.22737433016300201
Acute Uterine Injury,hsa-mir-873,0.2272869497537613
Reperfusion Injury and Testicular Ischemia,hsa-miR-3124-3p,0.22727783024311066
Posterior Segment Ocular Diseases,hsa-miR-321,0.22727595269680023
Reperfusion Injury and Testicular Ischemia,hsa-miR-321,0.22723747789859772
ACTH-Secreting Pituitary Adenoma,mmu-miR-676-3p,0.22723521292209625
Phyllodes Tumor and Breast,hsa-miR-321,0.22721578180789948
Venous Neointimal Hyperplasia,hsa-miR-342-5p,0.22720004618167877
Inflammation and Chronic,hsa-miR-321,0.22718696296215057
Amebiasis,hsa-miR-3185,0.22718040645122528
Reperfusion Injury and Testicular Ischemia,hsa-miR-1275,0.22717399895191193
 Lymph  Node Metastasis,hsa-miR-4255,0.22716866433620453
Neoplasms and Germ Cell and Intracranial,hsa-miR-321,0.22715525329113007
Lattice corneal dystrophy type 1,hsa-miR-1204,0.22715221345424652
Chediak-Higashi Syndrome,hsa-miR-3185,0.22714756429195404
Polyposis Syndrome and Hereditary Mixed and 1,hsa-miR-3185,0.2271236628293991
Chronic  Rhinosinusitis With Nasal Polyps,hsa-miR-320,0.22709248960018158
Lentivirus Infections,hsa-miR-321,0.2270912081003189
Human T-Cell Leukemia Virus Type 1 Infections,hsa-miR-3185,0.22707585990428925
Airway Obstruction,hsa-miR-203a,0.2270628660917282
Periodontitis and Diabetic,hsa-miR-320,0.22705619037151337
Asthma ,mmu-miR-676-3p,0.22703929245471954
Gastric Antral Vascular Ectasia,hsa-miR-1183,0.22700904309749603
Phyllodes Tumor,mmu-miR-676-3p,0.22699405252933502
Diminished  Ovarian Reserve,hsa-miR-3185,0.2269734889268875
Cryptococcosis,hsa-miR-4482,0.22697244584560394
Posterior Segment Ocular Diseases,hsa-miR-3185,0.2269514948129654
Tricuspid Valve Insufficiency,hsa-miR-3185,0.22688640654087067
Wound Infection,hsa-miR-3185,0.22687555849552155
Fatty Liver and Alcoholic,hsa-miR-4492,0.22685624659061432
Intermittent Claudication,hsa-miR-20b*,0.22684253752231598
Chronic  Rhinosinusitis With Nasal Polyps,hsa-miR-3185,0.22683681547641754
Meniscus Degeneration,hsa-miR-3934,0.22679387032985687
Ovarian Cysts,hsa-miR-3934,0.22677765786647797
Parvoviridae Infections,hsa-miR-1268,0.22676251828670502
Chromosome Duplication,hsa-miR-4456,0.22671128809452057
 Lymph  Node Metastasis,hsa-miR-19a-5p,0.22671054303646088
Spinal Cord Compression,hsa-miR-3934,0.22670669853687286
Posterior Segment Ocular Diseases,hsa-miR-3934,0.22660107910633087
Neutropenia,hsa-miR-3934,0.22657470405101776
Amebiasis,hsa-miR-020,0.2265704721212387
Reperfusion Injury and Testicular Ischemia,hsa-miR-3934,0.22656245529651642
Pancreatitis and Acute Hemorrhagic,hsa-miR-3934,0.22655580937862396
Lipid Metabolism Disorders,mmu-miR-676-3p,0.22655554115772247
Uterine Neoplasms,hsa-mir-873,0.22655262053012848
Tendinopathy,hsa-mir-802,0.22655035555362701
Endothelial Barrier Dysfunction,hsa-miR-450a-5p,0.226540669798851
Dyspepsia,hsa-miR-3934,0.22653312981128693
Polyposis Syndrome and Hereditary Mixed and 1,hsa-miR-020,0.22651372849941254
Hereditary Autoinflammatory Diseases,hsa-miR-3934,0.22650577127933502
Myeloma Bone Disease,hsa-miR-3934,0.22650261223316193
Swine Diseases,hsa-miR-3934,0.22649361193180084
Lymphoma and T-Cell,mmu-miR-743a,0.22646062076091766
Myotonic Dystrophy,hsa-miR-3934,0.22645016014575958
UV-Sensitive Syndrome,hsa-miR-3934,0.22642938792705536
Vitelliform Macular Dystrophy,hsa-miR-3934,0.2264290601015091
Intermittent Claudication,hsa-miR-3928-3p,0.22641630470752716
Lentivirus Infections,hsa-miR-3934,0.22641624510288239
Congenital Abnormalities,hsa-miR-450a-5p,0.22641576826572418
Diminished  Ovarian Reserve,hsa-miR-020,0.22636355459690094
Optic atrophy 1 and deafness,hsa-miR-29b-3p,0.22632227838039398
Amebiasis,hsa-miR-216,0.22631852328777313
Ovarian Failure and Premature ,hsa-miR-4492,0.22630341351032257
Chromosome Duplication,mmu-miR-743a,0.22628231346607208
Pemphigus and Benign Familial,hsa-miR-216,0.22627894580364227
Maternal   Cholestasis,hsa-miR-216,0.22627152502536774
Inflammation and Chronic,hsa-miR-020,0.22625254094600677
Myeloma Bone Disease,hsa-miR-020,0.22624315321445465
hypotrichosis 8,hsa-miR-450a-5p,0.22623427212238312
Tibial Neuropathy,hsa-miR-020,0.22622893750667572
Renal Interstitial Fibrosis,hsa-miR-450a-5p,0.22618956863880157
Splenic Neoplasms,hsa-miR-216,0.22616936266422272
Sepsis-Associated Encephalopathy,hsa-miR-450a-5p,0.22616441547870636
Granulomatous Disease and Chronic,hsa-miR-020,0.22614584863185883
Squamous Intraepithelial Lesions of the Cervix,hsa-miR-450a-5p,0.22613446414470673
Frontotemporal Lobar Degeneration,hsa-miR-450a-5p,0.2261333018541336
Angioedemas and Hereditary,hsa-miR-216,0.22612018883228302
Diminished  Ovarian Reserve,hsa-miR-216,0.22611160576343536
Neonatal Sepsis,mmu-miR-676-3p,0.2261035293340683
Temporomandibular Joint Disorders,hsa-miR-450a-5p,0.2260856181383133
Leukemia and Myeloid and Acute and T-Cell,hsa-miR-450a-5p,0.22607369720935822
Wilms Tumor,hsa-miR-450a-5p,0.226065531373024
Otitis Media,hsa-miR-450a-5p,0.22606195509433746
Myocardial Ischemia,hsa-miR-450a-5p,0.2260451465845108
Pancreatitis and Acute Hemorrhagic,hsa-miR-216,0.22604458034038544
Lipoma,hsa-miR-450a-5p,0.22604312002658844
Lung  Adenocarcinoma,hsa-mir-873,0.22603397071361542
Airway Obstruction,hsa-miR-132*,0.2260323315858841
Lattice corneal dystrophy type 1,hsa-miR-29b-3p,0.22599680721759796
Osteitis,hsa-miR-450a-5p,0.22598470747470856
Swine Diseases,hsa-miR-216,0.22598232328891754
Wound Infection,hsa-miR-29b-3p,0.2259775549173355
autosomal recessive congenital bilateral absence of vas deferens,hsa-miR-450a-5p,0.2259758561849594
Costello Syndrome,mmu-miR-676-3p,0.22597314417362213
Epilepsies and Partial,hsa-mir-802,0.22596780955791473
AIDS-Related Complex,hsa-miR-4492,0.22594301402568817
Lupus Vasculitis and Central Nervous System,hsa-miR-29b-3p,0.22594182193279266
Intellectual Disability,hsa-miR-450a-5p,0.22593016922473907
Repolarization Abnormality,hsa-miR-450a-5p,0.22591926157474518
Skeletal Muscle Injury,hsa-miR-216,0.22590039670467377
Urinary Calculi,hsa-miR-216,0.22588901221752167
Liposarcoma and Myxoid,hsa-miR-29b-3p,0.22584612667560577
Neutropenia,hsa-miR-130a*,0.22584153711795807
Encephalitis and Tick-Borne,hsa-miR-216,0.22583197057247162
Shock and Cardiogenic,hsa-mir-873,0.22581364214420319
Venous Neointimal Hyperplasia,hsa-miR-130a*,0.22580568492412567
Rh Deficiency Syndrome,mmu-miR-676-3p,0.22577904164791107
Lymphoma and T-Cell,hsa-miR-4443,0.22577686607837677
Rhabdoid Tumor and Kidney,hsa-miR-130a*,0.22577379643917084
Sucrase-isomaltase deficiency and congenital,hsa-miR-450a-5p,0.22572191059589386
Erythema,mmu-miR-676-3p,0.22564007341861725
Hearing Loss and Sensorineural,mmu-miR-676-3p,0.22561763226985931
Posterior Segment Ocular Diseases,hsa-miR-3610,0.22561238706111908
Nevus and Halo,hsa-miR-4444,0.22560058534145355
Anhedonia,mmu-miR-676-3p,0.22559340298175812
Phyllodes Tumor and Breast,hsa-miR-3610,0.22555206716060638
Hyperphagia,mmu-miR-676-3p,0.22550393640995026
IMAGe syndrome,rno-miR-409-3p,0.22548554837703705
Optic Neuritis,hsa-mir-873,0.22542448341846466
Urinary Calculi,hsa-miR-3610,0.22541160881519318
Tricuspid Valve Insufficiency,hsa-miR-4485-5p,0.22537170350551605
Canavan Disease,hsa-miR-3610,0.22535668313503265
Inflammation and Chronic,hsa-miR-4485-5p,0.22534768283367157
Ovarian Failure and Premature ,hsa-mir-873,0.2253407984972
Vasculitis and Central Nervous System,hsa-miR-3155,0.2252221554517746
Pathologic Processes,hsa-mir-873,0.22521285712718964
Adenoviridae Infections,mmu-miR-676-3p,0.22519822418689728
Chromosome Duplication,hsa-miR-4459,0.22517122328281403
Parvoviridae Infections,hsa-miR-102,0.22515378892421722
Meniscus Degeneration,hsa-miR-1225-3p,0.2251192182302475
Heart Neoplasms,mmu-miR-743a,0.22511343657970428
Systemic Inflammatory Response Syndrome,mmu-miR-676-3p,0.22511331737041473
Diminished  Ovarian Reserve,hsa-miR-3175,0.22510524094104767
Polyposis Syndrome and Hereditary Mixed and 1,hsa-miR-1225-3p,0.22509853541851044
Reperfusion Injury and Testicular Ischemia,hsa-let-7a-5p,0.22505702078342438
Reperfusion Injury and Testicular Ischemia,hsa-miR-3175,0.22504477202892303
Pancreatitis and Acute Hemorrhagic,hsa-miR-3175,0.22503821551799774
Spinal Cord Compression,hsa-miR-1225-3p,0.22503216564655304
Placenta Accreta,mmu-miR-676-3p,0.22503109276294708
Inflammation and Chronic,hsa-let-7a-5p,0.22500650584697723
Splenic Neoplasms,hsa-miR-1225-3p,0.22500599920749664
Cardiomyopathy and Dilated,mmu-miR-676-3p,0.22498555481433868
Myeloma Bone Disease,hsa-miR-3175,0.22498492896556854
Polyposis Syndrome and Hereditary Mixed and 1,hsa-miR-1255b,0.22497473657131195
Classical Swine Fever,hsa-miR-3175,0.2249525636434555
Endothelial Barrier Dysfunction,hsa-miR-4444,0.22495080530643463
Severe Dengue,mmu-miR-676-3p,0.2249382883310318
Diabetic Wound,hsa-miR-1284,0.22492818534374237
Human T-Cell Leukemia Virus Type 1 Infections,hsa-miR-1255b,0.2249269336462021
Knee Injuries,mmu-miR-676-3p,0.22491289675235748
UV-Sensitive Syndrome,hsa-miR-3175,0.22491173446178436
Chlamydia Infections,mmu-miR-676-3p,0.22491084039211273
Still's Disease and Adult-Onset,mmu-miR-676-3p,0.22490154206752777
hypomelanosis of Ito,hsa-miR-450a-5p,0.2249002903699875
Multiple Mitochondrial Dysfunctions Syndrome,hsa-miR-3652,0.22489295899868011
Mastocytoma and Skin,hsa-let-7a*,0.22488854825496674
Reperfusion Injury and Testicular Ischemia,hsa-miR-1225-3p,0.22488780319690704
Granulomatous Disease and Chronic,hsa-miR-3175,0.2248876541852951
Chediak-Higashi Syndrome,hsa-miR-3199,0.22486548125743866
Hypothyroidism,mmu-miR-676-3p,0.22485555708408356
Polyposis Syndrome and Hereditary Mixed and 1,hsa-miR-3199,0.22484152019023895
Myeloma Bone Disease,hsa-miR-1225-3p,0.22482801973819733
Edwardsiella tarda,hsa-miR-4444,0.2248246818780899
Non-ST Elevated Myocardial Infarction,hsa-mir-873,0.22481556236743927
Tibial Neuropathy,hsa-miR-1225-3p,0.22481368482112885
Transmissible Gastroenteritis,hsa-miR-1255b,0.22478513419628143
Cerebral Palsy,hsa-miR-4444,0.22477225959300995
Retinal Vein Occlusion,hsa-miR-4444,0.22477219998836517
Cataract and Congenital Zonular and with Sutural Opacities,hsa-miR-4444,0.22476963698863983
Reperfusion Injury and Testicular Ischemia,hsa-miR-1255b,0.22476406395435333
Osteochondrodysplasias,hsa-miR-4444,0.2247494012117386
Urinary Calculi,hsa-miR-1225-3p,0.22472570836544037
Liposarcoma and Myxoid,hsa-miR-1225-3p,0.22471894323825836
Neuralgia,hsa-mir-7844,0.224676713347435
Renal Artery Obstruction,hsa-miR-1255b,0.2246450036764145
Splenic Neoplasms,hsa-miR-181d-5p,0.2246202677488327
Lattice corneal dystrophy type 1,hsa-miR-3199,0.2246127873659134
Hyperuricemic Nephropathy,hsa-miR-4444,0.22459985315799713
Renal Interstitial Fibrosis,hsa-miR-4444,0.22459964454174042
Rhabdomyosarcoma,hsa-miR-4444,0.2245848923921585
Airway Obstruction,hsa-miR-3619,0.22452829778194427
Reperfusion Injury and Testicular Ischemia,hsa-miR-181d-5p,0.22450213134288788
Tricuspid Valve Insufficiency,hsa-miR-181d-5p,0.22447563707828522
Spinal Curvatures,hsa-miR-4444,0.2244747430086136
Otitis Media,hsa-miR-4444,0.2244720309972763
Equine Infectious Anemia,hsa-miR-181d-5p,0.2244354635477066
Fatigue Syndrome and Chronic,mmu-miR-743a,0.22443227469921112
Lupus Erythematosus and Cutaneous,hsa-miR-4444,0.2244320660829544
Prostatic Diseases,hsa-miR-4444,0.22443191707134247
cervical squamous cell carcinoma,hsa-miR-4444,0.22443149983882904
Heart Neoplasms,hsa-miR-4443,0.2244296818971634
Primary Myelofibrosis,hsa-miR-4444,0.22439654171466827
Neoplasms and Plasma Cell,hsa-miR-4444,0.22439555823802948
Friedreich Ataxia,hsa-mir-873,0.22438688576221466
Chromosome Aberrations,hsa-miR-4444,0.22437666356563568
Nerve Degeneration,hsa-miR-4428,0.2243664711713791
Encephalocraniocutaneous lipomatosis,hsa-miR-4444,0.2243640273809433
Hepatitis and Alcoholic,hsa-miR-4444,0.22435899078845978
Dermatitis Herpetiformis,hsa-miR-4444,0.22435669600963593
Chronic  Kidney Disease,hsa-miR-4444,0.2243533581495285
Corneal dystrophy and epithelial basement membrane,hsa-miR-4444,0.22435297071933746
Pregnancy Complications and Infectious,hsa-miR-4444,0.22434403002262115
Intellectual Disability,hsa-miR-4444,0.22434015572071075
Li-Fraumeni Syndrome,hsa-mir-873,0.22422753274440765
Hyperemia,hsa-mir-8061,0.22413639724254608
Wound Infection,hsa-miR-151*,0.22413624823093414
Humeral Fractures,hsa-miR-200a-3p,0.22412456572055817
Body Weight,hsa-miR-151*,0.2240222841501236
Ovarian Diseases,hsa-miR-4456,0.22400249540805817
Pneumothorax,hsa-miR-1284,0.22400249540805817
Heart Neoplasms,hsa-miR-4459,0.22400228679180145
Angioedemas and Hereditary,hsa-let-7a_c,0.2239982634782791
Choroid Diseases,hsa-miR-151*,0.22399385273456573
Mixed Connective Tissue Disease,hsa-miR-4444,0.22394870221614838
Endothelial Barrier Dysfunction,hsa-mir-8061,0.22394226491451263
Rift Valley Fever,hsa-miR-4511,0.2239387184381485
Macular dystrophy and corneal type 1,hsa-miR-4444,0.22387506067752838
Phobic Disorders,hsa-miR-4444,0.22383923828601837
Fluoride Poisoning,hsa-miR-181b-3p,0.22367052733898163
Acute Disease,hsa-mir-802,0.22365112602710724
Stomach Ulcer,hsa-mir-8074,0.22364555299282074
Chediak-Higashi Syndrome,hsa-miR-155-3p,0.22360871732234955
Neutropenia,hsa-miR-136*,0.22358833253383636
Squamous Intraepithelial Lesions of the Cervix,hsa-mir-8061,0.2235359102487564
Roberts Syndrome,hsa-miR-155-3p,0.22352783381938934
Actinic cheilitis,hsa-mir-873,0.22351564466953278
Agammaglobulinemia,hsa-miR-4444,0.22349198162555695
Chondrocyte Hypertrophy,hsa-mir-8061,0.223485067486763
Angioedemas and Hereditary,hsa-miR-155-3p,0.22344310581684113
Posterior Segment Ocular Diseases,hsa-miR-155-3p,0.22341270744800568
Humeral Fractures,hsa-miR-181b-3p,0.223411425948143
Asthma and Chronic,hsa-miR-155-3p,0.22332878410816193
Myeloma Bone Disease,hsa-miR-155-3p,0.22331424057483673
Thyroiditis,hsa-miR-4444,0.22330458462238312
Lymphoma and T-Cell,mmu-miR-708,0.22330303490161896
Chromosome Duplication,mmu-miR-700-5p,0.22330264747142792
Tibial Neuropathy,hsa-miR-155-3p,0.22329996526241302
ACTH-Secreting Pituitary Adenoma,hsa-mir-873,0.22328899800777435
Classical Swine Fever,hsa-miR-155-3p,0.22328178584575653
endometriosis in scar of skin,hsa-mir-8061,0.22327600419521332
Periodontitis and Diabetic,hsa-miR-155-3p,0.22326157987117767
Vitelliform Macular Dystrophy,hsa-miR-155-3p,0.2232406884431839
Lentivirus Infections,hsa-miR-155-3p,0.2232278734445572
Eye Diseases,hsa-miR-4444,0.22316224873065948
Cholesteatoma and Middle Ear,hsa-miR-450a-5p,0.22316031157970428
Dermatomyositis,rno-miR-369-3p,0.2231348305940628
Ciliary Motility Disorders,hsa-mir-873,0.22304539382457733
Plaque and Amyloid,hsa-miR-4283,0.22302131354808807
Costello Syndrome,hsa-miR-4492,0.22298948466777802
Hyalinosis and Systemic,hsa-mir-873,0.22290949523448944
Ovarian Diseases,hsa-miR-4443,0.222889706492424
Chronic Urticaria,hsa-mir-8061,0.22282607853412628
Reperfusion Injury and Testicular Ischemia,hsa-miR-373,0.22281412780284882
Radiation-Induced Oral Mucositis,hsa-mir-770,0.22279976308345795
Angina Pectoris and Variant,hsa-mir-873,0.22276408970355988
Urinary Bladder Neck Obstruction,hsa-mir-8074,0.2227468639612198
Neuralgia,hsa-miR-4511,0.22274427115917206
Chromosome Duplication,hsa-mir-8069,0.22267355024814606
Hearing Loss and Sensorineural,hsa-miR-4492,0.2226339727640152
Proteinuria,hsa-mir-873,0.22261802852153778
Parvoviridae Infections,hsa-let-7a*,0.22261758148670197
Nevus and Halo,hsa-miR-4456,0.22256629168987274
Preterm Premature Rupture of the Membranes,hsa-mir-873,0.22255150973796844
Niemann-Pick Diseases,hsa-miR-021,0.22253967821598053
Hypocapnia,hsa-miR-021,0.2225072830915451
Optic atrophy 1 and deafness,hsa-miR-27a*,0.2224869579076767
Airway Obstruction,hsa-miR-2467-3p,0.2224855273962021
Adenocarcinoma and Sinonasal Intestinal,hsa-miR-2116*,0.2224494367837906
Amebiasis,hsa-miR-27a*,0.22244693338871002
Dementia and Vascular,hsa-mir-873,0.22241728007793427
Tachycardia,hsa-miR-4443,0.22240959107875824
Tendon Injuries,hsa-miR-450a-5p,0.22240005433559418
Leukemia and Erythroblastic and Acute,hsa-mir-8074,0.22236545383930206
Implantation Failure,hsa-miR-4492,0.22235848009586334
Grave Disease,rno-miR-30b-3p,0.22231651842594147
Splenic Neoplasms,hsa-miR-27a*,0.22229774296283722
Optic Neuritis,hsa-miR-450a-5p,0.22226600348949432
Pneumoconiosis,hsa-miR-27a*,0.2222621887922287
Diminished  Ovarian Reserve,hsa-miR-27a*,0.22224010527133942
Radiation-Induced Oral Mucositis,hsa-miR-2052,0.22222940623760223
Glucocorticoid Receptor Deficiency,hsa-miR-4444,0.2222258597612381
Hypocapnia,hsa-miR-432-3p,0.22222580015659332
Glycogen Storage Disease and Type IXD,hsa-miR-4444,0.22221733629703522
Premature Birth,hsa-miR-4444,0.22220809757709503
Primary Gastrointestinal Diffuse Large B-Cell Lymphoma ,hsa-miR-27a*,0.2221917361021042
Nervous System Diseases,hsa-miR-4456,0.22218628227710724
Human T-Cell Leukemia Virus Type 1 Infections,rno-miR-34b,0.22218115627765656
Teratoma,hsa-mir-873,0.22217153012752533
Arene Oxide Detoxification Defect,hsa-miR-27a*,0.22213761508464813
Labyrinth Diseases,hsa-miR-4492,0.222117081284523
Reperfusion Injury and Testicular Ischemia,hsa-miR-1979,0.22211553156375885
Tricuspid Valve Insufficiency,hsa-miR-1979,0.22208894789218903
Diabetic Angiopathies,rno-miR-30b-3p,0.22206656634807587
Inflammation and Chronic,hsa-miR-1979,0.22206495702266693
Vitelliform Macular Dystrophy,hsa-miR-27a*,0.2220461517572403
Mesangial sclerosis and diffuse,hsa-miR-4444,0.22204066812992096
Otitis Media,rno-miR-30b-3p,0.22202856838703156
Urinary Bladder Neck Obstruction,rno-miR-369-3p,0.2220248430967331
Granulomatous Disease and Chronic,hsa-miR-27a*,0.22202233970165253
Periodontitis and Diabetic,hsa-miR-1979,0.22200296819210052
Pancoast Syndrome,hsa-mir-873,0.22200097143650055
pancreatic adenocarcinoma,hsa-miR-4444,0.22197739779949188
Brain Diseases,rno-miR-30b-3p,0.22196711599826813
Scleroderma and Diffuse,rno-miR-30b-3p,0.22196374833583832
Transfusion Reaction,hsa-mir-873,0.22190658748149872
Repolarization Abnormality,rno-miR-30b-3p,0.22188593447208405
Polycystic Kidney Diseases,hsa-miR-4492,0.2218802124261856
Meniscus Degeneration,hsa-miR-196a-1,0.22180630266666412
Uterine Neoplasms,hsa-miR-4444,0.22180412709712982
Skeletal Muscle Dysplasia,hsa-miR-196a-1,0.22179947793483734
Edwardsiella tarda,hsa-miR-4456,0.22179044783115387
Axenfeld-Rieger syndrome,hsa-mir-873,0.22178463637828827
Cholecystolithiasis,hsa-miR-4456,0.22177864611148834
Tendinopathy,hsa-miR-4444,0.22173820436000824
Retinal Vein Occlusion,hsa-miR-4456,0.2217378467321396
Bronchiolitis Obliterans Syndrome,hsa-miR-4456,0.22173143923282623
Hirschsprung-Associated Enterocolitis,hsa-miR-4456,0.22172079980373383
Camptocormia,hsa-miR-4456,0.22170855104923248
Amebiasis,mmu-miR-707,0.22168414294719696
Scleral Diseases,mmu-miR-707,0.22167862951755524
aortic atherosclerosis,hsa-miR-450a-5p,0.22166605293750763
Amyloidosis and Hereditary and Transthyretin-Related,hsa-mir-873,0.22166477143764496
thyroid gland Hurthle cell carcinoma,mmu-miR-707,0.22165609896183014
Lymphoma and T-Cell,hsa-miR-4494,0.2216540426015854
Angioedemas and Hereditary,hsa-miR-196a-1,0.22164393961429596
Leukemia and Erythroblastic and Acute,rno-miR-369-3p,0.22164343297481537
Nervous System Neoplasms,hsa-miR-4443,0.22163741290569305
Lysosomal Storage Diseases,mmu-miR-707,0.22162951529026031
Keratitis,mmu-miR-743a,0.2216288298368454
Hyperphagia,hsa-mir-802,0.22162146866321564
hypotrichosis 8,hsa-miR-4456,0.2216099351644516
Amebiasis,hsa-miR-3689b-3p,0.22159887850284576
Renal Interstitial Fibrosis,hsa-miR-4456,0.2215653508901596
Hyperphagia,hsa-mir-873,0.22155772149562836
Skeletal Muscle Dysplasia,hsa-miR-3689b-3p,0.22155599296092987
Cardiac Dysfunction,hsa-miR-4456,0.22155265510082245
Sepsis-Associated Encephalopathy,hsa-miR-4456,0.22154013812541962
Acute Uterine Injury,hsa-mir-8061,0.2215299755334854
Squamous Intraepithelial Lesions of the Cervix,hsa-miR-4456,0.22151024639606476
Frontotemporal Lobar Degeneration,hsa-miR-4456,0.2215089648962021
Multiple Endocrine Neoplasia Type 1,hsa-miR-3689b-3p,0.22150473296642303
Anemia and Iron-Deficiency,hsa-miR-1244,0.22150255739688873
Substance Withdrawal Syndrome,hsa-miR-450a-5p,0.2214704006910324
Temporomandibular Joint Disorders,hsa-miR-4456,0.22146128118038177
Plant Poisoning,hsa-miR-4456,0.2214459627866745
Spinal Curvatures,hsa-miR-4456,0.221440389752388
Otitis Media,hsa-miR-4456,0.22143767774105072
Lung Abscess,hsa-mir-8080,0.221433624625206
Congenital Abnormalities,hsa-mir-8080,0.22142554819583893
Myocardial Ischemia,hsa-miR-4456,0.22142080962657928
Epilepsy and Generalized,hsa-miR-4456,0.22141079604625702
Carcinoma,hsa-mir-8080,0.22140897810459137
cervical squamous cell carcinoma,hsa-miR-4456,0.22139720618724823
Implantation Failure,hsa-mir-873,0.22139586508274078
Mesothelioma,hsa-miR-4456,0.22138987481594086
bladder carcinoma,hsa-mir-873,0.2213759869337082
Diabetes Complications,hsa-mir-8080,0.2213723510503769
Cataract and Congenital Zonular and with Sutural Opacities,hsa-mir-8080,0.2213694006204605
Congenital Abnormalities,mmu-miR-743a,0.22136251628398895
Primary Myelofibrosis,hsa-miR-4456,0.2213621884584427
autosomal recessive congenital bilateral absence of vas deferens,hsa-miR-4456,0.2213515192270279
Chromosome Aberrations,hsa-miR-4456,0.22134236991405487
Ventricular Dysfunction and Right,hsa-mir-873,0.2213423103094101
Lymphohistiocytosis and Hemophagocytic,mmu-miR-707,0.22133977711200714
Pregnancy and Ectopic,hsa-mir-8080,0.22133053839206696
Chronic  Kidney Disease,hsa-miR-4456,0.22131915390491486
 Lymph  Node Metastasis,hsa-miR-296-3p,0.22130469977855682
Bronchiolitis Obliterans Syndrome,mmu-miR-743a,0.22130243480205536
Grave Disease,mmu-miR-743a,0.22129665315151215
Hereditary Autoinflammatory Diseases,hsa-miR-3689b-3p,0.22127477824687958
Pregnancy and Ectopic,mmu-miR-743a,0.22126753628253937
Equine Infectious Anemia,hsa-miR-3689b-3p,0.2212647944688797
Granulomatous Disease and Chronic,mmu-miR-707,0.2212594896554947
Neoplasms and Mesothelial,mmu-miR-707,0.2212405651807785
Neointimal Hyperplasia,hsa-miR-4456,0.2212371975183487
colorectal adenocarcinoma,hsa-mir-873,0.2212362438440323
Nervous System Neoplasms,hsa-miR-4459,0.2212100476026535
Rheumatic Fever,hsa-mir-8080,0.221204474568367
Renal Interstitial Fibrosis,hsa-mir-8080,0.22119934856891632
Parkinson Disease and Secondary,hsa-mir-873,0.22119756042957306
Eye Infections and Fungal,hsa-miR-3689b-3p,0.22118763625621796
hypotrichosis 8,mmu-miR-743a,0.2211810201406479
Reperfusion Injury and Renal Ischemia,hsa-mir-873,0.22117681801319122
Choledocholithiasis,mmu-miR-743a,0.22115840017795563
Labyrinth Diseases,hsa-mir-873,0.22115446627140045
Elephantiasis,hsa-miR-450a-5p,0.22114600241184235
Fatty Liver and Alcoholic,hsa-miR-4444,0.22114510834217072
Intra-Articular Fractures,hsa-miR-102,0.22114305198192596
Rheumatic Fever,mmu-miR-743a,0.2211415022611618
Diabetic Ischemia Complication,hsa-mir-8080,0.22113530337810516
Sepsis-Associated Encephalopathy,mmu-miR-743a,0.22111119329929352
Testicular Neoplasms,hsa-miR-199a*-1,0.2210865169763565
Frontotemporal Lobar Degeneration,mmu-miR-743a,0.22108004987239838
Nervous System Diseases,hsa-miR-4443,0.22107361257076263
Myopathies and Structural and Congenital,mmu-miR-743a,0.22105394303798676
Reperfusion Injury and Cerebral Ischemia,hsa-mir-8080,0.22103671729564667
Lymphoma and T-Cell,hsa-miR-4437,0.2210308164358139
Chondrocyte Hypertrophy,mmu-miR-743a,0.2210303097963333
Fused Teeth,mmu-miR-743a,0.22102437913417816
Mesothelioma,hsa-mir-8080,0.22102399170398712
Plant Poisoning,mmu-miR-743a,0.2210170477628708
Hyphema,hsa-let-7a*,0.22101466357707977
Parvoviridae Infections,hsa-miR-4325,0.2210068255662918
Neoplasms and Plasma Cell,hsa-mir-8080,0.22099526226520538
Charcot-Marie-Tooth disease type 1B,mmu-miR-743a,0.22099213302135468
Digestive System Neoplasms,hsa-mir-8080,0.22099055349826813
Reperfusion Injury and Cerebral Ischemia,mmu-miR-743a,0.22097371518611908
Heat Stroke,hsa-miR-4459,0.2209726721048355
Neurodevelopmental Injuries,mmu-miR-743a,0.2209668606519699
Craniosynostoses,hsa-mir-8080,0.22096537053585052
Corneal dystrophy and epithelial basement membrane,hsa-mir-8080,0.22095273435115814
Keratitis,hsa-miR-4443,0.2209450751543045
Primary Myelofibrosis,mmu-miR-743a,0.22093330323696136
Esophageal Neoplasms,hsa-mir-873,0.22093279659748077
Repolarization Abnormality,hsa-mir-8080,0.22092898190021515
Digestive System Neoplasms,mmu-miR-743a,0.22092752158641815
Arrhythmogenic Right Ventricular Dysplasia,hsa-mir-873,0.22092531621456146
chikungunya,hsa-mir-873,0.22090710699558258
Brugada Syndrome,hsa-miR-199a*-1,0.22089873254299164
Encephalocele,hsa-mir-873,0.220896914601326
Hepatitis and Alcoholic,mmu-miR-743a,0.2208956927061081
high grade glioma,hsa-mir-873,0.22088365256786346
Abnormalities and Drug-Induced,hsa-mir-873,0.22087697684764862
Angioedemas and Hereditary,hsa-miR-199a*-1,0.22087223827838898
Neointimal Hyperplasia,hsa-mir-8080,0.2208711951971054
Pyelonephritis,hsa-mir-873,0.22087009251117706
Hypothermia,hsa-mir-873,0.22086964547634125
Aspermia,hsa-mir-8080,0.22086893022060394
Familial encephalopathy with neuroserpin inclusion bodies,hsa-miR-4456,0.22086580097675323
Radiation-Induced Oral Mucositis,hsa-miR-216,0.2208528071641922
Chromosome Duplication,hsa-miR-4437,0.2208525687456131
endometriosis in scar of skin,mmu-miR-743a,0.22082124650478363
Wallerian Degeneration,hsa-miR-4444,0.22080884873867035
Neointimal Hyperplasia,mmu-miR-743a,0.22080819308757782
Aspermia,mmu-miR-743a,0.22080592811107635
Endothelial Barrier Dysfunction,hsa-miR-4443,0.22080375254154205
Neuromuscular Junction Diseases,mmu-miR-743a,0.22075460851192474
Sucrase-isomaltase deficiency and congenital,hsa-mir-8080,0.22073166072368622
Chronic  Rhinosinusitis With Nasal Polyps,hsa-miR-199a*-1,0.22072692215442657
Huntington Disease,hsa-miR-4443,0.22072596848011017
Eye Diseases,rno-miR-30b-3p,0.22071878612041473
Nevi and Melanomas,hsa-miR-199a*-1,0.220713272690773
Periodontitis and Diabetic,hsa-miR-199a*-1,0.22069062292575836
Congenital Abnormalities,hsa-miR-4443,0.22067873179912567
Nervous System Diseases,hsa-miR-4459,0.2206462174654007
Diabetes Complications,hsa-miR-4443,0.22062565386295319
Disseminated Intravascular Coagulation,hsa-miR-4443,0.22060541808605194
Rheumatic Fever,hsa-miR-4443,0.22045771777629852
Renal Interstitial Fibrosis,hsa-miR-4443,0.22045259177684784
Polyposis Syndrome and Hereditary Mixed and 1,hsa-miR-181b-2,0.22045175731182098
Gastric Antral Vascular Ectasia,hsa-miR-3591-5p,0.2204384058713913
Rhabdomyosarcoma,hsa-miR-4443,0.2204378992319107
Aortopathies,hsa-miR-450a-5p,0.22043387591838837
Ataxia Telangiectasia,hsa-mir-8080,0.22034485638141632
Brugada Syndrome,hsa-miR-181b-2,0.22033675014972687
Fluoride Poisoning,hsa-miR-1244,0.22033436596393585
Chilblain lupus,hsa-miR-4443,0.22033263742923737
Wilms Tumor,hsa-miR-4443,0.22032858431339264
Spinal Curvatures,hsa-miR-4443,0.2203277200460434
Dilated Cardiomyopathy ,hsa-miR-365b-5p,0.22032283246517181
Lipoma,hsa-miR-4443,0.22030620276927948
Teratocarcinoma and Ovarian,hsa-miR-181b-2,0.22029738128185272
Diminished  Ovarian Reserve,hsa-miR-3179,0.22028695046901703
Prostatic Diseases,hsa-miR-4443,0.22028489410877228
cervical squamous cell carcinoma,hsa-miR-4443,0.22028444707393646
Posterior Segment Ocular Diseases,hsa-miR-181b-2,0.2202797681093216
Pancreatic Intraductal Neoplasms,hsa-miR-4443,0.22025452554225922
Congenital Abnormalities,hsa-miR-4459,0.22025136649608612
Osteitis,hsa-miR-4443,0.22024758160114288
Plasmablastic Lymphoma,hsa-miR-4459,0.2202460914850235
Drug-Induced Kidney Injury,hsa-miR-4456,0.22023551166057587
Carcinoma,hsa-miR-4459,0.22023485600948334
AIDS-Related Complex,hsa-miR-4444,0.2202320247888565
Chromosome Aberrations,hsa-miR-4443,0.22022967040538788
Reperfusion Injury and Testicular Ischemia,hsa-miR-3179,0.22022639214992523
Epidural Abscess,hsa-miR-181b-2,0.22022531926631927
Chronic  Kidney Disease,hsa-miR-4443,0.22020642459392548
Mouth Diseases,hsa-miR-181b-2,0.22020266950130463
Diabetes Complications,hsa-miR-4459,0.22019825875759125
Intellectual Disability,hsa-miR-4443,0.22019316256046295
Osteoporosis and Diabetic,hsa-miR-4459,0.22018752992153168
Repolarization Abnormality,hsa-miR-4443,0.22018228471279144
Equine Infectious Anemia,hsa-miR-181b-2,0.22017444670200348
Myeloma Bone Disease,hsa-miR-3179,0.22016648948192596
Pregnancy and Ectopic,hsa-miR-4459,0.2201564460992813
Nevi and Melanomas,hsa-miR-3179,0.22013650834560394
Frontotemporal Dementia,hsa-miR-4443,0.22013001143932343
Epidural   Fibrosis,hsa-miR-4459,0.22012145817279816
Peritoneal Fibrosis,hsa-miR-4444,0.22010324895381927
Retroviridae Infections,hsa-mir-8080,0.22009532153606415
Acute Uterine Injury,rno-miR-30b-3p,0.22009511291980743
Neuromuscular Junction Diseases,hsa-miR-4443,0.22007091343402863
Non-ST Elevated Myocardial Infarction,hsa-miR-4444,0.2200671285390854
Chronic   Pelvic Pain Syndrome,hsa-miR-181b-2,0.22006560862064362
Fibrosis and Pancreas,hsa-mir-8061,0.2200513631105423
White Coat Hypertension,mmu-miR-708,0.2200450450181961
Blind Loop Syndrome,hsa-miR-3591-5p,0.22003646194934845
Retroviridae Infections,mmu-miR-743a,0.22003231942653656
Respiratory Sounds,hsa-miR-1284,0.2200288027524948
Agammaglobulinemia,mmu-miR-743a,0.22002871334552765
Rhabdomyosarcoma,hsa-miR-4459,0.22001053392887115
Progeria,rno-miR-30b-3p,0.22000841796398163
IMAGe syndrome,hsa-miR-1244,0.2199823409318924
Salivary Gland Neoplasms,hsa-miR-4459,0.2199733406305313
Squamous Intraepithelial Lesions of the Cervix,hsa-miR-4459,0.21997012197971344
Bursitis,hsa-miR-4444,0.2199615091085434
Maxillary Fractures,hsa-miR-1284,0.21995513141155243
Alcohol Withdrawal Syndrome,hsa-miR-4459,0.21994365751743317
Myopathies and Structural and Congenital,hsa-miR-4459,0.2199428528547287
Temporomandibular Joint Disorders,hsa-miR-4459,0.21992121636867523
proliferative diabetic retinopathy,hsa-miR-4443,0.2199162095785141
Fused Teeth,hsa-miR-4459,0.2199132889509201
Reperfusion Injury and Testicular Ischemia,hsa-miR-19a-3p,0.21990425884723663
Transposition of Great Vessels,hsa-mir-8080,0.21990229189395905
Spinal Curvatures,hsa-miR-4459,0.21990032494068146
Lattice corneal dystrophy type 1,hsa-miR-19a-3p,0.21988607943058014
Wound Infection,hsa-miR-19a-3p,0.21986691653728485
Reperfusion Injury and Cerebral Ischemia,hsa-miR-4459,0.21986262500286102
Humeral Fractures,hsa-miR-30d-3p,0.2198580950498581
Primary Myelofibrosis,hsa-miR-4459,0.21982215344905853
Kidney Cortex Necrosis,hsa-miR-30d-3p,0.21979568898677826
Craniosynostoses,hsa-miR-4459,0.2197912186384201
Pregnancy Complications and Infectious,hsa-miR-4459,0.2197696417570114
IMAGe syndrome,hsa-miR-30d-3p,0.2197653204202652
Precursor B-Cell Lymphoblastic Leukemia-Lymphoma,hsa-miR-4443,0.2197611778974533
Niemann-Pick Diseases,hsa-miR-30d-3p,0.21976099908351898
Familial encephalopathy with neuroserpin inclusion bodies,hsa-miR-4443,0.21975310146808624
Multiple Mitochondrial Dysfunctions Syndrome,hsa-miR-19a-3p,0.21973244845867157
Hyphema,hsa-miR-1284,0.21971122920513153
endometriosis in scar of skin,hsa-miR-4459,0.21971015632152557
Neointimal Hyperplasia,hsa-miR-4459,0.21969716250896454
Aspermia,hsa-miR-4459,0.2196948379278183
Chronic Urticaria,hsa-miR-4443,0.2196875661611557
Ophthalmoplegia and Chronic Progressive External,hsa-miR-130a-1,0.21966473758220673
Diminished  Ovarian Reserve,hsa-let-7f-2*,0.21966053545475006
Ataxia Telangiectasia,hsa-miR-4443,0.21959815919399261
Equine Infectious Anemia,hsa-let-7f-2*,0.21953339874744415
Transmissible Gastroenteritis,hsa-let-7e*,0.21953333914279938
Acute Uterine Injury,hsa-miR-4456,0.21950416266918182
Testicular Neoplasms,hsa-miR-1256,0.21949435770511627
Tricuspid Valve Insufficiency,hsa-let-7e*,0.21948568522930145
Marek Disease,hsa-miR-450a-5p,0.21945832669734955
Hyperglycinemia and Nonketotic,hsa-miR-450a-5p,0.21944980323314667
Buschke-Ollendorff syndrome,hsa-miR-021,0.2194494754076004
Equine Infectious Anemia,hsa-let-7e*,0.2194456309080124
Polyposis Syndrome and Hereditary Mixed and 1,hsa-miR-1256,0.21942172944545746
Severe Fever with Thrombocytopenia Syndrome,hsa-miR-450a-5p,0.21941499412059784
Postoperative Cognitive Complications,hsa-miR-450a-5p,0.21941255033016205
Retroviridae Infections,hsa-miR-4443,0.21934856474399567
Familial encephalopathy with neuroserpin inclusion bodies,hsa-miR-4459,0.21932576596736908
Dilated Cardiomyopathy ,hsa-miR-3591-5p,0.21931098401546478
Anemia and sideroblastic spinocerebellar ataxia,hsa-miR-4444,0.21929164230823517
Chronic Urticaria,hsa-miR-4459,0.21926023066043854
IMAGe syndrome,hsa-miR-329-3p,0.21923910081386566
Reperfusion Injury and Testicular Ischemia,hsa-miR-1256,0.21921105682849884
Carcinoma and Adenoid Cystic and Lacrimal Gland,hsa-miR-329-3p,0.21920059621334076
Phyllodes Tumor and Breast,hsa-miR-1256,0.2191893607378006
Scleral Diseases,hsa-miR-212,0.21917812526226044
Premature Birth,hsa-miR-4456,0.21917380392551422
Ataxia Telangiectasia,hsa-miR-4459,0.21917082369327545
Nervous System Neoplasms,mmu-miR-708,0.21916355192661285
Panic Disorder,hsa-miR-1256,0.2191634327173233
hypomelanosis of Ito,hsa-miR-4443,0.21916340291500092
Transposition of Great Vessels,hsa-miR-4443,0.21915556490421295
Branchio-Oto-Renal Syndrome,hsa-miR-4443,0.21913693845272064
Tibial Neuropathy,hsa-miR-1256,0.21913693845272064
Heat Stroke,mmu-miR-700-5p,0.2191041260957718
Acute Uterine Injury,mmu-miR-743a,0.21907521784305573
Granulomatous Disease and Chronic,hsa-miR-1256,0.21905384957790375
Pneumothorax,hsa-miR-30d-3p,0.21904180943965912
Anorexia Nervosa,hsa-miR-4459,0.21901853382587433
Iridocorneal Endothelial Syndrome,hsa-miR-1257,0.2190164476633072
Pulmonary Hypertension and Thromboembolic and Chronic,mmu-miR-743a,0.21901600062847137
Eye Diseases,hsa-miR-4443,0.21901525557041168
Mesangial sclerosis and diffuse,hsa-miR-4456,0.21900637447834015
Rhabdoviridae Infections,hsa-miR-212,0.21900127828121185
Nevus and Halo,mmu-miR-708,0.21897979080677032
Gastric Antral Vascular Ectasia,hsa-miR-154,0.21893520653247833
Heat Stroke,mmu-miR-708,0.21892620623111725
Reperfusion Injury and Testicular Ischemia,hsa-miR-212,0.21891622245311737
 Lymph  Node Metastasis,hsa-miR-17-92,0.21886713802814484
Gastric Antral Vascular Ectasia,hsa-let-7a*,0.21885989606380463
Aortopathies,hsa-miR-4444,0.21884389221668243
Acute Disease,hsa-miR-4444,0.21883894503116608
Premature Birth,hsa-mir-8080,0.2188078612089157
Nervous System Diseases,mmu-miR-700-5p,0.21877767145633698
Glucocorticoid Receptor Deficiency,mmu-miR-743a,0.2187625616788864
Neuralgia and Postherpetic,hsa-miR-30d-3p,0.2187412828207016
Thyroiditis,hsa-miR-4459,0.21873019635677338
Intrahepatic Cholestasis of Pregnancy,hsa-miR-450a-5p,0.21872179210186005
Fatty Liver and Alcoholic,rno-miR-30b-3p,0.21870170533657074
Mesangial sclerosis and diffuse,hsa-mir-8080,0.21864040195941925
Axenfeld-Rieger syndrome,hsa-miR-450a-5p,0.21862612664699554
Stress Disorders and Traumatic and Acute,hsa-miR-450a-5p,0.2186136394739151
Nervous System Diseases,mmu-miR-708,0.21859975159168243
Mesangial sclerosis and diffuse,mmu-miR-743a,0.2185773402452469
Basal Ganglia Hemorrhage,hsa-miR-450a-5p,0.21854157745838165
Neutropenia,hsa-miR-199a*,0.21849344670772552
Huntington Disease,mmu-miR-700-5p,0.2184300273656845
hearing loss,hsa-miR-450a-5p,0.21842561662197113
Skin Ulcer,hsa-miR-335-3p,0.21842022240161896
White Coat Hypertension,hsa-miR-4494,0.21839605271816254
Nevi and Melanomas,hsa-miR-199a*,0.2183913141489029
Intra-Articular Fractures,hsa-miR-425-5p,0.21836943924427032
Carcinoma,mmu-miR-700-5p,0.21836628019809723
Adrenocortical Adenoma,hsa-miR-1301-3p,0.218355193734169
Osteoporosis and Diabetic,mmu-miR-700-5p,0.21831892430782318
Hirschsprung-Associated Enterocolitis,mmu-miR-700-5p,0.21831218898296356
Osteochondrodysplasias,mmu-miR-700-5p,0.21830646693706512
Intermittent Claudication,hcmv-miR-UL59,0.21828033030033112
Enterovirus A Infection,mmu-miR-743a,0.2182648628950119
Femoral Neck Fractures,hsa-miR-450a-5p,0.2182604819536209
Epidural   Fibrosis,mmu-miR-700-5p,0.21825279295444489
Tooth and Supernumerary,hsa-miR-450a-5p,0.2182420939207077
Aortic Valve Disease,mmu-miR-708,0.21823890507221222
 Lymph  Node Metastasis,hsa-miR-30c-2,0.21822132170200348
Lung Abscess,mmu-miR-708,0.2182130068540573
hypotrichosis 8,mmu-miR-700-5p,0.21820129454135895
Food Hypersensitivity,hsa-miR-1284,0.21817822754383087
Neointima,hsa-miR-193b,0.21817068755626678
Retinal Vein Occlusion,mmu-miR-708,0.21815134584903717
Cataract and Congenital Zonular and with Sutural Opacities,mmu-miR-708,0.21814878284931183
Cardiac Dysfunction,mmu-miR-700-5p,0.2181439846754074
Osteoporosis and Diabetic,mmu-miR-708,0.21814100444316864
Neurobehavioral Manifestations,hsa-miR-4444,0.2181404083967209
Hirschsprung-Associated Enterocolitis,mmu-miR-708,0.2181342989206314
Osteochondrodysplasias,mmu-miR-708,0.21812857687473297
Camptocormia,mmu-miR-708,0.21812205016613007
Hypocapnia,hsa-miR-193b,0.21812187135219574
Carcinoma and Squamous Cell and Skin,mmu-miR-708,0.2181214839220047
Epilepsies and Partial,hsa-miR-4456,0.21812130510807037
Pregnancy and Ectopic,mmu-miR-708,0.21810998022556305
Kidney Cortex Necrosis,hsa-miR-4441,0.21809570491313934
Alcohol Withdrawal Syndrome,mmu-miR-700-5p,0.21807508170604706
Epidural   Fibrosis,mmu-miR-708,0.21807490289211273
Developmental Dysplasia of the Hip,mmu-miR-700-5p,0.2180718630552292
Diabetic Angiopathies,mmu-miR-700-5p,0.2180669754743576
Premature Birth,hsa-miR-4443,0.21806113421916962
Severe Acute Respiratory Syndrome,hsa-mir-8080,0.21805308759212494
Panniculitis and Peritoneal,mmu-miR-700-5p,0.21804799139499664
Fused Teeth,mmu-miR-700-5p,0.2180446833372116
Leukemia and Myeloid and Acute and T-Cell,mmu-miR-700-5p,0.2180408388376236
Otitis Media,mmu-miR-700-5p,0.21802903711795807
Charcot-Marie-Tooth disease type 1B,mmu-miR-700-5p,0.21801252663135529
Disease Progression,hsa-miR-4459,0.21801136434078217
Systemic Inflammatory Response Syndrome,hsa-miR-450a-5p,0.2180086225271225
Miliaria,mmu-miR-700-5p,0.21800313889980316
Choledocholithiasis,mmu-miR-708,0.21800072491168976
Neurodevelopmental Injuries,mmu-miR-700-5p,0.2179873138666153
Rheumatic Fever,mmu-miR-708,0.2179839164018631
Coxsackievirus Infections,mmu-miR-700-5p,0.21797610819339752
Brain Diseases,mmu-miR-700-5p,0.21796752512454987
Cardiac Dysfunction,mmu-miR-708,0.21796615421772003
Primary Myelofibrosis,mmu-miR-700-5p,0.2179536074399948
Sepsis-Associated Encephalopathy,mmu-miR-708,0.21795357763767242
autosomal recessive congenital bilateral absence of vas deferens,mmu-miR-700-5p,0.21794290840625763
Placenta Accreta,hsa-miR-450a-5p,0.21792645752429962
Mycobacterium Infections,hsa-miR-450a-5p,0.2179250866174698
Squamous Intraepithelial Lesions of the Cervix,mmu-miR-708,0.2179235965013504
Craniosynostoses,mmu-miR-700-5p,0.217922642827034
Frontotemporal Lobar Degeneration,mmu-miR-708,0.2179224044084549
Encephalocraniocutaneous lipomatosis,mmu-miR-700-5p,0.21792109310626984
Parvoviridae Infections,hsa-miR-3653-5p,0.21791516244411469
Diabetic Ischemia Complication,mmu-miR-708,0.21791468560695648
Dermatitis Herpetiformis,mmu-miR-700-5p,0.2179137021303177
Ehlers-Danlos Syndrome and musculocontractural type 1,hsa-miR-4459,0.2179037183523178
Mesangial sclerosis and diffuse,hsa-miR-4443,0.21789364516735077
Hashimoto Disease,hsa-miR-450a-5p,0.21789045631885529
Jequier Kozlowski skeletal dysplasia,hsa-miR-450a-5p,0.21786467730998993
Lipid Metabolism Disorders,hsa-miR-4444,0.21786095201969147
Plant Poisoning,mmu-miR-708,0.2178594321012497
endometriosis in scar of skin,mmu-miR-700-5p,0.21784155070781708
Frontotemporal Dementia,mmu-miR-700-5p,0.21783407032489777
Lipoma,mmu-miR-708,0.2178322821855545
Acute Disease,hsa-mir-8061,0.21783040463924408
Neointimal Hyperplasia,mmu-miR-700-5p,0.21782849729061127
Mandibular Diseases,hsa-miR-450a-5p,0.2178155928850174
Infectious pancreatic necrosis virus,hsa-miR-450a-5p,0.2178107649087906
Cerebral Hemorrhage and Traumatic,hsa-mir-8080,0.21780841052532196
Primary Aldosteronism ,hsa-miR-450a-5p,0.21780343353748322
Mesothelioma,mmu-miR-708,0.21780337393283844
Dilated Cardiomyopathy ,hsa-miR-3132,0.21780331432819366
Coxsackievirus Infections,mmu-miR-708,0.21779818832874298
Renal Insufficiency,mmu-miR-708,0.21778987348079681
Scleroderma and Diffuse,mmu-miR-708,0.21778623759746552
Primary Myelofibrosis,mmu-miR-708,0.21777568757534027
Digestive System Neoplasms,mmu-miR-708,0.21776993572711945
autosomal recessive congenital bilateral absence of vas deferens,mmu-miR-708,0.21776501834392548
Epilepsies and Partial,hsa-mir-8080,0.21775533258914948
Hypothyroidism,hsa-miR-450a-5p,0.21775086224079132
Neuromyelitis Optica,hsa-miR-4456,0.21774794161319733
Cholecystolithiasis,hsa-mir-8069,0.21774090826511383
Familial Multiple Coagulation Factor Deficiency I,mmu-miR-708,0.21773584187030792
Neurotoxicity Syndromes,hsa-miR-4456,0.21772252023220062
Fatty Liver and Alcoholic,mmu-miR-743a,0.21768184006214142
Dementia and Vascular,hsa-miR-4444,0.217668816447258
endometriosis in scar of skin,mmu-miR-708,0.2176636904478073
Peritoneal Fibrosis,rno-miR-30b-3p,0.21765990555286407
Frontotemporal Dementia,mmu-miR-708,0.21765615046024323
Histiocytosis,hsa-miR-4459,0.21764998137950897
Mycoplasma pneumoniae pneumonia,hsa-miR-4482-5p,0.21763961017131805
Premature Birth,hsa-miR-4459,0.2176336795091629
Shock and Cardiogenic,mmu-miR-743a,0.21760191023349762
Neuromuscular Junction Diseases,mmu-miR-708,0.21759705245494843
Enterovirus A Infection,hsa-miR-4443,0.21758122742176056
Cataract and posterior polar and 3,hsa-miR-4482-5p,0.2175797075033188
hypotrichosis 8,hsa-mir-8069,0.21757225692272186
Hyperoxia,hsa-miR-4444,0.21755309402942657
Hyphema,hsa-miR-021,0.21752925217151642
Mood Disorders,mmu-miR-708,0.21752454340457916
Leukopenia,hsa-miR-30c-2,0.21752206981182098
Nervous System Neoplasms,hsa-miR-4494,0.21751455962657928
Mixed Connective Tissue Disease,mmu-miR-700-5p,0.21750570833683014
Amebiasis,hsa-miR-190,0.2175009697675705
Mesangial sclerosis and diffuse,hsa-miR-4459,0.2174663096666336
Dilated Cardiomyopathy ,hsa-miR-378d,0.21743811666965485
Panniculitis and Peritoneal,hsa-mir-8069,0.21741892397403717
Amebiasis,hsa-miR-181a-2-3p,0.2174004465341568
Otitis Media,hsa-mir-8069,0.2173999398946762
Human T-Cell Leukemia Virus Type 1 Infections,hsa-miR-190,0.21739648282527924
Myocardial Ischemia,hsa-mir-8069,0.21738313138484955
Neuromyelitis Optica,hsa-mir-8080,0.21738199889659882
Wallerian Degeneration,mmu-miR-743a,0.21734561026096344
Asthma ,hsa-mir-8061,0.217336043715477
Nevus and Halo,hsa-miR-4494,0.21733079850673676
Pancreatic Intraductal Neoplasms,hsa-mir-8069,0.21732951700687408
Neuromyelitis Optica,mmu-miR-743a,0.21731899678707123
autosomal recessive congenital bilateral absence of vas deferens,hsa-mir-8069,0.21731390058994293
Chromosome Aberrations,hsa-mir-8069,0.21730466187000275
Angioedemas and Hereditary,hsa-miR-190,0.21730266511440277
Encephalocraniocutaneous lipomatosis,hsa-mir-8069,0.21729199588298798
Familial Multiple Coagulation Factor Deficiency I,hsa-mir-8069,0.21728472411632538
Corneal dystrophy and epithelial basement membrane,hsa-mir-8069,0.21728099882602692
Optic Neuritis,hsa-mir-8080,0.21727581322193146
Metabolic  Syndrome,hsa-miR-4444,0.21727417409420013
Toxoplasmosis and Cerebral,hsa-mir-8080,0.2172664850950241
Autolysis,hsa-miR-4444,0.21725867688655853
Reperfusion Injury and Testicular Ischemia,hsa-miR-190,0.21723361313343048
Scleral Diseases,hsa-miR-224,0.2172335535287857
Splenic Neoplasms,hsa-miR-4280,0.21723239123821259
Uterine Neoplasms,hsa-miR-4459,0.21722973883152008
Tendinopathy,hsa-miR-4459,0.2171638160943985
Enterovirus A Infection,hsa-miR-4459,0.21715380251407623
Tachycardia and Sinus,hsa-miR-19a-5p,0.21715126931667328
Chemical and Drug Induced Liver Injury and Chronic,hsa-miR-4444,0.2171272188425064
Inflammation and Chronic,hsa-miR-181a-2-3p,0.21708251535892487
Mood Disorders,hsa-mir-8069,0.217073455452919
Diabetic Wound,hsa-miR-19a-5p,0.21706701815128326
Pathologic Processes,hsa-mir-8080,0.21706412732601166
Cerebral Hemorrhage and Traumatic,hsa-miR-4443,0.21706165373325348
Tibial Neuropathy,hsa-miR-181a-2-3p,0.2170589417219162
Periodontitis and Diabetic,hsa-miR-4280,0.2170017510652542
Juvenile gout,hsa-miR-1910,0.2169976383447647
Neuroinflammatory Diseases,hsa-miR-4459,0.21696718037128448
Humeral Fractures,hsa-miR-19a-5p,0.2169576734304428
Nervous System Diseases,hsa-miR-4494,0.21695081889629364
facioscapulohumeral muscular dystrophy 1,hsa-miR-1910,0.21692855656147003
Bursitis,hsa-miR-4456,0.21692727506160736
Rhabdoviridae Infections,hsa-miR-1910,0.2169145792722702
Fibrosis and Pancreas,hsa-miR-4443,0.21691285073757172
Agammaglobulinemia,mmu-miR-708,0.21687106788158417
Gastric Antral Vascular Ectasia,hsa-miR-200a-3p,0.21686218678951263
Myotonic Dystrophy,hsa-miR-224,0.21685923635959625
Congenital amegakaryocytic thrombocytopenia,hsa-miR-1284,0.21679259836673737
Scleral Diseases,hsa-miR-4268,0.21677924692630768
Spinal Cord Compression,hsa-miR-1273g-5p,0.2167770117521286
AIDS-Related Complex,mmu-miR-743a,0.21676872670650482
Equine Infectious Anemia,hsa-miR-1910,0.21676291525363922
Cardiomyopathy and Alcoholic,hsa-miR-4444,0.21672199666500092
Myotonic Dystrophy,hsa-miR-1910,0.2167171686887741
Peritoneal Fibrosis,hsa-mir-8080,0.2167028933763504
UV-Sensitive Syndrome,hsa-miR-1910,0.21669648587703705
Thyroiditis,mmu-miR-708,0.21668373048305511
Substance-Related Disorders,hsa-miR-4444,0.21667660772800446
Ataxia Telangiectasia,hsa-mir-8069,0.21667315065860748
Femoral Neck Fractures,hsa-miR-4444,0.2166704386472702
Intermittent Claudication,hsa-miR-2392,0.21664012968540192
Peritoneal Fibrosis,mmu-miR-743a,0.2166399210691452
bladder carcinoma,hsa-miR-4444,0.21662746369838715
Liposarcoma,hsa-miR-4444,0.2166234403848648
Phyllodes Tumor and Breast,hsa-miR-1273g-5p,0.21661101281642914
Epilepsies and Partial,hsa-miR-4459,0.21658124029636383
Spherocytosis and Hereditary,hsa-miR-4456,0.2165590077638626
congenital myopathy 1A,hsa-miR-30d-3p,0.2165364772081375
Parvoviridae Infections,hsa-miR-3125,0.21652717888355255
Amebiasis,hsa-miR-223-3p,0.21651045978069305
 Lymph  Node Metastasis,hsa-miR-376b-3p,0.2165045589208603
Diabetes Complications,hsa-miR-4494,0.21650288999080658
Cataract and Congenital Zonular and with Sutural Opacities,hsa-miR-4494,0.21649985015392303
Lattice corneal dystrophy type 1,hsa-miR-4268,0.21649925410747528
Osteoporosis and Diabetic,hsa-miR-4494,0.21649207174777985
Rh-Negative Hemolytic Disease and Fetus,hsa-miR-4494,0.21648867428302765
Fibrosis and Pancreas,hsa-miR-4459,0.21648548543453217
Respiration Disorders,hsa-miR-4494,0.21647797524929047
White Coat Hypertension,hsa-miR-4482,0.21647651493549347
Camptocormia,hsa-miR-4494,0.2164730578660965
Myeloma Bone Disease,hsa-miR-4268,0.21645747125148773
Polyposis Syndrome and Hereditary Mixed and 1,hsa-miR-223-3p,0.21645371615886688
Heart Failure and Diastolic,hsa-miR-1284,0.21644462645053864
Ehlers-Danlos Syndrome and musculocontractural type 1,hsa-mir-8079,0.21644093096256256
White Coat Hypertension,hsa-miR-4439,0.21643756330013275
Reperfusion Injury and Renal Ischemia,hsa-miR-4444,0.21642832458019257
Epidural   Fibrosis,hsa-miR-4494,0.21642597019672394
Retroviridae Infections,hsa-mir-8069,0.21642355620861053
Substance Withdrawal Syndrome,mmu-miR-743a,0.21641717851161957
Tachycardia,hsa-miR-4482,0.21636725962162018
Brain Edema,hsa-miR-129-5p,0.2163412719964981
Placenta Accreta,hsa-miR-4444,0.21633650362491608
Rheumatic Fever,hsa-miR-4494,0.2163349837064743
Pathologic Processes,hsa-miR-4443,0.21631737053394318
Rhabdomyosarcoma,hsa-miR-4494,0.2163151055574417
Angioedemas and Hereditary,hsa-miR-223-3p,0.21631203591823578
Germ Cell Tumor and Non-Teratomatous,hsa-miR-4444,0.2163001149892807
Jequier Kozlowski skeletal dysplasia,hsa-miR-4444,0.21627475321292877
Squamous Intraepithelial Lesions of the Cervix,hsa-miR-4494,0.2162746638059616
Frontotemporal Lobar Degeneration,hsa-miR-4494,0.2162734717130661
Costello Syndrome,hsa-mir-8061,0.21626989543437958
Splenic Neoplasms,hsa-miR-3620-5p,0.21626032888889313
Ophthalmoplegia and Chronic Progressive External,hsa-miR-1244,0.21625615656375885
IgA Vasculitis,hsa-mir-7844,0.2162495106458664
Alcohol Withdrawal Syndrome,hsa-miR-4494,0.21624822914600372
familial chylomicronemia syndrome,hsa-miR-4444,0.21624784171581268
Myotonic Dystrophy,hsa-miR-129-5p,0.21623332798480988
Mandibular Diseases,hsa-miR-4444,0.21622563898563385
hereditary fructose intolerance syndrome,hsa-miR-4444,0.21622131764888763
Panniculitis and Peritoneal,hsa-miR-4494,0.21622122824192047
Primary Aldosteronism ,hsa-miR-4444,0.2162133902311325
Angioedemas and Hereditary,hsa-miR-3620-5p,0.21621115505695343
Chilblain lupus,hsa-miR-4494,0.2162097543478012
Diffuse Alveolar Hemorrhage and Autoimmune-Mediated,hsa-miR-4444,0.2162066549062729
Cystadenocarcinoma and Serous and Ovarian,hsa-miR-4444,0.21619783341884613
Premenstrual Syndrome,hsa-miR-4444,0.21618784964084625
Lipoma,hsa-miR-4494,0.21618328988552094
Epilepsy and Generalized,hsa-miR-4494,0.2161753624677658
Chronic  Rhinosinusitis With Nasal Polyps,hsa-miR-223-3p,0.21616683900356293
Root Resorption,rno-miR-326,0.21616514027118683
Fractures and Bone,hsa-miR-4444,0.2161622792482376
Coxsackievirus Infections,hsa-miR-4494,0.2161492556333542
Reperfusion Injury and Testicular Ischemia,hsa-miR-3620-5p,0.21614225208759308
Myopia and Degenerative,hsa-miR-4456,0.21614180505275726
Renal Insufficiency,hsa-miR-4494,0.21614088118076324
Lymphangioleiomyomatosis,hsa-miR-4444,0.21614079177379608
Adrenocortical Adenoma,hsa-miR-34a-3p,0.21613629162311554
Amebiasis,hsa-miR-154-5p,0.21610240638256073
Optic Neuritis,hsa-miR-4459,0.21610166132450104
Gastric Cancer and Early,hsa-mir-8061,0.21610035002231598
Asthenozoospermia,hsa-miR-4494,0.21609075367450714
Dysentery and Bacillary,hsa-miR-34a-3p,0.2160864621400833
Chronic  Kidney Disease,hsa-miR-4494,0.21608363091945648
Intellectual Disability,hsa-miR-4494,0.21607036888599396
Astrocytoma,hsa-miR-4443,0.2160637229681015
Ovarian Failure and Premature ,hsa-miR-4459,0.216017946600914
Li-Fraumeni Syndrome,mmu-miR-743a,0.2160157412290573
Neointimal Hyperplasia,hsa-miR-4494,0.2160017043352127
Multiple Mitochondrial Dysfunctions Syndrome,hsa-miR-3620-5p,0.21597032248973846
Diminished  Ovarian Reserve,hsa-miR-34a-3p,0.21596433222293854
Brugada Syndrome,hsa-miR-4419b,0.21594630181789398
Lung Abscess,hsa-miR-4437,0.21594072878360748
Plasmablastic Lymphoma,hsa-miR-4437,0.21592743694782257
Cholecystolithiasis,hsa-miR-4437,0.21591980755329132
Spinal Cord Ischemia,hsa-miR-4437,0.21589265763759613
Osteoporosis and Diabetic,hsa-miR-4437,0.21586884558200836
Neutropenia,hsa-miR-4419b,0.21586300432682037
Osteochondrodysplasias,hsa-miR-4437,0.21585626900196075
Brugada Syndrome,hsa-miR-193b*,0.21585358679294586
Camptocormia,hsa-miR-4437,0.215849831700325
Myeloma Bone Disease,hsa-miR-34a-3p,0.21584393084049225
Pregnancy and Ectopic,hsa-miR-4437,0.215837761759758
Splenic Neoplasms,hsa-miR-183-5p,0.2158290296792984
Parvoviridae Infections,hsa-miR-329-3p,0.2158273309469223
Rheumatic Heart Disease,hsa-miR-4443,0.21580590307712555
Leukopenia,hsa-miR-376b-3p,0.21580533683300018
Hyperphagia,hsa-mir-8061,0.21580077707767487
proliferative diabetic retinopathy,hsa-miR-4494,0.2157934457063675
Myotonic Dystrophy,hsa-miR-34a-3p,0.21579144895076752
Histiocytosis,mmu-miR-700-5p,0.21578137576580048
Myopia and Degenerative,hsa-mir-8080,0.21577586233615875
Primary Gastrointestinal Diffuse Large B-Cell Lymphoma ,hsa-miR-193b*,0.21577011048793793
hypotrichosis 8,hsa-miR-4437,0.21575115621089935
Fluoride Poisoning,hsa-miR-290,0.2157340794801712
Maxillary Sinus Neoplasms,hsa-miR-193b*,0.21572844684123993
Rheumatic Fever,hsa-miR-4437,0.21571163833141327
Sepsis-Associated Encephalopathy,hsa-miR-4437,0.21568141877651215
Myeloma Bone Disease,hsa-miR-183-5p,0.2156509906053543
Diabetic Ischemia Complication,hsa-miR-4437,0.21564246714115143
Familial encephalopathy with neuroserpin inclusion bodies,hsa-miR-4494,0.21563024818897247
Alcohol Withdrawal Syndrome,hsa-miR-4437,0.21562494337558746
Tachycardia and Sinus,hsa-miR-320b,0.21561802923679352
Macular dystrophy and corneal type 1,hsa-miR-4494,0.21560527384281158
Panniculitis and Peritoneal,hsa-miR-4437,0.2155979424715042
Leukemia and Myeloid and Acute and T-Cell,hsa-miR-4437,0.215590700507164
Hypocapnia,hsa-miR-216a-3p,0.21557055413722992
Nephrotic Syndrome,hsa-miR-4456,0.2155628651380539
Nervous System Neoplasms,hsa-miR-4439,0.2155560702085495
Brain Diseases,hsa-miR-4437,0.21551738679409027
Non-ST Elevated Myocardial Infarction,hsa-miR-4459,0.21549279987812042
Cryptococcosis,rno-miR-369-3p,0.21548323333263397
Nevus and Halo,hsa-miR-4482,0.2154112011194229
Elephantiasis,hsa-miR-4443,0.21540911495685577
Airway Obstruction,hsa-miR-320b,0.21538092195987701
Rheumatic Heart Disease,hsa-miR-4459,0.2153785675764084
Neointimal Hyperplasia,hsa-miR-4437,0.21537841856479645
Chorea,hsa-miR-3925,0.21536506712436676
Preterm Premature Rupture of the Membranes,rno-miR-30b-3p,0.2153596132993698
Heat Stroke,hsa-miR-4482,0.215357705950737
Inhalant Abuse,hsa-miR-4459,0.21533681452274323
Neuromuscular Junction Diseases,hsa-miR-4437,0.21532483398914337
Heat Stroke,hsa-miR-4439,0.21531878411769867
Tendinopathy,mmu-miR-700-5p,0.21529521048069
Phyllodes Tumor,hsa-miR-4456,0.21526508033275604
Ciliary Motility Disorders,hsa-miR-4456,0.21526263654232025
Retroviridae Infections,hsa-miR-4494,0.21522583067417145
Chlamydia Infections,hsa-mir-8061,0.21520759165287018
Uterine Neoplasms,mmu-miR-708,0.21518327295780182
Rhabdoid Tumor and Kidney,hsa-miR-1305,0.21516923606395721
Myeloma Bone Disease,hsa-miR-1305,0.21516485512256622
Lupus Vasculitis and Central Nervous System,hsa-miR-1305,0.2151515930891037
Cholesteatoma and Middle Ear,mmu-miR-700-5p,0.2151273638010025
Hyalinosis and Systemic,hsa-miR-4456,0.21512670814990997
high grade glioma,hsa-mir-8061,0.21512667834758759
Periodontitis and Diabetic,hsa-miR-1305,0.21511219441890717
Neuroinflammatory Diseases,mmu-miR-700-5p,0.21509860455989838
Maxillofacial Abnormalities,hsa-miR-4456,0.21509136259555817
Lentivirus Infections,hsa-miR-1305,0.2150784283876419
Granulomatous Disease and Chronic,hsa-miR-1305,0.2150675505399704
Urinary Calculi,hsa-miR-1305,0.21506251394748688
hypomelanosis of Ito,hsa-miR-4494,0.21504057943820953
Hypocapnia,hsa-miR-29c,0.21503563225269318
Thyroiditis,hsa-miR-4494,0.21503479778766632
Myopia and Degenerative,hsa-miR-4443,0.21502910554409027
 Lymph  Node Metastasis,hcmv-miR-UL59,0.21502240002155304
Maxillary Fractures,hsa-miR-30d-3p,0.21499453485012054
Teratoma,rno-miR-30b-3p,0.21497969329357147
Asthma ,hsa-mir-8080,0.21494437754154205
Neuroinflammatory Diseases,mmu-miR-708,0.21492068469524384
Li-Fraumeni Syndrome,hsa-miR-4459,0.21490465104579926
Keratitis,hsa-miR-4482,0.21490277349948883
Eye Diseases,hsa-miR-4494,0.21489252150058746
Angioedemas and Hereditary,hsa-miR-335*,0.2148846536874771
Angioedemas and Hereditary,hsa-let-7f-2-3p,0.21488459408283234
Keratitis,hsa-miR-4439,0.21486379206180573
Anemia and Aplastic,hsa-miR-4494,0.2148398905992508
Synovitis,mmu-miR-700-5p,0.21481673419475555
Reperfusion Injury and Testicular Ischemia,hsa-let-7f-2-3p,0.21481554210186005
Asthma and Chronic,hsa-let-7f-2-3p,0.21477021276950836
Preterm Premature Rupture of the Membranes,hsa-miR-4456,0.21476872265338898
Endothelial Barrier Dysfunction,hsa-miR-4482,0.2147613912820816
Hereditary Autoinflammatory Diseases,hsa-let-7f-2-3p,0.21475879848003387
Absent corpus callosum cataract immunodeficiency,hsa-let-7f-2-3p,0.2147378772497177
Endothelial Barrier Dysfunction,hsa-miR-4439,0.21472246944904327
Epilepsies and Partial,mmu-miR-700-5p,0.2147126942873001
Hyalinosis and Systemic,mmu-miR-743a,0.21469776332378387
Acute Disease,hsa-miR-4443,0.21469195187091827
Amebiasis,hsa-miR-196a*,0.2146802693605423
Neurobehavioral Manifestations,mmu-miR-743a,0.2146771103143692
Granulomatous Disease and Chronic,hsa-let-7f-2-3p,0.21465830504894257
Dementia and Vascular,hsa-miR-4456,0.21463458240032196
Plasmablastic Lymphoma,hsa-miR-4482,0.21463118493556976
Cholecystolithiasis,hsa-miR-4482,0.2146235555410385
Shock and Cardiogenic,mmu-miR-700-5p,0.21462227404117584
Actinic cheilitis,hsa-miR-4443,0.21462015807628632
Fibrosis and Pancreas,mmu-miR-700-5p,0.21461690962314606
Lung Abscess,hsa-miR-4439,0.21460552513599396
Retroviridae Infections,hsa-miR-4437,0.2146025449037552
Myopia and Degenerative,hsa-miR-4459,0.2146017700433731
Vasospasm and Intracranial,hsa-miR-4482,0.21460126340389252
Cerebral Hemorrhage and Traumatic,mmu-miR-708,0.21458785235881805
Cholecystolithiasis,hsa-miR-4439,0.21458466351032257
Cataract and Congenital Zonular and with Sutural Opacities,hsa-miR-4482,0.21458034217357635
Fibromyalgia,hsa-miR-4482,0.2145790308713913
Osteoporosis and Diabetic,hsa-miR-4482,0.21457256376743317
Grave Disease,hsa-miR-4482,0.21457059681415558
Retinal Vein Occlusion,hsa-miR-4439,0.21454386413097382
Pregnancy and Ectopic,hsa-miR-4482,0.2145414799451828
Fibromyalgia,hsa-miR-4439,0.21454010903835297
Inflammation-Related  Depression,hsa-miR-30d-3p,0.21453501284122467
Osteoporosis and Diabetic,hsa-miR-4439,0.21453358232975006
Rh-Negative Hemolytic Disease and Fetus,hsa-miR-4439,0.21453015506267548
Fatty Liver and Alcoholic,mmu-miR-708,0.2145243138074875
Hemorrhagic Fever With Renal Syndrome,hsa-miR-4482,0.21451427042484283
Epidural   Fibrosis,hsa-miR-4482,0.21450643241405487
Pregnancy and Ectopic,hsa-miR-4439,0.2145024985074997
Erythema,rno-miR-30b-3p,0.2145020216703415
 Lymph  Node Metastasis,hsa-miR-181a-1*,0.21446926891803741
Hyperglycinemia and Nonketotic,hsa-mir-8080,0.2144596129655838
Anhedonia,rno-miR-30b-3p,0.21445538103580475
Shock and Cardiogenic,mmu-miR-708,0.2144443839788437
Fibrosis and Pancreas,mmu-miR-708,0.2144390493631363
Airway Obstruction,hsa-miR-2053,0.21442709863185883
Severe Fever with Thrombocytopenia Syndrome,hsa-mir-8080,0.21442477405071259
Adrenoleukodystrophy,hsa-miR-4494,0.21442453563213348
Postoperative Cognitive Complications,hsa-mir-8080,0.2144223004579544
Renal Interstitial Fibrosis,hsa-miR-4482,0.21441029012203217
Marek Disease,mmu-miR-743a,0.21440504491329193
Smith-McCort Dysplasia,mmu-miR-743a,0.21440283954143524
Lymphoma and Follicular,hsa-miR-4443,0.2143918126821518
Tricuspid Valve Insufficiency,hsa-miR-196a*,0.21438635885715485
Sepsis-Associated Encephalopathy,hsa-miR-4482,0.21438510715961456
Wallerian Degeneration,mmu-miR-700-5p,0.2143659144639969
Hyperphagia,rno-miR-30b-3p,0.2143658548593521
Hypocapnia,hsa-miR-218-1,0.21436454355716705
Child Development Disorders and Pervasive,hsa-miR-4482,0.21436439454555511
Severe Fever with Thrombocytopenia Syndrome,mmu-miR-743a,0.214361771941185
Preterm Premature Rupture of the Membranes,mmu-miR-743a,0.21433983743190765
Alcohol Withdrawal Syndrome,hsa-miR-4482,0.21432863175868988
Developmental Dysplasia of the Hip,hsa-miR-4482,0.21432547271251678
Diabetic Angiopathies,hsa-miR-4482,0.21432067453861237
Opium Dependence,mmu-miR-743a,0.2143176645040512
IgA Vasculitis,hsa-miR-4511,0.2143169492483139
Hemophilia A,hsa-mir-8080,0.2143131047487259
Periodontitis and Diabetic,hsa-miR-196a*,0.21430034935474396
Anemia and Iron-Deficiency,hsa-miR-147b,0.21429575979709625
Plant Poisoning,hsa-miR-4482,0.21429099142551422
Wilms Tumor,hsa-miR-4482,0.2142862230539322
Otitis Media,hsa-miR-4482,0.2142825871706009
Eye Diseases,hsa-miR-4437,0.21426917612552643
Myocardial Ischemia,hsa-miR-4482,0.214265838265419
Lipoma,hsa-miR-4482,0.21426381170749664
Leukemia and Myeloid and Chronic-Phase,hsa-miR-4482,0.21425749361515045
Iridocorneal Endothelial Syndrome,hsa-miR-021,0.2142472118139267
Otitis Media,hsa-miR-4439,0.21424369513988495
Neurodevelopmental Injuries,hsa-miR-4482,0.21424086391925812
Metabolic  Syndrome,hsa-miR-4456,0.21423985064029694
Coxsackievirus Infections,hsa-miR-4482,0.2142297476530075
Myocardial Ischemia,hsa-miR-4439,0.2142268568277359
Toxoplasmosis and Cerebral,mmu-miR-700-5p,0.21422384679317474
Leukemia and Myeloid and Chronic-Phase,hsa-miR-4439,0.21421854197978973
Miliaria,hsa-miR-4439,0.21421776711940765
Ossification and Heterotopic,hsa-miR-4459,0.21421293914318085
Anemia and Iron-Deficiency,hsa-miR-3202,0.21420975029468536
Reperfusion Injury and Cerebral Ischemia,hsa-miR-4439,0.21420873701572418
Ehlers-Danlos Syndrome and musculocontractural type 1,hsa-miR-4494,0.2142082303762436
Primary Myelofibrosis,hsa-miR-4482,0.2142072468996048
Prostatic Diseases,hsa-miR-4439,0.21420355141162872
Neurodevelopmental Injuries,hsa-miR-4439,0.21420197188854218
Mesothelioma,hsa-miR-4439,0.21419589221477509
Chromosome Aberrations,hsa-miR-4482,0.2141873687505722
Asthenozoospermia,hsa-miR-4482,0.21417130529880524
Familial Multiple Coagulation Factor Deficiency I,hsa-miR-4482,0.21416737139225006
Dermatitis Herpetiformis,hsa-miR-4482,0.21416731178760529
Osteitis,hsa-miR-4439,0.21416635811328888
Chronic  Kidney Disease,hsa-miR-4482,0.21416406333446503
Neuromyelitis Optica,mmu-miR-708,0.2141614407300949
Respiratory Tract Infections,hsa-miR-4456,0.21415765583515167
Sialic Acid Storage Disease,hsa-miR-4456,0.2141508311033249
Familial Multiple Coagulation Factor Deficiency I,hsa-miR-4439,0.21412844955921173
Chronic  Kidney Disease,hsa-miR-4439,0.21412508189678192
Intellectual Disability,hsa-miR-4439,0.21411193907260895
Intrahepatic Cholestasis of Pregnancy,hsa-miR-4456,0.21409745514392853
Folic Acid Deficiency,hsa-miR-4439,0.21409456431865692
Fluoride Poisoning,hsa-miR-20b*,0.21409092843532562
Hyperoxia,mmu-miR-743a,0.2140897661447525
Leishmaniasis and Diffuse Cutaneous,hsa-miR-4439,0.21408642828464508
idiopathic scoliosis,mmu-miR-700-5p,0.21406994760036469
Frontotemporal Dementia,hsa-miR-4439,0.21404872834682465
Light Fixation Seizure Syndrome,hsa-miR-30d-3p,0.2140393704175949
Teratoma,hsa-mir-8080,0.21402280032634735
Hyalinosis and Systemic,hsa-miR-4443,0.21401400864124298
Myocardial Fibrosis,hsa-miR-4456,0.2139974981546402
Neuromuscular Junction Diseases,hsa-miR-4439,0.21398963034152985
Stress Disorders and Traumatic and Acute,hsa-miR-4456,0.21398942172527313
Motor Neuron Disease,hsa-miR-329-3p,0.21397452056407928
Glucocorticoid Receptor Deficiency,hsa-miR-4494,0.21395613253116608
Histiocytosis,hsa-miR-4494,0.21395452320575714
Premature Birth,hsa-miR-4494,0.21393831074237823
Parvoviridae Infections,hsa-miR-4255,0.21391113102436066
Erythema,hsa-miR-4456,0.21391107141971588
Sucrase-isomaltase deficiency and congenital,hsa-miR-4439,0.21390362083911896
Hearing Loss and Sensorineural,hsa-miR-4456,0.21388863027095795
Amyloidosis and Hereditary and Transthyretin-Related,hsa-miR-4456,0.2138819545507431
proliferative diabetic retinopathy,hsa-miR-4439,0.2138349562883377
Airway Obstruction,hsa-miR-20b*,0.21378834545612335
Mycoplasma pneumoniae pneumonia,hsa-miR-1322,0.21377159655094147
Varicose Ulcer,mmu-miR-700-5p,0.21376372873783112
Ameloblastoma,hsa-miR-4482,0.21373824775218964
Intrahepatic Cholestasis of Pregnancy,hsa-mir-8080,0.2137315422296524
Papillomavirus Infections,hsa-mir-8080,0.21372969448566437
Proteinuria,hsa-miR-4443,0.2137226015329361
Precursor B-Cell Lymphoblastic Leukemia-Lymphoma,hsa-miR-4482,0.21371881663799286
Familial encephalopathy with neuroserpin inclusion bodies,hsa-miR-4482,0.21371079981327057
Ophthalmoplegia and Chronic Progressive External,hsa-miR-2114*,0.21370942890644073
Gastric Cancer and Early,hsa-mir-8080,0.21370865404605865
pancreatic adenocarcinoma,hsa-miR-4494,0.21370761096477509
Ameloblastoma,hsa-miR-4439,0.21369923651218414
Disease Progression,hsa-miR-4437,0.21369265019893646
Precursor B-Cell Lymphoblastic Leukemia-Lymphoma,hsa-miR-4439,0.21367989480495453
Intrahepatic Cholestasis of Pregnancy,mmu-miR-743a,0.21366854012012482
Peritoneal Fibrosis,mmu-miR-700-5p,0.2136603146791458
Femoral Neck Fractures,hsa-miR-4456,0.2136361449956894
Myeloma Bone Disease,hsa-miR-26b-3p,0.2136029750108719
Ophthalmoplegia and Chronic Progressive External,hsa-miR-4255,0.21359668672084808
Pulmonary Hypertension and Thromboembolic and Chronic,hsa-miR-4437,0.21358619630336761
Varicose Ulcer,mmu-miR-708,0.2135857492685318
Ehlers-Danlos Syndrome and musculocontractural type 1,hsa-miR-4437,0.21358494460582733
Heart   Transplant Rejection,mmu-miR-743a,0.21357358992099762
Myocardial Fibrosis,mmu-miR-743a,0.2135685235261917
Pelvic Organ Prolapse,hsa-miR-4456,0.21356652677059174
Uterine Neoplasms,hsa-miR-4494,0.21353434026241302
Ataxia Telangiectasia,hsa-miR-4439,0.21351687610149384
Anhedonia,hsa-mir-8080,0.21349848806858063
Tendinopathy,hsa-miR-4494,0.21346835792064667
Dysentery and Bacillary,EBV-miR-BHRF1,0.21345631778240204
Parvoviridae Infections,hsa-miR-19a-5p,0.21345306932926178
Amyloidosis and Hereditary and Transthyretin-Related,mmu-miR-743a,0.21345297992229462
Hypoadrenocorticism and Familial,hsa-mir-8080,0.21344606578350067
hearing loss,hsa-mir-8080,0.2134353667497635
Frailty,hsa-miR-4456,0.21342669427394867
Trypanosomiasis and African,hsa-miR-4443,0.21340914070606232
overactive bladder syndrome,hsa-miR-4459,0.2133948653936386
Pigmented Paravenous Chorioretinal Atrophy,hsa-miR-1244,0.21339090168476105
Myotonic Dystrophy,hsa-miR-1322,0.21338345110416412
Hemorrhage,hsa-miR-4494,0.21337689459323883
Gaucher Disease,hsa-mir-8080,0.21337534487247467
Tuberous Sclerosis,hsa-miR-4443,0.2133687287569046
Spinal Cord Compression,hsa-miR-192-1,0.21333889663219452
Dry Eye Syndromes,mmu-miR-697,0.21332113444805145
Premature Birth,hsa-miR-4437,0.21331508457660675
Gaucher Disease,mmu-miR-743a,0.2133123129606247
Noma,hsa-miR-4456,0.2132994681596756
Lipid Metabolism Disorders,hsa-miR-4459,0.21328656375408173
Hyperglycinemia and Nonketotic,hsa-miR-4459,0.21328546106815338
Substance-Related Disorders,hsa-mir-8080,0.21327637135982513
Agammaglobulinemia,hsa-miR-4439,0.21326367557048798
Ceroid lipofuscinosis and neuronal 5,hsa-miR-3928-3p,0.21326009929180145
Tooth and Supernumerary,hsa-mir-8080,0.21325181424617767
Severe Fever with Thrombocytopenia Syndrome,hsa-miR-4459,0.21325062215328217
Reperfusion Injury and Testicular Ischemia,hsa-miR-134,0.21322421729564667
familial chylomicronemia syndrome,hsa-miR-4456,0.21321354806423187
Mandibular Diseases,hsa-miR-4456,0.21319137513637543
Tooth and Supernumerary,mmu-miR-743a,0.21318881213665009
Implantation Failure,mmu-miR-743a,0.21318407356739044
Severe Acute Respiratory Syndrome,hsa-miR-4494,0.21318359673023224
Diffuse Alveolar Hemorrhage and Autoimmune-Mediated,hsa-miR-4456,0.21317236125469208
Wounds and Nonpenetrating,hsa-miR-4456,0.21317066252231598
thyroid gland Hurthle cell carcinoma,hsa-miR-376b-5p,0.2131546288728714
Mesangial sclerosis and diffuse,hsa-miR-4437,0.2131475955247879
Visceral Hypersensitivity,hsa-miR-134,0.21314473450183868
Pelvic Organ Prolapse,mmu-miR-743a,0.21313749253749847
Heart Diseases,hsa-mir-8080,0.21313317120075226
Scleral Diseases,hsa-miR-27a-5p,0.21313200891017914
Multiple System Atrophy,hsa-miR-4443,0.21310122311115265
Branchio-Oto-Renal Syndrome,hsa-miR-4482,0.21309463679790497
Dementia and Vascular,hsa-miR-4459,0.21309451758861542
colorectal adenocarcinoma,hsa-mir-8080,0.2130875438451767
pancreatic adenocarcinoma,hsa-miR-4437,0.2130843847990036
Urinary Calculi,hsa-miR-134,0.21306200325489044
Branchio-Oto-Renal Syndrome,hsa-miR-4439,0.21305565536022186
Blind Loop Syndrome,hsa-miR-3653-3p,0.21304018795490265
Intermittent Claudication,hsa-let-7a-1,0.21302463114261627
Mesothelioma and Malignant,mmu-miR-743a,0.21301813423633575
Transfusion Reaction,hsa-miR-4443,0.21301110088825226
Lymphoma and T-Cell and Peripheral,hsa-miR-4443,0.21300803124904633
Canavan Disease,hsa-miR-134,0.21300701797008514
Synovitis,hsa-miR-4494,0.21298988163471222
Trypanosomiasis and African,hsa-miR-4459,0.21298174560070038
Esophageal Fibrosis,hsa-miR-1322,0.21298153698444366
Chemical and Drug Induced Liver Injury and Chronic,hsa-miR-4443,0.2129802256822586
Spherocytosis and Hereditary,mmu-miR-708,0.21297241747379303
Systemic Inflammatory Response Syndrome,mmu-miR-743a,0.21295540034770966
Oculodentodigital Dysplasia,hsa-miR-3202,0.21295396983623505
Common Variable Immunodeficiency 2@En,hsa-mir-8080,0.21294383704662323
Labyrinth Diseases,mmu-miR-743a,0.2129426747560501
isolated cleft palate,hsa-miR-4443,0.2129378467798233
Elephantiasis,mmu-miR-708,0.21293528378009796
Eye Diseases,hsa-miR-4439,0.2129339724779129
Heart Failure and Acute,hsa-miR-4459,0.21293042600154877
Chediak-Higashi Syndrome,hsa-miR-1258,0.21292279660701752
Penile Neoplasms,hsa-miR-4443,0.21291972696781158
Adenocarcinoma Of Esophagus,rno-miR-99a,0.21291573345661163
Myocardial Fibrosis,hsa-miR-4443,0.2128848284482956
Esophageal Achalasia,hsa-miR-3202,0.2128800004720688
Tricuspid Valve Insufficiency,hsa-miR-192-3p,0.2128787487745285
Wound Infection,hsa-miR-192-3p,0.21286790072917938
Anemia and sideroblastic spinocerebellar ataxia,mmu-miR-700-5p,0.2128487080335617
Teratoma,hsa-miR-4459,0.2128487080335617
Osteolysis and Essential,mmu-miR-743a,0.21283720433712006
Hashimoto Disease,mmu-miR-743a,0.21283714473247528
Inflammation and Chronic,hsa-miR-27a-5p,0.2128196805715561
Multiple Endocrine Neoplasia Type 1,hsa-miR-30c-5p,0.21280379593372345
familial chylomicronemia syndrome,mmu-miR-743a,0.212784543633461
Severe Dengue,mmu-miR-743a,0.2127804309129715
Polycystic Kidney Diseases,hsa-mir-8080,0.21276892721652985
Mandibular Diseases,mmu-miR-743a,0.21276234090328217
Infectious pancreatic necrosis virus,mmu-miR-743a,0.21275751292705536
Guillain-Barre Syndrome,hsa-mir-8080,0.21275736391544342
Diffuse Alveolar Hemorrhage and Autoimmune-Mediated,mmu-miR-743a,0.21274341642856598
Chediak-Higashi Syndrome,hsa-miR-195,0.21274109184741974
congenital nongoitrous hypothyroidism 4,hsa-mir-8080,0.21272163093090057
Esophageal Neoplasms,mmu-miR-743a,0.2127210646867752
Fatigue,mmu-miR-743a,0.212707057595253
Hypoadrenocorticism and Familial,hsa-miR-4443,0.21269936859607697
Adenocarcinoma Of Esophagus,hsa-miR-27b-3p,0.21269561350345612
Autolysis,hsa-miR-4459,0.2126842588186264
Bronchiolitis Obliterans Syndrome,mmu-miR-697,0.21268199384212494
Grave Disease,mmu-miR-697,0.21267618238925934
Multiple System Atrophy,hsa-miR-4459,0.21267388761043549
Brain Injuries,mmu-miR-743a,0.21266914904117584
Disseminated Intravascular Coagulation,mmu-miR-697,0.21266873180866241
Testicular Damage,mmu-miR-708,0.21266846358776093
Abnormalities and Drug-Induced,mmu-miR-743a,0.21266527473926544
Pyelonephritis,mmu-miR-743a,0.21265842020511627
Hypothermia,mmu-miR-743a,0.2126578539609909
Supranuclear Palsy and Progressive,mmu-miR-697,0.21264402568340302
Gaucher Disease,hsa-miR-4443,0.2126285582780838
Equine Infectious Anemia,hsa-miR-1258,0.2126215547323227
Central Nervous System Diseases,hsa-miR-4459,0.21260453760623932
Nevi and Melanomas,hsa-miR-1258,0.2125982791185379
Wound Infection,hsa-miR-30c-5p,0.21259324252605438
Pneumothorax,hsa-miR-3928-3p,0.21258924901485443
Airway Obstruction,hsa-miR-1285-2,0.21258215606212616
Periodontitis and Diabetic,hsa-miR-1258,0.21257565915584564
Cardiomyopathy and Alcoholic,hsa-miR-4443,0.2125750035047531
Chromosome Duplication,hsa-miR-4511,0.21257151663303375
Intrahepatic Cholestasis of Pregnancy,hsa-miR-4459,0.21255739033222198
Lupus Vasculitis and Central Nervous System,hsa-miR-30c-5p,0.21255739033222198
Myopia and Degenerative,mmu-miR-708,0.21255530416965485
Maxillary Fractures,hsa-miR-4255,0.21255217492580414
Thyroid cancer and medullary,hsa-miR-4459,0.21254073083400726
Gastric Cancer and Early,hsa-miR-4459,0.21253462135791779
Urinary Calculi,hsa-miR-1258,0.21252600848674774
Adrenoleukodystrophy,hsa-miR-4482,0.21250493824481964
Colitis,hsa-miR-4459,0.2125011533498764
Rhabdomyosarcoma,mmu-miR-697,0.21250109374523163
Fusariosis,hsa-miR-4459,0.21249233186244965
Ganglion Cysts,hsa-miR-4459,0.21247826516628265
Adrenoleukodystrophy,hsa-miR-4439,0.2124660164117813
Squamous Intraepithelial Lesions of the Cervix,mmu-miR-697,0.21246077120304108
IMAGe syndrome,hsa-miR-3127-3p,0.21244902908802032
Developmental Dysplasia of the Hip,mmu-miR-697,0.21243105828762054
 Lymph  Node Metastasis,hsa-miR-3117-3p,0.21242298185825348
Acute Disease,mmu-miR-700-5p,0.21239601075649261
Chilblain lupus,mmu-miR-697,0.21239592134952545
Otitis Media,mmu-miR-697,0.21238823235034943
 Lymph  Node Metastasis,hsa-miR-374a-3p,0.21238206326961517
Adenoviridae Infections,hsa-miR-4443,0.2123565524816513
Hearing Loss and Sensorineural,hsa-miR-4459,0.2123485952615738
Ovarian Failure and Premature ,hsa-miR-4494,0.21232257783412933
Fluoride Poisoning,hsa-miR-18b-5p,0.2123221904039383
Acute Uterine Injury,hsa-miR-4439,0.21231023967266083
Reperfusion Injury and Renal Ischemia,hsa-miR-4443,0.2122812718153
Asthenozoospermia,mmu-miR-697,0.21227680146694183
Progeria,hsa-miR-4482,0.21226249635219574
Ehlers-Danlos Syndrome and musculocontractural type 1,hsa-miR-4439,0.21224980056285858
Hyperphagia,hsa-miR-4459,0.21223489940166473
Pathologic Processes,hsa-miR-4494,0.21219466626644135
Mycobacterium Infections,hsa-miR-4443,0.21218810975551605
Cardiomyopathy and Right Ventricular Dilated,hsa-miR-3170,0.212187722325325
Noma,hsa-miR-4443,0.21218667924404144
Shock and Cardiogenic,hsa-miR-4437,0.21217213571071625
Osteolysis and Essential,hsa-miR-4443,0.2121535688638687
Cardiomyopathy and Alcoholic,hsa-miR-4459,0.21214763820171356
cough variant asthma,mmu-miR-700-5p,0.2121308296918869
Jequier Kozlowski skeletal dysplasia,hsa-miR-4443,0.21212776005268097
Dilated Cardiomyopathy ,hsa-miR-3156-5p,0.2121150940656662
Substance-Related Disorders,hsa-miR-4459,0.21210218966007233
Lymphoma and Follicular,mmu-miR-700-5p,0.21209584176540375
Mandibular Diseases,hsa-miR-4443,0.21207864582538605
Primary Aldosteronism ,hsa-miR-4443,0.2120663970708847
HIV-Associated Lipodystrophy Syndrome,hsa-miR-4443,0.21206258237361908
Still's Disease and Adult-Onset,hsa-miR-4443,0.21205992996692657
Premenstrual Syndrome,hsa-miR-4443,0.21204082667827606
Esophageal Neoplasms,hsa-miR-4443,0.21203731000423431
Gastrointestinal Stromal Tumors,hsa-miR-4443,0.21203230321407318
Encephalocele,hsa-miR-4443,0.21200142800807953
Graft Occlusion and Vascular,hsa-miR-4443,0.2120000571012497
high grade glioma,hsa-miR-4443,0.211988165974617
Brain Injuries,hsa-miR-4443,0.21198539435863495
Premature Birth,hsa-miR-4439,0.21197982132434845
congenital nongoitrous hypothyroidism 4,hsa-miR-4443,0.2119748741388321
Airway Obstruction,hsa-miR-150-5p,0.21194539964199066
Gastric Cancer and Early,hsa-mir-875,0.21193574368953705
ACTH-Secreting Pituitary Adenoma,mmu-miR-708,0.21191971004009247
Lymphoma and Follicular,mmu-miR-708,0.2119179219007492
Radiation-Induced Oral Mucositis,hsa-miR-4280,0.21191589534282684
Frailty,hsa-miR-4459,0.21188662946224213
Phyllodes Tumor,mmu-miR-700-5p,0.2118564397096634
Ciliary Motility Disorders,mmu-miR-700-5p,0.2118539959192276
Systemic Inflammatory Response Syndrome,hsa-miR-4459,0.2118443101644516
Proteinuria,hsa-mir-8079,0.2118324488401413
Precursor B-Cell Lymphoblastic Leukemia-Lymphoma,mmu-miR-697,0.21182449162006378
Mesangial sclerosis and diffuse,hsa-miR-4439,0.211812362074852
aortic atherosclerosis,hsa-miR-4494,0.21180634200572968
Deficiency Diseases,hsa-miR-4494,0.2117973119020462
Macular dystrophy and corneal type 1,mmu-miR-697,0.21179132163524628
Follicular Atresia,hsa-miR-4437,0.21177922189235687
Noma,hsa-miR-4459,0.21175934374332428
pancreatic adenocarcinoma,hsa-miR-4439,0.2117490917444229
Asthma ,mmu-miR-708,0.21172375977039337
Hyalinosis and Systemic,mmu-miR-700-5p,0.21171806752681732
Periprosthetic Fractures,mmu-miR-700-5p,0.21171168982982635
Heart Failure and Diastolic,hsa-miR-1244,0.21170105040073395
Dilated Cardiomyopathy ,hsa-miR-1244,0.21168552339076996
Hypoglycemia,hsa-miR-329-3p,0.211679145693779
Severe Dengue,hsa-miR-4459,0.21166928112506866
Infectious pancreatic necrosis virus,hsa-miR-4459,0.21164648234844208
Inflammation-Related  Depression,hsa-miR-19a-5p,0.2116345912218094
Radiation-Induced Oral Mucositis,hsa-miR-1910,0.21163122355937958
Uterine Neoplasms,hsa-miR-4482,0.21161483228206635
Esophageal Neoplasms,hsa-miR-4459,0.21160991489887238
Arrhythmogenic Right Ventricular Dysplasia,hsa-miR-4459,0.21160243451595306
Polycystic Kidney Diseases,hsa-miR-4459,0.21159480512142181
Testicular Neoplasms,hsa-miR-1234-3p,0.21157734096050262
Uterine Neoplasms,hsa-miR-4439,0.21157579123973846
Tendinopathy,hsa-miR-4482,0.2115488499403
Hyalinosis and Systemic,mmu-miR-708,0.21154014766216278
Enterovirus A Infection,hsa-miR-4482,0.21153883635997772
Chediak-Higashi Syndrome,hsa-miR-1234-3p,0.21152852475643158
Dilated Cardiomyopathy ,hsa-miR-30d-3p,0.21146850287914276
Iridocorneal Endothelial Syndrome,hsa-miR-30d-3p,0.21146847307682037
Anemia and Refractory and with Excess of Blasts,hsa-miR-4511,0.2114579826593399
Tauopathies,hsa-miR-193b,0.2114369124174118
Smith-McCort Dysplasia,mmu-miR-700-5p,0.2114230841398239
Hemorrhage,hsa-miR-4439,0.21141840517520905
Hyperglycinemia and Nonketotic,mmu-miR-700-5p,0.21141691505908966
Splenic Neoplasms,hsa-miR-1234-3p,0.2114122062921524
Heart Neoplasms,hsa-miR-4511,0.21140269935131073
Scleral Diseases,hsa-miR-155-5p,0.21138305962085724
Skin Ulcer,hsa-miR-296,0.21136794984340668
Preterm Premature Rupture of the Membranes,mmu-miR-700-5p,0.21136008203029633
Meniscus Degeneration,hsa-miR-155-5p,0.21135251224040985
Nervous System Neoplasms,hsa-miR-4428,0.21134956181049347
Fabry   Nephropathy,hsa-miR-1234-3p,0.21126262843608856
Wound Infection,hsa-miR-1234-3p,0.21125666797161102
Inflammation and Chronic,hsa-miR-1234-3p,0.21124355494976044
Costello Syndrome,hsa-mir-8079,0.21124137938022614
Lipid Metabolism Disorders,mmu-miR-708,0.21124012768268585
Phyllodes Tumor,hsa-mir-8069,0.21122734248638153
Li-Fraumeni Syndrome,hsa-miR-4494,0.2112092822790146
Deficiency Diseases,hsa-miR-4437,0.21117402613162994
alpha-Thalassemia,hsa-miR-329-3p,0.21112950146198273
Synovitis,hsa-miR-4482,0.21107031404972076
Heart Failure and Acute,mmu-miR-700-5p,0.21106185019016266
Lung  Adenocarcinoma,hsa-miR-4439,0.2110571414232254
Dementia and Vascular,mmu-miR-708,0.21104802191257477
Anemia and sideroblastic spinocerebellar ataxia,hsa-miR-4494,0.21102185547351837
Cerebral Hemorrhage and Traumatic,hsa-miR-4482,0.21101941168308258
Hyphema,hsa-miR-131,0.2110164314508438
Parvoviridae Infections,hsa-miR-218-1,0.21098946034908295
Substance Withdrawal Syndrome,hsa-miR-4437,0.21098728477954865
Neuropathic Low Back Pain,hsa-miR-329-3p,0.21098266541957855
Cerebral Hemorrhage and Traumatic,hsa-miR-4439,0.21098043024539948
Epilepsies and Partial,hsa-miR-4482,0.21096627414226532
Angioedemas and Hereditary,hsa-miR-4433a-3p,0.21091638505458832
Anhedonia,hsa-mir-8079,0.21086157858371735
Fibrosis and Pancreas,hsa-miR-4439,0.21083156764507294
Meniscus Degeneration,hsa-miR-2114,0.21075539290905
Respiratory Tract Infections,mmu-miR-700-5p,0.2107490748167038
Leukopenia,hsa-miR-3124,0.21071727573871613
Lymphoma and T-Cell and Peripheral,mmu-miR-700-5p,0.21071209013462067
Intrahepatic Cholestasis of Pregnancy,mmu-miR-700-5p,0.21068887412548065
Papillomavirus Infections,mmu-miR-700-5p,0.21068693697452545
Chemical and Drug Induced Liver Injury and Chronic,mmu-miR-700-5p,0.21068422496318817
Gastric Cancer and Early,mmu-miR-700-5p,0.21066595613956451
Metabolic  Syndrome,mmu-miR-708,0.21065331995487213
Wallerian Degeneration,hsa-miR-4482,0.21061955392360687
Heart   Transplant Rejection,mmu-miR-700-5p,0.21059392392635345
Neuromyelitis Optica,hsa-miR-4482,0.21059300005435944
Tendon Injuries,hsa-miR-4439,0.21058179438114166
Aortopathies,hsa-miR-4494,0.21057410538196564
Gliosis,hsa-miR-2114,0.2105608731508255
Central Nervous System Diseases,mmu-miR-708,0.21055804193019867
Hyperparathyroidism 2,mmu-miR-708,0.21055395901203156
Nervous System Neoplasms,hsa-mir-7844,0.21054290235042572
Lymphoma and T-Cell and Peripheral,mmu-miR-708,0.21053417026996613
Neurotoxicity Syndromes,hsa-miR-4439,0.21052850782871246
Ossification and Heterotopic,hsa-miR-4494,0.2105175107717514
Papillomavirus Infections,mmu-miR-708,0.2105090171098709
Basal Ganglia Hemorrhage,mmu-miR-700-5p,0.21050865948200226
Hyperoxia,hsa-mir-8069,0.21048106253147125
Lymphohistiocytosis and Hemophagocytic,hsa-miR-2114,0.2104470282793045
Penile Neoplasms,mmu-miR-708,0.2104458063840866
Ovarian Failure and Premature ,hsa-miR-4482,0.2104029804468155
Amebiasis,hsa-miR-3155,0.21039627492427826
Cholecystolithiasis,hsa-miR-4428,0.21037809550762177
Hyperphagia,mmu-miR-700-5p,0.21036632359027863
Meniscus Degeneration,hsa-miR-3155,0.21036027371883392
Anaphylaxis,hsa-miR-3155,0.21035800874233246
Teratoma,hsa-mir-8069,0.21035103499889374
Neonatal Sepsis,hsa-mir-8069,0.2103368192911148
Ossification of the posterior longitudinal ligament of the spine,mmu-miR-708,0.2103245109319687
idiopathic scoliosis,hsa-miR-4482,0.21032355725765228
Hirschsprung-Associated Enterocolitis,hsa-miR-4428,0.2103203386068344
Canavan Disease,hsa-miR-2114,0.21030689775943756
Hearing Loss and Sensorineural,mmu-miR-708,0.21030206978321075
 Lymph  Node Metastasis,hsa-miR-4267,0.21030037105083466
Amyloidosis and Hereditary and Transthyretin-Related,mmu-miR-708,0.21029545366764069
Pathologic Processes,hsa-miR-4482,0.21027512848377228
Anemia and Hemolytic,hsa-miR-3155,0.21021978557109833
Blind Loop Syndrome,hsa-miR-1245a,0.21021921932697296
Costello Syndrome,hsa-mir-8069,0.21020643413066864
Implantation Failure,mmu-miR-700-5p,0.21020449697971344
Death and Sudden,mmu-miR-708,0.2101912647485733
Pelvic Organ Prolapse,mmu-miR-700-5p,0.21015779674053192
Gastric Antral Vascular Ectasia,hsa-miR-4255,0.2101535052061081
Cardiac Dysfunction,hsa-miR-4428,0.21015213429927826
Neuroaxonal Dystrophies,hsa-miR-3155,0.2101520448923111
hypotrichosis 8,rno-miR-352,0.21014036238193512
Reperfusion Injury and Testicular Ischemia,hsa-miR-3155,0.21012885868549347
Phyllodes Tumor and Breast,hsa-miR-3155,0.21010716259479523
Heart Diseases,mmu-miR-700-5p,0.21009047329425812
Arene Oxide Detoxification Defect,hsa-miR-3155,0.21008692681789398
Rhabdoid Tumor and Kidney,hsa-miR-3155,0.2100733369588852
Equine Infectious Anemia,hsa-miR-3155,0.21006225049495697
Tibial Neuropathy,hsa-miR-3155,0.21005477011203766
Absent corpus callosum cataract immunodeficiency,hsa-miR-3155,0.2100512534379959
Mesothelioma and Malignant,mmu-miR-700-5p,0.21003852784633636
Tooth and Supernumerary,mmu-miR-708,0.210031196475029
Ciliary Motility Disorders,hsa-miR-4494,0.21002714335918427
Implantation Failure,mmu-miR-708,0.21002648770809174
Astrocytoma,hsa-miR-4482,0.21002136170864105
Non-Ischemic Diabetic Heart Disease,hsa-miR-3155,0.20999641716480255
Reperfusion Injury and Renal Ischemia,mmu-miR-700-5p,0.2099853903055191
obsolete Helicobacter pylori infectious disease,hsa-miR-329-2,0.20997731387615204
Systemic Inflammatory Response Syndrome,mmu-miR-700-5p,0.2099757045507431
Wilms Tumor,rno-miR-352,0.20997165143489838
Labyrinth Diseases,mmu-miR-700-5p,0.20996303856372833
Common Variable Immunodeficiency 2@En,mmu-miR-700-5p,0.2099011391401291
Parvoviridae Infections,hsa-miR-3928-3p,0.20990093052387238
Intra-Articular Fractures,hsa-miR-4255,0.2099003940820694
Skin Ulcer,hsa-miR-200c-3p,0.20989440381526947
Mycobacterium Infections,mmu-miR-700-5p,0.20989210903644562
Neoplasms and Plasma Cell,rno-miR-352,0.2098916918039322
Adenoviridae Infections,mmu-miR-708,0.20988275110721588
Actinic cheilitis,hsa-miR-4437,0.20987407863140106
 Lymph  Node Metastasis,hsa-miR-1975,0.20987387001514435
Maxillofacial Abnormalities,hsa-miR-4494,0.20985586941242218
Hearing Loss and Sensorineural,hsa-mir-8069,0.20985092222690582
Cardiomyopathy and Dilated,mmu-miR-700-5p,0.20984791219234467
Frailty,mmu-miR-708,0.20984013378620148
Deficiency Diseases,hsa-miR-4439,0.20983882248401642
Aortic Valve Stenosis,mmu-miR-700-5p,0.20978431403636932
Encephalitis and Tick-Borne,hsa-miR-302d-3p,0.20977605879306793
Knee Injuries,mmu-miR-700-5p,0.20977528393268585
Rheumatic Heart Disease,hsa-miR-4482,0.20976360142230988
Cystadenocarcinoma and Serous and Ovarian,mmu-miR-700-5p,0.20975489914417267
Embolic Stroke,mmu-miR-700-5p,0.2097548395395279
Blind Loop Syndrome,hsa-miR-4255,0.20975138247013092
Amebiasis,hsa-miR-19b-1,0.20974020659923553
Scleral Diseases,hsa-miR-19b-1,0.20973460376262665
Common Variable Immunodeficiency 2@En,mmu-miR-708,0.20972327888011932
Endothelial Barrier Dysfunction,hsa-mir-7844,0.20970918238162994
Chediak-Higashi Syndrome,hsa-miR-19b-1,0.2097073644399643
Gastric Antral Vascular Ectasia,hsa-miR-19a-5p,0.20969538390636444
Abnormalities and Drug-Induced,mmu-miR-700-5p,0.20968560874462128
Hashimoto Disease,mmu-miR-708,0.20967961847782135
congenital nongoitrous hypothyroidism 4,mmu-miR-700-5p,0.20967887341976166
 Lymph  Node Metastasis,hsa-miR-30a,0.20967061817646027
Inflammation and Chronic,hsa-miR-194-5p,0.20963935554027557
Hereditary Autoinflammatory Diseases,hsa-miR-194-5p,0.20963318645954132
hereditary fructose intolerance syndrome,mmu-miR-708,0.20960046350955963
Smith-McCort Dysplasia,hsa-miR-4494,0.20959623157978058
Primary Aldosteronism ,mmu-miR-708,0.2095925360918045
Plasmablastic Lymphoma,hsa-mir-7844,0.2095790058374405
Hemorrhage,mmu-miR-697,0.20956294238567352
Arrhythmogenic Right Ventricular Dysplasia,mmu-miR-708,0.2095559984445572
Liposarcoma,hsa-mir-8069,0.20955140888690948
Vitreoretinochoroidopathy,hsa-miR-1245a,0.20954690873622894
Hypothyroidism,mmu-miR-708,0.20954002439975739
Diminished  Ovarian Reserve,hsa-miR-19b-1,0.209533229470253
Reperfusion Injury and Testicular Ischemia,hsa-miR-3922-3p,0.20952700078487396
Fibromyalgia,hsa-mir-7844,0.2095269411802292
Graft Occlusion and Vascular,mmu-miR-708,0.20952622592449188
Cardiomyopathies and Uremic,mmu-miR-708,0.20952610671520233
Osteoporosis and Diabetic,hsa-mir-7844,0.20952029526233673
Stomatitis and Aphthous,hsa-miR-423-3p,0.20951955020427704
Hirschsprung-Associated Enterocolitis,hsa-mir-7844,0.20951367914676666
Heart Failure and Diastolic,hsa-miR-1245a,0.20950929820537567
Abnormalities and Drug-Induced,mmu-miR-708,0.20950768887996674
Aging and Premature,hsa-mir-8069,0.20949552953243256
Ameloblastoma,hsa-miR-4428,0.2094927877187729
White Coat Hypertension,hsa-miR-4511,0.20949189364910126
Retinitis Pigmentosa,hsa-miR-19b-1,0.20948095619678497
Reperfusion Injury and Testicular Ischemia,hsa-miR-19b-1,0.20947279036045074
Arthritis and Temporomandibular,hsa-mir-7844,0.2094634622335434
Diabetic Nephropathies and Proliferative,hsa-miR-4511,0.2094576209783554
Macular dystrophy and corneal type 1,hsa-miR-4428,0.209440216422081
Arene Oxide Detoxification Defect,hsa-miR-19b-1,0.20943085849285126
Asthma and Chronic,hsa-miR-19b-1,0.20942743122577667
Rhabdoid Tumor and Kidney,hsa-miR-19b-1,0.20941726863384247
Equine Infectious Anemia,hsa-miR-19b-1,0.20940609276294708
Precursor B-Cell Lymphoblastic Leukemia-Lymphoma,rno-miR-352,0.2094043642282486
Congenital amegakaryocytic thrombocytopenia,hsa-miR-4255,0.20938970148563385
Frailty,hsa-mir-8069,0.20938895642757416
Tachycardia,hsa-miR-4511,0.20938263833522797
Elephantiasis,hsa-miR-4482,0.20936675369739532
Parvoviridae Infections,hsa-miR-147b,0.20936386287212372
Sepsis-Associated Encephalopathy,hsa-mir-7844,0.2093329280614853
Pyoderma Gangrenosum,hsa-miR-3922-3p,0.20931513607501984
Urinary Calculi,hsa-miR-19b-1,0.20931054651737213
Chronic   Pelvic Pain Syndrome,hsa-miR-19b-1,0.20929719507694244
Li-Fraumeni Syndrome,hsa-miR-4482,0.20928968489170074
Alcohol Withdrawal Syndrome,hsa-mir-7844,0.20927651226520538
Myopathies and Structural and Congenital,hsa-mir-7844,0.20927570760250092
Periprosthetic Fractures,hsa-miR-4437,0.20926149189472198
Encephalitis and Tick-Borne,hsa-miR-19b-1,0.20925350487232208
Leukemia and Myeloid and Acute and T-Cell,hsa-mir-7844,0.20924220979213715
Plant Poisoning,hsa-mir-7844,0.20923878252506256
Heart Failure and Acute,hsa-miR-4494,0.2092350572347641
Gastrointestinal Hemorrhage,hsa-mir-7844,0.20921753346920013
Charcot-Marie-Tooth disease type 1B,hsa-mir-7844,0.2092139571905136
Jequier Kozlowski skeletal dysplasia,hsa-mir-8069,0.20920278131961823
Reperfusion Injury and Cerebral Ischemia,hsa-mir-7844,0.20919547975063324
Leukopenia,hsa-miR-1975,0.20917461812496185
Scleroderma and Diffuse,hsa-mir-7844,0.20916564762592316
Primary Myelofibrosis,hsa-mir-7844,0.20915503799915314
Teratoma,hsa-miR-4494,0.20915324985980988
Chromosome Aberrations,hsa-mir-7844,0.20913515985012054
Embolic Stroke,hsa-mir-8069,0.2091258317232132
Cerebral Hemorrhage and Traumatic,mmu-miR-697,0.20912490785121918
Angina Pectoris and Variant,hsa-miR-4437,0.20912258327007294
Encephalocraniocutaneous lipomatosis,hsa-mir-7844,0.20912252366542816
Humeral Fractures,hsa-miR-17-92,0.20911429822444916
Arrhythmogenic Right Ventricular Dysplasia,hsa-mir-8069,0.20910482108592987
Anemia and sideroblastic spinocerebellar ataxia,hsa-miR-4482,0.20910225808620453
Fractures and Bone,hsa-mir-8069,0.20909027755260468
Repolarization Abnormality,hsa-mir-7844,0.2090877741575241
Folic Acid Deficiency,hsa-mir-7844,0.20908133685588837
Airway Obstruction,hsa-miR-17-92,0.2090708166360855
Neuropathic Low Back Pain,hsa-miR-4255,0.2090664654970169
high grade glioma,hsa-mir-8069,0.20906321704387665
Fatty Liver and Alcoholic,mmu-miR-697,0.2090613692998886
Abnormalities and Drug-Induced,hsa-mir-8069,0.20905651152133942
Respiratory Sounds,hsa-miR-20b*,0.20904184877872467
Frontotemporal Dementia,hsa-mir-7844,0.20903544127941132
Neointima,hsa-miR-17-92,0.20903362333774567
Costello Syndrome,hsa-miR-4494,0.20900858938694
Autolysis,hsa-miR-4494,0.20898883044719696
Myopia and Degenerative,hsa-miR-4482,0.2089868038892746
Pancoast Syndrome,hsa-miR-4494,0.20898272097110748
Neuromuscular Junction Diseases,hsa-mir-7844,0.2089764028787613
Fibrosis and Pancreas,mmu-miR-697,0.2089761644601822
Leukopenia,hsa-miR-30a,0.2089712768793106
Lymphoma and T-Cell,hsa-mir-8074,0.20896737277507782
Papillomavirus Infections,hsa-miR-4494,0.20886008441448212
Papilloma and Inverted,hsa-miR-2392,0.2088586539030075
proliferative diabetic retinopathy,hsa-mir-7844,0.20882172882556915
Rh Deficiency Syndrome,hsa-miR-4494,0.2088145762681961
Drug-Induced Kidney Injury,rno-miR-352,0.20876596868038177
alpha-Thalassemia,hsa-miR-19a-5p,0.2087552398443222
Precursor B-Cell Lymphoblastic Leukemia-Lymphoma,hsa-mir-7844,0.20866672694683075
Susac Syndrome,hsa-let-7c-3p,0.20865948498249054
Respiratory Sounds,hsa-miR-3928-3p,0.20861561596393585
Nervous System Neoplasms,hsa-miR-4511,0.20861034095287323
Intra-Articular Fractures,hsa-miR-131,0.20860864222049713
Iridocorneal Endothelial Syndrome,hsa-miR-19a-5p,0.2085680514574051
Teratoma,hsa-miR-4437,0.20852996408939362
Neonatal Sepsis,hsa-miR-4437,0.20851583778858185
Reperfusion Injury and Steatotic Liver Ischemia,hsa-miR-335-5p,0.2084890455007553
Neointima,hsa-miR-30c-2,0.20838771760463715
cough variant asthma,hsa-miR-4482,0.20838449895381927
Implantation Failure,hsa-miR-4494,0.20837761461734772
Autolysis,hsa-miR-4437,0.2083655446767807
bladder carcinoma,hsa-miR-4494,0.20835770666599274
Tauopathies,hsa-miR-29c,0.20835067331790924
Hypocapnia,hsa-miR-30c-2,0.2083388715982437
Ventricular Dysfunction and Right,hsa-miR-4494,0.20832403004169464
Hyphema,hsa-miR-3928-3p,0.20829786360263824
Motion Sickness,hsa-miR-4428,0.20829330384731293
Asthma and Chronic,hsa-miR-192-3,0.20828424394130707
Inflammation and Chronic,hsa-miR-192-3,0.2082790583372116
Tricuspid Valve Insufficiency,hsa-miR-1251,0.20827122032642365
Agammaglobulinemia,hsa-mir-7844,0.2082504779100418
Dry Eye Syndromes,hsa-miR-4511,0.20823083817958832
Mastitis and Bovine,hsa-miR-4439,0.20822010934352875
Mesothelioma and Malignant,hsa-miR-4494,0.20821167528629303
Frailty,hsa-miR-4494,0.20819120109081268
Adrenoleukodystrophy,rno-miR-352,0.20819039642810822
Myocardial Fibrosis,hsa-miR-4437,0.20813874900341034
Astrocytoma,mmu-miR-697,0.2081270068883896
Phyllodes Tumor,hsa-miR-4482,0.208110049366951
Spinal Dysraphism,hcmv-miR-US29,0.20810838043689728
Ciliary Motility Disorders,hsa-miR-4482,0.20810754597187042
Radiation-Induced Oral Mucositis,EBV-miR-BHRF1,0.20807524025440216
Phyllodes Tumor,hsa-miR-4439,0.20807115733623505
hypomelanosis of Ito,hsa-mir-7844,0.2080688625574112
Chromosome Duplication,rno-miR-369-3p,0.20806704461574554
Thyroiditis,hsa-mir-7844,0.20806308090686798
Ossification of the posterior longitudinal ligament of the spine,hsa-miR-4437,0.2080523520708084
Germ Cell Tumor and Non-Teratomatous,hsa-miR-4494,0.2080303281545639
Hearing Loss and Sensorineural,hsa-miR-4437,0.20802991092205048
Neoplasms and Mesothelial,hsa-miR-23a*,0.20801393687725067
Intermittent Claudication,hsa-miR-3657,0.20798347890377045
Deficiency Diseases,mmu-miR-697,0.20798341929912567
Periprosthetic Fractures,hsa-miR-4482,0.20796526968479156
hereditary fructose intolerance syndrome,hsa-miR-4494,0.2079515904188156
hearing loss,hsa-miR-4437,0.20794256031513214
Diffuse Alveolar Hemorrhage and Autoimmune-Mediated,hsa-miR-4494,0.2079368680715561
Maxillofacial Abnormalities,hsa-miR-4482,0.2079363316297531
Embolic Stroke,hsa-miR-4494,0.20792798697948456
Periprosthetic Fractures,hsa-miR-4439,0.20792628824710846
Maxillary Fractures,hsa-miR-3202,0.20791883766651154
systemic primary carnitine deficiency disease,hsa-miR-4482,0.20790551602840424
Gastric Antral Vascular Ectasia,hsa-miR-29c,0.20790286362171173
Fatigue,hsa-miR-4494,0.20790056884288788
Polycystic Kidney Diseases,hsa-miR-4494,0.20789937674999237
Hypothyroidism,hsa-miR-4494,0.20789115130901337
Guillain-Barre Syndrome,hsa-miR-4494,0.20788787305355072
Campomelia Cumming type,hsa-miR-4494,0.2078305333852768
Cardiomyopathy and Alcoholic,hsa-miR-4437,0.20782898366451263
Endothelial Barrier Dysfunction,hsa-miR-4511,0.207776740193367
bladder carcinoma,hsa-miR-4437,0.20773442089557648
Diarrhea,hsa-miR-4437,0.20772214233875275
Pelvic Organ Prolapse,hsa-miR-4437,0.20770765841007233
Ventricular Dysfunction and Right,hsa-miR-4437,0.20770074427127838
Huntington Disease,hsa-miR-4511,0.2076989859342575
Anemia and Refractory and with Excess of Blasts,hsa-mir-8074,0.20767559111118317
Hyperglycinemia and Nonketotic,hsa-miR-4482,0.20767049491405487
Encephalitis and Viral,hsa-miR-4437,0.20767031610012054
Stomatitis and Aphthous,hsa-miR-320b,0.20766671001911163
Cholecystolithiasis,hsa-miR-4511,0.20763887465000153
Lipid Metabolism Disorders,hsa-miR-4439,0.20763267576694489
Neointima,hsa-miR-146,0.2076137214899063
Mesangial sclerosis and diffuse,hsa-miR-4428,0.20760579407215118
Severe Fever with Thrombocytopenia Syndrome,hsa-miR-4439,0.20759667456150055
Mesothelioma and Malignant,hsa-miR-4437,0.20758838951587677
Rh-Negative Hemolytic Disease and Fetus,hsa-miR-4511,0.20758451521396637
Respiration Disorders,hsa-miR-4511,0.20757369697093964
hypotrichosis 8,hsa-miR-4511,0.20747028291225433
Adrenoleukodystrophy,hsa-mir-7844,0.20745275914669037
Rheumatic Fever,hsa-miR-4511,0.20743070542812347
Renal Interstitial Fibrosis,hsa-miR-4511,0.20742563903331757
Rhabdomyosarcoma,hsa-miR-4511,0.20741082727909088
Sepsis-Associated Encephalopathy,hsa-miR-4511,0.20740042626857758
Frontotemporal Lobar Degeneration,hsa-miR-4511,0.20736925303936005
Trypanosomiasis and African,hsa-miR-4482,0.20736677944660187
Diabetic Ischemia Complication,hsa-miR-4511,0.20736147463321686
Developmental Dysplasia of the Hip,hsa-miR-4511,0.20734073221683502
Intra-Articular Fractures,hsa-miR-412-5p,0.20733945071697235
Mandibular Diseases,hsa-miR-4437,0.2073325663805008
Hyperoxia,hsa-miR-4439,0.20732481777668
Temporomandibular Joint Disorders,hsa-miR-4511,0.20732156932353973
Chondrocyte Hypertrophy,hsa-miR-4511,0.20731954276561737
Panniculitis and Peritoneal,hsa-miR-4511,0.20731694996356964
Heart Failure and Acute,hsa-miR-4482,0.20731551945209503
Diffuse Alveolar Hemorrhage and Autoimmune-Mediated,hsa-miR-4437,0.20731358230113983
Leukemia and Myeloid and Acute and T-Cell,hsa-miR-4511,0.2073097676038742
Plant Poisoning,hsa-miR-4511,0.207306370139122
Wilms Tumor,hsa-miR-4511,0.2073015421628952
Arrhythmogenic Right Ventricular Dysplasia,hsa-miR-4437,0.20728372037410736
Charcot-Marie-Tooth disease type 1B,hsa-miR-4511,0.20728139579296112
Lipoma,hsa-miR-4511,0.20727913081645966
Fatigue,hsa-miR-4437,0.2072773426771164
Mesothelioma,hsa-miR-4511,0.20725016295909882
Lymphangioleiomyomatosis,hsa-miR-4437,0.20724765956401825
Ehlers-Danlos Syndrome and musculocontractural type 1,hsa-mir-7844,0.20723651349544525
Teratoma,hsa-miR-4482,0.20723368227481842
Blind Loop Syndrome,hsa-miR-1295a,0.20723043382167816
Hypothermia,hsa-miR-4437,0.20722807943820953
Pancreatic Intraductal Neoplasms,hsa-miR-4511,0.20722748339176178
Primary Myelofibrosis,hsa-miR-4511,0.2072225660085678
Asthenozoospermia,hsa-miR-4511,0.20718656480312347
Chronic  Kidney Disease,hsa-miR-4511,0.20717932283878326
Repolarization Abnormality,hsa-miR-4511,0.2071552723646164
Leishmaniasis and Diffuse Cutaneous,hsa-miR-4511,0.2071407586336136
Asthma and Allergic and Seasonal,hsa-mir-8074,0.2071303278207779
Costello Syndrome,hsa-miR-4482,0.2070891410112381
Metabolic  Syndrome,hsa-miR-4482,0.20708481967449188
Multiple System Atrophy,hsa-miR-4482,0.20705892145633698
Neuromuscular Junction Diseases,hsa-miR-4511,0.2070438712835312
Pancoast Syndrome,hsa-miR-4439,0.2070242017507553
Fluoride Poisoning,hsa-miR-376b-3p,0.20701085031032562
Neointima,hsa-miR-193b-5p,0.20700202882289886
Histiocytosis,hsa-mir-7844,0.20698274672031403
Sucrase-isomaltase deficiency and congenital,hsa-miR-4511,0.20695792138576508
Sialic Acid Storage Disease,hsa-miR-4439,0.20695684850215912
Intra-Articular Fractures,hsa-miR-4433-3p,0.2069525569677353
Severe Acute Respiratory Syndrome,rno-miR-352,0.20694951713085175
Papillomavirus Infections,hsa-miR-4482,0.20694057643413544
Gastric Cancer and Early,hsa-miR-4482,0.20691965520381927
Chemical and Drug Induced Liver Injury and Chronic,hsa-miR-4439,0.20689894258975983
Ganglion Cysts,hsa-miR-4482,0.20686323940753937
isolated cleft palate,hsa-miR-4439,0.2068565934896469
Esophageal Achalasia,hsa-miR-376b-3p,0.20684926211833954
Fusariosis,hsa-miR-4439,0.20683841407299042
Asthma and Chronic,hsa-miR-1b-1,0.20682229101657867
Heart Failure and Diastolic,hsa-miR-29c,0.20679102838039398
Erythema,hsa-miR-4482,0.20675607025623322
Humeral Fractures,hsa-miR-376b-3p,0.20675165951251984
Hearing Loss and Sensorineural,hsa-miR-4482,0.20673362910747528
Amyloidosis and Hereditary and Transthyretin-Related,hsa-miR-4482,0.20672692358493805
Anhedonia,hsa-miR-4482,0.20670942962169647
Ossification and Heterotopic,mmu-miR-697,0.20670349895954132
Niemann-Pick Diseases,hsa-miR-376b-3p,0.20665456354618073
 Lymph  Node Metastasis,EBV-mir-BART8,0.20664478838443756
hearing loss,hsa-miR-4439,0.20660735666751862
Gaucher Disease,hsa-miR-4482,0.20658625662326813
Nephrotic Syndrome,mmu-miR-697,0.20651347935199738
Holt-Oram syndrome,hsa-miR-4482,0.20646442472934723
ACTH-Secreting Pituitary Adenoma,mmu-miR-697,0.20645682513713837
Femoral Neck Fractures,hsa-miR-4439,0.206442192196846
Liposarcoma,hsa-miR-4482,0.20643408596515656
Liposarcoma,hsa-miR-4439,0.20639516413211823
Encephalitis and Viral,hsa-miR-4482,0.20637409389019012
Ventricular Dysfunction and Right,hsa-miR-4439,0.20636554062366486
 Lymph  Node Metastasis,hsa-miR-3591-3p,0.2063301056623459
Frailty,hsa-miR-4482,0.20627160370349884
Meniscus Degeneration,hsa-miR-3927-5p,0.206247940659523
Systemic Inflammatory Response Syndrome,hsa-miR-4482,0.2062292844057083
Severe Acute Respiratory Syndrome,hsa-mir-7844,0.2062118798494339
Anemia and Iron-Deficiency,hsa-miR-199a*-2,0.20615850389003754
Heart Failure and Diastolic,hsa-miR-218-1,0.2061198502779007
Osteolysis and Essential,hsa-miR-4482,0.20611120760440826
Hashimoto Disease,hsa-miR-4482,0.2061110883951187
Mycobacterium Infections,hsa-miR-4439,0.20610682666301727
Noma,hsa-miR-4439,0.20610545575618744
childhood acute myeloid leukemia,hsa-miR-4482,0.20609889924526215
Jequier Kozlowski skeletal dysplasia,hsa-miR-4482,0.20608536899089813
Motor Disorders,hsa-miR-218-1,0.20607610046863556
Stomatitis and Aphthous,hsa-miR-20b*,0.20607410371303558
Osteolysis and Essential,hsa-miR-4439,0.20607228577136993
Germ Cell Tumor and Non-Teratomatous,hsa-miR-4439,0.2060718983411789
Spinal Cord Compression,hsa-miR-15a-5p,0.20604799687862396
Jequier Kozlowski skeletal dysplasia,hsa-miR-4439,0.20604641735553741
Aortic Valve Stenosis,hsa-miR-4482,0.2060379832983017
Knee Injuries,hsa-miR-4482,0.20602889358997345
Neutropenia,hsa-miR-3927-5p,0.20602883398532867
Diffuse Alveolar Hemorrhage and Autoimmune-Mediated,hsa-miR-4482,0.2060173600912094
Wounds and Nonpenetrating,hsa-miR-4482,0.20601560175418854
Cystadenocarcinoma and Serous and Ovarian,hsa-miR-4482,0.2060084491968155
Premenstrual Syndrome,hsa-miR-4482,0.2059984654188156
Mandibular Diseases,hsa-miR-4439,0.20599742233753204
Infectious pancreatic necrosis virus,hsa-miR-4439,0.20599256455898285
Tachycardia and Sinus,hsa-miR-093,0.20599116384983063
Eye Diseases,hsa-miR-4511,0.20598818361759186
HIV-Associated Lipodystrophy Syndrome,hsa-miR-4439,0.20598123967647552
Fatigue,hsa-miR-4482,0.2059810608625412
Diffuse Alveolar Hemorrhage and Autoimmune-Mediated,hsa-miR-4439,0.2059783786535263
Hypothyroidism,hsa-miR-4482,0.20597155392169952
Guillain-Barre Syndrome,hsa-miR-4482,0.20596830546855927
Cerebral Hemorrhage and Traumatic,hsa-mir-7844,0.20596720278263092
high grade glioma,hsa-miR-4482,0.20594586431980133
Leukopenia,EBV-mir-BART8,0.20594559609889984
Fractures and Bone,hsa-miR-4439,0.20593394339084625
Hypothyroidism,hsa-miR-4439,0.20593266189098358
Guillain-Barre Syndrome,hsa-miR-4439,0.20592938363552094
Graft Occlusion and Vascular,hsa-miR-4439,0.2059188038110733
Campomelia Cumming type,hsa-miR-4482,0.20591096580028534
high grade glioma,hsa-miR-4439,0.20590688288211823
Fatty Liver and Alcoholic,hsa-mir-7844,0.20590360462665558
congenital nongoitrous hypothyroidism 4,hsa-miR-4439,0.20589353144168854
Intra-Articular Fractures,hsa-miR-3928-3p,0.20589013397693634
Campomelia Cumming type,hsa-miR-4439,0.205872043967247
Inflammation and Chronic,hsa-miR-15a-5p,0.20585326850414276
Shock and Cardiogenic,hsa-mir-7844,0.20582373440265656
Nevi and Melanomas,hsa-miR-15a-5p,0.20581389963626862
White Coat Hypertension,hsa-mir-8074,0.2057093232870102
thyroid gland Hurthle cell carcinoma,hsa-miR-1303,0.20566187798976898
Amebiasis,hsa-miR-212-3p,0.20566149055957794
Parvoviridae Infections,hsa-miR-17-92,0.20560969412326813
Tibial Neuropathy,hsa-miR-3920,0.20559649169445038
Motion Sickness,hsa-miR-4511,0.20555414259433746
Skin Ulcer,hsa-miR-20a-3p,0.20553426444530487
Rheumatic Heart Disease,hsa-miR-4428,0.20551805198192596
Vitreoretinochoroidopathy,hsa-miR-20b*,0.20549528300762177
Iridocorneal Endothelial Syndrome,hsa-miR-20b*,0.20544226467609406
Disease Progression,hsa-miR-4511,0.2054116576910019
Solitary Pulmonary Nodule,hsa-miR-1201,0.20540054142475128
Ehlers-Danlos Syndrome and musculocontractural type 1,hsa-miR-4511,0.20530401170253754
Polyposis Syndrome and Hereditary Mixed and 1,hsa-mir-8063,0.20522524416446686
Adenocarcinoma Of Esophagus,hsa-mir-8063,0.20522136986255646
Kidney Cortex Necrosis,hcmv-miR-UL59,0.20520715415477753
Multiple System Atrophy,mmu-miR-697,0.20516450703144073
Friedreich Ataxia,rno-miR-352,0.2051345258951187
Elephantiasis,hsa-miR-4428,0.20512129366397858
Glycogen Storage Disease and Type IXD,hsa-miR-4511,0.2050432711839676
Chorea,hcmv-miR-UL59,0.20503629744052887
Premature Birth,hsa-miR-4511,0.20503415167331696
Gastric Cancer and Early,mmu-miR-697,0.20502515137195587
Rh Deficiency Syndrome,mmu-miR-697,0.2050006240606308
Fluoride Poisoning,hsa-miR-199a*-2,0.20499028265476227
Li-Fraumeni Syndrome,rno-miR-352,0.2049751728773117
Astrocytoma,hsa-mir-7844,0.20496918261051178
Nevi and Melanomas,hsa-mir-8063,0.20492462813854218
Basal Ganglia Hemorrhage,mmu-miR-697,0.2048679143190384
Histiocytoma and Malignant Fibrous,hsa-miR-376b-3p,0.2048673778772354
aortic atherosclerosis,hsa-mir-7844,0.20483456552028656
Nervous System Neoplasms,hsa-mir-8074,0.20482788980007172
pancreatic adenocarcinoma,hsa-miR-4511,0.20480339229106903
Death and Sudden,mmu-miR-697,0.2047283798456192
Tricuspid Valve Insufficiency,hsa-miR-3152,0.20472018420696259
Nevus and Halo,hsa-mir-8074,0.2046440690755844
IMAGe syndrome,hsa-miR-199a*-2,0.20463837683200836
Hypocapnia,hsa-miR-199a*-2,0.20460163056850433
Reperfusion Injury and Ischemia,hsa-miR-193b-5p,0.20458798110485077
Dilated Cardiomyopathy ,hsa-miR-147b,0.2044786661863327
Hemorrhage,hsa-miR-4511,0.204472616314888
Avulavirus Infections,hsa-miR-376b-3p,0.20445893704891205
Leukoencephalopathy and Progressive Multifocal,hsa-miR-433,0.20445691049098969
Heart Diseases,mmu-miR-697,0.20444966852664948
Dry Eye Syndromes,hsa-mir-8074,0.2044483870267868
Cholesteatoma and Middle Ear,hsa-miR-4511,0.2043963223695755
Hypocapnia,hsa-miR-3689f,0.20435233414173126
Elephantiasis,hsa-mir-7844,0.20431457459926605
Maxillary Fractures,hsa-miR-17-92,0.20425067842006683
Germ Cell Tumor and Non-Teratomatous,mmu-miR-697,0.2042163759469986
childhood acute myeloid leukemia,mmu-miR-697,0.20420445501804352
Knee Injuries,mmu-miR-697,0.2041344791650772
Chlamydia Infections,mmu-miR-697,0.20413242280483246
Still's Disease and Adult-Onset,mmu-miR-697,0.2041231244802475
Dilated Cardiomyopathy ,hsa-miR-433,0.20411328971385956
Nervous System Neoplasms,rno-miR-369-3p,0.20410586893558502
Esophageal Neoplasms,mmu-miR-697,0.2041005939245224
Posterior Segment Ocular Diseases,hsa-miR-181a-3p,0.20409555733203888
cough variant asthma,rno-miR-352,0.20406989753246307
high grade glioma,mmu-miR-697,0.20405147969722748
Anemia and sideroblastic spinocerebellar ataxia,hsa-mir-7844,0.20405013859272003
Lattice corneal dystrophy type 1,hsa-miR-181a-3p,0.2040388137102127
Reperfusion Injury and Steatotic Liver Ischemia,hsa-miR-433,0.2040228694677353
Eye Infections and Fungal,hsa-miR-181a-3p,0.20391319692134857
Fibrosis and Pancreas,hsa-miR-4511,0.20388583838939667
Multiple Mitochondrial Dysfunctions Syndrome,hsa-miR-181a-3p,0.20388518273830414
Congenital Abnormalities,hsa-mir-8074,0.2038692682981491
Plasmablastic Lymphoma,hsa-mir-8074,0.2038639932870865
Tachycardia and Sinus,hsa-miR-2392,0.20382289588451385
Disseminated Intravascular Coagulation,hsa-mir-8074,0.203795924782753
Chediak-Higashi Syndrome,hsa-let-7b*,0.20379363000392914
Autoimmune Diseases of the Nervous System,hsa-miR-3681-3p,0.20378901064395905
Camptocormia,hsa-mir-8074,0.20378632843494415
Hemorrhagic Fever With Renal Syndrome,hsa-mir-8074,0.20374707877635956
Dry Eye Syndromes,rno-miR-369-3p,0.20372633635997772
Rheumatic Fever,hsa-mir-8074,0.20364819467067719
Hyperuricemic Nephropathy,hsa-mir-8074,0.203643336892128
Tendon Injuries,hsa-miR-4511,0.20363600552082062
Rhabdomyosarcoma,hsa-mir-8074,0.20362837612628937
Sepsis-Associated Encephalopathy,hsa-mir-8074,0.2036179155111313
Aortopathies,hsa-mir-7844,0.2036023885011673
Dilated Cardiomyopathy ,hsa-miR-150-5p,0.20359916985034943
Child Development Disorders and Pervasive,hsa-mir-8074,0.2035972625017166
Alcohol Withdrawal Syndrome,hsa-mir-8074,0.20356149971485138
Temporomandibular Joint Disorders,hsa-mir-8074,0.20353911817073822
Chondrocyte Hypertrophy,hsa-mir-8074,0.20353703200817108
Panniculitis and Peritoneal,hsa-mir-8074,0.20353443920612335
Fused Teeth,hsa-mir-8074,0.20353113114833832
Plant Poisoning,hsa-mir-8074,0.20352385938167572
Myocardial Ischemia,hsa-mir-8074,0.20349864661693573
Epilepsy and Generalized,hsa-mir-8074,0.20348866283893585
Neurodevelopmental Injuries,hsa-mir-8074,0.20347367227077484
Mesothelioma,hsa-mir-8074,0.2034677118062973
Brain Diseases,hsa-mir-8074,0.20345400273799896
Scleroderma and Diffuse,hsa-mir-8074,0.20345063507556915
Neoplasms and Plasma Cell,hsa-mir-8074,0.20343904197216034
Osteitis,hsa-mir-8074,0.20343820750713348
Chromosome Aberrations,hsa-mir-8074,0.20342017710208893
Ovarian Failure and Premature ,hsa-miR-4511,0.20341835916042328
Marek Disease,rno-miR-352,0.20336441695690155
Hyphema,hsa-miR-30c-2,0.20336087048053741
Hyperglycinemia and Nonketotic,rno-miR-352,0.20335598289966583
Nephrotic Syndrome,hsa-mir-7844,0.20335565507411957
ACTH-Secreting Pituitary Adenoma,hsa-mir-7844,0.20329900085926056
Pathologic Processes,hsa-miR-4511,0.2032904475927353
Meniscus Degeneration,hsa-miR-28,0.20326931774616241
Constriction and Pathologic,hsa-mir-8074,0.20326708257198334
Neuromuscular Junction Diseases,hsa-mir-8074,0.20326142013072968
Hypocapnia,hsa-miR-1225,0.2030983716249466
Cerebral Palsy,rno-miR-369-3p,0.20309369266033173
Anemia and Iron-Deficiency,hsa-miR-3124,0.20309104025363922
Fibromyalgia,rno-miR-369-3p,0.2030899077653885
Amebiasis,hsa-miR-320B,0.2030533403158188
Supranuclear Palsy and Progressive,rno-miR-369-3p,0.20304922759532928
Varicose Ulcer,hsa-miR-4511,0.2030326873064041
Chediak-Higashi Syndrome,hsa-miR-320B,0.20302049815654755
Ophthalmoplegia and Chronic Progressive External,hsa-miR-376b-3p,0.20293255150318146
Renal Interstitial Fibrosis,rno-miR-369-3p,0.20292110741138458
aortic atherosclerosis,hsa-miR-4511,0.20290212333202362
Salivary Gland Neoplasms,rno-miR-369-3p,0.20286913216114044
Squamous Intraepithelial Lesions of the Cervix,rno-miR-369-3p,0.20286591351032257
Alcohol Withdrawal Syndrome,rno-miR-369-3p,0.2028394192457199
Sialic Acid Storage Disease,hsa-miR-4428,0.2027503401041031
Hereditary Autoinflammatory Diseases,hsa-miR-320B,0.2027292400598526
Optic Nerve Glioma,hsa-miR-320B,0.20270602405071259
Asthenozoospermia,rno-miR-369-3p,0.2026820033788681
Chronic  Kidney Disease,rno-miR-369-3p,0.20267482101917267
Pregnancy Complications and Infectious,rno-miR-369-3p,0.20266549289226532
Intellectual Disability,rno-miR-369-3p,0.20266155898571014
Anorexia Nervosa,hsa-mir-8074,0.2026364952325821
Humeral Fractures,hsa-miR-374a-3p,0.2026292234659195
Neointimal Hyperplasia,rno-miR-369-3p,0.20259295403957367
Neointima,hsa-miR-3117-3p,0.20258943736553192
Pyoderma Gangrenosum,hsa-miR-320B,0.20257402956485748
Penile Neoplasms,rno-miR-352,0.20256273448467255
Preterm Premature Rupture of the Membranes,hsa-mir-7844,0.20256151258945465
Hypocapnia,hsa-miR-3117-3p,0.2025405913591385
Opium Dependence,hsa-mir-7844,0.20253942906856537
Neuromuscular Junction Diseases,rno-miR-369-3p,0.2025393694639206
Retroviridae Infections,hsa-mir-8074,0.2025391310453415
Niemann-Pick Diseases,hsa-miR-374a-3p,0.202532097697258
Meniscus Degeneration,hsa-miR-100-2,0.2025081068277359
Reperfusion Injury and Testicular Ischemia,hsa-miR-3150b-3p,0.20247001945972443
Dementia and Vascular,hsa-mir-7844,0.20242737233638763
proliferative diabetic retinopathy,rno-miR-369-3p,0.20238472521305084
Autoimmune Diseases of the Nervous System,hsa-miR-3150b-3p,0.20233790576457977
Respiratory Sounds,hsa-miR-193b-5p,0.2022927850484848
Cone Dystrophy 3,hsa-miR-181c,0.20225657522678375
Femoral Neck Fractures,hsa-miR-4428,0.2022356539964676
Eye Diseases,hsa-mir-8074,0.20220573246479034
Macular dystrophy and corneal type 1,rno-miR-369-3p,0.20219649374485016
Posterior Segment Ocular Diseases,hsa-miR-124a-2,0.20219643414020538
Phyllodes Tumor and Breast,hsa-miR-135b,0.2021704465150833
Pelvic Organ Prolapse,hsa-miR-4428,0.202165886759758
Costello Syndrome,hsa-mir-7844,0.2020370215177536
Pancoast Syndrome,hsa-mir-7844,0.20201100409030914
Myopia and Degenerative,hsa-miR-4511,0.20200209319591522
Hyphema,hsa-miR-193b-5p,0.20197518169879913
Anemia and Iron-Deficiency,hsa-miR-4267,0.20197482407093048
Placenta Accreta,hsa-miR-4428,0.20190154016017914
Vitreoretinochoroidopathy,mmu-miR-744,0.20189334452152252
Heart   Transplant Rejection,hsa-mir-7844,0.20179535448551178
Parvoviridae Infections,hcmv-miR-UL59,0.20176495611667633
Encephalopathy and Bovine Spongiform,hsa-mir-7844,0.2017432302236557
 Lymph  Node Metastasis,hsa-miR--196a-2,0.2017255276441574
Histiocytoma and Malignant Fibrous,hsa-miR-4291,0.2017248421907425
hereditary fructose intolerance syndrome,rno-miR-352,0.20171745121479034
Graft Occlusion and Vascular,hsa-miR-4428,0.2017122358083725
Ossification of the posterior longitudinal ligament of the spine,hsa-mir-7844,0.20170386135578156
Abnormalities and Drug-Induced,hsa-miR-4428,0.20169375836849213
Pyelonephritis,hsa-miR-4428,0.20168687403202057
Tauopathies,hsa-miR-30c-2,0.20165397226810455
Intermittent Claudication,hsa-miR-3614-5p,0.20164428651332855
Disease Progression,hsa-mir-8074,0.20162920653820038
congenital nongoitrous hypothyroidism 4,rno-miR-352,0.20161794126033783
Acute Uterine Injury,hsa-mir-8074,0.20158205926418304
Parvoviridae Infections,hsa-miR-223-5p,0.20157350599765778
Death and Sudden,hsa-mir-7844,0.20157061517238617
Anemia and Iron-Deficiency,hsa-miR-1975,0.20154832303524017
Gaucher Disease,hsa-mir-7844,0.20153407752513885
Ehlers-Danlos Syndrome and musculocontractural type 1,hsa-mir-8074,0.20152156054973602
Neuralgia and Postherpetic,hsa-miR-374a-3p,0.20151232182979584
Progeria,hsa-mir-8074,0.20149530470371246
Eye Diseases,rno-miR-369-3p,0.20148371160030365
Cardiomyopathy and Alcoholic,hsa-mir-7844,0.20148049294948578
Substance-Related Disorders,hsa-mir-7844,0.20143510401248932
Tooth and Supernumerary,hsa-mir-7844,0.20141060650348663
Motor Neuron Disease,hsa-miR-376b-3p,0.201394185423851
Liposarcoma,hsa-mir-7844,0.2013818770647049
Pelvic Organ Prolapse,hsa-mir-7844,0.20135922729969025
Encephalitis and Viral,hsa-mir-7844,0.2013218253850937
Mastitis and Bovine,hsa-miR-4511,0.20127446949481964
Ophthalmoplegia and Chronic Progressive External,hsa-miR-223-5p,0.2012590616941452
Gastric Antral Vascular Ectasia,hsa-miR-30c-2,0.2012060433626175
Reperfusion Injury and Renal Ischemia,hsa-mir-7844,0.2011868804693222
Systemic Inflammatory Response Syndrome,hsa-mir-7844,0.20117713510990143
alpha-Thalassemia,hsa-miR-20a*,0.20117704570293427
Amebiasis,hsa-miR-33a*,0.20117320120334625
Asthma ,hsa-miR-4511,0.2011706680059433
Meniscus Degeneration,hsa-miR-33a*,0.20113714039325714
Ciliary Motility Disorders,hsa-miR-4511,0.20112286508083344
Mycobacterium Infections,hsa-mir-7844,0.20109353959560394
Fluoride Poisoning,hsa-miR-125b-2,0.2010032683610916
Severe Dengue,hsa-mir-7844,0.20100216567516327
Chediak-Higashi Syndrome,hsa-miR-23c,0.20098184049129486
Knee Injuries,hsa-mir-7844,0.2009766548871994
Primary Aldosteronism ,hsa-mir-7844,0.20097188651561737
Premenstrual Syndrome,hsa-mir-7844,0.20094628632068634
Fractures and Bone,hsa-mir-7844,0.20092077553272247
Brain Injuries,hsa-mir-7844,0.20089091360569
Human T-Cell Leukemia Virus Type 1 Infections,hsa-miR-432*,0.20088781416416168
Hypothermia,hsa-mir-7844,0.20087964832782745
Asthma and Chronic,hsa-miR-33a*,0.20086045563220978
Respiratory Sounds,hsa-miR-1201,0.20079202950000763
Tachycardia and Sinus,hsa-miR-4267,0.2007410079240799
Liposarcoma and Myxoid,hsa-miR-33a*,0.20073695480823517
Dilated Cardiomyopathy ,hsa-miR-17-92,0.20072458684444427
Tibial Neuropathy,hsa-miR-302b,0.2006976455450058
Marek Disease,hsa-miR-4511,0.200694277882576
Hereditary Autoinflammatory Diseases,hsa-miR-23c,0.20069058239459991
Hemorrhage,hsa-mir-8074,0.2006901651620865
Equine Infectious Anemia,hsa-miR-23c,0.20068056881427765
Postoperative Cognitive Complications,hsa-miR-4511,0.20064856112003326
Autoimmune Diseases of the Nervous System,hsa-miR-302b,0.20063965022563934
Preterm Premature Rupture of the Membranes,hsa-miR-4511,0.20062901079654694
Cholesteatoma and Middle Ear,hsa-mir-8074,0.200613871216774
Opium Dependence,hsa-miR-4511,0.20060692727565765
Neointima,hsa-miR-211-5p,0.20059742033481598
Neoplasms and Mesothelial,hsa-miR-302b,0.20059557259082794
Dementia and Vascular,hsa-miR-4511,0.20049481093883514
Hypocapnia,hsa-miR-4267,0.2004179209470749
Mycoplasma pneumoniae pneumonia,hsa-miR-3934-3p,0.200398251414299
Skin Ulcer,hsa-miR-376b-3p,0.2003924697637558
Trypanosomiasis and African,hsa-miR-4511,0.20038209855556488
Chediak-Higashi Syndrome,hsa-miR-206,0.2003718465566635
Heart Failure and Acute,hsa-miR-4511,0.20033083856105804
Respiratory Sounds,hsa-miR-223-5p,0.20028813183307648
Fluoride Poisoning,hsa-let-7a-1,0.20027302205562592
Reperfusion Injury and Ischemia,hsa-miR-1271-3p,0.20026428997516632
Splenic Neoplasms,hsa-miR-3934-3p,0.2002405971288681
Maxillary Fractures,hsa-miR-223-5p,0.20021454989910126
Tachycardia and Sinus,hsa-let-7a-1,0.2002073973417282
Diminished  Ovarian Reserve,hsa-miR-206,0.2001977115869522
Fatty Liver and Alcoholic,hsa-mir-8074,0.20018859207630157
Shock and Cardiogenic,hsa-mir-8074,0.20010872185230255
Costello Syndrome,hsa-miR-4511,0.2001044601202011
Fibrosis and Pancreas,hsa-mir-8074,0.20010332763195038
Metabolic  Syndrome,hsa-miR-4511,0.20010019838809967
Wound Infection,hsa-miR-206,0.2000998705625534
Asthma and Chronic,hsa-miR-3934-3p,0.2000771313905716
Lymphoma and T-Cell and Peripheral,hsa-miR-4511,0.19998104870319366
Granulomatous Disease and Chronic,hsa-miR-206,0.1999799758195877
Intrahepatic Cholestasis of Pregnancy,hsa-miR-4511,0.1999577432870865
Thyroid cancer and medullary,hsa-miR-4511,0.199941024184227
Neointima,hsa-let-7a-1,0.19993318617343903
Penile Neoplasms,hsa-miR-4511,0.19989268481731415
Fusariosis,hsa-miR-4511,0.19989262521266937
Cholesteatoma and Middle Ear,rno-miR-369-3p,0.19989176094532013
Hypocapnia,hsa-let-7a-1,0.1998843103647232
Heart   Transplant Rejection,hsa-miR-4511,0.1998627930879593
Gastric Antral Vascular Ectasia,hsa-miR-193b-5p,0.199820414185524
Exostoses,hsa-let-7a-1,0.1998126357793808
Encephalopathy and Bovine Spongiform,hsa-miR-4511,0.19981072843074799
Urethritis,hsa-miR-184,0.19980962574481964
Hypocapnia,hsa-miR-30a,0.1997881978750229
Ossification of the posterior longitudinal ligament of the spine,hsa-miR-4511,0.19977138936519623
Hypocapnia,hsa-miR-219b-5p,0.19973255693912506
Parvoviridae Infections,hsa-miR-1225,0.1997232884168625
Parvoviridae Infections,hsa-miR-4327,0.19966407120227814
Death and Sudden,hsa-miR-4511,0.19963808357715607
Hyphema,hsa-miR-199a*-2,0.19962362945079803
Lung  Adenocarcinoma,rno-miR-369-3p,0.19960694015026093
Cardiomyopathy and Alcoholic,hsa-miR-4511,0.19954799115657806
Substance-Related Disorders,hsa-miR-4511,0.1995026022195816
Holt-Oram syndrome,hsa-miR-4511,0.19947965443134308
Tooth and Supernumerary,hsa-miR-4511,0.19947804510593414
Parvoviridae Infections,hsa-miR-422b,0.19945164024829865
Pelvic Organ Prolapse,hsa-miR-4511,0.19942675530910492
Diminished  Ovarian Reserve,hsa-miR-140-5p,0.19938738644123077
Tibial Neuropathy,hsa-miR-1251-5p,0.1993398219347
Classical Swine Fever,hsa-miR-1251-5p,0.19932179152965546
Myotonic Dystrophy,hsa-miR-1251-5p,0.19930164515972137
Periodontitis and Diabetic,hsa-miR-1251-5p,0.19930149614810944
Renal Artery Obstruction,hsa-miR-1251-5p,0.19929499924182892
Parvoviridae Infections,hsa-miR-1271-3p,0.19925446808338165
Varicose Ulcer,hsa-mir-8074,0.19925017654895782
Adenocarcinoma in Situ,hsa-miR-140-5p,0.19924066960811615
Reperfusion Injury and Ischemia,hsa-miR-3124,0.1991688460111618
Parvoviridae Infections,hsa-miR-3117-3p,0.19916550815105438
Placenta Accreta,hsa-miR-4511,0.19916246831417084
Hashimoto Disease,hsa-miR-4511,0.1991264671087265
Germ Cell Tumor and Non-Teratomatous,hsa-miR-4511,0.19912604987621307
Hypoglycemia,hsa-miR-376b-3p,0.19909881055355072
familial chylomicronemia syndrome,hsa-miR-4511,0.19907377660274506
Severe Dengue,hsa-miR-4511,0.19906966388225555
Neutropenia,hsa-miR-4306,0.19906766712665558
Knee Injuries,hsa-miR-4511,0.1990441530942917
Primary Aldosteronism ,hsa-miR-4511,0.19903941452503204
Embolic Stroke,hsa-miR-4511,0.19902373850345612
Gastrointestinal Stromal Tumors,hsa-miR-4511,0.19900529086589813
Airway Obstruction,EBV-miR-BART3,0.19899927079677582
Fluoride Poisoning,hsa-miR-4271,0.1989978402853012
Optic Neuritis,rno-miR-369-3p,0.19899751245975494
Rheumatic Heart Disease,hsa-mir-8074,0.19899652898311615
Fatigue,hsa-miR-4511,0.19899632036685944
Polycystic Kidney Diseases,hsa-miR-4511,0.19899515807628632
Angioedemas and Hereditary,EBV-miR-BART16,0.19897179305553436
Graft Occlusion and Vascular,hsa-miR-4511,0.19896920025348663
glioblastoma,hsa-miR-2392,0.19896559417247772
Abnormalities and Drug-Induced,hsa-miR-4511,0.19894243776798248
Substance Withdrawal Syndrome,hsa-mir-8074,0.19892390072345734
Campomelia Cumming type,hsa-miR-4511,0.19890160858631134
Humeral Fractures,hsa-miR-130b,0.1988946944475174
Vaginosis and Bacterial,EBV-miR-BART16,0.19889070093631744
Inflammation and Chronic,EBV-miR-BART16,0.19885225594043732
idiopathic scoliosis,rno-miR-369-3p,0.1988343447446823
Visceral Hypersensitivity,EBV-miR-BART16,0.19882328808307648
Nevi and Melanomas,EBV-miR-BART16,0.19881288707256317
Myotonic Dystrophy,EBV-miR-BART16,0.19879047572612762
Anemia and Iron-Deficiency,hsa-miR-338-5p,0.1987728625535965
Hypocapnia,hsa-miR-130b,0.19876514375209808
Granulomatous Disease and Chronic,EBV-miR-BART16,0.19874556362628937
Chronic   Pelvic Pain Syndrome,EBV-miR-BART16,0.19872723519802094
Neoplasms and Mesothelial,EBV-miR-BART16,0.19872663915157318
Congenital amegakaryocytic thrombocytopenia,hsa-miR-376b-3p,0.19872556626796722
Friedreich Ataxia,hsa-mir-8074,0.19868196547031403
Histiocytoma and Malignant Fibrous,hsa-miR-4267,0.198663130402565
Equine Infectious Anemia,hsa-miR-213,0.19859270751476288
Amebiasis,hsa-miR-222,0.1985771209001541
Sepsis and Intensive Care Unit-Acquired,hsa-miR-213,0.19856582581996918
Dilated Cardiomyopathy ,hsa-miR-151-3p,0.1985594481229782
AIDS-Related Complex,rno-miR-369-3p,0.1985534280538559
Varicose Ulcer,rno-miR-369-3p,0.19852806627750397
Li-Fraumeni Syndrome,hsa-mir-8074,0.19852261245250702
Tauopathies,hsa-miR-135b-3p,0.19847898185253143
Splenic Neoplasms,hsa-miR-222,0.1984279602766037
Deficiency Diseases,rno-miR-369-3p,0.19838853180408478
 Lymph  Node Metastasis,hsa-miR-3614-5p,0.19838635623455048
Anemia and Iron-Deficiency,EBV-mir-BART8,0.1983192414045334
Bursitis,rno-miR-369-3p,0.19828294217586517
Rheumatic Heart Disease,rno-miR-369-3p,0.1982744187116623
Lymphoma and Large-Cell and Anaplastic,hsa-miR-376b-3p,0.19825203716754913
Lupus Vasculitis and Central Nervous System,hsa-miR-222,0.1982365995645523
Heart Failure and Diastolic,hsa-miR-376b-3p,0.19822706282138824
Hyphema,hsa-miR-1225,0.19812031090259552
Edwardsiella tarda,rno-miR-27a,0.19811324775218964
Cholecystolithiasis,rno-miR-27a,0.19810150563716888
Fibromyalgia,rno-miR-27a,0.19805698096752167
Grave Disease,rno-miR-27a,0.19804848730564117
Rh-Negative Hemolytic Disease and Fetus,rno-miR-27a,0.19804702699184418
Pregnancy and Ectopic,rno-miR-27a,0.19801943004131317
Epidural   Fibrosis,rno-miR-27a,0.19798432290554047
Gastric Antral Vascular Ectasia,hcmv-miR-UL59,0.19796673953533173
Spherocytosis and Hereditary,rno-miR-369-3p,0.1979147344827652
Inflammation-Related  Depression,hsa-miR-1225,0.1979048103094101
Rheumatic Fever,rno-miR-27a,0.19789330661296844
Cardiac Dysfunction,rno-miR-27a,0.19787545502185822
Ossification and Heterotopic,hsa-mir-8074,0.19783078134059906
Diabetic Ischemia Complication,rno-miR-27a,0.19782404601573944
Scleral Diseases,mmu-miR-693-5p,0.19780965149402618
Maxillary Fractures,hsa-miR-3117-3p,0.19780655205249786
Chorea,hsa-miR-218-2,0.19778569042682648
Wilms Tumor,rno-miR-27a,0.19776411354541779
Charcot-Marie-Tooth disease type 1B,rno-miR-27a,0.19774402678012848
Miliaria,rno-miR-27a,0.19773457944393158
Prostatic Diseases,rno-miR-27a,0.1977204829454422
Chorea,hsa-miR-365a-3p,0.19771672785282135
Mesothelioma,rno-miR-27a,0.19771279394626617
Coxsackievirus Infections,rno-miR-27a,0.19770757853984833
Renal Insufficiency,rno-miR-27a,0.197699174284935
Pancreatic Intraductal Neoplasms,rno-miR-27a,0.19769011437892914
Osteitis,rno-miR-27a,0.19768328964710236
Encephalocraniocutaneous lipomatosis,rno-miR-27a,0.19765259325504303
Intellectual Disability,rno-miR-27a,0.19762875139713287
Fluoride Poisoning,hsa-miR-338-5p,0.19760467112064362
ACTH-Secreting Pituitary Adenoma,hsa-mir-8074,0.19758407771587372
Reperfusion Injury and Testicular Ischemia,mmu-miR-693-5p,0.19754774868488312
Mastitis and Bovine,hsa-mir-8074,0.19749201834201813
Myeloma Bone Disease,mmu-miR-693-5p,0.19748784601688385
Hypocapnia,hsa-miR-146b-5p,0.19746161997318268
Nevi and Melanomas,mmu-miR-693-5p,0.197457954287529
Renal Artery Obstruction,mmu-miR-693-5p,0.19742871820926666
Hypoglycemia,hcmv-miR-UL59,0.19740234315395355
Granulomatous Disease and Chronic,mmu-miR-693-5p,0.19739051163196564
Asthma ,hsa-mir-8074,0.19737981259822845
Encephalitis and Tick-Borne,mmu-miR-693-5p,0.19732855260372162
Stomatitis and Aphthous,hcmv-miR-UL59,0.19725094735622406
Ameloblastoma,rno-miR-27a,0.19721616804599762
Precursor B-Cell Lymphoblastic Leukemia-Lymphoma,rno-miR-27a,0.19719676673412323
Hypoglycemia,hsa-miR-223-5p,0.19716127216815948
Neointima,hsa-miR-193a,0.19715522229671478
Fluoride Poisoning,EBV-mir-BART8,0.19715110957622528
Scleral Diseases,hsa-miR-324,0.19710366427898407
Neurobehavioral Manifestations,hsa-mir-8074,0.1970846801996231
Parvoviridae Infections,hsa-miR-4267,0.19704286754131317
Ataxia Telangiectasia,rno-miR-27a,0.19703374803066254
Gestational Trophoblastic Disease,hsa-miR-3686,0.1968778520822525
Fluoride Poisoning,hsa-miR-3591-3p,0.19683636724948883
Sarcoma 37,EBV-mir-BART8,0.19683386385440826
Intra-Articular Fractures,hsa-miR-130a-3p,0.19681619107723236
IMAGe syndrome,EBV-mir-BART8,0.1967991441488266
Retroviridae Infections,rno-miR-27a,0.1967841535806656
Nevi and Melanomas,hsa-miR-409-5p,0.19676844775676727
Hypocapnia,EBV-mir-BART8,0.19676239788532257
Intermittent Claudication,hsa-miR-216,0.19675208628177643
Nevi and Melanomas,hsa-miR-324,0.19675196707248688
Tuberculosis and Gastrointestinal,hsa-miR-3686,0.19674567878246307
Absent corpus callosum cataract immunodeficiency,hsa-miR-1321,0.19673116505146027
Periodontitis and Diabetic,hsa-miR-1321,0.19669638574123383
Proteinuria,hsa-mir-8074,0.19669340550899506
Ulcerative   Colitis,rno-miR-27a,0.19663424789905548
Congenital amegakaryocytic thrombocytopenia,hsa-miR-1301-5p,0.1966329663991928
Preterm Premature Rupture of the Membranes,hsa-mir-8074,0.19659723341464996
Branchio-Oto-Renal Syndrome,rno-miR-27a,0.19657258689403534
Fluoride Poisoning,hsa-miR-3669,0.19656334817409515
Chediak-Higashi Syndrome,hsa-miR-1268a@,0.19647155702114105
Parvoviridae Infections,hsa-miR-1285-5p,0.19646917283535004
Hemophilia A,hsa-mir-8074,0.19646771252155304
Vitreoretinochoroidopathy,hsa-miR-135b-3p,0.19644464552402496
Parvoviridae Infections,hsa-miR-30a,0.19641311466693878
Phyllodes Tumor,rno-miR-369-3p,0.196404829621315
Dysautonomia and Familial,hcmv-miR-UL59,0.19630317389965057
Spasm,hsa-miR-3622a-3p,0.19628198444843292
Reperfusion Injury and Steatotic Liver Ischemia,hsa-miR-3918,0.19623591005802155
IMAGe syndrome,hsa-miR-3669,0.19621144235134125
Venous Neointimal Hyperplasia,hsa-miR-23a,0.19620971381664276
Rhabdoid Tumor and Kidney,hsa-miR-23a,0.19617776572704315
Neurobehavioral Manifestations,rno-miR-369-3p,0.19617511332035065
Hypocapnia,hsa-miR-3669,0.196174755692482
Neuralgia and Postherpetic,hsa-miR-193a,0.19611908495426178
Angina Pectoris and Variant,rno-miR-369-3p,0.1959948092699051
Reperfusion Injury and Steatotic Liver Ischemia,hsa-miR-223-5p,0.19596602022647858
D-bifunctional protein deficiency,hsa-miR-199a*-2,0.195918008685112
Reperfusion Injury and Ischemia,hsa-miR-411,0.19590778648853302
Fluoride Poisoning,hsa-let-7a-3p,0.19584892690181732
Metabolic  Syndrome,hsa-mir-8074,0.19583310186862946
Pancoast Syndrome,hsa-mir-8074,0.19580169022083282
Multiple System Atrophy,hsa-mir-8074,0.19579552114009857
Ehlers-Danlos Syndrome and musculocontractural type 1,rno-miR-27a,0.19576658308506012
Neuropathic Low Back Pain,hsa-miR-199a*-2,0.1957177370786667
Mastocytoma and Skin,EBV-mir-BART8,0.19565825164318085
Airway Obstruction,hsa-miR-3126-5p,0.19563739001750946
Intrahepatic Cholestasis of Pregnancy,hsa-mir-8074,0.1956273466348648
Papillomavirus Infections,hsa-mir-8074,0.19562466442584991
Neointima,hsa-miR-3128,0.19558633863925934
Iridocorneal Endothelial Syndrome,hsa-miR-130a-3p,0.19555304944515228
Dilated Cardiomyopathy ,hsa-miR-130a-3p,0.19555284082889557
Niemann-Pick Diseases,hsa-miR-3190-3p,0.19555269181728363
Airway Obstruction,hsa-let-7a-3p,0.19554631412029266
Intra-Articular Fractures,hsa-miR-2392,0.19553478062152863
Tauopathies,hsa-miR-378a-5p,0.19553475081920624
Penile Neoplasms,hsa-mir-8074,0.19553326070308685
Fusariosis,hsa-mir-8074,0.19553320109844208
Fluoride Poisoning,hsa-miR-186*,0.19552277028560638
Neointima,hsa-let-7a-3p,0.19550912082195282
Myocardial Fibrosis,hsa-mir-8074,0.19548286497592926
Gastrointestinal Neoplasms,hsa-mir-8074,0.19546760618686676
Testicular Neoplasms,hsa-miR-103a-3p,0.1954658180475235
Dysentery,hsa-miR-29b-1,0.1954386681318283
Carcinoma and Mucoepidermoid,hsa-miR-374a-3p,0.195429727435112
Encephalopathy and Bovine Spongiform,hsa-mir-8074,0.19541482627391815
Basal Ganglia Hemorrhage,hsa-mir-8074,0.1953669935464859
Erythema,hsa-mir-8074,0.1953580230474472
Primary Gastrointestinal Diffuse Large B-Cell Lymphoma ,hsa-miR-3674,0.1953354924917221
Reperfusion Injury and Testicular Ischemia,hsa-miR-3674,0.19532327353954315
Anhedonia,hsa-mir-8074,0.19529055058956146
Tauopathies,hsa-miR-374a-3p,0.19528774917125702
Rhabdoid Tumor and Kidney,hsa-miR-3674,0.19526775181293488
pancreatic adenocarcinoma,rno-miR-27a,0.1952660232782364
Humeral Fractures,hsa-miR-186*,0.19526366889476776
Airway Obstruction,hsa-miR-186*,0.1952201873064041
Malaria and Falciparum,hsa-miR-27a-3p,0.1950269490480423
Tendinopathy,rno-miR-27a,0.19502674043178558
Enterovirus A Infection,rno-miR-27a,0.1950167566537857
Iridocorneal Endothelial Syndrome,hsa-miR-29b-1,0.19501404464244843
Dilated Cardiomyopathy ,hsa-miR-29b-1,0.19501380622386932
Substance-Related Disorders,hsa-mir-8074,0.19496960937976837
Reperfusion Injury and Steatotic Liver Ischemia,hsa-miR-29b-1,0.194883331656456
Angioedemas and Hereditary,hsa-miR-149*,0.1948079913854599
Hypocapnia,hsa-miR-30c-2-3p,0.1948005110025406
Posterior Segment Ocular Diseases,hsa-miR-149*,0.19477756321430206
Heart Diseases,hsa-mir-8074,0.19476266205310822
Lymphoma and T-Cell and Peripheral,rno-miR-369-3p,0.19475139677524567
Neuroinflammatory Diseases,rno-miR-27a,0.19474978744983673
Papillomavirus Infections,rno-miR-369-3p,0.19471503794193268
Intra-Articular Fractures,hsa-miR-422b,0.19468702375888824
Adrenocortical Adenoma,hsa-mir-8078,0.194625124335289
Reperfusion Injury and Renal Ischemia,hsa-mir-8074,0.1946108490228653
Urinary Calculi,hsa-miR-149*,0.19457678496837616
Myocardial Fibrosis,rno-miR-369-3p,0.19457323849201202
Juvenile gout,hsa-mir-8078,0.1945606917142868
alpha-Thalassemia,hsa-miR-2392,0.1945420354604721
Deglutition Disorders,hsa-miR-3914,0.1944240778684616
Hearing Loss and Sensorineural,rno-miR-369-3p,0.19441594183444977
childhood acute myeloid leukemia,hsa-mir-8074,0.19440843164920807
Anhedonia,rno-miR-369-3p,0.1943810135126114
Intra-Articular Fractures,hsa-miR-136,0.19436995685100555
Carcinoma and Intraductal and Noninfiltrating,hsa-mir-8078,0.1943620890378952
Synovitis,rno-miR-27a,0.1943424493074417
Myeloma Bone Disease,hsa-mir-8078,0.19433282315731049
Intra-Articular Fractures,hsa-miR-3117-3p,0.1943265050649643
Mandibular Diseases,hsa-mir-8074,0.1943179816007614
Infectious pancreatic necrosis virus,hsa-mir-8074,0.19431094825267792
Primary Aldosteronism ,hsa-mir-8074,0.1943003088235855
HIV-Associated Lipodystrophy Syndrome,hsa-mir-8074,0.19429470598697662
Diffuse Alveolar Hemorrhage and Autoimmune-Mediated,hsa-mir-8074,0.19429053366184235
Parvoviridae Infections,hsa-miR-218-2,0.19426299631595612
Transmissible Gastroenteritis,hsa-miR-3914,0.19424991309642792
Polycystic Kidney Diseases,hsa-mir-8074,0.1942363828420639
Fractures and Bone,hsa-mir-8074,0.1942264884710312
Equine Infectious Anemia,hsa-miR-221-5p,0.19420818984508514
Tibial Neuropathy,hsa-miR-221-5p,0.19420070946216583
high grade glioma,hsa-mir-8074,0.19418726861476898
Abnormalities and Drug-Induced,hsa-mir-8074,0.19417764246463776
Neutropenia,hsa-miR-4265,0.19417689740657806
Pyelonephritis,hsa-mir-8074,0.19416768848896027
Reperfusion Injury and Steatotic Liver Ischemia,hsa-miR-2392,0.19414086639881134
Orofacial Cleft,hsa-mir-8078,0.19413550198078156
Cardiomyopathy and Alcoholic,rno-miR-369-3p,0.1941257268190384
Intermittent Claudication,hsa-miR-155-3p,0.19407500326633453
Humeral Fractures,hsa-miR-125b-2-3p,0.1940680593252182
Shock and Cardiogenic,rno-miR-27a,0.1940615028142929
Fibrosis and Pancreas,rno-miR-27a,0.1940537542104721
Pelvic Organ Prolapse,rno-miR-369-3p,0.19395045936107635
Ventricular Dysfunction and Right,rno-miR-369-3p,0.19394038617610931
Dilated Cardiomyopathy ,hsa-let-7a-2,0.1938660591840744
Adenoviridae Infections,rno-miR-369-3p,0.19380991160869598
Ophthalmoplegia and Chronic Progressive External,hsa-miR-1826,0.19380955398082733
Ophthalmoplegia and Chronic Progressive External,hsa-miR-218-2,0.19380860030651093
Neointima,hsa-miR-320c,0.19379718601703644
Dilated Cardiomyopathy ,hsa-miR-1225,0.19376571476459503
Tendon Injuries,rno-miR-27a,0.19369281828403473
Wallerian Degeneration,rno-miR-27a,0.19369111955165863
Hypocapnia,hsa-miR-23a-3p,0.19368045032024384
Labyrinth Diseases,rno-miR-369-3p,0.19366897642612457
Reperfusion Injury and Ischemia,hsa-miR-1283-1,0.19354493916034698
Cerebral Infarction and Acute,hsa-miR-4510,0.1935388296842575
Hpv-Induced Warts,hsa-miR-4510,0.19353194534778595
Meniscus Degeneration,hsa-miR-136-3p,0.19350479543209076
Follicular Atresia,rno-miR-27a,0.19349364936351776
Radiation-Induced Oral Mucositis,hsa-miR-213,0.19346104562282562
familial chylomicronemia syndrome,rno-miR-369-3p,0.19344039261341095
Severe Dengue,rno-miR-369-3p,0.1934344321489334
Gastric Antral Vascular Ectasia,hsa-miR-3124,0.19342438876628876
Parvoviridae Infections,hsa-miR-338-5p,0.19341449439525604
Stomatognathic Diseases,hsa-miR-3117-3p,0.19339998066425323
Primary Aldosteronism ,rno-miR-369-3p,0.19339074194431305
Still's Disease and Adult-Onset,rno-miR-369-3p,0.19338129460811615
Esophageal Neoplasms,rno-miR-369-3p,0.19334866106510162
Polycystic Kidney Diseases,rno-miR-369-3p,0.19332675635814667
Neuropathic Low Back Pain,hsa-miR-378a-5p,0.19331695139408112
Anaphylaxis,hsa-miR-3675-3p,0.19323556125164032
Polyposis Syndrome and Hereditary Mixed and 1,hsa-miR-3675-3p,0.19321708381175995
Fibroadenoma,hsa-miR-4510,0.1932085007429123
Reperfusion Injury and Ischemia,EBV-miR-BART7,0.19318480789661407
Thymoma,hsa-miR-4510,0.19313202798366547
Respiratory Sounds,hsa-miR-3193,0.19301272928714752
Dilated Cardiomyopathy ,hsa-miR-374a-3p,0.19301162660121918
Myeloma Bone Disease,hsa-miR-3182,0.19298134744167328
Tauopathies,hsa-miR-125b-2,0.19291312992572784
Respiratory Sounds,hsa-miR-411,0.19288887083530426
Reperfusion Injury and Steatotic Liver Ischemia,hsa-miR-374a-3p,0.19288109242916107
Intermittent Claudication,hsa-miR-27a*,0.19288046658039093
AIDS-Related Complex,rno-miR-27a,0.1928575187921524
Parvoviridae Infections,EBV-mir-BART8,0.1928432136774063
Stomatitis and Aphthous,hsa-miR-3124,0.19270862638950348
Rhabdoviridae Infections,hsa-miR-1231,0.19249694049358368
Bursitis,rno-miR-27a,0.19246669113636017
Respiratory Sounds,hsa-miR-34b-5p,0.19243855774402618
Intra-Articular Fractures,hsa-miR-3146,0.19209040701389313
Oculodentodigital Dysplasia,hsa-miR--196a-2,0.19195829331874847
Spherocytosis and Hereditary,rno-miR-27a,0.19193457067012787
Tauopathies,hsa-miR-30a,0.19187213480472565
Vitreoretinochoroidopathy,hsa-miR-3124,0.19187213480472565
Parvoviridae Infections,EBV-miR-BART7,0.1917256861925125
Humeral Fractures,hsa-miR--196a-2,0.19171042740345
Reperfusion Injury and Steatotic Liver Ischemia,hsa-miR-3124,0.19166485965251923
Blind Loop Syndrome,hsa-miR-4267,0.19143737852573395
 Lymph  Node Metastasis,hsa-miR-3622b-3p,0.1914241760969162
Gastric Antral Vascular Ectasia,hsa-let-7a-1,0.1913461536169052
Myopia and Degenerative,rno-miR-27a,0.19133178889751434
Stomatitis and Aphthous,hsa-miR-4267,0.19130252301692963
Brugada Syndrome,hsa-miR-432,0.19124077260494232
Airway Obstruction,hsa-miR-181a,0.19123665988445282
Fluoride Poisoning,hsa-miR-3646,0.19100336730480194
Phyllodes Tumor and Breast,hsa-miR-333,0.19088266789913177
Myeloma Bone Disease,hsa-miR-333,0.19084446132183075
Stomatognathic Diseases,hsa-miR-4267,0.1907261162996292
Dilated Cardiomyopathy ,hsa-miR-125b-2,0.19063709676265717
Tauopathies,hsa-miR-130b,0.19058339297771454
Dilated Cardiomyopathy ,hsa-miR-211-5p,0.1905539482831955
Lymphoma and Nk-T-Cell,hsa-miR-3928-5p,0.19048555195331573
Electrocardiography and Ambulatory,hsa-miR-4267,0.19047220051288605
Dysentery and Bacillary,hsa-miR-3928-5p,0.19044457376003265
Dilated Cardiomyopathy ,hsa-miR-4267,0.19038929045200348
Intra-Articular Fractures,hsa-miR-4513,0.19036130607128143
Mycoplasma pneumoniae pneumonia,hsa-miR-34b-3p,0.19033817946910858
Ophthalmoplegia and Chronic Progressive External,hsa-miR-186*,0.1903376430273056
Amebiasis,hsa-miR-34b-3p,0.19032980501651764
Meniscus Degeneration,hsa-miR-34b-3p,0.1902938038110733
Polyposis Syndrome and Hereditary Mixed and 1,hsa-miR-34b-3p,0.19027312099933624
Prehypertension,hsa-miR-34b-3p,0.1902620643377304
Reperfusion Injury and Steatotic Liver Ischemia,hsa-miR-4267,0.19025878608226776
Tauopathies,hsa-miR-26b,0.19018913805484772
Absent corpus callosum cataract immunodeficiency,hsa-miR-3928-5p,0.1901843100786209
Motor Neuron Disease,EBV-mir-BART8,0.1901659518480301
Myotonic Dystrophy,hsa-miR-3928-5p,0.19014950096607208
Asthma ,rno-miR-27a,0.19013039767742157
Maxillary Fractures,hsa-miR-1283-1,0.19012214243412018
Neoplasms and Mesothelial,hsa-miR-3928-5p,0.19008572399616241
Primary Gastrointestinal Diffuse Large B-Cell Lymphoma ,hsa-miR-34b-3p,0.1900746077299118
Chronic Kidney   Disease,hsa-miR-34b-3p,0.1900644749403
Wound Infection,hsa-miR-34b-3p,0.19002510607242584
Rhabdoid Tumor and Kidney,hsa-miR-34b-3p,0.19000686705112457
Prekallikrein Deficiency,hsa-miR-34b-3p,0.18997730314731598
Myotonic Dystrophy,hsa-miR-34b-3p,0.189950093626976
Urinary Calculi,hsa-miR-34b-3p,0.1899002343416214
Neoplasms and Mesothelial,hsa-miR-34b-3p,0.18988628685474396
Choroid Diseases,hsa-miR-34b-3p,0.18988271057605743
Parvoviridae Infections,hsa-miR-192-2,0.1897559016942978
Heart Failure and Diastolic,hsa-let-7a-1,0.1897396296262741
Reperfusion Injury and Steatotic Liver Ischemia,hsa-miR-1975,0.18972153961658478
Neuropathic Low Back Pain,hsa-miR-30a,0.18965427577495575
Reperfusion Injury and Steatotic Liver Ischemia,hsa-let-7a-1,0.1895865947008133
Intra-Articular Fractures,hsa-miR-130b,0.1895705908536911
 Lymph  Node Metastasis,hsa-miR-1979,0.18955852091312408
Gastric Antral Vascular Ectasia,hsa-miR-26b,0.1895420402288437
Proteinuria,rno-miR-27a,0.18944402039051056
Motor Neuron Disease,hsa-miR-1283-1,0.18940852582454681
Postoperative Cognitive Complications,rno-miR-27a,0.18937604129314423
Blind Loop Syndrome,hsa-miR-130b,0.18935538828372955
Maxillary Fractures,hsa-miR-3190-3p,0.1893147975206375
Scleral Diseases,hsa-miR-15a,0.18926970660686493
Adrenocortical Adenoma,hsa-miR-15a,0.18924029171466827
Hyperoxia,rno-miR-27a,0.1889866441488266
Heart Failure and Acute,rno-miR-27a,0.18891693651676178
Papilloma and Inverted,hsa-miR-216,0.188897505402565
Maxillary Fractures,hsa-miR-186*,0.18882830440998077
Encephalitis and Tick-Borne,hsa-miR-15a,0.18878860771656036
Airway Obstruction,hsa-miR-371a-3p,0.18875356018543243
Chediak-Higashi Syndrome,hsa-miR-1908,0.1887471228837967
Metabolic  Syndrome,rno-miR-27a,0.18858365714550018
Pigmented Paravenous Chorioretinal Atrophy,hsa-miR-3117-5p,0.18856282532215118
Autolysis,rno-miR-27a,0.18856118619441986
Hyperoxaluria,EBV-miR-BART3,0.18853892385959625
Hyperparathyroidism 2,rno-miR-27a,0.18844006955623627
Transfusion Reaction,rno-miR-27a,0.18841589987277985
Vitreoretinochoroidopathy,hsa-miR-130b,0.188384011387825
Thyroid cancer and medullary,rno-miR-27a,0.18835367262363434
Gastric Cancer and Early,rno-miR-27a,0.1883448213338852
Diminished  Ovarian Reserve,hsa-miR-1237,0.1883174329996109
isolated cleft palate,rno-miR-27a,0.18830998241901398
Iridocorneal Endothelial Syndrome,hsa-miR-130b,0.18830744922161102
Ganglion Cysts,rno-miR-27a,0.18826346099376678
Reperfusion Injury and Testicular Ischemia,hsa-miR-1237,0.1882568746805191
Tricuspid Valve Insufficiency,hsa-miR-1237,0.18823044002056122
Airway Obstruction,hsa-miR-1282,0.1881818026304245
Varicocele,hsa-miR-411,0.18812955915927887
Chronic   Pelvic Pain Syndrome,hsa-miR-1237,0.18808142840862274
Hypocapnia,hsa-miR-1282,0.18805737793445587
Hypoadrenocorticism and Familial,rno-miR-27a,0.18796546757221222
Iridocorneal Endothelial Syndrome,hsa-miR-26b,0.18791325390338898
Dilated Cardiomyopathy ,hsa-miR-26b,0.18791304528713226
Fluoride Poisoning,hsa-miR-3137,0.18790842592716217
Vitreoretinochoroidopathy,hsa-miR-411,0.18776418268680573
Simpson-Golabi-Behmel syndrome type 1,hsa-miR-411,0.1877119392156601
Heart Failure and Diastolic,hsa-miR-411,0.18770982325077057
Implantation Failure,rno-miR-27a,0.18767790496349335
Liposarcoma,rno-miR-27a,0.18764330446720123
Diarrhea,rno-miR-27a,0.18763138353824615
Intra-Articular Fractures,hsa-miR-338-5p,0.1876191943883896
Pelvic Organ Prolapse,rno-miR-27a,0.18761052191257477
Ventricular Dysfunction and Right,rno-miR-27a,0.1876005083322525
Aging and Premature,rno-miR-27a,0.18756262958049774
Encephalitis and Viral,rno-miR-27a,0.18755654990673065
Heart Diseases,rno-miR-27a,0.18751321732997894
Airway Obstruction,hsa-miR-3137,0.18747122585773468
Gastric Antral Vascular Ectasia,EBV-mir-BART8,0.18741349875926971
Mycobacterium Infections,rno-miR-27a,0.18722669780254364
Germ Cell Tumor and Non-Teratomatous,rno-miR-27a,0.18717612326145172
Iridocorneal Endothelial Syndrome,hsa-miR-365a-3p,0.18711747229099274
familial chylomicronemia syndrome,rno-miR-27a,0.18710051476955414
Mandibular Diseases,rno-miR-27a,0.18706853687763214
Knee Injuries,rno-miR-27a,0.1870577484369278
Primary Aldosteronism ,rno-miR-27a,0.18705086410045624
Still's Disease and Adult-Onset,rno-miR-27a,0.18704141676425934
Gastric Antral Vascular Ectasia,hsa-miR-3591-3p,0.18701709806919098
Respiratory Sounds,hsa-miR-320b-1,0.18695785105228424
Encephalocele,rno-miR-27a,0.18695704638957977
Abnormalities and Drug-Induced,rno-miR-27a,0.18692822754383087
Pyelonephritis,rno-miR-27a,0.18691830337047577
Gastric Antral Vascular Ectasia,hsa-miR-3669,0.18667323887348175
Dilated Cardiomyopathy ,hsa-miR-146b-5p,0.18666522204875946
Airway Obstruction,hsa-mir-8055,0.18640534579753876
Iridocorneal Endothelial Syndrome,hsa-miR-338-5p,0.1863560527563095
Dilated Cardiomyopathy ,hsa-miR-338-5p,0.1863558441400528
Intra-Articular Fractures,hsa-miR-374a-5p,0.18629755079746246
Intra-Articular Fractures,hsa-miR-1283-1,0.18629048764705658
Iridocorneal Endothelial Syndrome,hsa-miR-138-1*,0.18623735010623932
Myeloma Bone Disease,hsa-miR-138-2-3p,0.18623007833957672
Plaque and Amyloid,hsa-miR-3614-3p,0.18622078001499176
Plaque and Amyloid,hsa-miR-3178,0.18621714413166046
Vitreoretinochoroidopathy,hsa-miR-3117-5p,0.18617545068264008
Stomatognathic Diseases,EBV-mir-BART8,0.18612132966518402
Autoimmune Diseases of the Nervous System,hsa-miR-30a-5P,0.18610428273677826
D-bifunctional protein deficiency,EBV-mir-BART8,0.18604306876659393
Reperfusion Injury and Testicular Ischemia,hsa-miR-1537,0.18599991500377655
Reperfusion Injury and Testicular Ischemia,hcmv-miR-US22,0.18599902093410492
Posterior Segment Ocular Diseases,hsa-miR-124a,0.18585442006587982
Simpson-Golabi-Behmel syndrome type 1,EBV-mir-BART8,0.18580903112888336
Gastric Antral Vascular Ectasia,hsa-let-7a-3p,0.18577314913272858
Angioedemas and Hereditary,hsa-miR-3688-3p,0.18573884665966034
Blind Loop Syndrome,EBV-miR-BART7,0.18571500480175018
D-bifunctional protein deficiency,hsa-miR-23a-5p,0.18569086492061615
Chediak-Higashi Syndrome,hsa-miR-372-5p,0.1856812685728073
Reperfusion Injury and Steatotic Liver Ischemia,EBV-mir-BART8,0.1856539398431778
Susac Syndrome,hsa-miR-4458,0.18563957512378693
Tauopathies,hsa-miR-193a-5p,0.18563102185726166
Intra-Articular Fractures,hsa-miR-3190-3p,0.1854831427335739
Juvenile gout,hsa-miR-151a-5p@,0.1853322833776474
Vitreoretinochoroidopathy,hsa-miR-3669,0.18512095510959625
Heart Failure and Diastolic,hsa-miR-3669,0.1850665956735611
Maxillary Fractures,hsa-miR-302a,0.18501241505146027
Gastric Antral Vascular Ectasia,hsa-miR-30c-2-3p,0.18494214117527008
Reperfusion Injury and Steatotic Liver Ischemia,hsa-miR-3669,0.18491356074810028
Maxillary Fractures,hsa-miR--196a-2,0.1846826821565628
Dilated Cardiomyopathy ,EBV-miR-BART7,0.1846669763326645
Reperfusion Injury and Steatotic Liver Ischemia,EBV-miR-BART7,0.18453647196292877
Hypoglycemia,hsa-miR-153-5p,0.18429289758205414
Heart Failure and Diastolic,hsa-miR-3190-3p,0.18424220383167267
Vitreoretinochoroidopathy,hsa-let-7a-3p,0.18422092497348785
Dilated Cardiomyopathy ,hsa-miR-3190-3p,0.18421979248523712
Neuropathic Low Back Pain,hsa-let-7a-3p,0.18420247733592987
Reperfusion Injury and Steatotic Liver Ischemia,hsa-miR-3190-3p,0.18408916890621185
Brugada Syndrome,hsa-miR-28-3p,0.1840377002954483
 Lymph  Node Metastasis,hsa-miR-365,0.18384595215320587
Renal Artery Obstruction,hsa-miR-28-3p,0.18382306396961212
Vitreoretinochoroidopathy,hsa-miR-186*,0.18381009995937347
Shprintzen Golberg craniosynostosis,hsa-miR-28-3p,0.18380402028560638
Reperfusion Injury and Ischemia,hsa-miR-126,0.18350134789943695
Radiation-Induced Oral Mucositis,hsa-miR-1237,0.18305857479572296
Adenocarcinoma Of Esophagus,hsa-miR-4447,0.18259872496128082
Rhabdoviridae Infections,hsa-miR-4447,0.1824769824743271
Parvoviridae Infections,hsa-miR-3137,0.18246997892856598
Diminished  Ovarian Reserve,hsa-miR-4447,0.18245236575603485
Fluoride Poisoning,hsa-miR-3934,0.18235991895198822
Inflammation and Chronic,hsa-miR-4447,0.18234135210514069
Equine Infectious Anemia,hsa-miR-4447,0.18232516944408417
Neoplasms and Hormone-Dependent,hsa-miR-320a,0.18194086849689484
Nevi and Melanomas,hsa-miR-1915*,0.18188409507274628
Neointima,hsa-miR-3934,0.18186886608600616
Tauopathies,hsa-miR--196a-2,0.18186388909816742
Periodontitis and Diabetic,hsa-miR-1915*,0.18186141550540924
Autoimmune Diseases of the Nervous System,hsa-miR-1915*,0.1818418651819229
Chronic Inflammation,hsa-miR-320a,0.18180762231349945
Multiple Endocrine Neoplasia Type 1,hsa-miR-22,0.18177728354930878
Encephalitis and Tick-Borne,hsa-miR-25,0.181236132979393
Intra-Articular Fractures,hsa-miR--196a-2,0.18085108697414398
Respiratory Sounds,hsa-miR-3137,0.18061278760433197
Maxillary Fractures,hsa-miR-3137,0.18050627410411835
Stomatitis and Aphthous,hsa-miR--196a-2,0.1805010288953781
Dysentery and Bacillary,hcmv-miR-UL148d,0.1803451031446457
Fluoride Poisoning,hsa-miR-1225-3p,0.1802503913640976
Stomatitis and Aphthous,hsa-miR-211-3p,0.18013982474803925
Nevi and Melanomas,hcmv-miR-UL148d,0.18007250130176544
Tricuspid Valve Insufficiency,hsa-miR-3972,0.17996664345264435
Hyphema,hsa-miR-329-5p,0.1798657923936844
Nevi and Melanomas,hsa-miR-3676-3p,0.17982308566570282
Reperfusion Injury and Steatotic Liver Ischemia,hsa-miR--196a-2,0.17945723235607147
Chronic  Rhinosinusitis With Nasal Polyps,hsa-miR-125b-1*,0.17943961918354034
Histiocytoma and Malignant Fibrous,hsa-miR-3934,0.17926271259784698
Neuropathic Low Back Pain,hsa-miR-181a,0.1792350858449936
Dilated Cardiomyopathy ,hsa-miR-211-3p,0.17922647297382355
Wound Infection,hsa-miR-3938,0.17909370362758636
Human T-Cell Leukemia Virus Type 1 Infections,hsa-miR-1228-5p,0.17884208261966705
Airway Obstruction,hsa-miR-3622b-3p,0.17867101728916168
Gastric Antral Vascular Ectasia,hsa-miR-371a-3p,0.1783226877450943
Polyposis Syndrome and Hereditary Mixed and 1,hsa-miR-22-5p,0.17824016511440277
Airway Obstruction,hsa-miR-136*,0.1781608611345291
Dilated Cardiomyopathy ,mmu-miR-699,0.17757542431354523
Brugada Syndrome,hsa-miR-224-5p,0.17755065858364105
Carcinoma and Mucoepidermoid,hsa-miR-329-5p,0.17754144966602325
Gastric Antral Vascular Ectasia,hsa-miR-3137,0.17704032361507416
Parvoviridae Infections,hsa-miR-3934,0.17692150175571442
Blind Loop Syndrome,hsa-miR-30b,0.1768472045660019
Heart Failure and Diastolic,hsa-miR-371a-3p,0.17671607434749603
Iridocorneal Endothelial Syndrome,hsa-miR-371a-3p,0.17669375240802765
Tauopathies,hsa-miR-19b-1*,0.17653335630893707
Parvoviridae Infections,hsa-miR-30c-1,0.17626117169857025
Neuropathic Low Back Pain,hsa-miR-3137,0.17546965181827545
Iridocorneal Endothelial Syndrome,hsa-miR-3137,0.17541147768497467
Dilated Cardiomyopathy ,hsa-miR-3137,0.17541132867336273
Respiratory Sounds,hsa-miR-3934,0.17506422102451324
Vitreoretinochoroidopathy,hsa-miR-126,0.17506028711795807
Motor Neuron Disease,hsa-miR-1275,0.17501457035541534
Dilated Cardiomyopathy ,hsa-miR-126,0.17498348653316498
 Lymph  Node Metastasis,hsa-miR-19b-1,0.1745501309633255
Heart Failure and Diastolic,hsa-miR-19b-1*,0.17427973449230194
Tooth and Impacted,hsa-miR-020,0.17398397624492645
Heart Failure and Diastolic,hsa-miR-1226,0.17375929653644562
Dilated Cardiomyopathy ,hsa-miR-1226,0.1737367957830429
Iridocorneal Endothelial Syndrome,EBV-miR-BART12,0.17372678220272064
Dilated Cardiomyopathy ,EBV-miR-BART12,0.17372657358646393
Chorea,hsa-miR-181b-2,0.1736854463815689
Fluoride Poisoning,hsa-miR-1225-5p,0.17301003634929657
Radiation-Induced Oral Mucositis,hsa-miR-22-5p,0.17283107340335846
Reperfusion Injury and Testicular Ischemia,hsa-miR-32*,0.17233575880527496
Equine Infectious Anemia,hsa-miR-32*,0.17226912081241608
Chronic  Rhinosinusitis With Nasal Polyps,hsa-miR-32*,0.17225952446460724
Autoimmune Diseases of the Nervous System,hsa-miR-32*,0.17220370471477509
Angioedemas and Hereditary,hsa-miR-3650,0.17214588820934296
Tauopathies,hsa-miR-3934,0.17213894426822662
Gastric Antral Vascular Ectasia,hsa-miR-3185,0.17193330824375153
Intra-Articular Fractures,hsa-miR-1275,0.17189647257328033
 Lymph  Node Metastasis,hsa-miR-1b-1,0.17126856744289398
Intra-Articular Fractures,hsa-miR-3934,0.17112614214420319
Dilated Cardiomyopathy ,hsa-miR-219-1-3p,0.17111144959926605
Splenic Neoplasms,hsa-miR-101b,0.17096321284770966
succinic semialdehyde dehydrogenase deficiency,hsa-miR-101b,0.17077256739139557
Heart Failure and Diastolic,hsa-miR-321,0.17073552310466766
Intra-Articular Fractures,hsa-miR-323b-3p,0.17070649564266205
Granulomatous Disease and Chronic,hsa-miR-101b,0.17068780958652496
Intra-Articular Fractures,hsa-miR-216,0.17048205435276031
Papilloma and Inverted,hsa-miR-1234-3p,0.17030809819698334
Iridocorneal Endothelial Syndrome,hsa-miR-3185,0.17030449211597443
Blind Loop Syndrome,hsa-miR-29b-3p,0.17022119462490082
Radiation-Induced Oral Mucositis,hsa-miR-1307-5p,0.17011936008930206
Hypocapnia,hsa-miR-1910,0.16953791677951813
Dilated Cardiomyopathy ,hsa-miR-020,0.1695360392332077
Dilated Cardiomyopathy ,hsa-miR-30c-1,0.16920243203639984
Venous Neointimal Hyperplasia,hsa-miR-4279,0.16912110149860382
Equine Infectious Anemia,hsa-miR-4279,0.169078066945076
Kidney Cortex Necrosis,hsa-miR-129-5p,0.16902537643909454
Fluoride Poisoning,hsa-miR-34a-3p,0.1689334362745285
Airway Obstruction,hsa-miR-3620-5p,0.1687963753938675
Dilated Cardiomyopathy ,hsa-miR-3610,0.168617382645607
Reperfusion Injury and Steatotic Liver Ischemia,hsa-miR-3610,0.1684868186712265
Gastric Antral Vascular Ectasia,hsa-miR-151*,0.16848249733448029
Nevi and Melanomas,hsa-miR-124*,0.16843588650226593
Echinococcosis and Hepatic,hsa-miR-185-5p,0.16842634975910187
Laryngopharyngeal Neoplasms,hsa-miR-124*,0.16840778291225433
Tibial Neuropathy,hsa-miR-219,0.16829322278499603
Wound Infection,hsa-miR-200a*,0.1681850105524063
Wound Infection,hsa-miR-205*,0.168184295296669
Wound Infection,hsa-miR-3148,0.1681840568780899
Neutropenia,hsa-miR-3714,0.1681460589170456
Lattice corneal dystrophy type 1,EBV-mir-BART4,0.16809554398059845
Reperfusion Injury and Testicular Ischemia,hsa-miR-1297,0.16805370151996613
Visceral Pain,hsa-miR-1277-3p,0.16803504526615143
Reperfusion Injury and Testicular Ischemia,hsa-miR-124-3p,0.16803233325481415
Vitreoretinochoroidopathy,hsa-miR-3175,0.16802777349948883
Scleral Diseases,hsa-miR-19b-3p,0.16763563454151154
Arene Oxide Detoxification Defect,hsa-miR-203a-3p,0.1675315648317337
Dysentery and Bacillary,hsa-miR-4253,0.16735278069972992
Vision Disorders,hsa-let-7f-2-3p,0.16729776561260223
Hypocapnia,hsa-let-7f-2-3p,0.16700084507465363
Dilated Cardiomyopathy ,hsa-miR-4300,0.16654391586780548
Spinal Dysraphism,hsa-miR-1305,0.16641990840435028
Dilated Cardiomyopathy ,hsa-miR-3613-5p,0.16618211567401886
Gastric Antral Vascular Ectasia,hsa-miR-27a*,0.16597063839435577
Posterior Segment Ocular Diseases,hsa-miR-1261,0.16590769588947296
Fluoride Poisoning,hsa-miR-1322,0.1659000664949417
Reperfusion Injury and Testicular Ischemia,hsa-miR-1261,0.16586922109127045
Iridocorneal Endothelial Syndrome,hsa-miR-155-3p,0.16584666073322296
Maxillary Fractures,hsa-miR-1256,0.16569729149341583
Intra-Articular Fractures,hsa-miR-27a*,0.1656050831079483
Fluoride Poisoning,rno-miR-99a,0.16490866243839264
Heart Failure and Diastolic,hsa-miR-27a*,0.16436414420604706
Airway Obstruction,hsa-miR-27b-3p,0.16419421136379242
Intra-Articular Fractures,hsa-miR-133a-1,0.16376711428165436
Gastric Antral Vascular Ectasia,hsa-miR-181b-2,0.1635289341211319
Heart Failure and Diastolic,hsa-miR-3689b-3p,0.16329576075077057
Hyphema,hsa-miR-4482-5p,0.16301782429218292
Vitreoretinochoroidopathy,hsa-miR-199a*-1,0.1626846045255661
IMAGe syndrome,hsa-miR-1234-3p,0.16261787712574005
Dilated Cardiomyopathy ,hsa-miR-199a*-1,0.16260786354541779
 Lymph  Node Metastasis,hsa-miR-184,0.16249771416187286
Maxillary Fractures,hsa-miR-1273g-5p,0.1624494343996048
Inflammation-Related  Depression,hsa-miR-4280,0.16239215433597565
Maxillary Fractures,hsa-miR-3620-5p,0.16183145344257355
Heart Failure and Diastolic,hsa-miR-3116,0.16150487959384918
Respiratory Sounds,rno-miR-30e*,0.16145877540111542
Stomatitis and Aphthous,hsa-miR-1225-5p,0.16142617166042328
Inflammation-Related  Depression,hsa-miR-223-3p,0.1612945944070816
 Lymph  Node Metastasis,EBV-miR-BART16,0.16123531758785248
Kidney Tubular Necrosis and Acute,hsa-miR-1179,0.1612125188112259
Tauopathies,hsa-miR-181a-2-3p,0.16026072204113007
Dilated Cardiomyopathy ,hsa-miR-212,0.16023088991641998
 Lymph  Node Metastasis,hsa-miR-2115*,0.15938805043697357
Respiratory Insufficiency,hsa-miR-200b-5p,0.15844906866550446
Vitreoretinochoroidopathy,hsa-miR-190,0.1581880897283554
 Lymph  Node Metastasis,hsa-miR-1268a@,0.15787728130817413
Dilated Cardiomyopathy ,hsa-miR-365,0.15763084590435028
Leukopenia,hsa-miR-324,0.15762875974178314
Dilated Cardiomyopathy ,hsa-miR-1910,0.15760238468647003
Blind Loop Syndrome,hsa-miR-34a-3p,0.15748433768749237
Polyposis Syndrome and Hereditary Mixed and 1,hsa-miR-200b-5p,0.157450869679451
Angioedemas and Hereditary,hsa-miR-20b-5p,0.1574496179819107
Rhabdoid Tumor and Kidney,hsa-miR-20b-5p,0.1572697013616562
Ophthalmoplegia and Chronic Progressive External,hsa-miR-1234-3p,0.15723364055156708
Myotonic Dystrophy,hsa-miR-20b-5p,0.15718747675418854
Granulomatous Disease and Chronic,hsa-miR-20b-5p,0.15712259709835052
Myeloma Bone Disease,hsa-miR-200b-5p,0.15705983340740204
Dilated Cardiomyopathy ,hsa-miR-223-3p,0.1568634957075119
alpha-Thalassemia,hsa-miR-34a-3p,0.156706765294075
Diminished  Ovarian Reserve,EBV-mir-BHRF1-3,0.15595056116580963
Reperfusion Injury and Testicular Ischemia,EBV-mir-BHRF1-3,0.15586324036121368
Phyllodes Tumor and Breast,EBV-mir-BHRF1-3,0.15583182871341705
Amebiasis,hsa-miR-1914,0.15577884018421173
Fluoride Poisoning,hsa-miR-1303,0.15573017299175262
Scleral Diseases,hsa-miR-29c-5p,0.1556643694639206
Dilated Cardiomyopathy ,hsa-miR-1305,0.1555807739496231
Polyposis Syndrome and Hereditary Mixed and 1,hsa-miR-2861,0.15547357499599457
Primary Gastrointestinal Diffuse Large B-Cell Lymphoma ,hsa-miR-1914,0.155410036444664
Amebiasis,hsa-miR-31-5p,0.1553901582956314
Wound Infection,hsa-miR-1914,0.15533842146396637
Hereditary Autoinflammatory Diseases,hsa-miR-1914,0.15531055629253387
Parvoviridae Infections,hsa-let-7c_c,0.1552005559206009
Myotonic Dystrophy,hsa-miR-29c-5p,0.15512357652187347
Submandibular Gland Diseases,hsa-miR-2861,0.1550571769475937
thyroid gland Hurthle cell carcinoma,hsa-miR-33,0.1549864262342453
Spinal Cord Compression,hsa-miR-33,0.1548490673303604
Gastric Antral Vascular Ectasia,EBV-miR-BHRF1,0.1547520011663437
Anemia and Iron-Deficiency,hsa-miR-320B,0.1540968269109726
Iridocorneal Endothelial Syndrome,hsa-miR-1234-3p,0.15062947571277618
Dilated Cardiomyopathy ,hsa-miR-1234-3p,0.15062926709651947
Reperfusion Injury and Testicular Ischemia,hsa-miR-3151,0.15060029923915863
Lymphohistiocytosis and Hemophagocytic,hsa-miR-3151,0.15048901736736298
Transmissible Gastroenteritis,hsa-miR-301a-5p,0.15043599903583527
Hereditary Autoinflammatory Diseases,hsa-miR-365b-3p,0.1504252403974533
Tibial Neuropathy,hsa-miR-301a-5p,0.1502983719110489
Hypocapnia,hsa-miR-23c,0.14927925169467926
Fluoride Poisoning,hsa-miR-206,0.1490723341703415
Reperfusion Injury and Steatotic Liver Ischemia,hsa-miR-194-5p,0.14847798645496368
Congenital amegakaryocytic thrombocytopenia,hsa-let-7c-3p,0.1477145403623581
Airway Obstruction,EBV-miR-BART16,0.14708004891872406
Vitreoretinochoroidopathy,hsa-miR-1b-1,0.1451302319765091
Intra-Articular Fractures,hsa-miR-15a-5p,0.14510254561901093
Dilated Cardiomyopathy ,hsa-miR-143,0.14500723779201508
Gastric Antral Vascular Ectasia,hsa-miR-338-3p,0.14457054436206818
Fluoride Poisoning,hsa-miR-23a,0.14415456354618073
Maxillary Fractures,hsa-miR-30b-5p,0.14346586167812347
 Lymph  Node Metastasis,hsa-miR-28-3p,0.14238955080509186
Tauopathies,hsa-miR-320B,0.14218784868717194
Hyperphenylalaninemia with primapterinuria,hsa-miR-103a-3p,0.14216424524784088
Visceral Pain,hsa-miR-1247-3p,0.1413850337266922
Stomatitis and Aphthous,hsa-miR-28,0.14114241302013397
Granulomatous Disease and Chronic,hsa-miR-1277-5p,0.14110328257083893
 Lymph  Node Metastasis,hsa-miR-4447,0.14043663442134857
Neutropenia,hsa-miR-3680-3p,0.14030830562114716
Venous Neointimal Hyperplasia,hsa-miR-3680-3p,0.14025647938251495
Tricuspid Valve Insufficiency,hsa-miR-1914*,0.1393294483423233
Equine Infectious Anemia,hsa-miR-1914*,0.13927145302295685
Gastric Antral Vascular Ectasia,hsa-miR-1251-5p,0.1372932344675064
Skin Ulcer,hsa-miR-379*,0.13703076541423798
Reperfusion Injury and Steatotic Liver Ischemia,hsa-miR-184,0.13615210354328156
Hypocapnia,hsa-miR-3928-5p,0.1360708624124527
hsv1-miR-H18,hsa-miR-4444,0.1360146552324295
Acute Lung Injury and Hyperoxic,hsa-miR-222,0.13538281619548798
Neuropathic Low Back Pain,mmu-miR-708*,0.13511289656162262
Maxillary Fractures,hsa-miR-149*,0.13487015664577484
Dilated Cardiomyopathy ,hsa-miR-222,0.13427318632602692
Gastric Antral Vascular Ectasia,hsa-miR-23a,0.1332865208387375
Stomatitis and Aphthous,hsa-miR-320d-1,0.13254405558109283
Diffuse Malignant Peritoneal Mesothelioma,hsa-mir-8078,0.1306220144033432
hsv-miR-H1,hsa-miR-4459,0.13026250898838043
Chediak-Higashi Syndrome,hsa-miR-1268a,0.12962765991687775
Venous Neointimal Hyperplasia,hsa-miR-1268a,0.12925459444522858
Respiratory Sounds,hsa-miR-34b-3p,0.12908561527729034
Maxillary Fractures,hsa-miR-3928,0.12822751700878143
miR-675-y,mmu-miR-700-5p,0.12791426479816437
 Lymph  Node Metastasis,hsa-miR-3650,0.12744303047657013
Reperfusion Injury and Testicular Ischemia,hsa-miR-3617,0.127095565199852
Equine Infectious Anemia,hsa-miR-3617,0.12699927389621735
Iridocorneal Endothelial Syndrome,hsa-miR-1231,0.1268439143896103
Juvenile gout,hsa-miR-15,0.12681041657924652
Scleral Diseases,hsa-miR-3135,0.12648333609104156
Reperfusion Injury and Testicular Ischemia,hsa-miR-3135,0.12610496580600739
Dilated Cardiomyopathy ,hsa-miR-15a,0.12255574762821198
Reperfusion Injury and Testicular Ischemia,hsa-miR-132,0.12244190275669098
Wound Infection,hcmv-miR-UL148D,0.1194748729467392
Hemangiosarcoma,hcmv-miR-UL148D,0.11947377026081085
UV-Sensitive Syndrome,hcmv-miR-UL148D,0.11933667957782745
miR-BART22,hsa-mir-8080,0.11701230704784393
miR-675-y,hsa-miR-4511,0.11439643800258636
hsv2-miR-H19,hsa-miR-4511,0.11437402665615082
Chediak-Higashi Syndrome,hsa-miR-376a-3p,0.1125105768442154
Tricuspid Valve Insufficiency,hsa-miR-376a-3p,0.11213330924510956
Dilated Cardiomyopathy ,hsa-miR-4445-5p,0.1088239997625351
Neointima,hsa-miR-1277-3p,0.10821633040904999
Dilated Cardiomyopathy ,hsa-miR-1307-5p,0.10531030595302582
Meniscus Degeneration,hsa-miR-361-5p,0.10440899431705475
thyroid gland Hurthle cell carcinoma,hsa-miR-3690,0.10423673689365387
Angioedemas and Hereditary,hsa-miR-30c,0.10420535504817963
Rhabdoid Tumor and Kidney,hsa-miR-30c,0.10402537882328033
Reperfusion Injury and Testicular Ischemia,hsa-miR-3690,0.10389105975627899
Reperfusion Injury and Testicular Ischemia,hsa-miR-092,0.1038183718919754
Gastric Antral Vascular Ectasia,hsa-miR-3650,0.10285697877407074
Neutropenia,hsa-miR-326,0.10211332142353058
Reperfusion Injury and Testicular Ischemia,hsa-miR-326,0.10209564864635468
Wound Infection,hsa-miR-326,0.10204167664051056
Reperfusion Injury and Steatotic Liver Ischemia,hsa-miR-4279,0.09740372002124786
Dilated Cardiomyopathy ,hsa-miR-181a*,0.08960801362991333
Tauopathies,hsa-miR-200b-5p,0.08616429567337036
Dilated Cardiomyopathy ,hsa-miR-1914,0.08213406801223755
Dilated Cardiomyopathy ,hsa-miR-31-5p,0.0817454606294632
Dilated Cardiomyopathy ,hsa-miR-141,0.08148185908794403
Renal Artery Obstruction,hsa-miR-1269b,0.07994940876960754
Posterior Segment Ocular Diseases,hsa-miR-3621,0.07979746162891388
Airway Obstruction,hsa-miR-1914*,0.07816927134990692
Posterior Segment Ocular Diseases,hsa-miR-3159,0.07387244701385498
Reperfusion Injury and Testicular Ischemia,hsa-miR-3159,0.07381665706634521
Myeloma Bone Disease,hsa-miR-3159,0.07373017072677612
D-bifunctional protein deficiency,hsa-miR-24-2,0.06769895553588867
Neutropenia,hsa-miR-3612,0.06595982611179352
Myeloma Bone Disease,hsa-miR-3612,0.06585560739040375
Nevi and Melanomas,hsa-miR-130b-5p,0.06448414921760559
UV-Sensitive Syndrome,hsa-miR-130b-5p,0.06442178785800934
Human T-Cell Leukemia Virus Type 1 Infections,hsa-miR-153,0.06422734260559082
Cakut,hsa-miR-204-5p,0.06413953006267548
Juvenile gout,hsa-miR-122-5p,0.06383416056632996
Spasm,hsa-miR-374b-5p,0.06370565295219421
Scleral Diseases,hsa-miR-1180-5p,0.06337191164493561
Classical Swine Fever,hsa-miR-1180-5p,0.06286008656024933
Tauopathies,hsa-miR-143-3p,0.05167001485824585
Intervertebral Disc Displacement,hsa-miR-3927-3p,0.03961823880672455
Myeloma Bone Disease,hsa-miR-3927-3p,0.03952784836292267
Chronic Inflammation,hsa-miR-196b,0.03943178057670593
Pediatric Enteritis,hsa-miR-4496,0.03905259072780609
thyroid gland Hurthle cell carcinoma,hsa-miR-424-3p,0.03898747265338898
Splenic Neoplasms,hsa-miR-424-3p,0.03881244361400604
Inflammation and Chronic,hsa-miR-128b,0.017371580004692078
Intermittent Claudication,hsa-miR-3919,-0.003941759467124939
Equine Infectious Anemia,hsa-miR-130a,-0.00455687940120697
Periodontitis and Diabetic,hsa-miR-153-1,-0.008086517453193665
Nevi and Melanomas,hsa-miR-138,-0.029173195362091064
D-bifunctional protein deficiency,hsa-miR-3919,-0.03460582345724106
Trichosporonosis,rno-miR-331,-0.04052743315696716
Inflammation and Chronic,hsa-miR-330,-0.04451196640729904
Adenocarcinoma Of Esophagus,hsa-miR-100-5p,-0.04646306484937668
Reperfusion Injury and Testicular Ischemia,hsa-miR-130b-3p,-0.05009029805660248
Tricuspid Valve Insufficiency,hsa-miR-20b,-0.05766312777996063
Adrenocortical Adenoma,hsa-miR-191,-0.060920871794223785
Granulomatous Disease and Chronic,hsa-miR-2467-5p,-0.06382351368665695
Polyposis Syndrome and Hereditary Mixed and 1,hsa-miR-1226*,-0.06394810974597931
Amebiasis,hsa-miR-3134,-0.06826603412628174
Urinary Calculi,EBV-miR-BART11,-0.07237598299980164
Nevi and Melanomas,hsa-miR-362,-0.07270435988903046
Polyposis Syndrome and Hereditary Mixed and 1,hsa-miR-2115-5p,-0.07893799245357513
thyroid gland Hurthle cell carcinoma,hsa-miR-103,-0.08539881557226181
Nevi and Melanomas,hsa-miR-16-2-3p,-0.08765928447246552
Dilated Cardiomyopathy ,hsa-miR-138,-0.10230159014463425
Posterior Segment Ocular Diseases,mmu-miR-691,-0.1030350923538208
Asthma and Chronic,mmu-miR-691,-0.10315627604722977
Tibial Neuropathy,mmu-miR-691,-0.10319793969392776
Nevi and Melanomas,mmu-miR-691,-0.10322068631649017
Posterior Segment Ocular Diseases,hsa-miR-3156,-0.10338947176933289
Esophageal Achalasia,hsa-miR-193a-3p,-0.10391874611377716
Deglutition Disorders,hsa-miR-376b,-0.10580286383628845
Reperfusion Injury and Testicular Ischemia,hsa-miR-2964a-5p,-0.10828781127929688
Hypocapnia,hsa-miR-130b-3p,-0.11141309142112732
Splenic Neoplasms,hsa-miR-212-5p,-0.11719958484172821
Reperfusion Injury and Testicular Ischemia,hsa-miR-4297,-0.12198621034622192
Cholestatic Liver Injury,hsa-miR-3171,-0.1280902624130249
Intra-Articular Fractures,hsa-miR-191,-0.13325175642967224
Diminished  Ovarian Reserve,hsa-miR-181c-3p,-0.13352070748806
Myeloma Bone Disease,hsa-miR-181c-3p,-0.13369467854499817
Reperfusion Injury and Testicular Ischemia,hsa-miR-4433a-5p,-0.13372907042503357
Reperfusion Injury and Testicular Ischemia,hsa-miR-3184-3p,-0.1365460902452469
Inflammation and Chronic,hsa-miR-34,-0.13785982131958008
Posterior Segment Ocular Diseases,hsa-miR-1252-3p,-0.13810387253761292
Reperfusion Injury and Testicular Ischemia,hsa-miR-3680-5p,-0.1383163332939148
Extramedullary Multiple Myeloma,hsa-miR-320d,-0.13831967115402222
Brugada Syndrome,hsa-miR-4473,-0.13867555558681488
Phyllodes Tumor and Breast,hsa-miR-1977,-0.13924375176429749
Meniscus Degeneration,hsa-miR-203b-5p,-0.13942143321037292
Amebiasis,hsa-miR-30e-3p,-0.14103789627552032
Angioedemas and Hereditary,hsa-miR-1267,-0.14323940873146057
fragile X-associated tremor/ataxia syndrome,hsa-miR-1267,-0.14342570304870605
Scleral Diseases,hsa-miR-3613-3p,-0.14360027015209198
Neoplasms and Mesothelial,hsa-miR-3613-3p,-0.14423318207263947
Iridocorneal Endothelial Syndrome,hsa-miR-362,-0.1458326280117035
Dilated Cardiomyopathy ,hsa-mir-885,-0.14598271250724792
Neutropenia,hsa-miR-186,-0.1465473473072052
Human T-Cell Leukemia Virus Type 1 Infections,hsa-miR-103-1,-0.15505698323249817
Angioedemas and Hereditary,hsa-miR-103-1,-0.15519259870052338
Fluoride Poisoning,hsa-miR-2964a-5p,-0.16904900968074799
Fluoride Poisoning,hsa-miR-1296,-0.1699228435754776
Airway Obstruction,hsa-miR-3683,-0.17274482548236847
Dilated Cardiomyopathy ,mmu-miR-691,-0.17634916305541992
Reperfusion Injury and Steatotic Liver Ischemia,hsa-miR-3156,-0.1768340766429901
Inflammation and Chronic,hsa-miR-4432,-0.1786167323589325
Spinal Dysraphism,hsa-miR-1178-5p,-0.17883870005607605
Peripheral Vascular Diseases,hsa-miR-133b,-0.17907443642616272
Pleomorphic Sarcoma and Undifferentiated,hsa-miR-4433-5p,-0.1797514110803604
Vitelliform Macular Dystrophy,hsa-miR-411*,-0.17976856231689453
Inflammation and Chronic,hsa-miR-337-5p,-0.18018418550491333
Neutropenia,hsa-miR-181b-1,-0.1804441511631012
Brugada Syndrome,hsa-miR-3144-3p,-0.18084970116615295
Fluoride Poisoning,hsa-miR-199a-3p,-0.18132393062114716
Chediak-Higashi Syndrome,hsa-miR-432-5p,-0.1814994364976883
Airway Obstruction,hsa-miR-3143,-0.18430095911026
Posterior Segment Ocular Diseases,hsa-miR-3926,-0.18852175772190094
Periodontitis and Diabetic,hsa-miR-151a-3p,-0.19189698994159698
Scleral Diseases,hsa-miR-223*,-0.19237148761749268
Venous Neointimal Hyperplasia,hsa-miR-223*,-0.19278404116630554
Intra-Articular Fractures,hsa-miR-4297,-0.19398128986358643
Nevi and Melanomas,hsa-miR-135b*,-0.19414061307907104
X-linked spermatogenic failure 1,hsa-miR-378i,-0.20264588296413422
McDonough syndrome,hsa-miR-2909,-0.2089395672082901
Lattice corneal dystrophy type 1,hsa-miR-3163,-0.20996907353401184
Parvoviridae Infections,hsa-miR-3180-3p,-0.21143941581249237
Tricuspid Valve Insufficiency,hsa-miR-3120-5p,-0.21229639649391174
Autoimmune Diseases of the Nervous System,hsa-miR-3120-5p,-0.21244892477989197
Hypoglycemia,hsa-miR-1915,-0.2128148376941681
Sezary Syndrome,hsa-miR-30e-3p,-0.21342167258262634
Periodontitis and Diabetic,hsa-miR-3912-3p,-0.21874946355819702
Inflammation and Chronic,hsa-miR-1185-5p,-0.21897462010383606
Pasteurella Multocida Infections,hsa-miR-3119,-0.22184821963310242
Motor Neuron Disease,hsa-let-7d-v2,-0.22854985296726227
Spinal Cord Compression,hsa-let-7a-2*,-0.22884240746498108
Tibial Neuropathy,hsa-miR-328-1,-0.2329539954662323
Brugada Syndrome,hsa-miR-101-3p,-0.23664170503616333
Wound Infection,hsa-miR-101-3p,-0.23683381080627441
Respiratory Sounds,hsa-miR-2114-5p,-0.23690728843212128
Reperfusion Injury and Steatotic Liver Ischemia,hsa-miR-3195,-0.23989900946617126
Intra-Articular Fractures,hsa-miR-142-5p,-0.2506899833679199
Polyposis Syndrome and Hereditary Mixed and 1,hsa-miR-1255a,-0.2591089606285095
Reperfusion Injury and Testicular Ischemia,hsa-miR-3200-3p,-0.2602701783180237
Lattice corneal dystrophy type 1,hsa-miR-1243,-0.2605990171432495
Reperfusion Injury and Testicular Ischemia,hsa-miR-3910,-0.26902398467063904
Posterior Segment Ocular Diseases,hsa-let-7e-5p,-0.2692158818244934
Inflammation and Chronic,hsa-miR-3180-5p,-0.2744072675704956
Spinal Cord Compression,hsa-miR-3929,-0.2762986421585083
Bile Duct Neoplasms,hsa-miR-3929,-0.27644407749176025
Multiple Mitochondrial Dysfunctions Syndrome,hsa-miR-24-1*,-0.27764636278152466
Amebiasis,hsa-miR-421,-0.2802101671695709
Equine Infectious Anemia,hsa-miR-421,-0.28069284558296204
Testicular Neoplasms,hsa-miR-205-5p,-0.2853618264198303
Equine Infectious Anemia,hsa-miR-205-5p,-0.2858675718307495
Reperfusion Injury and Testicular Ischemia,hsa-miR-4485-3p,-0.285928875207901
Encephalitis and Tick-Borne,hsa-miR-205-5p,-0.2860880494117737
Iridocorneal Endothelial Syndrome,hsa-miR-339-5p,-0.2955988645553589
Papilloma and Inverted,hsa-miR-381,-0.31630879640579224
Intra-Articular Fractures,hsa-miR-1-3p,-0.34721171855926514
Intra-Articular Fractures,hsa-miR-196-1,-0.3499941825866699
Polyposis Syndrome and Hereditary Mixed and 1,hsa-miR-1227-5p,-0.35133737325668335
Angioedemas and Hereditary,hsa-miR-1227-5p,-0.35154205560684204
Classical Swine Fever,hsa-miR-1227-5p,-0.3517751097679138
Intra-Articular Fractures,hsa-miR-192-5p,-0.3744279444217682
Nevi and Melanomas,hsa-miR-220a,-0.3898567855358124
Urinary Calculi,hsa-miR-27a,-0.4169781804084778
Granulomatous Disease and Chronic,hsa-miR-4433b-3p,-0.4169793128967285
Granulomatous Disease and Chronic,hsa-miR-412-3p,-0.4169802665710449
Granulomatous Disease and Chronic,hsa-miR-144,-0.41698157787323
UV-Sensitive Syndrome,hsa-miR-3688-5p,-0.4170765280723572
Meniscus Degeneration,hsa-miR-4295,-0.4172784686088562
Diminished  Ovarian Reserve,hsa-miR-4319,-0.4172956943511963
Swine Diseases,hsa-miR-431,-0.41731107234954834
Myeloma Bone Disease,hsa-miR-365-1,-0.41731947660446167
Myeloma Bone Disease,hsa-miR-33b*,-0.41731977462768555
Amebiasis,EBV-miR-BART4,-0.41734427213668823
Inflammation and Chronic,hsa-miR-4490,-0.41741490364074707
Diminished  Ovarian Reserve,hsa-miR-2276,-0.4174381494522095
Phyllodes Tumor and Breast,hsa-miR-3935,-0.41744768619537354
Phyllodes Tumor and Breast,hsa-miR-135a-2,-0.41744792461395264
Lattice corneal dystrophy type 1,hsa-miR-222*,-0.4174795150756836
Lattice corneal dystrophy type 1,hsa-let-7d-5p,-0.4174804091453552
Reperfusion Injury and Testicular Ischemia,hsa-miR-323b-5p,-0.41751182079315186
Reperfusion Injury and Testicular Ischemia,hsa-miR-302a-3p,-0.4175134301185608
Reperfusion Injury and Testicular Ischemia,mmu-miR-704,-0.41752004623413086
Reperfusion Injury and Testicular Ischemia,hsa-miR-185-3p,-0.417522668838501
Diminished  Ovarian Reserve,hsa-miR-4295,-0.41752541065216064
Reperfusion Injury and Testicular Ischemia,hsa-miR-3545-3p,-0.41752761602401733
Reperfusion Injury and Testicular Ischemia,hsa-miR-153-3p,-0.41753530502319336
Hereditary Autoinflammatory Diseases,hsa-miR-1252,-0.4176011085510254
Posterior Segment Ocular Diseases,hsa-miR-3927,-0.4176449775695801
Posterior Segment Ocular Diseases,hsa-miR-4466,-0.41764509677886963
Posterior Segment Ocular Diseases,hsa-miR-1205,-0.4176456928253174
Primary Gastrointestinal Diffuse Large B-Cell Lymphoma ,hsa-miR-1287-5p,-0.4177067279815674
Nevi and Melanomas,hsa-miR-1306-3p,-0.4177132248878479
Uveomeningoencephalitic Syndrome,hsa-miR-4266,-0.4177197217941284
Diminished  Ovarian Reserve,hsa-miR-4440,-0.41773003339767456
Renal Artery Obstruction,hsa-miR-3201,-0.41774505376815796
Angioedemas and Hereditary,hsa-miR-4419a,-0.41775190830230713
Angioedemas and Hereditary,hsa-miR-199a-2,-0.4177730679512024
Tibial Neuropathy,EBV-miR-BART4,-0.4178377389907837
Myeloma Bone Disease,mmu-miR-759,-0.4178417921066284
Posterior Segment Ocular Diseases,hsa-miR-199a-3p/hsa-miR-199b-3p,-0.4178566336631775
transient infantile liver failure,hsa-miR-3616-3p,-0.4178769588470459
Splenic Neoplasms,hsa-miR-4468,-0.4179181456565857
Splenic Neoplasms,hsa-mir-8073,-0.4179227948188782
Spinal Cord Compression,hsa-miR-3673,-0.4180084466934204
Spinal Cord Compression,hsa-miR-4514,-0.4180353879928589
Reperfusion Injury and Testicular Ischemia,hsa-miR-377,-0.41805708408355713
Posterior Segment Ocular Diseases,hsa-miR-32-3p,-0.41812390089035034
Prethrombotic State,hsa-miR-148b,-0.4182025194168091
Reperfusion Injury and Testicular Ischemia,hsa-miR-1915-3p,-0.4182403087615967
Adenocarcinoma Of Esophagus,hsa-miR-129-3p,-0.41824793815612793
Polyposis Syndrome and Hereditary Mixed and 1,hsa-miR-1229-5p,-0.4182742238044739
Chediak-Higashi Syndrome,EBV-miR-BHRF1-1,-0.41835010051727295
Reperfusion Injury and Testicular Ischemia,hsa-miR-349,-0.4186326265335083
Scleral Diseases,hsa-miR-3684,-0.4190366864204407
Renal Artery Obstruction,hsa-miR-374b-3p,-0.4190382957458496
Polyposis Syndrome and Hereditary Mixed and 1,hsa-miR-1224-3p,-0.4190908670425415
Juvenile gout,hsa-miR-378,-0.4218350052833557
Canavan Disease,hsa-miR-187-5p,-0.44329339265823364
Reperfusion Injury and Testicular Ischemia,hsa-miR-3660,-0.44351327419281006
UV-Sensitive Syndrome,hsa-miR-1184,-0.44361287355422974
UV-Sensitive Syndrome,hsa-miR-1265,-0.4436163902282715
Renal Artery Obstruction,hsa-miR-323a-5p,-0.44366395473480225
Myotonic Dystrophy,hsa-miR-296-5p,-0.4436941146850586
Gluteal Muscle   Contracture,hsa-let-7b,-0.4436991810798645
Liposarcoma and Myxoid,hsa-miR-141-3p,-0.4437430500984192
Nevi and Melanomas,hsa-miR-135a-3p,-0.44375497102737427
Nevi and Melanomas,hsa-miR-1538,-0.44375669956207275
Gluteal Muscle   Contracture,hsa-miR-2054,-0.4438120126724243
Chronic  Rhinosinusitis With Nasal Polyps,hsa-miR-4421,-0.4438292384147644
Tibial Neuropathy,hsa-miR-128-3p,-0.44384342432022095
Myeloma Bone Disease,hsa-miR-4278,-0.4438846707344055
Myeloma Bone Disease,hsa-miR-124a-3,-0.44388532638549805
Myeloma Bone Disease,hsa-miR-378g,-0.4438857436180115
Wound Infection,hsa-miR-3180@,-0.44389867782592773
Peripheral Vascular Diseases,hsa-miR-21,-0.4439050555229187
Ileus and Post-Operative,hsa-miR-3667-5p,-0.4439154267311096
Rhabdoid Tumor and Kidney,hsa-miR-3682,-0.4439184069633484
Inflammation and Chronic,hsa-miR-29b,-0.4439299702644348
Granulomatous Disease and Chronic,hsa-miR-2054,-0.4439545273780823
Periprosthetic Osteolysis ,hsa-miR-3200,-0.44397199153900146
Neonatal Encephalopathy,hsa-miR-302c-3p,-0.4439723491668701
Posterior Segment Ocular Diseases,hsa-miR-23b-3p,-0.4440081715583801
Wound Infection,hsa-miR-1300,-0.44401055574417114
Chronic  Rhinosinusitis With Nasal Polyps,hsa-miR-191-5p,-0.4440162777900696
Venous Neointimal Hyperplasia,hsa-miR-1909*,-0.44402366876602173
Tricuspid Valve Insufficiency,hsa-miR-23b-5p,-0.4440261721611023
Phyllodes Tumor and Breast,hsa-miR-3183,-0.4440287947654724
Reperfusion Injury and Testicular Ischemia,hsa-miR-376a,-0.44410449266433716
Reperfusion Injury and Testicular Ischemia,hsa-miR-3607-3p,-0.4441055655479431
Reperfusion Injury and Testicular Ischemia,hsa-miR-1185-1,-0.44410884380340576
Reperfusion Injury and Testicular Ischemia,hsa-miR-4290,-0.44411003589630127
Inflammation and Chronic,hsa-miR-23b-3p,-0.4441368579864502
Neutropenia,hsa-miR-214-3p,-0.44414377212524414
Neutropenia,hsa-miR-33a,-0.44415026903152466
Small-Bowel  Neuroendocrine Tumor,hsa-miR-29a-3p,-0.4441787600517273
Uveomeningoencephalitic Syndrome,hsa-miR-374b,-0.4442076086997986
Neuropathic Allodynia,hsa-miR-129*,-0.4442428946495056
Posterior Segment Ocular Diseases,hsa-miR-122*,-0.44425296783447266
Posterior Segment Ocular Diseases,hsa-miR-433-3p,-0.44425463676452637
Reperfusion Injury and Testicular Ischemia,hsa-let-7f-5p,-0.44427019357681274
Neutropenia,hsa-miR-374b,-0.44427740573883057
Angioedemas and Hereditary,hsa-miR-1226-3p,-0.44428741931915283
Diminished  Ovarian Reserve,hsa-miR-193b-3p,-0.4443376660346985
Angioedemas and Hereditary,hsa-miR-208b-5p,-0.4443681836128235
Angioedemas and Hereditary,hsa-miR-155,-0.4443684220314026
Giardiasis,hsa-miR-1268b,-0.44438493251800537
Pneumoconiosis,hsa-miR-2278,-0.4444233775138855
Fibrosis and Airway,hsa-miR-376c-3p,-0.44442427158355713
Rhabdoviridae Infections,hsa-miR-1276,-0.4444315433502197
Ischemic Stroke and Cerebral,hsa-miR-344,-0.4444435238838196
Nevi and Melanomas,hsa-miR-199a,-0.44468623399734497
Human T-Cell Leukemia Virus Type 1 Infections,hsa-miR-24,-0.444749116897583
Deglutition Disorders,hsa-miR-1273d,-0.4448716640472412
Polyposis Syndrome and Hereditary Mixed and 1,hsa-miR-33b-5p,-0.44492578506469727
maturity-onset diabetes of the young type 3,hsa-miR-20a-5p,-0.44494950771331787
T-cell leukemia,hsa-miR-33a-5p,-0.44498002529144287
Adrenocortical Adenoma,hsa-miR-125b-1-3p,-0.4450001120567322
Scleral Diseases,hsa-miR-3689a-3p,-0.4451026916503906
Scleral Diseases,hsa-miR-1259,-0.4451066851615906
Scleral Diseases,rno-miR-340-3p,-0.44510823488235474
Amebiasis,hsa-miR-4289,-0.4451320171356201
Amebiasis,hsa-miR-181d-3p,-0.4451327919960022
Amebiasis,EBV-miR-BART15,-0.445137083530426
Amebiasis,hsa-miR-142,-0.44513893127441406
D-bifunctional protein deficiency,hsa-miR-4260,-0.4600434899330139
Iridocorneal Endothelial Syndrome,hsa-miR-25-5p,-0.47933346033096313
Reperfusion Injury and Steatotic Liver Ischemia,hsa-miR-3169,-0.5004468560218811
Reperfusion Injury and Steatotic Liver Ischemia,hsa-miR-4309,-0.5004515051841736
 Lymph  Node Metastasis,hsa-miR-380-3p,-0.8489601612091064
Radiation-Induced Oral Mucositis,mmu-miR-7a,-1.0790616273880005
